{"type":"FeatureCollection","features":[{"type":"Feature","geometry":{"type":"LineString","coordinates":[[-122.31121671141494,37.86505376051329],[-122.3111207115321,37.86503576053755],[-122.31110916642986,37.865034046315444],[-122.31109746913208,37.86503320054163],[-122.31108572334566,37.86503323071464],[-122.31107403320733,37.865034136566955],[-122.3109960333087,37.86504313655619],[-122.31098828063428,37.86504423020126],[-122.31008428177014,37.86519523001722]]},"properties":{"id":"8R","street":"UNIVERSITY AVE","side":"R","pavement_ft":72,"width_ft":16.7,"width_source":"gis","path_ft":10,"depth_ft":2.2,"zone":"SP","district":"Specific Plan (Waterfront)","cat":"other","zone_dist_m":48.0,"campable_zone":false,"count":0,"placement":null}},{"type":"Feature","geometry":{"type":"LineString","coordinates":[[-122.31127558049805,37.865229423036496],[-122.3111885804937,37.86529742310038],[-122.31117939064795,37.86530392863063],[-122.31116943614273,37.86530968376443],[-122.31115881407887,37.86531463236345],[-122.31103581397119,37.86536563242207],[-122.31102006393735,37.865371102642406],[-122.31085806375789,37.86541710269784],[-122.31085207909199,37.865418667995954],[-122.31037991026449,37.86553176239954]]},"properties":{"id":"9L","street":"UNIVERSITY AVE","side":"L","pavement_ft":72,"width_ft":12.7,"width_source":"gis","path_ft":6,"depth_ft":2.2,"zone":"SP","district":"Specific Plan (Waterfront)","cat":"other","zone_dist_m":19.7,"campable_zone":false,"count":0,"placement":null}},{"type":"Feature","geometry":{"type":"LineString","coordinates":[[-122.29528104077885,37.87503040236282],[-122.29411004003758,37.87525440250322]]},"properties":{"id":"10L","street":"CEDAR ST","side":"L","pavement_ft":37,"width_ft":10.3,"width_source":"gis","path_ft":6,"depth_ft":-0.2,"zone":"C-W","district":"West Berkeley Commercial","cat":"com","zone_dist_m":4.8,"campable_zone":true,"count":0,"placement":null}},{"type":"Feature","geometry":{"type":"LineString","coordinates":[[-122.29525095924076,37.874931597635054],[-122.29407995998203,37.87515559749464]]},"properties":{"id":"10R","street":"CEDAR ST","side":"R","pavement_ft":37,"width_ft":11.8,"width_source":"gis","path_ft":6,"depth_ft":1.3,"zone":"C-W","district":"West Berkeley Commercial","cat":"com","zone_dist_m":3.3,"campable_zone":true,"count":0,"placement":null}},{"type":"Feature","geometry":{"type":"LineString","coordinates":[[-122.30043950040881,37.86611689599664],[-122.30026250030107,37.86615289601858]]},"properties":{"id":"12L","street":"ADDISON ST","side":"L","pavement_ft":36,"width_ft":7.0,"width_source":"gis","path_ft":6,"depth_ft":-3.5,"zone":"C-W","district":"West Berkeley Commercial","cat":"com","zone_dist_m":3.5,"campable_zone":true,"count":0,"placement":null}},{"type":"Feature","geometry":{"type":"LineString","coordinates":[[-122.30040849961078,37.86602110400112],[-122.30023149971858,37.86605710397915]]},"properties":{"id":"12R","street":"ADDISON ST","side":"R","pavement_ft":36,"width_ft":9.3,"width_source":"gis","path_ft":6,"depth_ft":-1.2,"zone":"MULI","district":"Mixed Use-Light Industrial","cat":"man","zone_dist_m":3.4,"campable_zone":true,"count":0,"placement":null}},{"type":"Feature","geometry":{"type":"LineString","coordinates":[[-122.30026236485905,37.866152923437795],[-122.29945836436863,37.86631492353662]]},"properties":{"id":"13L","street":"ADDISON ST","side":"L","pavement_ft":36,"width_ft":8.8,"width_source":"gis","path_ft":6,"depth_ft":-1.7,"zone":"C-W","district":"West Berkeley Commercial","cat":"com","zone_dist_m":3.3,"campable_zone":true,"count":0,"placement":null}},{"type":"Feature","geometry":{"type":"LineString","coordinates":[[-122.3002316351604,37.86605707655997],[-122.2994276356508,37.866219076461185]]},"properties":{"id":"13R","street":"ADDISON ST","side":"R","pavement_ft":36,"width_ft":10.9,"width_source":"gis","path_ft":6,"depth_ft":0.4,"zone":"MULI","district":"Mixed Use-Light Industrial","cat":"man","zone_dist_m":3.9,"campable_zone":true,"count":0,"placement":null}},{"type":"Feature","geometry":{"type":"LineString","coordinates":[[-122.29182097067175,37.86819781129156],[-122.290371969737,37.86838381140343]]},"properties":{"id":"14L","street":"ADDISON ST","side":"L","pavement_ft":36,"width_ft":11.3,"width_source":"gis","path_ft":6,"depth_ft":0.8,"zone":"C-U","district":"University Avenue Commercial","cat":"com","zone_dist_m":4.3,"campable_zone":true,"count":0,"placement":null}},{"type":"Feature","geometry":{"type":"LineString","coordinates":[[-122.29180102934087,37.868100188707324],[-122.2903520302757,37.86828618859547]]},"properties":{"id":"14R","street":"ADDISON ST","side":"R","pavement_ft":36,"width_ft":12.5,"width_source":"gis","path_ft":6,"depth_ft":2.0,"zone":"R-3","district":"Multiple-Family Residential","cat":"res","zone_dist_m":4.2,"campable_zone":false,"count":0,"placement":null}},{"type":"Feature","geometry":{"type":"LineString","coordinates":[[-122.29771251302635,37.867889897769516],[-122.29798451290095,37.8677708978447],[-122.29799191502059,37.867768098762525],[-122.29799968240333,37.86776601244186],[-122.29831148417763,37.86769827276176],[-122.29857629852415,37.86763256694678],[-122.29858013460019,37.86763171031851],[-122.29876113447722,37.867595710342904]]},"properties":{"id":"19L","street":"UNIVERSITY AVE","side":"L","pavement_ft":40,"width_ft":5.0,"width_source":"default","path_ft":6,"depth_ft":-5.5,"zone":"C-W","district":"West Berkeley Commercial","cat":"com","zone_dist_m":1.2,"campable_zone":true,"count":0,"placement":null}},{"type":"Feature","geometry":{"type":"LineString","coordinates":[[-122.31781644303912,37.865813943752784],[-122.31778544273908,37.8653549437625]]},"properties":{"id":"30R","street":"SEAWALL DR","side":"R","pavement_ft":28,"width_ft":22.3,"width_source":"gis","path_ft":10,"depth_ft":7.8,"zone":"U","district":"Unclassified","cat":"other","zone_dist_m":0.0,"campable_zone":false,"count":0,"placement":null}},{"type":"Feature","geometry":{"type":"LineString","coordinates":[[-122.31778544100887,37.865354918301996],[-122.31775344070297,37.864886918312074]]},"properties":{"id":"31R","street":"SEAWALL DR","side":"R","pavement_ft":28,"width_ft":23.2,"width_source":"gis","path_ft":10,"depth_ft":8.7,"zone":"U","district":"Unclassified","cat":"other","zone_dist_m":0.0,"campable_zone":false,"count":0,"placement":null}},{"type":"Feature","geometry":{"type":"LineString","coordinates":[[-122.30169228258434,37.865762361947155],[-122.30209128234557,37.86567436200077]]},"properties":{"id":"32L","street":"ADDISON ST","side":"L","pavement_ft":36,"width_ft":10.6,"width_source":"gis","path_ft":6,"depth_ft":0.1,"zone":"MULI","district":"Mixed Use-Light Industrial","cat":"man","zone_dist_m":3.2,"campable_zone":true,"count":0,"placement":null}},{"type":"Feature","geometry":{"type":"LineString","coordinates":[[-122.30172571743678,37.865857638050294],[-122.30212471767555,37.86576963799667]]},"properties":{"id":"32R","street":"ADDISON ST","side":"R","pavement_ft":36,"width_ft":9.8,"width_source":"gis","path_ft":6,"depth_ft":-0.7,"zone":"C-W","district":"West Berkeley Commercial","cat":"com","zone_dist_m":4.2,"campable_zone":true,"count":0,"placement":null}},{"type":"Feature","geometry":{"type":"LineString","coordinates":[[-122.3029494713118,37.865436934518],[-122.30298147123302,37.86553893453347]]},"properties":{"id":"53R","street":"I80 EAST (OFF RAMP) UNIV","side":"R","pavement_ft":36,"width_ft":15.3,"width_source":"default","path_ft":10,"depth_ft":0.8,"zone":"U","district":"Unclassified","cat":"other","zone_dist_m":7.7,"campable_zone":false,"count":0,"placement":null}},{"type":"Feature","geometry":{"type":"LineString","coordinates":[[-122.30206001983476,37.8657378465708],[-122.30195701994109,37.8655418465304]]},"properties":{"id":"54L","street":"BOLIVAR DR","side":"L","pavement_ft":30,"width_ft":8.5,"width_source":"default","path_ft":6,"depth_ft":-2.0,"zone":"MULI","district":"Mixed Use-Light Industrial","cat":"man","zone_dist_m":0.0,"campable_zone":true,"count":0,"placement":null}},{"type":"Feature","geometry":{"type":"LineString","coordinates":[[-122.30215598014497,37.865706153409384],[-122.30205298003858,37.865510153449804]]},"properties":{"id":"54R","street":"BOLIVAR DR","side":"R","pavement_ft":30,"width_ft":27.9,"width_source":"default","path_ft":10,"depth_ft":13.4,"zone":"U","district":"Unclassified","cat":"other","zone_dist_m":0.0,"campable_zone":false,"count":0,"placement":null}},{"type":"Feature","geometry":{"type":"LineString","coordinates":[[-122.31158111503073,37.86599749227249],[-122.31116482062977,37.865547497509354],[-122.31107429617575,37.865479604136056],[-122.3110148702222,37.86544989115207],[-122.31093014896045,37.865426860128416],[-122.31080512411428,37.86542597966795],[-122.31062135762342,37.86544895047563],[-122.3103238837044,37.86550447893645]]},"properties":{"id":"56L","street":"UNIVERSITY AVE","side":"L","pavement_ft":40,"width_ft":17.2,"width_source":"default","path_ft":10,"depth_ft":2.7,"zone":"U","district":"Unclassified","cat":"other","zone_dist_m":12.8,"campable_zone":false,"count":0,"placement":null}},{"type":"Feature","geometry":{"type":"LineString","coordinates":[[-122.2874374276701,37.86970391262907],[-122.28724642843015,37.868769912538035]]},"properties":{"id":"58L","street":"BONAR ST","side":"L","pavement_ft":36,"width_ft":9.4,"width_source":"gis","path_ft":6,"depth_ft":-1.1,"zone":"C-U","district":"University Avenue Commercial","cat":"com","zone_dist_m":3.0,"campable_zone":true,"count":0,"placement":null}},{"type":"Feature","geometry":{"type":"LineString","coordinates":[[-122.28756057231725,37.86968808733858],[-122.28736957155715,37.86875408742961]]},"properties":{"id":"58R","street":"BONAR ST","side":"R","pavement_ft":36,"width_ft":16.0,"width_source":"gis","path_ft":10,"depth_ft":1.5,"zone":"C-U","district":"University Avenue Commercial","cat":"com","zone_dist_m":4.7,"campable_zone":true,"count":0,"placement":null}},{"type":"Feature","geometry":{"type":"LineString","coordinates":[[-122.2872464582857,37.868770057178175],[-122.28724145830522,37.868746057175805]]},"properties":{"id":"59L","street":"BONAR ST","side":"L","pavement_ft":36,"width_ft":27.4,"width_source":"gis","path_ft":10,"depth_ft":12.9,"zone":"R-2A","district":"Multi-Unit 2A","cat":"res","zone_dist_m":9.2,"campable_zone":false,"count":0,"placement":null}},{"type":"Feature","geometry":{"type":"LineString","coordinates":[[-122.2873695417014,37.8687539427895],[-122.28736454168188,37.86872994279189]]},"properties":{"id":"59R","street":"BONAR ST","side":"R","pavement_ft":36,"width_ft":29.3,"width_source":"gis","path_ft":10,"depth_ft":14.8,"zone":"R-2A","district":"Multi-Unit 2A","cat":"res","zone_dist_m":9.9,"campable_zone":false,"count":0,"placement":null}},{"type":"Feature","geometry":{"type":"LineString","coordinates":[[-122.28574443340231,37.87267106376133],[-122.28463443244812,37.87281506387683]]},"properties":{"id":"60L","street":"DELAWARE ST","side":"L","pavement_ft":48,"width_ft":16.9,"width_source":"gis","path_ft":10,"depth_ft":2.4,"zone":"R-2","district":"Multi-Unit 2","cat":"res","zone_dist_m":5.5,"campable_zone":false,"count":0,"placement":null}},{"type":"Feature","geometry":{"type":"LineString","coordinates":[[-122.2857175666204,37.87254093623667],[-122.28460756757464,37.872684936121175]]},"properties":{"id":"60R","street":"DELAWARE ST","side":"R","pavement_ft":48,"width_ft":15.7,"width_source":"gis","path_ft":10,"depth_ft":1.2,"zone":"R-2","district":"Multi-Unit 2","cat":"res","zone_dist_m":5.2,"campable_zone":false,"count":0,"placement":null}},{"type":"Feature","geometry":{"type":"LineString","coordinates":[[-122.28456269447557,37.872743309773234],[-122.28458258132365,37.872634406083726],[-122.28442650110354,37.871595522627494]]},"properties":{"id":"61L","street":"ACTON ST","side":"L","pavement_ft":34,"width_ft":10.4,"width_source":"gis","path_ft":6,"depth_ft":-0.1,"zone":"R-2","district":"Multi-Unit 2","cat":"res","zone_dist_m":3.3,"campable_zone":false,"count":0,"placement":null}},{"type":"Feature","geometry":{"type":"LineString","coordinates":[[-122.28467930553546,37.87275669019799],[-122.28470030544705,37.872641690186825],[-122.28470081969887,37.87263762890587],[-122.28470088461692,37.87263354754236],[-122.28470049970538,37.87262947727453],[-122.2845434988882,37.87158447734334]]},"properties":{"id":"61R","street":"ACTON ST","side":"R","pavement_ft":34,"width_ft":15.5,"width_source":"gis","path_ft":10,"depth_ft":1.0,"zone":"R-2","district":"Multi-Unit 2","cat":"res","zone_dist_m":5.1,"campable_zone":false,"count":0,"placement":null}},{"type":"Feature","geometry":{"type":"LineString","coordinates":[[-122.30468191037498,37.871184664831276],[-122.30519090912539,37.872974665050045]]},"properties":{"id":"62R","street":"EASTSHORE HWY","side":"R","pavement_ft":32,"width_ft":9.1,"width_source":"gis","path_ft":6,"depth_ft":-1.4,"zone":"M","district":"Manufacturing","cat":"man","zone_dist_m":3.0,"campable_zone":true,"count":0,"placement":null}},{"type":"Feature","geometry":{"type":"LineString","coordinates":[[-122.28463435833386,37.87281228867027],[-122.28350635740738,37.872964288787344]]},"properties":{"id":"63L","street":"DELAWARE ST","side":"L","pavement_ft":46,"width_ft":19.3,"width_source":"gis","path_ft":10,"depth_ft":4.8,"zone":"R-BMU","district":"Residential BART Mixed Use","cat":"mixres","zone_dist_m":6.3,"campable_zone":true,"count":0,"placement":null}},{"type":"Feature","geometry":{"type":"LineString","coordinates":[[-122.28460764168783,37.87268771132779],[-122.2834796426143,37.8728397112107]]},"properties":{"id":"63R","street":"DELAWARE ST","side":"R","pavement_ft":46,"width_ft":16.9,"width_source":"gis","path_ft":10,"depth_ft":2.4,"zone":"R-2","district":"Multi-Unit 2","cat":"res","zone_dist_m":5.5,"campable_zone":false,"count":0,"placement":null}},{"type":"Feature","geometry":{"type":"LineString","coordinates":[[-122.29749697888771,37.87457321696215],[-122.29639397819767,37.87479821710321]]},"properties":{"id":"65L","street":"CEDAR ST","side":"L","pavement_ft":37,"width_ft":9.7,"width_source":"gis","path_ft":6,"depth_ft":-0.8,"zone":"R-2","district":"Multi-Unit 2","cat":"res","zone_dist_m":4.5,"campable_zone":false,"count":0,"placement":null}},{"type":"Feature","geometry":{"type":"LineString","coordinates":[[-122.2974650211331,37.874474783035474],[-122.2963620218231,37.874699782894425]]},"properties":{"id":"65R","street":"CEDAR ST","side":"R","pavement_ft":37,"width_ft":13.7,"width_source":"gis","path_ft":6,"depth_ft":3.2,"zone":"R-2","district":"Multi-Unit 2","cat":"res","zone_dist_m":4.8,"campable_zone":false,"count":0,"placement":null}},{"type":"Feature","geometry":{"type":"LineString","coordinates":[[-122.31425259447698,37.86366028155888],[-122.31406459400345,37.863049281649886],[-122.31406259061166,37.863044047274286],[-122.31405987021311,37.86303902035914],[-122.3140564660991,37.863034262421635],[-122.3140264660833,37.86299726243469],[-122.3140231250546,37.86299353311341],[-122.31401936363169,37.86299006451688],[-122.31401521400352,37.86298688632808],[-122.31401071168109,37.86298402574479],[-122.31400589519369,37.86298150724678],[-122.31400080575904,37.862979352386475],[-122.31394780578341,37.862959352398626],[-122.31394210963236,37.862957470929494],[-122.31393620685024,37.862956044909495],[-122.3139301552163,37.8629550882972],[-122.31386215526008,37.862947088302846],[-122.31385594070157,37.86294660768087],[-122.31384969667013,37.862946622089595],[-122.31384348574605,37.86294713138461],[-122.3138373701777,37.86294813046154],[-122.31295537071365,37.86312913035108],[-122.31294998816743,37.86313044310845],[-122.31294477691705,37.863132135414396],[-122.31293977944644,37.863134193472646],[-122.31293503649674,37.86313660050518],[-122.31293058673421,37.86313933688902],[-122.3128875867407,37.8631683368745],[-122.31288382890166,37.86317108965709],[-122.31288036830354,37.86317407736238],[-122.3128772282338,37.8631772798852],[-122.31283222821757,37.863227279865875],[-122.31282876363608,37.86323158312475],[-122.31282587717642,37.8632361466508],[-122.31282359960638,37.8632409218],[-122.3128219552034,37.863245857672595],[-122.31282096149576,37.86325090165558],[-122.31282062907589,37.8632559999836],[-122.31282062904975,37.863286999983345]]},"properties":{"id":"87R","street":"CAL SAILING LOOP","side":"R","pavement_ft":36,"width_ft":33.2,"width_source":"default","path_ft":10,"depth_ft":18.7,"zone":"U","district":"Unclassified","cat":"other","zone_dist_m":0.0,"campable_zone":false,"count":0,"placement":null}},{"type":"Feature","geometry":{"type":"LineString","coordinates":[[-122.30240014547282,37.86710502664353],[-122.3021391452449,37.86716002669198]]},"properties":{"id":"90L","street":"UNIVERSITY AVE OVERPASS","side":"L","pavement_ft":52,"width_ft":22.5,"width_source":"gis","path_ft":10,"depth_ft":8.0,"zone":"MULI","district":"Mixed Use-Light Industrial","cat":"man","zone_dist_m":8.3,"campable_zone":true,"count":0,"placement":null}},{"type":"Feature","geometry":{"type":"LineString","coordinates":[[-122.30235385456946,37.86696697335154],[-122.30209285479732,37.86702197330309]]},"properties":{"id":"90R","street":"UNIVERSITY AVE OVERPASS","side":"R","pavement_ft":52,"width_ft":26.0,"width_source":"gis","path_ft":10,"depth_ft":11.5,"zone":"MULI","district":"Mixed Use-Light Industrial","cat":"man","zone_dist_m":8.0,"campable_zone":true,"count":0,"placement":null}},{"type":"Feature","geometry":{"type":"LineString","coordinates":[[-122.3023936298157,37.86708365737564],[-122.30262048871953,37.86703390761678],[-122.30307333660768,37.866949123318754]]},"properties":{"id":"91R","street":"UNIVERSITY AVE OVERPASS","side":"R","pavement_ft":36,"width_ft":31.2,"width_source":"default","path_ft":10,"depth_ft":16.7,"zone":"MULI","district":"Mixed Use-Light Industrial","cat":"man","zone_dist_m":10.4,"campable_zone":true,"count":0,"placement":null}},{"type":"Feature","geometry":{"type":"LineString","coordinates":[[-122.30234970426628,37.86696680164193],[-122.30249470419419,37.866915801672015],[-122.30249737304504,37.86691492106812],[-122.30282833925031,37.86681278314702],[-122.30290532063809,37.86677296519593],[-122.30298331881905,37.866714942179]]},"properties":{"id":"92L","street":"I80 EAST (OFF RAMP) UNIV","side":"L","pavement_ft":36,"width_ft":24.6,"width_source":"default","path_ft":10,"depth_ft":10.1,"zone":"MULI","district":"Mixed Use-Light Industrial","cat":"man","zone_dist_m":7.6,"campable_zone":true,"count":0,"placement":null}},{"type":"Feature","geometry":{"type":"LineString","coordinates":[[-122.30310426829016,37.86706170982487],[-122.30304378706876,37.867053335502646],[-122.30290861520693,37.86705053884294],[-122.3025158067616,37.86709495184672],[-122.30250840132534,37.86709543472167],[-122.30250097600242,37.867095216054544],[-122.30237097591699,37.86708521604712]]},"properties":{"id":"93L","street":"I80 EAST (ON RAMP) UNIV","side":"L","pavement_ft":36,"width_ft":11.6,"width_source":"default","path_ft":6,"depth_ft":1.1,"zone":"MULI","district":"Mixed Use-Light Industrial","cat":"man","zone_dist_m":4.2,"campable_zone":true,"count":0,"placement":null}},{"type":"Feature","geometry":{"type":"LineString","coordinates":[[-122.30213467307095,37.867147605022886],[-122.30297767249469,37.86698560513269],[-122.30298413792244,37.866984617772594],[-122.30299069236546,37.866984121267976],[-122.30312269226765,37.866979121270695]]},"properties":{"id":"94L","street":"UNIVERSITY AVE","side":"L","pavement_ft":40,"width_ft":25.5,"width_source":"default","path_ft":10,"depth_ft":11.0,"zone":"MULI","district":"Mixed Use-Light Industrial","cat":"man","zone_dist_m":8.6,"campable_zone":true,"count":0,"placement":null}},{"type":"Feature","geometry":{"type":"LineString","coordinates":[[-122.30216732695206,37.867254394974594],[-122.30300390680107,37.86709362876677],[-122.30312930773667,37.86708887872875]]},"properties":{"id":"94R","street":"UNIVERSITY AVE","side":"R","pavement_ft":40,"width_ft":15.1,"width_source":"default","path_ft":10,"depth_ft":0.6,"zone":"MULI","district":"Mixed Use-Light Industrial","cat":"man","zone_dist_m":0.0,"campable_zone":true,"count":0,"placement":null}},{"type":"Feature","geometry":{"type":"LineString","coordinates":[[-122.29003280733251,37.87393583211995],[-122.2891928067898,37.87404183218362]]},"properties":{"id":"98L","street":"VIRGINIA ST","side":"L","pavement_ft":36,"width_ft":11.2,"width_source":"gis","path_ft":6,"depth_ft":0.7,"zone":"R-2","district":"Multi-Unit 2","cat":"res","zone_dist_m":4.4,"campable_zone":false,"count":0,"placement":null}},{"type":"Feature","geometry":{"type":"LineString","coordinates":[[-122.29001319267996,37.87383816787897],[-122.28917319322265,37.87394416781528]]},"properties":{"id":"98R","street":"VIRGINIA ST","side":"R","pavement_ft":36,"width_ft":14.5,"width_source":"gis","path_ft":10,"depth_ft":0.0,"zone":"R-2","district":"Multi-Unit 2","cat":"res","zone_dist_m":4.5,"campable_zone":false,"count":0,"placement":null}},{"type":"Feature","geometry":{"type":"LineString","coordinates":[[-122.29471669529656,37.87326605540737],[-122.2935456945759,37.87349105554458]]},"properties":{"id":"102L","street":"VIRGINIA ST","side":"L","pavement_ft":36,"width_ft":10.2,"width_source":"gis","path_ft":6,"depth_ft":-0.3,"zone":"C-W","district":"West Berkeley Commercial","cat":"com","zone_dist_m":4.2,"campable_zone":true,"count":0,"placement":null}},{"type":"Feature","geometry":{"type":"LineString","coordinates":[[-122.29468730472206,37.873169944590586],[-122.29351630544272,37.87339494445339]]},"properties":{"id":"102R","street":"VIRGINIA ST","side":"R","pavement_ft":36,"width_ft":12.0,"width_source":"gis","path_ft":6,"depth_ft":1.5,"zone":"R-2","district":"Multi-Unit 2","cat":"res","zone_dist_m":4.1,"campable_zone":false,"count":0,"placement":null}},{"type":"Feature","geometry":{"type":"LineString","coordinates":[[-122.29354075837762,37.873491838301966],[-122.29262475778562,37.87360683837105]]},"properties":{"id":"103L","street":"VIRGINIA ST","side":"L","pavement_ft":36,"width_ft":11.6,"width_source":"gis","path_ft":6,"depth_ft":1.1,"zone":"C-W","district":"West Berkeley Commercial","cat":"com","zone_dist_m":4.4,"campable_zone":true,"count":0,"placement":null}},{"type":"Feature","geometry":{"type":"LineString","coordinates":[[-122.29352124163476,37.87339416169695],[-122.29260524222677,37.87350916162783]]},"properties":{"id":"103R","street":"VIRGINIA ST","side":"R","pavement_ft":36,"width_ft":14.1,"width_source":"gis","path_ft":10,"depth_ft":-0.4,"zone":"C-W","district":"West Berkeley Commercial","cat":"com","zone_dist_m":4.7,"campable_zone":true,"count":0,"placement":null}},{"type":"Feature","geometry":{"type":"LineString","coordinates":[[-122.28866267218085,37.87508171803966],[-122.28715867121578,37.87528871816464]]},"properties":{"id":"104L","street":"LINCOLN ST","side":"L","pavement_ft":36,"width_ft":9.8,"width_source":"gis","path_ft":6,"depth_ft":-0.7,"zone":"R-2","district":"Multi-Unit 2","cat":"res","zone_dist_m":3.8,"campable_zone":false,"count":0,"placement":null}},{"type":"Feature","geometry":{"type":"LineString","coordinates":[[-122.28864132783269,37.874984281959115],[-122.28713732879778,37.87519128183411]]},"properties":{"id":"104R","street":"LINCOLN ST","side":"R","pavement_ft":36,"width_ft":15.1,"width_source":"gis","path_ft":10,"depth_ft":0.6,"zone":"R-2","district":"Multi-Unit 2","cat":"res","zone_dist_m":4.9,"campable_zone":false,"count":0,"placement":null}},{"type":"Feature","geometry":{"type":"LineString","coordinates":[[-122.3156664396861,37.86404801776488],[-122.31574343982594,37.86424001772784]]},"properties":{"id":"119L","street":"M DOCK","side":"L","pavement_ft":36,"width_ft":22.7,"width_source":"default","path_ft":10,"depth_ft":8.2,"zone":"U","district":"Unclassified","cat":"other","zone_dist_m":0.7,"campable_zone":false,"count":0,"placement":null}},{"type":"Feature","geometry":{"type":"LineString","coordinates":[[-122.31554756029026,37.86407798220483],[-122.31562456015041,37.86426998224187]]},"properties":{"id":"119R","street":"M DOCK","side":"R","pavement_ft":36,"width_ft":21.0,"width_source":"default","path_ft":10,"depth_ft":6.5,"zone":"U","district":"Unclassified","cat":"other","zone_dist_m":3.9,"campable_zone":false,"count":0,"placement":null}},{"type":"Feature","geometry":{"type":"LineString","coordinates":[[-122.28616840043459,37.87632527132588],[-122.28580240019038,37.876368271352284],[-122.28579623796381,37.87636875569069],[-122.28530182249783,37.876388571947956],[-122.28504232740133,37.87642887231632]]},"properties":{"id":"125L","street":"CEDAR ST","side":"L","pavement_ft":37,"width_ft":10.5,"width_source":"gis","path_ft":6,"depth_ft":0.0,"zone":"R-1","district":"Multi-Unit 1","cat":"res","zone_dist_m":3.1,"campable_zone":false,"count":0,"placement":null}},{"type":"Feature","geometry":{"type":"LineString","coordinates":[[-122.28614959957766,37.87622472867308],[-122.28578666615971,37.87626736839878],[-122.28529076238209,37.87628724429871],[-122.28528167244274,37.8762881277077],[-122.28501767261481,37.87632912768215]]},"properties":{"id":"125R","street":"CEDAR ST","side":"R","pavement_ft":37,"width_ft":12.6,"width_source":"gis","path_ft":6,"depth_ft":2.1,"zone":"R-1","district":"Multi-Unit 1","cat":"res","zone_dist_m":5.6,"campable_zone":false,"count":0,"placement":null}},{"type":"Feature","geometry":{"type":"LineString","coordinates":[[-122.29254338944561,37.876060744643645],[-122.29177338917215,37.876466744888944]]},"properties":{"id":"126L","street":"HOPKINS ST","side":"L","pavement_ft":40,"width_ft":13.2,"width_source":"gis","path_ft":6,"depth_ft":2.7,"zone":"R-2","district":"Multi-Unit 2","cat":"res","zone_dist_m":5.5,"campable_zone":false,"count":0,"placement":null}},{"type":"Feature","geometry":{"type":"LineString","coordinates":[[-122.29246661060165,37.87596925534397],[-122.29169661087514,37.87637525509866]]},"properties":{"id":"126R","street":"HOPKINS ST","side":"R","pavement_ft":40,"width_ft":16.3,"width_source":"gis","path_ft":10,"depth_ft":1.8,"zone":"R-2","district":"Multi-Unit 2","cat":"res","zone_dist_m":5.1,"campable_zone":false,"count":0,"placement":null}},{"type":"Feature","geometry":{"type":"LineString","coordinates":[[-122.29168634369226,37.87643095817453],[-122.29140034423509,37.87555295806318]]},"properties":{"id":"127L","street":"CORNELL AVE","side":"L","pavement_ft":29,"width_ft":9.2,"width_source":"gis","path_ft":6,"depth_ft":-1.3,"zone":"R-2","district":"Multi-Unit 2","cat":"res","zone_dist_m":2.3,"campable_zone":false,"count":0,"placement":null}},{"type":"Feature","geometry":{"type":"LineString","coordinates":[[-122.29178365629494,37.876411041805206],[-122.29149765575212,37.87553304191656]]},"properties":{"id":"127R","street":"CORNELL AVE","side":"R","pavement_ft":29,"width_ft":12.4,"width_source":"gis","path_ft":6,"depth_ft":1.9,"zone":"R-2","district":"Multi-Unit 2","cat":"res","zone_dist_m":4.4,"campable_zone":false,"count":0,"placement":null}},{"type":"Feature","geometry":{"type":"LineString","coordinates":[[-122.31842125626352,37.868104082178284],[-122.3184309727431,37.86802343586796],[-122.31842503954455,37.86778115663868],[-122.31841113890643,37.86748129547789],[-122.31840641547,37.867451065348845]]},"properties":{"id":"138L","street":"BREAKWATER DR","side":"L","pavement_ft":30,"width_ft":16.3,"width_source":"default","path_ft":10,"depth_ft":1.8,"zone":"U","district":"Unclassified","cat":"other","zone_dist_m":0.0,"campable_zone":false,"count":0,"placement":null}},{"type":"Feature","geometry":{"type":"LineString","coordinates":[[-122.3185247437423,37.86811191779902],[-122.31853474368494,37.868028917794135],[-122.31853496936498,37.86802420015845],[-122.31852896919288,37.86777920015942],[-122.31852894392054,37.867778486690796],[-122.31851494370862,37.867476486694855],[-122.31851458454534,37.86747293462653],[-122.31850958452331,37.86744093462849]]},"properties":{"id":"138R","street":"BREAKWATER DR","side":"R","pavement_ft":30,"width_ft":11.0,"width_source":"default","path_ft":6,"depth_ft":0.5,"zone":"U","district":"Unclassified","cat":"other","zone_dist_m":0.0,"campable_zone":false,"count":0,"placement":null}},{"type":"Feature","geometry":{"type":"LineString","coordinates":[[-122.2987884608242,37.87491827232163],[-122.29768046041168,37.875143272405495]]},"properties":{"id":"148L","street":"BATAAN AVE","side":"L","pavement_ft":22,"width_ft":5.0,"width_source":"gis","path_ft":6,"depth_ft":-5.5,"zone":"R-2","district":"Multi-Unit 2","cat":"res","zone_dist_m":2.8,"campable_zone":false,"count":0,"placement":null}},{"type":"Feature","geometry":{"type":"LineString","coordinates":[[-122.29876953918311,37.874859727677546],[-122.29766153959562,37.875084727593666]]},"properties":{"id":"148R","street":"BATAAN AVE","side":"R","pavement_ft":22,"width_ft":9.1,"width_source":"gis","path_ft":6,"depth_ft":-1.4,"zone":"R-2","district":"Multi-Unit 2","cat":"res","zone_dist_m":2.9,"campable_zone":false,"count":0,"placement":null}},{"type":"Feature","geometry":{"type":"LineString","coordinates":[[-122.2823059588071,37.874879058950135],[-122.2821999605024,37.87396505884451]]},"properties":{"id":"153L","street":"SACRAMENTO ST","side":"L","pavement_ft":80,"width_ft":14.5,"width_source":"gis","path_ft":10,"depth_ft":0.0,"zone":"R-2","district":"Multi-Unit 2","cat":"res","zone_dist_m":4.3,"campable_zone":false,"count":0,"placement":null}},{"type":"Feature","geometry":{"type":"LineString","coordinates":[[-122.28258204115794,37.874858940887584],[-122.28247603946267,37.873944940993226]]},"properties":{"id":"153R","street":"SACRAMENTO ST","side":"R","pavement_ft":80,"width_ft":17.5,"width_source":"gis","path_ft":10,"depth_ft":3.0,"zone":"R-BMU","district":"Residential BART Mixed Use","cat":"mixres","zone_dist_m":6.3,"campable_zone":true,"count":0,"placement":null}},{"type":"Feature","geometry":{"type":"LineString","coordinates":[[-122.28969390176593,37.87097182011572],[-122.28821090080861,37.87116082022933]]},"properties":{"id":"154L","street":"HEARST AVE","side":"L","pavement_ft":36,"width_ft":12.0,"width_source":"gis","path_ft":6,"depth_ft":1.5,"zone":"R-2","district":"Multi-Unit 2","cat":"res","zone_dist_m":4.7,"campable_zone":false,"count":0,"placement":null}},{"type":"Feature","geometry":{"type":"LineString","coordinates":[[-122.28967409824664,37.87087417988316],[-122.288191099204,37.87106317976954]]},"properties":{"id":"154R","street":"HEARST AVE","side":"R","pavement_ft":36,"width_ft":12.2,"width_source":"gis","path_ft":6,"depth_ft":1.7,"zone":"R-2","district":"Multi-Unit 2","cat":"res","zone_dist_m":4.1,"campable_zone":false,"count":0,"placement":null}},{"type":"Feature","geometry":{"type":"LineString","coordinates":[[-122.28813886522353,37.8711163564759],[-122.28805886582236,37.87039935644021]]},"properties":{"id":"155L","street":"CHESTNUT ST","side":"L","pavement_ft":36,"width_ft":9.7,"width_source":"gis","path_ft":6,"depth_ft":-0.8,"zone":"R-2","district":"Multi-Unit 2","cat":"res","zone_dist_m":2.5,"campable_zone":false,"count":0,"placement":null}},{"type":"Feature","geometry":{"type":"LineString","coordinates":[[-122.2882631347697,37.8711076434912],[-122.28818313417085,37.87039064352691]]},"properties":{"id":"155R","street":"CHESTNUT ST","side":"R","pavement_ft":36,"width_ft":16.6,"width_source":"gis","path_ft":10,"depth_ft":2.1,"zone":"R-2","district":"Multi-Unit 2","cat":"res","zone_dist_m":5.3,"campable_zone":false,"count":0,"placement":null}},{"type":"Feature","geometry":{"type":"LineString","coordinates":[[-122.29636365718058,37.8710668635586],[-122.29525665628161,37.87129186374155]]},"properties":{"id":"156L","street":"DELAWARE ST","side":"L","pavement_ft":48,"width_ft":13.3,"width_source":"gis","path_ft":6,"depth_ft":2.8,"zone":"R-2","district":"Multi-Unit 2","cat":"res","zone_dist_m":5.5,"campable_zone":false,"count":0,"placement":null}},{"type":"Feature","geometry":{"type":"LineString","coordinates":[[-122.29632234285427,37.87093913643745],[-122.29521534375321,37.87116413625448]]},"properties":{"id":"156R","street":"DELAWARE ST","side":"R","pavement_ft":48,"width_ft":17.1,"width_source":"gis","path_ft":10,"depth_ft":2.6,"zone":"R-2","district":"Multi-Unit 2","cat":"res","zone_dist_m":6.0,"campable_zone":false,"count":0,"placement":null}},{"type":"Feature","geometry":{"type":"LineString","coordinates":[[-122.29330656654699,37.87565565084826],[-122.29254356627932,37.87606065109251]]},"properties":{"id":"159L","street":"HOPKINS ST","side":"L","pavement_ft":40,"width_ft":12.7,"width_source":"gis","path_ft":6,"depth_ft":2.2,"zone":"R-2","district":"Multi-Unit 2","cat":"res","zone_dist_m":5.6,"campable_zone":false,"count":0,"placement":null}},{"type":"Feature","geometry":{"type":"LineString","coordinates":[[-122.29322943350036,37.87556434913922],[-122.29246643376806,37.875969348894984]]},"properties":{"id":"159R","street":"HOPKINS ST","side":"R","pavement_ft":40,"width_ft":16.6,"width_source":"gis","path_ft":10,"depth_ft":2.1,"zone":"R-2","district":"Multi-Unit 2","cat":"res","zone_dist_m":6.2,"campable_zone":false,"count":0,"placement":null}},{"type":"Feature","geometry":{"type":"LineString","coordinates":[[-122.29898740330924,37.87552391598949],[-122.29787340262983,37.87574891612674]]},"properties":{"id":"160L","street":"JONES ST","side":"L","pavement_ft":36,"width_ft":10.5,"width_source":"gis","path_ft":6,"depth_ft":0.0,"zone":"R-2","district":"Multi-Unit 2","cat":"res","zone_dist_m":4.8,"campable_zone":false,"count":0,"placement":null}},{"type":"Feature","geometry":{"type":"LineString","coordinates":[[-122.29895659671027,37.8754280840083],[-122.29784259738966,37.875653083871036]]},"properties":{"id":"160R","street":"JONES ST","side":"R","pavement_ft":36,"width_ft":13.8,"width_source":"gis","path_ft":6,"depth_ft":3.3,"zone":"R-2","district":"Multi-Unit 2","cat":"res","zone_dist_m":4.6,"campable_zone":false,"count":0,"placement":null}},{"type":"Feature","geometry":{"type":"LineString","coordinates":[[-122.29055554599886,37.87566892455042],[-122.28999954714324,37.87389292432648]]},"properties":{"id":"161L","street":"CURTIS ST","side":"L","pavement_ft":30,"width_ft":10.6,"width_source":"gis","path_ft":6,"depth_ft":0.1,"zone":"R-2","district":"Multi-Unit 2","cat":"res","zone_dist_m":2.8,"campable_zone":false,"count":0,"placement":null}},{"type":"Feature","geometry":{"type":"LineString","coordinates":[[-122.29065645398792,37.87564907542781],[-122.29010045284352,37.873873075651744]]},"properties":{"id":"161R","street":"CURTIS ST","side":"R","pavement_ft":30,"width_ft":10.1,"width_source":"gis","path_ft":6,"depth_ft":-0.4,"zone":"R-2","district":"Multi-Unit 2","cat":"res","zone_dist_m":3.1,"campable_zone":false,"count":0,"placement":null}},{"type":"Feature","geometry":{"type":"LineString","coordinates":[[-122.2879619183829,37.866867817947906],[-122.28693591772075,37.866998818026644]]},"properties":{"id":"166L","street":"ALLSTON WAY","side":"L","pavement_ft":36,"width_ft":11.6,"width_source":"gis","path_ft":6,"depth_ft":1.1,"zone":"R-2","district":"Multi-Unit 2","cat":"res","zone_dist_m":3.9,"campable_zone":false,"count":0,"placement":null}},{"type":"Feature","geometry":{"type":"LineString","coordinates":[[-122.28794208162968,37.866770182050985],[-122.28691608229181,37.86690118197226]]},"properties":{"id":"166R","street":"ALLSTON WAY","side":"R","pavement_ft":36,"width_ft":13.8,"width_source":"gis","path_ft":6,"depth_ft":3.3,"zone":"R-2","district":"Multi-Unit 2","cat":"res","zone_dist_m":4.4,"campable_zone":false,"count":0,"placement":null}},{"type":"Feature","geometry":{"type":"LineString","coordinates":[[-122.28992549797758,37.873048651548956],[-122.28844849718476,37.873242651646336]]},"properties":{"id":"177L","street":"FRANCISCO ST","side":"L","pavement_ft":30,"width_ft":10.7,"width_source":"gis","path_ft":6,"depth_ft":0.2,"zone":"R-2","district":"Multi-Unit 2","cat":"res","zone_dist_m":4.1,"campable_zone":false,"count":0,"placement":null}},{"type":"Feature","geometry":{"type":"LineString","coordinates":[[-122.28990850203144,37.872967348450224],[-122.28843150282422,37.87316134835286]]},"properties":{"id":"177R","street":"FRANCISCO ST","side":"R","pavement_ft":30,"width_ft":11.7,"width_source":"gis","path_ft":6,"depth_ft":1.2,"zone":"R-2","district":"Multi-Unit 2","cat":"res","zone_dist_m":3.6,"campable_zone":false,"count":0,"placement":null}},{"type":"Feature","geometry":{"type":"LineString","coordinates":[[-122.28837786664084,37.87320638483494],[-122.28827386741422,37.87228038478848]]},"properties":{"id":"178L","street":"CHESTNUT ST","side":"L","pavement_ft":36,"width_ft":9.8,"width_source":"gis","path_ft":6,"depth_ft":-0.7,"zone":"R-2","district":"Multi-Unit 2","cat":"res","zone_dist_m":2.6,"campable_zone":false,"count":0,"placement":null}},{"type":"Feature","geometry":{"type":"LineString","coordinates":[[-122.2885021333523,37.87319761513218],[-122.28839813257896,37.87227161517866]]},"properties":{"id":"178R","street":"CHESTNUT ST","side":"R","pavement_ft":36,"width_ft":14.7,"width_source":"gis","path_ft":10,"depth_ft":0.2,"zone":"R-2","district":"Multi-Unit 2","cat":"res","zone_dist_m":5.1,"campable_zone":false,"count":0,"placement":null}},{"type":"Feature","geometry":{"type":"LineString","coordinates":[[-122.30297963359489,37.86552629433101],[-122.30296863308018,37.86613729432019]]},"properties":{"id":"179R","street":"I80 EAST (OFF RAMP) UNIV","side":"R","pavement_ft":36,"width_ft":36.6,"width_source":"default","path_ft":10,"depth_ft":22.1,"zone":"U","district":"Unclassified","cat":"other","zone_dist_m":10.8,"campable_zone":false,"count":0,"placement":null}},{"type":"Feature","geometry":{"type":"LineString","coordinates":[[-122.3029686343219,37.86613722842929],[-122.30296363410794,37.86639122842459]]},"properties":{"id":"180R","street":"I80 EAST (OFF RAMP) UNIV","side":"R","pavement_ft":36,"width_ft":35.6,"width_source":"default","path_ft":10,"depth_ft":21.1,"zone":"C-W","district":"West Berkeley Commercial","cat":"com","zone_dist_m":11.7,"campable_zone":true,"count":6,"placement":"building"}},{"type":"Feature","geometry":{"type":"LineString","coordinates":[[-122.30556204301091,37.86627561008284],[-122.30561704312761,37.86643061005626]]},"properties":{"id":"181L","street":"W FRONTAGE RD","side":"L","pavement_ft":36,"width_ft":31.2,"width_source":"default","path_ft":10,"depth_ft":16.7,"zone":"SP","district":"Specific Plan (Waterfront)","cat":"other","zone_dist_m":32.2,"campable_zone":false,"count":0,"placement":null}},{"type":"Feature","geometry":{"type":"LineString","coordinates":[[-122.31592369240114,37.86416752492828],[-122.31582969246054,37.864182524919144]]},"properties":{"id":"182R","street":"M DOCK","side":"R","pavement_ft":36,"width_ft":28.0,"width_source":"default","path_ft":10,"depth_ft":13.5,"zone":"U","district":"Unclassified","cat":"other","zone_dist_m":4.4,"campable_zone":false,"count":0,"placement":null}},{"type":"Feature","geometry":{"type":"LineString","coordinates":[[-122.31583026291061,37.864182436081116],[-122.31567226301097,37.864206436066524]]},"properties":{"id":"183R","street":"M DOCK","side":"R","pavement_ft":36,"width_ft":31.1,"width_source":"default","path_ft":10,"depth_ft":16.6,"zone":"U","district":"Unclassified","cat":"other","zone_dist_m":6.4,"campable_zone":false,"count":0,"placement":null}},{"type":"Feature","geometry":{"type":"LineString","coordinates":[[-122.31007752276915,37.865196515875816],[-122.30804305846384,37.8656314013651],[-122.3060845953369,37.86603529063958]]},"properties":{"id":"304R","street":"UNIVERSITY AVE","side":"R","pavement_ft":72,"width_ft":13.7,"width_source":"gis","path_ft":6,"depth_ft":3.2,"zone":"SP","district":"Specific Plan (Waterfront)","cat":"other","zone_dist_m":50.2,"campable_zone":false,"count":0,"placement":null}},{"type":"Feature","geometry":{"type":"LineString","coordinates":[[-122.29030045069088,37.868343019051295],[-122.29011345142408,37.867441018962054]]},"properties":{"id":"305L","street":"BYRON ST","side":"L","pavement_ft":36,"width_ft":9.1,"width_source":"gis","path_ft":6,"depth_ft":-1.4,"zone":"R-2","district":"Multi-Unit 2","cat":"res","zone_dist_m":2.4,"campable_zone":false,"count":0,"placement":null}},{"type":"Feature","geometry":{"type":"LineString","coordinates":[[-122.29042354929629,37.86832698091639],[-122.29023654856309,37.86742498100561]]},"properties":{"id":"305R","street":"BYRON ST","side":"R","pavement_ft":36,"width_ft":15.5,"width_source":"gis","path_ft":10,"depth_ft":1.0,"zone":"R-2","district":"Multi-Unit 2","cat":"res","zone_dist_m":4.7,"campable_zone":false,"count":0,"placement":null}},{"type":"Feature","geometry":{"type":"LineString","coordinates":[[-122.28898234563341,37.86673176219315],[-122.28796234497734,37.86686776227511]]},"properties":{"id":"306L","street":"ALLSTON WAY","side":"L","pavement_ft":36,"width_ft":11.5,"width_source":"gis","path_ft":6,"depth_ft":1.0,"zone":"R-2","district":"Multi-Unit 2","cat":"res","zone_dist_m":4.3,"campable_zone":false,"count":0,"placement":null}},{"type":"Feature","geometry":{"type":"LineString","coordinates":[[-122.28896165437973,37.86663423780567],[-122.2879416550358,37.866770237723706]]},"properties":{"id":"306R","street":"ALLSTON WAY","side":"R","pavement_ft":36,"width_ft":13.7,"width_source":"gis","path_ft":6,"depth_ft":3.2,"zone":"R-2","district":"Multi-Unit 2","cat":"res","zone_dist_m":4.6,"campable_zone":false,"count":0,"placement":null}},{"type":"Feature","geometry":{"type":"LineString","coordinates":[[-122.30285954886548,37.86453397238975],[-122.3030585479405,37.86523997255004],[-122.30305894306373,37.86524132102012],[-122.30315294266373,37.86555032109588]]},"properties":{"id":"307R","street":"I80 EAST HWY","side":"R","pavement_ft":60,"width_ft":38.0,"width_source":"default","path_ft":10,"depth_ft":23.5,"zone":"U","district":"Unclassified","cat":"other","zone_dist_m":14.9,"campable_zone":false,"count":0,"placement":null}},{"type":"Feature","geometry":{"type":"LineString","coordinates":[[-122.304093580907,37.87323687985258],[-122.30288558017212,37.873483880003285]]},"properties":{"id":"320L","street":"CEDAR ST","side":"L","pavement_ft":36,"width_ft":10.3,"width_source":"gis","path_ft":6,"depth_ft":-0.2,"zone":"M","district":"Manufacturing","cat":"man","zone_dist_m":4.7,"campable_zone":true,"count":0,"placement":null}},{"type":"Feature","geometry":{"type":"LineString","coordinates":[[-122.30406241911274,37.87314112014517],[-122.3028544198476,37.87338811999446]]},"properties":{"id":"320R","street":"CEDAR ST","side":"R","pavement_ft":36,"width_ft":6.8,"width_source":"gis","path_ft":6,"depth_ft":-3.7,"zone":"M","district":"Manufacturing","cat":"man","zone_dist_m":2.3,"campable_zone":true,"count":0,"placement":null}},{"type":"Feature","geometry":{"type":"LineString","coordinates":[[-122.27999159385433,37.87333880603139],[-122.27993059431863,37.87286080599906]]},"properties":{"id":"321L","street":"CALIFORNIA ST","side":"L","pavement_ft":42,"width_ft":6.1,"width_source":"gis","path_ft":6,"depth_ft":-4.4,"zone":"R-2","district":"Multi-Unit 2","cat":"res","zone_dist_m":1.7,"campable_zone":false,"count":0,"placement":null}},{"type":"Feature","geometry":{"type":"LineString","coordinates":[[-122.280136406135,37.87332719392394],[-122.28007540567071,37.87284919395631]]},"properties":{"id":"321R","street":"CALIFORNIA ST","side":"R","pavement_ft":42,"width_ft":9.6,"width_source":"gis","path_ft":6,"depth_ft":-0.9,"zone":"R-2","district":"Multi-Unit 2","cat":"res","zone_dist_m":3.4,"campable_zone":false,"count":0,"placement":null}},{"type":"Feature","geometry":{"type":"LineString","coordinates":[[-122.3103386139677,37.865546870246085],[-122.30887957283024,37.86583967782356],[-122.30626052633419,37.86640047365332]]},"properties":{"id":"322L","street":"UNIVERSITY AVE","side":"L","pavement_ft":72,"width_ft":13.3,"width_source":"gis","path_ft":6,"depth_ft":2.8,"zone":"SP","district":"Specific Plan (Waterfront)","cat":"other","zone_dist_m":8.6,"campable_zone":false,"count":0,"placement":null}},{"type":"Feature","geometry":{"type":"LineString","coordinates":[[-122.29124448314586,37.86643074374425],[-122.29000148234728,37.86659874384558]]},"properties":{"id":"323L","street":"ALLSTON WAY","side":"L","pavement_ft":36,"width_ft":13.1,"width_source":"gis","path_ft":6,"depth_ft":2.6,"zone":"R-2","district":"Multi-Unit 2","cat":"res","zone_dist_m":5.5,"campable_zone":false,"count":0,"placement":null}},{"type":"Feature","geometry":{"type":"LineString","coordinates":[[-122.29122351686745,37.86633325625455],[-122.28998051766604,37.86650125615322]]},"properties":{"id":"323R","street":"ALLSTON WAY","side":"R","pavement_ft":36,"width_ft":11.4,"width_source":"gis","path_ft":6,"depth_ft":0.9,"zone":"C-W","district":"West Berkeley Commercial","cat":"com","zone_dist_m":3.6,"campable_zone":true,"count":0,"placement":null}},{"type":"Feature","geometry":{"type":"LineString","coordinates":[[-122.30482755102823,37.868502073036616],[-122.30497855119752,37.86819407309966],[-122.30498110866691,37.86818964963461],[-122.30550206632243,37.8674132038953],[-122.3055641946733,37.867297822806755]]},"properties":{"id":"326L","street":"W FRONTAGE RD","side":"L","pavement_ft":30,"width_ft":35.4,"width_source":"gis","path_ft":10,"depth_ft":20.9,"zone":"SP","district":"Specific Plan (Waterfront)","cat":"other","zone_dist_m":12.4,"campable_zone":false,"count":0,"placement":null}},{"type":"Feature","geometry":{"type":"LineString","coordinates":[[-122.30492444899158,37.8685319269436],[-122.30507433511002,37.86822619857193],[-122.30559489101762,37.86745035014336],[-122.3055968054089,37.867447177199864],[-122.30565980534789,37.867330177174004]]},"properties":{"id":"326R","street":"W FRONTAGE RD","side":"R","pavement_ft":30,"width_ft":5.3,"width_source":"gis","path_ft":6,"depth_ft":-5.2,"zone":"SP","district":"Specific Plan (Waterfront)","cat":"other","zone_dist_m":3.2,"campable_zone":false,"count":0,"placement":null}},{"type":"Feature","geometry":{"type":"LineString","coordinates":[[-122.30040863131926,37.86602107733408],[-122.30169363053555,37.86576207749206]]},"properties":{"id":"333L","street":"ADDISON ST","side":"L","pavement_ft":36,"width_ft":9.8,"width_source":"gis","path_ft":6,"depth_ft":-0.7,"zone":"MULI","district":"Mixed Use-Light Industrial","cat":"man","zone_dist_m":3.1,"campable_zone":true,"count":0,"placement":null}},{"type":"Feature","geometry":{"type":"LineString","coordinates":[[-122.30043936870018,37.86611692266372],[-122.30172436948392,37.865857922505754]]},"properties":{"id":"333R","street":"ADDISON ST","side":"R","pavement_ft":36,"width_ft":9.6,"width_source":"gis","path_ft":6,"depth_ft":-0.9,"zone":"C-W","district":"West Berkeley Commercial","cat":"com","zone_dist_m":4.2,"campable_zone":true,"count":0,"placement":null}},{"type":"Feature","geometry":{"type":"LineString","coordinates":[[-122.29945776281667,37.86631504222281],[-122.29841176217367,37.86651704234599]]},"properties":{"id":"334L","street":"ADDISON ST","side":"L","pavement_ft":36,"width_ft":10.2,"width_source":"gis","path_ft":6,"depth_ft":-0.3,"zone":"C-W","district":"West Berkeley Commercial","cat":"com","zone_dist_m":5.2,"campable_zone":true,"count":0,"placement":null}},{"type":"Feature","geometry":{"type":"LineString","coordinates":[[-122.29942823720204,37.86621895777516],[-122.29838223784502,37.866420957651954]]},"properties":{"id":"334R","street":"ADDISON ST","side":"R","pavement_ft":36,"width_ft":13.5,"width_source":"gis","path_ft":6,"depth_ft":3.0,"zone":"MULI","district":"Mixed Use-Light Industrial","cat":"man","zone_dist_m":4.6,"campable_zone":true,"count":0,"placement":null}},{"type":"Feature","geometry":{"type":"LineString","coordinates":[[-122.29841296717238,37.8665167995358],[-122.29726496647783,37.86675779968272]]},"properties":{"id":"335L","street":"ADDISON ST","side":"L","pavement_ft":36,"width_ft":11.5,"width_source":"gis","path_ft":6,"depth_ft":1.0,"zone":"MUR","district":"Mixed Use-Residential","cat":"mixres","zone_dist_m":5.4,"campable_zone":true,"count":0,"placement":null}},{"type":"Feature","geometry":{"type":"LineString","coordinates":[[-122.29838103284779,37.86642120046184],[-122.29723303354234,37.866662200314934]]},"properties":{"id":"335R","street":"ADDISON ST","side":"R","pavement_ft":36,"width_ft":13.1,"width_source":"gis","path_ft":6,"depth_ft":2.6,"zone":"MUR","district":"Mixed Use-Residential","cat":"mixres","zone_dist_m":3.6,"campable_zone":true,"count":0,"placement":null}},{"type":"Feature","geometry":{"type":"LineString","coordinates":[[-122.29000113314265,37.866598790232835],[-122.28898213248615,37.86673179031289]]},"properties":{"id":"336L","street":"ALLSTON WAY","side":"L","pavement_ft":36,"width_ft":10.9,"width_source":"gis","path_ft":6,"depth_ft":0.4,"zone":"R-2","district":"Multi-Unit 2","cat":"res","zone_dist_m":4.8,"campable_zone":false,"count":0,"placement":null}},{"type":"Feature","geometry":{"type":"LineString","coordinates":[[-122.2899808668702,37.86650120976601],[-122.28896186752674,37.866634209685955]]},"properties":{"id":"336R","street":"ALLSTON WAY","side":"R","pavement_ft":36,"width_ft":12.4,"width_source":"gis","path_ft":6,"depth_ft":1.9,"zone":"R-2","district":"Multi-Unit 2","cat":"res","zone_dist_m":4.1,"campable_zone":false,"count":0,"placement":null}},{"type":"Feature","geometry":{"type":"LineString","coordinates":[[-122.31009084762907,37.86523919829032],[-122.31061012317555,37.86512081939126],[-122.31086217541764,37.865045203727206],[-122.31097571150646,37.86499308881001],[-122.31107999051635,37.8649310850938],[-122.31137790588899,37.864703442215294],[-122.31138299148303,37.86469991858904],[-122.31138848558072,37.86469680415933],[-122.31139433599793,37.864694128507615],[-122.31140048716618,37.864691917047814],[-122.31140688066044,37.86469019078478],[-122.311413455754,37.86468896611491],[-122.31142014999533,37.864688254670384],[-122.31142689980115,37.86468806320862],[-122.3114336410605,37.864688393548185],[-122.31144030974356,37.864689242551435],[-122.31144684250982,37.86469060215437],[-122.31145484250476,37.864692602152935]]},"properties":{"id":"344L","street":"UNIVERSITY AVE","side":"L","pavement_ft":40,"width_ft":24.3,"width_source":"default","path_ft":10,"depth_ft":9.8,"zone":"U","district":"Unclassified","cat":"other","zone_dist_m":50.0,"campable_zone":false,"count":0,"placement":null}},{"type":"Feature","geometry":{"type":"LineString","coordinates":[[-122.28335642793128,37.85747686384255],[-122.28297142947322,37.85558186365929]]},"properties":{"id":"350L","street":"PARK ST","side":"L","pavement_ft":36,"width_ft":14.5,"width_source":"gis","path_ft":10,"depth_ft":-0.0,"zone":"R-1","district":"Multi-Unit 1","cat":"res","zone_dist_m":6.8,"campable_zone":false,"count":0,"placement":null}},{"type":"Feature","geometry":{"type":"LineString","coordinates":[[-122.28347957205614,37.8574611361251],[-122.28309457051421,37.85556613630839]]},"properties":{"id":"350R","street":"PARK ST","side":"R","pavement_ft":36,"width_ft":9.8,"width_source":"gis","path_ft":6,"depth_ft":-0.7,"zone":"R-1","district":"Multi-Unit 1","cat":"res","zone_dist_m":6.5,"campable_zone":false,"count":0,"placement":null}},{"type":"Feature","geometry":{"type":"LineString","coordinates":[[-122.29987536920524,37.86760866399263],[-122.30036946382178,37.867511841413005],[-122.30059256497181,37.867463038035986],[-122.30059520100669,37.86746250530646],[-122.30085920082517,37.867413505339655]]},"properties":{"id":"352L","street":"UNIVERSITY AVE","side":"L","pavement_ft":40,"width_ft":30.0,"width_source":"default","path_ft":10,"depth_ft":15.5,"zone":"C-W","district":"West Berkeley Commercial","cat":"com","zone_dist_m":12.6,"campable_zone":true,"count":0,"placement":null}},{"type":"Feature","geometry":{"type":"LineString","coordinates":[[-122.29990863081818,37.86771533600477],[-122.30040363115542,37.867618335939035],[-122.30040543490482,37.86761796199409],[-122.30062812363046,37.86756924883627],[-122.30089079919712,37.867520494657974]]},"properties":{"id":"352R","street":"UNIVERSITY AVE","side":"R","pavement_ft":40,"width_ft":10.1,"width_source":"default","path_ft":6,"depth_ft":-0.4,"zone":"C-W","district":"West Berkeley Commercial","cat":"com","zone_dist_m":0.4,"campable_zone":true,"count":0,"placement":null}},{"type":"Feature","geometry":{"type":"LineString","coordinates":[[-122.29289988116831,37.86764101926581],[-122.29171888044334,37.86787101940604]]},"properties":{"id":"353L","street":"ADDISON ST","side":"L","pavement_ft":36,"width_ft":12.2,"width_source":"gis","path_ft":6,"depth_ft":1.7,"zone":"C-W","district":"West Berkeley Commercial","cat":"com","zone_dist_m":4.8,"campable_zone":true,"count":0,"placement":null}},{"type":"Feature","geometry":{"type":"LineString","coordinates":[[-122.29287011885056,37.867544980732106],[-122.29168911957551,37.86777498059189]]},"properties":{"id":"353R","street":"ADDISON ST","side":"R","pavement_ft":36,"width_ft":13.0,"width_source":"gis","path_ft":6,"depth_ft":2.5,"zone":"C-W","district":"West Berkeley Commercial","cat":"com","zone_dist_m":4.4,"campable_zone":true,"count":0,"placement":null}},{"type":"Feature","geometry":{"type":"LineString","coordinates":[[-122.29886463116269,37.86792033593657],[-122.29990563187188,37.867716335798306]]},"properties":{"id":"354R","street":"UNIVERSITY AVE","side":"R","pavement_ft":40,"width_ft":1.5,"width_source":"default","path_ft":6,"depth_ft":-9.0,"zone":"C-W","district":"West Berkeley Commercial","cat":"com","zone_dist_m":2.2,"campable_zone":true,"count":0,"placement":null}},{"type":"Feature","geometry":{"type":"LineString","coordinates":[[-122.28812949864093,37.870435651430185],[-122.28663749784015,37.87063165152852]]},"properties":{"id":"356L","street":"BERKELEY WAY","side":"L","pavement_ft":30,"width_ft":9.1,"width_source":"gis","path_ft":6,"depth_ft":-1.4,"zone":"R-2A","district":"Multi-Unit 2A","cat":"res","zone_dist_m":3.3,"campable_zone":false,"count":0,"placement":null}},{"type":"Feature","geometry":{"type":"LineString","coordinates":[[-122.28811250136808,37.87035434856902],[-122.28662050216884,37.87055034847067]]},"properties":{"id":"356R","street":"BERKELEY WAY","side":"R","pavement_ft":30,"width_ft":9.5,"width_source":"gis","path_ft":6,"depth_ft":-1.0,"zone":"R-4","district":"Multi-Family Residential","cat":"res","zone_dist_m":2.5,"campable_zone":false,"count":0,"placement":null}},{"type":"Feature","geometry":{"type":"LineString","coordinates":[[-122.29851337226641,37.87062271552222],[-122.2974743714289,37.87084171570025]]},"properties":{"id":"357L","street":"DELAWARE ST","side":"L","pavement_ft":48,"width_ft":13.9,"width_source":"gis","path_ft":6,"depth_ft":3.4,"zone":"R-2","district":"Multi-Unit 2","cat":"res","zone_dist_m":5.5,"campable_zone":false,"count":0,"placement":null}},{"type":"Feature","geometry":{"type":"LineString","coordinates":[[-122.29847062776958,37.87049528447358],[-122.29743162860711,37.87071428429554]]},"properties":{"id":"357R","street":"DELAWARE ST","side":"R","pavement_ft":48,"width_ft":16.4,"width_source":"gis","path_ft":10,"depth_ft":1.9,"zone":"R-2","district":"Multi-Unit 2","cat":"res","zone_dist_m":4.9,"campable_zone":false,"count":0,"placement":null}},{"type":"Feature","geometry":{"type":"LineString","coordinates":[[-122.30125760281194,37.871922559269606],[-122.30021560230175,37.87213655937475]]},"properties":{"id":"358L","street":"VIRGINIA ST","side":"L","pavement_ft":29,"width_ft":13.4,"width_source":"gis","path_ft":6,"depth_ft":2.9,"zone":"MULI","district":"Mixed Use-Light Industrial","cat":"man","zone_dist_m":5.7,"campable_zone":true,"count":0,"placement":null}},{"type":"Feature","geometry":{"type":"LineString","coordinates":[[-122.30123239720089,37.871845440728926],[-122.30019039771108,37.87205944062378]]},"properties":{"id":"358R","street":"VIRGINIA ST","side":"R","pavement_ft":29,"width_ft":16.6,"width_source":"gis","path_ft":10,"depth_ft":2.1,"zone":"MUR","district":"Mixed Use-Residential","cat":"mixres","zone_dist_m":4.8,"campable_zone":true,"count":0,"placement":null}},{"type":"Feature","geometry":{"type":"LineString","coordinates":[[-122.30308607682089,37.86640529447358],[-122.30306107687365,37.86647629448669],[-122.30305929562793,37.86648058567988],[-122.30303638237226,37.86652832170854],[-122.30301418479299,37.866592984372474],[-122.30301222571352,37.866597730839175],[-122.30300967269038,37.86660229643894],[-122.30300655176612,37.86660663459942],[-122.30295922406816,37.86666532099897],[-122.30292720204618,37.866723714176246],[-122.30292483267446,37.866727568528795],[-122.30292205101497,37.866731245669385],[-122.302918877983,37.866734717949555],[-122.30284387800043,37.866809717980495],[-122.30283898039275,37.86681406292467],[-122.30283347204491,37.866817920962966],[-122.30276747203082,37.86685892098414],[-122.30276301033979,37.866861449770454],[-122.302758285675,37.866863658060474],[-122.30265628563103,37.8669066580851]]},"properties":{"id":"359L","street":"I80 EAST (OFF RAMP) UNIV","side":"L","pavement_ft":36,"width_ft":38.6,"width_source":"default","path_ft":10,"depth_ft":24.1,"zone":"C-W","district":"West Berkeley Commercial","cat":"com","zone_dist_m":13.8,"campable_zone":true,"count":0,"placement":null}},{"type":"Feature","geometry":{"type":"LineString","coordinates":[[-122.30296592320116,37.86637870549596],[-122.30294169001088,37.86644752760054],[-122.30291870436685,37.86649541427941],[-122.30291681527866,37.86650001560905],[-122.30289631681865,37.866559728379805],[-122.30285144824659,37.86661536535509],[-122.30284894982461,37.86661875239528],[-122.30284679802301,37.86662228581289],[-122.30281605190964,37.86667835218156],[-122.30275071214464,37.86674369190386],[-122.3026948577014,37.86677838934973],[-122.30259771440326,37.86681934190764]]},"properties":{"id":"359R","street":"I80 EAST (OFF RAMP) UNIV","side":"R","pavement_ft":36,"width_ft":3.0,"width_source":"default","path_ft":6,"depth_ft":-7.5,"zone":"C-W","district":"West Berkeley Commercial","cat":"com","zone_dist_m":2.6,"campable_zone":true,"count":0,"placement":null}},{"type":"Feature","geometry":{"type":"LineString","coordinates":[[-122.30206597492125,37.86692336536874],[-122.30234827676955,37.866873664340574],[-122.30248642140859,37.86684350600455],[-122.30260428666786,37.86681109305846]]},"properties":{"id":"364L","street":"UNIVERSITY AVE","side":"L","pavement_ft":40,"width_ft":7.9,"width_source":"default","path_ft":6,"depth_ft":-2.6,"zone":"MULI","district":"Mixed Use-Light Industrial","cat":"man","zone_dist_m":0.0,"campable_zone":true,"count":0,"placement":null}},{"type":"Feature","geometry":{"type":"LineString","coordinates":[[-122.30209602509997,37.86703063462905],[-122.3023800252968,37.86698063459519],[-122.30238340015781,37.86697996957334],[-122.30252540025249,37.86694896955234],[-122.30252971328875,37.86694790695914],[-122.30264971336352,37.86691490693702]]},"properties":{"id":"364R","street":"UNIVERSITY AVE","side":"R","pavement_ft":40,"width_ft":32.2,"width_source":"default","path_ft":10,"depth_ft":17.7,"zone":"MULI","district":"Mixed Use-Light Industrial","cat":"man","zone_dist_m":11.2,"campable_zone":true,"count":0,"placement":null}},{"type":"Feature","geometry":{"type":"LineString","coordinates":[[-122.31546924201439,37.864256841867366],[-122.31566524190093,37.86420784189712]]},"properties":{"id":"367L","street":"M DOCK","side":"L","pavement_ft":36,"width_ft":36.1,"width_source":"default","path_ft":10,"depth_ft":21.6,"zone":"U","district":"Unclassified","cat":"other","zone_dist_m":10.3,"campable_zone":false,"count":0,"placement":null}},{"type":"Feature","geometry":{"type":"LineString","coordinates":[[-122.31538524196527,37.86427784187905],[-122.31546924191665,37.864256841891795]]},"properties":{"id":"368L","street":"M DOCK","side":"L","pavement_ft":36,"width_ft":37.0,"width_source":"default","path_ft":10,"depth_ft":22.5,"zone":"U","district":"Unclassified","cat":"other","zone_dist_m":12.0,"campable_zone":false,"count":0,"placement":null}},{"type":"Feature","geometry":{"type":"LineString","coordinates":[[-122.31521046343472,37.864309914388805],[-122.31511046349634,37.8643289143772]]},"properties":{"id":"369R","street":"L DOCK","side":"R","pavement_ft":36,"width_ft":32.2,"width_source":"default","path_ft":10,"depth_ft":17.7,"zone":"U","district":"Unclassified","cat":"other","zone_dist_m":11.6,"campable_zone":false,"count":0,"placement":null}},{"type":"Feature","geometry":{"type":"LineString","coordinates":[[-122.31273593965354,37.86483091811367],[-122.31307393945892,37.86474491816584]]},"properties":{"id":"370L","street":"J DOCK","side":"L","pavement_ft":36,"width_ft":35.3,"width_source":"default","path_ft":10,"depth_ft":20.8,"zone":"U","district":"Unclassified","cat":"other","zone_dist_m":11.2,"campable_zone":false,"count":0,"placement":null}},{"type":"Feature","geometry":{"type":"LineString","coordinates":[[-122.31511068682508,37.86432887228922],[-122.31489668695734,37.86436887226479]]},"properties":{"id":"375R","street":"L DOCK","side":"R","pavement_ft":36,"width_ft":30.9,"width_source":"default","path_ft":10,"depth_ft":16.4,"zone":"U","district":"Unclassified","cat":"other","zone_dist_m":11.3,"campable_zone":false,"count":0,"placement":null}},{"type":"Feature","geometry":{"type":"LineString","coordinates":[[-122.31489306744332,37.86422111910518],[-122.31497006757165,37.86440111906826]]},"properties":{"id":"376L","street":"L DOCK","side":"L","pavement_ft":36,"width_ft":21.7,"width_source":"default","path_ft":10,"depth_ft":7.2,"zone":"U","district":"Unclassified","cat":"other","zone_dist_m":5.6,"campable_zone":false,"count":0,"placement":null}},{"type":"Feature","geometry":{"type":"LineString","coordinates":[[-122.31477493253173,37.86425288086491],[-122.31485193240339,37.86443288090183]]},"properties":{"id":"376R","street":"L DOCK","side":"R","pavement_ft":36,"width_ft":18.2,"width_source":"default","path_ft":10,"depth_ft":3.7,"zone":"U","district":"Unclassified","cat":"other","zone_dist_m":6.4,"campable_zone":false,"count":0,"placement":null}},{"type":"Feature","geometry":{"type":"LineString","coordinates":[[-122.31465583849173,37.86442346126782],[-122.31489383835029,37.86436946130072]]},"properties":{"id":"377L","street":"L DOCK","side":"L","pavement_ft":36,"width_ft":32.6,"width_source":"default","path_ft":10,"depth_ft":18.1,"zone":"U","district":"Unclassified","cat":"other","zone_dist_m":11.2,"campable_zone":false,"count":0,"placement":null}},{"type":"Feature","geometry":{"type":"LineString","coordinates":[[-122.31453048216092,37.864452543024676],[-122.31465548208703,37.86442354304233]]},"properties":{"id":"378L","street":"L DOCK","side":"L","pavement_ft":36,"width_ft":35.3,"width_source":"default","path_ft":10,"depth_ft":20.8,"zone":"U","district":"Unclassified","cat":"other","zone_dist_m":11.6,"campable_zone":false,"count":0,"placement":null}},{"type":"Feature","geometry":{"type":"LineString","coordinates":[[-122.31339354369402,37.864688717172896],[-122.31307954389,37.864743717139355]]},"properties":{"id":"379R","street":"J DOCK","side":"R","pavement_ft":36,"width_ft":34.4,"width_source":"default","path_ft":10,"depth_ft":19.9,"zone":"U","district":"Unclassified","cat":"other","zone_dist_m":11.0,"campable_zone":false,"count":0,"placement":null}},{"type":"Feature","geometry":{"type":"LineString","coordinates":[[-122.31308466602846,37.86460059321963],[-122.313152666159,37.86477759318687]]},"properties":{"id":"380L","street":"J DOCK","side":"L","pavement_ft":36,"width_ft":23.4,"width_source":"default","path_ft":10,"depth_ft":8.9,"zone":"U","district":"Unclassified","cat":"other","zone_dist_m":5.5,"campable_zone":false,"count":0,"placement":null}},{"type":"Feature","geometry":{"type":"LineString","coordinates":[[-122.31296533394872,37.86462940674984],[-122.31303333381818,37.864806406782634]]},"properties":{"id":"380R","street":"J DOCK","side":"R","pavement_ft":36,"width_ft":25.5,"width_source":"default","path_ft":10,"depth_ft":11.0,"zone":"U","district":"Unclassified","cat":"other","zone_dist_m":5.9,"campable_zone":false,"count":0,"placement":null}},{"type":"Feature","geometry":{"type":"LineString","coordinates":[[-122.31671486704114,37.865016199505796],[-122.31698486688883,37.86494319954993]]},"properties":{"id":"381L","street":"N DOCK","side":"L","pavement_ft":36,"width_ft":31.9,"width_source":"default","path_ft":10,"depth_ft":17.4,"zone":"U","district":"Unclassified","cat":"other","zone_dist_m":8.8,"campable_zone":false,"count":0,"placement":null}},{"type":"Feature","geometry":{"type":"LineString","coordinates":[[-122.3167551329839,37.86510980049063],[-122.31702513313623,37.8650368004465]]},"properties":{"id":"381R","street":"N DOCK","side":"R","pavement_ft":36,"width_ft":31.7,"width_source":"default","path_ft":10,"depth_ft":17.2,"zone":"U","district":"Unclassified","cat":"other","zone_dist_m":8.7,"campable_zone":false,"count":0,"placement":null}},{"type":"Feature","geometry":{"type":"LineString","coordinates":[[-122.28116502078042,37.875030608013496],[-122.28106502124774,37.874115607986354]]},"properties":{"id":"396L","street":"EOLA ST","side":"L","pavement_ft":22,"width_ft":12.9,"width_source":"gis","path_ft":6,"depth_ft":2.4,"zone":"R-2","district":"Multi-Unit 2","cat":"res","zone_dist_m":4.0,"campable_zone":false,"count":0,"placement":null}},{"type":"Feature","geometry":{"type":"LineString","coordinates":[[-122.2812409792171,37.87502539197422],[-122.28114097874979,37.87411039200134]]},"properties":{"id":"396R","street":"EOLA ST","side":"R","pavement_ft":22,"width_ft":14.9,"width_source":"gis","path_ft":10,"depth_ft":0.4,"zone":"R-2","district":"Multi-Unit 2","cat":"res","zone_dist_m":5.2,"campable_zone":false,"count":0,"placement":null}},{"type":"Feature","geometry":{"type":"LineString","coordinates":[[-122.28824620035697,37.868605701926484],[-122.28820720054286,37.8683797019081]]},"properties":{"id":"397L","street":"BROWNING ST","side":"L","pavement_ft":36,"width_ft":7.0,"width_source":"gis","path_ft":6,"depth_ft":-3.5,"zone":"R-2","district":"Multi-Unit 2","cat":"res","zone_dist_m":1.9,"campable_zone":false,"count":0,"placement":null}},{"type":"Feature","geometry":{"type":"LineString","coordinates":[[-122.28836979963235,37.86859229804098],[-122.28833079944646,37.868366298059314]]},"properties":{"id":"397R","street":"BROWNING ST","side":"R","pavement_ft":36,"width_ft":16.8,"width_source":"gis","path_ft":10,"depth_ft":2.3,"zone":"R-2A","district":"Multi-Unit 2A","cat":"res","zone_dist_m":5.2,"campable_zone":false,"count":0,"placement":null}},{"type":"Feature","geometry":{"type":"LineString","coordinates":[[-122.28820742490088,37.868380893713905],[-122.2878904261656,37.866826893562845]]},"properties":{"id":"398L","street":"BROWNING ST","side":"L","pavement_ft":36,"width_ft":8.0,"width_source":"gis","path_ft":6,"depth_ft":-2.5,"zone":"R-2","district":"Multi-Unit 2","cat":"res","zone_dist_m":2.4,"campable_zone":false,"count":0,"placement":null}},{"type":"Feature","geometry":{"type":"LineString","coordinates":[[-122.28833057508652,37.86836510625371],[-122.28801357382174,37.8668111064048]]},"properties":{"id":"398R","street":"BROWNING ST","side":"R","pavement_ft":36,"width_ft":14.9,"width_source":"gis","path_ft":10,"depth_ft":0.4,"zone":"R-2","district":"Multi-Unit 2","cat":"res","zone_dist_m":4.6,"campable_zone":false,"count":0,"placement":null}},{"type":"Feature","geometry":{"type":"LineString","coordinates":[[-122.30296364877027,37.86639332084905],[-122.30297256173387,37.86665774539007],[-122.30296381294173,37.8667471767168]]},"properties":{"id":"404R","street":"I80 EAST (OFF RAMP) UNIV","side":"R","pavement_ft":36,"width_ft":31.4,"width_source":"default","path_ft":10,"depth_ft":16.9,"zone":"C-W","district":"West Berkeley Commercial","cat":"com","zone_dist_m":9.7,"campable_zone":true,"count":0,"placement":null}},{"type":"Feature","geometry":{"type":"LineString","coordinates":[[-122.30298062341997,37.86553580212382],[-122.30301441046227,37.8656838694092],[-122.30303424277989,37.86579493090646]]},"properties":{"id":"405R","street":"I80 EAST (OFF RAMP) UNIV","side":"R","pavement_ft":36,"width_ft":28.4,"width_source":"default","path_ft":10,"depth_ft":13.9,"zone":"U","district":"Unclassified","cat":"other","zone_dist_m":10.1,"campable_zone":false,"count":0,"placement":null}},{"type":"Feature","geometry":{"type":"LineString","coordinates":[[-122.29622471136689,37.86696585277979],[-122.295119710696,37.86719385291878]]},"properties":{"id":"408L","street":"ADDISON ST","side":"L","pavement_ft":36,"width_ft":10.4,"width_source":"gis","path_ft":6,"depth_ft":-0.1,"zone":"R-4","district":"Multi-Family Residential","cat":"res","zone_dist_m":4.1,"campable_zone":false,"count":0,"placement":null}},{"type":"Feature","geometry":{"type":"LineString","coordinates":[[-122.29619328865299,37.86687014721793],[-122.29508828932389,37.86709814707892]]},"properties":{"id":"408R","street":"ADDISON ST","side":"R","pavement_ft":36,"width_ft":14.3,"width_source":"gis","path_ft":10,"depth_ft":-0.2,"zone":"R-2","district":"Multi-Unit 2","cat":"res","zone_dist_m":4.3,"campable_zone":false,"count":0,"placement":null}},{"type":"Feature","geometry":{"type":"LineString","coordinates":[[-122.29378517300472,37.88301625567128],[-122.2937835136908,37.88299966241627],[-122.29315855908172,37.88101497788373]]},"properties":{"id":"411L","street":"CORNELL AVE","side":"L","pavement_ft":30,"width_ft":6.4,"width_source":"gis","path_ft":6,"depth_ft":-4.1,"zone":"R-2","district":"Multi-Unit 2","cat":"res","zone_dist_m":2.3,"campable_zone":false,"count":0,"placement":null}},{"type":"Feature","geometry":{"type":"LineString","coordinates":[[-122.29388882699106,37.883009744305824],[-122.29388682697711,37.88298974430657],[-122.2938863101393,37.88298636035677],[-122.29388544218509,37.88298302184228],[-122.29325944090505,37.8809950220945]]},"properties":{"id":"411R","street":"CORNELL AVE","side":"R","pavement_ft":30,"width_ft":11.2,"width_source":"gis","path_ft":6,"depth_ft":0.7,"zone":"R-2","district":"Multi-Unit 2","cat":"res","zone_dist_m":4.6,"campable_zone":false,"count":0,"placement":null}},{"type":"Feature","geometry":{"type":"LineString","coordinates":[[-122.2928844452883,37.88302161380502],[-122.29232744648135,37.88118161358062]]},"properties":{"id":"412L","street":"TALBOT AVE","side":"L","pavement_ft":30,"width_ft":7.0,"width_source":"gis","path_ft":6,"depth_ft":-3.5,"zone":"R-2","district":"Multi-Unit 2","cat":"res","zone_dist_m":2.9,"campable_zone":false,"count":0,"placement":null}},{"type":"Feature","geometry":{"type":"LineString","coordinates":[[-122.29298555469889,37.88300238617311],[-122.29242855350581,37.88116238639752]]},"properties":{"id":"412R","street":"TALBOT AVE","side":"R","pavement_ft":30,"width_ft":13.3,"width_source":"gis","path_ft":6,"depth_ft":2.8,"zone":"R-2","district":"Multi-Unit 2","cat":"res","zone_dist_m":5.4,"campable_zone":false,"count":0,"placement":null}},{"type":"Feature","geometry":{"type":"LineString","coordinates":[[-122.30483179927802,37.87556230539936],[-122.30365479895859,37.87579830546339]]},"properties":{"id":"413L","street":"PAGE ST","side":"L","pavement_ft":16,"width_ft":21.4,"width_source":"gis","path_ft":10,"depth_ft":6.9,"zone":"MRD","district":"Manufacturing Research District","cat":"man","zone_dist_m":8.1,"campable_zone":true,"count":20,"placement":"building"}},{"type":"Feature","geometry":{"type":"LineString","coordinates":[[-122.30481820072579,37.87551969460021],[-122.30364120104525,37.875755694536196]]},"properties":{"id":"413R","street":"PAGE ST","side":"R","pavement_ft":16,"width_ft":19.1,"width_source":"gis","path_ft":10,"depth_ft":4.6,"zone":"M","district":"Manufacturing","cat":"man","zone_dist_m":5.7,"campable_zone":true,"count":0,"placement":null}},{"type":"Feature","geometry":{"type":"LineString","coordinates":[[-122.28969860066046,37.87577809775992],[-122.28913260180032,37.87400309753198]]},"properties":{"id":"415L","street":"BELVEDERE AVE","side":"L","pavement_ft":30,"width_ft":8.7,"width_source":"gis","path_ft":6,"depth_ft":-1.8,"zone":"R-2","district":"Multi-Unit 2","cat":"res","zone_dist_m":2.6,"campable_zone":false,"count":0,"placement":null}},{"type":"Feature","geometry":{"type":"LineString","coordinates":[[-122.28979939932611,37.87575790221834],[-122.28923339818625,37.873982902446286]]},"properties":{"id":"415R","street":"BELVEDERE AVE","side":"R","pavement_ft":30,"width_ft":11.8,"width_source":"gis","path_ft":6,"depth_ft":1.3,"zone":"R-2","district":"Multi-Unit 2","cat":"res","zone_dist_m":4.2,"campable_zone":false,"count":0,"placement":null}},{"type":"Feature","geometry":{"type":"LineString","coordinates":[[-122.30578442242005,37.87853229212281],[-122.30467342149866,37.878732292285534]]},"properties":{"id":"416L","street":"GILMAN ST","side":"L","pavement_ft":48,"width_ft":21.9,"width_source":"gis","path_ft":10,"depth_ft":7.4,"zone":"M","district":"Manufacturing","cat":"man","zone_dist_m":8.4,"campable_zone":true,"count":27,"placement":"curb"}},{"type":"Feature","geometry":{"type":"LineString","coordinates":[[-122.30574757761117,37.878403707873915],[-122.30463657853258,37.8786037077112]]},"properties":{"id":"416R","street":"GILMAN ST","side":"R","pavement_ft":48,"width_ft":17.1,"width_source":"gis","path_ft":10,"depth_ft":2.6,"zone":"MRD","district":"Manufacturing Research District","cat":"man","zone_dist_m":2.7,"campable_zone":true,"count":0,"placement":null}},{"type":"Feature","geometry":{"type":"LineString","coordinates":[[-122.28666716075755,37.88062901779141],[-122.2873641621307,37.87875501815516]]},"properties":{"id":"418L","street":"ORDWAY ST","side":"L","pavement_ft":36,"width_ft":19.1,"width_source":"gis","path_ft":10,"depth_ft":4.6,"zone":"R-2","district":"Multi-Unit 2","cat":"res","zone_dist_m":5.7,"campable_zone":false,"count":0,"placement":null}},{"type":"Feature","geometry":{"type":"LineString","coordinates":[[-122.28678683926555,37.88065698217839],[-122.28748383789235,37.878782981814574]]},"properties":{"id":"418R","street":"ORDWAY ST","side":"R","pavement_ft":36,"width_ft":7.1,"width_source":"gis","path_ft":6,"depth_ft":-3.4,"zone":"R-2","district":"Multi-Unit 2","cat":"res","zone_dist_m":5.5,"campable_zone":false,"count":0,"placement":null}},{"type":"Feature","geometry":{"type":"LineString","coordinates":[[-122.28241796454617,37.88030273661339],[-122.28163496432212,37.880698736794855]]},"properties":{"id":"419L","street":"ADA ST","side":"L","pavement_ft":30,"width_ft":8.9,"width_source":"gis","path_ft":6,"depth_ft":-1.6,"zone":"R-1","district":"Multi-Unit 1","cat":"res","zone_dist_m":6.6,"campable_zone":false,"count":0,"placement":null}},{"type":"Feature","geometry":{"type":"LineString","coordinates":[[-122.28236203547995,37.880233263380035],[-122.28157903570397,37.88062926319854]]},"properties":{"id":"419R","street":"ADA ST","side":"R","pavement_ft":30,"width_ft":21.9,"width_source":"gis","path_ft":10,"depth_ft":7.4,"zone":"R-1","district":"Multi-Unit 1","cat":"res","zone_dist_m":6.9,"campable_zone":false,"count":0,"placement":null}},{"type":"Feature","geometry":{"type":"LineString","coordinates":[[-122.28154104986355,37.880696983459146],[-122.28076805039868,37.87972598303679]]},"properties":{"id":"420L","street":"CALIFORNIA ST","side":"L","pavement_ft":45,"width_ft":12.9,"width_source":"gis","path_ft":6,"depth_ft":2.4,"zone":"R-1","district":"Multi-Unit 1","cat":"res","zone_dist_m":4.0,"campable_zone":false,"count":0,"placement":null}},{"type":"Feature","geometry":{"type":"LineString","coordinates":[[-122.28167295007796,37.88063101650312],[-122.28089994954284,37.8796600169255]]},"properties":{"id":"420R","street":"CALIFORNIA ST","side":"R","pavement_ft":45,"width_ft":2.6,"width_source":"gis","path_ft":6,"depth_ft":-7.9,"zone":"R-1","district":"Multi-Unit 1","cat":"res","zone_dist_m":3.0,"campable_zone":false,"count":0,"placement":null}},{"type":"Feature","geometry":{"type":"LineString","coordinates":[[-122.28495133541928,37.87638731065101],[-122.28481333634936,37.87520731059246]]},"properties":{"id":"423L","street":"ACTON ST","side":"L","pavement_ft":34,"width_ft":15.2,"width_source":"gis","path_ft":10,"depth_ft":0.7,"zone":"R-1","district":"Multi-Unit 1","cat":"res","zone_dist_m":6.0,"campable_zone":false,"count":0,"placement":null}},{"type":"Feature","geometry":{"type":"LineString","coordinates":[[-122.28506866457433,37.87637868931967],[-122.28493066364429,37.87519868937822]]},"properties":{"id":"423R","street":"ACTON ST","side":"R","pavement_ft":34,"width_ft":12.1,"width_source":"gis","path_ft":6,"depth_ft":1.6,"zone":"R-1","district":"Multi-Unit 1","cat":"res","zone_dist_m":4.8,"campable_zone":false,"count":0,"placement":null}},{"type":"Feature","geometry":{"type":"LineString","coordinates":[[-122.28037997569807,37.87610381063988],[-122.27813697425054,37.876391810812926]]},"properties":{"id":"424L","street":"LINCOLN ST","side":"L","pavement_ft":36,"width_ft":12.9,"width_source":"gis","path_ft":6,"depth_ft":2.4,"zone":"R-2","district":"Multi-Unit 2","cat":"res","zone_dist_m":4.5,"campable_zone":false,"count":0,"placement":null}},{"type":"Feature","geometry":{"type":"LineString","coordinates":[[-122.28036002431463,37.876006189358996],[-122.27811702576213,37.87629418918596]]},"properties":{"id":"424R","street":"LINCOLN ST","side":"R","pavement_ft":36,"width_ft":11.8,"width_source":"gis","path_ft":6,"depth_ft":1.3,"zone":"R-2","district":"Multi-Unit 2","cat":"res","zone_dist_m":3.8,"campable_zone":false,"count":0,"placement":null}},{"type":"Feature","geometry":{"type":"LineString","coordinates":[[-122.29586482908203,37.878662828816694],[-122.29525882871452,37.87878882889355]]},"properties":{"id":"427L","street":"CAMELIA ST","side":"L","pavement_ft":36,"width_ft":10.7,"width_source":"gis","path_ft":6,"depth_ft":0.2,"zone":"C-W","district":"West Berkeley Commercial","cat":"com","zone_dist_m":4.6,"campable_zone":true,"count":0,"placement":null}},{"type":"Feature","geometry":{"type":"LineString","coordinates":[[-122.29583317093798,37.87856717118096],[-122.2952271713055,37.87869317110414]]},"properties":{"id":"427R","street":"CAMELIA ST","side":"R","pavement_ft":36,"width_ft":13.9,"width_source":"gis","path_ft":6,"depth_ft":3.4,"zone":"C-W","district":"West Berkeley Commercial","cat":"com","zone_dist_m":4.1,"campable_zone":true,"count":0,"placement":null}},{"type":"Feature","geometry":{"type":"LineString","coordinates":[[-122.28894371208304,37.87798417777483],[-122.28745671168592,37.878806178179005]]},"properties":{"id":"428L","street":"HOPKINS ST","side":"L","pavement_ft":33,"width_ft":9.2,"width_source":"gis","path_ft":6,"depth_ft":-1.3,"zone":"R-2","district":"Multi-Unit 2","cat":"res","zone_dist_m":5.7,"campable_zone":false,"count":0,"placement":null}},{"type":"Feature","geometry":{"type":"LineString","coordinates":[[-122.28887828794967,37.877909822216175],[-122.28739128834681,37.87873182181197]]},"properties":{"id":"428R","street":"HOPKINS ST","side":"R","pavement_ft":33,"width_ft":21.6,"width_source":"gis","path_ft":10,"depth_ft":7.1,"zone":"R-2","district":"Multi-Unit 2","cat":"res","zone_dist_m":6.8,"campable_zone":false,"count":0,"placement":null}},{"type":"Feature","geometry":{"type":"LineString","coordinates":[[-122.28738105195525,37.87875820704629],[-122.28738477886195,37.87874888979443],[-122.28719697277879,37.87826959223427]]},"properties":{"id":"429L","street":"ORDWAY ST","side":"L","pavement_ft":26,"width_ft":12.5,"width_source":"gis","path_ft":6,"depth_ft":2.0,"zone":"R-2","district":"Multi-Unit 2","cat":"res","zone_dist_m":3.5,"campable_zone":false,"count":0,"placement":null}},{"type":"Feature","geometry":{"type":"LineString","coordinates":[[-122.28746694805751,37.87877979293813],[-122.28747494804716,37.878759792935156],[-122.28747610544134,37.87875629296509],[-122.2874768100881,37.87875271813201],[-122.28747705475422,37.87874910513197],[-122.28747683692824,37.87874549105282],[-122.28747615884626,37.87874191299349],[-122.28747502746891,37.878738407683144],[-122.28728302720911,37.878248407749865]]},"properties":{"id":"429R","street":"ORDWAY ST","side":"R","pavement_ft":26,"width_ft":7.3,"width_source":"gis","path_ft":6,"depth_ft":-3.2,"zone":"R-2","district":"Multi-Unit 2","cat":"res","zone_dist_m":3.7,"campable_zone":false,"count":0,"placement":null}},{"type":"Feature","geometry":{"type":"LineString","coordinates":[[-122.30467811438903,37.878731332740635],[-122.30400211385444,37.87888633286649]]},"properties":{"id":"432L","street":"GILMAN ST","side":"L","pavement_ft":48,"width_ft":21.1,"width_source":"gis","path_ft":10,"depth_ft":6.6,"zone":"M","district":"Manufacturing","cat":"man","zone_dist_m":8.5,"campable_zone":true,"count":13,"placement":"building"}},{"type":"Feature","geometry":{"type":"LineString","coordinates":[[-122.3046318856498,37.87860466725454],[-122.30395588618438,37.87875966712868]]},"properties":{"id":"432R","street":"GILMAN ST","side":"R","pavement_ft":48,"width_ft":13.8,"width_source":"gis","path_ft":6,"depth_ft":3.3,"zone":"M","district":"Manufacturing","cat":"man","zone_dist_m":2.5,"campable_zone":true,"count":0,"placement":null}},{"type":"Feature","geometry":{"type":"LineString","coordinates":[[-122.30400202981991,37.87888635209654],[-122.30355102946292,37.878989352180184]]},"properties":{"id":"433L","street":"GILMAN ST","side":"L","pavement_ft":48,"width_ft":16.8,"width_source":"gis","path_ft":10,"depth_ft":2.3,"zone":"M","district":"Manufacturing","cat":"man","zone_dist_m":6.8,"campable_zone":true,"count":0,"placement":null}},{"type":"Feature","geometry":{"type":"LineString","coordinates":[[-122.30395597021878,37.878759647898676],[-122.30350497057579,37.878862647815005]]},"properties":{"id":"433R","street":"GILMAN ST","side":"R","pavement_ft":48,"width_ft":17.0,"width_source":"gis","path_ft":10,"depth_ft":2.5,"zone":"M","district":"Manufacturing","cat":"man","zone_dist_m":3.9,"campable_zone":true,"count":0,"placement":null}},{"type":"Feature","geometry":{"type":"LineString","coordinates":[[-122.2887423206242,37.88118417848134],[-122.28834832039962,37.88108617841732]]},"properties":{"id":"434L","street":"GILMAN ST","side":"L","pavement_ft":36,"width_ft":10.9,"width_source":"gis","path_ft":6,"depth_ft":0.4,"zone":"R-2","district":"Multi-Unit 2","cat":"res","zone_dist_m":4.6,"campable_zone":false,"count":0,"placement":null}},{"type":"Feature","geometry":{"type":"LineString","coordinates":[[-122.2887796793515,37.88108982151509],[-122.28838567957614,37.88099182157911]]},"properties":{"id":"434R","street":"GILMAN ST","side":"R","pavement_ft":36,"width_ft":14.4,"width_source":"gis","path_ft":10,"depth_ft":-0.1,"zone":"C-N","district":"Neighborhood Commercial","cat":"com","zone_dist_m":4.1,"campable_zone":true,"count":0,"placement":null}},{"type":"Feature","geometry":{"type":"LineString","coordinates":[[-122.29232783403639,37.881182814013506],[-122.29175583509127,37.87951581378326]]},"properties":{"id":"435L","street":"TALBOT AVE","side":"L","pavement_ft":30,"width_ft":7.5,"width_source":"gis","path_ft":6,"depth_ft":-3.0,"zone":"R-2","district":"Multi-Unit 2","cat":"res","zone_dist_m":3.4,"campable_zone":false,"count":0,"placement":null}},{"type":"Feature","geometry":{"type":"LineString","coordinates":[[-122.29242816594925,37.881161185964935],[-122.29185616489434,37.87949418619521]]},"properties":{"id":"435R","street":"TALBOT AVE","side":"R","pavement_ft":30,"width_ft":13.6,"width_source":"gis","path_ft":6,"depth_ft":3.1,"zone":"R-2","district":"Multi-Unit 2","cat":"res","zone_dist_m":5.5,"campable_zone":false,"count":0,"placement":null}},{"type":"Feature","geometry":{"type":"LineString","coordinates":[[-122.28163456965721,37.88069893442246],[-122.28056956934292,37.881226934665676]]},"properties":{"id":"438L","street":"ADA ST","side":"L","pavement_ft":30,"width_ft":9.6,"width_source":"gis","path_ft":6,"depth_ft":-0.9,"zone":"R-2","district":"Multi-Unit 2","cat":"res","zone_dist_m":5.7,"campable_zone":false,"count":0,"placement":null}},{"type":"Feature","geometry":{"type":"LineString","coordinates":[[-122.28157943036865,37.88062906557112],[-122.28051443068298,37.88115706532792]]},"properties":{"id":"438R","street":"ADA ST","side":"R","pavement_ft":30,"width_ft":21.5,"width_source":"gis","path_ft":10,"depth_ft":7.0,"zone":"R-1","district":"Multi-Unit 1","cat":"res","zone_dist_m":6.9,"campable_zone":false,"count":0,"placement":null}},{"type":"Feature","geometry":{"type":"LineString","coordinates":[[-122.28245395407443,37.87491781341703],[-122.28121295327347,37.87507681351258]]},"properties":{"id":"441L","street":"VIRGINIA ST","side":"L","pavement_ft":36,"width_ft":11.3,"width_source":"gis","path_ft":6,"depth_ft":0.8,"zone":"R-2","district":"Multi-Unit 2","cat":"res","zone_dist_m":3.6,"campable_zone":false,"count":0,"placement":null}},{"type":"Feature","geometry":{"type":"LineString","coordinates":[[-122.2824340459382,37.87482018658185],[-122.28119304673915,37.87497918648631]]},"properties":{"id":"441R","street":"VIRGINIA ST","side":"R","pavement_ft":36,"width_ft":12.4,"width_source":"gis","path_ft":6,"depth_ft":1.9,"zone":"R-2","district":"Multi-Unit 2","cat":"res","zone_dist_m":3.9,"campable_zone":false,"count":0,"placement":null}},{"type":"Feature","geometry":{"type":"LineString","coordinates":[[-122.28121308309562,37.87507679676882],[-122.2802810824947,37.87519779684157]]},"properties":{"id":"442L","street":"VIRGINIA ST","side":"L","pavement_ft":36,"width_ft":11.6,"width_source":"gis","path_ft":6,"depth_ft":1.1,"zone":"R-2","district":"Multi-Unit 2","cat":"res","zone_dist_m":3.9,"campable_zone":false,"count":0,"placement":null}},{"type":"Feature","geometry":{"type":"LineString","coordinates":[[-122.28119291691718,37.87497920323004],[-122.2802609175181,37.875100203157274]]},"properties":{"id":"442R","street":"VIRGINIA ST","side":"R","pavement_ft":36,"width_ft":13.2,"width_source":"gis","path_ft":6,"depth_ft":2.7,"zone":"R-2","district":"Multi-Unit 2","cat":"res","zone_dist_m":4.1,"campable_zone":false,"count":0,"placement":null}},{"type":"Feature","geometry":{"type":"LineString","coordinates":[[-122.28583485624424,37.87355860345044],[-122.28470385563925,37.87371360352839]]},"properties":{"id":"443L","street":"FRANCISCO ST","side":"L","pavement_ft":30,"width_ft":10.2,"width_source":"gis","path_ft":6,"depth_ft":-0.3,"zone":"R-2","district":"Multi-Unit 2","cat":"res","zone_dist_m":3.7,"campable_zone":false,"count":0,"placement":null}},{"type":"Feature","geometry":{"type":"LineString","coordinates":[[-122.28581714376514,37.8734773965487],[-122.28468614437011,37.87363239647075]]},"properties":{"id":"443R","street":"FRANCISCO ST","side":"R","pavement_ft":30,"width_ft":9.1,"width_source":"gis","path_ft":6,"depth_ft":-1.4,"zone":"R-2","district":"Multi-Unit 2","cat":"res","zone_dist_m":3.1,"campable_zone":false,"count":0,"placement":null}},{"type":"Feature","geometry":{"type":"LineString","coordinates":[[-122.2846363354824,37.87367729275508],[-122.28454433610507,37.872887292716065],[-122.28454408830274,37.87288265391035],[-122.28454442281623,37.87287801852571],[-122.28456242292003,37.8727450185356]]},"properties":{"id":"444L","street":"ACTON ST","side":"L","pavement_ft":34,"width_ft":11.4,"width_source":"gis","path_ft":6,"depth_ft":0.9,"zone":"R-BMU","district":"Residential BART Mixed Use","cat":"mixres","zone_dist_m":3.1,"campable_zone":true,"count":0,"placement":null}},{"type":"Feature","geometry":{"type":"LineString","coordinates":[[-122.28475366451124,37.873668707215614],[-122.28466220430238,37.872883347778924],[-122.28467957708831,37.87275498143532]]},"properties":{"id":"444R","street":"ACTON ST","side":"R","pavement_ft":34,"width_ft":15.6,"width_source":"gis","path_ft":10,"depth_ft":1.1,"zone":"R-2","district":"Multi-Unit 2","cat":"res","zone_dist_m":5.6,"campable_zone":false,"count":0,"placement":null}},{"type":"Feature","geometry":{"type":"LineString","coordinates":[[-122.31380019082022,37.86782161792169],[-122.31350719064771,37.867756617878676]]},"properties":{"id":"446L","street":"HORNBLOWER DOCK","side":"L","pavement_ft":36,"width_ft":32.9,"width_source":"default","path_ft":10,"depth_ft":18.4,"zone":"U","district":"Unclassified","cat":"other","zone_dist_m":9.5,"campable_zone":false,"count":0,"placement":null}},{"type":"Feature","geometry":{"type":"LineString","coordinates":[[-122.31370545875511,37.86796594267536],[-122.31371045877444,37.86794194267812]]},"properties":{"id":"447L","street":"HORNBLOWER DOCK","side":"L","pavement_ft":36,"width_ft":21.4,"width_source":"default","path_ft":10,"depth_ft":6.9,"zone":"U","district":"Unclassified","cat":"other","zone_dist_m":0.0,"campable_zone":false,"count":0,"placement":null}},{"type":"Feature","geometry":{"type":"LineString","coordinates":[[-122.3138285412588,37.86798205729258],[-122.31383354123946,37.86795805728981]]},"properties":{"id":"447R","street":"HORNBLOWER DOCK","side":"R","pavement_ft":36,"width_ft":17.0,"width_source":"default","path_ft":10,"depth_ft":2.5,"zone":"U","district":"Unclassified","cat":"other","zone_dist_m":0.0,"campable_zone":false,"count":0,"placement":null}},{"type":"Feature","geometry":{"type":"LineString","coordinates":[[-122.31371086823276,37.86794017723636],[-122.31375586837149,37.86776417726078]]},"properties":{"id":"448L","street":"HORNBLOWER DOCK","side":"L","pavement_ft":36,"width_ft":22.7,"width_source":"default","path_ft":10,"depth_ft":8.2,"zone":"U","district":"Unclassified","cat":"other","zone_dist_m":4.1,"campable_zone":false,"count":0,"placement":null}},{"type":"Feature","geometry":{"type":"LineString","coordinates":[[-122.31383313178394,37.86795982273204],[-122.31387813164521,37.86778382270763]]},"properties":{"id":"448R","street":"HORNBLOWER DOCK","side":"R","pavement_ft":36,"width_ft":25.8,"width_source":"default","path_ft":10,"depth_ft":11.3,"zone":"U","district":"Unclassified","cat":"other","zone_dist_m":4.2,"campable_zone":false,"count":0,"placement":null}},{"type":"Feature","geometry":{"type":"LineString","coordinates":[[-122.28214194829543,37.87219881413073],[-122.2799709468943,37.87247681429775]]},"properties":{"id":"449L","street":"HEARST AVE","side":"L","pavement_ft":36,"width_ft":12.7,"width_source":"gis","path_ft":6,"depth_ft":2.2,"zone":"R-2A","district":"Multi-Unit 2A","cat":"res","zone_dist_m":4.2,"campable_zone":false,"count":0,"placement":null}},{"type":"Feature","geometry":{"type":"LineString","coordinates":[[-122.28212205171721,37.87210118586816],[-122.27995105311832,37.872379185701156]]},"properties":{"id":"449R","street":"HEARST AVE","side":"R","pavement_ft":36,"width_ft":10.6,"width_source":"gis","path_ft":6,"depth_ft":0.1,"zone":"R-2A","district":"Multi-Unit 2A","cat":"res","zone_dist_m":3.7,"campable_zone":false,"count":0,"placement":null}},{"type":"Feature","geometry":{"type":"LineString","coordinates":[[-122.30585283867116,37.87533142011463],[-122.3064970222084,37.877658476984145],[-122.3065091110387,37.87777936619634],[-122.30646763018721,37.877943359771166],[-122.30646696866013,37.87794659772219],[-122.30645696861338,37.878010597717115],[-122.30645664658914,37.87801338238109],[-122.30644964651988,37.87810638237716],[-122.30644959721737,37.87811084969563],[-122.30645012029085,37.878115297904706],[-122.3064512103365,37.87811968104911],[-122.30651221020408,37.87831268107534]]},"properties":{"id":"452R","street":"EASTSHORE HWY","side":"R","pavement_ft":32,"width_ft":10.9,"width_source":"gis","path_ft":6,"depth_ft":0.4,"zone":"MRD","district":"Manufacturing Research District","cat":"man","zone_dist_m":3.5,"campable_zone":true,"count":0,"placement":null}},{"type":"Feature","geometry":{"type":"LineString","coordinates":[[-122.29233180052898,37.87549733955143],[-122.2914577999435,37.87559333961012]]},"properties":{"id":"454L","street":"CEDAR ST","side":"L","pavement_ft":37,"width_ft":11.4,"width_source":"gis","path_ft":6,"depth_ft":0.9,"zone":"R-2","district":"Multi-Unit 2","cat":"res","zone_dist_m":4.6,"campable_zone":false,"count":0,"placement":null}},{"type":"Feature","geometry":{"type":"LineString","coordinates":[[-122.29231419948248,37.87539666044761],[-122.29144020006795,37.87549266038891]]},"properties":{"id":"454R","street":"CEDAR ST","side":"R","pavement_ft":37,"width_ft":15.2,"width_source":"gis","path_ft":10,"depth_ft":0.7,"zone":"R-2","district":"Multi-Unit 2","cat":"res","zone_dist_m":4.4,"campable_zone":false,"count":0,"placement":null}},{"type":"Feature","geometry":{"type":"LineString","coordinates":[[-122.2919365988332,37.85727319719159],[-122.29084259819818,37.85754419735595]]},"properties":{"id":"458L","street":"CARLETON ST","side":"L","pavement_ft":36,"width_ft":15.4,"width_source":"gis","path_ft":10,"depth_ft":0.9,"zone":"MULI","district":"Mixed Use-Light Industrial","cat":"man","zone_dist_m":6.1,"campable_zone":true,"count":0,"placement":null}},{"type":"Feature","geometry":{"type":"LineString","coordinates":[[-122.29189940119011,37.857178802805315],[-122.2908054018251,37.85744980264097]]},"properties":{"id":"458R","street":"CARLETON ST","side":"R","pavement_ft":36,"width_ft":21.0,"width_source":"gis","path_ft":10,"depth_ft":6.5,"zone":"MUR","district":"Mixed Use-Residential","cat":"mixres","zone_dist_m":6.2,"campable_zone":true,"count":14,"placement":"building"}},{"type":"Feature","geometry":{"type":"LineString","coordinates":[[-122.28459405375862,37.85736680042964],[-122.28342805300717,37.85751780052039]]},"properties":{"id":"461L","street":"WARD ST","side":"L","pavement_ft":36,"width_ft":12.6,"width_source":"gis","path_ft":6,"depth_ft":2.1,"zone":"R-1","district":"Multi-Unit 1","cat":"res","zone_dist_m":4.7,"campable_zone":false,"count":0,"placement":null}},{"type":"Feature","geometry":{"type":"LineString","coordinates":[[-122.2845739462541,37.857269199569245],[-122.28340794700559,37.85742019947849]]},"properties":{"id":"461R","street":"WARD ST","side":"R","pavement_ft":36,"width_ft":12.3,"width_source":"gis","path_ft":6,"depth_ft":1.8,"zone":"R-1","district":"Multi-Unit 1","cat":"res","zone_dist_m":5.2,"campable_zone":false,"count":0,"placement":null}},{"type":"Feature","geometry":{"type":"LineString","coordinates":[[-122.30556720573769,37.86729280227992],[-122.30566673401145,37.86710824037823],[-122.30567771354205,37.866979231951646],[-122.30564629390675,37.86683831920456],[-122.30550705585789,37.86645541384638]]},"properties":{"id":"462L","street":"W FRONTAGE RD","side":"L","pavement_ft":30,"width_ft":31.4,"width_source":"gis","path_ft":10,"depth_ft":16.9,"zone":"SP","district":"Specific Plan (Waterfront)","cat":"other","zone_dist_m":6.5,"campable_zone":false,"count":0,"placement":null}},{"type":"Feature","geometry":{"type":"LineString","coordinates":[[-122.3056627942835,37.86732519770086],[-122.30576579418394,37.86713419765856],[-122.30576778146153,37.8671298532792],[-122.30576914261876,37.86712535981684],[-122.305769860536,37.86712077378744],[-122.3057818604378,37.86697977378127],[-122.30578190314235,37.86697478438782],[-122.30578118484145,37.86696982747991],[-122.30574818474182,37.86682182749312],[-122.30574694436714,37.866817586075946],[-122.30560694412698,37.866432586132255]]},"properties":{"id":"462R","street":"W FRONTAGE RD","side":"R","pavement_ft":30,"width_ft":4.3,"width_source":"gis","path_ft":6,"depth_ft":-6.2,"zone":"SP","district":"Specific Plan (Waterfront)","cat":"other","zone_dist_m":0.0,"campable_zone":false,"count":0,"placement":null}},{"type":"Feature","geometry":{"type":"LineString","coordinates":[[-122.29262490362161,37.87360681992226],[-122.29176190306445,37.873716819988424]]},"properties":{"id":"470L","street":"VIRGINIA ST","side":"L","pavement_ft":36,"width_ft":12.3,"width_source":"gis","path_ft":6,"depth_ft":1.8,"zone":"R-2","district":"Multi-Unit 2","cat":"res","zone_dist_m":4.6,"campable_zone":false,"count":0,"placement":null}},{"type":"Feature","geometry":{"type":"LineString","coordinates":[[-122.292605096391,37.87350918007662],[-122.29174209694814,37.87361918001049]]},"properties":{"id":"470R","street":"VIRGINIA ST","side":"R","pavement_ft":36,"width_ft":14.2,"width_source":"gis","path_ft":10,"depth_ft":-0.3,"zone":"R-2","district":"Multi-Unit 2","cat":"res","zone_dist_m":4.8,"campable_zone":false,"count":0,"placement":null}},{"type":"Feature","geometry":{"type":"LineString","coordinates":[[-122.28665143152448,37.87626214338147],[-122.28616943120522,37.876325143420466]]},"properties":{"id":"472L","street":"CEDAR ST","side":"L","pavement_ft":37,"width_ft":10.0,"width_source":"gis","path_ft":6,"depth_ft":-0.5,"zone":"R-1","district":"Multi-Unit 1","cat":"res","zone_dist_m":3.4,"campable_zone":false,"count":0,"placement":null}},{"type":"Feature","geometry":{"type":"LineString","coordinates":[[-122.28663056848914,37.876161856617315],[-122.2861485688084,37.87622485657835]]},"properties":{"id":"472R","street":"CEDAR ST","side":"R","pavement_ft":37,"width_ft":13.1,"width_source":"gis","path_ft":6,"depth_ft":2.6,"zone":"R-1","district":"Multi-Unit 1","cat":"res","zone_dist_m":4.3,"campable_zone":false,"count":0,"placement":null}},{"type":"Feature","geometry":{"type":"LineString","coordinates":[[-122.28692585893711,37.87427432369044],[-122.2868278596765,37.873389323646784]]},"properties":{"id":"473L","street":"WEST ST","side":"L","pavement_ft":36,"width_ft":11.3,"width_source":"default","path_ft":6,"depth_ft":0.8,"zone":"R-1","district":"Multi-Unit 1","cat":"res","zone_dist_m":0.0,"campable_zone":false,"count":0,"placement":null}},{"type":"Feature","geometry":{"type":"LineString","coordinates":[[-122.28705014105614,37.874265676276686],[-122.28695214031674,37.87338067632035]]},"properties":{"id":"473R","street":"WEST ST","side":"R","pavement_ft":36,"width_ft":25.0,"width_source":"default","path_ft":10,"depth_ft":10.5,"zone":"R-1","district":"Multi-Unit 1","cat":"res","zone_dist_m":7.9,"campable_zone":false,"count":0,"placement":null}},{"type":"Feature","geometry":{"type":"LineString","coordinates":[[-122.29082378099551,37.881460156065145],[-122.29120778158978,37.88049815623612]]},"properties":{"id":"476L","street":"SANTA FE AVE","side":"L","pavement_ft":31,"width_ft":11.1,"width_source":"gis","path_ft":6,"depth_ft":0.6,"zone":"R-2","district":"Multi-Unit 2","cat":"res","zone_dist_m":3.1,"campable_zone":false,"count":0,"placement":null}},{"type":"Feature","geometry":{"type":"LineString","coordinates":[[-122.29092621902261,37.881485843912714],[-122.29131021842832,37.88052384374173]]},"properties":{"id":"476R","street":"SANTA FE AVE","side":"R","pavement_ft":31,"width_ft":9.9,"width_source":"gis","path_ft":6,"depth_ft":-0.6,"zone":"R-2","district":"Multi-Unit 2","cat":"res","zone_dist_m":5.3,"campable_zone":false,"count":0,"placement":null}},{"type":"Feature","geometry":{"type":"LineString","coordinates":[[-122.312643749219,37.866809625349994],[-122.3127275401587,37.866963242292414],[-122.31284233923915,37.8671838565079],[-122.31284406095314,37.86718687430525],[-122.31287206092699,37.867231874318136]]},"properties":{"id":"480R","street":"G DOCK","side":"R","pavement_ft":36,"width_ft":32.9,"width_source":"default","path_ft":10,"depth_ft":18.4,"zone":"U","district":"Unclassified","cat":"other","zone_dist_m":12.3,"campable_zone":false,"count":0,"placement":null}},{"type":"Feature","geometry":{"type":"LineString","coordinates":[[-122.31267747446985,37.86724488280098],[-122.31290247435874,37.8671648828481]]},"properties":{"id":"481L","street":" F AND G DOCK","side":"L","pavement_ft":36,"width_ft":17.9,"width_source":"default","path_ft":10,"depth_ft":3.4,"zone":"U","district":"Unclassified","cat":"other","zone_dist_m":7.3,"campable_zone":false,"count":0,"placement":null}},{"type":"Feature","geometry":{"type":"LineString","coordinates":[[-122.31272852556093,37.86733511719342],[-122.31295352567204,37.867255117146314]]},"properties":{"id":"481R","street":" F AND G DOCK","side":"R","pavement_ft":36,"width_ft":20.5,"width_source":"default","path_ft":10,"depth_ft":6.0,"zone":"U","district":"Unclassified","cat":"other","zone_dist_m":7.6,"campable_zone":false,"count":0,"placement":null}},{"type":"Feature","geometry":{"type":"LineString","coordinates":[[-122.29511933596773,37.86719392925331],[-122.29401033529095,37.86741692938927]]},"properties":{"id":"486L","street":"ADDISON ST","side":"L","pavement_ft":36,"width_ft":11.0,"width_source":"gis","path_ft":6,"depth_ft":0.5,"zone":"R-3","district":"Multiple-Family Residential","cat":"res","zone_dist_m":4.2,"campable_zone":false,"count":0,"placement":null}},{"type":"Feature","geometry":{"type":"LineString","coordinates":[[-122.29508866405169,37.8670980707445],[-122.29397966472843,37.867321070608526]]},"properties":{"id":"486R","street":"ADDISON ST","side":"R","pavement_ft":36,"width_ft":14.0,"width_source":"gis","path_ft":6,"depth_ft":3.5,"zone":"R-2","district":"Multi-Unit 2","cat":"res","zone_dist_m":4.6,"campable_zone":false,"count":0,"placement":null}},{"type":"Feature","geometry":{"type":"LineString","coordinates":[[-122.29979771853803,37.86736759630881],[-122.30017846260333,37.86729464534617],[-122.30077420699985,37.86717669595125]]},"properties":{"id":"487L","street":"UNIVERSITY AVE","side":"L","pavement_ft":40,"width_ft":4.9,"width_source":"default","path_ft":6,"depth_ft":-5.6,"zone":"C-W","district":"West Berkeley Commercial","cat":"com","zone_dist_m":0.0,"campable_zone":true,"count":0,"placement":null}},{"type":"Feature","geometry":{"type":"LineString","coordinates":[[-122.29153017247145,37.86730369343347],[-122.2901831717464,37.86747369351858]]},"properties":{"id":"488L","street":"COWPER ST","side":"L","pavement_ft":30,"width_ft":7.8,"width_source":"gis","path_ft":6,"depth_ft":-2.7,"zone":"R-2","district":"Multi-Unit 2","cat":"res","zone_dist_m":3.6,"campable_zone":false,"count":0,"placement":null}},{"type":"Feature","geometry":{"type":"LineString","coordinates":[[-122.29151382753723,37.86722230656576],[-122.29016682826226,37.86739230648065]]},"properties":{"id":"488R","street":"COWPER ST","side":"R","pavement_ft":30,"width_ft":11.9,"width_source":"gis","path_ft":6,"depth_ft":1.4,"zone":"R-2","district":"Multi-Unit 2","cat":"res","zone_dist_m":3.5,"campable_zone":false,"count":0,"placement":null}},{"type":"Feature","geometry":{"type":"LineString","coordinates":[[-122.2901134597857,37.86744105919161],[-122.28992946050315,37.86655805910379]]},"properties":{"id":"489L","street":"BYRON ST","side":"L","pavement_ft":36,"width_ft":9.6,"width_source":"gis","path_ft":6,"depth_ft":-0.9,"zone":"R-2","district":"Multi-Unit 2","cat":"res","zone_dist_m":3.1,"campable_zone":false,"count":0,"placement":null}},{"type":"Feature","geometry":{"type":"LineString","coordinates":[[-122.29023654020138,37.867424940776075],[-122.29005253948394,37.86654194086389]]},"properties":{"id":"489R","street":"BYRON ST","side":"R","pavement_ft":36,"width_ft":15.3,"width_source":"gis","path_ft":10,"depth_ft":0.8,"zone":"R-2","district":"Multi-Unit 2","cat":"res","zone_dist_m":4.5,"campable_zone":false,"count":0,"placement":null}},{"type":"Feature","geometry":{"type":"LineString","coordinates":[[-122.29401038761303,37.86741691884941],[-122.29290038693613,37.867640918985984]]},"properties":{"id":"490L","street":"ADDISON ST","side":"L","pavement_ft":36,"width_ft":10.9,"width_source":"gis","path_ft":6,"depth_ft":0.4,"zone":"R-3","district":"Multiple-Family Residential","cat":"res","zone_dist_m":4.9,"campable_zone":false,"count":0,"placement":null}},{"type":"Feature","geometry":{"type":"LineString","coordinates":[[-122.29397961240643,37.86732108114836],[-122.29286961308335,37.86754508101182]]},"properties":{"id":"490R","street":"ADDISON ST","side":"R","pavement_ft":36,"width_ft":14.2,"width_source":"gis","path_ft":10,"depth_ft":-0.3,"zone":"R-2","district":"Multi-Unit 2","cat":"res","zone_dist_m":4.3,"campable_zone":false,"count":0,"placement":null}},{"type":"Feature","geometry":{"type":"LineString","coordinates":[[-122.29875881501523,37.86759620569941],[-122.29904781482465,37.86753020574405],[-122.29904866721114,37.86753001574646],[-122.29979366671411,37.867368015856144]]},"properties":{"id":"491L","street":"UNIVERSITY AVE","side":"L","pavement_ft":40,"width_ft":6.2,"width_source":"default","path_ft":6,"depth_ft":-4.3,"zone":"C-W","district":"West Berkeley Commercial","cat":"com","zone_dist_m":1.6,"campable_zone":true,"count":0,"placement":null}},{"type":"Feature","geometry":{"type":"LineString","coordinates":[[-122.2977572740709,37.86804793200771],[-122.29810027432558,37.86804293200658],[-122.29810615956791,37.86804264734557],[-122.29811199299039,37.868041967155854],[-122.2986869933965,37.867954967097184],[-122.29869058645811,37.867954344684264],[-122.29886458657674,37.86792034466122]]},"properties":{"id":"493R","street":"UNIVERSITY AVE","side":"R","pavement_ft":40,"width_ft":2.3,"width_source":"default","path_ft":6,"depth_ft":-8.2,"zone":"C-W","district":"West Berkeley Commercial","cat":"com","zone_dist_m":1.8,"campable_zone":true,"count":0,"placement":null}},{"type":"Feature","geometry":{"type":"LineString","coordinates":[[-122.28928647865126,37.868474153247526],[-122.28891048009864,37.866691153067954]]},"properties":{"id":"495L","street":"CURTIS ST","side":"L","pavement_ft":36,"width_ft":8.6,"width_source":"gis","path_ft":6,"depth_ft":-1.9,"zone":"R-2","district":"Multi-Unit 2","cat":"res","zone_dist_m":3.1,"campable_zone":false,"count":0,"placement":null}},{"type":"Feature","geometry":{"type":"LineString","coordinates":[[-122.28940952133571,37.86845784672017],[-122.28903351988832,37.866674846899755]]},"properties":{"id":"495R","street":"CURTIS ST","side":"R","pavement_ft":36,"width_ft":14.4,"width_source":"gis","path_ft":10,"depth_ft":-0.1,"zone":"R-2","district":"Multi-Unit 2","cat":"res","zone_dist_m":4.5,"campable_zone":false,"count":0,"placement":null}},{"type":"Feature","geometry":{"type":"LineString","coordinates":[[-122.30256124932235,37.868472264608776],[-122.30131124840597,37.86874526481213]]},"properties":{"id":"496L","street":"HEARST AVE","side":"L","pavement_ft":44,"width_ft":5.8,"width_source":"gis","path_ft":6,"depth_ft":-4.7,"zone":"MULI","district":"Mixed Use-Light Industrial","cat":"man","zone_dist_m":2.1,"campable_zone":true,"count":0,"placement":null}},{"type":"Feature","geometry":{"type":"LineString","coordinates":[[-122.30252075070885,37.86835573538747],[-122.30127075162528,37.86862873518413]]},"properties":{"id":"496R","street":"HEARST AVE","side":"R","pavement_ft":44,"width_ft":10.1,"width_source":"gis","path_ft":6,"depth_ft":-0.4,"zone":"MULI","district":"Mixed Use-Light Industrial","cat":"man","zone_dist_m":3.3,"campable_zone":true,"count":0,"placement":null}},{"type":"Feature","geometry":{"type":"LineString","coordinates":[[-122.28729227966514,37.86868928868783],[-122.28829727902065,37.868550288771765]]},"properties":{"id":"497L","street":"ADDISON ST","side":"L","pavement_ft":36,"width_ft":14.2,"width_source":"gis","path_ft":10,"depth_ft":-0.3,"zone":"R-2","district":"Multi-Unit 2","cat":"res","zone_dist_m":4.2,"campable_zone":false,"count":0,"placement":null}},{"type":"Feature","geometry":{"type":"LineString","coordinates":[[-122.2873137203485,37.86878671131094],[-122.28831872099296,37.86864771122701]]},"properties":{"id":"497R","street":"ADDISON ST","side":"R","pavement_ft":36,"width_ft":12.0,"width_source":"gis","path_ft":6,"depth_ft":1.5,"zone":"R-2A","district":"Multi-Unit 2A","cat":"res","zone_dist_m":4.4,"campable_zone":false,"count":0,"placement":null}},{"type":"Feature","geometry":{"type":"LineString","coordinates":[[-122.2872414781947,37.868746152071466],[-122.28686447964618,37.86695815189146]]},"properties":{"id":"498L","street":"BONAR ST","side":"L","pavement_ft":36,"width_ft":9.5,"width_source":"gis","path_ft":6,"depth_ft":-1.0,"zone":"R-2","district":"Multi-Unit 2","cat":"res","zone_dist_m":2.5,"campable_zone":false,"count":0,"placement":null}},{"type":"Feature","geometry":{"type":"LineString","coordinates":[[-122.28736452179224,37.86872984789625],[-122.28698752034073,37.86694184807626]]},"properties":{"id":"498R","street":"BONAR ST","side":"R","pavement_ft":36,"width_ft":15.5,"width_source":"gis","path_ft":10,"depth_ft":1.0,"zone":"R-2","district":"Multi-Unit 2","cat":"res","zone_dist_m":4.8,"campable_zone":false,"count":0,"placement":null}},{"type":"Feature","geometry":{"type":"LineString","coordinates":[[-122.30130858101677,37.8687458064658],[-122.30030258025734,37.86893480660669]]},"properties":{"id":"499L","street":"HEARST AVE","side":"L","pavement_ft":44,"width_ft":3.9,"width_source":"gis","path_ft":6,"depth_ft":-6.6,"zone":"C-W","district":"West Berkeley Commercial","cat":"com","zone_dist_m":2.1,"campable_zone":true,"count":0,"placement":null}},{"type":"Feature","geometry":{"type":"LineString","coordinates":[[-122.30127341901051,37.86862819353128],[-122.30026741976992,37.86881719339037]]},"properties":{"id":"499R","street":"HEARST AVE","side":"R","pavement_ft":44,"width_ft":12.7,"width_source":"gis","path_ft":6,"depth_ft":2.2,"zone":"C-W","district":"West Berkeley Commercial","cat":"com","zone_dist_m":4.0,"campable_zone":true,"count":0,"placement":null}},{"type":"Feature","geometry":{"type":"LineString","coordinates":[[-122.29316553092885,37.87036188988011],[-122.29274353067197,37.870447889932535],[-122.29273466794633,37.87044916377798],[-122.29255866783039,37.87046416378668]]},"properties":{"id":"500L","street":"HEARST AVE","side":"L","pavement_ft":36,"width_ft":10.5,"width_source":"gis","path_ft":6,"depth_ft":-0.0,"zone":"C-W","district":"West Berkeley Commercial","cat":"com","zone_dist_m":6.0,"campable_zone":true,"count":0,"placement":null}},{"type":"Feature","geometry":{"type":"LineString","coordinates":[[-122.2931344690908,37.87026611011765],[-122.2927168425427,37.870351218854175],[-122.29254533217794,37.87036583621264]]},"properties":{"id":"500R","street":"HEARST AVE","side":"R","pavement_ft":36,"width_ft":12.3,"width_source":"gis","path_ft":6,"depth_ft":1.8,"zone":"C-W","district":"West Berkeley Commercial","cat":"com","zone_dist_m":3.5,"campable_zone":true,"count":0,"placement":null}},{"type":"Feature","geometry":{"type":"LineString","coordinates":[[-122.28805886965213,37.87039939062981],[-122.28799387013478,37.86982139060078],[-122.28799364218847,37.869815797868235],[-122.28799421280797,37.86981022053062],[-122.28802721296225,37.869621220549256]]},"properties":{"id":"501L","street":"CHESTNUT ST","side":"L","pavement_ft":36,"width_ft":11.5,"width_source":"gis","path_ft":6,"depth_ft":1.0,"zone":"C-U","district":"University Avenue Commercial","cat":"com","zone_dist_m":3.4,"campable_zone":true,"count":0,"placement":null}},{"type":"Feature","geometry":{"type":"LineString","coordinates":[[-122.28818313034103,37.87039060933731],[-122.28811875967016,37.86981820984541],[-122.28815078704959,37.86963477941839]]},"properties":{"id":"501R","street":"CHESTNUT ST","side":"R","pavement_ft":36,"width_ft":16.2,"width_source":"gis","path_ft":10,"depth_ft":1.7,"zone":"C-U","district":"University Avenue Commercial","cat":"com","zone_dist_m":5.2,"campable_zone":true,"count":0,"placement":null}},{"type":"Feature","geometry":{"type":"LineString","coordinates":[[-122.29297824488212,37.87175108809729],[-122.2898262421697,37.87215408842045]]},"properties":{"id":"502L","street":"DELAWARE ST","side":"L","pavement_ft":48,"width_ft":15.3,"width_source":"gis","path_ft":10,"depth_ft":0.8,"zone":"R-2","district":"Multi-Unit 2","cat":"res","zone_dist_m":5.3,"campable_zone":false,"count":0,"placement":null}},{"type":"Feature","geometry":{"type":"LineString","coordinates":[[-122.29295175514028,37.87162091190072],[-122.28979975785272,37.872023911577564]]},"properties":{"id":"502R","street":"DELAWARE ST","side":"R","pavement_ft":48,"width_ft":17.3,"width_source":"gis","path_ft":10,"depth_ft":2.8,"zone":"R-2","district":"Multi-Unit 2","cat":"res","zone_dist_m":5.4,"campable_zone":false,"count":0,"placement":null}},{"type":"Feature","geometry":{"type":"LineString","coordinates":[[-122.2897508603332,37.872093319969345],[-122.28962186130724,37.87092731991185]]},"properties":{"id":"503L","street":"CURTIS ST","side":"L","pavement_ft":36,"width_ft":8.2,"width_source":"gis","path_ft":6,"depth_ft":-2.3,"zone":"R-2","district":"Multi-Unit 2","cat":"res","zone_dist_m":2.7,"campable_zone":false,"count":0,"placement":null}},{"type":"Feature","geometry":{"type":"LineString","coordinates":[[-122.28987513966005,37.87208467999777],[-122.28974613868601,37.870918680055276]]},"properties":{"id":"503R","street":"CURTIS ST","side":"R","pavement_ft":36,"width_ft":13.8,"width_source":"gis","path_ft":6,"depth_ft":3.3,"zone":"R-2","district":"Multi-Unit 2","cat":"res","zone_dist_m":4.5,"campable_zone":false,"count":0,"placement":null}},{"type":"Feature","geometry":{"type":"LineString","coordinates":[[-122.31310765632976,37.86766845540577],[-122.31287065661124,37.86722945529446]]},"properties":{"id":"505L","street":"F DOCK","side":"L","pavement_ft":36,"width_ft":39.2,"width_source":"default","path_ft":10,"depth_ft":24.7,"zone":"U","district":"Unclassified","cat":"other","zone_dist_m":13.2,"campable_zone":false,"count":0,"placement":null}},{"type":"Feature","geometry":{"type":"LineString","coordinates":[[-122.31840642371854,37.867451117863475],[-122.3183804563497,37.867286657147766],[-122.31835702660948,37.86724737783879],[-122.31823829187765,37.8671938132775]]},"properties":{"id":"507L","street":"BREAKWATER DR","side":"L","pavement_ft":30,"width_ft":5.5,"width_source":"default","path_ft":6,"depth_ft":-5.0,"zone":"U","district":"Unclassified","cat":"other","zone_dist_m":0.0,"campable_zone":false,"count":0,"placement":null}},{"type":"Feature","geometry":{"type":"LineString","coordinates":[[-122.31850957627468,37.86744088211386],[-122.31848257615697,37.8672698821244],[-122.31848160685723,37.8672655958341],[-122.31848007237642,37.86726141457036],[-122.3184779898518,37.86725738502981],[-122.31844398982328,37.867200385042956],[-122.31844148430655,37.867196685166746],[-122.31843851679037,37.86719320665962],[-122.3184351180945,37.867189985648196],[-122.31843132351672,37.867187055584864],[-122.31842717246627,37.86718444690027],[-122.31842270805464,37.86718218668735],[-122.3182897080973,37.86712218671646]]},"properties":{"id":"507R","street":"BREAKWATER DR","side":"R","pavement_ft":30,"width_ft":8.8,"width_source":"default","path_ft":6,"depth_ft":-1.7,"zone":"U","district":"Unclassified","cat":"other","zone_dist_m":0.0,"campable_zone":false,"count":0,"placement":null}},{"type":"Feature","geometry":{"type":"LineString","coordinates":[[-122.2861849301037,37.868930816456704],[-122.28410392876069,37.86919681661656]]},"properties":{"id":"508L","street":"ADDISON ST","side":"L","pavement_ft":36,"width_ft":11.3,"width_source":"gis","path_ft":6,"depth_ft":0.8,"zone":"R-2A","district":"Multi-Unit 2A","cat":"res","zone_dist_m":4.3,"campable_zone":false,"count":0,"placement":null}},{"type":"Feature","geometry":{"type":"LineString","coordinates":[[-122.2861650699089,37.86883318354216],[-122.28408407125193,37.86909918338236]]},"properties":{"id":"508R","street":"ADDISON ST","side":"R","pavement_ft":36,"width_ft":12.2,"width_source":"gis","path_ft":6,"depth_ft":1.7,"zone":"R-2A","district":"Multi-Unit 2A","cat":"res","zone_dist_m":4.4,"campable_zone":false,"count":0,"placement":null}},{"type":"Feature","geometry":{"type":"LineString","coordinates":[[-122.28945823008995,37.869443876034076],[-122.28928623088756,37.86847287595293]]},"properties":{"id":"509L","street":"CURTIS ST","side":"L","pavement_ft":36,"width_ft":6.2,"width_source":"gis","path_ft":6,"depth_ft":-4.3,"zone":"C-U","district":"University Avenue Commercial","cat":"com","zone_dist_m":1.6,"campable_zone":true,"count":0,"placement":null}},{"type":"Feature","geometry":{"type":"LineString","coordinates":[[-122.28958176989903,37.869430123933384],[-122.28940976910148,37.86845912401454]]},"properties":{"id":"509R","street":"CURTIS ST","side":"R","pavement_ft":36,"width_ft":19.3,"width_source":"gis","path_ft":10,"depth_ft":4.8,"zone":"C-U","district":"University Avenue Commercial","cat":"com","zone_dist_m":5.5,"campable_zone":true,"count":0,"placement":null}},{"type":"Feature","geometry":{"type":"LineString","coordinates":[[-122.29810869816959,37.86936285560005],[-122.29706569753614,37.86957785573115]]},"properties":{"id":"510L","street":"HEARST AVE","side":"L","pavement_ft":36,"width_ft":11.6,"width_source":"gis","path_ft":6,"depth_ft":1.1,"zone":"R-2","district":"Multi-Unit 2","cat":"res","zone_dist_m":5.4,"campable_zone":false,"count":0,"placement":null}},{"type":"Feature","geometry":{"type":"LineString","coordinates":[[-122.29807730185027,37.86926714439767],[-122.29703430248368,37.86948214426656]]},"properties":{"id":"510R","street":"HEARST AVE","side":"R","pavement_ft":36,"width_ft":13.5,"width_source":"gis","path_ft":6,"depth_ft":3.0,"zone":"R-2","district":"Multi-Unit 2","cat":"res","zone_dist_m":4.1,"campable_zone":false,"count":0,"placement":null}},{"type":"Feature","geometry":{"type":"LineString","coordinates":[[-122.29595064797063,37.869797865931076],[-122.29484564729906,37.8700248660695]]},"properties":{"id":"512L","street":"HEARST AVE","side":"L","pavement_ft":36,"width_ft":10.7,"width_source":"gis","path_ft":6,"depth_ft":0.2,"zone":"R-2","district":"Multi-Unit 2","cat":"res","zone_dist_m":4.9,"campable_zone":false,"count":0,"placement":null}},{"type":"Feature","geometry":{"type":"LineString","coordinates":[[-122.29591935204918,37.869702134066635],[-122.29481435272076,37.86992913392826]]},"properties":{"id":"512R","street":"HEARST AVE","side":"R","pavement_ft":36,"width_ft":13.2,"width_source":"gis","path_ft":6,"depth_ft":2.7,"zone":"R-2","district":"Multi-Unit 2","cat":"res","zone_dist_m":4.0,"campable_zone":false,"count":0,"placement":null}},{"type":"Feature","geometry":{"type":"LineString","coordinates":[[-122.29256167413281,37.870463848801236],[-122.28967667226725,37.87082284901673]]},"properties":{"id":"514L","street":"HEARST AVE","side":"L","pavement_ft":36,"width_ft":10.6,"width_source":"gis","path_ft":6,"depth_ft":0.1,"zone":"R-2A","district":"Multi-Unit 2A","cat":"res","zone_dist_m":3.7,"campable_zone":false,"count":0,"placement":null}},{"type":"Feature","geometry":{"type":"LineString","coordinates":[[-122.29254232587945,37.870366151197715],[-122.28965732774503,37.870725150982196]]},"properties":{"id":"514R","street":"HEARST AVE","side":"R","pavement_ft":36,"width_ft":13.3,"width_source":"gis","path_ft":6,"depth_ft":2.8,"zone":"R-3","district":"Multiple-Family Residential","cat":"res","zone_dist_m":4.7,"campable_zone":false,"count":0,"placement":null}},{"type":"Feature","geometry":{"type":"LineString","coordinates":[[-122.2896048585122,37.87077829343329],[-122.28945785962917,37.86944129336784]]},"properties":{"id":"515L","street":"CURTIS ST","side":"L","pavement_ft":36,"width_ft":10.6,"width_source":"gis","path_ft":6,"depth_ft":0.1,"zone":"R-4","district":"Multi-Family Residential","cat":"res","zone_dist_m":3.1,"campable_zone":false,"count":0,"placement":null}},{"type":"Feature","geometry":{"type":"LineString","coordinates":[[-122.28972914148112,37.87076970653382],[-122.28958214036412,37.869432706599284]]},"properties":{"id":"515R","street":"CURTIS ST","side":"R","pavement_ft":36,"width_ft":13.2,"width_source":"gis","path_ft":6,"depth_ft":2.7,"zone":"R-4","district":"Multi-Family Residential","cat":"res","zone_dist_m":3.9,"campable_zone":false,"count":0,"placement":null}},{"type":"Feature","geometry":{"type":"LineString","coordinates":[[-122.28663726519304,37.87063168165969],[-122.28438126397954,37.87091968180391]]},"properties":{"id":"516L","street":"BERKELEY WAY","side":"L","pavement_ft":30,"width_ft":9.4,"width_source":"gis","path_ft":6,"depth_ft":-1.1,"zone":"R-2A","district":"Multi-Unit 2A","cat":"res","zone_dist_m":3.9,"campable_zone":false,"count":0,"placement":null}},{"type":"Feature","geometry":{"type":"LineString","coordinates":[[-122.28662073481573,37.87055031833954],[-122.28436473602923,37.87083831819532]]},"properties":{"id":"516R","street":"BERKELEY WAY","side":"R","pavement_ft":30,"width_ft":9.2,"width_source":"gis","path_ft":6,"depth_ft":-1.3,"zone":"R-2A","district":"Multi-Unit 2A","cat":"res","zone_dist_m":3.5,"campable_zone":false,"count":0,"placement":null}},{"type":"Feature","geometry":{"type":"LineString","coordinates":[[-122.28962187637161,37.87092745398108],[-122.289604876496,37.87077845397346]]},"properties":{"id":"517L","street":"CURTIS ST","side":"L","pavement_ft":36,"width_ft":9.6,"width_source":"gis","path_ft":6,"depth_ft":-0.9,"zone":"R-2","district":"Multi-Unit 2","cat":"res","zone_dist_m":3.0,"campable_zone":false,"count":0,"placement":null}},{"type":"Feature","geometry":{"type":"LineString","coordinates":[[-122.28974612362143,37.87091854598605],[-122.28972912349704,37.87076954599367]]},"properties":{"id":"517R","street":"CURTIS ST","side":"R","pavement_ft":36,"width_ft":13.7,"width_source":"gis","path_ft":6,"depth_ft":3.2,"zone":"R-2","district":"Multi-Unit 2","cat":"res","zone_dist_m":4.7,"campable_zone":false,"count":0,"placement":null}},{"type":"Feature","geometry":{"type":"LineString","coordinates":[[-122.29747360466467,37.87084187421822],[-122.29636360376281,37.8710668744012]]},"properties":{"id":"518L","street":"DELAWARE ST","side":"L","pavement_ft":48,"width_ft":13.7,"width_source":"gis","path_ft":6,"depth_ft":3.2,"zone":"R-2","district":"Multi-Unit 2","cat":"res","zone_dist_m":5.5,"campable_zone":false,"count":0,"placement":null}},{"type":"Feature","geometry":{"type":"LineString","coordinates":[[-122.2974323953701,37.87071412577782],[-122.29632239627193,37.87093912559488]]},"properties":{"id":"518R","street":"DELAWARE ST","side":"R","pavement_ft":48,"width_ft":17.5,"width_source":"gis","path_ft":10,"depth_ft":3.0,"zone":"R-2","district":"Multi-Unit 2","cat":"res","zone_dist_m":5.2,"campable_zone":false,"count":0,"placement":null}},{"type":"Feature","geometry":{"type":"LineString","coordinates":[[-122.30328658184553,37.868307806409],[-122.30344132085257,37.868279224046525],[-122.30350453681434,37.868271894660325],[-122.30356653791227,37.86827099609404],[-122.30359665992634,37.86827355967119],[-122.30363621612831,37.86829431046998],[-122.30364380530166,37.868304067985335],[-122.30364417756533,37.86830453989563],[-122.30366980805483,37.86833657803454],[-122.30375709817517,37.86849758001392],[-122.30388083038657,37.868795527688654],[-122.304682413797,37.87118629032976]]},"properties":{"id":"519R","street":"EASTSHORE","side":"R","pavement_ft":32,"width_ft":11.3,"width_source":"gis","path_ft":6,"depth_ft":0.8,"zone":"MULI","district":"Mixed Use-Light Industrial","cat":"man","zone_dist_m":5.5,"campable_zone":true,"count":0,"placement":null}},{"type":"Feature","geometry":{"type":"LineString","coordinates":[[-122.29803640275294,37.87259391599584],[-122.29692740207665,37.872817916132476]]},"properties":{"id":"520L","street":"VIRGINIA ST","side":"L","pavement_ft":36,"width_ft":10.7,"width_source":"gis","path_ft":6,"depth_ft":0.2,"zone":"R-2","district":"Multi-Unit 2","cat":"res","zone_dist_m":4.4,"campable_zone":false,"count":0,"placement":null}},{"type":"Feature","geometry":{"type":"LineString","coordinates":[[-122.2980055972666,37.87249808400193],[-122.29689659794285,37.87272208386531]]},"properties":{"id":"520R","street":"VIRGINIA ST","side":"R","pavement_ft":36,"width_ft":14.7,"width_source":"gis","path_ft":10,"depth_ft":0.2,"zone":"R-2","district":"Multi-Unit 2","cat":"res","zone_dist_m":4.3,"campable_zone":false,"count":0,"placement":null}},{"type":"Feature","geometry":{"type":"LineString","coordinates":[[-122.29697791254902,37.88031681175524],[-122.29643391210827,37.88042881184632]]},"properties":{"id":"521L","street":"GILMAN ST","side":"L","pavement_ft":48,"width_ft":13.0,"width_source":"gis","path_ft":6,"depth_ft":2.5,"zone":"C-W","district":"West Berkeley Commercial","cat":"com","zone_dist_m":5.6,"campable_zone":true,"count":0,"placement":null}},{"type":"Feature","geometry":{"type":"LineString","coordinates":[[-122.29693608748624,37.88018918824072],[-122.29639208792703,37.88030118814962]]},"properties":{"id":"521R","street":"GILMAN ST","side":"R","pavement_ft":48,"width_ft":17.9,"width_source":"gis","path_ft":10,"depth_ft":3.4,"zone":"C-W","district":"West Berkeley Commercial","cat":"com","zone_dist_m":5.4,"campable_zone":true,"count":0,"placement":null}},{"type":"Feature","geometry":{"type":"LineString","coordinates":[[-122.28234793964991,37.874003815254945],[-122.28111293885277,37.874161815349865]]},"properties":{"id":"523L","street":"FRANCISCO ST","side":"L","pavement_ft":36,"width_ft":11.2,"width_source":"gis","path_ft":6,"depth_ft":0.7,"zone":"R-2","district":"Multi-Unit 2","cat":"res","zone_dist_m":4.1,"campable_zone":false,"count":0,"placement":null}},{"type":"Feature","geometry":{"type":"LineString","coordinates":[[-122.28232806036273,37.873906184743944],[-122.28109306115985,37.874064184648994]]},"properties":{"id":"523R","street":"FRANCISCO ST","side":"R","pavement_ft":36,"width_ft":11.1,"width_source":"gis","path_ft":6,"depth_ft":0.6,"zone":"R-2","district":"Multi-Unit 2","cat":"res","zone_dist_m":3.3,"campable_zone":false,"count":0,"placement":null}},{"type":"Feature","geometry":{"type":"LineString","coordinates":[[-122.28334016596409,37.8748017859763],[-122.28245416539318,37.8749177860461]]},"properties":{"id":"524L","street":"VIRGINIA ST","side":"L","pavement_ft":36,"width_ft":12.5,"width_source":"gis","path_ft":6,"depth_ft":2.0,"zone":"R-1","district":"Multi-Unit 1","cat":"res","zone_dist_m":4.2,"campable_zone":false,"count":0,"placement":null}},{"type":"Feature","geometry":{"type":"LineString","coordinates":[[-122.28331983404884,37.87470421402256],[-122.28243383461971,37.87482021395275]]},"properties":{"id":"524R","street":"VIRGINIA ST","side":"R","pavement_ft":36,"width_ft":12.7,"width_source":"gis","path_ft":6,"depth_ft":2.2,"zone":"R-BMU","district":"Residential BART Mixed Use","cat":"mixres","zone_dist_m":3.5,"campable_zone":true,"count":0,"placement":null}},{"type":"Feature","geometry":{"type":"LineString","coordinates":[[-122.28821098280369,37.871160809735656],[-122.28671698183982,37.87135280985112]]},"properties":{"id":"525L","street":"HEARST AVE","side":"L","pavement_ft":36,"width_ft":11.2,"width_source":"gis","path_ft":6,"depth_ft":0.7,"zone":"R-2","district":"Multi-Unit 2","cat":"res","zone_dist_m":4.1,"campable_zone":false,"count":0,"placement":null}},{"type":"Feature","geometry":{"type":"LineString","coordinates":[[-122.28819101720902,37.87106319026319],[-122.28669701817287,37.87125519014775]]},"properties":{"id":"525R","street":"HEARST AVE","side":"R","pavement_ft":36,"width_ft":12.6,"width_source":"gis","path_ft":6,"depth_ft":2.1,"zone":"R-2","district":"Multi-Unit 2","cat":"res","zone_dist_m":3.7,"campable_zone":false,"count":0,"placement":null}},{"type":"Feature","geometry":{"type":"LineString","coordinates":[[-122.28671700186999,37.87135280727445],[-122.28562200116362,37.87149380735922]]},"properties":{"id":"526L","street":"HEARST AVE","side":"L","pavement_ft":36,"width_ft":12.2,"width_source":"gis","path_ft":6,"depth_ft":1.7,"zone":"R-2","district":"Multi-Unit 2","cat":"res","zone_dist_m":4.7,"campable_zone":false,"count":0,"placement":null}},{"type":"Feature","geometry":{"type":"LineString","coordinates":[[-122.28669699814273,37.87125519272442],[-122.28560199884909,37.871396192639644]]},"properties":{"id":"526R","street":"HEARST AVE","side":"R","pavement_ft":36,"width_ft":11.6,"width_source":"gis","path_ft":6,"depth_ft":1.1,"zone":"R-2","district":"Multi-Unit 2","cat":"res","zone_dist_m":3.9,"campable_zone":false,"count":0,"placement":null}},{"type":"Feature","geometry":{"type":"LineString","coordinates":[[-122.30352039627432,37.87146560131754],[-122.30229139567052,37.87171360143945]]},"properties":{"id":"527L","street":"VIRGINIA ST","side":"L","pavement_ft":29,"width_ft":13.2,"width_source":"gis","path_ft":6,"depth_ft":2.7,"zone":"M","district":"Manufacturing","cat":"man","zone_dist_m":4.9,"campable_zone":true,"count":0,"placement":null}},{"type":"Feature","geometry":{"type":"LineString","coordinates":[[-122.30349560373834,37.87138839868101],[-122.30226660434211,37.871636398559126]]},"properties":{"id":"527R","street":"VIRGINIA ST","side":"R","pavement_ft":29,"width_ft":18.4,"width_source":"gis","path_ft":10,"depth_ft":3.9,"zone":"MULI","district":"Mixed Use-Light Industrial","cat":"man","zone_dist_m":5.7,"campable_zone":true,"count":0,"placement":null}},{"type":"Feature","geometry":{"type":"LineString","coordinates":[[-122.28562199382252,37.87149380830412],[-122.28449499309546,37.8716388083913]]},"properties":{"id":"528L","street":"HEARST AVE","side":"L","pavement_ft":36,"width_ft":12.0,"width_source":"gis","path_ft":6,"depth_ft":1.5,"zone":"R-2","district":"Multi-Unit 2","cat":"res","zone_dist_m":4.0,"campable_zone":false,"count":0,"placement":null}},{"type":"Feature","geometry":{"type":"LineString","coordinates":[[-122.28560200619019,37.87139619169474],[-122.28447500691723,37.87154119160756]]},"properties":{"id":"528R","street":"HEARST AVE","side":"R","pavement_ft":36,"width_ft":12.2,"width_source":"gis","path_ft":6,"depth_ft":1.7,"zone":"R-2","district":"Multi-Unit 2","cat":"res","zone_dist_m":4.0,"campable_zone":false,"count":0,"placement":null}},{"type":"Feature","geometry":{"type":"LineString","coordinates":[[-122.29414714914088,37.87151996546958],[-122.29298514819247,37.87174996565658]]},"properties":{"id":"529L","street":"DELAWARE ST","side":"L","pavement_ft":48,"width_ft":15.4,"width_source":"gis","path_ft":10,"depth_ft":0.9,"zone":"R-2","district":"Multi-Unit 2","cat":"res","zone_dist_m":5.5,"campable_zone":false,"count":0,"placement":null}},{"type":"Feature","geometry":{"type":"LineString","coordinates":[[-122.29410685089316,37.87139203452663],[-122.29294485184154,37.87162203433962]]},"properties":{"id":"529R","street":"DELAWARE ST","side":"R","pavement_ft":48,"width_ft":15.1,"width_source":"gis","path_ft":10,"depth_ft":0.6,"zone":"R-2","district":"Multi-Unit 2","cat":"res","zone_dist_m":4.1,"campable_zone":false,"count":0,"placement":null}},{"type":"Feature","geometry":{"type":"LineString","coordinates":[[-122.30229141636707,37.87171359725951],[-122.3012624158617,37.87192159736171]]},"properties":{"id":"530L","street":"VIRGINIA ST","side":"L","pavement_ft":29,"width_ft":14.0,"width_source":"gis","path_ft":10,"depth_ft":-0.5,"zone":"MULI","district":"Mixed Use-Light Industrial","cat":"man","zone_dist_m":5.7,"campable_zone":true,"count":0,"placement":null}},{"type":"Feature","geometry":{"type":"LineString","coordinates":[[-122.3022665836456,37.87163640273908],[-122.30123758415098,37.87184440263684]]},"properties":{"id":"530R","street":"VIRGINIA ST","side":"R","pavement_ft":29,"width_ft":17.3,"width_source":"gis","path_ft":10,"depth_ft":2.8,"zone":"MULI","district":"Mixed Use-Light Industrial","cat":"man","zone_dist_m":5.3,"campable_zone":true,"count":0,"placement":null}},{"type":"Feature","geometry":{"type":"LineString","coordinates":[[-122.28335619701397,37.87178778187494],[-122.28211519621465,37.87195078197304]]},"properties":{"id":"532L","street":"HEARST AVE","side":"L","pavement_ft":36,"width_ft":12.7,"width_source":"gis","path_ft":6,"depth_ft":2.2,"zone":"R-2","district":"Multi-Unit 2","cat":"res","zone_dist_m":4.5,"campable_zone":false,"count":0,"placement":null}},{"type":"Feature","geometry":{"type":"LineString","coordinates":[[-122.28333580299898,37.871690218123895],[-122.28209480379832,37.87185321802579]]},"properties":{"id":"532R","street":"HEARST AVE","side":"R","pavement_ft":36,"width_ft":11.9,"width_source":"gis","path_ft":6,"depth_ft":1.4,"zone":"R-2","district":"Multi-Unit 2","cat":"res","zone_dist_m":3.7,"campable_zone":false,"count":0,"placement":null}},{"type":"Feature","geometry":{"type":"LineString","coordinates":[[-122.28196692047699,37.87191167317701],[-122.28190092157583,37.87131967311168]]},"properties":{"id":"533L","street":"SACRAMENTO ST","side":"L","pavement_ft":80,"width_ft":12.8,"width_source":"gis","path_ft":6,"depth_ft":2.3,"zone":"R-2A","district":"Multi-Unit 2A","cat":"res","zone_dist_m":3.8,"campable_zone":false,"count":0,"placement":null}},{"type":"Feature","geometry":{"type":"LineString","coordinates":[[-122.2822430794895,37.871892326660635],[-122.28217707839066,37.87130032672599]]},"properties":{"id":"533R","street":"SACRAMENTO ST","side":"R","pavement_ft":80,"width_ft":18.9,"width_source":"gis","path_ft":10,"depth_ft":4.4,"zone":"R-2","district":"Multi-Unit 2","cat":"res","zone_dist_m":7.2,"campable_zone":false,"count":0,"placement":null}},{"type":"Feature","geometry":{"type":"LineString","coordinates":[[-122.30021556701867,37.872136566609996],[-122.29966856675068,37.87224856666502]]},"properties":{"id":"534L","street":"VIRGINIA ST","side":"L","pavement_ft":29,"width_ft":13.6,"width_source":"gis","path_ft":6,"depth_ft":3.1,"zone":"MUR","district":"Mixed Use-Residential","cat":"mixres","zone_dist_m":5.1,"campable_zone":true,"count":0,"placement":null}},{"type":"Feature","geometry":{"type":"LineString","coordinates":[[-122.30019043299411,37.87205943338854],[-122.29964343326209,37.872171433333506]]},"properties":{"id":"534R","street":"VIRGINIA ST","side":"R","pavement_ft":29,"width_ft":18.4,"width_source":"gis","path_ft":10,"depth_ft":3.9,"zone":"MUR","district":"Mixed Use-Residential","cat":"mixres","zone_dist_m":5.8,"campable_zone":true,"count":0,"placement":null}},{"type":"Feature","geometry":{"type":"LineString","coordinates":[[-122.2882738836406,37.87228052694516],[-122.28813888461197,37.87111652688454]]},"properties":{"id":"535L","street":"CHESTNUT ST","side":"L","pavement_ft":36,"width_ft":10.4,"width_source":"gis","path_ft":6,"depth_ft":-0.1,"zone":"R-2","district":"Multi-Unit 2","cat":"res","zone_dist_m":2.7,"campable_zone":false,"count":0,"placement":null}},{"type":"Feature","geometry":{"type":"LineString","coordinates":[[-122.28839811635235,37.87227147302199],[-122.28826311538096,37.87110747308258]]},"properties":{"id":"535R","street":"CHESTNUT ST","side":"R","pavement_ft":36,"width_ft":14.8,"width_source":"gis","path_ft":10,"depth_ft":0.3,"zone":"R-2","district":"Multi-Unit 2","cat":"res","zone_dist_m":5.0,"campable_zone":false,"count":0,"placement":null}},{"type":"Feature","geometry":{"type":"LineString","coordinates":[[-122.28834909856579,37.872341106665615],[-122.28693309734615,37.872520106808985]]},"properties":{"id":"536L","street":"DELAWARE ST","side":"L","pavement_ft":48,"width_ft":16.9,"width_source":"gis","path_ft":10,"depth_ft":2.4,"zone":"R-2","district":"Multi-Unit 2","cat":"res","zone_dist_m":5.7,"campable_zone":false,"count":0,"placement":null}},{"type":"Feature","geometry":{"type":"LineString","coordinates":[[-122.2883229014564,37.87221089333244],[-122.28690690267598,37.87238989318907]]},"properties":{"id":"536R","street":"DELAWARE ST","side":"R","pavement_ft":48,"width_ft":17.5,"width_source":"gis","path_ft":10,"depth_ft":3.0,"zone":"R-2","district":"Multi-Unit 2","cat":"res","zone_dist_m":5.5,"campable_zone":false,"count":0,"placement":null}},{"type":"Feature","geometry":{"type":"LineString","coordinates":[[-122.2869334008185,37.87252006799225],[-122.28684840074541,37.87253106800106]]},"properties":{"id":"537L","street":"DELAWARE ST","side":"L","pavement_ft":48,"width_ft":27.4,"width_source":"gis","path_ft":10,"depth_ft":12.9,"zone":"R-2","district":"Multi-Unit 2","cat":"res","zone_dist_m":9.3,"campable_zone":false,"count":0,"placement":null}},{"type":"Feature","geometry":{"type":"LineString","coordinates":[[-122.28690659920417,37.872389932005746],[-122.28682159927726,37.87240093199692]]},"properties":{"id":"537R","street":"DELAWARE ST","side":"R","pavement_ft":48,"width_ft":24.6,"width_source":"gis","path_ft":10,"depth_ft":10.1,"zone":"R-2","district":"Multi-Unit 2","cat":"res","zone_dist_m":7.9,"campable_zone":false,"count":0,"placement":null}},{"type":"Feature","geometry":{"type":"LineString","coordinates":[[-122.2868467587214,37.87253126717397],[-122.28679375867542,37.87253726717876]]},"properties":{"id":"538L","street":"DELAWARE ST","side":"L","pavement_ft":48,"width_ft":23.7,"width_source":"gis","path_ft":10,"depth_ft":9.2,"zone":"R-2","district":"Multi-Unit 2","cat":"res","zone_dist_m":7.6,"campable_zone":false,"count":0,"placement":null}},{"type":"Feature","geometry":{"type":"LineString","coordinates":[[-122.28682324129846,37.87240073282433],[-122.28677024134444,37.87240673281957]]},"properties":{"id":"538R","street":"DELAWARE ST","side":"R","pavement_ft":48,"width_ft":20.8,"width_source":"gis","path_ft":10,"depth_ft":6.3,"zone":"R-2","district":"Multi-Unit 2","cat":"res","zone_dist_m":6.4,"campable_zone":false,"count":0,"placement":null}},{"type":"Feature","geometry":{"type":"LineString","coordinates":[[-122.29907568737042,37.87237985793938],[-122.29803668673928,37.872593858069884]]},"properties":{"id":"539L","street":"VIRGINIA ST","side":"L","pavement_ft":36,"width_ft":10.7,"width_source":"gis","path_ft":6,"depth_ft":0.2,"zone":"R-2","district":"Multi-Unit 2","cat":"res","zone_dist_m":4.2,"campable_zone":false,"count":0,"placement":null}},{"type":"Feature","geometry":{"type":"LineString","coordinates":[[-122.29904431264943,37.872284142058355],[-122.29800531328058,37.87249814192782]]},"properties":{"id":"539R","street":"VIRGINIA ST","side":"R","pavement_ft":36,"width_ft":14.3,"width_source":"gis","path_ft":10,"depth_ft":-0.2,"zone":"R-2","district":"Multi-Unit 2","cat":"res","zone_dist_m":4.3,"campable_zone":false,"count":0,"placement":null}},{"type":"Feature","geometry":{"type":"LineString","coordinates":[[-122.28567573449172,37.8726095594537],[-122.28555673535514,37.8714485594072]]},"properties":{"id":"540L","street":"FRANKLIN ST","side":"L","pavement_ft":32,"width_ft":8.4,"width_source":"gis","path_ft":6,"depth_ft":-2.1,"zone":"R-2","district":"Multi-Unit 2","cat":"res","zone_dist_m":2.7,"campable_zone":false,"count":0,"placement":null}},{"type":"Feature","geometry":{"type":"LineString","coordinates":[[-122.28578626550335,37.872602440520296],[-122.28566726463995,37.87144144056678]]},"properties":{"id":"540R","street":"FRANKLIN ST","side":"R","pavement_ft":32,"width_ft":19.2,"width_source":"gis","path_ft":10,"depth_ft":4.7,"zone":"R-2","district":"Multi-Unit 2","cat":"res","zone_dist_m":5.8,"campable_zone":false,"count":0,"placement":null}},{"type":"Feature","geometry":{"type":"LineString","coordinates":[[-122.28343093196018,37.87290692965836],[-122.28328393292868,37.871743929591595]]},"properties":{"id":"541L","street":"SHORT ST","side":"L","pavement_ft":36,"width_ft":9.8,"width_source":"gis","path_ft":6,"depth_ft":-0.7,"zone":"R-2","district":"Multi-Unit 2","cat":"res","zone_dist_m":2.9,"campable_zone":false,"count":0,"placement":null}},{"type":"Feature","geometry":{"type":"LineString","coordinates":[[-122.28355506803206,37.872897070308824],[-122.28340806706356,37.87173407037559]]},"properties":{"id":"541R","street":"SHORT ST","side":"R","pavement_ft":36,"width_ft":14.0,"width_source":"gis","path_ft":10,"depth_ft":-0.5,"zone":"R-2","district":"Multi-Unit 2","cat":"res","zone_dist_m":4.5,"campable_zone":false,"count":0,"placement":null}},{"type":"Feature","geometry":{"type":"LineString","coordinates":[[-122.293262284857,37.872621679198396],[-122.28992528306227,37.87304867941242]]},"properties":{"id":"542L","street":"FRANCISCO ST","side":"L","pavement_ft":30,"width_ft":8.7,"width_source":"gis","path_ft":6,"depth_ft":-1.8,"zone":"R-2","district":"Multi-Unit 2","cat":"res","zone_dist_m":3.3,"campable_zone":false,"count":0,"placement":null}},{"type":"Feature","geometry":{"type":"LineString","coordinates":[[-122.2932457151518,37.872540320800816],[-122.28990871694648,37.87296732058679]]},"properties":{"id":"542R","street":"FRANCISCO ST","side":"R","pavement_ft":30,"width_ft":9.3,"width_source":"gis","path_ft":6,"depth_ft":-1.2,"zone":"R-2","district":"Multi-Unit 2","cat":"res","zone_dist_m":3.1,"campable_zone":false,"count":0,"placement":null}},{"type":"Feature","geometry":{"type":"LineString","coordinates":[[-122.2898548705281,37.873012417980924],[-122.28975087129545,37.87209341793441]]},"properties":{"id":"543L","street":"CURTIS ST","side":"L","pavement_ft":36,"width_ft":10.0,"width_source":"gis","path_ft":6,"depth_ft":-0.5,"zone":"R-2","district":"Multi-Unit 2","cat":"res","zone_dist_m":2.8,"campable_zone":false,"count":0,"placement":null}},{"type":"Feature","geometry":{"type":"LineString","coordinates":[[-122.28997912946501,37.87300358198619],[-122.28987512869763,37.87208458203273]]},"properties":{"id":"543R","street":"CURTIS ST","side":"R","pavement_ft":36,"width_ft":13.9,"width_source":"gis","path_ft":6,"depth_ft":3.4,"zone":"R-2","district":"Multi-Unit 2","cat":"res","zone_dist_m":4.5,"campable_zone":false,"count":0,"placement":null}},{"type":"Feature","geometry":{"type":"LineString","coordinates":[[-122.28699817537697,37.874318784763545],[-122.28664717515086,37.87436478479124]]},"properties":{"id":"545L","street":"VIRGINIA ST","side":"L","pavement_ft":36,"width_ft":14.5,"width_source":"gis","path_ft":10,"depth_ft":0.0,"zone":"R-1","district":"Multi-Unit 1","cat":"res","zone_dist_m":5.0,"campable_zone":false,"count":0,"placement":null}},{"type":"Feature","geometry":{"type":"LineString","coordinates":[[-122.28697782463595,37.874221215235316],[-122.2866268248621,37.87426721520764]]},"properties":{"id":"545R","street":"VIRGINIA ST","side":"R","pavement_ft":36,"width_ft":12.8,"width_source":"gis","path_ft":6,"depth_ft":2.3,"zone":"R-1","district":"Multi-Unit 1","cat":"res","zone_dist_m":3.7,"campable_zone":false,"count":0,"placement":null}},{"type":"Feature","geometry":{"type":"LineString","coordinates":[[-122.29311657522533,37.875314016736766],[-122.2925645763483,37.873568016514405]]},"properties":{"id":"547L","street":"KAINS AVE","side":"L","pavement_ft":30,"width_ft":8.3,"width_source":"gis","path_ft":6,"depth_ft":-2.2,"zone":"R-2","district":"Multi-Unit 2","cat":"res","zone_dist_m":2.6,"campable_zone":false,"count":0,"placement":null}},{"type":"Feature","geometry":{"type":"LineString","coordinates":[[-122.29321742476135,37.87529398324147],[-122.29266542363838,37.87354798346383]]},"properties":{"id":"547R","street":"KAINS AVE","side":"R","pavement_ft":30,"width_ft":11.5,"width_source":"gis","path_ft":6,"depth_ft":1.0,"zone":"R-2","district":"Multi-Unit 2","cat":"res","zone_dist_m":3.7,"campable_zone":false,"count":0,"placement":null}},{"type":"Feature","geometry":{"type":"LineString","coordinates":[[-122.3052596808916,37.873013058237824],[-122.30409268017337,37.87323705837453]]},"properties":{"id":"551L","street":"CEDAR ST","side":"L","pavement_ft":36,"width_ft":9.4,"width_source":"gis","path_ft":6,"depth_ft":-1.1,"zone":"M","district":"Manufacturing","cat":"man","zone_dist_m":4.4,"campable_zone":true,"count":0,"placement":null}},{"type":"Feature","geometry":{"type":"LineString","coordinates":[[-122.30523031912703,37.87291694176015],[-122.3040633198453,37.87314094162343]]},"properties":{"id":"551R","street":"CEDAR ST","side":"R","pavement_ft":36,"width_ft":15.5,"width_source":"gis","path_ft":10,"depth_ft":1.0,"zone":"M","district":"Manufacturing","cat":"man","zone_dist_m":3.7,"campable_zone":true,"count":0,"placement":null}},{"type":"Feature","geometry":{"type":"LineString","coordinates":[[-122.2820979297532,37.873082775462414],[-122.28199393146615,37.87215977535927]]},"properties":{"id":"552L","street":"SACRAMENTO ST","side":"L","pavement_ft":80,"width_ft":13.4,"width_source":"gis","path_ft":6,"depth_ft":2.9,"zone":"R-2A","district":"Multi-Unit 2A","cat":"res","zone_dist_m":4.1,"campable_zone":false,"count":0,"placement":null}},{"type":"Feature","geometry":{"type":"LineString","coordinates":[[-122.28237407021288,37.87306322437526],[-122.28227006849998,37.87214022447842]]},"properties":{"id":"552R","street":"SACRAMENTO ST","side":"R","pavement_ft":80,"width_ft":18.6,"width_source":"gis","path_ft":10,"depth_ft":4.1,"zone":"R-2","district":"Multi-Unit 2","cat":"res","zone_dist_m":6.2,"campable_zone":false,"count":0,"placement":null}},{"type":"Feature","geometry":{"type":"LineString","coordinates":[[-122.2884476583729,37.873242756244096],[-122.28689765753461,37.87342575633529]]},"properties":{"id":"554L","street":"FRANCISCO ST","side":"L","pavement_ft":30,"width_ft":9.1,"width_source":"gis","path_ft":6,"depth_ft":-1.4,"zone":"R-2","district":"Multi-Unit 2","cat":"res","zone_dist_m":3.1,"campable_zone":false,"count":0,"placement":null}},{"type":"Feature","geometry":{"type":"LineString","coordinates":[[-122.28843234163517,37.87316124375519],[-122.28688234247343,37.873344243664036]]},"properties":{"id":"554R","street":"FRANCISCO ST","side":"R","pavement_ft":30,"width_ft":11.0,"width_source":"gis","path_ft":6,"depth_ft":0.5,"zone":"R-2","district":"Multi-Unit 2","cat":"res","zone_dist_m":3.6,"campable_zone":false,"count":0,"placement":null}},{"type":"Feature","geometry":{"type":"LineString","coordinates":[[-122.28086091175372,37.879737609454175],[-122.27998491133967,37.88006960964779]]},"properties":{"id":"557L","street":"ROSE ST","side":"L","pavement_ft":36,"width_ft":7.7,"width_source":"gis","path_ft":6,"depth_ft":-2.8,"zone":"R-1","district":"Multi-Unit 1","cat":"res","zone_dist_m":4.6,"campable_zone":false,"count":0,"placement":null}},{"type":"Feature","geometry":{"type":"LineString","coordinates":[[-122.2808070882784,37.8796483905397],[-122.27993108869245,37.87998039034607]]},"properties":{"id":"557R","street":"ROSE ST","side":"R","pavement_ft":36,"width_ft":14.2,"width_source":"gis","path_ft":10,"depth_ft":-0.3,"zone":"R-2","district":"Multi-Unit 2","cat":"res","zone_dist_m":4.4,"campable_zone":false,"count":0,"placement":null}},{"type":"Feature","geometry":{"type":"LineString","coordinates":[[-122.28553598922426,37.88037048813845],[-122.28582198981489,37.879572488288424]]},"properties":{"id":"560L","street":"ACTON ST","side":"L","pavement_ft":36,"width_ft":18.7,"width_source":"gis","path_ft":10,"depth_ft":4.2,"zone":"R-2A","district":"Multi-Unit 2A","cat":"res","zone_dist_m":5.7,"campable_zone":false,"count":0,"placement":null}},{"type":"Feature","geometry":{"type":"LineString","coordinates":[[-122.28565601079808,37.88039751183114],[-122.2859420102075,37.879599511681185]]},"properties":{"id":"560R","street":"ACTON ST","side":"R","pavement_ft":36,"width_ft":6.4,"width_source":"gis","path_ft":6,"depth_ft":-4.1,"zone":"R-2","district":"Multi-Unit 2","cat":"res","zone_dist_m":5.6,"campable_zone":false,"count":0,"placement":null}},{"type":"Feature","geometry":{"type":"LineString","coordinates":[[-122.29976587347022,37.881623555238896],[-122.29868187288405,37.881845555359305]]},"properties":{"id":"561L","street":"HARRISON ST","side":"L","pavement_ft":32,"width_ft":12.7,"width_source":"gis","path_ft":6,"depth_ft":2.2,"zone":"MULI","district":"Mixed Use-Light Industrial","cat":"man","zone_dist_m":5.0,"campable_zone":true,"count":0,"placement":null}},{"type":"Feature","geometry":{"type":"LineString","coordinates":[[-122.29973812654539,37.881538444759286],[-122.29865412713156,37.88176044463889]]},"properties":{"id":"561R","street":"HARRISON ST","side":"R","pavement_ft":32,"width_ft":16.5,"width_source":"gis","path_ft":10,"depth_ft":2.0,"zone":"MULI","district":"Mixed Use-Light Industrial","cat":"man","zone_dist_m":5.1,"campable_zone":true,"count":0,"placement":null}},{"type":"Feature","geometry":{"type":"LineString","coordinates":[[-122.28806048934888,37.88173216994437],[-122.28832548970529,37.88102917004025]]},"properties":{"id":"562L","street":"TEVLIN ST","side":"L","pavement_ft":25,"width_ft":4.7,"width_source":"gis","path_ft":6,"depth_ft":-5.8,"zone":"R-2","district":"Multi-Unit 2","cat":"res","zone_dist_m":2.4,"campable_zone":false,"count":0,"placement":null}},{"type":"Feature","geometry":{"type":"LineString","coordinates":[[-122.28814351066237,37.88175183004108],[-122.28840851030597,37.8810488299452]]},"properties":{"id":"562R","street":"TEVLIN ST","side":"R","pavement_ft":25,"width_ft":8.0,"width_source":"gis","path_ft":6,"depth_ft":-2.5,"zone":"R-2","district":"Multi-Unit 2","cat":"res","zone_dist_m":0.0,"campable_zone":false,"count":0,"placement":null}},{"type":"Feature","geometry":{"type":"LineString","coordinates":[[-122.29090681774647,37.87382483081],[-122.29005981719928,37.87393183087431]]},"properties":{"id":"568L","street":"VIRGINIA ST","side":"L","pavement_ft":36,"width_ft":12.8,"width_source":"gis","path_ft":6,"depth_ft":2.3,"zone":"R-2","district":"Multi-Unit 2","cat":"res","zone_dist_m":4.9,"campable_zone":false,"count":0,"placement":null}},{"type":"Feature","geometry":{"type":"LineString","coordinates":[[-122.290887182266,37.87372716918888],[-122.29004018281317,37.8738341691246]]},"properties":{"id":"568R","street":"VIRGINIA ST","side":"R","pavement_ft":36,"width_ft":14.5,"width_source":"gis","path_ft":10,"depth_ft":-0.0,"zone":"R-2","district":"Multi-Unit 2","cat":"res","zone_dist_m":4.7,"campable_zone":false,"count":0,"placement":null}},{"type":"Feature","geometry":{"type":"LineString","coordinates":[[-122.29006146007227,37.8739316054539],[-122.29003446005508,37.873935605456325]]},"properties":{"id":"569L","street":"VIRGINIA ST","side":"L","pavement_ft":36,"width_ft":22.5,"width_source":"gis","path_ft":10,"depth_ft":8.0,"zone":"R-2","district":"Multi-Unit 2","cat":"res","zone_dist_m":7.2,"campable_zone":false,"count":0,"placement":null}},{"type":"Feature","geometry":{"type":"LineString","coordinates":[[-122.29003853994229,37.87383439454474],[-122.29001153995951,37.87383839454231]]},"properties":{"id":"569R","street":"VIRGINIA ST","side":"R","pavement_ft":36,"width_ft":31.4,"width_source":"gis","path_ft":10,"depth_ft":16.9,"zone":"R-2","district":"Multi-Unit 2","cat":"res","zone_dist_m":10.5,"campable_zone":false,"count":0,"placement":null}},{"type":"Feature","geometry":{"type":"LineString","coordinates":[[-122.28996090336497,37.87389170525166],[-122.2898549040979,37.87301270520376]]},"properties":{"id":"570L","street":"CURTIS ST","side":"L","pavement_ft":36,"width_ft":10.5,"width_source":"gis","path_ft":6,"depth_ft":0.0,"zone":"R-2","district":"Multi-Unit 2","cat":"res","zone_dist_m":3.3,"campable_zone":false,"count":0,"placement":null}},{"type":"Feature","geometry":{"type":"LineString","coordinates":[[-122.29008509662768,37.87388229471549],[-122.28997909589474,37.87300329476339]]},"properties":{"id":"570R","street":"CURTIS ST","side":"R","pavement_ft":36,"width_ft":14.4,"width_source":"gis","path_ft":10,"depth_ft":-0.1,"zone":"R-2","district":"Multi-Unit 2","cat":"res","zone_dist_m":4.8,"campable_zone":false,"count":0,"placement":null}},{"type":"Feature","geometry":{"type":"LineString","coordinates":[[-122.30078515046502,37.873893600732984],[-122.30022215021715,37.87400760078321]]},"properties":{"id":"571L","street":"CEDAR ST","side":"L","pavement_ft":26,"width_ft":15.1,"width_source":"gis","path_ft":10,"depth_ft":0.6,"zone":"MUR","district":"Mixed Use-Residential","cat":"mixres","zone_dist_m":6.1,"campable_zone":true,"count":0,"placement":null}},{"type":"Feature","geometry":{"type":"LineString","coordinates":[[-122.3007628495452,37.873824399265864],[-122.30019984979302,37.873938399215625]]},"properties":{"id":"571R","street":"CEDAR ST","side":"R","pavement_ft":26,"width_ft":19.1,"width_source":"gis","path_ft":10,"depth_ft":4.6,"zone":"MUR","district":"Mixed Use-Residential","cat":"mixres","zone_dist_m":6.0,"campable_zone":true,"count":0,"placement":null}},{"type":"Feature","geometry":{"type":"LineString","coordinates":[[-122.28594451599868,37.87445673934916],[-122.2848085152688,37.874610739442026]]},"properties":{"id":"572L","street":"VIRGINIA ST","side":"L","pavement_ft":36,"width_ft":12.7,"width_source":"gis","path_ft":6,"depth_ft":2.2,"zone":"R-BMU","district":"Residential BART Mixed Use","cat":"mixres","zone_dist_m":5.1,"campable_zone":true,"count":0,"placement":null}},{"type":"Feature","geometry":{"type":"LineString","coordinates":[[-122.28592348401469,37.87435926064966],[-122.28478748474454,37.87451326055676]]},"properties":{"id":"572R","street":"VIRGINIA ST","side":"R","pavement_ft":36,"width_ft":11.2,"width_source":"gis","path_ft":6,"depth_ft":0.7,"zone":"R-1","district":"Multi-Unit 1","cat":"res","zone_dist_m":3.8,"campable_zone":false,"count":0,"placement":null}},{"type":"Feature","geometry":{"type":"LineString","coordinates":[[-122.29227262080018,37.875457160086306],[-122.29170162194117,37.87367815985634]]},"properties":{"id":"573L","street":"STANNAGE AVE","side":"L","pavement_ft":30,"width_ft":8.3,"width_source":"gis","path_ft":6,"depth_ft":-2.2,"zone":"R-2","district":"Multi-Unit 2","cat":"res","zone_dist_m":2.7,"campable_zone":false,"count":0,"placement":null}},{"type":"Feature","geometry":{"type":"LineString","coordinates":[[-122.29237337918629,37.87543683989197],[-122.29180237804533,37.87365784012198]]},"properties":{"id":"573R","street":"STANNAGE AVE","side":"R","pavement_ft":30,"width_ft":11.0,"width_source":"gis","path_ft":6,"depth_ft":0.5,"zone":"R-2","district":"Multi-Unit 2","cat":"res","zone_dist_m":3.7,"campable_zone":false,"count":0,"placement":null}},{"type":"Feature","geometry":{"type":"LineString","coordinates":[[-122.28689809750672,37.87342570286596],[-122.2858340969335,37.87355870293247]]},"properties":{"id":"575L","street":"FRANCISCO ST","side":"L","pavement_ft":30,"width_ft":8.5,"width_source":"gis","path_ft":6,"depth_ft":-2.0,"zone":"R-2","district":"Multi-Unit 2","cat":"res","zone_dist_m":3.5,"campable_zone":false,"count":0,"placement":null}},{"type":"Feature","geometry":{"type":"LineString","coordinates":[[-122.28688190250182,37.87334429713331],[-122.2858179030751,37.87347729706677]]},"properties":{"id":"575R","street":"FRANCISCO ST","side":"R","pavement_ft":30,"width_ft":7.7,"width_source":"gis","path_ft":6,"depth_ft":-2.8,"zone":"R-2","district":"Multi-Unit 2","cat":"res","zone_dist_m":2.8,"campable_zone":false,"count":0,"placement":null}},{"type":"Feature","geometry":{"type":"LineString","coordinates":[[-122.28577073975218,37.873521616961284],[-122.28567574043022,37.87260961692408]]},"properties":{"id":"576L","street":"FRANKLIN ST","side":"L","pavement_ft":32,"width_ft":13.2,"width_source":"gis","path_ft":6,"depth_ft":2.7,"zone":"R-2","district":"Multi-Unit 2","cat":"res","zone_dist_m":4.1,"campable_zone":false,"count":0,"placement":null}},{"type":"Feature","geometry":{"type":"LineString","coordinates":[[-122.28588126024286,37.8735143830127],[-122.28578625956477,37.872602383049916]]},"properties":{"id":"576R","street":"FRANKLIN ST","side":"R","pavement_ft":32,"width_ft":14.5,"width_source":"gis","path_ft":10,"depth_ft":-0.0,"zone":"R-2","district":"Multi-Unit 2","cat":"res","zone_dist_m":4.8,"campable_zone":false,"count":0,"placement":null}},{"type":"Feature","geometry":{"type":"LineString","coordinates":[[-122.30182340645162,37.87359912273431],[-122.30285440582455,37.87338812286304]]},"properties":{"id":"579L","street":"CEDAR ST","side":"L","pavement_ft":36,"width_ft":7.8,"width_source":"gis","path_ft":6,"depth_ft":-2.7,"zone":"MULI","district":"Mixed Use-Light Industrial","cat":"man","zone_dist_m":2.6,"campable_zone":true,"count":0,"placement":null}},{"type":"Feature","geometry":{"type":"LineString","coordinates":[[-122.3018545935681,37.87369487726341],[-122.3028855941952,37.87348387713469]]},"properties":{"id":"579R","street":"CEDAR ST","side":"R","pavement_ft":36,"width_ft":10.5,"width_source":"gis","path_ft":6,"depth_ft":0.0,"zone":"MULI","district":"Mixed Use-Light Industrial","cat":"man","zone_dist_m":4.8,"campable_zone":true,"count":0,"placement":null}},{"type":"Feature","geometry":{"type":"LineString","coordinates":[[-122.28007348183827,37.87338187242514],[-122.27781748037711,37.87365687258975]]},"properties":{"id":"580L","street":"DELAWARE ST","side":"L","pavement_ft":36,"width_ft":11.7,"width_source":"gis","path_ft":6,"depth_ft":1.2,"zone":"R-2","district":"Multi-Unit 2","cat":"res","zone_dist_m":4.4,"campable_zone":false,"count":0,"placement":null}},{"type":"Feature","geometry":{"type":"LineString","coordinates":[[-122.28005451817377,37.873284127573825],[-122.2777985196349,37.873559127409195]]},"properties":{"id":"580R","street":"DELAWARE ST","side":"R","pavement_ft":36,"width_ft":10.0,"width_source":"gis","path_ft":6,"depth_ft":-0.5,"zone":"R-2","district":"Multi-Unit 2","cat":"res","zone_dist_m":3.3,"campable_zone":false,"count":0,"placement":null}},{"type":"Feature","geometry":{"type":"LineString","coordinates":[[-122.30182905511853,37.873685179555984],[-122.30180405510798,37.87369117955863]]},"properties":{"id":"583L","street":"CEDAR ST","side":"L","pavement_ft":26,"width_ft":29.4,"width_source":"gis","path_ft":10,"depth_ft":14.9,"zone":"MULI","district":"Mixed Use-Light Industrial","cat":"man","zone_dist_m":9.9,"campable_zone":true,"count":0,"placement":null}},{"type":"Feature","geometry":{"type":"LineString","coordinates":[[-122.30180294489331,37.87361682044248],[-122.30177794490389,37.87362282043984]]},"properties":{"id":"583R","street":"CEDAR ST","side":"R","pavement_ft":26,"width_ft":32.5,"width_source":"gis","path_ft":10,"depth_ft":18.0,"zone":"MULI","district":"Mixed Use-Light Industrial","cat":"man","zone_dist_m":9.9,"campable_zone":true,"count":0,"placement":null}},{"type":"Feature","geometry":{"type":"LineString","coordinates":[[-122.301801950465,37.87369164084465],[-122.30078495001567,37.873893640933666]]},"properties":{"id":"584L","street":"CEDAR ST","side":"L","pavement_ft":26,"width_ft":15.2,"width_source":"gis","path_ft":10,"depth_ft":0.7,"zone":"MUR","district":"Mixed Use-Residential","cat":"mixres","zone_dist_m":5.9,"campable_zone":true,"count":0,"placement":null}},{"type":"Feature","geometry":{"type":"LineString","coordinates":[[-122.30178004954504,37.873622359154226],[-122.30076304999436,37.87382435906522]]},"properties":{"id":"584R","street":"CEDAR ST","side":"R","pavement_ft":26,"width_ft":20.0,"width_source":"gis","path_ft":10,"depth_ft":5.5,"zone":"MUR","district":"Mixed Use-Residential","cat":"mixres","zone_dist_m":5.8,"campable_zone":true,"count":34,"placement":"curb"}},{"type":"Feature","geometry":{"type":"LineString","coordinates":[[-122.28919285049402,37.87404182665614],[-122.2885538500813,37.874122826704806]]},"properties":{"id":"586L","street":"VIRGINIA ST","side":"L","pavement_ft":36,"width_ft":12.4,"width_source":"gis","path_ft":6,"depth_ft":1.9,"zone":"R-2","district":"Multi-Unit 2","cat":"res","zone_dist_m":4.6,"campable_zone":false,"count":0,"placement":null}},{"type":"Feature","geometry":{"type":"LineString","coordinates":[[-122.28917314951848,37.87394417334277],[-122.28853414993118,37.87402517329409]]},"properties":{"id":"586R","street":"VIRGINIA ST","side":"R","pavement_ft":36,"width_ft":13.5,"width_source":"gis","path_ft":6,"depth_ft":3.0,"zone":"R-2","district":"Multi-Unit 2","cat":"res","zone_dist_m":4.4,"campable_zone":false,"count":0,"placement":null}},{"type":"Feature","geometry":{"type":"LineString","coordinates":[[-122.28848189707148,37.87407865397934],[-122.28837789779878,37.873206653932435]]},"properties":{"id":"587L","street":"CHESTNUT ST","side":"L","pavement_ft":36,"width_ft":9.0,"width_source":"gis","path_ft":6,"depth_ft":-1.5,"zone":"R-2","district":"Multi-Unit 2","cat":"res","zone_dist_m":2.6,"campable_zone":false,"count":0,"placement":null}},{"type":"Feature","geometry":{"type":"LineString","coordinates":[[-122.28860610292121,37.87406934598783],[-122.2885021021939,37.873197346034715]]},"properties":{"id":"587R","street":"CHESTNUT ST","side":"R","pavement_ft":36,"width_ft":15.2,"width_source":"gis","path_ft":10,"depth_ft":0.7,"zone":"R-2","district":"Multi-Unit 2","cat":"res","zone_dist_m":5.1,"campable_zone":false,"count":0,"placement":null}},{"type":"Feature","geometry":{"type":"LineString","coordinates":[[-122.2885537904562,37.87412283423929],[-122.28699778945078,37.87431883435702]]},"properties":{"id":"588L","street":"VIRGINIA ST","side":"L","pavement_ft":36,"width_ft":13.0,"width_source":"gis","path_ft":6,"depth_ft":2.5,"zone":"R-2","district":"Multi-Unit 2","cat":"res","zone_dist_m":4.9,"campable_zone":false,"count":0,"placement":null}},{"type":"Feature","geometry":{"type":"LineString","coordinates":[[-122.28853420955619,37.874025165759626],[-122.28697821056164,37.87422116564191]]},"properties":{"id":"588R","street":"VIRGINIA ST","side":"R","pavement_ft":36,"width_ft":13.1,"width_source":"gis","path_ft":6,"depth_ft":2.6,"zone":"R-2","district":"Multi-Unit 2","cat":"res","zone_dist_m":4.1,"campable_zone":false,"count":0,"placement":null}},{"type":"Feature","geometry":{"type":"LineString","coordinates":[[-122.28111287911644,37.874161822968354],[-122.28017687851197,37.874280823039825]]},"properties":{"id":"589L","street":"FRANCISCO ST","side":"L","pavement_ft":36,"width_ft":11.7,"width_source":"gis","path_ft":6,"depth_ft":1.2,"zone":"R-2","district":"Multi-Unit 2","cat":"res","zone_dist_m":4.2,"campable_zone":false,"count":0,"placement":null}},{"type":"Feature","geometry":{"type":"LineString","coordinates":[[-122.28109312089614,37.87406417703052],[-122.28015712150057,37.87418317695908]]},"properties":{"id":"589R","street":"FRANCISCO ST","side":"R","pavement_ft":36,"width_ft":11.1,"width_source":"gis","path_ft":6,"depth_ft":0.6,"zone":"R-2","district":"Multi-Unit 2","cat":"res","zone_dist_m":3.2,"campable_zone":false,"count":0,"placement":null}},{"type":"Feature","geometry":{"type":"LineString","coordinates":[[-122.28009452173129,37.874237217696084],[-122.2799915226069,37.87333821764233]]},"properties":{"id":"590L","street":"CALIFORNIA ST","side":"L","pavement_ft":42,"width_ft":7.3,"width_source":"gis","path_ft":6,"depth_ft":-3.2,"zone":"R-2","district":"Multi-Unit 2","cat":"res","zone_dist_m":2.1,"campable_zone":false,"count":0,"placement":null}},{"type":"Feature","geometry":{"type":"LineString","coordinates":[[-122.2802394782592,37.87422678225919],[-122.28013647738358,37.873327782312955]]},"properties":{"id":"590R","street":"CALIFORNIA ST","side":"R","pavement_ft":42,"width_ft":9.4,"width_source":"gis","path_ft":6,"depth_ft":-1.1,"zone":"R-2","district":"Multi-Unit 2","cat":"res","zone_dist_m":3.7,"campable_zone":false,"count":0,"placement":null}},{"type":"Feature","geometry":{"type":"LineString","coordinates":[[-122.28587880577572,37.8744122084215],[-122.28577080643528,37.87352220837811]]},"properties":{"id":"592L","street":"FRANKLIN ST","side":"L","pavement_ft":32,"width_ft":12.0,"width_source":"gis","path_ft":6,"depth_ft":1.5,"zone":"R-2","district":"Multi-Unit 2","cat":"res","zone_dist_m":4.0,"campable_zone":false,"count":0,"placement":null}},{"type":"Feature","geometry":{"type":"LineString","coordinates":[[-122.28598919421843,37.874403791552574],[-122.28588119355886,37.87351379159595]]},"properties":{"id":"592R","street":"FRANKLIN ST","side":"R","pavement_ft":32,"width_ft":16.6,"width_source":"gis","path_ft":10,"depth_ft":2.1,"zone":"R-1","district":"Multi-Unit 1","cat":"res","zone_dist_m":5.9,"campable_zone":false,"count":0,"placement":null}},{"type":"Feature","geometry":{"type":"LineString","coordinates":[[-122.28017700359236,37.87428080703474],[-122.27792500213945,37.87457080720898]]},"properties":{"id":"594L","street":"FRANCISCO ST","side":"L","pavement_ft":36,"width_ft":11.4,"width_source":"gis","path_ft":6,"depth_ft":0.9,"zone":"R-2","district":"Multi-Unit 2","cat":"res","zone_dist_m":4.5,"campable_zone":false,"count":0,"placement":null}},{"type":"Feature","geometry":{"type":"LineString","coordinates":[[-122.28015699642033,37.874183192964146],[-122.27790499787324,37.874473192789885]]},"properties":{"id":"594R","street":"FRANCISCO ST","side":"R","pavement_ft":36,"width_ft":13.2,"width_source":"gis","path_ft":6,"depth_ft":2.7,"zone":"R-2","district":"Multi-Unit 2","cat":"res","zone_dist_m":4.1,"campable_zone":false,"count":0,"placement":null}},{"type":"Feature","geometry":{"type":"LineString","coordinates":[[-122.3022084681447,37.874866902864],[-122.30116846751105,37.875077902992736]]},"properties":{"id":"599L","street":"JONES ST","side":"L","pavement_ft":36,"width_ft":10.1,"width_source":"gis","path_ft":6,"depth_ft":-0.4,"zone":"MULI","district":"Mixed Use-Light Industrial","cat":"man","zone_dist_m":4.3,"campable_zone":true,"count":0,"placement":null}},{"type":"Feature","geometry":{"type":"LineString","coordinates":[[-122.30217753187486,37.87477109713378],[-122.30113753250856,37.87498209700503]]},"properties":{"id":"599R","street":"JONES ST","side":"R","pavement_ft":36,"width_ft":13.8,"width_source":"gis","path_ft":6,"depth_ft":3.3,"zone":"MUR","district":"Mixed Use-Residential","cat":"mixres","zone_dist_m":4.1,"campable_zone":true,"count":0,"placement":null}},{"type":"Feature","geometry":{"type":"LineString","coordinates":[[-122.28858986642324,37.87503739659019],[-122.28848186722419,37.8740783965419]]},"properties":{"id":"601L","street":"CHESTNUT ST","side":"L","pavement_ft":36,"width_ft":10.4,"width_source":"gis","path_ft":6,"depth_ft":-0.1,"zone":"R-2","district":"Multi-Unit 2","cat":"res","zone_dist_m":3.3,"campable_zone":false,"count":0,"placement":null}},{"type":"Feature","geometry":{"type":"LineString","coordinates":[[-122.28871413356987,37.875028603376954],[-122.28860613276893,37.87406960342523]]},"properties":{"id":"601R","street":"CHESTNUT ST","side":"R","pavement_ft":36,"width_ft":14.0,"width_source":"gis","path_ft":10,"depth_ft":-0.5,"zone":"R-2","district":"Multi-Unit 2","cat":"res","zone_dist_m":4.9,"campable_zone":false,"count":0,"placement":null}},{"type":"Feature","geometry":{"type":"LineString","coordinates":[[-122.28019851485905,37.875154165300565],[-122.28009451575245,37.8742371652464]]},"properties":{"id":"602L","street":"CALIFORNIA ST","side":"L","pavement_ft":42,"width_ft":7.0,"width_source":"gis","path_ft":6,"depth_ft":-3.5,"zone":"R-2","district":"Multi-Unit 2","cat":"res","zone_dist_m":2.0,"campable_zone":false,"count":0,"placement":null}},{"type":"Feature","geometry":{"type":"LineString","coordinates":[[-122.28034348513154,37.87514383465466],[-122.28023948423814,37.87422683470887]]},"properties":{"id":"602R","street":"CALIFORNIA ST","side":"R","pavement_ft":42,"width_ft":9.7,"width_source":"gis","path_ft":6,"depth_ft":-0.8,"zone":"R-2","district":"Multi-Unit 2","cat":"res","zone_dist_m":3.9,"campable_zone":false,"count":0,"placement":null}},{"type":"Feature","geometry":{"type":"LineString","coordinates":[[-122.30552288039141,37.87415856652927],[-122.30585287957113,37.87533156667108]]},"properties":{"id":"603R","street":"EASTSHORE HWY","side":"R","pavement_ft":32,"width_ft":11.1,"width_source":"gis","path_ft":6,"depth_ft":0.6,"zone":"M","district":"Manufacturing","cat":"man","zone_dist_m":5.5,"campable_zone":true,"count":0,"placement":null}},{"type":"Feature","geometry":{"type":"LineString","coordinates":[[-122.28481332997089,37.87520725569834],[-122.28473933047623,37.874566255667]]},"properties":{"id":"604L","street":"ACTON ST","side":"L","pavement_ft":34,"width_ft":14.7,"width_source":"gis","path_ft":10,"depth_ft":0.2,"zone":"R-1","district":"Multi-Unit 1","cat":"res","zone_dist_m":4.3,"campable_zone":false,"count":0,"placement":null}},{"type":"Feature","geometry":{"type":"LineString","coordinates":[[-122.28493067002283,37.87519874427233],[-122.28485666951747,37.87455774430367]]},"properties":{"id":"604R","street":"ACTON ST","side":"R","pavement_ft":34,"width_ft":14.0,"width_source":"gis","path_ft":10,"depth_ft":-0.5,"zone":"R-1","district":"Multi-Unit 1","cat":"res","zone_dist_m":4.5,"campable_zone":false,"count":0,"placement":null}},{"type":"Feature","geometry":{"type":"LineString","coordinates":[[-122.28340414287263,37.875764327319565],[-122.28328514348003,37.874756327280906]]},"properties":{"id":"606L","street":"SHORT ST","side":"L","pavement_ft":26,"width_ft":11.3,"width_source":"gis","path_ft":6,"depth_ft":0.8,"zone":"R-1","district":"Multi-Unit 1","cat":"res","zone_dist_m":5.4,"campable_zone":false,"count":0,"placement":null}},{"type":"Feature","geometry":{"type":"LineString","coordinates":[[-122.2834938571236,37.875757672663305],[-122.28337485651623,37.87474967270196]]},"properties":{"id":"606R","street":"SHORT ST","side":"R","pavement_ft":26,"width_ft":12.0,"width_source":"gis","path_ft":6,"depth_ft":1.5,"zone":"R-1","district":"Multi-Unit 1","cat":"res","zone_dist_m":5.0,"campable_zone":false,"count":0,"placement":null}},{"type":"Feature","geometry":{"type":"LineString","coordinates":[[-122.31811974182061,37.86841365677919],[-122.31793174177757,37.86830265672]]},"properties":{"id":"609L","street":"BERK MARINE CTR WAYS","side":"L","pavement_ft":36,"width_ft":21.3,"width_source":"default","path_ft":10,"depth_ft":6.8,"zone":"U","district":"Unclassified","cat":"other","zone_dist_m":3.0,"campable_zone":false,"count":0,"placement":null}},{"type":"Feature","geometry":{"type":"LineString","coordinates":[[-122.31819425813927,37.868334343208375],[-122.31800625818234,37.86822334326755]]},"properties":{"id":"609R","street":"BERK MARINE CTR WAYS","side":"R","pavement_ft":36,"width_ft":25.6,"width_source":"default","path_ft":10,"depth_ft":11.1,"zone":"U","district":"Unclassified","cat":"other","zone_dist_m":0.5,"campable_zone":false,"count":0,"placement":null}},{"type":"Feature","geometry":{"type":"LineString","coordinates":[[-122.31465032463814,37.868396755770526],[-122.31489732448433,37.86835275579738]]},"properties":{"id":"614L","street":"HORNBLOWER DOCK","side":"L","pavement_ft":36,"width_ft":21.9,"width_source":"default","path_ft":10,"depth_ft":7.4,"zone":"U","district":"Unclassified","cat":"other","zone_dist_m":4.1,"campable_zone":false,"count":0,"placement":null}},{"type":"Feature","geometry":{"type":"LineString","coordinates":[[-122.3146776753792,37.868493244227665],[-122.31492467553302,37.8684492442008]]},"properties":{"id":"614R","street":"HORNBLOWER DOCK","side":"R","pavement_ft":36,"width_ft":23.1,"width_source":"default","path_ft":10,"depth_ft":8.6,"zone":"U","district":"Unclassified","cat":"other","zone_dist_m":3.0,"campable_zone":false,"count":0,"placement":null}},{"type":"Feature","geometry":{"type":"LineString","coordinates":[[-122.31494982706926,37.86864964051567],[-122.3148518272364,37.86841664046863]]},"properties":{"id":"618L","street":"HORNBLOWER DOCK","side":"L","pavement_ft":36,"width_ft":31.2,"width_source":"default","path_ft":10,"depth_ft":16.7,"zone":"U","district":"Unclassified","cat":"other","zone_dist_m":9.1,"campable_zone":false,"count":0,"placement":null}},{"type":"Feature","geometry":{"type":"LineString","coordinates":[[-122.28280214525726,37.878944599306735],[-122.28260414777579,37.87729759914303]]},"properties":{"id":"619L","street":"SACRAMENTO ST","side":"L","pavement_ft":66,"width_ft":25.9,"width_source":"gis","path_ft":10,"depth_ft":11.4,"zone":"R-1","district":"Multi-Unit 1","cat":"res","zone_dist_m":7.8,"campable_zone":false,"count":0,"placement":null}},{"type":"Feature","geometry":{"type":"LineString","coordinates":[[-122.28302985471804,37.87892740058287],[-122.28283185219951,37.877280400746564]]},"properties":{"id":"619R","street":"SACRAMENTO ST","side":"R","pavement_ft":66,"width_ft":17.8,"width_source":"gis","path_ft":10,"depth_ft":3.3,"zone":"R-1","district":"Multi-Unit 1","cat":"res","zone_dist_m":7.5,"campable_zone":false,"count":0,"placement":null}},{"type":"Feature","geometry":{"type":"LineString","coordinates":[[-122.29178400616937,37.87954233662576],[-122.29165700611999,37.87949533660181]]},"properties":{"id":"620L","street":"TALBOT AVE","side":"L","pavement_ft":30,"width_ft":12.4,"width_source":"gis","path_ft":6,"depth_ft":1.9,"zone":"R-2","district":"Multi-Unit 2","cat":"res","zone_dist_m":4.6,"campable_zone":false,"count":0,"placement":null}},{"type":"Feature","geometry":{"type":"LineString","coordinates":[[-122.29182799380817,37.87946766336969],[-122.29170099385757,37.87942066339362]]},"properties":{"id":"620R","street":"TALBOT AVE","side":"R","pavement_ft":30,"width_ft":35.3,"width_source":"gis","path_ft":10,"depth_ft":20.8,"zone":"R-2","district":"Multi-Unit 2","cat":"res","zone_dist_m":13.2,"campable_zone":false,"count":0,"placement":null}},{"type":"Feature","geometry":{"type":"LineString","coordinates":[[-122.28048286364921,37.87699947879879],[-122.27959286304444,37.877117478873785]]},"properties":{"id":"623L","street":"CEDAR ST","side":"L","pavement_ft":38,"width_ft":11.1,"width_source":"gis","path_ft":6,"depth_ft":0.6,"zone":"R-2","district":"Multi-Unit 2","cat":"res","zone_dist_m":4.7,"campable_zone":false,"count":0,"placement":null}},{"type":"Feature","geometry":{"type":"LineString","coordinates":[[-122.28046113636536,37.87689652119991],[-122.27957113697012,37.87701452112493]]},"properties":{"id":"623R","street":"CEDAR ST","side":"R","pavement_ft":38,"width_ft":10.7,"width_source":"gis","path_ft":6,"depth_ft":0.2,"zone":"R-2","district":"Multi-Unit 2","cat":"res","zone_dist_m":3.4,"campable_zone":false,"count":0,"placement":null}},{"type":"Feature","geometry":{"type":"LineString","coordinates":[[-122.2948773099595,37.87759693482468],[-122.29397030940561,37.87777893493569]]},"properties":{"id":"624L","street":"PAGE ST","side":"L","pavement_ft":36,"width_ft":10.7,"width_source":"gis","path_ft":6,"depth_ft":0.2,"zone":"C-W","district":"West Berkeley Commercial","cat":"com","zone_dist_m":5.0,"campable_zone":true,"count":0,"placement":null}},{"type":"Feature","geometry":{"type":"LineString","coordinates":[[-122.29484669005987,37.87750106517313],[-122.29393969061377,37.87768306506212]]},"properties":{"id":"624R","street":"PAGE ST","side":"R","pavement_ft":36,"width_ft":13.7,"width_source":"gis","path_ft":6,"depth_ft":3.2,"zone":"C-W","district":"West Berkeley Commercial","cat":"com","zone_dist_m":4.4,"campable_zone":true,"count":0,"placement":null}},{"type":"Feature","geometry":{"type":"LineString","coordinates":[[-122.29390460957292,37.877741129940624],[-122.29352961032512,37.876569129789566]]},"properties":{"id":"625L","street":"KAINS AVE","side":"L","pavement_ft":30,"width_ft":9.8,"width_source":"gis","path_ft":6,"depth_ft":-0.7,"zone":"R-2","district":"Multi-Unit 2","cat":"res","zone_dist_m":2.7,"campable_zone":false,"count":0,"placement":null}},{"type":"Feature","geometry":{"type":"LineString","coordinates":[[-122.29400539041359,37.877720870037635],[-122.29363038966142,37.876548870188714]]},"properties":{"id":"625R","street":"KAINS AVE","side":"R","pavement_ft":30,"width_ft":11.1,"width_source":"gis","path_ft":6,"depth_ft":0.6,"zone":"R-2","district":"Multi-Unit 2","cat":"res","zone_dist_m":4.0,"campable_zone":false,"count":0,"placement":null}},{"type":"Feature","geometry":{"type":"LineString","coordinates":[[-122.28975910779042,37.87581818503986],[-122.28878710714507,37.875941185115835]]},"properties":{"id":"628L","street":"CEDAR ST","side":"L","pavement_ft":37,"width_ft":11.3,"width_source":"gis","path_ft":6,"depth_ft":0.8,"zone":"R-2","district":"Multi-Unit 2","cat":"res","zone_dist_m":4.2,"campable_zone":false,"count":0,"placement":null}},{"type":"Feature","geometry":{"type":"LineString","coordinates":[[-122.28973889222277,37.875717814958975],[-122.28876689286811,37.875840814883006]]},"properties":{"id":"628R","street":"CEDAR ST","side":"R","pavement_ft":37,"width_ft":12.9,"width_source":"gis","path_ft":6,"depth_ft":2.4,"zone":"R-2","district":"Multi-Unit 2","cat":"res","zone_dist_m":4.3,"campable_zone":false,"count":0,"placement":null}},{"type":"Feature","geometry":{"type":"LineString","coordinates":[[-122.2902482812128,37.883039955075624],[-122.29073728197912,37.881771955287334]]},"properties":{"id":"636L","street":"SANTA FE AVE","side":"L","pavement_ft":30,"width_ft":14.2,"width_source":"gis","path_ft":10,"depth_ft":-0.3,"zone":"R-2","district":"Multi-Unit 2","cat":"res","zone_dist_m":4.7,"campable_zone":false,"count":0,"placement":null}},{"type":"Feature","geometry":{"type":"LineString","coordinates":[[-122.2903477188037,37.883064044903485],[-122.2908367180374,37.88179604469182]]},"properties":{"id":"636R","street":"SANTA FE AVE","side":"R","pavement_ft":30,"width_ft":4.0,"width_source":"gis","path_ft":6,"depth_ft":-6.5,"zone":"R-2","district":"Multi-Unit 2","cat":"res","zone_dist_m":3.8,"campable_zone":false,"count":0,"placement":null}},{"type":"Feature","geometry":{"type":"LineString","coordinates":[[-122.29113048966944,37.88307475932278],[-122.2907364904978,37.88179375916407]]},"properties":{"id":"637L","street":"MASONIC AVE","side":"L","pavement_ft":30,"width_ft":11.6,"width_source":"gis","path_ft":6,"depth_ft":1.1,"zone":"R-2","district":"Multi-Unit 2","cat":"res","zone_dist_m":3.8,"campable_zone":false,"count":0,"placement":null}},{"type":"Feature","geometry":{"type":"LineString","coordinates":[[-122.29123151031754,37.883055240655395],[-122.2908375094892,37.88177424081413]]},"properties":{"id":"637R","street":"MASONIC AVE","side":"R","pavement_ft":30,"width_ft":9.4,"width_source":"gis","path_ft":6,"depth_ft":-1.1,"zone":"R-2","district":"Multi-Unit 2","cat":"res","zone_dist_m":3.0,"campable_zone":false,"count":0,"placement":null}},{"type":"Feature","geometry":{"type":"LineString","coordinates":[[-122.28871822564348,37.87590757036074],[-122.28868322569818,37.875829570344024],[-122.2886816868586,37.875825626756054],[-122.28868056835289,37.875821595169946],[-122.28867987797607,37.87581750368256],[-122.28858987862718,37.87503750364218]]},"properties":{"id":"646L","street":"CHESTNUT ST","side":"L","pavement_ft":36,"width_ft":11.4,"width_source":"gis","path_ft":6,"depth_ft":0.9,"zone":"R-2","district":"Multi-Unit 2","cat":"res","zone_dist_m":3.1,"campable_zone":false,"count":0,"placement":null}},{"type":"Feature","geometry":{"type":"LineString","coordinates":[[-122.2888357743306,37.87587442960961],[-122.28880340657408,37.87580229588643],[-122.28871412136577,37.875028496324965]]},"properties":{"id":"646R","street":"CHESTNUT ST","side":"R","pavement_ft":36,"width_ft":13.7,"width_source":"gis","path_ft":6,"depth_ft":3.2,"zone":"R-2","district":"Multi-Unit 2","cat":"res","zone_dist_m":5.1,"campable_zone":false,"count":0,"placement":null}},{"type":"Feature","geometry":{"type":"LineString","coordinates":[[-122.30366069612573,37.87581695813206],[-122.30257869557462,37.87603295824191]]},"properties":{"id":"647L","street":"PAGE ST","side":"L","pavement_ft":30,"width_ft":16.4,"width_source":"gis","path_ft":10,"depth_ft":1.9,"zone":"M","district":"Manufacturing","cat":"man","zone_dist_m":6.5,"campable_zone":true,"count":0,"placement":null}},{"type":"Feature","geometry":{"type":"LineString","coordinates":[[-122.30363530388767,37.875737041866444],[-122.30255330443875,37.875953041756574]]},"properties":{"id":"647R","street":"PAGE ST","side":"R","pavement_ft":30,"width_ft":8.0,"width_source":"gis","path_ft":6,"depth_ft":-2.5,"zone":"MULI","district":"Mixed Use-Light Industrial","cat":"man","zone_dist_m":3.7,"campable_zone":true,"count":0,"placement":null}},{"type":"Feature","geometry":{"type":"LineString","coordinates":[[-122.28254034801138,37.87586524362071],[-122.28234022202628,37.87585081146379],[-122.28038002464399,37.87610380433893]]},"properties":{"id":"649L","street":"LINCOLN ST","side":"L","pavement_ft":36,"width_ft":12.1,"width_source":"gis","path_ft":6,"depth_ft":1.6,"zone":"R-2","district":"Multi-Unit 2","cat":"res","zone_dist_m":5.1,"campable_zone":false,"count":0,"placement":null}},{"type":"Feature","geometry":{"type":"LineString","coordinates":[[-122.28255165198054,37.87576675637853],[-122.28234365211758,37.875751756389775],[-122.28233841672565,37.8757515541083],[-122.28233317839155,37.87575170092811],[-122.28232797409923,37.87575219581264],[-122.28035997536877,37.87600619565994]]},"properties":{"id":"649R","street":"LINCOLN ST","side":"R","pavement_ft":36,"width_ft":12.4,"width_source":"gis","path_ft":6,"depth_ft":1.9,"zone":"R-2","district":"Multi-Unit 2","cat":"res","zone_dist_m":4.5,"campable_zone":false,"count":0,"placement":null}},{"type":"Feature","geometry":{"type":"LineString","coordinates":[[-122.30257821798033,37.876033051679194],[-122.30245821791875,37.876056051690895]]},"properties":{"id":"651L","street":"PAGE ST","side":"L","pavement_ft":30,"width_ft":15.9,"width_source":"gis","path_ft":10,"depth_ft":1.4,"zone":"MULI","district":"Mixed Use-Light Industrial","cat":"man","zone_dist_m":6.4,"campable_zone":true,"count":0,"placement":null}},{"type":"Feature","geometry":{"type":"LineString","coordinates":[[-122.30255378203259,37.87595294831939],[-122.30243378209417,37.8759759483077]]},"properties":{"id":"651R","street":"PAGE ST","side":"R","pavement_ft":30,"width_ft":20.1,"width_source":"gis","path_ft":10,"depth_ft":5.6,"zone":"MULI","district":"Mixed Use-Light Industrial","cat":"man","zone_dist_m":6.8,"campable_zone":true,"count":0,"placement":null}},{"type":"Feature","geometry":{"type":"LineString","coordinates":[[-122.30245826171341,37.87605604328101],[-122.30151226122837,37.876238043373554]]},"properties":{"id":"652L","street":"PAGE ST","side":"L","pavement_ft":30,"width_ft":13.2,"width_source":"gis","path_ft":6,"depth_ft":2.7,"zone":"MUR","district":"Mixed Use-Residential","cat":"mixres","zone_dist_m":5.9,"campable_zone":true,"count":0,"placement":null}},{"type":"Feature","geometry":{"type":"LineString","coordinates":[[-122.30243373829954,37.87597595671757],[-122.30148773878459,37.876157956625]]},"properties":{"id":"652R","street":"PAGE ST","side":"R","pavement_ft":30,"width_ft":17.3,"width_source":"gis","path_ft":10,"depth_ft":2.8,"zone":"MUR","district":"Mixed Use-Residential","cat":"mixres","zone_dist_m":4.9,"campable_zone":true,"count":0,"placement":null}},{"type":"Feature","geometry":{"type":"LineString","coordinates":[[-122.28878962365438,37.875940825750334],[-122.28854596548985,37.87597961215254],[-122.28813129449716,37.87606035337649],[-122.28812675165852,37.87606110088554],[-122.28759400119561,37.8761329324087],[-122.28733824153734,37.876175724878344],[-122.28733504450604,37.8761761930088],[-122.28665104405167,37.87626219306189]]},"properties":{"id":"653L","street":"CEDAR ST","side":"L","pavement_ft":37,"width_ft":13.2,"width_source":"gis","path_ft":6,"depth_ft":2.7,"zone":"R-2","district":"Multi-Unit 2","cat":"res","zone_dist_m":2.9,"campable_zone":false,"count":0,"placement":null}},{"type":"Feature","geometry":{"type":"LineString","coordinates":[[-122.28876437636211,37.87584117424808],[-122.28851937652134,37.87588017422372],[-122.28851670526021,37.875880646672066],[-122.28810295986695,37.87596120767895],[-122.28757124870832,37.87603289906857],[-122.28756875831395,37.8760332751468],[-122.28731334950432,37.87607600891927],[-122.28663095596144,37.876161806936956]]},"properties":{"id":"653R","street":"CEDAR ST","side":"R","pavement_ft":37,"width_ft":15.5,"width_source":"gis","path_ft":10,"depth_ft":1.0,"zone":"R-2","district":"Multi-Unit 2","cat":"res","zone_dist_m":6.2,"campable_zone":false,"count":0,"placement":null}},{"type":"Feature","geometry":{"type":"LineString","coordinates":[[-122.28610380090767,37.87627917970073],[-122.28587880229162,37.87441217961046]]},"properties":{"id":"654L","street":"FRANKLIN ST","side":"L","pavement_ft":32,"width_ft":14.7,"width_source":"gis","path_ft":10,"depth_ft":0.2,"zone":"R-1","district":"Multi-Unit 1","cat":"res","zone_dist_m":3.9,"campable_zone":false,"count":0,"placement":null}},{"type":"Feature","geometry":{"type":"LineString","coordinates":[[-122.28621419908649,37.87627082027331],[-122.28598919770256,37.87440382036361]]},"properties":{"id":"654R","street":"FRANKLIN ST","side":"R","pavement_ft":32,"width_ft":14.9,"width_source":"gis","path_ft":10,"depth_ft":0.4,"zone":"R-1","district":"Multi-Unit 1","cat":"res","zone_dist_m":5.4,"campable_zone":false,"count":0,"placement":null}},{"type":"Feature","geometry":{"type":"LineString","coordinates":[[-122.29449888021237,37.87643101973588],[-122.29359487965726,37.87660701984325]]},"properties":{"id":"656L","street":"JONES ST","side":"L","pavement_ft":36,"width_ft":8.3,"width_source":"gis","path_ft":6,"depth_ft":-2.2,"zone":"C-W","district":"West Berkeley Commercial","cat":"com","zone_dist_m":4.3,"campable_zone":true,"count":0,"placement":null}},{"type":"Feature","geometry":{"type":"LineString","coordinates":[[-122.29446911980646,37.87633498026201],[-122.2935651203616,37.87651098015468]]},"properties":{"id":"656R","street":"JONES ST","side":"R","pavement_ft":36,"width_ft":16.6,"width_source":"gis","path_ft":10,"depth_ft":2.1,"zone":"C-W","district":"West Berkeley Commercial","cat":"com","zone_dist_m":4.4,"campable_zone":true,"count":0,"placement":null}},{"type":"Feature","geometry":{"type":"LineString","coordinates":[[-122.29149701879575,37.87660103683099],[-122.2909130184138,37.876661036866466]]},"properties":{"id":"659L","street":"ROSE ST","side":"L","pavement_ft":36,"width_ft":36.2,"width_source":"gis","path_ft":10,"depth_ft":21.7,"zone":"R-2","district":"Multi-Unit 2","cat":"res","zone_dist_m":18.2,"campable_zone":false,"count":0,"placement":null}},{"type":"Feature","geometry":{"type":"LineString","coordinates":[[-122.29148098121438,37.87650296316815],[-122.2908969815963,37.87656296313268]]},"properties":{"id":"659R","street":"ROSE ST","side":"R","pavement_ft":36,"width_ft":23.4,"width_source":"gis","path_ft":10,"depth_ft":8.9,"zone":"R-2","district":"Multi-Unit 2","cat":"res","zone_dist_m":9.3,"campable_zone":false,"count":0,"placement":null}},{"type":"Feature","geometry":{"type":"LineString","coordinates":[[-122.29085455166664,37.87662194471407],[-122.29055555228052,37.87566894459364]]},"properties":{"id":"660L","street":"CURTIS ST","side":"L","pavement_ft":30,"width_ft":10.0,"width_source":"gis","path_ft":6,"depth_ft":-0.5,"zone":"R-2","district":"Multi-Unit 2","cat":"res","zone_dist_m":2.7,"campable_zone":false,"count":0,"placement":null}},{"type":"Feature","geometry":{"type":"LineString","coordinates":[[-122.2909554483201,37.87660205526415],[-122.29065644770625,37.87564905538459]]},"properties":{"id":"660R","street":"CURTIS ST","side":"R","pavement_ft":30,"width_ft":11.2,"width_source":"gis","path_ft":6,"depth_ft":0.7,"zone":"R-2","district":"Multi-Unit 2","cat":"res","zone_dist_m":4.6,"campable_zone":false,"count":0,"placement":null}},{"type":"Feature","geometry":{"type":"LineString","coordinates":[[-122.30085480740377,37.86741429992157],[-122.29987380653641,37.867608300092506]]},"properties":{"id":"663L","street":"UNIVERSITY AVE OVERPASS","side":"L","pavement_ft":52,"width_ft":30.0,"width_source":"gis","path_ft":10,"depth_ft":15.5,"zone":"C-W","district":"West Berkeley Commercial","cat":"com","zone_dist_m":12.8,"campable_zone":true,"count":0,"placement":null}},{"type":"Feature","geometry":{"type":"LineString","coordinates":[[-122.30081119263615,37.86727570007398],[-122.29983019350348,37.86746969990305]]},"properties":{"id":"663R","street":"UNIVERSITY AVE OVERPASS","side":"R","pavement_ft":52,"width_ft":37.5,"width_source":"gis","path_ft":10,"depth_ft":23.0,"zone":"C-W","district":"West Berkeley Commercial","cat":"com","zone_dist_m":10.2,"campable_zone":true,"count":0,"placement":null}},{"type":"Feature","geometry":{"type":"LineString","coordinates":[[-122.29883425253871,37.86782000402982],[-122.29790676469561,37.8680164132557],[-122.2977938225995,37.86805782535884]]},"properties":{"id":"665L","street":"UNIVERSITY AVE OVERPASS","side":"L","pavement_ft":52,"width_ft":27.1,"width_source":"gis","path_ft":10,"depth_ft":12.6,"zone":"C-W","district":"West Berkeley Commercial","cat":"com","zone_dist_m":10.6,"campable_zone":true,"count":0,"placement":null}},{"type":"Feature","geometry":{"type":"LineString","coordinates":[[-122.29878774750375,37.86768199596519],[-122.29785274831933,37.86787999579087],[-122.29784534931636,37.867881836444894],[-122.2978381773822,37.867884174666216],[-122.29771817746608,37.86792817462895]]},"properties":{"id":"665R","street":"UNIVERSITY AVE OVERPASS","side":"R","pavement_ft":52,"width_ft":30.7,"width_source":"gis","path_ft":10,"depth_ft":16.2,"zone":"C-W","district":"West Berkeley Commercial","cat":"com","zone_dist_m":10.1,"campable_zone":true,"count":0,"placement":null}},{"type":"Feature","geometry":{"type":"LineString","coordinates":[[-122.31485136721892,37.86841550098833],[-122.31469548262893,37.86801264192544],[-122.31380078880233,37.867821748041585]]},"properties":{"id":"671L","street":"HORNBLOWER DOCK","side":"L","pavement_ft":36,"width_ft":32.3,"width_source":"default","path_ft":10,"depth_ft":17.8,"zone":"U","district":"Unclassified","cat":"other","zone_dist_m":5.0,"campable_zone":false,"count":0,"placement":null}},{"type":"Feature","geometry":{"type":"LineString","coordinates":[[-122.28161588608893,37.87811158934398],[-122.28146488716045,37.87682758927615]]},"properties":{"id":"674L","street":"HOLLY ST","side":"L","pavement_ft":36,"width_ft":14.4,"width_source":"gis","path_ft":10,"depth_ft":-0.1,"zone":"R-1","district":"Multi-Unit 1","cat":"res","zone_dist_m":4.5,"campable_zone":false,"count":0,"placement":null}},{"type":"Feature","geometry":{"type":"LineString","coordinates":[[-122.2817401139039,37.87810241062314],[-122.28158911283239,37.876818410691016]]},"properties":{"id":"674R","street":"HOLLY ST","side":"R","pavement_ft":36,"width_ft":12.0,"width_source":"gis","path_ft":6,"depth_ft":1.5,"zone":"R-1","district":"Multi-Unit 1","cat":"res","zone_dist_m":5.0,"campable_zone":false,"count":0,"placement":null}},{"type":"Feature","geometry":{"type":"LineString","coordinates":[[-122.30302652232052,37.8670579300227],[-122.30310652206326,37.86726693008692],[-122.30310715474337,37.86726852458644],[-122.3033843343741,37.86794309661084],[-122.30341222324498,37.868051054110964],[-122.30341280885644,37.86807799397989],[-122.30340249164222,37.868108945491954]]},"properties":{"id":"678R","street":"EASTSHORE HWY","side":"R","pavement_ft":60,"width_ft":8.5,"width_source":"default","path_ft":6,"depth_ft":-2.0,"zone":"MULI","district":"Mixed Use-Light Industrial","cat":"man","zone_dist_m":0.0,"campable_zone":true,"count":0,"placement":null}},{"type":"Feature","geometry":{"type":"LineString","coordinates":[[-122.30356456433742,37.86815523218174],[-122.30353456436495,37.86820123219751],[-122.30353071412685,37.868206418321925],[-122.30352617152006,37.86821123953278],[-122.30352099103995,37.86821563799232],[-122.3034749910374,37.86825063801083],[-122.30347049166473,37.86825377669784],[-122.30346566704739,37.86825659548737],[-122.3034605532654,37.868259073299605],[-122.30345518856122,37.86826119160463],[-122.30330218847688,37.86831519163999]]},"properties":{"id":"679L","street":"HEARST AVE","side":"L","pavement_ft":40,"width_ft":21.4,"width_source":"default","path_ft":10,"depth_ft":6.9,"zone":"MULI","district":"Mixed Use-Light Industrial","cat":"man","zone_dist_m":6.8,"campable_zone":true,"count":0,"placement":null}},{"type":"Feature","geometry":{"type":"LineString","coordinates":[[-122.30344143570497,37.86810476778636],[-122.30341671522552,37.86814267247846],[-122.30338774700594,37.868164713504825],[-122.30324581156096,37.86821480835321]]},"properties":{"id":"679R","street":"HEARST AVE","side":"R","pavement_ft":40,"width_ft":24.8,"width_source":"default","path_ft":10,"depth_ft":10.3,"zone":"MULI","district":"Mixed Use-Light Industrial","cat":"man","zone_dist_m":12.4,"campable_zone":true,"count":1,"placement":"building"}},{"type":"Feature","geometry":{"type":"LineString","coordinates":[[-122.28611282422425,37.86888595327945],[-122.28602682493545,37.86803595324175]]},"properties":{"id":"680L","street":"WEST ST","side":"L","pavement_ft":36,"width_ft":6.3,"width_source":"default","path_ft":6,"depth_ft":-4.2,"zone":"R-2","district":"Multi-Unit 2","cat":"res","zone_dist_m":0.0,"campable_zone":false,"count":0,"placement":null}},{"type":"Feature","geometry":{"type":"LineString","coordinates":[[-122.2862371757696,37.86887804668763],[-122.28615117505844,37.86802804672533]]},"properties":{"id":"680R","street":"WEST ST","side":"R","pavement_ft":36,"width_ft":1.2,"width_source":"default","path_ft":6,"depth_ft":-9.3,"zone":"R-2","district":"Multi-Unit 2","cat":"res","zone_dist_m":0.0,"campable_zone":false,"count":0,"placement":null}},{"type":"Feature","geometry":{"type":"LineString","coordinates":[[-122.2860268273373,37.86803597690996],[-122.28592982813451,37.86708297686739]]},"properties":{"id":"681L","street":"WEST ST","side":"L","pavement_ft":36,"width_ft":4.8,"width_source":"default","path_ft":6,"depth_ft":-5.7,"zone":"R-2","district":"Multi-Unit 2","cat":"res","zone_dist_m":0.0,"campable_zone":false,"count":0,"placement":null}},{"type":"Feature","geometry":{"type":"LineString","coordinates":[[-122.28615117265656,37.86802802305713],[-122.28605417185933,37.867075023099694]]},"properties":{"id":"681R","street":"WEST ST","side":"R","pavement_ft":36,"width_ft":1.0,"width_source":"default","path_ft":6,"depth_ft":-9.5,"zone":"R-2","district":"Multi-Unit 2","cat":"res","zone_dist_m":0.0,"campable_zone":false,"count":0,"placement":null}},{"type":"Feature","geometry":{"type":"LineString","coordinates":[[-122.30324375144502,37.8745570529217],[-122.30443475071726,37.87431905306696]]},"properties":{"id":"693L","street":"JONES ST","side":"L","pavement_ft":36,"width_ft":15.3,"width_source":"default","path_ft":10,"depth_ft":0.8,"zone":"M","district":"Manufacturing","cat":"man","zone_dist_m":2.9,"campable_zone":true,"count":0,"placement":null}},{"type":"Feature","geometry":{"type":"LineString","coordinates":[[-122.30327424857431,37.87465294707611],[-122.30446524930207,37.87441494693087]]},"properties":{"id":"693R","street":"JONES ST","side":"R","pavement_ft":36,"width_ft":11.6,"width_source":"default","path_ft":6,"depth_ft":1.1,"zone":"M","district":"Manufacturing","cat":"man","zone_dist_m":4.2,"campable_zone":true,"count":0,"placement":null}},{"type":"Feature","geometry":{"type":"LineString","coordinates":[[-122.30327431521924,37.87465293372774],[-122.30220831456839,37.874866933858335]]},"properties":{"id":"694L","street":"JONES ST","side":"L","pavement_ft":36,"width_ft":11.1,"width_source":"default","path_ft":6,"depth_ft":0.6,"zone":"MULI","district":"Mixed Use-Light Industrial","cat":"man","zone_dist_m":4.5,"campable_zone":true,"count":0,"placement":null}},{"type":"Feature","geometry":{"type":"LineString","coordinates":[[-122.3032436848002,37.874557066270064],[-122.30217768545099,37.87477106613948]]},"properties":{"id":"694R","street":"JONES ST","side":"R","pavement_ft":36,"width_ft":15.4,"width_source":"default","path_ft":10,"depth_ft":0.9,"zone":"MULI","district":"Mixed Use-Light Industrial","cat":"man","zone_dist_m":5.1,"campable_zone":true,"count":0,"placement":null}},{"type":"Feature","geometry":{"type":"LineString","coordinates":[[-122.31810732325806,37.8681809173819],[-122.31828332317245,37.86796591730381],[-122.31828640575895,37.86796171224008],[-122.31828895232799,37.867957287449336],[-122.31829093824315,37.86795268573873],[-122.31829234429203,37.86794795162705],[-122.31829315687202,37.867943130914],[-122.31829336812204,37.867938270237005],[-122.3182929759985,37.86793341662018],[-122.3182919842951,37.8679286170193],[-122.31815598389824,37.86742661708507]]},"properties":{"id":"699R","street":"OCSC SCHOOL DOCK","side":"R","pavement_ft":36,"width_ft":26.5,"width_source":"default","path_ft":10,"depth_ft":12.0,"zone":"U","district":"Unclassified","cat":"other","zone_dist_m":7.6,"campable_zone":false,"count":0,"placement":null}},{"type":"Feature","geometry":{"type":"LineString","coordinates":[[-122.3181835262779,37.86834611242967],[-122.31813677569076,37.86831939780162],[-122.31800316007275,37.86825651984817]]},"properties":{"id":"703L","street":"BERK MARINE CTR WAYS","side":"L","pavement_ft":36,"width_ft":24.0,"width_source":"default","path_ft":10,"depth_ft":9.5,"zone":"U","district":"Unclassified","cat":"other","zone_dist_m":0.0,"campable_zone":false,"count":0,"placement":null}},{"type":"Feature","geometry":{"type":"LineString","coordinates":[[-122.3182564736824,37.86826588755837],[-122.31820747369473,37.868237887573486],[-122.31820283984092,37.86823548010573],[-122.31806683989038,37.86817148014255]]},"properties":{"id":"703R","street":"BERK MARINE CTR WAYS","side":"R","pavement_ft":36,"width_ft":22.9,"width_source":"default","path_ft":10,"depth_ft":8.4,"zone":"U","district":"Unclassified","cat":"other","zone_dist_m":0.0,"campable_zone":false,"count":0,"placement":null}},{"type":"Feature","geometry":{"type":"LineString","coordinates":[[-122.30297405237413,37.87722698609438],[-122.3028370522902,37.87725398611085]]},"properties":{"id":"705L","street":"CAMELIA ST","side":"L","pavement_ft":36,"width_ft":17.6,"width_source":"gis","path_ft":10,"depth_ft":3.1,"zone":"M","district":"Manufacturing","cat":"man","zone_dist_m":5.7,"campable_zone":true,"count":0,"placement":null}},{"type":"Feature","geometry":{"type":"LineString","coordinates":[[-122.30294394764495,37.8771310139035],[-122.30280694772891,37.87715801388701]]},"properties":{"id":"705R","street":"CAMELIA ST","side":"R","pavement_ft":36,"width_ft":19.1,"width_source":"gis","path_ft":10,"depth_ft":4.6,"zone":"MULI","district":"Mixed Use-Light Industrial","cat":"man","zone_dist_m":4.9,"campable_zone":true,"count":0,"placement":null}},{"type":"Feature","geometry":{"type":"LineString","coordinates":[[-122.30283678321062,37.87725403863821],[-122.30190578263823,37.87743403874807]]},"properties":{"id":"706L","street":"CAMELIA ST","side":"L","pavement_ft":36,"width_ft":8.5,"width_source":"gis","path_ft":6,"depth_ft":-2.0,"zone":"M","district":"Manufacturing","cat":"man","zone_dist_m":4.6,"campable_zone":true,"count":0,"placement":null}},{"type":"Feature","geometry":{"type":"LineString","coordinates":[[-122.30280721680813,37.87715796135972],[-122.3018762173805,37.87733796124987]]},"properties":{"id":"706R","street":"CAMELIA ST","side":"R","pavement_ft":36,"width_ft":15.3,"width_source":"gis","path_ft":10,"depth_ft":0.8,"zone":"MUR","district":"Mixed Use-Residential","cat":"mixres","zone_dist_m":5.1,"campable_zone":true,"count":0,"placement":null}},{"type":"Feature","geometry":{"type":"LineString","coordinates":[[-122.28502480167992,37.877010190552575],[-122.28496680203575,37.876530190529294],[-122.28496660096181,37.87652410572964],[-122.28497460107158,37.87637710573446]]},"properties":{"id":"707L","street":"ACTON ST","side":"L","pavement_ft":32,"width_ft":15.3,"width_source":"gis","path_ft":10,"depth_ft":0.8,"zone":"R-1","district":"Multi-Unit 1","cat":"res","zone_dist_m":6.4,"campable_zone":false,"count":0,"placement":null}},{"type":"Feature","geometry":{"type":"LineString","coordinates":[[-122.28513519831422,37.87700180942148],[-122.28507756491338,37.87652484631296],[-122.28508539893168,37.87638089423949]]},"properties":{"id":"707R","street":"ACTON ST","side":"R","pavement_ft":32,"width_ft":14.5,"width_source":"gis","path_ft":10,"depth_ft":0.0,"zone":"R-1","district":"Multi-Unit 1","cat":"res","zone_dist_m":6.9,"campable_zone":false,"count":0,"placement":null}},{"type":"Feature","geometry":{"type":"LineString","coordinates":[[-122.29828166613848,37.876901964110296],[-122.29714166555752,37.87712896422569]]},"properties":{"id":"708L","street":"PAGE ST","side":"L","pavement_ft":30,"width_ft":12.8,"width_source":"gis","path_ft":6,"depth_ft":2.3,"zone":"R-2","district":"Multi-Unit 2","cat":"res","zone_dist_m":5.6,"campable_zone":false,"count":0,"placement":null}},{"type":"Feature","geometry":{"type":"LineString","coordinates":[[-122.29825633387489,37.87682203588822],[-122.29711633445585,37.877049035772814]]},"properties":{"id":"708R","street":"PAGE ST","side":"R","pavement_ft":30,"width_ft":17.2,"width_source":"gis","path_ft":10,"depth_ft":2.7,"zone":"R-2","district":"Multi-Unit 2","cat":"res","zone_dist_m":5.6,"campable_zone":false,"count":0,"placement":null}},{"type":"Feature","geometry":{"type":"LineString","coordinates":[[-122.28648504821352,37.87762163579117],[-122.2861240484412,37.87702363568456]]},"properties":{"id":"709L","street":"JUANITA WAY","side":"L","pavement_ft":23,"width_ft":8.3,"width_source":"gis","path_ft":6,"depth_ft":-2.2,"zone":"R-1","district":"Multi-Unit 1","cat":"res","zone_dist_m":3.9,"campable_zone":false,"count":0,"placement":null}},{"type":"Feature","geometry":{"type":"LineString","coordinates":[[-122.28655695177332,37.877594364197684],[-122.2861959515457,37.876996364304304]]},"properties":{"id":"709R","street":"JUANITA WAY","side":"R","pavement_ft":23,"width_ft":11.4,"width_source":"gis","path_ft":6,"depth_ft":0.9,"zone":"R-1","district":"Multi-Unit 1","cat":"res","zone_dist_m":5.9,"campable_zone":false,"count":0,"placement":null}},{"type":"Feature","geometry":{"type":"LineString","coordinates":[[-122.2931313300523,37.87795793079006],[-122.29228032953273,37.878128930894356]]},"properties":{"id":"717L","street":"PAGE ST","side":"L","pavement_ft":36,"width_ft":9.6,"width_source":"gis","path_ft":6,"depth_ft":-0.9,"zone":"R-2","district":"Multi-Unit 2","cat":"res","zone_dist_m":4.5,"campable_zone":false,"count":0,"placement":null}},{"type":"Feature","geometry":{"type":"LineString","coordinates":[[-122.29310066996712,37.87786206920775],[-122.2922496704867,37.87803306910347]]},"properties":{"id":"717R","street":"PAGE ST","side":"R","pavement_ft":36,"width_ft":13.8,"width_source":"gis","path_ft":6,"depth_ft":3.3,"zone":"R-2","district":"Multi-Unit 2","cat":"res","zone_dist_m":4.7,"campable_zone":false,"count":0,"placement":null}},{"type":"Feature","geometry":{"type":"LineString","coordinates":[[-122.28105519957383,37.88480415406574],[-122.28115082418176,37.88464839465436],[-122.28121467284048,37.8845206976013],[-122.28134088611883,37.884211081462645],[-122.281427649552,37.88392712941756],[-122.28150925405845,37.88358379496837],[-122.28151121027983,37.88357735959405],[-122.2816012105163,37.8833353596567],[-122.28160445551111,37.88332819034947],[-122.28175045573866,37.88305619044556],[-122.28175434032255,37.88304990289837],[-122.28201327715281,37.882681681483554],[-122.28208867463347,37.88249413074446],[-122.28210097383753,37.88242736403794],[-122.28210565446767,37.88228414168607],[-122.28206391868137,37.88206692463048],[-122.28198306857126,37.881882661141795],[-122.28186010292555,37.88171515652072]]},"properties":{"id":"723L","street":"MONTEREY AVE","side":"L","pavement_ft":48,"width_ft":24.6,"width_source":"gis","path_ft":10,"depth_ft":10.1,"zone":"R-1","district":"Multi-Unit 1","cat":"res","zone_dist_m":6.3,"campable_zone":false,"count":0,"placement":null}},{"type":"Feature","geometry":{"type":"LineString","coordinates":[[-122.28120480048516,37.88486184588718],[-122.28130180036511,37.88470384582508],[-122.28130433408454,37.88469928887493],[-122.28137033396956,37.88456728883092],[-122.28137215606553,37.884563269058695],[-122.28150015576723,37.884249268970656],[-122.28150184747517,37.884244517761346],[-122.28158984718071,37.88395651769864],[-122.28159074633548,37.88395320503506],[-122.2816719719313,37.883611461630075],[-122.2817594287254,37.883376299351056],[-122.28190181292396,37.883111035130355],[-122.28216265949293,37.88274009689439],[-122.28216633956973,37.882734186971376],[-122.28216925681109,37.88272801537126],[-122.28224925662121,37.882529015316145],[-122.282251053873,37.88252381955488],[-122.28225230988345,37.88251852483551],[-122.28226630980097,37.882442524824995],[-122.2822671545653,37.88243470706936],[-122.28227215439347,37.882281707064124],[-122.28227201926218,37.882275874468085],[-122.28227123416183,37.882270074171615],[-122.2822272339121,37.88204107419945],[-122.28222574002571,37.882035142338],[-122.2822235664946,37.882029343961776],[-122.28213756630967,37.8818333440166],[-122.28213458073503,37.88182746654314],[-122.2821308971242,37.88182184335908],[-122.28200389701044,37.88164884343453]]},"properties":{"id":"723R","street":"MONTEREY AVE","side":"R","pavement_ft":48,"width_ft":8.1,"width_source":"gis","path_ft":6,"depth_ft":-2.4,"zone":"R-1","district":"Multi-Unit 1","cat":"res","zone_dist_m":7.4,"campable_zone":false,"count":0,"placement":null}},{"type":"Feature","geometry":{"type":"LineString","coordinates":[[-122.28656683716142,37.87059509289395],[-122.28649893237647,37.869946996442486],[-122.28648906882736,37.8698818966576]]},"properties":{"id":"728L","street":"WEST ST","side":"L","pavement_ft":36,"width_ft":4.8,"width_source":"default","path_ft":6,"depth_ft":-5.7,"zone":"C-U","district":"University Avenue Commercial","cat":"com","zone_dist_m":1.7,"campable_zone":true,"count":0,"placement":null}},{"type":"Feature","geometry":{"type":"LineString","coordinates":[[-122.28669116283226,37.87058690707315],[-122.28662316228954,37.869937907103164],[-122.28662293121792,37.86993610330505],[-122.28661293116328,37.86987010330968]]},"properties":{"id":"728R","street":"WEST ST","side":"R","pavement_ft":36,"width_ft":11.0,"width_source":"default","path_ft":6,"depth_ft":0.5,"zone":"C-U","district":"University Avenue Commercial","cat":"com","zone_dist_m":4.1,"campable_zone":true,"count":0,"placement":null}},{"type":"Feature","geometry":{"type":"LineString","coordinates":[[-122.28664485574394,37.87130827202187],[-122.2865668563397,37.87059527198719]]},"properties":{"id":"730L","street":"WEST ST","side":"L","pavement_ft":36,"width_ft":5.0,"width_source":"default","path_ft":6,"depth_ft":-5.5,"zone":"R-2","district":"Multi-Unit 2","cat":"res","zone_dist_m":1.4,"campable_zone":false,"count":0,"placement":null}},{"type":"Feature","geometry":{"type":"LineString","coordinates":[[-122.28676914424942,37.87129972794525],[-122.28669114365367,37.87058672797991]]},"properties":{"id":"730R","street":"WEST ST","side":"R","pavement_ft":36,"width_ft":9.8,"width_source":"default","path_ft":6,"depth_ft":-0.7,"zone":"R-2","district":"Multi-Unit 2","cat":"res","zone_dist_m":3.6,"campable_zone":false,"count":0,"placement":null}},{"type":"Feature","geometry":{"type":"LineString","coordinates":[[-122.28677285798685,37.87247030135443],[-122.28664485895766,37.87130830129745]]},"properties":{"id":"731L","street":"WEST ST","side":"L","pavement_ft":36,"width_ft":4.4,"width_source":"default","path_ft":6,"depth_ft":-6.1,"zone":"R-2","district":"Multi-Unit 2","cat":"res","zone_dist_m":1.1,"campable_zone":false,"count":0,"placement":null}},{"type":"Feature","geometry":{"type":"LineString","coordinates":[[-122.28689714200647,37.87246169861268],[-122.28676914103563,37.87129969866966]]},"properties":{"id":"731R","street":"WEST ST","side":"R","pavement_ft":36,"width_ft":9.4,"width_source":"default","path_ft":6,"depth_ft":-1.1,"zone":"R-2","district":"Multi-Unit 2","cat":"res","zone_dist_m":3.4,"campable_zone":false,"count":0,"placement":null}},{"type":"Feature","geometry":{"type":"LineString","coordinates":[[-122.28682789319107,37.87338961632218],[-122.28671989395271,37.87247661627356]]},"properties":{"id":"732L","street":"WEST ST","side":"L","pavement_ft":36,"width_ft":10.2,"width_source":"default","path_ft":6,"depth_ft":-0.3,"zone":"R-2","district":"Multi-Unit 2","cat":"res","zone_dist_m":0.0,"campable_zone":false,"count":0,"placement":null}},{"type":"Feature","geometry":{"type":"LineString","coordinates":[[-122.28695210680169,37.87338038364497],[-122.28684410604006,37.8724673836936]]},"properties":{"id":"732R","street":"WEST ST","side":"R","pavement_ft":36,"width_ft":26.1,"width_source":"default","path_ft":10,"depth_ft":11.6,"zone":"R-2","district":"Multi-Unit 2","cat":"res","zone_dist_m":8.0,"campable_zone":false,"count":0,"placement":null}},{"type":"Feature","geometry":{"type":"LineString","coordinates":[[-122.28709400190516,37.87526475819606],[-122.28704000194189,37.87519075817196],[-122.2870369567289,37.87518601261757],[-122.28703457286309,37.87518103504154],[-122.28703287798234,37.875175883152835],[-122.28703189173659,37.87517061668127],[-122.2869258924841,37.874274616633535]]},"properties":{"id":"736L","street":"WEST ST","side":"L","pavement_ft":36,"width_ft":10.8,"width_source":"default","path_ft":6,"depth_ft":0.3,"zone":"R-1","district":"Multi-Unit 1","cat":"res","zone_dist_m":0.0,"campable_zone":false,"count":0,"placement":null}},{"type":"Feature","geometry":{"type":"LineString","coordinates":[[-122.28720199805895,37.875215241778704],[-122.28715483360622,37.8751506090847],[-122.28705010750866,37.87426538333362]]},"properties":{"id":"736R","street":"WEST ST","side":"R","pavement_ft":36,"width_ft":25.2,"width_source":"default","path_ft":10,"depth_ft":10.7,"zone":"R-1","district":"Multi-Unit 1","cat":"res","zone_dist_m":7.4,"campable_zone":false,"count":0,"placement":null}},{"type":"Feature","geometry":{"type":"LineString","coordinates":[[-122.28710602666035,37.87538364328567],[-122.28708602677477,37.87524564327642]]},"properties":{"id":"738L","street":"WEST ST","side":"L","pavement_ft":36,"width_ft":2.1,"width_source":"default","path_ft":6,"depth_ft":-8.4,"zone":"R-1","district":"Multi-Unit 1","cat":"res","zone_dist_m":0.7,"campable_zone":false,"count":0,"placement":null}},{"type":"Feature","geometry":{"type":"LineString","coordinates":[[-122.28722997333071,37.87537235668159],[-122.28720997321625,37.87523435669085]]},"properties":{"id":"738R","street":"WEST ST","side":"R","pavement_ft":36,"width_ft":5.2,"width_source":"default","path_ft":6,"depth_ft":-5.3,"zone":"R-2","district":"Multi-Unit 2","cat":"res","zone_dist_m":1.9,"campable_zone":false,"count":0,"placement":null}},{"type":"Feature","geometry":{"type":"LineString","coordinates":[[-122.300884514599,37.87632709958278],[-122.30052251547541,37.8751900994077],[-122.3005214475312,37.87518603167189],[-122.30052081417897,37.875181907228466],[-122.30051781420407,37.87515190722715]]},"properties":{"id":"748L","street":"UNNAMED ALLEY","side":"L","pavement_ft":36,"width_ft":16.9,"width_source":"default","path_ft":10,"depth_ft":2.4,"zone":"MUR","district":"Mixed Use-Residential","cat":"mixres","zone_dist_m":0.0,"campable_zone":true,"count":0,"placement":null}},{"type":"Feature","geometry":{"type":"LineString","coordinates":[[-122.30100548538168,37.876302900385916],[-122.30064477052164,37.87516993984132],[-122.30064218578988,37.87514409273993]]},"properties":{"id":"748R","street":"UNNAMED ALLEY","side":"R","pavement_ft":36,"width_ft":8.9,"width_source":"default","path_ft":6,"depth_ft":-1.6,"zone":"MUR","district":"Mixed Use-Residential","cat":"mixres","zone_dist_m":0.0,"campable_zone":true,"count":0,"placement":null}},{"type":"Feature","geometry":{"type":"LineString","coordinates":[[-122.29091320304778,37.87666101767555],[-122.29005720248855,37.87675101772889]]},"properties":{"id":"758L","street":"ROSE ST","side":"L","pavement_ft":36,"width_ft":6.6,"width_source":"gis","path_ft":6,"depth_ft":-3.9,"zone":"R-2","district":"Multi-Unit 2","cat":"res","zone_dist_m":5.8,"campable_zone":false,"count":0,"placement":null}},{"type":"Feature","geometry":{"type":"LineString","coordinates":[[-122.29089679696258,37.87656298232356],[-122.29004079752178,37.876652982270244]]},"properties":{"id":"758R","street":"ROSE ST","side":"R","pavement_ft":36,"width_ft":15.7,"width_source":"gis","path_ft":10,"depth_ft":1.2,"zone":"R-2","district":"Multi-Unit 2","cat":"res","zone_dist_m":4.9,"campable_zone":false,"count":0,"placement":null}},{"type":"Feature","geometry":{"type":"LineString","coordinates":[[-122.28999862209021,37.87671216671271],[-122.28969862268923,37.87577816659188]]},"properties":{"id":"759L","street":"BELVEDERE AVE","side":"L","pavement_ft":30,"width_ft":9.4,"width_source":"gis","path_ft":6,"depth_ft":-1.1,"zone":"R-2","district":"Multi-Unit 2","cat":"res","zone_dist_m":3.0,"campable_zone":false,"count":0,"placement":null}},{"type":"Feature","geometry":{"type":"LineString","coordinates":[[-122.29009937789624,37.87669183326559],[-122.28979937729724,37.8757578333864]]},"properties":{"id":"759R","street":"BELVEDERE AVE","side":"R","pavement_ft":30,"width_ft":10.9,"width_source":"gis","path_ft":6,"depth_ft":0.4,"zone":"R-2","district":"Multi-Unit 2","cat":"res","zone_dist_m":3.9,"campable_zone":false,"count":0,"placement":null}},{"type":"Feature","geometry":{"type":"LineString","coordinates":[[-122.2935959737197,37.876606798503936],[-122.29275297320952,37.87678379861184]]},"properties":{"id":"760L","street":"JONES ST","side":"L","pavement_ft":36,"width_ft":12.3,"width_source":"gis","path_ft":6,"depth_ft":1.8,"zone":"R-2","district":"Multi-Unit 2","cat":"res","zone_dist_m":5.3,"campable_zone":false,"count":0,"placement":null}},{"type":"Feature","geometry":{"type":"LineString","coordinates":[[-122.29356402630052,37.87651120149371],[-122.2927210268107,37.876688201385804]]},"properties":{"id":"760R","street":"JONES ST","side":"R","pavement_ft":36,"width_ft":13.1,"width_source":"gis","path_ft":6,"depth_ft":2.6,"zone":"R-2","district":"Multi-Unit 2","cat":"res","zone_dist_m":3.9,"campable_zone":false,"count":0,"placement":null}},{"type":"Feature","geometry":{"type":"LineString","coordinates":[[-122.2850237506059,37.87642558003414],[-122.28488575053116,37.87645358004932],[-122.28488066490318,37.87645441294931],[-122.28265566362464,37.87673341309816]]},"properties":{"id":"771L","street":"CEDAR ST","side":"L","pavement_ft":32,"width_ft":7.0,"width_source":"gis","path_ft":6,"depth_ft":-3.5,"zone":"R-1","district":"Multi-Unit 1","cat":"res","zone_dist_m":6.1,"campable_zone":false,"count":0,"placement":null}},{"type":"Feature","geometry":{"type":"LineString","coordinates":[[-122.28499624940955,37.87634041996409],[-122.28486076766664,37.876367909015045],[-122.28263833638516,37.87664658690099]]},"properties":{"id":"771R","street":"CEDAR ST","side":"R","pavement_ft":32,"width_ft":11.2,"width_source":"gis","path_ft":6,"depth_ft":0.7,"zone":"R-1","district":"Multi-Unit 1","cat":"res","zone_dist_m":3.2,"campable_zone":false,"count":0,"placement":null}},{"type":"Feature","geometry":{"type":"LineString","coordinates":[[-122.29936177384742,37.87668494256545],[-122.29828177329797,37.87690194267579]]},"properties":{"id":"772L","street":"PAGE ST","side":"L","pavement_ft":30,"width_ft":12.4,"width_source":"gis","path_ft":6,"depth_ft":1.9,"zone":"R-2","district":"Multi-Unit 2","cat":"res","zone_dist_m":6.3,"campable_zone":false,"count":0,"placement":null}},{"type":"Feature","geometry":{"type":"LineString","coordinates":[[-122.29933622616606,37.87660505743301],[-122.29825622671548,37.8768220573227]]},"properties":{"id":"772R","street":"PAGE ST","side":"R","pavement_ft":30,"width_ft":17.3,"width_source":"gis","path_ft":10,"depth_ft":2.8,"zone":"R-2","district":"Multi-Unit 2","cat":"res","zone_dist_m":5.4,"campable_zone":false,"count":0,"placement":null}},{"type":"Feature","geometry":{"type":"LineString","coordinates":[[-122.28046334571958,37.87755162944473],[-122.28039434634364,37.87695362940608]]},"properties":{"id":"774L","street":"CALIFORNIA ST","side":"L","pavement_ft":45,"width_ft":8.5,"width_source":"gis","path_ft":6,"depth_ft":-2.0,"zone":"R-1","district":"Multi-Unit 1","cat":"res","zone_dist_m":2.4,"campable_zone":false,"count":0,"placement":null}},{"type":"Feature","geometry":{"type":"LineString","coordinates":[[-122.28061865426943,37.87754037050393],[-122.28054965364537,37.87694237054256]]},"properties":{"id":"774R","street":"CALIFORNIA ST","side":"R","pavement_ft":45,"width_ft":7.5,"width_source":"gis","path_ft":6,"depth_ft":-3.0,"zone":"R-1","district":"Multi-Unit 1","cat":"res","zone_dist_m":3.8,"campable_zone":false,"count":0,"placement":null}},{"type":"Feature","geometry":{"type":"LineString","coordinates":[[-122.30028263717863,37.87964386805095],[-122.29921363631013,37.879860868227496]]},"properties":{"id":"776L","street":"GILMAN ST","side":"L","pavement_ft":48,"width_ft":13.6,"width_source":"gis","path_ft":6,"depth_ft":3.1,"zone":"MULI","district":"Mixed Use-Light Industrial","cat":"man","zone_dist_m":5.7,"campable_zone":true,"count":0,"placement":null}},{"type":"Feature","geometry":{"type":"LineString","coordinates":[[-122.30024136285618,37.879516131945074],[-122.29917236372474,37.879733131768525]]},"properties":{"id":"776R","street":"GILMAN ST","side":"R","pavement_ft":48,"width_ft":19.3,"width_source":"gis","path_ft":10,"depth_ft":4.8,"zone":"MULI","district":"Mixed Use-Light Industrial","cat":"man","zone_dist_m":6.0,"campable_zone":true,"count":0,"placement":null}},{"type":"Feature","geometry":{"type":"LineString","coordinates":[[-122.28099907381846,37.87969997407101],[-122.28086707373927,37.879748974106846]]},"properties":{"id":"777L","street":"ROSE ST","side":"L","pavement_ft":45,"width_ft":15.7,"width_source":"gis","path_ft":10,"depth_ft":1.2,"zone":"R-1","district":"Multi-Unit 1","cat":"res","zone_dist_m":5.9,"campable_zone":false,"count":0,"placement":null}},{"type":"Feature","geometry":{"type":"LineString","coordinates":[[-122.28093292623106,37.87958802591969],[-122.28080092631022,37.879637025883866]]},"properties":{"id":"777R","street":"ROSE ST","side":"R","pavement_ft":45,"width_ft":23.9,"width_source":"gis","path_ft":10,"depth_ft":9.4,"zone":"R-1","district":"Multi-Unit 1","cat":"res","zone_dist_m":5.2,"campable_zone":false,"count":0,"placement":null}},{"type":"Feature","geometry":{"type":"LineString","coordinates":[[-122.29148170474629,37.88134843024308],[-122.29120870527393,37.88052143013312]]},"properties":{"id":"778L","street":"EVELYN AVE","side":"L","pavement_ft":30,"width_ft":12.5,"width_source":"gis","path_ft":6,"depth_ft":2.0,"zone":"R-2","district":"Multi-Unit 2","cat":"res","zone_dist_m":4.8,"campable_zone":false,"count":0,"placement":null}},{"type":"Feature","geometry":{"type":"LineString","coordinates":[[-122.29158229523985,37.88132756973528],[-122.29130929471219,37.88050056984522]]},"properties":{"id":"778R","street":"EVELYN AVE","side":"R","pavement_ft":30,"width_ft":11.2,"width_source":"gis","path_ft":6,"depth_ft":0.7,"zone":"R-2","district":"Multi-Unit 2","cat":"res","zone_dist_m":5.3,"campable_zone":false,"count":0,"placement":null}},{"type":"Feature","geometry":{"type":"LineString","coordinates":[[-122.28479420050802,37.88234790770168],[-122.28553620195399,37.880369908088575]]},"properties":{"id":"781L","street":"ACTON ST","side":"L","pavement_ft":36,"width_ft":21.7,"width_source":"gis","path_ft":10,"depth_ft":7.2,"zone":"R-2","district":"Multi-Unit 2","cat":"res","zone_dist_m":6.4,"campable_zone":false,"count":0,"placement":null}},{"type":"Feature","geometry":{"type":"LineString","coordinates":[[-122.28491379951522,37.88237609226814],[-122.28565579806923,37.88039809188125]]},"properties":{"id":"781R","street":"ACTON ST","side":"R","pavement_ft":36,"width_ft":3.5,"width_source":"gis","path_ft":6,"depth_ft":-7.0,"zone":"R-2","district":"Multi-Unit 2","cat":"res","zone_dist_m":4.8,"campable_zone":false,"count":0,"placement":null}},{"type":"Feature","geometry":{"type":"LineString","coordinates":[[-122.28903712712034,37.87683219307799],[-122.28872012778729,37.87590319293339]]},"properties":{"id":"789L","street":"CHESTNUT ST","side":"L","pavement_ft":34,"width_ft":12.2,"width_source":"gis","path_ft":6,"depth_ft":1.7,"zone":"R-2","district":"Multi-Unit 2","cat":"res","zone_dist_m":3.8,"campable_zone":false,"count":0,"placement":null}},{"type":"Feature","geometry":{"type":"LineString","coordinates":[[-122.28915087286133,37.876807806894334],[-122.28883387219437,37.87587880703893]]},"properties":{"id":"789R","street":"CHESTNUT ST","side":"R","pavement_ft":34,"width_ft":15.2,"width_source":"gis","path_ft":10,"depth_ft":0.7,"zone":"R-2","district":"Multi-Unit 2","cat":"res","zone_dist_m":5.4,"campable_zone":false,"count":0,"placement":null}},{"type":"Feature","geometry":{"type":"LineString","coordinates":[[-122.28265675644737,37.8767416179458],[-122.28153675568029,37.876874618029724]]},"properties":{"id":"790L","street":"CEDAR ST","side":"L","pavement_ft":38,"width_ft":7.3,"width_source":"gis","path_ft":6,"depth_ft":-3.2,"zone":"R-1","district":"Multi-Unit 1","cat":"res","zone_dist_m":2.9,"campable_zone":false,"count":0,"placement":null}},{"type":"Feature","geometry":{"type":"LineString","coordinates":[[-122.2826372435657,37.8766383820531],[-122.28151724433278,37.876771381969164]]},"properties":{"id":"790R","street":"CEDAR ST","side":"R","pavement_ft":38,"width_ft":15.5,"width_source":"gis","path_ft":10,"depth_ft":1.0,"zone":"R-2","district":"Multi-Unit 2","cat":"res","zone_dist_m":4.6,"campable_zone":false,"count":0,"placement":null}},{"type":"Feature","geometry":{"type":"LineString","coordinates":[[-122.28039951723615,37.87695320169112],[-122.28029751810612,37.876060201637905]]},"properties":{"id":"793L","street":"CALIFORNIA ST","side":"L","pavement_ft":42,"width_ft":9.9,"width_source":"gis","path_ft":6,"depth_ft":-0.6,"zone":"R-2","district":"Multi-Unit 2","cat":"res","zone_dist_m":2.2,"campable_zone":false,"count":0,"placement":null}},{"type":"Feature","geometry":{"type":"LineString","coordinates":[[-122.28054448275441,37.87694279826413],[-122.28044248188444,37.876049798317354]]},"properties":{"id":"793R","street":"CALIFORNIA ST","side":"R","pavement_ft":42,"width_ft":9.1,"width_source":"gis","path_ft":6,"depth_ft":-1.4,"zone":"R-2","district":"Multi-Unit 2","cat":"res","zone_dist_m":4.2,"campable_zone":false,"count":0,"placement":null}},{"type":"Feature","geometry":{"type":"LineString","coordinates":[[-122.30406763186271,37.87701006774302],[-122.30345121095483,37.877127956993874],[-122.30307078741825,37.877206837463916]]},"properties":{"id":"795L","street":"CAMELIA ST","side":"L","pavement_ft":36,"width_ft":9.9,"width_source":"gis","path_ft":6,"depth_ft":-0.6,"zone":"M","district":"Manufacturing","cat":"man","zone_dist_m":5.4,"campable_zone":true,"count":0,"placement":null}},{"type":"Feature","geometry":{"type":"LineString","coordinates":[[-122.30403836815583,37.87691393225496],[-122.30342136853588,37.87703193218293],[-122.30342021237055,37.87703216258199],[-122.30303921260169,37.87711116253378]]},"properties":{"id":"795R","street":"CAMELIA ST","side":"R","pavement_ft":36,"width_ft":12.7,"width_source":"gis","path_ft":6,"depth_ft":2.2,"zone":"M","district":"Manufacturing","cat":"man","zone_dist_m":2.2,"campable_zone":true,"count":0,"placement":null}},{"type":"Feature","geometry":{"type":"LineString","coordinates":[[-122.30307085769212,37.87720682285816],[-122.30297485763393,37.87722682287036]]},"properties":{"id":"796L","street":"CAMELIA ST","side":"L","pavement_ft":36,"width_ft":21.4,"width_source":"gis","path_ft":10,"depth_ft":6.9,"zone":"M","district":"Manufacturing","cat":"man","zone_dist_m":8.5,"campable_zone":true,"count":0,"placement":null}},{"type":"Feature","geometry":{"type":"LineString","coordinates":[[-122.30303914232792,37.87711117713951],[-122.30294314238611,37.87713117712731]]},"properties":{"id":"796R","street":"CAMELIA ST","side":"R","pavement_ft":36,"width_ft":23.2,"width_source":"gis","path_ft":10,"depth_ft":8.7,"zone":"M","district":"Manufacturing","cat":"man","zone_dist_m":5.5,"campable_zone":true,"count":1,"placement":"building"}},{"type":"Feature","geometry":{"type":"LineString","coordinates":[[-122.29714161085926,37.87712897509207],[-122.29603161029308,37.8773489752039]]},"properties":{"id":"797L","street":"PAGE ST","side":"L","pavement_ft":30,"width_ft":12.4,"width_source":"gis","path_ft":6,"depth_ft":1.9,"zone":"R-2","district":"Multi-Unit 2","cat":"res","zone_dist_m":5.3,"campable_zone":false,"count":0,"placement":null}},{"type":"Feature","geometry":{"type":"LineString","coordinates":[[-122.29711638915404,37.87704902490645],[-122.29600638972025,37.8772690247946]]},"properties":{"id":"797R","street":"PAGE ST","side":"R","pavement_ft":30,"width_ft":18.4,"width_source":"gis","path_ft":10,"depth_ft":3.9,"zone":"R-2","district":"Multi-Unit 2","cat":"res","zone_dist_m":5.3,"campable_zone":false,"count":0,"placement":null}},{"type":"Feature","geometry":{"type":"LineString","coordinates":[[-122.28260413352085,37.87729747972713],[-122.28253313443707,37.876698479668576]]},"properties":{"id":"800L","street":"SACRAMENTO ST","side":"L","pavement_ft":66,"width_ft":23.9,"width_source":"gis","path_ft":10,"depth_ft":9.4,"zone":"R-1","district":"Multi-Unit 1","cat":"res","zone_dist_m":7.0,"campable_zone":false,"count":0,"placement":null}},{"type":"Feature","geometry":{"type":"LineString","coordinates":[[-122.28283186645483,37.87728052016242],[-122.28276086553859,37.87668152022102]]},"properties":{"id":"800R","street":"SACRAMENTO ST","side":"R","pavement_ft":66,"width_ft":20.9,"width_source":"gis","path_ft":10,"depth_ft":6.4,"zone":"R-1","district":"Multi-Unit 1","cat":"res","zone_dist_m":7.7,"campable_zone":false,"count":0,"placement":null}},{"type":"Feature","geometry":{"type":"LineString","coordinates":[[-122.2905052836902,37.87714526540964],[-122.29005228353935,37.87739226555746]]},"properties":{"id":"801L","street":"HOPKINS ST","side":"L","pavement_ft":40,"width_ft":14.4,"width_source":"gis","path_ft":10,"depth_ft":-0.1,"zone":"R-2","district":"Multi-Unit 2","cat":"res","zone_dist_m":6.3,"campable_zone":false,"count":0,"placement":null}},{"type":"Feature","geometry":{"type":"LineString","coordinates":[[-122.29042671635762,37.87705473457737],[-122.28997371650851,37.87730173442956]]},"properties":{"id":"801R","street":"HOPKINS ST","side":"R","pavement_ft":40,"width_ft":13.7,"width_source":"gis","path_ft":6,"depth_ft":3.2,"zone":"R-2","district":"Multi-Unit 2","cat":"res","zone_dist_m":5.4,"campable_zone":false,"count":0,"placement":null}},{"type":"Feature","geometry":{"type":"LineString","coordinates":[[-122.29603218832683,37.8773488578438],[-122.29547418804485,37.87746485790275]]},"properties":{"id":"803L","street":"PAGE ST","side":"L","pavement_ft":30,"width_ft":11.7,"width_source":"gis","path_ft":6,"depth_ft":1.2,"zone":"R-2","district":"Multi-Unit 2","cat":"res","zone_dist_m":4.7,"campable_zone":false,"count":0,"placement":null}},{"type":"Feature","geometry":{"type":"LineString","coordinates":[[-122.29600581168708,37.87726914215459],[-122.29544781196908,37.87738514209564]]},"properties":{"id":"803R","street":"PAGE ST","side":"R","pavement_ft":30,"width_ft":17.3,"width_source":"gis","path_ft":10,"depth_ft":2.8,"zone":"R-2","district":"Multi-Unit 2","cat":"res","zone_dist_m":5.3,"campable_zone":false,"count":0,"placement":null}},{"type":"Feature","geometry":{"type":"LineString","coordinates":[[-122.28910361355861,37.87686885634214],[-122.28838470495984,37.876957732430164],[-122.28695299951583,37.87750257587749]]},"properties":{"id":"807L","street":"ROSE ST","side":"L","pavement_ft":36,"width_ft":10.8,"width_source":"gis","path_ft":6,"depth_ft":0.3,"zone":"R-2","district":"Multi-Unit 2","cat":"res","zone_dist_m":5.1,"campable_zone":false,"count":0,"placement":null}},{"type":"Feature","geometry":{"type":"LineString","coordinates":[[-122.2890843864536,37.87677114365682],[-122.28835638692468,37.876861143602795],[-122.28835042441656,37.876862119038435],[-122.28834461026159,37.876863550527595],[-122.28833899983799,37.87686542443575],[-122.28689900051634,37.87741342411631]]},"properties":{"id":"807R","street":"ROSE ST","side":"R","pavement_ft":36,"width_ft":12.4,"width_source":"gis","path_ft":6,"depth_ft":1.9,"zone":"R-2","district":"Multi-Unit 2","cat":"res","zone_dist_m":3.9,"campable_zone":false,"count":0,"placement":null}},{"type":"Feature","geometry":{"type":"LineString","coordinates":[[-122.30074278753021,37.877672837441736],[-122.2997347869186,37.87788183756923]]},"properties":{"id":"814L","street":"CAMELIA ST","side":"L","pavement_ft":36,"width_ft":10.2,"width_source":"gis","path_ft":6,"depth_ft":-0.3,"zone":"MULI","district":"Mixed Use-Light Industrial","cat":"man","zone_dist_m":4.6,"campable_zone":true,"count":0,"placement":null}},{"type":"Feature","geometry":{"type":"LineString","coordinates":[[-122.30071121248977,37.87757716255598],[-122.29970321310138,37.877786162428464]]},"properties":{"id":"814R","street":"CAMELIA ST","side":"R","pavement_ft":36,"width_ft":14.9,"width_source":"gis","path_ft":10,"depth_ft":0.4,"zone":"R-2","district":"Multi-Unit 2","cat":"res","zone_dist_m":4.9,"campable_zone":false,"count":0,"placement":null}},{"type":"Feature","geometry":{"type":"LineString","coordinates":[[-122.29397121445824,37.87777874759629],[-122.29313221395219,37.87795774770542]]},"properties":{"id":"817L","street":"PAGE ST","side":"L","pavement_ft":36,"width_ft":9.7,"width_source":"gis","path_ft":6,"depth_ft":-0.8,"zone":"R-2","district":"Multi-Unit 2","cat":"res","zone_dist_m":3.8,"campable_zone":false,"count":0,"placement":null}},{"type":"Feature","geometry":{"type":"LineString","coordinates":[[-122.29393878556222,37.87768325240128],[-122.29309978606831,37.87786225229219]]},"properties":{"id":"817R","street":"PAGE ST","side":"R","pavement_ft":36,"width_ft":15.1,"width_source":"gis","path_ft":10,"depth_ft":0.6,"zone":"R-2","district":"Multi-Unit 2","cat":"res","zone_dist_m":4.7,"campable_zone":false,"count":0,"placement":null}},{"type":"Feature","geometry":{"type":"LineString","coordinates":[[-122.28364839651083,37.87791354927128],[-122.2835523968676,37.87724054924297],[-122.28355215276738,37.877237642088595],[-122.2835522476076,37.877234729472676],[-122.28355524762523,37.87720172947383]]},"properties":{"id":"820L","street":"KEONCREST DR","side":"L","pavement_ft":23,"width_ft":12.0,"width_source":"gis","path_ft":6,"depth_ft":1.5,"zone":"R-1","district":"Multi-Unit 1","cat":"res","zone_dist_m":3.4,"campable_zone":false,"count":0,"placement":null}},{"type":"Feature","geometry":{"type":"LineString","coordinates":[[-122.2837276034856,37.87790645071537],[-122.28363201742621,37.87723635515536],[-122.28363475237748,37.87720627051275]]},"properties":{"id":"820R","street":"KEONCREST DR","side":"R","pavement_ft":23,"width_ft":7.9,"width_source":"gis","path_ft":6,"depth_ft":-2.6,"zone":"R-1","district":"Multi-Unit 1","cat":"res","zone_dist_m":4.7,"campable_zone":false,"count":0,"placement":null}},{"type":"Feature","geometry":{"type":"LineString","coordinates":[[-122.2900453775743,37.87738436116302],[-122.28894337727063,37.87798436145938]]},"properties":{"id":"821L","street":"HOPKINS ST","side":"L","pavement_ft":33,"width_ft":14.4,"width_source":"gis","path_ft":10,"depth_ft":-0.1,"zone":"R-2","district":"Multi-Unit 2","cat":"res","zone_dist_m":6.1,"campable_zone":false,"count":0,"placement":null}},{"type":"Feature","geometry":{"type":"LineString","coordinates":[[-122.28998062245826,37.87730963882816],[-122.28887862276191,37.87790963853181]]},"properties":{"id":"821R","street":"HOPKINS ST","side":"R","pavement_ft":33,"width_ft":17.7,"width_source":"gis","path_ft":10,"depth_ft":3.2,"zone":"R-2","district":"Multi-Unit 2","cat":"res","zone_dist_m":6.4,"campable_zone":false,"count":0,"placement":null}},{"type":"Feature","geometry":{"type":"LineString","coordinates":[[-122.29218160607726,37.87798611949235],[-122.29168460707552,37.876431119292164]]},"properties":{"id":"823L","street":"CORNELL AVE","side":"L","pavement_ft":30,"width_ft":9.1,"width_source":"gis","path_ft":6,"depth_ft":-1.4,"zone":"R-2","district":"Multi-Unit 2","cat":"res","zone_dist_m":2.8,"campable_zone":false,"count":0,"placement":null}},{"type":"Feature","geometry":{"type":"LineString","coordinates":[[-122.29228239390925,37.8779658804859],[-122.29178539291102,37.876410880686116]]},"properties":{"id":"823R","street":"CORNELL AVE","side":"R","pavement_ft":30,"width_ft":11.5,"width_source":"gis","path_ft":6,"depth_ft":1.0,"zone":"R-2","district":"Multi-Unit 2","cat":"res","zone_dist_m":4.6,"campable_zone":false,"count":0,"placement":null}},{"type":"Feature","geometry":{"type":"LineString","coordinates":[[-122.28514674990065,37.87809674486589],[-122.28506875043794,37.87737374483514]]},"properties":{"id":"829L","street":"ACTON ST","side":"L","pavement_ft":32,"width_ft":15.6,"width_source":"gis","path_ft":10,"depth_ft":1.1,"zone":"R-1","district":"Multi-Unit 1","cat":"res","zone_dist_m":6.0,"campable_zone":false,"count":0,"placement":null}},{"type":"Feature","geometry":{"type":"LineString","coordinates":[[-122.28525725009419,37.87808925510811],[-122.28517924955688,37.87736625513886]]},"properties":{"id":"829R","street":"ACTON ST","side":"R","pavement_ft":32,"width_ft":13.3,"width_source":"gis","path_ft":6,"depth_ft":2.8,"zone":"R-1","district":"Multi-Unit 1","cat":"res","zone_dist_m":6.7,"campable_zone":false,"count":0,"placement":null}},{"type":"Feature","geometry":{"type":"LineString","coordinates":[[-122.287196974521,37.87826959667952],[-122.28688297494564,37.87746859657043]]},"properties":{"id":"833L","street":"ORDWAY ST","side":"L","pavement_ft":26,"width_ft":13.7,"width_source":"gis","path_ft":6,"depth_ft":3.2,"zone":"R-1","district":"Multi-Unit 1","cat":"res","zone_dist_m":4.2,"campable_zone":false,"count":0,"placement":null}},{"type":"Feature","geometry":{"type":"LineString","coordinates":[[-122.2872830254669,37.8782484033046],[-122.28696902504224,37.877447403413704]]},"properties":{"id":"833R","street":"ORDWAY ST","side":"R","pavement_ft":26,"width_ft":6.8,"width_source":"gis","path_ft":6,"depth_ft":-3.7,"zone":"R-1","district":"Multi-Unit 1","cat":"res","zone_dist_m":3.7,"campable_zone":false,"count":0,"placement":null}},{"type":"Feature","geometry":{"type":"LineString","coordinates":[[-122.28995886706117,37.88142954623589],[-122.29136292672816,37.877722675547794],[-122.29136459052951,37.87766860319664],[-122.29110010446898,37.87686034006128],[-122.29104461663253,37.876785102251155]]},"properties":{"id":"836L","street":"CURTIS ST","side":"L","pavement_ft":29,"width_ft":13.6,"width_source":"gis","path_ft":6,"depth_ft":3.1,"zone":"R-2","district":"Multi-Unit 2","cat":"res","zone_dist_m":3.9,"campable_zone":false,"count":0,"placement":null}},{"type":"Feature","geometry":{"type":"LineString","coordinates":[[-122.29005513295402,37.88145245374455],[-122.29146113077424,37.87774045315488],[-122.29146222548083,37.87773701345602],[-122.29146292974912,37.87773351019748],[-122.29146323799318,37.87772997116581],[-122.29146523794904,37.87766497116454],[-122.29146513558638,37.877661280019794],[-122.29146460249244,37.8776576122434],[-122.29146364324727,37.87765399934638],[-122.29119564274137,37.87683499945071],[-122.29119428235406,37.87683150927534],[-122.29119252430348,37.8768281325624],[-122.29119038337564,37.87682489771138],[-122.29113138334404,37.87674489773254]]},"properties":{"id":"836R","street":"CURTIS ST","side":"R","pavement_ft":29,"width_ft":8.7,"width_source":"gis","path_ft":6,"depth_ft":-1.8,"zone":"R-2","district":"Multi-Unit 2","cat":"res","zone_dist_m":4.6,"campable_zone":false,"count":0,"placement":null}},{"type":"Feature","geometry":{"type":"LineString","coordinates":[[-122.28998884266876,37.881488306365505],[-122.28917184219851,37.88129130623631]]},"properties":{"id":"837L","street":"GILMAN ST","side":"L","pavement_ft":36,"width_ft":11.3,"width_source":"gis","path_ft":6,"depth_ft":0.8,"zone":"C-N","district":"Neighborhood Commercial","cat":"com","zone_dist_m":3.0,"campable_zone":true,"count":0,"placement":null}},{"type":"Feature","geometry":{"type":"LineString","coordinates":[[-122.29002515730758,37.881393693631075],[-122.28920815777782,37.88119669376027]]},"properties":{"id":"837R","street":"GILMAN ST","side":"R","pavement_ft":36,"width_ft":14.5,"width_source":"gis","path_ft":10,"depth_ft":-0.0,"zone":"C-N","district":"Neighborhood Commercial","cat":"com","zone_dist_m":4.1,"campable_zone":true,"count":0,"placement":null}},{"type":"Feature","geometry":{"type":"LineString","coordinates":[[-122.29427654177135,37.87892991823125],[-122.29390454253772,37.87774091808137]]},"properties":{"id":"839L","street":"KAINS AVE","side":"L","pavement_ft":30,"width_ft":9.0,"width_source":"gis","path_ft":6,"depth_ft":-1.5,"zone":"R-2","district":"Multi-Unit 2","cat":"res","zone_dist_m":3.3,"campable_zone":false,"count":0,"placement":null}},{"type":"Feature","geometry":{"type":"LineString","coordinates":[[-122.29437745821542,37.87891008174695],[-122.29400545744906,37.87772108189684]]},"properties":{"id":"839R","street":"KAINS AVE","side":"R","pavement_ft":30,"width_ft":11.9,"width_source":"gis","path_ft":6,"depth_ft":1.4,"zone":"R-2","district":"Multi-Unit 2","cat":"res","zone_dist_m":3.4,"campable_zone":false,"count":0,"placement":null}},{"type":"Feature","geometry":{"type":"LineString","coordinates":[[-122.28169200507755,37.87815659327987],[-122.28119760569051,37.87824430930254],[-122.28093967670009,37.87830119098405],[-122.28087269083743,37.878322660815016],[-122.28068631184499,37.87843274998095]]},"properties":{"id":"847L","street":"BUENA AVE","side":"L","pavement_ft":37,"width_ft":9.3,"width_source":"gis","path_ft":6,"depth_ft":-1.2,"zone":"R-1","district":"Multi-Unit 1","cat":"res","zone_dist_m":5.5,"campable_zone":false,"count":0,"placement":null}},{"type":"Feature","geometry":{"type":"LineString","coordinates":[[-122.28166399494071,37.878057406718234],[-122.28116799525854,37.87814540666316],[-122.28116481382163,37.878146039250375],[-122.2809018139835,37.87820403921407],[-122.28089496430881,37.878205885621874],[-122.28081696435086,37.87823088560656],[-122.28081198259028,37.878232682042764],[-122.28080721226934,37.87823480869539],[-122.28080268814773,37.87823725006829],[-122.28060968819705,37.878351250006745]]},"properties":{"id":"847R","street":"BUENA AVE","side":"R","pavement_ft":37,"width_ft":13.9,"width_source":"gis","path_ft":6,"depth_ft":3.4,"zone":"R-1","district":"Multi-Unit 1","cat":"res","zone_dist_m":3.4,"campable_zone":false,"count":0,"placement":null}},{"type":"Feature","geometry":{"type":"LineString","coordinates":[[-122.28057061657978,37.878384373749185],[-122.28059333352938,37.87823955417672],[-122.28054952518877,37.87799574980593],[-122.28050991231186,37.87788367402036],[-122.28050843471149,37.8778787148694],[-122.28050747748946,37.87787367609815],[-122.28046347782289,37.877552676072916]]},"properties":{"id":"848L","street":"CALIFORNIA ST","side":"L","pavement_ft":45,"width_ft":16.8,"width_source":"gis","path_ft":10,"depth_ft":2.3,"zone":"R-1","district":"Multi-Unit 1","cat":"res","zone_dist_m":4.6,"campable_zone":false,"count":0,"placement":null}},{"type":"Feature","geometry":{"type":"LineString","coordinates":[[-122.28072538343697,37.87839962620011],[-122.28074938327988,37.87824662618293],[-122.28074993051187,37.878241181854],[-122.28074986926576,37.878235720489464],[-122.28074920001991,37.878230284731394],[-122.28070319975716,37.87797428475854],[-122.28070108776438,37.87796632590663],[-122.28066182634116,37.877855245134306],[-122.28061852216393,37.877539323875894]]},"properties":{"id":"848R","street":"CALIFORNIA ST","side":"R","pavement_ft":45,"width_ft":12.4,"width_source":"gis","path_ft":6,"depth_ft":1.9,"zone":"R-1","district":"Multi-Unit 1","cat":"res","zone_dist_m":3.8,"campable_zone":false,"count":0,"placement":null}},{"type":"Feature","geometry":{"type":"LineString","coordinates":[[-122.28725471829517,37.8782956466681],[-122.2865043589663,37.87848498037771],[-122.28636277022255,37.8785354092485],[-122.28532057441342,37.87899461434113]]},"properties":{"id":"856L","street":"ADA ST","side":"L","pavement_ft":28,"width_ft":5.0,"width_source":"gis","path_ft":6,"depth_ft":-5.5,"zone":"R-1","district":"Multi-Unit 1","cat":"res","zone_dist_m":3.9,"campable_zone":false,"count":0,"placement":null}},{"type":"Feature","geometry":{"type":"LineString","coordinates":[[-122.28722528171916,37.87822235332997],[-122.28647228205746,37.87841235324039],[-122.28646711295707,37.878413920038675],[-122.2863211130131,37.87846592001486],[-122.28631742527328,37.87846738585733],[-122.28527342560787,37.87892738565416]]},"properties":{"id":"856R","street":"ADA ST","side":"R","pavement_ft":28,"width_ft":15.3,"width_source":"gis","path_ft":10,"depth_ft":0.8,"zone":"R-1","district":"Multi-Unit 1","cat":"res","zone_dist_m":1.7,"campable_zone":false,"count":0,"placement":null}},{"type":"Feature","geometry":{"type":"LineString","coordinates":[[-122.28525211351919,37.87896408643491],[-122.2851571140432,37.87809608640442]]},"properties":{"id":"857L","street":"ACTON ST","side":"L","pavement_ft":26,"width_ft":21.5,"width_source":"gis","path_ft":10,"depth_ft":7.0,"zone":"R-1","district":"Multi-Unit 1","cat":"res","zone_dist_m":6.4,"campable_zone":false,"count":0,"placement":null}},{"type":"Feature","geometry":{"type":"LineString","coordinates":[[-122.28534188647735,37.87895791354792],[-122.28524688595336,37.87808991357843]]},"properties":{"id":"857R","street":"ACTON ST","side":"R","pavement_ft":26,"width_ft":12.4,"width_source":"gis","path_ft":6,"depth_ft":1.9,"zone":"R-1","district":"Multi-Unit 1","cat":"res","zone_dist_m":6.6,"campable_zone":false,"count":0,"placement":null}},{"type":"Feature","geometry":{"type":"LineString","coordinates":[[-122.29316640575237,37.877899917732975],[-122.29354240651111,37.87908091758151]]},"properties":{"id":"861L","street":"STANNAGE AVE","side":"L","pavement_ft":30,"width_ft":10.7,"width_source":"gis","path_ft":6,"depth_ft":0.2,"zone":"R-2","district":"Multi-Unit 2","cat":"res","zone_dist_m":4.2,"campable_zone":false,"count":0,"placement":null}},{"type":"Feature","geometry":{"type":"LineString","coordinates":[[-122.2930655942342,37.87792008224527],[-122.29344159347544,37.87910108239677]]},"properties":{"id":"861R","street":"STANNAGE AVE","side":"R","pavement_ft":30,"width_ft":11.4,"width_source":"gis","path_ft":6,"depth_ft":0.9,"zone":"R-2","district":"Multi-Unit 2","cat":"res","zone_dist_m":3.1,"campable_zone":false,"count":0,"placement":null}},{"type":"Feature","geometry":{"type":"LineString","coordinates":[[-122.28068885795486,37.878431165278585],[-122.27980085779619,37.87901316558142],[-122.27980018571188,37.87901360003077],[-122.27949118565004,37.87921060013434]]},"properties":{"id":"867L","street":"BUENA AVE","side":"L","pavement_ft":37,"width_ft":10.2,"width_source":"gis","path_ft":6,"depth_ft":-0.3,"zone":"R-1","district":"Multi-Unit 1","cat":"res","zone_dist_m":3.8,"campable_zone":false,"count":0,"placement":null}},{"type":"Feature","geometry":{"type":"LineString","coordinates":[[-122.28060714208829,37.87835283470743],[-122.2797194764356,37.87893461537864],[-122.27941081439285,37.879131399852106]]},"properties":{"id":"867R","street":"BUENA AVE","side":"R","pavement_ft":37,"width_ft":15.6,"width_source":"gis","path_ft":10,"depth_ft":1.1,"zone":"R-2","district":"Multi-Unit 2","cat":"res","zone_dist_m":5.3,"campable_zone":false,"count":0,"placement":null}},{"type":"Feature","geometry":{"type":"LineString","coordinates":[[-122.29259866612038,37.879269308214106],[-122.2922146668738,37.878091308059446]]},"properties":{"id":"868L","street":"CORNELL AVE","side":"L","pavement_ft":30,"width_ft":9.9,"width_source":"gis","path_ft":6,"depth_ft":-0.6,"zone":"R-2","district":"Multi-Unit 2","cat":"res","zone_dist_m":2.8,"campable_zone":false,"count":0,"placement":null}},{"type":"Feature","geometry":{"type":"LineString","coordinates":[[-122.29269933386588,37.87924869176421],[-122.29231533311251,37.878070691918886]]},"properties":{"id":"868R","street":"CORNELL AVE","side":"R","pavement_ft":30,"width_ft":11.4,"width_source":"gis","path_ft":6,"depth_ft":0.9,"zone":"R-2","district":"Multi-Unit 2","cat":"res","zone_dist_m":4.3,"campable_zone":false,"count":0,"placement":null}},{"type":"Feature","geometry":{"type":"LineString","coordinates":[[-122.29170544118183,37.879251044791694],[-122.29218044199565,37.87796404500532]]},"properties":{"id":"869L","street":"SANTA FE AVE","side":"L","pavement_ft":31,"width_ft":16.2,"width_source":"gis","path_ft":10,"depth_ft":1.7,"zone":"R-2","district":"Multi-Unit 2","cat":"res","zone_dist_m":5.3,"campable_zone":false,"count":0,"placement":null}},{"type":"Feature","geometry":{"type":"LineString","coordinates":[[-122.29180855883516,37.879274955185856],[-122.29228355802134,37.87798795497222]]},"properties":{"id":"869R","street":"SANTA FE AVE","side":"R","pavement_ft":31,"width_ft":4.9,"width_source":"gis","path_ft":6,"depth_ft":-5.6,"zone":"R-2","district":"Multi-Unit 2","cat":"res","zone_dist_m":5.1,"campable_zone":false,"count":0,"placement":null}},{"type":"Feature","geometry":{"type":"LineString","coordinates":[[-122.30248574075262,37.879191846968325],[-122.3013097397982,37.879431847163595]]},"properties":{"id":"874L","street":"GILMAN ST","side":"L","pavement_ft":48,"width_ft":11.6,"width_source":"gis","path_ft":6,"depth_ft":1.1,"zone":"MULI","district":"Mixed Use-Light Industrial","cat":"man","zone_dist_m":5.2,"campable_zone":true,"count":0,"placement":null}},{"type":"Feature","geometry":{"type":"LineString","coordinates":[[-122.30244425928238,37.879064153027684],[-122.3012682602368,37.879304152832404]]},"properties":{"id":"874R","street":"GILMAN ST","side":"R","pavement_ft":48,"width_ft":19.8,"width_source":"gis","path_ft":10,"depth_ft":5.3,"zone":"MULI","district":"Mixed Use-Light Industrial","cat":"man","zone_dist_m":6.0,"campable_zone":true,"count":16,"placement":"building"}},{"type":"Feature","geometry":{"type":"LineString","coordinates":[[-122.28294215780116,37.878980890239234],[-122.28186315727821,37.87937589047078]]},"properties":{"id":"875L","street":"ROSE ST","side":"L","pavement_ft":36,"width_ft":8.0,"width_source":"gis","path_ft":6,"depth_ft":-2.5,"zone":"R-1","district":"Multi-Unit 1","cat":"res","zone_dist_m":5.0,"campable_zone":false,"count":0,"placement":null}},{"type":"Feature","geometry":{"type":"LineString","coordinates":[[-122.28288984223025,37.878891109754925],[-122.28181084275319,37.87928610952338]]},"properties":{"id":"875R","street":"ROSE ST","side":"R","pavement_ft":36,"width_ft":16.6,"width_source":"gis","path_ft":10,"depth_ft":2.1,"zone":"R-1","district":"Multi-Unit 1","cat":"res","zone_dist_m":4.7,"campable_zone":false,"count":0,"placement":null}},{"type":"Feature","geometry":{"type":"LineString","coordinates":[[-122.28177494385922,37.87933606448855],[-122.28161594487804,37.878112064416065]]},"properties":{"id":"876L","street":"HOLLY ST","side":"L","pavement_ft":36,"width_ft":16.4,"width_source":"gis","path_ft":10,"depth_ft":1.9,"zone":"R-1","district":"Multi-Unit 1","cat":"res","zone_dist_m":5.1,"campable_zone":false,"count":0,"placement":null}},{"type":"Feature","geometry":{"type":"LineString","coordinates":[[-122.2818990561328,37.87932593547864],[-122.28174005511396,37.87810193555111]]},"properties":{"id":"876R","street":"HOLLY ST","side":"R","pavement_ft":36,"width_ft":8.1,"width_source":"gis","path_ft":6,"depth_ft":-2.4,"zone":"R-1","district":"Multi-Unit 1","cat":"res","zone_dist_m":4.7,"campable_zone":false,"count":0,"placement":null}},{"type":"Feature","geometry":{"type":"LineString","coordinates":[[-122.29266489419766,37.87930681524954],[-122.29182689368989,37.87948181535625]]},"properties":{"id":"877L","street":"CAMELIA ST","side":"L","pavement_ft":36,"width_ft":7.6,"width_source":"gis","path_ft":6,"depth_ft":-2.9,"zone":"R-2","district":"Multi-Unit 2","cat":"res","zone_dist_m":3.3,"campable_zone":false,"count":0,"placement":null}},{"type":"Feature","geometry":{"type":"LineString","coordinates":[[-122.29263310582243,37.87921118474814],[-122.2917951063302,37.87938618464144]]},"properties":{"id":"877R","street":"CAMELIA ST","side":"R","pavement_ft":36,"width_ft":16.0,"width_source":"gis","path_ft":10,"depth_ft":1.5,"zone":"R-2","district":"Multi-Unit 2","cat":"res","zone_dist_m":4.8,"campable_zone":false,"count":0,"placement":null}},{"type":"Feature","geometry":{"type":"LineString","coordinates":[[-122.28745577984452,37.87880668252321],[-122.28591377939658,37.87962368292994]]},"properties":{"id":"886L","street":"HOPKINS ST","side":"L","pavement_ft":33,"width_ft":8.0,"width_source":"gis","path_ft":6,"depth_ft":-2.5,"zone":"R-2","district":"Multi-Unit 2","cat":"res","zone_dist_m":4.9,"campable_zone":false,"count":0,"placement":null}},{"type":"Feature","geometry":{"type":"LineString","coordinates":[[-122.28739222018768,37.878731317468265],[-122.28585022063564,37.87954831706157]]},"properties":{"id":"886R","street":"HOPKINS ST","side":"R","pavement_ft":33,"width_ft":23.9,"width_source":"gis","path_ft":10,"depth_ft":9.4,"zone":"R-2","district":"Multi-Unit 2","cat":"res","zone_dist_m":7.5,"campable_zone":false,"count":0,"placement":null}},{"type":"Feature","geometry":{"type":"LineString","coordinates":[[-122.2892601285799,37.87967136433433],[-122.28993646396665,37.87785015731712],[-122.28996348671146,37.87774206663541],[-122.28997901430252,37.877610082895124],[-122.28997901441237,37.877453813286266],[-122.2899614968809,37.877352600470665]]},"properties":{"id":"889L","street":"NORTHSIDE AVE","side":"L","pavement_ft":30,"width_ft":13.0,"width_source":"gis","path_ft":6,"depth_ft":2.5,"zone":"R-2","district":"Multi-Unit 2","cat":"res","zone_dist_m":3.7,"campable_zone":false,"count":0,"placement":null}},{"type":"Feature","geometry":{"type":"LineString","coordinates":[[-122.28935987143609,37.87969463564468],[-122.29003687032247,37.87787163535021],[-122.29003799431993,37.87786800956803],[-122.29006599424615,37.87775600955532],[-122.2900667612304,37.87775182590142],[-122.29008276113628,37.87761582589352],[-122.29008298569923,37.87761199998908],[-122.29008298558605,37.877450999987964],[-122.29008250318296,37.87744539949965],[-122.29006450311167,37.87734139950672]]},"properties":{"id":"889R","street":"NORTHSIDE AVE","side":"R","pavement_ft":30,"width_ft":8.3,"width_source":"gis","path_ft":6,"depth_ft":-2.2,"zone":"R-2","district":"Multi-Unit 2","cat":"res","zone_dist_m":4.5,"campable_zone":false,"count":0,"placement":null}},{"type":"Feature","geometry":{"type":"LineString","coordinates":[[-122.28186276015876,37.87937603451092],[-122.28099175973126,37.87968903469488]]},"properties":{"id":"890L","street":"ROSE ST","side":"L","pavement_ft":36,"width_ft":7.6,"width_source":"gis","path_ft":6,"depth_ft":-2.9,"zone":"R-1","district":"Multi-Unit 1","cat":"res","zone_dist_m":4.5,"campable_zone":false,"count":0,"placement":null}},{"type":"Feature","geometry":{"type":"LineString","coordinates":[[-122.28181123987223,37.879285965483405],[-122.28094024029977,37.879598965299465]]},"properties":{"id":"890R","street":"ROSE ST","side":"R","pavement_ft":36,"width_ft":15.5,"width_source":"gis","path_ft":10,"depth_ft":1.0,"zone":"R-1","district":"Multi-Unit 1","cat":"res","zone_dist_m":4.9,"campable_zone":false,"count":0,"placement":null}},{"type":"Feature","geometry":{"type":"LineString","coordinates":[[-122.28089423997903,37.87966819069902],[-122.28076224017713,37.87942219062155],[-122.28075871951314,37.87941412316317],[-122.28069871968046,37.879238123126946],[-122.28069690648049,37.87923129408014],[-122.28062590685876,37.87886129403804],[-122.28062536808469,37.8788578315123],[-122.28057036856434,37.878397831481344]]},"properties":{"id":"891L","street":"CALIFORNIA ST","side":"L","pavement_ft":45,"width_ft":11.9,"width_source":"gis","path_ft":6,"depth_ft":1.4,"zone":"R-1","district":"Multi-Unit 1","cat":"res","zone_dist_m":2.0,"campable_zone":false,"count":0,"placement":null}},{"type":"Feature","geometry":{"type":"LineString","coordinates":[[-122.28103775997461,37.87961980925668],[-122.28090787238722,37.87937774647913],[-122.280850430478,37.879209250714815],[-122.28078042418127,37.87884443114523],[-122.28072563142422,37.878386168467344]]},"properties":{"id":"891R","street":"CALIFORNIA ST","side":"R","pavement_ft":45,"width_ft":3.4,"width_source":"gis","path_ft":6,"depth_ft":-7.1,"zone":"R-1","district":"Multi-Unit 1","cat":"res","zone_dist_m":3.7,"campable_zone":false,"count":0,"placement":null}},{"type":"Feature","geometry":{"type":"LineString","coordinates":[[-122.28534409554285,37.87985192274857],[-122.28525209607952,37.878963922719315]]},"properties":{"id":"894L","street":"ACTON ST","side":"L","pavement_ft":26,"width_ft":24.7,"width_source":"gis","path_ft":10,"depth_ft":10.2,"zone":"R-1","district":"Multi-Unit 1","cat":"res","zone_dist_m":8.3,"campable_zone":false,"count":0,"placement":null}},{"type":"Feature","geometry":{"type":"LineString","coordinates":[[-122.28543390445385,37.87984607723425],[-122.2853419039172,37.87895807726351]]},"properties":{"id":"894R","street":"ACTON ST","side":"R","pavement_ft":26,"width_ft":10.3,"width_source":"gis","path_ft":6,"depth_ft":-0.2,"zone":"R-2","district":"Multi-Unit 2","cat":"res","zone_dist_m":5.8,"campable_zone":false,"count":0,"placement":null}},{"type":"Feature","geometry":{"type":"LineString","coordinates":[[-122.28532076668557,37.878994529171514],[-122.28314476599633,37.87996352959852]]},"properties":{"id":"901L","street":"ADA ST","side":"L","pavement_ft":28,"width_ft":8.8,"width_source":"gis","path_ft":6,"depth_ft":-1.7,"zone":"R-1","district":"Multi-Unit 1","cat":"res","zone_dist_m":5.0,"campable_zone":false,"count":0,"placement":null}},{"type":"Feature","geometry":{"type":"LineString","coordinates":[[-122.28527323333581,37.878927470823704],[-122.28309723402505,37.87989647039669]]},"properties":{"id":"901R","street":"ADA ST","side":"R","pavement_ft":28,"width_ft":22.6,"width_source":"gis","path_ft":10,"depth_ft":8.1,"zone":"R-1","district":"Multi-Unit 1","cat":"res","zone_dist_m":7.0,"campable_zone":false,"count":0,"placement":null}},{"type":"Feature","geometry":{"type":"LineString","coordinates":[[-122.28305889555253,37.87993468199225],[-122.28293589640757,37.87890968193679]]},"properties":{"id":"902L","street":"SACRAMENTO ST","side":"L","pavement_ft":36,"width_ft":17.0,"width_source":"gis","path_ft":10,"depth_ft":2.5,"zone":"R-1","district":"Multi-Unit 1","cat":"res","zone_dist_m":5.0,"campable_zone":false,"count":0,"placement":null}},{"type":"Feature","geometry":{"type":"LineString","coordinates":[[-122.28302485620473,37.87894963039458],[-122.28294285616592,37.878980630412656]]},"properties":{"id":"904L","street":"ROSE ST","side":"L","pavement_ft":36,"width_ft":21.6,"width_source":"gis","path_ft":10,"depth_ft":7.1,"zone":"R-1","district":"Multi-Unit 1","cat":"res","zone_dist_m":12.0,"campable_zone":false,"count":0,"placement":null}},{"type":"Feature","geometry":{"type":"LineString","coordinates":[[-122.29182494809793,37.87948219527044],[-122.29169294801592,37.87950619528506]]},"properties":{"id":"905L","street":"CAMELIA ST","side":"L","pavement_ft":36,"width_ft":17.8,"width_source":"gis","path_ft":10,"depth_ft":3.3,"zone":"R-2","district":"Multi-Unit 2","cat":"res","zone_dist_m":7.7,"campable_zone":false,"count":0,"placement":null}},{"type":"Feature","geometry":{"type":"LineString","coordinates":[[-122.29179705191976,37.879385804727704],[-122.29166505200179,37.87940980471305]]},"properties":{"id":"905R","street":"CAMELIA ST","side":"R","pavement_ft":36,"width_ft":31.4,"width_source":"gis","path_ft":10,"depth_ft":16.9,"zone":"R-2","district":"Multi-Unit 2","cat":"res","zone_dist_m":12.7,"campable_zone":false,"count":0,"placement":null}},{"type":"Feature","geometry":{"type":"LineString","coordinates":[[-122.28361202437978,37.88234790393522],[-122.28372402467133,37.88190490398606]]},"properties":{"id":"941L","street":"ALBINA AVE","side":"L","pavement_ft":30,"width_ft":23.7,"width_source":"gis","path_ft":10,"depth_ft":9.2,"zone":"R-2","district":"Multi-Unit 2","cat":"res","zone_dist_m":7.4,"campable_zone":false,"count":0,"placement":null}},{"type":"Feature","geometry":{"type":"LineString","coordinates":[[-122.28371397563174,37.88236409604282],[-122.2838259753402,37.881921095991956]]},"properties":{"id":"941R","street":"ALBINA AVE","side":"R","pavement_ft":30,"width_ft":5.9,"width_source":"gis","path_ft":6,"depth_ft":-4.6,"zone":"R-2","district":"Multi-Unit 2","cat":"res","zone_dist_m":5.0,"campable_zone":false,"count":0,"placement":null}},{"type":"Feature","geometry":{"type":"LineString","coordinates":[[-122.28345591464841,37.875790716380436],[-122.28328491458171,37.875815716389674],[-122.28328156697715,37.87581608504468],[-122.28283856679815,37.875849085056124],[-122.2828345008585,37.87584921501954],[-122.28254550074048,37.87584621501715]]},"properties":{"id":"942L","street":"LINCOLN ST","side":"L","pavement_ft":22,"width_ft":10.0,"width_source":"gis","path_ft":6,"depth_ft":-0.5,"zone":"R-1","district":"Multi-Unit 1","cat":"res","zone_dist_m":2.8,"campable_zone":false,"count":0,"placement":null}},{"type":"Feature","geometry":{"type":"LineString","coordinates":[[-122.28344208535695,37.87573128361907],[-122.28327274890619,37.87575604041189],[-122.2828334617912,37.87578876383382],[-122.28254649925888,37.87578578498269]]},"properties":{"id":"942R","street":"LINCOLN ST","side":"R","pavement_ft":22,"width_ft":10.3,"width_source":"gis","path_ft":6,"depth_ft":-0.2,"zone":"R-1","district":"Multi-Unit 1","cat":"res","zone_dist_m":4.0,"campable_zone":false,"count":0,"placement":null}},{"type":"Feature","geometry":{"type":"LineString","coordinates":[[-122.28199389518907,37.87215944786304],[-122.28196689564963,37.87191144783641]]},"properties":{"id":"943L","street":"SACRAMENTO ST","side":"L","pavement_ft":80,"width_ft":12.9,"width_source":"gis","path_ft":6,"depth_ft":2.4,"zone":"R-2A","district":"Multi-Unit 2A","cat":"res","zone_dist_m":4.0,"campable_zone":false,"count":0,"placement":null}},{"type":"Feature","geometry":{"type":"LineString","coordinates":[[-122.28227010477825,37.87214055197458],[-122.28224310431769,37.871892552001206]]},"properties":{"id":"943R","street":"SACRAMENTO ST","side":"R","pavement_ft":80,"width_ft":18.7,"width_source":"gis","path_ft":10,"depth_ft":4.2,"zone":"R-2","district":"Multi-Unit 2","cat":"res","zone_dist_m":6.1,"campable_zone":false,"count":0,"placement":null}},{"type":"Feature","geometry":{"type":"LineString","coordinates":[[-122.28449515695016,37.87163878713311],[-122.28335615621629,37.87178778722276]]},"properties":{"id":"944L","street":"HEARST AVE","side":"L","pavement_ft":36,"width_ft":11.5,"width_source":"gis","path_ft":6,"depth_ft":1.0,"zone":"R-2","district":"Multi-Unit 2","cat":"res","zone_dist_m":3.9,"campable_zone":false,"count":0,"placement":null}},{"type":"Feature","geometry":{"type":"LineString","coordinates":[[-122.28447484306274,37.87154121286574],[-122.2833358437966,37.87169021277608]]},"properties":{"id":"944R","street":"HEARST AVE","side":"R","pavement_ft":36,"width_ft":11.3,"width_source":"gis","path_ft":6,"depth_ft":0.8,"zone":"R-2","district":"Multi-Unit 2","cat":"res","zone_dist_m":3.7,"campable_zone":false,"count":0,"placement":null}},{"type":"Feature","geometry":{"type":"LineString","coordinates":[[-122.29565844002944,37.87619590856352],[-122.29509543968624,37.876309908633054]]},"properties":{"id":"945L","street":"JONES ST","side":"L","pavement_ft":36,"width_ft":10.8,"width_source":"gis","path_ft":6,"depth_ft":0.3,"zone":"R-2","district":"Multi-Unit 2","cat":"res","zone_dist_m":5.0,"campable_zone":false,"count":0,"placement":null}},{"type":"Feature","geometry":{"type":"LineString","coordinates":[[-122.2956275599901,37.87610009143427],[-122.29506456033333,37.87621409136472]]},"properties":{"id":"945R","street":"JONES ST","side":"R","pavement_ft":36,"width_ft":12.9,"width_source":"gis","path_ft":6,"depth_ft":2.4,"zone":"R-2","district":"Multi-Unit 2","cat":"res","zone_dist_m":4.2,"campable_zone":false,"count":0,"placement":null}},{"type":"Feature","geometry":{"type":"LineString","coordinates":[[-122.30474859328609,37.87121356122415],[-122.30352059268479,37.87146556134802]]},"properties":{"id":"946L","street":"VIRGINIA ST","side":"L","pavement_ft":29,"width_ft":15.2,"width_source":"gis","path_ft":10,"depth_ft":0.7,"zone":"M","district":"Manufacturing","cat":"man","zone_dist_m":5.2,"campable_zone":true,"count":0,"placement":null}},{"type":"Feature","geometry":{"type":"LineString","coordinates":[[-122.30472340672674,37.871136438774364],[-122.30349540732804,37.87138843865051]]},"properties":{"id":"946R","street":"VIRGINIA ST","side":"R","pavement_ft":29,"width_ft":17.3,"width_source":"gis","path_ft":10,"depth_ft":2.8,"zone":"MULI","district":"Mixed Use-Light Industrial","cat":"man","zone_dist_m":5.7,"campable_zone":true,"count":0,"placement":null}},{"type":"Feature","geometry":{"type":"LineString","coordinates":[[-122.2970650661349,37.86957798309556],[-122.29595006545206,37.869797983229724]]},"properties":{"id":"947L","street":"HEARST AVE","side":"L","pavement_ft":36,"width_ft":11.3,"width_source":"gis","path_ft":6,"depth_ft":0.8,"zone":"R-2","district":"Multi-Unit 2","cat":"res","zone_dist_m":4.8,"campable_zone":false,"count":0,"placement":null}},{"type":"Feature","geometry":{"type":"LineString","coordinates":[[-122.29703493388416,37.869482016902296],[-122.29591993456704,37.86970201676813]]},"properties":{"id":"947R","street":"HEARST AVE","side":"R","pavement_ft":36,"width_ft":14.3,"width_source":"gis","path_ft":10,"depth_ft":-0.2,"zone":"R-2","district":"Multi-Unit 2","cat":"res","zone_dist_m":4.7,"campable_zone":false,"count":0,"placement":null}},{"type":"Feature","geometry":{"type":"LineString","coordinates":[[-122.29509547826173,37.876309900811734],[-122.29449947789857,37.876430900885524]]},"properties":{"id":"948L","street":"JONES ST","side":"L","pavement_ft":36,"width_ft":9.8,"width_source":"gis","path_ft":6,"depth_ft":-0.7,"zone":"C-W","district":"West Berkeley Commercial","cat":"com","zone_dist_m":4.0,"campable_zone":true,"count":0,"placement":null}},{"type":"Feature","geometry":{"type":"LineString","coordinates":[[-122.29506452175788,37.876214099186036],[-122.29446852212098,37.876335099112225]]},"properties":{"id":"948R","street":"JONES ST","side":"R","pavement_ft":36,"width_ft":12.9,"width_source":"gis","path_ft":6,"depth_ft":2.4,"zone":"C-W","district":"West Berkeley Commercial","cat":"com","zone_dist_m":4.2,"campable_zone":true,"count":0,"placement":null}},{"type":"Feature","geometry":{"type":"LineString","coordinates":[[-122.28848915620371,37.882898943955894],[-122.28888515669844,37.881934944103214]]},"properties":{"id":"950L","street":"NEILSON ST","side":"L","pavement_ft":26,"width_ft":10.8,"width_source":"gis","path_ft":6,"depth_ft":0.3,"zone":"R-2","district":"Multi-Unit 2","cat":"res","zone_dist_m":4.7,"campable_zone":false,"count":0,"placement":null}},{"type":"Feature","geometry":{"type":"LineString","coordinates":[[-122.28857484380931,37.882921056028636],[-122.28897084331463,37.881957055881294]]},"properties":{"id":"950R","street":"NEILSON ST","side":"R","pavement_ft":26,"width_ft":5.5,"width_source":"gis","path_ft":6,"depth_ft":-5.0,"zone":"R-2","district":"Multi-Unit 2","cat":"res","zone_dist_m":2.0,"campable_zone":false,"count":0,"placement":null}},{"type":"Feature","geometry":{"type":"LineString","coordinates":[[-122.28664716141874,37.87436478658963],[-122.28594416096578,37.87445678664501]]},"properties":{"id":"952L","street":"VIRGINIA ST","side":"L","pavement_ft":36,"width_ft":13.2,"width_source":"gis","path_ft":6,"depth_ft":2.7,"zone":"R-1","district":"Multi-Unit 1","cat":"res","zone_dist_m":4.7,"campable_zone":false,"count":0,"placement":null}},{"type":"Feature","geometry":{"type":"LineString","coordinates":[[-122.28662683859417,37.874267213409254],[-122.28592383904713,37.87435921335386]]},"properties":{"id":"952R","street":"VIRGINIA ST","side":"R","pavement_ft":36,"width_ft":12.7,"width_source":"gis","path_ft":6,"depth_ft":2.2,"zone":"R-1","district":"Multi-Unit 1","cat":"res","zone_dist_m":3.7,"campable_zone":false,"count":0,"placement":null}},{"type":"Feature","geometry":{"type":"LineString","coordinates":[[-122.28473933224406,37.874566270952876],[-122.28463633294486,37.87367727090924]]},"properties":{"id":"953L","street":"ACTON ST","side":"L","pavement_ft":34,"width_ft":11.4,"width_source":"gis","path_ft":6,"depth_ft":0.9,"zone":"R-BMU","district":"Residential BART Mixed Use","cat":"mixres","zone_dist_m":3.4,"campable_zone":true,"count":0,"placement":null}},{"type":"Feature","geometry":{"type":"LineString","coordinates":[[-122.28485666774961,37.874557729017816],[-122.28475366704882,37.87366872906145]]},"properties":{"id":"953R","street":"ACTON ST","side":"R","pavement_ft":34,"width_ft":14.8,"width_source":"gis","path_ft":10,"depth_ft":0.3,"zone":"R-1","district":"Multi-Unit 1","cat":"res","zone_dist_m":5.0,"campable_zone":false,"count":0,"placement":null}},{"type":"Feature","geometry":{"type":"LineString","coordinates":[[-122.30658706542216,37.878365780150936],[-122.30578706477509,37.87853178028604]]},"properties":{"id":"958L","street":"GILMAN ST","side":"L","pavement_ft":48,"width_ft":13.0,"width_source":"gis","path_ft":6,"depth_ft":2.5,"zone":"M","district":"Manufacturing","cat":"man","zone_dist_m":5.6,"campable_zone":true,"count":0,"placement":null}},{"type":"Feature","geometry":{"type":"LineString","coordinates":[[-122.3065449346134,37.87823821984494],[-122.30574493526046,37.87840421970987]]},"properties":{"id":"958R","street":"GILMAN ST","side":"R","pavement_ft":48,"width_ft":19.4,"width_source":"gis","path_ft":10,"depth_ft":4.9,"zone":"MRD","district":"Manufacturing Research District","cat":"man","zone_dist_m":4.6,"campable_zone":true,"count":0,"placement":null}},{"type":"Feature","geometry":{"type":"LineString","coordinates":[[-122.28834941047332,37.881086440913066],[-122.28777841014137,37.880953440825444]]},"properties":{"id":"960L","street":"GILMAN ST","side":"L","pavement_ft":36,"width_ft":9.9,"width_source":"gis","path_ft":6,"depth_ft":-0.6,"zone":"R-2","district":"Multi-Unit 2","cat":"res","zone_dist_m":4.2,"campable_zone":false,"count":0,"placement":null}},{"type":"Feature","geometry":{"type":"LineString","coordinates":[[-122.28838458950369,37.88099155908371],[-122.28781358983565,37.88085855917132]]},"properties":{"id":"960R","street":"GILMAN ST","side":"R","pavement_ft":36,"width_ft":14.6,"width_source":"gis","path_ft":10,"depth_ft":0.1,"zone":"R-2","district":"Multi-Unit 2","cat":"res","zone_dist_m":4.5,"campable_zone":false,"count":0,"placement":null}},{"type":"Feature","geometry":{"type":"LineString","coordinates":[[-122.2877775062854,37.88095322438965],[-122.28670850567389,37.88069022421761]]},"properties":{"id":"961L","street":"GILMAN ST","side":"L","pavement_ft":36,"width_ft":12.2,"width_source":"gis","path_ft":6,"depth_ft":1.7,"zone":"R-2","district":"Multi-Unit 2","cat":"res","zone_dist_m":4.7,"campable_zone":false,"count":0,"placement":null}},{"type":"Feature","geometry":{"type":"LineString","coordinates":[[-122.28781449369059,37.880858775606825],[-122.28674549430207,37.88059577577887]]},"properties":{"id":"961R","street":"GILMAN ST","side":"R","pavement_ft":36,"width_ft":12.3,"width_source":"gis","path_ft":6,"depth_ft":1.8,"zone":"R-2","district":"Multi-Unit 2","cat":"res","zone_dist_m":3.8,"campable_zone":false,"count":0,"placement":null}},{"type":"Feature","geometry":{"type":"LineString","coordinates":[[-122.28252965857494,37.87669851969861],[-122.28242865995307,37.875824519613104]]},"properties":{"id":"962L","street":"SACRAMENTO ST","side":"L","pavement_ft":68,"width_ft":22.3,"width_source":"gis","path_ft":10,"depth_ft":7.8,"zone":"R-2","district":"Multi-Unit 2","cat":"res","zone_dist_m":6.9,"campable_zone":false,"count":0,"placement":null}},{"type":"Feature","geometry":{"type":"LineString","coordinates":[[-122.28276434139991,37.87668148018415],[-122.28266334002176,37.87580748026966]]},"properties":{"id":"962R","street":"SACRAMENTO ST","side":"R","pavement_ft":68,"width_ft":21.9,"width_source":"gis","path_ft":10,"depth_ft":7.4,"zone":"R-1","district":"Multi-Unit 1","cat":"res","zone_dist_m":8.4,"campable_zone":false,"count":0,"placement":null}},{"type":"Feature","geometry":{"type":"LineString","coordinates":[[-122.28670968415324,37.88069050409156],[-122.2855786834927,37.880431503920576]]},"properties":{"id":"963L","street":"GILMAN ST","side":"L","pavement_ft":36,"width_ft":10.5,"width_source":"gis","path_ft":6,"depth_ft":-0.0,"zone":"R-2","district":"Multi-Unit 2","cat":"res","zone_dist_m":4.1,"campable_zone":false,"count":0,"placement":null}},{"type":"Feature","geometry":{"type":"LineString","coordinates":[[-122.2867443158241,37.88059549590529],[-122.28561331648459,37.88033649607628]]},"properties":{"id":"963R","street":"GILMAN ST","side":"R","pavement_ft":36,"width_ft":13.9,"width_source":"gis","path_ft":6,"depth_ft":3.4,"zone":"R-2","district":"Multi-Unit 2","cat":"res","zone_dist_m":4.2,"campable_zone":false,"count":0,"placement":null}},{"type":"Feature","geometry":{"type":"LineString","coordinates":[[-122.29860365856193,37.87435228160964],[-122.29749665786659,37.87457328174821]]},"properties":{"id":"965L","street":"CEDAR ST","side":"L","pavement_ft":37,"width_ft":9.8,"width_source":"gis","path_ft":6,"depth_ft":-0.7,"zone":"R-2","district":"Multi-Unit 2","cat":"res","zone_dist_m":4.6,"campable_zone":false,"count":0,"placement":null}},{"type":"Feature","geometry":{"type":"LineString","coordinates":[[-122.29857234145842,37.87425371838805],[-122.29746534215383,37.87447471824949]]},"properties":{"id":"965R","street":"CEDAR ST","side":"R","pavement_ft":37,"width_ft":13.4,"width_source":"gis","path_ft":6,"depth_ft":2.9,"zone":"R-2","district":"Multi-Unit 2","cat":"res","zone_dist_m":4.4,"campable_zone":false,"count":0,"placement":null}},{"type":"Feature","geometry":{"type":"LineString","coordinates":[[-122.29525688007601,37.87129181799329],[-122.29414787917746,37.87151981817865]]},"properties":{"id":"967L","street":"DELAWARE ST","side":"L","pavement_ft":48,"width_ft":14.2,"width_source":"gis","path_ft":10,"depth_ft":-0.3,"zone":"R-2","district":"Multi-Unit 2","cat":"res","zone_dist_m":5.3,"campable_zone":false,"count":0,"placement":null}},{"type":"Feature","geometry":{"type":"LineString","coordinates":[[-122.29521511995918,37.87116418200267],[-122.29410612085778,37.87139218181733]]},"properties":{"id":"967R","street":"DELAWARE ST","side":"R","pavement_ft":48,"width_ft":17.0,"width_source":"gis","path_ft":10,"depth_ft":2.5,"zone":"R-2","district":"Multi-Unit 2","cat":"res","zone_dist_m":5.0,"campable_zone":false,"count":0,"placement":null}},{"type":"Feature","geometry":{"type":"LineString","coordinates":[[-122.30133469747791,37.877550856056516],[-122.30074269711828,37.87767285613097]]},"properties":{"id":"968L","street":"CAMELIA ST","side":"L","pavement_ft":36,"width_ft":8.5,"width_source":"gis","path_ft":6,"depth_ft":-2.0,"zone":"MULI","district":"Mixed Use-Light Industrial","cat":"man","zone_dist_m":5.1,"campable_zone":true,"count":0,"placement":null}},{"type":"Feature","geometry":{"type":"LineString","coordinates":[[-122.30130330254195,37.87745514394118],[-122.30071130290159,37.87757714386675]]},"properties":{"id":"968R","street":"CAMELIA ST","side":"R","pavement_ft":36,"width_ft":15.8,"width_source":"gis","path_ft":10,"depth_ft":1.3,"zone":"MUR","district":"Mixed Use-Residential","cat":"mixres","zone_dist_m":4.7,"campable_zone":true,"count":0,"placement":null}},{"type":"Feature","geometry":{"type":"LineString","coordinates":[[-122.30443480110242,37.874317628009706],[-122.30556180039044,37.87409962814647]]},"properties":{"id":"977L","street":"JONES ST","side":"L","pavement_ft":37,"width_ft":16.7,"width_source":"gis","path_ft":10,"depth_ft":2.2,"zone":"M","district":"Manufacturing","cat":"man","zone_dist_m":4.7,"campable_zone":true,"count":0,"placement":null}},{"type":"Feature","geometry":{"type":"LineString","coordinates":[[-122.30446519891741,37.874416371988126],[-122.30559219962937,37.874198371851385]]},"properties":{"id":"977R","street":"JONES ST","side":"R","pavement_ft":37,"width_ft":5.2,"width_source":"gis","path_ft":6,"depth_ft":-5.3,"zone":"M","district":"Manufacturing","cat":"man","zone_dist_m":3.0,"campable_zone":true,"count":0,"placement":null}},{"type":"Feature","geometry":{"type":"LineString","coordinates":[[-122.30022218210054,37.874007594317504],[-122.29964118184492,37.874125594369495]]},"properties":{"id":"980L","street":"CEDAR ST","side":"L","pavement_ft":26,"width_ft":16.0,"width_source":"gis","path_ft":10,"depth_ft":1.5,"zone":"MUR","district":"Mixed Use-Residential","cat":"mixres","zone_dist_m":6.1,"campable_zone":true,"count":0,"placement":null}},{"type":"Feature","geometry":{"type":"LineString","coordinates":[[-122.30019981790966,37.87393840568133],[-122.29961881816527,37.87405640562934]]},"properties":{"id":"980R","street":"CEDAR ST","side":"R","pavement_ft":26,"width_ft":19.2,"width_source":"gis","path_ft":10,"depth_ft":4.7,"zone":"MUR","district":"Mixed Use-Residential","cat":"mixres","zone_dist_m":6.2,"campable_zone":true,"count":0,"placement":null}},{"type":"Feature","geometry":{"type":"LineString","coordinates":[[-122.30116868593181,37.875077858345925],[-122.30059568558372,37.87519585841793]]},"properties":{"id":"981L","street":"JONES ST","side":"L","pavement_ft":36,"width_ft":9.3,"width_source":"gis","path_ft":6,"depth_ft":-1.2,"zone":"MUR","district":"Mixed Use-Residential","cat":"mixres","zone_dist_m":4.2,"campable_zone":true,"count":0,"placement":null}},{"type":"Feature","geometry":{"type":"LineString","coordinates":[[-122.30113731408804,37.874982141651785],[-122.30056431443614,37.87510014157981]]},"properties":{"id":"981R","street":"JONES ST","side":"R","pavement_ft":36,"width_ft":14.7,"width_source":"gis","path_ft":10,"depth_ft":0.2,"zone":"MUR","district":"Mixed Use-Residential","cat":"mixres","zone_dist_m":4.7,"campable_zone":true,"count":0,"placement":null}},{"type":"Feature","geometry":{"type":"LineString","coordinates":[[-122.30002049742014,37.875313896918875],[-122.29898749679096,37.87552389704699]]},"properties":{"id":"982L","street":"JONES ST","side":"L","pavement_ft":36,"width_ft":10.1,"width_source":"gis","path_ft":6,"depth_ft":-0.4,"zone":"R-2","district":"Multi-Unit 2","cat":"res","zone_dist_m":4.8,"campable_zone":false,"count":0,"placement":null}},{"type":"Feature","geometry":{"type":"LineString","coordinates":[[-122.29998950259947,37.87521810307889],[-122.29895650322865,37.87542810295078]]},"properties":{"id":"982R","street":"JONES ST","side":"R","pavement_ft":36,"width_ft":14.7,"width_source":"gis","path_ft":10,"depth_ft":0.2,"zone":"R-2","district":"Multi-Unit 2","cat":"res","zone_dist_m":4.6,"campable_zone":false,"count":0,"placement":null}},{"type":"Feature","geometry":{"type":"LineString","coordinates":[[-122.29306563678962,37.87792021498226],[-122.29268663754183,37.876746214829595]]},"properties":{"id":"983L","street":"STANNAGE AVE","side":"L","pavement_ft":30,"width_ft":10.6,"width_source":"gis","path_ft":6,"depth_ft":0.1,"zone":"R-2","district":"Multi-Unit 2","cat":"res","zone_dist_m":3.1,"campable_zone":false,"count":0,"placement":null}},{"type":"Feature","geometry":{"type":"LineString","coordinates":[[-122.2931663631968,37.87789978499604],[-122.29278736244459,37.8767257851487]]},"properties":{"id":"983R","street":"STANNAGE AVE","side":"R","pavement_ft":30,"width_ft":11.0,"width_source":"gis","path_ft":6,"depth_ft":0.5,"zone":"R-2","district":"Multi-Unit 2","cat":"res","zone_dist_m":4.0,"campable_zone":false,"count":0,"placement":null}},{"type":"Feature","geometry":{"type":"LineString","coordinates":[[-122.28433363560498,37.87710568681476],[-122.2843956358526,37.87757168679663],[-122.2843958532782,37.8775746552167],[-122.28439571764609,37.87757762669125],[-122.28438971767642,37.87763462669356],[-122.28438927638781,37.87763736662967],[-122.28438853483551,37.87764006553855],[-122.28438749868857,37.877642702787305],[-122.2843861758682,37.87764525821448],[-122.28435117589096,37.87770525822534],[-122.28434956898032,37.877707722696776],[-122.28434769549601,37.877710065925015],[-122.28434556988515,37.8777122698406],[-122.28434320853904,37.87771431744836],[-122.28430920853879,37.87774131745638],[-122.28430647074241,37.877743298185095],[-122.28430351262824,37.877745068738584],[-122.28430035978346,37.87774661380189],[-122.28421635976137,37.877783613815325],[-122.284213541501,37.87778474179682],[-122.28385954139047,37.87791274184485],[-122.28385547157674,37.87791400463621],[-122.28385125179238,37.877914906622244],[-122.28369625173018,37.877940906632354]]},"properties":{"id":"984L","street":"CATHERINE DR","side":"L","pavement_ft":23,"width_ft":5.5,"width_source":"gis","path_ft":6,"depth_ft":-5.0,"zone":"R-1","district":"Multi-Unit 1","cat":"res","zone_dist_m":1.9,"campable_zone":false,"count":0,"placement":null}},{"type":"Feature","geometry":{"type":"LineString","coordinates":[[-122.2842543643917,37.87711231317186],[-122.28431596940736,37.877575346303686],[-122.28431086799706,37.87762380945657],[-122.28428179337169,37.87767365163011],[-122.2842567465494,37.87769354174754],[-122.28417902117805,37.877727777917734],[-122.28383045299448,37.87785381386859],[-122.28367974827653,37.877879093367]]},"properties":{"id":"984R","street":"CATHERINE DR","side":"R","pavement_ft":23,"width_ft":11.1,"width_source":"gis","path_ft":6,"depth_ft":0.6,"zone":"R-1","district":"Multi-Unit 1","cat":"res","zone_dist_m":3.0,"campable_zone":false,"count":0,"placement":null}},{"type":"Feature","geometry":{"type":"LineString","coordinates":[[-122.30059563485361,37.87519586884679],[-122.30002063450405,37.875313868918774]]},"properties":{"id":"986L","street":"JONES ST","side":"L","pavement_ft":36,"width_ft":10.2,"width_source":"gis","path_ft":6,"depth_ft":-0.3,"zone":"MUR","district":"Mixed Use-Residential","cat":"mixres","zone_dist_m":4.5,"campable_zone":true,"count":0,"placement":null}},{"type":"Feature","geometry":{"type":"LineString","coordinates":[[-122.30056436516617,37.87510013115095],[-122.29998936551574,37.875218131078974]]},"properties":{"id":"986R","street":"JONES ST","side":"R","pavement_ft":36,"width_ft":13.7,"width_source":"gis","path_ft":6,"depth_ft":3.2,"zone":"MUR","district":"Mixed Use-Residential","cat":"mixres","zone_dist_m":4.4,"campable_zone":true,"count":0,"placement":null}},{"type":"Feature","geometry":{"type":"LineString","coordinates":[[-122.29073627148499,37.881774982679296],[-122.29082427168636,37.881463982718756]]},"properties":{"id":"991L","street":"SANTA FE AVE","side":"L","pavement_ft":30,"width_ft":26.5,"width_source":"gis","path_ft":10,"depth_ft":12.0,"zone":"C-N","district":"Neighborhood Commercial","cat":"com","zone_dist_m":10.9,"campable_zone":true,"count":5,"placement":"building"}},{"type":"Feature","geometry":{"type":"LineString","coordinates":[[-122.29083772852773,37.88179301729896],[-122.29092572832633,37.88148201725948]]},"properties":{"id":"991R","street":"SANTA FE AVE","side":"R","pavement_ft":30,"width_ft":9.2,"width_source":"gis","path_ft":6,"depth_ft":-1.3,"zone":"R-2A","district":"Multi-Unit 2A","cat":"res","zone_dist_m":3.6,"campable_zone":false,"count":0,"placement":null}},{"type":"Feature","geometry":{"type":"LineString","coordinates":[[-122.29089026390805,37.88152094415364],[-122.29050026366971,37.881598944201215],[-122.29049378118738,37.881599954727506],[-122.29048720022637,37.88160041624018],[-122.29048059459042,37.88160032356357],[-122.29047403835997,37.88159967773696],[-122.29046760506144,37.88159848600316],[-122.2899896047826,37.8814884859306]]},"properties":{"id":"993L","street":"GILMAN ST","side":"L","pavement_ft":36,"width_ft":13.9,"width_source":"default","path_ft":6,"depth_ft":3.4,"zone":"C-N","district":"Neighborhood Commercial","cat":"com","zone_dist_m":6.1,"campable_zone":true,"count":0,"placement":null}},{"type":"Feature","geometry":{"type":"LineString","coordinates":[[-122.29085973611127,37.88142505584418],[-122.29048614403581,37.88149977428885],[-122.29002439519462,37.881393514066225]]},"properties":{"id":"993R","street":"GILMAN ST","side":"R","pavement_ft":36,"width_ft":13.8,"width_source":"default","path_ft":6,"depth_ft":3.3,"zone":"C-N","district":"Neighborhood Commercial","cat":"com","zone_dist_m":4.9,"campable_zone":true,"count":0,"placement":null}},{"type":"Feature","geometry":{"type":"LineString","coordinates":[[-122.2932243329195,37.88105293031838],[-122.29239333241206,37.881219930420244]]},"properties":{"id":"994L","street":"GILMAN ST","side":"L","pavement_ft":36,"width_ft":11.1,"width_source":"gis","path_ft":6,"depth_ft":0.6,"zone":"R-2","district":"Multi-Unit 2","cat":"res","zone_dist_m":4.6,"campable_zone":false,"count":0,"placement":null}},{"type":"Feature","geometry":{"type":"LineString","coordinates":[[-122.29319366709996,37.88095706967943],[-122.29236266760734,37.88112406957755]]},"properties":{"id":"994R","street":"GILMAN ST","side":"R","pavement_ft":36,"width_ft":15.2,"width_source":"gis","path_ft":10,"depth_ft":0.7,"zone":"R-2","district":"Multi-Unit 2","cat":"res","zone_dist_m":5.1,"campable_zone":false,"count":0,"placement":null}},{"type":"Feature","geometry":{"type":"LineString","coordinates":[[-122.28917127368177,37.88129116679817],[-122.28874227343742,37.881184166728325]]},"properties":{"id":"995L","street":"GILMAN ST","side":"L","pavement_ft":36,"width_ft":11.1,"width_source":"gis","path_ft":6,"depth_ft":0.6,"zone":"C-N","district":"Neighborhood Commercial","cat":"com","zone_dist_m":5.7,"campable_zone":true,"count":0,"placement":null}},{"type":"Feature","geometry":{"type":"LineString","coordinates":[[-122.28920872629391,37.88119683319821],[-122.28877972653824,37.88108983326809]]},"properties":{"id":"995R","street":"GILMAN ST","side":"R","pavement_ft":36,"width_ft":14.4,"width_source":"gis","path_ft":10,"depth_ft":-0.1,"zone":"C-N","district":"Neighborhood Commercial","cat":"com","zone_dist_m":4.1,"campable_zone":true,"count":0,"placement":null}},{"type":"Feature","geometry":{"type":"LineString","coordinates":[[-122.30037497759469,37.8764779012782],[-122.29936197708099,37.87668490138341]]},"properties":{"id":"1001L","street":"PAGE ST","side":"L","pavement_ft":30,"width_ft":14.2,"width_source":"gis","path_ft":10,"depth_ft":-0.3,"zone":"R-2","district":"Multi-Unit 2","cat":"res","zone_dist_m":5.7,"campable_zone":false,"count":0,"placement":null}},{"type":"Feature","geometry":{"type":"LineString","coordinates":[[-122.30034902241903,37.87639809872026],[-122.29933602293269,37.876605098614995]]},"properties":{"id":"1001R","street":"PAGE ST","side":"R","pavement_ft":30,"width_ft":18.5,"width_source":"gis","path_ft":10,"depth_ft":4.0,"zone":"R-2","district":"Multi-Unit 2","cat":"res","zone_dist_m":6.1,"campable_zone":false,"count":0,"placement":null}},{"type":"Feature","geometry":{"type":"LineString","coordinates":[[-122.29037203314455,37.868383803238004],[-122.28935803249072,37.8685148033168]]},"properties":{"id":"1002L","street":"ADDISON ST","side":"L","pavement_ft":36,"width_ft":10.9,"width_source":"gis","path_ft":6,"depth_ft":0.4,"zone":"R-3","district":"Multiple-Family Residential","cat":"res","zone_dist_m":4.6,"campable_zone":false,"count":0,"placement":null}},{"type":"Feature","geometry":{"type":"LineString","coordinates":[[-122.29035196686819,37.86828619676089],[-122.28933796752206,37.86841719668207]]},"properties":{"id":"1002R","street":"ADDISON ST","side":"R","pavement_ft":36,"width_ft":12.9,"width_source":"gis","path_ft":6,"depth_ft":2.4,"zone":"R-3","district":"Multiple-Family Residential","cat":"res","zone_dist_m":4.0,"campable_zone":false,"count":0,"placement":null}},{"type":"Feature","geometry":{"type":"LineString","coordinates":[[-122.2838032178511,37.87861142509253],[-122.28371921789034,37.878492425068416],[-122.28371737728173,37.87848946440765],[-122.2837159364395,37.878486367687984],[-122.28371491109152,37.878483168712584],[-122.28371431243025,37.87847990240083],[-122.28364831273262,37.8779129023819]]},"properties":{"id":"1003L","street":"KEONCREST DR","side":"L","pavement_ft":23,"width_ft":14.6,"width_source":"gis","path_ft":10,"depth_ft":0.1,"zone":"R-1","district":"Multi-Unit 1","cat":"res","zone_dist_m":4.4,"campable_zone":false,"count":0,"placement":null}},{"type":"Feature","geometry":{"type":"LineString","coordinates":[[-122.28387278213452,37.878580574896986],[-122.2837929107157,37.87846742380641],[-122.28372768726449,37.87790709760469]]},"properties":{"id":"1003R","street":"KEONCREST DR","side":"R","pavement_ft":23,"width_ft":4.4,"width_source":"gis","path_ft":6,"depth_ft":-6.1,"zone":"R-1","district":"Multi-Unit 1","cat":"res","zone_dist_m":3.9,"campable_zone":false,"count":0,"placement":null}},{"type":"Feature","geometry":{"type":"LineString","coordinates":[[-122.28327415562912,37.88104500904142],[-122.28270515545528,37.881338009188426]]},"properties":{"id":"1004L","street":"HOPKINS ST","side":"L","pavement_ft":33,"width_ft":13.4,"width_source":"gis","path_ft":6,"depth_ft":2.9,"zone":"R-2A","district":"Multi-Unit 2A","cat":"res","zone_dist_m":7.3,"campable_zone":false,"count":0,"placement":null}},{"type":"Feature","geometry":{"type":"LineString","coordinates":[[-122.28321184440271,37.88096899095042],[-122.28264284457657,37.88126199080342]]},"properties":{"id":"1004R","street":"HOPKINS ST","side":"R","pavement_ft":33,"width_ft":21.2,"width_source":"gis","path_ft":10,"depth_ft":6.7,"zone":"R-2A","district":"Multi-Unit 2A","cat":"res","zone_dist_m":6.8,"campable_zone":false,"count":0,"placement":null}},{"type":"Feature","geometry":{"type":"LineString","coordinates":[[-122.28508650097882,37.87703716804639],[-122.28430050065526,37.87714016808601]]},"properties":{"id":"1006L","street":"KEONCREST DR","side":"L","pavement_ft":23,"width_ft":7.1,"width_source":"gis","path_ft":6,"depth_ft":-3.4,"zone":"R-1","district":"Multi-Unit 1","cat":"res","zone_dist_m":3.6,"campable_zone":false,"count":0,"placement":null}},{"type":"Feature","geometry":{"type":"LineString","coordinates":[[-122.28507349902644,37.87697483195313],[-122.28428749935001,37.87707783191352]]},"properties":{"id":"1006R","street":"KEONCREST DR","side":"R","pavement_ft":23,"width_ft":12.6,"width_source":"gis","path_ft":6,"depth_ft":2.1,"zone":"R-1","district":"Multi-Unit 1","cat":"res","zone_dist_m":4.9,"campable_zone":false,"count":0,"placement":null}},{"type":"Feature","geometry":{"type":"LineString","coordinates":[[-122.29973463640832,37.87788186861664],[-122.29919863608242,37.87799186868376]]},"properties":{"id":"1007L","street":"CAMELIA ST","side":"L","pavement_ft":36,"width_ft":9.5,"width_source":"gis","path_ft":6,"depth_ft":-1.0,"zone":"MULI","district":"Mixed Use-Light Industrial","cat":"man","zone_dist_m":4.3,"campable_zone":true,"count":0,"placement":null}},{"type":"Feature","geometry":{"type":"LineString","coordinates":[[-122.29970336361148,37.87778613138108],[-122.29916736393737,37.87789613131397]]},"properties":{"id":"1007R","street":"CAMELIA ST","side":"R","pavement_ft":36,"width_ft":14.6,"width_source":"gis","path_ft":10,"depth_ft":0.1,"zone":"R-2","district":"Multi-Unit 2","cat":"res","zone_dist_m":4.8,"campable_zone":false,"count":0,"placement":null}},{"type":"Feature","geometry":{"type":"LineString","coordinates":[[-122.29104272939577,37.87679902022503],[-122.29085972940746,37.87664602015563]]},"properties":{"id":"1008L","street":"CURTIS ST","side":"L","pavement_ft":36,"width_ft":10.5,"width_source":"default","path_ft":6,"depth_ft":0.0,"zone":"R-2","district":"Multi-Unit 2","cat":"res","zone_dist_m":1.9,"campable_zone":false,"count":0,"placement":null}},{"type":"Feature","geometry":{"type":"LineString","coordinates":[[-122.29113327056261,37.87673097975693],[-122.2909502705509,37.87657797982634]]},"properties":{"id":"1008R","street":"CURTIS ST","side":"R","pavement_ft":36,"width_ft":36.8,"width_source":"default","path_ft":10,"depth_ft":22.3,"zone":"R-2","district":"Multi-Unit 2","cat":"res","zone_dist_m":12.2,"campable_zone":false,"count":0,"placement":null}},{"type":"Feature","geometry":{"type":"LineString","coordinates":[[-122.2889166581827,37.881974849502875],[-122.28809065789429,37.88177084942138]]},"properties":{"id":"1009L","street":"WATKINS ST","side":"L","pavement_ft":22,"width_ft":13.0,"width_source":"gis","path_ft":6,"depth_ft":2.5,"zone":"R-2","district":"Multi-Unit 2","cat":"res","zone_dist_m":5.1,"campable_zone":false,"count":0,"placement":null}},{"type":"Feature","geometry":{"type":"LineString","coordinates":[[-122.28893934180832,37.8819171504958],[-122.28811334209672,37.88171315057731]]},"properties":{"id":"1009R","street":"WATKINS ST","side":"R","pavement_ft":22,"width_ft":16.9,"width_source":"gis","path_ft":10,"depth_ft":2.4,"zone":"R-2","district":"Multi-Unit 2","cat":"res","zone_dist_m":5.6,"campable_zone":false,"count":0,"placement":null}},{"type":"Feature","geometry":{"type":"LineString","coordinates":[[-122.28377594290383,37.88194320833965],[-122.28368053394068,37.881945079105904],[-122.28360824740705,37.88196711768302],[-122.2832604654425,37.88214249492636],[-122.2832569237595,37.882144077253834],[-122.28325318962351,37.88214535166543],[-122.28324930549826,37.882146303668875],[-122.28324531555309,37.882146922438196],[-122.28324126516073,37.882147200936885],[-122.28316526512968,37.882149200937384],[-122.28316167816963,37.8821491614909],[-122.28315811176589,37.882148855010406],[-122.28315459749349,37.88214828420936],[-122.28315116646603,37.88214745414131],[-122.2830911664461,37.882130454134646],[-122.28308803662554,37.882129441187516],[-122.28308503232559,37.88212821246947],[-122.28308217716916,37.88212677764197],[-122.28307949360648,37.8821251479871],[-122.28307700273844,37.88212333631889],[-122.28303800273879,37.882092336310066],[-122.28303565026471,37.882090286454556],[-122.28303354459814,37.88208807441573],[-122.28303170344597,37.882085718795],[-122.28303014229081,37.88208323940125],[-122.28302887426064,37.88208065708416],[-122.28300887428121,37.8820336570783],[-122.28300777834042,37.88203053924201],[-122.28300710941956,37.882027346385335],[-122.28300687519268,37.88202411513782],[-122.28300589317021,37.88181983254768],[-122.2829673568808,37.881699523944675],[-122.28285571147623,37.88154710359687],[-122.28273643023046,37.8814081063737],[-122.28264450517167,37.88131914660309]]},"properties":{"id":"1010L","street":"HOPKINS CT","side":"L","pavement_ft":22,"width_ft":14.9,"width_source":"gis","path_ft":10,"depth_ft":0.4,"zone":"R-2","district":"Multi-Unit 2","cat":"res","zone_dist_m":1.0,"campable_zone":false,"count":0,"placement":null}},{"type":"Feature","geometry":{"type":"LineString","coordinates":[[-122.28377405709678,37.88188279166019],[-122.28367205713843,37.8818847916598],[-122.28366772170467,37.881885073417735],[-122.2836634549854,37.881885744769576],[-122.28365931252613,37.881886796975444],[-122.28357731255308,37.8819117969663],[-122.28357383827822,37.88191301701578],[-122.28357053449758,37.88191450512965],[-122.28322832354543,37.88208707304735],[-122.28316999413194,37.8820886080314],[-122.2831249277827,37.882075839233494],[-122.2830982814265,37.88205465880282],[-122.28308310125001,37.88201898542807],[-122.28308212470016,37.8818158848491],[-122.28308182169489,37.88181219611681],[-122.2830809526943,37.88180856430911],[-122.28303995263404,37.8816805643212],[-122.28303892861683,37.88167789191865],[-122.2830375976676,37.88167530586777],[-122.28303597115641,37.88167282826077],[-122.282920971109,37.8815158282921],[-122.28291952389587,37.88151400540023],[-122.28279852386251,37.881373005431904],[-122.28279649482565,37.88137085336642],[-122.28270349481306,37.881280853389306]]},"properties":{"id":"1010R","street":"HOPKINS CT","side":"R","pavement_ft":22,"width_ft":4.9,"width_source":"gis","path_ft":6,"depth_ft":-5.6,"zone":"R-2","district":"Multi-Unit 2","cat":"res","zone_dist_m":4.3,"campable_zone":false,"count":0,"placement":null}},{"type":"Feature","geometry":{"type":"LineString","coordinates":[[-122.29154765612516,37.88138586463547],[-122.2908906557257,37.88152086471778]]},"properties":{"id":"1011L","street":"GILMAN ST","side":"L","pavement_ft":36,"width_ft":8.9,"width_source":"gis","path_ft":6,"depth_ft":-1.6,"zone":"R-2","district":"Multi-Unit 2","cat":"res","zone_dist_m":4.6,"campable_zone":false,"count":0,"placement":null}},{"type":"Feature","geometry":{"type":"LineString","coordinates":[[-122.29151634389464,37.88129013536227],[-122.29085934429409,37.88142513527995]]},"properties":{"id":"1011R","street":"GILMAN ST","side":"R","pavement_ft":36,"width_ft":16.4,"width_source":"gis","path_ft":10,"depth_ft":1.9,"zone":"R-2","district":"Multi-Unit 2","cat":"res","zone_dist_m":4.8,"campable_zone":false,"count":0,"placement":null}},{"type":"Feature","geometry":{"type":"LineString","coordinates":[[-122.28028093231018,37.875197816190095],[-122.27802793085577,37.87548581636309]]},"properties":{"id":"1012L","street":"VIRGINIA ST","side":"L","pavement_ft":36,"width_ft":11.8,"width_source":"gis","path_ft":6,"depth_ft":1.3,"zone":"R-2","district":"Multi-Unit 2","cat":"res","zone_dist_m":4.5,"campable_zone":false,"count":0,"placement":null}},{"type":"Feature","geometry":{"type":"LineString","coordinates":[[-122.28026106770245,37.87510018380876],[-122.27800806915683,37.875388183635806]]},"properties":{"id":"1012R","street":"VIRGINIA ST","side":"R","pavement_ft":36,"width_ft":12.5,"width_source":"gis","path_ft":6,"depth_ft":2.0,"zone":"R-2","district":"Multi-Unit 2","cat":"res","zone_dist_m":3.5,"campable_zone":false,"count":0,"placement":null}},{"type":"Feature","geometry":{"type":"LineString","coordinates":[[-122.29547413650157,37.877464868595325],[-122.29487513619857,37.87758886865835]]},"properties":{"id":"1016L","street":"PAGE ST","side":"L","pavement_ft":30,"width_ft":12.3,"width_source":"gis","path_ft":6,"depth_ft":1.8,"zone":"C-W","district":"West Berkeley Commercial","cat":"com","zone_dist_m":5.4,"campable_zone":true,"count":0,"placement":null}},{"type":"Feature","geometry":{"type":"LineString","coordinates":[[-122.29544786351231,37.87738513140307],[-122.29484886381528,37.877509131340055]]},"properties":{"id":"1016R","street":"PAGE ST","side":"R","pavement_ft":30,"width_ft":17.3,"width_source":"gis","path_ft":10,"depth_ft":2.8,"zone":"C-W","district":"West Berkeley Commercial","cat":"com","zone_dist_m":5.7,"campable_zone":true,"count":0,"placement":null}},{"type":"Feature","geometry":{"type":"LineString","coordinates":[[-122.30723606859883,37.880134173383304],[-122.30635306805118,37.880296173482186]]},"properties":{"id":"1017L","street":"HARRISON ST","side":"L","pavement_ft":36,"width_ft":7.1,"width_source":"default","path_ft":6,"depth_ft":-3.4,"zone":"M","district":"Manufacturing","cat":"man","zone_dist_m":4.1,"campable_zone":true,"count":0,"placement":null}},{"type":"Feature","geometry":{"type":"LineString","coordinates":[[-122.30720793141906,37.8800378266148],[-122.30632493196669,37.880199826515906]]},"properties":{"id":"1017R","street":"HARRISON ST","side":"R","pavement_ft":36,"width_ft":17.6,"width_source":"default","path_ft":10,"depth_ft":3.1,"zone":"M","district":"Manufacturing","cat":"man","zone_dist_m":3.4,"campable_zone":true,"count":0,"placement":null}},{"type":"Feature","geometry":{"type":"LineString","coordinates":[[-122.29139853982589,37.87555290457844],[-122.2908465409649,37.8737859043561]]},"properties":{"id":"1018L","street":"CORNELL AVE","side":"L","pavement_ft":30,"width_ft":7.8,"width_source":"gis","path_ft":6,"depth_ft":-2.7,"zone":"R-2","district":"Multi-Unit 2","cat":"res","zone_dist_m":2.2,"campable_zone":false,"count":0,"placement":null}},{"type":"Feature","geometry":{"type":"LineString","coordinates":[[-122.29149946016092,37.87553309539978],[-122.29094745902194,37.87376609562211]]},"properties":{"id":"1018R","street":"CORNELL AVE","side":"R","pavement_ft":30,"width_ft":12.0,"width_source":"gis","path_ft":6,"depth_ft":1.5,"zone":"R-2","district":"Multi-Unit 2","cat":"res","zone_dist_m":4.2,"campable_zone":false,"count":0,"placement":null}},{"type":"Feature","geometry":{"type":"LineString","coordinates":[[-122.2848784161151,37.875232786557696],[-122.28422175304716,37.87532165827362],[-122.2841850416726,37.87534181354119],[-122.28416319919694,37.87537312110927],[-122.28415823420325,37.87541449623107],[-122.28417004830202,37.875565124997536],[-122.28417008274495,37.875568366796486],[-122.28416967884817,37.87557159286343],[-122.28416884126055,37.875574766065675],[-122.28416757962285,37.8755778498791],[-122.2841659084567,37.87558080880838],[-122.28413090847458,37.87563480881852],[-122.28412925809954,37.875637102630144],[-122.28412736138529,37.875639273474015],[-122.28412523281615,37.87564130477247],[-122.28412288864689,37.875643181013494],[-122.28409288864538,37.87566518101999],[-122.28408987408967,37.875667173494755],[-122.28408661704738,37.87566890970824],[-122.28408315204621,37.87567037125497],[-122.2840795158183,37.875671542641214],[-122.28398151578472,37.87569854265115],[-122.28397721857594,37.875699507035876],[-122.28345721837742,37.875790507069745]]},"properties":{"id":"1027L","street":"LINCOLN ST","side":"L","pavement_ft":22,"width_ft":13.5,"width_source":"gis","path_ft":6,"depth_ft":3.0,"zone":"R-1","district":"Multi-Unit 1","cat":"res","zone_dist_m":5.4,"campable_zone":false,"count":0,"placement":null}},{"type":"Feature","geometry":{"type":"LineString","coordinates":[[-122.2848655838899,37.87517321344184],[-122.28420058415105,37.875263213408665],[-122.2841965283367,37.87526394477609],[-122.28419259718686,37.875265022044395],[-122.28418883750159,37.87526643238875],[-122.28418529403977,37.875268159019114],[-122.28413429404898,37.87529615900993],[-122.28413150747177,37.87529784426111],[-122.28412892794252,37.87529972525981],[-122.2841265772673,37.87530178610495],[-122.28412447531761,37.87530400937517],[-122.28412263986233,37.875306376276015],[-122.28409263984915,37.87534937626747],[-122.28409092602551,37.87535216098207],[-122.28408958095932,37.875355070168695],[-122.28408861879224,37.87535807324103],[-122.28408804964022,37.87536113862565],[-122.28408204961488,37.87541113862348],[-122.2840818834271,37.875413505283234],[-122.28408195177478,37.875415874987084],[-122.28409330126254,37.87556058192073],[-122.28406616864143,37.875602443648056],[-122.28404695919058,37.875616530575435],[-122.28395859713271,37.87564087522084],[-122.28344078162894,37.875731492929596]]},"properties":{"id":"1027R","street":"LINCOLN ST","side":"R","pavement_ft":22,"width_ft":14.8,"width_source":"gis","path_ft":10,"depth_ft":0.3,"zone":"R-1","district":"Multi-Unit 1","cat":"res","zone_dist_m":0.1,"campable_zone":false,"count":0,"placement":null}},{"type":"Feature","geometry":{"type":"LineString","coordinates":[[-122.28210610453984,37.878082575568335],[-122.28169210427484,37.878156575614646]]},"properties":{"id":"1031L","street":"BUENA AVE","side":"L","pavement_ft":37,"width_ft":9.4,"width_source":"gis","path_ft":6,"depth_ft":-1.1,"zone":"R-1","district":"Multi-Unit 1","cat":"res","zone_dist_m":3.9,"campable_zone":false,"count":0,"placement":null}},{"type":"Feature","geometry":{"type":"LineString","coordinates":[[-122.28207789547858,37.87798342442976],[-122.28166389574358,37.87805742438342]]},"properties":{"id":"1031R","street":"BUENA AVE","side":"R","pavement_ft":37,"width_ft":13.0,"width_source":"gis","path_ft":6,"depth_ft":2.5,"zone":"R-1","district":"Multi-Unit 1","cat":"res","zone_dist_m":3.9,"campable_zone":false,"count":0,"placement":null}},{"type":"Feature","geometry":{"type":"LineString","coordinates":[[-122.30151336135732,37.8762378216168],[-122.30095836107766,37.87635482167628]]},"properties":{"id":"1045L","street":"PAGE ST","side":"L","pavement_ft":30,"width_ft":12.4,"width_source":"gis","path_ft":6,"depth_ft":1.9,"zone":"MUR","district":"Mixed Use-Residential","cat":"mixres","zone_dist_m":5.6,"campable_zone":true,"count":0,"placement":null}},{"type":"Feature","geometry":{"type":"LineString","coordinates":[[-122.30148663865678,37.87615817838153],[-122.3009316389364,37.876275178322075]]},"properties":{"id":"1045R","street":"PAGE ST","side":"R","pavement_ft":30,"width_ft":17.8,"width_source":"gis","path_ft":10,"depth_ft":3.3,"zone":"MUR","district":"Mixed Use-Residential","cat":"mixres","zone_dist_m":5.6,"campable_zone":true,"count":0,"placement":null}},{"type":"Feature","geometry":{"type":"LineString","coordinates":[[-122.30095837128354,37.87635481952391],[-122.30037537098985,37.87647781958644]]},"properties":{"id":"1046L","street":"PAGE ST","side":"L","pavement_ft":30,"width_ft":14.6,"width_source":"gis","path_ft":10,"depth_ft":0.1,"zone":"MUR","district":"Mixed Use-Residential","cat":"mixres","zone_dist_m":6.1,"campable_zone":true,"count":0,"placement":null}},{"type":"Feature","geometry":{"type":"LineString","coordinates":[[-122.30093162873051,37.87627518047443],[-122.30034862902423,37.87639818041194]]},"properties":{"id":"1046R","street":"PAGE ST","side":"R","pavement_ft":30,"width_ft":16.8,"width_source":"gis","path_ft":10,"depth_ft":2.3,"zone":"MUR","district":"Mixed Use-Residential","cat":"mixres","zone_dist_m":5.5,"campable_zone":true,"count":0,"placement":null}},{"type":"Feature","geometry":{"type":"LineString","coordinates":[[-122.2854209654084,37.87988658401433],[-122.28480896523342,37.88021358417673]]},"properties":{"id":"1048L","street":"HOPKINS ST","side":"L","pavement_ft":33,"width_ft":10.3,"width_source":"gis","path_ft":6,"depth_ft":-0.2,"zone":"R-2A","district":"Multi-Unit 2A","cat":"res","zone_dist_m":5.9,"campable_zone":false,"count":0,"placement":null}},{"type":"Feature","geometry":{"type":"LineString","coordinates":[[-122.28535703462389,37.879811415977066],[-122.28474503479892,37.880138415814685]]},"properties":{"id":"1048R","street":"HOPKINS ST","side":"R","pavement_ft":33,"width_ft":22.6,"width_source":"gis","path_ft":10,"depth_ft":8.1,"zone":"R-2","district":"Multi-Unit 2","cat":"res","zone_dist_m":6.9,"campable_zone":false,"count":0,"placement":null}},{"type":"Feature","geometry":{"type":"LineString","coordinates":[[-122.29221455561981,37.87809096052259],[-122.2921815556874,37.87798596050928]]},"properties":{"id":"1049L","street":"CORNELL AVE","side":"L","pavement_ft":30,"width_ft":29.8,"width_source":"gis","path_ft":10,"depth_ft":15.3,"zone":"R-2","district":"Multi-Unit 2","cat":"res","zone_dist_m":8.6,"campable_zone":false,"count":0,"placement":null}},{"type":"Feature","geometry":{"type":"LineString","coordinates":[[-122.29231544436695,37.878071039455655],[-122.2922824442993,37.87796603946893]]},"properties":{"id":"1049R","street":"CORNELL AVE","side":"R","pavement_ft":30,"width_ft":22.3,"width_source":"gis","path_ft":10,"depth_ft":7.8,"zone":"R-2","district":"Multi-Unit 2","cat":"res","zone_dist_m":6.5,"campable_zone":false,"count":0,"placement":null}},{"type":"Feature","geometry":{"type":"LineString","coordinates":[[-122.28429911459435,37.87714032993149],[-122.2836489738508,37.87720701106746],[-122.28362239256627,37.87722694703316]]},"properties":{"id":"1050L","street":"KEONCREST DR","side":"L","pavement_ft":23,"width_ft":6.8,"width_source":"gis","path_ft":6,"depth_ft":-3.7,"zone":"R-1","district":"Multi-Unit 1","cat":"res","zone_dist_m":4.8,"campable_zone":false,"count":0,"placement":null}},{"type":"Feature","geometry":{"type":"LineString","coordinates":[[-122.2842888854098,37.87707767006817],[-122.28362588568686,37.8771456700425],[-122.2836217771596,37.87714626634635],[-122.2836177699264,37.877147200196916],[-122.28361390799853,37.877148461337754],[-122.28361023379144,37.87715003591781],[-122.28360678765878,37.877151906643526],[-122.28360360744931,37.87715405296881],[-122.28356760745076,37.87718105296053]]},"properties":{"id":"1050R","street":"KEONCREST DR","side":"R","pavement_ft":23,"width_ft":10.7,"width_source":"gis","path_ft":6,"depth_ft":0.2,"zone":"R-1","district":"Multi-Unit 1","cat":"res","zone_dist_m":3.9,"campable_zone":false,"count":0,"placement":null}},{"type":"Feature","geometry":{"type":"LineString","coordinates":[[-122.28506880159487,37.87737419209898],[-122.28502480186468,37.87701019208133]]},"properties":{"id":"1051L","street":"ACTON ST","side":"L","pavement_ft":32,"width_ft":16.1,"width_source":"gis","path_ft":10,"depth_ft":1.6,"zone":"R-1","district":"Multi-Unit 1","cat":"res","zone_dist_m":5.3,"campable_zone":false,"count":0,"placement":null}},{"type":"Feature","geometry":{"type":"LineString","coordinates":[[-122.2851791983993,37.87736580787505],[-122.28513519812945,37.877001807892725]]},"properties":{"id":"1051R","street":"ACTON ST","side":"R","pavement_ft":32,"width_ft":13.1,"width_source":"gis","path_ft":6,"depth_ft":2.6,"zone":"R-1","district":"Multi-Unit 1","cat":"res","zone_dist_m":6.3,"campable_zone":false,"count":0,"placement":null}},{"type":"Feature","geometry":{"type":"LineString","coordinates":[[-122.29005860858337,37.876750856962616],[-122.28910360796539,37.876868857033415]]},"properties":{"id":"1053L","street":"ROSE ST","side":"L","pavement_ft":36,"width_ft":7.5,"width_source":"gis","path_ft":6,"depth_ft":-3.0,"zone":"R-2","district":"Multi-Unit 2","cat":"res","zone_dist_m":3.7,"campable_zone":false,"count":0,"placement":null}},{"type":"Feature","geometry":{"type":"LineString","coordinates":[[-122.2900393914288,37.87665314303633],[-122.28908439204682,37.87677114296554]]},"properties":{"id":"1053R","street":"ROSE ST","side":"R","pavement_ft":36,"width_ft":12.1,"width_source":"gis","path_ft":6,"depth_ft":1.6,"zone":"R-2","district":"Multi-Unit 2","cat":"res","zone_dist_m":4.1,"campable_zone":false,"count":0,"placement":null}},{"type":"Feature","geometry":{"type":"LineString","coordinates":[[-122.29925642016599,37.86914764482255],[-122.298111419309,37.86937364499103]]},"properties":{"id":"1064L","street":"HEARST AVE","side":"L","pavement_ft":44,"width_ft":6.8,"width_source":"gis","path_ft":6,"depth_ft":-3.7,"zone":"MUR","district":"Mixed Use-Residential","cat":"mixres","zone_dist_m":4.4,"campable_zone":true,"count":0,"placement":null}},{"type":"Feature","geometry":{"type":"LineString","coordinates":[[-122.29921957986257,37.86903035517429],[-122.29807458071951,37.869256355005795]]},"properties":{"id":"1064R","street":"HEARST AVE","side":"R","pavement_ft":44,"width_ft":9.9,"width_source":"gis","path_ft":6,"depth_ft":-0.6,"zone":"MUR","district":"Mixed Use-Residential","cat":"mixres","zone_dist_m":3.2,"campable_zone":true,"count":0,"placement":null}},{"type":"Feature","geometry":{"type":"LineString","coordinates":[[-122.29061615792341,37.87570917868451],[-122.28975915735462,37.87581817875186]]},"properties":{"id":"1075L","street":"CEDAR ST","side":"L","pavement_ft":37,"width_ft":9.6,"width_source":"gis","path_ft":6,"depth_ft":-0.9,"zone":"R-2","district":"Multi-Unit 2","cat":"res","zone_dist_m":4.4,"campable_zone":false,"count":0,"placement":null}},{"type":"Feature","geometry":{"type":"LineString","coordinates":[[-122.29059584208986,37.87560882131434],[-122.28973884265864,37.875717821246965]]},"properties":{"id":"1075R","street":"CEDAR ST","side":"R","pavement_ft":37,"width_ft":13.0,"width_source":"gis","path_ft":6,"depth_ft":2.5,"zone":"R-2","district":"Multi-Unit 2","cat":"res","zone_dist_m":4.3,"campable_zone":false,"count":0,"placement":null}},{"type":"Feature","geometry":{"type":"LineString","coordinates":[[-122.28480810438194,37.874610794022345],[-122.2833401034356,37.87480179413726]]},"properties":{"id":"1080L","street":"VIRGINIA ST","side":"L","pavement_ft":36,"width_ft":12.6,"width_source":"gis","path_ft":6,"depth_ft":2.1,"zone":"R-1","district":"Multi-Unit 1","cat":"res","zone_dist_m":4.3,"campable_zone":false,"count":0,"placement":null}},{"type":"Feature","geometry":{"type":"LineString","coordinates":[[-122.28478789563087,37.87451320597651],[-122.28331989657724,37.87470420586161]]},"properties":{"id":"1080R","street":"VIRGINIA ST","side":"R","pavement_ft":36,"width_ft":13.2,"width_source":"gis","path_ft":6,"depth_ft":2.7,"zone":"R-BMU","district":"Residential BART Mixed Use","cat":"mixres","zone_dist_m":3.8,"campable_zone":true,"count":0,"placement":null}},{"type":"Feature","geometry":{"type":"LineString","coordinates":[[-122.29352969512148,37.8765693912149],[-122.29321769572731,37.87562039108923]]},"properties":{"id":"1081L","street":"KAINS AVE","side":"L","pavement_ft":30,"width_ft":9.2,"width_source":"gis","path_ft":6,"depth_ft":-1.3,"zone":"R-2","district":"Multi-Unit 2","cat":"res","zone_dist_m":2.8,"campable_zone":false,"count":0,"placement":null}},{"type":"Feature","geometry":{"type":"LineString","coordinates":[[-122.29363030486472,37.87654860876345],[-122.29331830425888,37.875599608889104]]},"properties":{"id":"1081R","street":"KAINS AVE","side":"R","pavement_ft":30,"width_ft":10.4,"width_source":"gis","path_ft":6,"depth_ft":-0.1,"zone":"R-2","district":"Multi-Unit 2","cat":"res","zone_dist_m":3.9,"campable_zone":false,"count":0,"placement":null}},{"type":"Feature","geometry":{"type":"LineString","coordinates":[[-122.29484511672422,37.87002497309504],[-122.29373911604725,37.87024397322858]]},"properties":{"id":"1082L","street":"HEARST AVE","side":"L","pavement_ft":36,"width_ft":10.7,"width_source":"gis","path_ft":6,"depth_ft":0.2,"zone":"R-2","district":"Multi-Unit 2","cat":"res","zone_dist_m":5.4,"campable_zone":false,"count":0,"placement":null}},{"type":"Feature","geometry":{"type":"LineString","coordinates":[[-122.29481488329498,37.86992902690283],[-122.29370888397187,37.870148026769286]]},"properties":{"id":"1082R","street":"HEARST AVE","side":"R","pavement_ft":36,"width_ft":13.6,"width_source":"gis","path_ft":6,"depth_ft":3.1,"zone":"R-2","district":"Multi-Unit 2","cat":"res","zone_dist_m":4.5,"campable_zone":false,"count":0,"placement":null}},{"type":"Feature","geometry":{"type":"LineString","coordinates":[[-122.30137869375099,37.87748863868509],[-122.30153569405388,37.87789863860944]]},"properties":{"id":"1083L","street":"UNNAMED ALLEY","side":"L","pavement_ft":36,"width_ft":11.7,"width_source":"default","path_ft":6,"depth_ft":1.2,"zone":"MULI","district":"Mixed Use-Light Industrial","cat":"man","zone_dist_m":0.0,"campable_zone":true,"count":0,"placement":null}},{"type":"Feature","geometry":{"type":"LineString","coordinates":[[-122.30125930622627,37.87751736128436],[-122.30141630592331,37.87792736136002]]},"properties":{"id":"1083R","street":"UNNAMED ALLEY","side":"R","pavement_ft":36,"width_ft":13.4,"width_source":"default","path_ft":6,"depth_ft":2.9,"zone":"MULI","district":"Mixed Use-Light Industrial","cat":"man","zone_dist_m":0.0,"campable_zone":true,"count":0,"placement":null}},{"type":"Feature","geometry":{"type":"LineString","coordinates":[[-122.30403904416895,37.876918044040686],[-122.30520204351727,37.876686044170484]]},"properties":{"id":"1084L","street":"CAMELIA ST","side":"L","pavement_ft":33,"width_ft":15.4,"width_source":"gis","path_ft":10,"depth_ft":0.9,"zone":"MRD","district":"Manufacturing Research District","cat":"man","zone_dist_m":3.4,"campable_zone":true,"count":0,"placement":null}},{"type":"Feature","geometry":{"type":"LineString","coordinates":[[-122.30406695584726,37.8770059559575],[-122.30522995649896,37.876773955827694]]},"properties":{"id":"1084R","street":"CAMELIA ST","side":"R","pavement_ft":33,"width_ft":11.8,"width_source":"gis","path_ft":6,"depth_ft":1.3,"zone":"MRD","district":"Manufacturing Research District","cat":"man","zone_dist_m":5.1,"campable_zone":true,"count":0,"placement":null}},{"type":"Feature","geometry":{"type":"LineString","coordinates":[[-122.2911269554086,37.87681044322336],[-122.29050495519633,37.87714544342455]]},"properties":{"id":"1116L","street":"HOPKINS ST","side":"L","pavement_ft":40,"width_ft":12.3,"width_source":"gis","path_ft":6,"depth_ft":1.8,"zone":"R-2","district":"Multi-Unit 2","cat":"res","zone_dist_m":5.4,"campable_zone":false,"count":0,"placement":null}},{"type":"Feature","geometry":{"type":"LineString","coordinates":[[-122.29104904463904,37.87671955676385],[-122.29042704485127,37.877054556562655]]},"properties":{"id":"1116R","street":"HOPKINS ST","side":"R","pavement_ft":40,"width_ft":13.4,"width_source":"gis","path_ft":6,"depth_ft":2.9,"zone":"R-2","district":"Multi-Unit 2","cat":"res","zone_dist_m":5.7,"campable_zone":false,"count":0,"placement":null}},{"type":"Feature","geometry":{"type":"LineString","coordinates":[[-122.30519087288768,37.87297453672109],[-122.30552287205934,37.87415853686376]]},"properties":{"id":"1120R","street":"EASTSHORE HWY","side":"R","pavement_ft":32,"width_ft":9.0,"width_source":"gis","path_ft":6,"depth_ft":-1.5,"zone":"M","district":"Manufacturing","cat":"man","zone_dist_m":2.6,"campable_zone":true,"count":0,"placement":null}},{"type":"Feature","geometry":{"type":"LineString","coordinates":[[-122.29239299209402,37.88121999800347],[-122.29154699157517,37.88138599810473]]},"properties":{"id":"1126L","street":"GILMAN ST","side":"L","pavement_ft":36,"width_ft":9.1,"width_source":"gis","path_ft":6,"depth_ft":-1.4,"zone":"R-2","district":"Multi-Unit 2","cat":"res","zone_dist_m":4.6,"campable_zone":false,"count":0,"placement":null}},{"type":"Feature","geometry":{"type":"LineString","coordinates":[[-122.29236300792496,37.881124001994415],[-122.29151700844383,37.88129000189317]]},"properties":{"id":"1126R","street":"GILMAN ST","side":"R","pavement_ft":36,"width_ft":16.2,"width_source":"gis","path_ft":10,"depth_ft":1.7,"zone":"R-2","district":"Multi-Unit 2","cat":"res","zone_dist_m":4.6,"campable_zone":false,"count":0,"placement":null}},{"type":"Feature","geometry":{"type":"LineString","coordinates":[[-122.28706768302771,37.8825194056351],[-122.28772668438732,37.88088840603207]]},"properties":{"id":"1128L","street":"PERALTA AVE","side":"L","pavement_ft":42,"width_ft":15.6,"width_source":"gis","path_ft":10,"depth_ft":1.1,"zone":"R-2","district":"Multi-Unit 2","cat":"res","zone_dist_m":5.8,"campable_zone":false,"count":0,"placement":null}},{"type":"Feature","geometry":{"type":"LineString","coordinates":[[-122.28720631700588,37.88255459432436],[-122.28786531564627,37.88092359392739]]},"properties":{"id":"1128R","street":"PERALTA AVE","side":"R","pavement_ft":42,"width_ft":13.5,"width_source":"gis","path_ft":6,"depth_ft":3.0,"zone":"R-2","district":"Multi-Unit 2","cat":"res","zone_dist_m":4.2,"campable_zone":false,"count":0,"placement":null}},{"type":"Feature","geometry":{"type":"LineString","coordinates":[[-122.29921365920585,37.8798608635772],[-122.29809665829852,37.88008786376187]]},"properties":{"id":"1129L","street":"GILMAN ST","side":"L","pavement_ft":48,"width_ft":13.7,"width_source":"gis","path_ft":6,"depth_ft":3.2,"zone":"MULI","district":"Mixed Use-Light Industrial","cat":"man","zone_dist_m":5.8,"campable_zone":true,"count":0,"placement":null}},{"type":"Feature","geometry":{"type":"LineString","coordinates":[[-122.29917234082903,37.87973313641884],[-122.29805534173637,37.87996013623417]]},"properties":{"id":"1129R","street":"GILMAN ST","side":"R","pavement_ft":48,"width_ft":18.1,"width_source":"gis","path_ft":10,"depth_ft":3.6,"zone":"MULI","district":"Mixed Use-Light Industrial","cat":"man","zone_dist_m":5.7,"campable_zone":true,"count":0,"placement":null}},{"type":"Feature","geometry":{"type":"LineString","coordinates":[[-122.28731291735755,37.86878681809141],[-122.2861849166295,37.86893081817794]]},"properties":{"id":"1130L","street":"ADDISON ST","side":"L","pavement_ft":36,"width_ft":12.0,"width_source":"gis","path_ft":6,"depth_ft":1.5,"zone":"R-2A","district":"Multi-Unit 2A","cat":"res","zone_dist_m":5.0,"campable_zone":false,"count":0,"placement":null}},{"type":"Feature","geometry":{"type":"LineString","coordinates":[[-122.28729308265501,37.86868918190748],[-122.28616508338305,37.86883318182093]]},"properties":{"id":"1130R","street":"ADDISON ST","side":"R","pavement_ft":36,"width_ft":13.0,"width_source":"gis","path_ft":6,"depth_ft":2.5,"zone":"R-2A","district":"Multi-Unit 2A","cat":"res","zone_dist_m":4.1,"campable_zone":false,"count":0,"placement":null}},{"type":"Feature","geometry":{"type":"LineString","coordinates":[[-122.29268662754363,37.87674618380815],[-122.29245462800587,37.87602518371471]]},"properties":{"id":"1132L","street":"STANNAGE AVE","side":"L","pavement_ft":30,"width_ft":9.6,"width_source":"gis","path_ft":6,"depth_ft":-0.9,"zone":"R-2","district":"Multi-Unit 2","cat":"res","zone_dist_m":2.5,"campable_zone":false,"count":0,"placement":null}},{"type":"Feature","geometry":{"type":"LineString","coordinates":[[-122.29278737244283,37.87672581617013],[-122.2925553719806,37.87600481626359]]},"properties":{"id":"1132R","street":"STANNAGE AVE","side":"R","pavement_ft":30,"width_ft":11.7,"width_source":"gis","path_ft":6,"depth_ft":1.2,"zone":"R-2","district":"Multi-Unit 2","cat":"res","zone_dist_m":4.0,"campable_zone":false,"count":0,"placement":null}},{"type":"Feature","geometry":{"type":"LineString","coordinates":[[-122.28350648233251,37.87296427187308],[-122.28224948130087,37.87313527200485]]},"properties":{"id":"1133L","street":"DELAWARE ST","side":"L","pavement_ft":46,"width_ft":15.6,"width_source":"gis","path_ft":10,"depth_ft":1.1,"zone":"R-BMU","district":"Residential BART Mixed Use","cat":"mixres","zone_dist_m":5.1,"campable_zone":true,"count":0,"placement":null}},{"type":"Feature","geometry":{"type":"LineString","coordinates":[[-122.28347951768936,37.872839728124944],[-122.282222518721,37.87301072799317]]},"properties":{"id":"1133R","street":"DELAWARE ST","side":"R","pavement_ft":46,"width_ft":18.1,"width_source":"gis","path_ft":10,"depth_ft":3.6,"zone":"R-2","district":"Multi-Unit 2","cat":"res","zone_dist_m":5.2,"campable_zone":false,"count":0,"placement":null}},{"type":"Feature","geometry":{"type":"LineString","coordinates":[[-122.2898261182889,37.87215410418152],[-122.28834911701695,37.87234110433136]]},"properties":{"id":"1134L","street":"DELAWARE ST","side":"L","pavement_ft":48,"width_ft":16.5,"width_source":"gis","path_ft":10,"depth_ft":2.0,"zone":"R-2","district":"Multi-Unit 2","cat":"res","zone_dist_m":5.8,"campable_zone":false,"count":0,"placement":null}},{"type":"Feature","geometry":{"type":"LineString","coordinates":[[-122.28979988173332,37.87202389581652],[-122.28832288300529,37.872210895666704]]},"properties":{"id":"1134R","street":"DELAWARE ST","side":"R","pavement_ft":48,"width_ft":16.9,"width_source":"gis","path_ft":10,"depth_ft":2.4,"zone":"R-2","district":"Multi-Unit 2","cat":"res","zone_dist_m":5.0,"campable_zone":false,"count":0,"placement":null}},{"type":"Feature","geometry":{"type":"LineString","coordinates":[[-122.29964593943221,37.874140224999955],[-122.29860393878005,37.87435222513287]]},"properties":{"id":"1141L","street":"CEDAR ST","side":"L","pavement_ft":37,"width_ft":10.0,"width_source":"gis","path_ft":6,"depth_ft":-0.5,"zone":"R-2","district":"Multi-Unit 2","cat":"res","zone_dist_m":4.7,"campable_zone":false,"count":0,"placement":null}},{"type":"Feature","geometry":{"type":"LineString","coordinates":[[-122.2996140605885,37.87404177499768],[-122.29857206124066,37.874253774864755]]},"properties":{"id":"1141R","street":"CEDAR ST","side":"R","pavement_ft":37,"width_ft":14.2,"width_source":"gis","path_ft":10,"depth_ft":-0.3,"zone":"R-2","district":"Multi-Unit 2","cat":"res","zone_dist_m":4.6,"campable_zone":false,"count":0,"placement":null}},{"type":"Feature","geometry":{"type":"LineString","coordinates":[[-122.28029749311952,37.876059978034554],[-122.28019849400293,37.87515397798327]]},"properties":{"id":"1149L","street":"CALIFORNIA ST","side":"L","pavement_ft":42,"width_ft":8.6,"width_source":"gis","path_ft":6,"depth_ft":-1.9,"zone":"R-2","district":"Multi-Unit 2","cat":"res","zone_dist_m":2.5,"campable_zone":false,"count":0,"placement":null}},{"type":"Feature","geometry":{"type":"LineString","coordinates":[[-122.28044250687145,37.87605002192068],[-122.28034350598804,37.87514402197195]]},"properties":{"id":"1149R","street":"CALIFORNIA ST","side":"R","pavement_ft":42,"width_ft":8.6,"width_source":"gis","path_ft":6,"depth_ft":-1.9,"zone":"R-2","district":"Multi-Unit 2","cat":"res","zone_dist_m":3.8,"campable_zone":false,"count":0,"placement":null}},{"type":"Feature","geometry":{"type":"LineString","coordinates":[[-122.28695240850598,37.877502797770454],[-122.28654740831132,37.87765279785824]]},"properties":{"id":"1161L","street":"ROSE ST","side":"L","pavement_ft":36,"width_ft":10.3,"width_source":"gis","path_ft":6,"depth_ft":-0.2,"zone":"R-1","district":"Multi-Unit 1","cat":"res","zone_dist_m":5.0,"campable_zone":false,"count":0,"placement":null}},{"type":"Feature","geometry":{"type":"LineString","coordinates":[[-122.28689959152564,37.87741320222362],[-122.2864945917203,37.87756320213583]]},"properties":{"id":"1161R","street":"ROSE ST","side":"R","pavement_ft":36,"width_ft":14.3,"width_source":"gis","path_ft":10,"depth_ft":-0.2,"zone":"R-1","district":"Multi-Unit 1","cat":"res","zone_dist_m":6.1,"campable_zone":false,"count":0,"placement":null}},{"type":"Feature","geometry":{"type":"LineString","coordinates":[[-122.29434260598968,37.87896787485413],[-122.29350760548174,37.879138874958436]]},"properties":{"id":"1162L","street":"CAMELIA ST","side":"L","pavement_ft":36,"width_ft":9.3,"width_source":"gis","path_ft":6,"depth_ft":-1.2,"zone":"R-2","district":"Multi-Unit 2","cat":"res","zone_dist_m":4.5,"campable_zone":false,"count":0,"placement":null}},{"type":"Feature","geometry":{"type":"LineString","coordinates":[[-122.29431139403003,37.8788721251436],[-122.29347639453799,37.879043125039324]]},"properties":{"id":"1162R","street":"CAMELIA ST","side":"R","pavement_ft":36,"width_ft":15.8,"width_source":"gis","path_ft":10,"depth_ft":1.3,"zone":"R-2","district":"Multi-Unit 2","cat":"res","zone_dist_m":4.8,"campable_zone":false,"count":0,"placement":null}},{"type":"Feature","geometry":{"type":"LineString","coordinates":[[-122.29350721202883,37.87913895445051],[-122.29266421151333,37.879306954552966]]},"properties":{"id":"1163L","street":"CAMELIA ST","side":"L","pavement_ft":36,"width_ft":10.1,"width_source":"gis","path_ft":6,"depth_ft":-0.4,"zone":"R-2","district":"Multi-Unit 2","cat":"res","zone_dist_m":4.5,"campable_zone":false,"count":0,"placement":null}},{"type":"Feature","geometry":{"type":"LineString","coordinates":[[-122.29347678799041,37.879043045547355],[-122.29263378850592,37.879211045444876]]},"properties":{"id":"1163R","street":"CAMELIA ST","side":"R","pavement_ft":36,"width_ft":13.8,"width_source":"gis","path_ft":6,"depth_ft":3.3,"zone":"R-2","district":"Multi-Unit 2","cat":"res","zone_dist_m":4.6,"campable_zone":false,"count":0,"placement":null}},{"type":"Feature","geometry":{"type":"LineString","coordinates":[[-122.3059224339004,37.875369909845915],[-122.30484043324084,37.87558890997959]]},"properties":{"id":"1167L","street":"PAGE ST","side":"L","pavement_ft":36,"width_ft":18.3,"width_source":"gis","path_ft":10,"depth_ft":3.8,"zone":"MRD","district":"Manufacturing Research District","cat":"man","zone_dist_m":9.5,"campable_zone":true,"count":0,"placement":null}},{"type":"Feature","geometry":{"type":"LineString","coordinates":[[-122.30589156611913,37.87527409015184],[-122.3048095667787,37.87549309001819]]},"properties":{"id":"1167R","street":"PAGE ST","side":"R","pavement_ft":36,"width_ft":15.3,"width_source":"gis","path_ft":10,"depth_ft":0.8,"zone":"M","district":"Manufacturing","cat":"man","zone_dist_m":3.7,"campable_zone":true,"count":0,"placement":null}},{"type":"Feature","geometry":{"type":"LineString","coordinates":[[-122.2930897679918,37.87032685473638],[-122.2929277683546,37.86984985465812]]},"properties":{"id":"1168L","street":"UNNAMED ALLEY","side":"L","pavement_ft":36,"width_ft":14.8,"width_source":"default","path_ft":10,"depth_ft":0.3,"zone":"C-W","district":"West Berkeley Commercial","cat":"com","zone_dist_m":0.0,"campable_zone":true,"count":0,"placement":null}},{"type":"Feature","geometry":{"type":"LineString","coordinates":[[-122.29321023198771,37.87030114523256],[-122.29304823162488,37.8698241453108]]},"properties":{"id":"1168R","street":"UNNAMED ALLEY","side":"R","pavement_ft":36,"width_ft":7.3,"width_source":"default","path_ft":6,"depth_ft":-3.2,"zone":"R-2","district":"Multi-Unit 2","cat":"res","zone_dist_m":0.0,"campable_zone":false,"count":0,"placement":null}},{"type":"Feature","geometry":{"type":"LineString","coordinates":[[-122.29921741242984,37.87826277911113],[-122.29912241266774,37.877955779065196]]},"properties":{"id":"1170L","street":"UNNAMED ALLEY","side":"L","pavement_ft":36,"width_ft":13.3,"width_source":"default","path_ft":6,"depth_ft":2.8,"zone":"MULI","district":"Mixed Use-Light Industrial","cat":"man","zone_dist_m":0.0,"campable_zone":true,"count":0,"placement":null}},{"type":"Feature","geometry":{"type":"LineString","coordinates":[[-122.29933858755132,37.87823922085746],[-122.29924358731343,37.87793222090342]]},"properties":{"id":"1170R","street":"UNNAMED ALLEY","side":"R","pavement_ft":36,"width_ft":8.7,"width_source":"default","path_ft":6,"depth_ft":-1.8,"zone":"MULI","district":"Mixed Use-Light Industrial","cat":"man","zone_dist_m":0.0,"campable_zone":true,"count":0,"placement":null}},{"type":"Feature","geometry":{"type":"LineString","coordinates":[[-122.30015047615947,37.87398497210236],[-122.29959547752105,37.87222197183395]]},"properties":{"id":"1171L","street":"UNNAMED ALLEY","side":"L","pavement_ft":36,"width_ft":12.6,"width_source":"default","path_ft":6,"depth_ft":2.1,"zone":"MUR","district":"Mixed Use-Residential","cat":"mixres","zone_dist_m":0.0,"campable_zone":true,"count":0,"placement":null}},{"type":"Feature","geometry":{"type":"LineString","coordinates":[[-122.30027152382138,37.873961027866294],[-122.29971652245979,37.872198028134704]]},"properties":{"id":"1171R","street":"UNNAMED ALLEY","side":"R","pavement_ft":36,"width_ft":10.6,"width_source":"default","path_ft":6,"depth_ft":0.1,"zone":"MUR","district":"Mixed Use-Residential","cat":"mixres","zone_dist_m":0.0,"campable_zone":true,"count":0,"placement":null}},{"type":"Feature","geometry":{"type":"LineString","coordinates":[[-122.29373965831903,37.87024386380504],[-122.29316565797019,37.87036186387695]]},"properties":{"id":"1172L","street":"HEARST AVE","side":"L","pavement_ft":36,"width_ft":9.9,"width_source":"gis","path_ft":6,"depth_ft":-0.6,"zone":"R-2","district":"Multi-Unit 2","cat":"res","zone_dist_m":5.5,"campable_zone":false,"count":0,"placement":null}},{"type":"Feature","geometry":{"type":"LineString","coordinates":[[-122.29370834170076,37.87014813619271],[-122.29313434204957,37.87026613612076]]},"properties":{"id":"1172R","street":"HEARST AVE","side":"R","pavement_ft":36,"width_ft":12.2,"width_source":"gis","path_ft":6,"depth_ft":1.7,"zone":"R-2","district":"Multi-Unit 2","cat":"res","zone_dist_m":3.9,"campable_zone":false,"count":0,"placement":null}},{"type":"Feature","geometry":{"type":"LineString","coordinates":[[-122.29582239048203,37.87304291847347],[-122.29471738980804,37.87326591860946]]},"properties":{"id":"1173L","street":"VIRGINIA ST","side":"L","pavement_ft":36,"width_ft":12.8,"width_source":"gis","path_ft":6,"depth_ft":2.3,"zone":"R-2","district":"Multi-Unit 2","cat":"res","zone_dist_m":4.1,"campable_zone":false,"count":0,"placement":null}},{"type":"Feature","geometry":{"type":"LineString","coordinates":[[-122.29579160953747,37.87294708152432],[-122.29468661021143,37.87317008138833]]},"properties":{"id":"1173R","street":"VIRGINIA ST","side":"R","pavement_ft":36,"width_ft":12.4,"width_source":"gis","path_ft":6,"depth_ft":1.9,"zone":"R-2","district":"Multi-Unit 2","cat":"res","zone_dist_m":4.0,"campable_zone":false,"count":0,"placement":null}},{"type":"Feature","geometry":{"type":"LineString","coordinates":[[-122.29752988848185,37.87833101820519],[-122.29641588779782,37.878548018337575]]},"properties":{"id":"1174L","street":"CAMELIA ST","side":"L","pavement_ft":36,"width_ft":9.4,"width_source":"gis","path_ft":6,"depth_ft":-1.1,"zone":"C-W","district":"West Berkeley Commercial","cat":"com","zone_dist_m":4.1,"campable_zone":true,"count":0,"placement":null}},{"type":"Feature","geometry":{"type":"LineString","coordinates":[[-122.297500111537,37.87823498179272],[-122.29638611222104,37.878451981660334]]},"properties":{"id":"1174R","street":"CAMELIA ST","side":"R","pavement_ft":36,"width_ft":15.1,"width_source":"gis","path_ft":10,"depth_ft":0.6,"zone":"R-2","district":"Multi-Unit 2","cat":"res","zone_dist_m":4.5,"campable_zone":false,"count":0,"placement":null}},{"type":"Feature","geometry":{"type":"LineString","coordinates":[[-122.28612095481364,37.87700366266724],[-122.28615195487399,37.876883662678],[-122.28615302958066,37.876880399767664],[-122.28615453696156,37.876877246252384],[-122.28615645983989,37.876874238066556],[-122.28622545986887,37.87677923808685],[-122.28622761258579,37.87677658915004],[-122.28623008750452,37.876774123371206],[-122.28623286000362,37.87677186528082],[-122.28623590250128,37.876769837343204],[-122.2863539024835,37.87669883736689],[-122.28635732205619,37.87669699337871],[-122.28661439938614,37.87657332363056],[-122.28665578925958,37.87652779479049],[-122.28666969404448,37.87649148790109],[-122.2866615173976,37.876406086884046],[-122.28660234995304,37.876219709119376]]},"properties":{"id":"1178L","street":"JUANITA WAY","side":"L","pavement_ft":23,"width_ft":9.0,"width_source":"gis","path_ft":6,"depth_ft":-1.5,"zone":"R-1","district":"Multi-Unit 1","cat":"res","zone_dist_m":3.4,"campable_zone":false,"count":0,"placement":null}},{"type":"Feature","geometry":{"type":"LineString","coordinates":[[-122.28619904519327,37.87701633731987],[-122.28622875326465,37.876901338107864],[-122.2862905182155,37.876816299355035],[-122.28640044818047,37.876750155037136],[-122.28666267802119,37.8766240065725],[-122.28666598335751,37.87662223104863],[-122.28666904797733,37.87662020228562],[-122.28667184112167,37.87661794064578],[-122.28667433475626,37.87661546882878],[-122.28672433474513,37.87656046881511],[-122.2867266950982,37.87655754645178],[-122.28672863686438,37.876554436524884],[-122.28673013661685,37.876551176554834],[-122.28674813659505,37.87650417654885],[-122.28674904385588,37.87650134145541],[-122.28674961643055,37.87649845200273],[-122.28674984941091,37.87649553295933],[-122.28674974079993,37.87649260934743],[-122.28674074074962,37.87639860934992],[-122.286740338757,37.87639593163489],[-122.2867396501322,37.876393290849315],[-122.28667965003909,37.87620429086783]]},"properties":{"id":"1178R","street":"JUANITA WAY","side":"R","pavement_ft":23,"width_ft":8.1,"width_source":"gis","path_ft":6,"depth_ft":-2.4,"zone":"R-1","district":"Multi-Unit 1","cat":"res","zone_dist_m":2.3,"campable_zone":false,"count":0,"placement":null}},{"type":"Feature","geometry":{"type":"LineString","coordinates":[[-122.28522831539055,37.87813783224958],[-122.2838643147329,37.878640832544136]]},"properties":{"id":"1179L","street":"ROSE ST","side":"L","pavement_ft":36,"width_ft":7.8,"width_source":"gis","path_ft":6,"depth_ft":-2.7,"zone":"R-1","district":"Multi-Unit 1","cat":"res","zone_dist_m":4.5,"campable_zone":false,"count":0,"placement":null}},{"type":"Feature","geometry":{"type":"LineString","coordinates":[[-122.28517568464105,37.87804816774452],[-122.28381168529867,37.87855116744994]]},"properties":{"id":"1179R","street":"ROSE ST","side":"R","pavement_ft":36,"width_ft":16.8,"width_source":"gis","path_ft":10,"depth_ft":2.3,"zone":"R-1","district":"Multi-Unit 1","cat":"res","zone_dist_m":6.6,"campable_zone":false,"count":0,"placement":null}},{"type":"Feature","geometry":{"type":"LineString","coordinates":[[-122.29966856389159,37.87224856725035],[-122.29907256359961,37.872370567310305]]},"properties":{"id":"1197L","street":"VIRGINIA ST","side":"L","pavement_ft":29,"width_ft":13.7,"width_source":"gis","path_ft":6,"depth_ft":3.2,"zone":"MUR","district":"Mixed Use-Residential","cat":"mixres","zone_dist_m":5.5,"campable_zone":true,"count":0,"placement":null}},{"type":"Feature","geometry":{"type":"LineString","coordinates":[[-122.29964343612119,37.872171432748175],[-122.29904743641319,37.872293432688245]]},"properties":{"id":"1197R","street":"VIRGINIA ST","side":"R","pavement_ft":29,"width_ft":16.9,"width_source":"gis","path_ft":10,"depth_ft":2.4,"zone":"MUR","district":"Mixed Use-Residential","cat":"mixres","zone_dist_m":5.2,"campable_zone":true,"count":0,"placement":null}},{"type":"Feature","geometry":{"type":"LineString","coordinates":[[-122.29692751991207,37.87281789223527],[-122.29582251923931,37.87304289237248]]},"properties":{"id":"1199L","street":"VIRGINIA ST","side":"L","pavement_ft":36,"width_ft":9.9,"width_source":"gis","path_ft":6,"depth_ft":-0.6,"zone":"R-2","district":"Multi-Unit 2","cat":"res","zone_dist_m":4.1,"campable_zone":false,"count":0,"placement":null}},{"type":"Feature","geometry":{"type":"LineString","coordinates":[[-122.29689648010755,37.872722107762506],[-122.29579148078035,37.87294710762527]]},"properties":{"id":"1199R","street":"VIRGINIA ST","side":"R","pavement_ft":36,"width_ft":14.1,"width_source":"gis","path_ft":10,"depth_ft":-0.4,"zone":"R-2","district":"Multi-Unit 2","cat":"res","zone_dist_m":4.6,"campable_zone":false,"count":0,"placement":null}},{"type":"Feature","geometry":{"type":"LineString","coordinates":[[-122.2823590006309,37.88028310878859],[-122.28209600072152,37.879944108721084]]},"properties":{"id":"1203L","street":"MIRAMONTE CT","side":"L","pavement_ft":21,"width_ft":6.3,"width_source":"gis","path_ft":6,"depth_ft":-4.2,"zone":"R-1","district":"Multi-Unit 1","cat":"res","zone_dist_m":0.5,"campable_zone":false,"count":0,"placement":null}},{"type":"Feature","geometry":{"type":"LineString","coordinates":[[-122.28242099935652,37.88025289120308],[-122.28215799926593,37.879913891270554]]},"properties":{"id":"1203R","street":"MIRAMONTE CT","side":"R","pavement_ft":21,"width_ft":3.2,"width_source":"gis","path_ft":6,"depth_ft":-7.3,"zone":"R-1","district":"Multi-Unit 1","cat":"res","zone_dist_m":3.1,"campable_zone":false,"count":0,"placement":null}},{"type":"Feature","geometry":{"type":"LineString","coordinates":[[-122.30307097008847,37.880963002382764],[-122.3018969693683,37.881193002523155]]},"properties":{"id":"1211L","street":"HARRISON ST","side":"L","pavement_ft":36,"width_ft":9.1,"width_source":"gis","path_ft":6,"depth_ft":-1.4,"zone":"MULI","district":"Mixed Use-Light Industrial","cat":"man","zone_dist_m":4.7,"campable_zone":true,"count":0,"placement":null}},{"type":"Feature","geometry":{"type":"LineString","coordinates":[[-122.30304102993051,37.88086699761513],[-122.30186703065068,37.881096997474735]]},"properties":{"id":"1211R","street":"HARRISON ST","side":"R","pavement_ft":36,"width_ft":15.0,"width_source":"gis","path_ft":10,"depth_ft":0.5,"zone":"MULI","district":"Mixed Use-Light Industrial","cat":"man","zone_dist_m":4.9,"campable_zone":true,"count":0,"placement":null}},{"type":"Feature","geometry":{"type":"LineString","coordinates":[[-122.30478043970282,37.88056587309128],[-122.30450644038223,37.8796878729587]]},"properties":{"id":"1212L","street":"CEDARWOOD LN","side":"L","pavement_ft":36,"width_ft":7.8,"width_source":"gis","path_ft":6,"depth_ft":-2.7,"zone":"M","district":"Manufacturing","cat":"man","zone_dist_m":0.0,"campable_zone":true,"count":0,"placement":null}},{"type":"Feature","geometry":{"type":"LineString","coordinates":[[-122.30490156027818,37.88054212687734],[-122.30462755959883,37.879664127009924]]},"properties":{"id":"1212R","street":"CEDARWOOD LN","side":"R","pavement_ft":36,"width_ft":3.2,"width_source":"gis","path_ft":6,"depth_ft":-7.3,"zone":"M","district":"Manufacturing","cat":"man","zone_dist_m":0.0,"campable_zone":true,"count":0,"placement":null}},{"type":"Feature","geometry":{"type":"LineString","coordinates":[[-122.30485645868106,37.88060190499797],[-122.30412145823306,37.88075090508893]]},"properties":{"id":"1213L","street":"HARRISON ST","side":"L","pavement_ft":36,"width_ft":9.4,"width_source":"gis","path_ft":6,"depth_ft":-1.1,"zone":"MULI","district":"Mixed Use-Light Industrial","cat":"man","zone_dist_m":4.5,"campable_zone":true,"count":0,"placement":null}},{"type":"Feature","geometry":{"type":"LineString","coordinates":[[-122.30482554133854,37.880506094999795],[-122.30409054178651,37.88065509490885]]},"properties":{"id":"1213R","street":"HARRISON ST","side":"R","pavement_ft":36,"width_ft":9.1,"width_source":"gis","path_ft":6,"depth_ft":-1.4,"zone":"M","district":"Manufacturing","cat":"man","zone_dist_m":3.1,"campable_zone":true,"count":0,"placement":null}},{"type":"Feature","geometry":{"type":"LineString","coordinates":[[-122.29919860597079,37.87799187485696],[-122.2986566056411,37.87810287492468]]},"properties":{"id":"1217L","street":"CAMELIA ST","side":"L","pavement_ft":36,"width_ft":8.6,"width_source":"gis","path_ft":6,"depth_ft":-1.9,"zone":"MULI","district":"Mixed Use-Light Industrial","cat":"man","zone_dist_m":4.3,"campable_zone":true,"count":0,"placement":null}},{"type":"Feature","geometry":{"type":"LineString","coordinates":[[-122.29916739404896,37.877896125140786],[-122.29862539437863,37.878007125073076]]},"properties":{"id":"1217R","street":"CAMELIA ST","side":"R","pavement_ft":36,"width_ft":15.9,"width_source":"gis","path_ft":10,"depth_ft":1.4,"zone":"R-2","district":"Multi-Unit 2","cat":"res","zone_dist_m":4.9,"campable_zone":false,"count":0,"placement":null}},{"type":"Feature","geometry":{"type":"LineString","coordinates":[[-122.29639431942707,37.87479814670435],[-122.29528231873452,37.875030146849745]]},"properties":{"id":"1218L","street":"CEDAR ST","side":"L","pavement_ft":37,"width_ft":9.9,"width_source":"gis","path_ft":6,"depth_ft":-0.6,"zone":"R-2","district":"Multi-Unit 2","cat":"res","zone_dist_m":4.6,"campable_zone":false,"count":0,"placement":null}},{"type":"Feature","geometry":{"type":"LineString","coordinates":[[-122.29636168059416,37.874699853293194],[-122.29524968128669,37.874931853147785]]},"properties":{"id":"1218R","street":"CEDAR ST","side":"R","pavement_ft":37,"width_ft":14.0,"width_source":"gis","path_ft":6,"depth_ft":3.5,"zone":"R-2","district":"Multi-Unit 2","cat":"res","zone_dist_m":4.3,"campable_zone":false,"count":0,"placement":null}},{"type":"Feature","geometry":{"type":"LineString","coordinates":[[-122.28056789437264,37.87759061575731],[-122.28033676766886,37.87767814886458],[-122.28003435095448,37.877836275277375],[-122.2800312275437,37.8778378058012],[-122.27981522745866,37.877936805856926]]},"properties":{"id":"1222L","street":"JAYNES ST","side":"L","pavement_ft":36,"width_ft":9.4,"width_source":"gis","path_ft":6,"depth_ft":-1.1,"zone":"R-1","district":"Multi-Unit 1","cat":"res","zone_dist_m":4.6,"campable_zone":false,"count":0,"placement":null}},{"type":"Feature","geometry":{"type":"LineString","coordinates":[[-122.2805141056595,37.87750138423655],[-122.2802791057706,37.87759038418462],[-122.2802716489843,37.87759372479991],[-122.27996718236041,37.877752923003314],[-122.27975277257728,37.87785119413485]]},"properties":{"id":"1222R","street":"JAYNES ST","side":"R","pavement_ft":36,"width_ft":11.2,"width_source":"gis","path_ft":6,"depth_ft":0.7,"zone":"R-2","district":"Multi-Unit 2","cat":"res","zone_dist_m":3.1,"campable_zone":false,"count":0,"placement":null}},{"type":"Feature","geometry":{"type":"LineString","coordinates":[[-122.28153673503483,37.8768746204786],[-122.28048173431216,37.876999620557456]]},"properties":{"id":"1223L","street":"CEDAR ST","side":"L","pavement_ft":38,"width_ft":7.7,"width_source":"gis","path_ft":6,"depth_ft":-2.8,"zone":"R-1","district":"Multi-Unit 1","cat":"res","zone_dist_m":3.7,"campable_zone":false,"count":0,"placement":null}},{"type":"Feature","geometry":{"type":"LineString","coordinates":[[-122.28151726497822,37.87677137952028],[-122.28046226570086,37.87689637944143]]},"properties":{"id":"1223R","street":"CEDAR ST","side":"R","pavement_ft":38,"width_ft":13.9,"width_source":"gis","path_ft":6,"depth_ft":3.4,"zone":"R-2","district":"Multi-Unit 2","cat":"res","zone_dist_m":4.6,"campable_zone":false,"count":0,"placement":null}},{"type":"Feature","geometry":{"type":"LineString","coordinates":[[-122.29641685839543,37.878547822715305],[-122.29586485806081,37.87866282278542]]},"properties":{"id":"1225L","street":"CAMELIA ST","side":"L","pavement_ft":36,"width_ft":10.9,"width_source":"gis","path_ft":6,"depth_ft":0.4,"zone":"C-W","district":"West Berkeley Commercial","cat":"com","zone_dist_m":4.8,"campable_zone":true,"count":0,"placement":null}},{"type":"Feature","geometry":{"type":"LineString","coordinates":[[-122.29638514162461,37.878452177282384],[-122.29583314195924,37.87856717721224]]},"properties":{"id":"1225R","street":"CAMELIA ST","side":"R","pavement_ft":36,"width_ft":14.2,"width_source":"gis","path_ft":10,"depth_ft":-0.3,"zone":"R-2","district":"Multi-Unit 2","cat":"res","zone_dist_m":4.7,"campable_zone":false,"count":0,"placement":null}},{"type":"Feature","geometry":{"type":"LineString","coordinates":[[-122.30354747731118,37.878990096481104],[-122.30332747713042,37.879032096515296]]},"properties":{"id":"1226L","street":"GILMAN ST","side":"L","pavement_ft":48,"width_ft":13.1,"width_source":"gis","path_ft":6,"depth_ft":2.6,"zone":"MULI","district":"Mixed Use-Light Industrial","cat":"man","zone_dist_m":5.9,"campable_zone":true,"count":0,"placement":null}},{"type":"Feature","geometry":{"type":"LineString","coordinates":[[-122.30350852272177,37.8788619035153],[-122.3032885229025,37.87890390348113]]},"properties":{"id":"1226R","street":"GILMAN ST","side":"R","pavement_ft":48,"width_ft":21.0,"width_source":"gis","path_ft":10,"depth_ft":6.5,"zone":"M","district":"Manufacturing","cat":"man","zone_dist_m":4.6,"campable_zone":true,"count":1,"placement":"curb"}},{"type":"Feature","geometry":{"type":"LineString","coordinates":[[-122.3033273704575,37.87903211682104],[-122.30248436976422,37.87919211695124]]},"properties":{"id":"1227L","street":"GILMAN ST","side":"L","pavement_ft":48,"width_ft":13.6,"width_source":"gis","path_ft":6,"depth_ft":3.1,"zone":"MULI","district":"Mixed Use-Light Industrial","cat":"man","zone_dist_m":5.5,"campable_zone":true,"count":0,"placement":null}},{"type":"Feature","geometry":{"type":"LineString","coordinates":[[-122.30328862957528,37.87890388317542],[-122.30244563026854,37.879063883045205]]},"properties":{"id":"1227R","street":"GILMAN ST","side":"R","pavement_ft":48,"width_ft":19.8,"width_source":"gis","path_ft":10,"depth_ft":5.3,"zone":"M","district":"Manufacturing","cat":"man","zone_dist_m":4.2,"campable_zone":true,"count":14,"placement":"curb"}},{"type":"Feature","geometry":{"type":"LineString","coordinates":[[-122.30051946653289,37.87515994455184],[-122.30015046744082,37.87398494437336]]},"properties":{"id":"1228L","street":"UNNAMED ALLEY","side":"L","pavement_ft":36,"width_ft":16.3,"width_source":"default","path_ft":10,"depth_ft":1.8,"zone":"MUR","district":"Mixed Use-Residential","cat":"mixres","zone_dist_m":0.0,"campable_zone":true,"count":0,"placement":null}},{"type":"Feature","geometry":{"type":"LineString","coordinates":[[-122.30064053344803,37.87513605541683],[-122.3002715325401,37.87396105559529]]},"properties":{"id":"1228R","street":"UNNAMED ALLEY","side":"R","pavement_ft":36,"width_ft":6.5,"width_source":"default","path_ft":6,"depth_ft":-4.0,"zone":"MUR","district":"Mixed Use-Residential","cat":"mixres","zone_dist_m":0.0,"campable_zone":true,"count":0,"placement":null}},{"type":"Feature","geometry":{"type":"LineString","coordinates":[[-122.30190658778348,37.87743387857828],[-122.30133458743548,37.87755087864967]]},"properties":{"id":"1231L","street":"CAMELIA ST","side":"L","pavement_ft":36,"width_ft":8.6,"width_source":"gis","path_ft":6,"depth_ft":-1.9,"zone":"MULI","district":"Mixed Use-Light Industrial","cat":"man","zone_dist_m":5.6,"campable_zone":true,"count":0,"placement":null}},{"type":"Feature","geometry":{"type":"LineString","coordinates":[[-122.30187541223623,37.87733812141945],[-122.30130341258423,37.877455121348056]]},"properties":{"id":"1231R","street":"CAMELIA ST","side":"R","pavement_ft":36,"width_ft":16.8,"width_source":"gis","path_ft":10,"depth_ft":2.3,"zone":"MUR","district":"Mixed Use-Residential","cat":"mixres","zone_dist_m":5.6,"campable_zone":true,"count":0,"placement":null}},{"type":"Feature","geometry":{"type":"LineString","coordinates":[[-122.28693670598787,37.8669987132721],[-122.28600270538891,37.867127713349966]]},"properties":{"id":"1253L","street":"ALLSTON WAY","side":"L","pavement_ft":36,"width_ft":10.5,"width_source":"gis","path_ft":6,"depth_ft":0.0,"zone":"R-2","district":"Multi-Unit 2","cat":"res","zone_dist_m":4.9,"campable_zone":false,"count":0,"placement":null}},{"type":"Feature","geometry":{"type":"LineString","coordinates":[[-122.28691529402568,37.86690128672667],[-122.28598129462469,37.86703028664879]]},"properties":{"id":"1253R","street":"ALLSTON WAY","side":"R","pavement_ft":36,"width_ft":13.8,"width_source":"gis","path_ft":6,"depth_ft":3.3,"zone":"R-2","district":"Multi-Unit 2","cat":"res","zone_dist_m":4.9,"campable_zone":false,"count":0,"placement":null}},{"type":"Feature","geometry":{"type":"LineString","coordinates":[[-122.29245461514725,37.87602514366893],[-122.29227261551168,37.87545714359562]]},"properties":{"id":"1254L","street":"STANNAGE AVE","side":"L","pavement_ft":30,"width_ft":10.1,"width_source":"gis","path_ft":6,"depth_ft":-0.4,"zone":"R-2","district":"Multi-Unit 2","cat":"res","zone_dist_m":3.0,"campable_zone":false,"count":0,"placement":null}},{"type":"Feature","geometry":{"type":"LineString","coordinates":[[-122.29255538483926,37.87600485630936],[-122.29237338447483,37.875436856382656]]},"properties":{"id":"1254R","street":"STANNAGE AVE","side":"R","pavement_ft":30,"width_ft":11.1,"width_source":"gis","path_ft":6,"depth_ft":0.6,"zone":"R-2","district":"Multi-Unit 2","cat":"res","zone_dist_m":4.3,"campable_zone":false,"count":0,"placement":null}},{"type":"Feature","geometry":{"type":"LineString","coordinates":[[-122.28654725251,37.87765285535493],[-122.2852282518728,37.87813785563907]]},"properties":{"id":"1255L","street":"ROSE ST","side":"L","pavement_ft":36,"width_ft":8.9,"width_source":"gis","path_ft":6,"depth_ft":-1.6,"zone":"R-1","district":"Multi-Unit 1","cat":"res","zone_dist_m":5.0,"campable_zone":false,"count":0,"placement":null}},{"type":"Feature","geometry":{"type":"LineString","coordinates":[[-122.28649474752147,37.8775631446392],[-122.28517574815874,37.87804814435505]]},"properties":{"id":"1255R","street":"ROSE ST","side":"R","pavement_ft":36,"width_ft":15.2,"width_source":"gis","path_ft":10,"depth_ft":0.7,"zone":"R-1","district":"Multi-Unit 1","cat":"res","zone_dist_m":7.1,"campable_zone":false,"count":0,"placement":null}},{"type":"Feature","geometry":{"type":"LineString","coordinates":[[-122.2844265417147,37.8715957865427],[-122.28431454226957,37.87088478649337]]},"properties":{"id":"1256L","street":"ACTON ST","side":"L","pavement_ft":34,"width_ft":10.6,"width_source":"gis","path_ft":6,"depth_ft":0.1,"zone":"R-2","district":"Multi-Unit 2","cat":"res","zone_dist_m":2.7,"campable_zone":false,"count":0,"placement":null}},{"type":"Feature","geometry":{"type":"LineString","coordinates":[[-122.28454345827663,37.87158421342816],[-122.28443145772178,37.870873213477516]]},"properties":{"id":"1256R","street":"ACTON ST","side":"R","pavement_ft":34,"width_ft":15.7,"width_source":"gis","path_ft":10,"depth_ft":1.2,"zone":"R-2","district":"Multi-Unit 2","cat":"res","zone_dist_m":4.9,"campable_zone":false,"count":0,"placement":null}},{"type":"Feature","geometry":{"type":"LineString","coordinates":[[-122.28242859583503,37.87582394524287],[-122.28232659733045,37.87487694515751]]},"properties":{"id":"1257L","street":"SACRAMENTO ST","side":"L","pavement_ft":68,"width_ft":22.1,"width_source":"gis","path_ft":10,"depth_ft":7.6,"zone":"R-2","district":"Multi-Unit 2","cat":"res","zone_dist_m":6.7,"campable_zone":false,"count":0,"placement":null}},{"type":"Feature","geometry":{"type":"LineString","coordinates":[[-122.2826634041416,37.875808054639776],[-122.2825614026462,37.87486105472514]]},"properties":{"id":"1257R","street":"SACRAMENTO ST","side":"R","pavement_ft":68,"width_ft":22.3,"width_source":"gis","path_ft":10,"depth_ft":7.8,"zone":"R-1","district":"Multi-Unit 1","cat":"res","zone_dist_m":7.6,"campable_zone":false,"count":0,"placement":null}},{"type":"Feature","geometry":{"type":"LineString","coordinates":[[-122.2813572732497,37.8732288975752],[-122.28007327241686,37.87338189766667]]},"properties":{"id":"1292L","street":"DELAWARE ST","side":"L","pavement_ft":36,"width_ft":11.2,"width_source":"gis","path_ft":6,"depth_ft":0.7,"zone":"R-2","district":"Multi-Unit 2","cat":"res","zone_dist_m":3.9,"campable_zone":false,"count":0,"placement":null}},{"type":"Feature","geometry":{"type":"LineString","coordinates":[[-122.28133872676203,37.873131102423784],[-122.2800547275949,37.873284102332335]]},"properties":{"id":"1292R","street":"DELAWARE ST","side":"R","pavement_ft":36,"width_ft":13.0,"width_source":"gis","path_ft":6,"depth_ft":2.5,"zone":"R-2","district":"Multi-Unit 2","cat":"res","zone_dist_m":3.6,"campable_zone":false,"count":0,"placement":null}},{"type":"Feature","geometry":{"type":"LineString","coordinates":[[-122.28219995726673,37.87396503090456],[-122.28209795890265,37.87308303080295]]},"properties":{"id":"1301L","street":"SACRAMENTO ST","side":"L","pavement_ft":80,"width_ft":14.3,"width_source":"gis","path_ft":10,"depth_ft":-0.2,"zone":"R-2","district":"Multi-Unit 2","cat":"res","zone_dist_m":4.8,"campable_zone":false,"count":0,"placement":null}},{"type":"Feature","geometry":{"type":"LineString","coordinates":[[-122.28247604269846,37.87394496893317],[-122.28237404106247,37.87306296903476]]},"properties":{"id":"1301R","street":"SACRAMENTO ST","side":"R","pavement_ft":80,"width_ft":16.2,"width_source":"gis","path_ft":10,"depth_ft":1.7,"zone":"R-BMU","district":"Residential BART Mixed Use","cat":"mixres","zone_dist_m":5.6,"campable_zone":true,"count":0,"placement":null}},{"type":"Feature","geometry":{"type":"LineString","coordinates":[[-122.29865644100636,37.878102908451375],[-122.29753044031995,37.87833090859046]]},"properties":{"id":"1302L","street":"CAMELIA ST","side":"L","pavement_ft":36,"width_ft":9.5,"width_source":"gis","path_ft":6,"depth_ft":-1.0,"zone":"MULI","district":"Mixed Use-Light Industrial","cat":"man","zone_dist_m":4.6,"campable_zone":true,"count":0,"placement":null}},{"type":"Feature","geometry":{"type":"LineString","coordinates":[[-122.29862555901317,37.878007091546415],[-122.29749955969962,37.878235091407305]]},"properties":{"id":"1302R","street":"CAMELIA ST","side":"R","pavement_ft":36,"width_ft":15.3,"width_source":"gis","path_ft":10,"depth_ft":0.8,"zone":"R-2","district":"Multi-Unit 2","cat":"res","zone_dist_m":4.8,"campable_zone":false,"count":0,"placement":null}},{"type":"Feature","geometry":{"type":"LineString","coordinates":[[-122.29787327478199,37.87574894183404],[-122.2967642741045,37.87597094196948]]},"properties":{"id":"1303L","street":"JONES ST","side":"L","pavement_ft":36,"width_ft":10.0,"width_source":"gis","path_ft":6,"depth_ft":-0.5,"zone":"R-2","district":"Multi-Unit 2","cat":"res","zone_dist_m":3.8,"campable_zone":false,"count":0,"placement":null}},{"type":"Feature","geometry":{"type":"LineString","coordinates":[[-122.29784272523735,37.87565305816376],[-122.29673372591485,37.87587505802834]]},"properties":{"id":"1303R","street":"JONES ST","side":"R","pavement_ft":36,"width_ft":15.4,"width_source":"gis","path_ft":10,"depth_ft":0.9,"zone":"R-2","district":"Multi-Unit 2","cat":"res","zone_dist_m":4.5,"campable_zone":false,"count":0,"placement":null}},{"type":"Feature","geometry":{"type":"LineString","coordinates":[[-122.28196696349397,37.881726229699076],[-122.28123396322064,37.88209022991137]]},"properties":{"id":"1319L","street":"HOPKINS ST","side":"L","pavement_ft":38,"width_ft":7.4,"width_source":"gis","path_ft":6,"depth_ft":-3.1,"zone":"C-N","district":"Neighborhood Commercial","cat":"com","zone_dist_m":4.7,"campable_zone":true,"count":0,"placement":null}},{"type":"Feature","geometry":{"type":"LineString","coordinates":[[-122.28189703654759,37.88163777029063],[-122.28116403682095,37.88200177007833]]},"properties":{"id":"1319R","street":"HOPKINS ST","side":"R","pavement_ft":38,"width_ft":21.4,"width_source":"gis","path_ft":10,"depth_ft":6.9,"zone":"C-N","district":"Neighborhood Commercial","cat":"com","zone_dist_m":6.6,"campable_zone":true,"count":11,"placement":"building"}},{"type":"Feature","geometry":{"type":"LineString","coordinates":[[-122.28591393038806,37.879623602656245],[-122.28542093024666,37.8798866027869]]},"properties":{"id":"1322L","street":"HOPKINS ST","side":"L","pavement_ft":33,"width_ft":9.6,"width_source":"gis","path_ft":6,"depth_ft":-0.9,"zone":"R-2A","district":"Multi-Unit 2A","cat":"res","zone_dist_m":7.2,"campable_zone":false,"count":0,"placement":null}},{"type":"Feature","geometry":{"type":"LineString","coordinates":[[-122.28585006964425,37.87954839733519],[-122.28535706978563,37.879811397204506]]},"properties":{"id":"1322R","street":"HOPKINS ST","side":"R","pavement_ft":33,"width_ft":23.5,"width_source":"gis","path_ft":10,"depth_ft":9.0,"zone":"R-2","district":"Multi-Unit 2","cat":"res","zone_dist_m":7.9,"campable_zone":false,"count":0,"placement":null}},{"type":"Feature","geometry":{"type":"LineString","coordinates":[[-122.28386426203792,37.87864085195229],[-122.28302426163218,37.878949852133324]]},"properties":{"id":"1323L","street":"ROSE ST","side":"L","pavement_ft":36,"width_ft":7.7,"width_source":"gis","path_ft":6,"depth_ft":-2.8,"zone":"R-1","district":"Multi-Unit 1","cat":"res","zone_dist_m":4.3,"campable_zone":false,"count":0,"placement":null}},{"type":"Feature","geometry":{"type":"LineString","coordinates":[[-122.28381173799363,37.87855114804181],[-122.28297173839933,37.87886014786081]]},"properties":{"id":"1323R","street":"ROSE ST","side":"R","pavement_ft":36,"width_ft":20.5,"width_source":"gis","path_ft":10,"depth_ft":6.0,"zone":"R-1","district":"Multi-Unit 1","cat":"res","zone_dist_m":6.3,"campable_zone":false,"count":0,"placement":null}},{"type":"Feature","geometry":{"type":"LineString","coordinates":[[-122.29176181677994,37.87371683093698],[-122.2909068162276,37.873824831001876]]},"properties":{"id":"1324L","street":"VIRGINIA ST","side":"L","pavement_ft":36,"width_ft":13.3,"width_source":"gis","path_ft":6,"depth_ft":2.8,"zone":"R-2","district":"Multi-Unit 2","cat":"res","zone_dist_m":5.0,"campable_zone":false,"count":0,"placement":null}},{"type":"Feature","geometry":{"type":"LineString","coordinates":[[-122.29174218323254,37.873619169061946],[-122.29088718378489,37.87372716899703]]},"properties":{"id":"1324R","street":"VIRGINIA ST","side":"R","pavement_ft":36,"width_ft":14.4,"width_source":"gis","path_ft":10,"depth_ft":-0.1,"zone":"R-2","district":"Multi-Unit 2","cat":"res","zone_dist_m":4.8,"campable_zone":false,"count":0,"placement":null}},{"type":"Feature","geometry":{"type":"LineString","coordinates":[[-122.29152758590912,37.87659764080489],[-122.29112658576861,37.876810640933314]]},"properties":{"id":"1325L","street":"HOPKINS ST","side":"L","pavement_ft":40,"width_ft":13.3,"width_source":"gis","path_ft":6,"depth_ft":2.8,"zone":"R-2","district":"Multi-Unit 2","cat":"res","zone_dist_m":5.4,"campable_zone":false,"count":0,"placement":null}},{"type":"Feature","geometry":{"type":"LineString","coordinates":[[-122.2917736532403,37.87646660496172],[-122.29152765315452,37.87659760504065]]},"properties":{"id":"1326L","street":"HOPKINS ST","side":"L","pavement_ft":40,"width_ft":12.3,"width_source":"gis","path_ft":6,"depth_ft":1.8,"zone":"R-2","district":"Multi-Unit 2","cat":"res","zone_dist_m":5.0,"campable_zone":false,"count":0,"placement":null}},{"type":"Feature","geometry":{"type":"LineString","coordinates":[[-122.29169634680714,37.8763753950257],[-122.29145034689293,37.876506394946766]]},"properties":{"id":"1326R","street":"HOPKINS ST","side":"R","pavement_ft":40,"width_ft":15.7,"width_source":"gis","path_ft":10,"depth_ft":1.2,"zone":"R-2","district":"Multi-Unit 2","cat":"res","zone_dist_m":7.5,"campable_zone":false,"count":0,"placement":null}},{"type":"Feature","geometry":{"type":"LineString","coordinates":[[-122.28679520808359,37.87253709274936],[-122.28574420717891,37.87267109285673]]},"properties":{"id":"1328L","street":"DELAWARE ST","side":"L","pavement_ft":48,"width_ft":16.6,"width_source":"gis","path_ft":10,"depth_ft":2.1,"zone":"R-2","district":"Multi-Unit 2","cat":"res","zone_dist_m":5.7,"campable_zone":false,"count":0,"placement":null}},{"type":"Feature","geometry":{"type":"LineString","coordinates":[[-122.28676879193877,37.87240690724869],[-122.28571779284341,37.872540907141314]]},"properties":{"id":"1328R","street":"DELAWARE ST","side":"R","pavement_ft":48,"width_ft":16.9,"width_source":"gis","path_ft":10,"depth_ft":2.4,"zone":"R-2","district":"Multi-Unit 2","cat":"res","zone_dist_m":5.1,"campable_zone":false,"count":0,"placement":null}},{"type":"Feature","geometry":{"type":"LineString","coordinates":[[-122.30130996405815,37.87943180113351],[-122.30028296322651,37.87964380130595]]},"properties":{"id":"1329L","street":"GILMAN ST","side":"L","pavement_ft":48,"width_ft":13.9,"width_source":"gis","path_ft":6,"depth_ft":3.4,"zone":"MULI","district":"Mixed Use-Light Industrial","cat":"man","zone_dist_m":5.9,"campable_zone":true,"count":0,"placement":null}},{"type":"Feature","geometry":{"type":"LineString","coordinates":[[-122.30126803597724,37.87930419886242],[-122.30024103680886,37.87951619868994]]},"properties":{"id":"1329R","street":"GILMAN ST","side":"R","pavement_ft":48,"width_ft":18.1,"width_source":"gis","path_ft":10,"depth_ft":3.6,"zone":"MULI","district":"Mixed Use-Light Industrial","cat":"man","zone_dist_m":5.9,"campable_zone":true,"count":0,"placement":null}},{"type":"Feature","geometry":{"type":"LineString","coordinates":[[-122.30030395095929,37.8689345384454],[-122.29925695018014,37.869147538604196]]},"properties":{"id":"1330L","street":"HEARST AVE","side":"L","pavement_ft":44,"width_ft":5.7,"width_source":"gis","path_ft":6,"depth_ft":-4.8,"zone":"MUR","district":"Mixed Use-Residential","cat":"mixres","zone_dist_m":3.3,"campable_zone":true,"count":0,"placement":null}},{"type":"Feature","geometry":{"type":"LineString","coordinates":[[-122.30026604907005,37.86881746155125],[-122.29921904984921,37.869030461392484]]},"properties":{"id":"1330R","street":"HEARST AVE","side":"R","pavement_ft":44,"width_ft":10.2,"width_source":"gis","path_ft":6,"depth_ft":-0.3,"zone":"C-W","district":"West Berkeley Commercial","cat":"com","zone_dist_m":3.6,"campable_zone":true,"count":0,"placement":null}},{"type":"Feature","geometry":{"type":"LineString","coordinates":[[-122.3032929361798,37.86832354145004],[-122.30255993563428,37.86847254156112]]},"properties":{"id":"1336L","street":"HEARST AVE","side":"L","pavement_ft":44,"width_ft":8.5,"width_source":"gis","path_ft":6,"depth_ft":-2.0,"zone":"MULI","district":"Mixed Use-Light Industrial","cat":"man","zone_dist_m":3.5,"campable_zone":true,"count":0,"placement":null}},{"type":"Feature","geometry":{"type":"LineString","coordinates":[[-122.30325506384948,37.86820645854664],[-122.302522064395,37.868355458435545]]},"properties":{"id":"1336R","street":"HEARST AVE","side":"R","pavement_ft":44,"width_ft":8.3,"width_source":"gis","path_ft":6,"depth_ft":-2.2,"zone":"MULI","district":"Mixed Use-Light Industrial","cat":"man","zone_dist_m":2.7,"campable_zone":true,"count":0,"placement":null}},{"type":"Feature","geometry":{"type":"LineString","coordinates":[[-122.29676450803636,37.875970894760314],[-122.29565850736275,37.876195894897556]]},"properties":{"id":"1337L","street":"JONES ST","side":"L","pavement_ft":36,"width_ft":9.0,"width_source":"gis","path_ft":6,"depth_ft":-1.5,"zone":"R-2","district":"Multi-Unit 2","cat":"res","zone_dist_m":4.1,"campable_zone":false,"count":0,"placement":null}},{"type":"Feature","geometry":{"type":"LineString","coordinates":[[-122.29673349198328,37.87587510523744],[-122.29562749265686,37.87610010510021]]},"properties":{"id":"1337R","street":"JONES ST","side":"R","pavement_ft":36,"width_ft":13.8,"width_source":"gis","path_ft":6,"depth_ft":3.3,"zone":"R-2","district":"Multi-Unit 2","cat":"res","zone_dist_m":4.6,"campable_zone":false,"count":0,"placement":null}},{"type":"Feature","geometry":{"type":"LineString","coordinates":[[-122.30465982019376,37.87970783076219],[-122.30458282014709,37.879723830771944]]},"properties":{"id":"1350L","street":"PARK WAY","side":"L","pavement_ft":36,"width_ft":9.2,"width_source":"gis","path_ft":6,"depth_ft":-1.3,"zone":"M","district":"Manufacturing","cat":"man","zone_dist_m":4.1,"campable_zone":true,"count":0,"placement":null}},{"type":"Feature","geometry":{"type":"LineString","coordinates":[[-122.30462817982622,37.8796121692355],[-122.30455117987297,37.87962816922573]]},"properties":{"id":"1350R","street":"PARK WAY","side":"R","pavement_ft":36,"width_ft":12.2,"width_source":"gis","path_ft":6,"depth_ft":1.7,"zone":"M","district":"Manufacturing","cat":"man","zone_dist_m":2.2,"campable_zone":true,"count":0,"placement":null}},{"type":"Feature","geometry":{"type":"LineString","coordinates":[[-122.2831499767911,37.87996421136792],[-122.28304097676255,37.88002221139414],[-122.28303767435105,37.880023830204244],[-122.28241567414254,37.88030383033613]]},"properties":{"id":"1353L","street":"ADA ST","side":"L","pavement_ft":30,"width_ft":8.7,"width_source":"gis","path_ft":6,"depth_ft":-1.8,"zone":"R-1","district":"Multi-Unit 1","cat":"res","zone_dist_m":5.9,"campable_zone":false,"count":0,"placement":null}},{"type":"Feature","geometry":{"type":"LineString","coordinates":[[-122.28309202323557,37.879895788625014],[-122.28298463630611,37.87995293028445],[-122.28236432588216,37.88023216965828]]},"properties":{"id":"1353R","street":"ADA ST","side":"R","pavement_ft":30,"width_ft":21.3,"width_source":"gis","path_ft":10,"depth_ft":6.8,"zone":"R-1","district":"Multi-Unit 1","cat":"res","zone_dist_m":6.8,"campable_zone":false,"count":0,"placement":null}},{"type":"Feature","geometry":{"type":"LineString","coordinates":[[-122.29145996629619,37.8755930716654],[-122.29061696574023,37.8757090717374]]},"properties":{"id":"1354L","street":"CEDAR ST","side":"L","pavement_ft":37,"width_ft":11.6,"width_source":"gis","path_ft":6,"depth_ft":1.1,"zone":"R-2","district":"Multi-Unit 2","cat":"res","zone_dist_m":4.7,"campable_zone":false,"count":0,"placement":null}},{"type":"Feature","geometry":{"type":"LineString","coordinates":[[-122.29143803371814,37.875492928333315],[-122.2905950342741,37.87560892826129]]},"properties":{"id":"1354R","street":"CEDAR ST","side":"R","pavement_ft":37,"width_ft":11.1,"width_source":"gis","path_ft":6,"depth_ft":0.6,"zone":"R-2","district":"Multi-Unit 2","cat":"res","zone_dist_m":3.5,"campable_zone":false,"count":0,"placement":null}},{"type":"Feature","geometry":{"type":"LineString","coordinates":[[-122.28433439862255,37.88046847226604],[-122.28327639832305,37.881045472559535]]},"properties":{"id":"1355L","street":"HOPKINS ST","side":"L","pavement_ft":34,"width_ft":9.2,"width_source":"gis","path_ft":6,"depth_ft":-1.3,"zone":"R-2A","district":"Multi-Unit 2A","cat":"res","zone_dist_m":5.9,"campable_zone":false,"count":0,"placement":null}},{"type":"Feature","geometry":{"type":"LineString","coordinates":[[-122.28426760141205,37.880391527724576],[-122.28320960171152,37.880968527431094]]},"properties":{"id":"1355R","street":"HOPKINS ST","side":"R","pavement_ft":34,"width_ft":24.9,"width_source":"gis","path_ft":10,"depth_ft":10.4,"zone":"R-2A","district":"Multi-Unit 2A","cat":"res","zone_dist_m":10.5,"campable_zone":false,"count":0,"placement":null}},{"type":"Feature","geometry":{"type":"LineString","coordinates":[[-122.29162779217859,37.87944513155104],[-122.29170579229897,37.87925013158575]]},"properties":{"id":"1356L","street":"SANTA FE AVE","side":"L","pavement_ft":31,"width_ft":18.1,"width_source":"gis","path_ft":10,"depth_ft":3.6,"zone":"R-2","district":"Multi-Unit 2","cat":"res","zone_dist_m":5.7,"campable_zone":false,"count":0,"placement":null}},{"type":"Feature","geometry":{"type":"LineString","coordinates":[[-122.29173020783955,37.87947086842682],[-122.29180820771917,37.8792758683921]]},"properties":{"id":"1356R","street":"SANTA FE AVE","side":"R","pavement_ft":31,"width_ft":25.7,"width_source":"gis","path_ft":10,"depth_ft":11.2,"zone":"R-2","district":"Multi-Unit 2","cat":"res","zone_dist_m":11.4,"campable_zone":false,"count":0,"placement":null}},{"type":"Feature","geometry":{"type":"LineString","coordinates":[[-122.28854436240275,37.88070321361667],[-122.28840836257598,37.88104921366561]]},"properties":{"id":"1357L","street":"TEVLIN ST","side":"L","pavement_ft":25,"width_ft":6.3,"width_source":"gis","path_ft":6,"depth_ft":-4.2,"zone":"C-N","district":"Neighborhood Commercial","cat":"com","zone_dist_m":0.8,"campable_zone":true,"count":0,"placement":null}},{"type":"Feature","geometry":{"type":"LineString","coordinates":[[-122.2884616376089,37.8806827863689],[-122.28832563743569,37.881028786319966]]},"properties":{"id":"1357R","street":"TEVLIN ST","side":"R","pavement_ft":25,"width_ft":6.7,"width_source":"gis","path_ft":6,"depth_ft":-3.8,"zone":"R-2","district":"Multi-Unit 2","cat":"res","zone_dist_m":1.7,"campable_zone":false,"count":0,"placement":null}},{"type":"Feature","geometry":{"type":"LineString","coordinates":[[-122.29525793335988,37.878789009447864],[-122.29434193279772,37.87896800955705]]},"properties":{"id":"1358L","street":"CAMELIA ST","side":"L","pavement_ft":36,"width_ft":9.1,"width_source":"gis","path_ft":6,"depth_ft":-1.4,"zone":"C-W","district":"West Berkeley Commercial","cat":"com","zone_dist_m":4.8,"campable_zone":true,"count":0,"placement":null}},{"type":"Feature","geometry":{"type":"LineString","coordinates":[[-122.29522806665902,37.87869299055004],[-122.29431206722118,37.87887199044084]]},"properties":{"id":"1358R","street":"CAMELIA ST","side":"R","pavement_ft":36,"width_ft":14.6,"width_source":"gis","path_ft":10,"depth_ft":0.1,"zone":"C-W","district":"West Berkeley Commercial","cat":"com","zone_dist_m":4.7,"campable_zone":true,"count":0,"placement":null}},{"type":"Feature","geometry":{"type":"LineString","coordinates":[[-122.28480990455907,37.88021473874592],[-122.28433390441849,37.88046873887594]]},"properties":{"id":"1359L","street":"HOPKINS ST","side":"L","pavement_ft":34,"width_ft":8.4,"width_source":"gis","path_ft":6,"depth_ft":-2.1,"zone":"R-2A","district":"Multi-Unit 2A","cat":"res","zone_dist_m":5.7,"campable_zone":false,"count":0,"placement":null}},{"type":"Feature","geometry":{"type":"LineString","coordinates":[[-122.28474409547525,37.88013726124496],[-122.28426809561583,37.88039126111496]]},"properties":{"id":"1359R","street":"HOPKINS ST","side":"R","pavement_ft":34,"width_ft":23.2,"width_source":"gis","path_ft":10,"depth_ft":8.7,"zone":"R-2A","district":"Multi-Unit 2A","cat":"res","zone_dist_m":7.9,"campable_zone":false,"count":0,"placement":null}},{"type":"Feature","geometry":{"type":"LineString","coordinates":[[-122.2912077781316,37.88049816490286],[-122.29162777878221,37.87944516508989]]},"properties":{"id":"1360L","street":"SANTA FE AVE","side":"L","pavement_ft":31,"width_ft":15.1,"width_source":"gis","path_ft":10,"depth_ft":0.6,"zone":"R-2","district":"Multi-Unit 2","cat":"res","zone_dist_m":4.7,"campable_zone":false,"count":0,"placement":null}},{"type":"Feature","geometry":{"type":"LineString","coordinates":[[-122.29131022188648,37.88052383507499],[-122.29173022123587,37.87947083488796]]},"properties":{"id":"1360R","street":"SANTA FE AVE","side":"R","pavement_ft":31,"width_ft":3.3,"width_source":"gis","path_ft":6,"depth_ft":-7.2,"zone":"R-2","district":"Multi-Unit 2","cat":"res","zone_dist_m":3.4,"campable_zone":false,"count":0,"placement":null}},{"type":"Feature","geometry":{"type":"LineString","coordinates":[[-122.28674348399551,37.875557468021206],[-122.28660248457031,37.87431846798617]]},"properties":{"id":"1361L","street":"VIRGINIA GDNS","side":"L","pavement_ft":20,"width_ft":3.4,"width_source":"gis","path_ft":6,"depth_ft":-7.1,"zone":"R-1","district":"Multi-Unit 1","cat":"res","zone_dist_m":1.1,"campable_zone":false,"count":0,"placement":null}},{"type":"Feature","geometry":{"type":"LineString","coordinates":[[-122.28681251600234,37.87555253196864],[-122.28667151542759,37.87431353200372]]},"properties":{"id":"1361R","street":"VIRGINIA GDNS","side":"R","pavement_ft":20,"width_ft":11.0,"width_source":"gis","path_ft":6,"depth_ft":0.5,"zone":"R-1","district":"Multi-Unit 1","cat":"res","zone_dist_m":3.4,"campable_zone":false,"count":0,"placement":null}},{"type":"Feature","geometry":{"type":"LineString","coordinates":[[-122.28618974634611,37.877031025339626],[-122.28615374634843,37.87706302534864],[-122.2861512520482,37.877065051882916],[-122.28614853886481,37.8770668932691],[-122.28614562859002,37.877068534717544],[-122.28614254459858,37.877069963044434],[-122.28599854455847,37.877129963066444],[-122.28599679274335,37.87713065007242],[-122.28536679254908,37.87736265015923],[-122.28536296716946,37.87736387233551],[-122.28527496713782,37.87738787234477],[-122.28527071038008,37.877388827456635],[-122.28526634629901,37.87738940273416],[-122.28512834624098,37.877401402738606]]},"properties":{"id":"1362L","street":"TOMLEE DR","side":"L","pavement_ft":23,"width_ft":6.2,"width_source":"gis","path_ft":6,"depth_ft":-4.3,"zone":"R-1","district":"Multi-Unit 1","cat":"res","zone_dist_m":3.8,"campable_zone":false,"count":0,"placement":null}},{"type":"Feature","geometry":{"type":"LineString","coordinates":[[-122.28613025367085,37.87698897465295],[-122.28609906135185,37.877016701151376],[-122.2859623207333,37.87707367639907],[-122.285335080208,37.8773046602001],[-122.28525323563282,37.87732698144827],[-122.28511965376252,37.87733859726109]]},"properties":{"id":"1362R","street":"TOMLEE DR","side":"R","pavement_ft":23,"width_ft":10.9,"width_source":"gis","path_ft":6,"depth_ft":0.4,"zone":"R-1","district":"Multi-Unit 1","cat":"res","zone_dist_m":5.3,"campable_zone":false,"count":0,"placement":null}},{"type":"Feature","geometry":{"type":"LineString","coordinates":[[-122.30458313945499,37.87972376370577],[-122.30401313911081,37.879844763779595]]},"properties":{"id":"1363L","street":"PARK WAY","side":"L","pavement_ft":36,"width_ft":8.8,"width_source":"gis","path_ft":6,"depth_ft":-1.7,"zone":"M","district":"Manufacturing","cat":"man","zone_dist_m":3.6,"campable_zone":true,"count":0,"placement":null}},{"type":"Feature","geometry":{"type":"LineString","coordinates":[[-122.30455086056546,37.87962823629182],[-122.3039808609096,37.87974923621802]]},"properties":{"id":"1363R","street":"PARK WAY","side":"R","pavement_ft":36,"width_ft":12.1,"width_source":"gis","path_ft":6,"depth_ft":1.6,"zone":"M","district":"Manufacturing","cat":"man","zone_dist_m":2.8,"campable_zone":true,"count":0,"placement":null}},{"type":"Feature","geometry":{"type":"LineString","coordinates":[[-122.30401325222788,37.87984473967712],[-122.30384025212358,37.879881739699684]]},"properties":{"id":"1364L","street":"PARK WAY","side":"L","pavement_ft":36,"width_ft":11.1,"width_source":"gis","path_ft":6,"depth_ft":0.6,"zone":"M","district":"Manufacturing","cat":"man","zone_dist_m":4.2,"campable_zone":true,"count":0,"placement":null}},{"type":"Feature","geometry":{"type":"LineString","coordinates":[[-122.30398074779266,37.87974926032049],[-122.30380774789697,37.87978626029789]]},"properties":{"id":"1364R","street":"PARK WAY","side":"R","pavement_ft":36,"width_ft":14.4,"width_source":"gis","path_ft":10,"depth_ft":-0.1,"zone":"M","district":"Manufacturing","cat":"man","zone_dist_m":4.8,"campable_zone":true,"count":0,"placement":null}},{"type":"Feature","geometry":{"type":"LineString","coordinates":[[-122.29809679507643,37.880087835868075],[-122.29697779416871,37.88031683605435]]},"properties":{"id":"1365L","street":"GILMAN ST","side":"L","pavement_ft":48,"width_ft":12.0,"width_source":"gis","path_ft":6,"depth_ft":1.5,"zone":"C-W","district":"West Berkeley Commercial","cat":"com","zone_dist_m":5.3,"campable_zone":true,"count":0,"placement":null}},{"type":"Feature","geometry":{"type":"LineString","coordinates":[[-122.29805520495866,37.8799601641279],[-122.29693620586639,37.88018916394164]]},"properties":{"id":"1365R","street":"GILMAN ST","side":"R","pavement_ft":48,"width_ft":19.7,"width_source":"gis","path_ft":10,"depth_ft":5.2,"zone":"C-W","district":"West Berkeley Commercial","cat":"com","zone_dist_m":5.9,"campable_zone":true,"count":10,"placement":"building"}},{"type":"Feature","geometry":{"type":"LineString","coordinates":[[-122.29726425820007,37.86675794484945],[-122.29622425756482,37.86696594497628]]},"properties":{"id":"1366L","street":"ADDISON ST","side":"L","pavement_ft":36,"width_ft":10.5,"width_source":"gis","path_ft":6,"depth_ft":0.0,"zone":"R-4","district":"Multi-Family Residential","cat":"res","zone_dist_m":4.6,"campable_zone":false,"count":0,"placement":null}},{"type":"Feature","geometry":{"type":"LineString","coordinates":[[-122.29723374181921,37.86666205514838],[-122.29619374245449,37.86687005502155]]},"properties":{"id":"1366R","street":"ADDISON ST","side":"R","pavement_ft":36,"width_ft":13.1,"width_source":"gis","path_ft":6,"depth_ft":2.6,"zone":"R-2","district":"Multi-Unit 2","cat":"res","zone_dist_m":4.4,"campable_zone":false,"count":0,"placement":null}},{"type":"Feature","geometry":{"type":"LineString","coordinates":[[-122.30661943694274,37.87829025881626],[-122.30668204286508,37.878469272264496],[-122.30689373488792,37.87880956185666],[-122.30689616531329,37.87881409203531],[-122.30689794137027,37.87881880922161],[-122.30727594224041,37.880075809059015]]},"properties":{"id":"1409L","street":"EASTSHORE HWY","side":"L","pavement_ft":32,"width_ft":36.8,"width_source":"gis","path_ft":10,"depth_ft":22.3,"zone":"M","district":"Manufacturing","cat":"man","zone_dist_m":12.8,"campable_zone":true,"count":22,"placement":"curb"}},{"type":"Feature","geometry":{"type":"LineString","coordinates":[[-122.30651256304067,37.87831374115929],[-122.3065765629177,37.87849674118679],[-122.30657818610574,37.87850065850919],[-122.30658026526407,37.87850443803445],[-122.3067915054163,37.87884400203504],[-122.3071680577451,37.88009619091611]]},"properties":{"id":"1409R","street":"EASTSHORE HWY","side":"R","pavement_ft":32,"width_ft":5.0,"width_source":"gis","path_ft":6,"depth_ft":-5.5,"zone":"M","district":"Manufacturing","cat":"man","zone_dist_m":3.1,"campable_zone":true,"count":0,"placement":null}},{"type":"Feature","geometry":{"type":"LineString","coordinates":[[-122.28557696411461,37.8804310888102],[-122.28475796365093,37.8802230886747]]},"properties":{"id":"1415L","street":"GILMAN ST","side":"L","pavement_ft":36,"width_ft":11.5,"width_source":"gis","path_ft":6,"depth_ft":1.0,"zone":"R-2","district":"Multi-Unit 2","cat":"res","zone_dist_m":4.1,"campable_zone":false,"count":0,"placement":null}},{"type":"Feature","geometry":{"type":"LineString","coordinates":[[-122.28561503586072,37.88033691118609],[-122.28479603632441,37.8801289113216]]},"properties":{"id":"1415R","street":"GILMAN ST","side":"R","pavement_ft":36,"width_ft":14.0,"width_source":"gis","path_ft":6,"depth_ft":3.5,"zone":"R-2A","district":"Multi-Unit 2A","cat":"res","zone_dist_m":4.8,"campable_zone":false,"count":0,"placement":null}},{"type":"Feature","geometry":{"type":"LineString","coordinates":[[-122.29643374553288,37.88042884599509],[-122.295997745179,37.88051784606749],[-122.29598867496529,37.88051927675715],[-122.29581067481078,37.880539276773035]]},"properties":{"id":"1416L","street":"GILMAN ST","side":"L","pavement_ft":48,"width_ft":14.4,"width_source":"gis","path_ft":10,"depth_ft":-0.1,"zone":"C-W","district":"West Berkeley Commercial","cat":"com","zone_dist_m":5.1,"campable_zone":true,"count":0,"placement":null}},{"type":"Feature","geometry":{"type":"LineString","coordinates":[[-122.29639225450214,37.88030115400092],[-122.29596073970613,37.88038923845241],[-122.29578732520895,37.88040872322526]]},"properties":{"id":"1416R","street":"GILMAN ST","side":"R","pavement_ft":48,"width_ft":18.2,"width_source":"gis","path_ft":10,"depth_ft":3.7,"zone":"C-W","district":"West Berkeley Commercial","cat":"com","zone_dist_m":5.5,"campable_zone":true,"count":0,"placement":null}},{"type":"Feature","geometry":{"type":"LineString","coordinates":[[-122.30529046168334,37.88051390438918],[-122.30485646141886,37.8806019044429]]},"properties":{"id":"1417L","street":"HARRISON ST","side":"L","pavement_ft":36,"width_ft":9.7,"width_source":"gis","path_ft":6,"depth_ft":-0.8,"zone":"M","district":"Manufacturing","cat":"man","zone_dist_m":4.2,"campable_zone":true,"count":0,"placement":null}},{"type":"Feature","geometry":{"type":"LineString","coordinates":[[-122.30525953833622,37.88041809560858],[-122.30482553860075,37.88050609555487]]},"properties":{"id":"1417R","street":"HARRISON ST","side":"R","pavement_ft":36,"width_ft":13.0,"width_source":"gis","path_ft":6,"depth_ft":2.5,"zone":"M","district":"Manufacturing","cat":"man","zone_dist_m":3.1,"campable_zone":true,"count":0,"placement":null}},{"type":"Feature","geometry":{"type":"LineString","coordinates":[[-122.295818054587,37.880521084135026],[-122.29564105448497,37.880566084162304],[-122.29563736121,37.88056692462752],[-122.29490236076143,37.8807149247178]]},"properties":{"id":"1421L","street":"GILMAN ST","side":"L","pavement_ft":36,"width_ft":9.9,"width_source":"gis","path_ft":6,"depth_ft":-0.6,"zone":"C-W","district":"West Berkeley Commercial","cat":"com","zone_dist_m":4.9,"campable_zone":true,"count":0,"placement":null}},{"type":"Feature","geometry":{"type":"LineString","coordinates":[[-122.29577994543685,37.88042691586174],[-122.29560477583853,37.8804714505057],[-122.29487163925806,37.88061907528]]},"properties":{"id":"1421R","street":"GILMAN ST","side":"R","pavement_ft":36,"width_ft":15.3,"width_source":"gis","path_ft":10,"depth_ft":0.8,"zone":"C-W","district":"West Berkeley Commercial","cat":"com","zone_dist_m":4.1,"campable_zone":true,"count":0,"placement":null}},{"type":"Feature","geometry":{"type":"LineString","coordinates":[[-122.29483661302679,37.880677146987026],[-122.29427661414778,37.878930146761405]]},"properties":{"id":"1422L","street":"KAINS AVE","side":"L","pavement_ft":30,"width_ft":11.2,"width_source":"gis","path_ft":6,"depth_ft":0.7,"zone":"R-2","district":"Multi-Unit 2","cat":"res","zone_dist_m":3.2,"campable_zone":false,"count":0,"placement":null}},{"type":"Feature","geometry":{"type":"LineString","coordinates":[[-122.29493738695972,37.88065685299122],[-122.29437738583869,37.87890985321686]]},"properties":{"id":"1422R","street":"KAINS AVE","side":"R","pavement_ft":30,"width_ft":10.4,"width_source":"gis","path_ft":6,"depth_ft":-0.1,"zone":"R-2","district":"Multi-Unit 2","cat":"res","zone_dist_m":3.9,"campable_zone":false,"count":0,"placement":null}},{"type":"Feature","geometry":{"type":"LineString","coordinates":[[-122.30082883160158,37.8814065637996],[-122.29976583102643,37.8816235639173]]},"properties":{"id":"1426L","street":"HARRISON ST","side":"L","pavement_ft":32,"width_ft":11.4,"width_source":"gis","path_ft":6,"depth_ft":0.9,"zone":"MULI","district":"Mixed Use-Light Industrial","cat":"man","zone_dist_m":4.7,"campable_zone":true,"count":0,"placement":null}},{"type":"Feature","geometry":{"type":"LineString","coordinates":[[-122.30080116841397,37.881321436198604],[-122.29973816898914,37.881538436080895]]},"properties":{"id":"1426R","street":"HARRISON ST","side":"R","pavement_ft":32,"width_ft":17.6,"width_source":"gis","path_ft":10,"depth_ft":3.1,"zone":"MULI","district":"Mixed Use-Light Industrial","cat":"man","zone_dist_m":4.9,"campable_zone":true,"count":0,"placement":null}},{"type":"Feature","geometry":{"type":"LineString","coordinates":[[-122.28772626104298,37.880889490433916],[-122.28884126356316,37.877930491111684]]},"properties":{"id":"1432L","street":"PERALTA AVE","side":"L","pavement_ft":42,"width_ft":21.2,"width_source":"gis","path_ft":10,"depth_ft":6.7,"zone":"R-2","district":"Multi-Unit 2","cat":"res","zone_dist_m":6.6,"campable_zone":false,"count":0,"placement":null}},{"type":"Feature","geometry":{"type":"LineString","coordinates":[[-122.28786573898881,37.88092250952504],[-122.28898073646857,37.877963508847266]]},"properties":{"id":"1432R","street":"PERALTA AVE","side":"R","pavement_ft":42,"width_ft":9.6,"width_source":"gis","path_ft":6,"depth_ft":-0.9,"zone":"R-2","district":"Multi-Unit 2","cat":"res","zone_dist_m":5.9,"campable_zone":false,"count":0,"placement":null}},{"type":"Feature","geometry":{"type":"LineString","coordinates":[[-122.29406443446122,37.880882909839904],[-122.29322443394904,37.881052909943584]]},"properties":{"id":"1434L","street":"GILMAN ST","side":"L","pavement_ft":36,"width_ft":8.1,"width_source":"gis","path_ft":6,"depth_ft":-2.4,"zone":"R-2","district":"Multi-Unit 2","cat":"res","zone_dist_m":3.9,"campable_zone":false,"count":0,"placement":null}},{"type":"Feature","geometry":{"type":"LineString","coordinates":[[-122.29403356555834,37.88078709015789],[-122.29319356607054,37.880957090054196]]},"properties":{"id":"1434R","street":"GILMAN ST","side":"R","pavement_ft":36,"width_ft":14.3,"width_source":"gis","path_ft":10,"depth_ft":-0.2,"zone":"R-2","district":"Multi-Unit 2","cat":"res","zone_dist_m":4.6,"campable_zone":false,"count":0,"placement":null}},{"type":"Feature","geometry":{"type":"LineString","coordinates":[[-122.29315861454407,37.88101515239878],[-122.29259861566432,37.87926915217317]]},"properties":{"id":"1435L","street":"CORNELL AVE","side":"L","pavement_ft":30,"width_ft":10.0,"width_source":"gis","path_ft":6,"depth_ft":-0.5,"zone":"R-2","district":"Multi-Unit 2","cat":"res","zone_dist_m":2.9,"campable_zone":false,"count":0,"placement":null}},{"type":"Feature","geometry":{"type":"LineString","coordinates":[[-122.29325938544245,37.8809948475795],[-122.29269938432216,37.87924884780511]]},"properties":{"id":"1435R","street":"CORNELL AVE","side":"R","pavement_ft":30,"width_ft":10.5,"width_source":"gis","path_ft":6,"depth_ft":-0.0,"zone":"R-2","district":"Multi-Unit 2","cat":"res","zone_dist_m":4.4,"campable_zone":false,"count":0,"placement":null}},{"type":"Feature","geometry":{"type":"LineString","coordinates":[[-122.2819989153723,37.88170263003574],[-122.28196191535997,37.8817206300449]]},"properties":{"id":"1444L","street":"HOPKINS ST","side":"L","pavement_ft":33,"width_ft":29.2,"width_source":"gis","path_ft":10,"depth_ft":14.7,"zone":"C-N","district":"Neighborhood Commercial","cat":"com","zone_dist_m":12.3,"campable_zone":true,"count":0,"placement":null}},{"type":"Feature","geometry":{"type":"LineString","coordinates":[[-122.28193908465875,37.88162536995673],[-122.28190208467109,37.881643369947554]]},"properties":{"id":"1444R","street":"HOPKINS ST","side":"R","pavement_ft":33,"width_ft":30.9,"width_source":"gis","path_ft":10,"depth_ft":16.4,"zone":"C-N","district":"Neighborhood Commercial","cat":"com","zone_dist_m":10.7,"campable_zone":true,"count":0,"placement":null}},{"type":"Feature","geometry":{"type":"LineString","coordinates":[[-122.28771312583409,37.882681885632245],[-122.2880721261792,37.88173488572571]]},"properties":{"id":"1446L","street":"TEVLIN ST","side":"L","pavement_ft":18,"width_ft":9.5,"width_source":"gis","path_ft":6,"depth_ft":-1.0,"zone":"R-2","district":"Multi-Unit 2","cat":"res","zone_dist_m":4.2,"campable_zone":false,"count":0,"placement":null}},{"type":"Feature","geometry":{"type":"LineString","coordinates":[[-122.28777287417178,37.882696114360215],[-122.28813187382666,37.88174911426677]]},"properties":{"id":"1446R","street":"TEVLIN ST","side":"R","pavement_ft":18,"width_ft":4.6,"width_source":"gis","path_ft":6,"depth_ft":-5.9,"zone":"R-2","district":"Multi-Unit 2","cat":"res","zone_dist_m":2.5,"campable_zone":false,"count":0,"placement":null}},{"type":"Feature","geometry":{"type":"LineString","coordinates":[[-122.29490229798647,37.88071493733048],[-122.29406429747455,37.88088293743297]]},"properties":{"id":"1458L","street":"GILMAN ST","side":"L","pavement_ft":36,"width_ft":8.5,"width_source":"gis","path_ft":6,"depth_ft":-2.0,"zone":"R-2","district":"Multi-Unit 2","cat":"res","zone_dist_m":3.7,"campable_zone":false,"count":0,"placement":null}},{"type":"Feature","geometry":{"type":"LineString","coordinates":[[-122.29487170203295,37.88061906266732],[-122.29403370254482,37.88078706256485]]},"properties":{"id":"1458R","street":"GILMAN ST","side":"R","pavement_ft":36,"width_ft":17.9,"width_source":"gis","path_ft":10,"depth_ft":3.4,"zone":"R-2","district":"Multi-Unit 2","cat":"res","zone_dist_m":5.4,"campable_zone":false,"count":0,"placement":null}},{"type":"Feature","geometry":{"type":"LineString","coordinates":[[-122.29399860178678,37.880845112197576],[-122.29344160290665,37.87910111197317]]},"properties":{"id":"1459L","street":"STANNAGE AVE","side":"L","pavement_ft":30,"width_ft":8.8,"width_source":"gis","path_ft":6,"depth_ft":-1.7,"zone":"R-2","district":"Multi-Unit 2","cat":"res","zone_dist_m":2.9,"campable_zone":false,"count":0,"placement":null}},{"type":"Feature","geometry":{"type":"LineString","coordinates":[[-122.29409939819978,37.880824887780705],[-122.29354239707988,37.87908088800512]]},"properties":{"id":"1459R","street":"STANNAGE AVE","side":"R","pavement_ft":30,"width_ft":9.0,"width_source":"gis","path_ft":6,"depth_ft":-1.5,"zone":"R-2","district":"Multi-Unit 2","cat":"res","zone_dist_m":3.7,"campable_zone":false,"count":0,"placement":null}},{"type":"Feature","geometry":{"type":"LineString","coordinates":[[-122.30410541635972,37.88075391356513],[-122.30307141572911,37.880962913692706]]},"properties":{"id":"1461L","street":"HARRISON ST","side":"L","pavement_ft":36,"width_ft":10.5,"width_source":"gis","path_ft":6,"depth_ft":0.0,"zone":"MULI","district":"Mixed Use-Light Industrial","cat":"man","zone_dist_m":4.6,"campable_zone":true,"count":0,"placement":null}},{"type":"Feature","geometry":{"type":"LineString","coordinates":[[-122.30407458365983,37.880658086432646],[-122.3030405842904,37.880867086305074]]},"properties":{"id":"1461R","street":"HARRISON ST","side":"R","pavement_ft":36,"width_ft":15.2,"width_source":"gis","path_ft":10,"depth_ft":0.7,"zone":"MULI","district":"Mixed Use-Light Industrial","cat":"man","zone_dist_m":4.9,"campable_zone":true,"count":0,"placement":null}},{"type":"Feature","geometry":{"type":"LineString","coordinates":[[-122.28318086429881,37.88101142180347],[-122.28305886519848,37.87993442174895]]},"properties":{"id":"1462L","street":"SACRAMENTO ST","side":"L","pavement_ft":36,"width_ft":18.9,"width_source":"gis","path_ft":10,"depth_ft":4.4,"zone":"R-1","district":"Multi-Unit 1","cat":"res","zone_dist_m":5.9,"campable_zone":false,"count":0,"placement":null}},{"type":"Feature","geometry":{"type":"LineString","coordinates":[[-122.28330513569429,37.881002578163645],[-122.28318313479463,37.87992557821816]]},"properties":{"id":"1462R","street":"SACRAMENTO ST","side":"R","pavement_ft":36,"width_ft":4.4,"width_source":"gis","path_ft":6,"depth_ft":-6.1,"zone":"R-1","district":"Multi-Unit 1","cat":"res","zone_dist_m":4.5,"campable_zone":false,"count":0,"placement":null}},{"type":"Feature","geometry":{"type":"LineString","coordinates":[[-122.30189590196221,37.881187549396486],[-122.3008289013855,37.88140654951529]]},"properties":{"id":"1463L","street":"HARRISON ST","side":"L","pavement_ft":32,"width_ft":10.4,"width_source":"gis","path_ft":6,"depth_ft":-0.1,"zone":"MULI","district":"Mixed Use-Light Industrial","cat":"man","zone_dist_m":5.2,"campable_zone":true,"count":0,"placement":null}},{"type":"Feature","geometry":{"type":"LineString","coordinates":[[-122.30186809805346,37.88110245060171],[-122.30080109863013,37.881321450482915]]},"properties":{"id":"1463R","street":"HARRISON ST","side":"R","pavement_ft":32,"width_ft":17.0,"width_source":"gis","path_ft":10,"depth_ft":2.5,"zone":"MULI","district":"Mixed Use-Light Industrial","cat":"man","zone_dist_m":5.7,"campable_zone":true,"count":0,"placement":null}},{"type":"Feature","geometry":{"type":"LineString","coordinates":[[-122.28952109248208,37.880233394912004],[-122.28925209283591,37.879701394784846]]},"properties":{"id":"1464L","street":"","side":"L","pavement_ft":36,"width_ft":6.0,"width_source":"default","path_ft":6,"depth_ft":-4.5,"zone":"R-2","district":"Multi-Unit 2","cat":"res","zone_dist_m":0.0,"campable_zone":false,"count":0,"placement":null}},{"type":"Feature","geometry":{"type":"LineString","coordinates":[[-122.28963690748954,37.88019660505915],[-122.28936790713566,37.87966460518633]]},"properties":{"id":"1464R","street":"","side":"R","pavement_ft":36,"width_ft":7.0,"width_source":"default","path_ft":6,"depth_ft":-3.5,"zone":"R-2","district":"Multi-Unit 2","cat":"res","zone_dist_m":1.0,"campable_zone":false,"count":0,"placement":null}},{"type":"Feature","geometry":{"type":"LineString","coordinates":[[-122.30727624583305,37.8800768774498],[-122.30774524706706,37.88182887724836]]},"properties":{"id":"1465L","street":"EASTSHORE HWY","side":"L","pavement_ft":32,"width_ft":37.6,"width_source":"gis","path_ft":10,"depth_ft":23.1,"zone":"M","district":"Manufacturing","cat":"man","zone_dist_m":13.6,"campable_zone":true,"count":62,"placement":"curb"}},{"type":"Feature","geometry":{"type":"LineString","coordinates":[[-122.30716775415394,37.88009512252506],[-122.30763675291993,37.88184712272651]]},"properties":{"id":"1465R","street":"EASTSHORE HWY","side":"R","pavement_ft":32,"width_ft":5.7,"width_source":"gis","path_ft":6,"depth_ft":-4.8,"zone":"M","district":"Manufacturing","cat":"man","zone_dist_m":3.9,"campable_zone":true,"count":0,"placement":null}},{"type":"Feature","geometry":{"type":"LineString","coordinates":[[-122.28951925697031,37.880200762512764],[-122.29053433961366,37.87752473218759],[-122.29040544424645,37.87711187819781]]},"properties":{"id":"1472L","street":"NEILSON ST","side":"L","pavement_ft":36,"width_ft":5.3,"width_source":"default","path_ft":6,"depth_ft":-5.2,"zone":"R-2","district":"Multi-Unit 2","cat":"res","zone_dist_m":2.3,"campable_zone":false,"count":0,"placement":null}},{"type":"Feature","geometry":{"type":"LineString","coordinates":[[-122.28963874305316,37.88022923745711],[-122.29065874109385,37.877540236926166],[-122.29066031683814,37.877535101763094],[-122.29066119214613,37.877529862628705],[-122.29066135701912,37.877524579370814],[-122.29066080957388,37.87751931234126],[-122.29065955606414,37.877514121706525],[-122.29052655573454,37.8770881217708]]},"properties":{"id":"1472R","street":"NEILSON ST","side":"R","pavement_ft":36,"width_ft":1.7,"width_source":"default","path_ft":6,"depth_ft":-8.8,"zone":"R-2","district":"Multi-Unit 2","cat":"res","zone_dist_m":3.0,"campable_zone":false,"count":0,"placement":null}},{"type":"Feature","geometry":{"type":"LineString","coordinates":[[-122.3095316480665,37.8776814753063],[-122.31160864919406,37.88027147439967],[-122.31160980768459,37.88027297744214],[-122.31215980804684,37.88101597719732],[-122.31216229509056,37.8810196900183],[-122.31220929513707,37.88109768999655],[-122.31221172715387,37.88110231522194],[-122.3122135560898,37.88110711178685],[-122.31223355613932,37.881171111777164],[-122.31223411173195,37.881173056961195],[-122.31230611195315,37.881451056926416]]},"properties":{"id":"1494L","street":"BUCHANAN ST","side":"L","pavement_ft":36,"width_ft":21.2,"width_source":"default","path_ft":10,"depth_ft":6.7,"zone":"SP","district":"Specific Plan (Waterfront)","cat":"other","zone_dist_m":0.0,"campable_zone":false,"count":0,"placement":null}},{"type":"Feature","geometry":{"type":"LineString","coordinates":[[-122.29540046838422,37.87743695622958],[-122.29521262125076,37.876839440919916],[-122.29501978641126,37.87627492306804]]},"properties":{"id":"1497L","street":"UNNAMED ALLEY","side":"L","pavement_ft":36,"width_ft":16.9,"width_source":"default","path_ft":10,"depth_ft":2.4,"zone":"C-W","district":"West Berkeley Commercial","cat":"com","zone_dist_m":0.0,"campable_zone":true,"count":0,"placement":null}},{"type":"Feature","geometry":{"type":"LineString","coordinates":[[-122.29552153159672,37.877413043739075],[-122.29533353113462,37.87681504382998],[-122.29533321399751,37.87681407680767],[-122.29514021356816,37.87624907690091]]},"properties":{"id":"1497R","street":"UNNAMED ALLEY","side":"R","pavement_ft":36,"width_ft":2.5,"width_source":"default","path_ft":6,"depth_ft":-8.0,"zone":"R-2","district":"Multi-Unit 2","cat":"res","zone_dist_m":0.0,"campable_zone":false,"count":0,"placement":null}},{"type":"Feature","geometry":{"type":"LineString","coordinates":[[-122.30125847318105,37.87751497183992],[-122.30088447409874,37.87632697165902]]},"properties":{"id":"1498L","street":"UNNAMED ALLEY","side":"L","pavement_ft":36,"width_ft":13.8,"width_source":"default","path_ft":6,"depth_ft":3.3,"zone":"MUR","district":"Mixed Use-Residential","cat":"mixres","zone_dist_m":0.0,"campable_zone":true,"count":0,"placement":null}},{"type":"Feature","geometry":{"type":"LineString","coordinates":[[-122.30137952679978,37.87749102812874],[-122.30100552588213,37.87630302830964]]},"properties":{"id":"1498R","street":"UNNAMED ALLEY","side":"R","pavement_ft":36,"width_ft":7.8,"width_source":"default","path_ft":6,"depth_ft":-2.7,"zone":"MUR","district":"Mixed Use-Residential","cat":"mixres","zone_dist_m":0.0,"campable_zone":true,"count":0,"placement":null}},{"type":"Feature","geometry":{"type":"LineString","coordinates":[[-122.28270521425368,37.88133797887045],[-122.28200021403924,37.881701979052956]]},"properties":{"id":"1507L","street":"HOPKINS ST","side":"L","pavement_ft":33,"width_ft":13.8,"width_source":"gis","path_ft":6,"depth_ft":3.3,"zone":"C-N","district":"Neighborhood Commercial","cat":"com","zone_dist_m":7.1,"campable_zone":true,"count":0,"placement":null}},{"type":"Feature","geometry":{"type":"LineString","coordinates":[[-122.2826427857782,37.88126202112135],[-122.28193778599264,37.88162602093886]]},"properties":{"id":"1507R","street":"HOPKINS ST","side":"R","pavement_ft":33,"width_ft":22.5,"width_source":"gis","path_ft":10,"depth_ft":8.0,"zone":"C-N","district":"Neighborhood Commercial","cat":"com","zone_dist_m":7.0,"campable_zone":true,"count":11,"placement":"curb"}},{"type":"Feature","geometry":{"type":"LineString","coordinates":[[-122.2819144875778,37.88169328198595],[-122.28185548760617,37.881624281959255],[-122.28185142035838,37.881618842705365],[-122.28184821276263,37.88161305356193],[-122.281828212794,37.881570053551876],[-122.2818263655024,37.88156543059405],[-122.28174136570617,37.881312430550736],[-122.28173993381269,37.881307037985096],[-122.28173922723593,37.8813015558173],[-122.28172762076194,37.88111391513571],[-122.28159830673341,37.88077264199256],[-122.28154732877888,37.88068607553113]]},"properties":{"id":"1508L","street":"CALIFORNIA ST","side":"L","pavement_ft":38,"width_ft":12.8,"width_source":"gis","path_ft":6,"depth_ft":2.3,"zone":"C-N","district":"Neighborhood Commercial","cat":"com","zone_dist_m":3.8,"campable_zone":true,"count":0,"placement":null}},{"type":"Feature","geometry":{"type":"LineString","coordinates":[[-122.28202351237925,37.88163471798822],[-122.2819690126065,37.88157098102669],[-122.28195284644869,37.88153622384821],[-122.28187043086457,37.8812909169262],[-122.28185877258777,37.88110244415078],[-122.28185789814123,37.88109615042869],[-122.2818560686116,37.881089986942904],[-122.28172306833696,37.8807389870105],[-122.28171967124352,37.88073192441222],[-122.28166667118583,37.880641924438166]]},"properties":{"id":"1508R","street":"CALIFORNIA ST","side":"R","pavement_ft":38,"width_ft":1.1,"width_source":"gis","path_ft":6,"depth_ft":-9.4,"zone":"C-N","district":"Neighborhood Commercial","cat":"com","zone_dist_m":3.4,"campable_zone":true,"count":0,"placement":null}},{"type":"Feature","geometry":{"type":"LineString","coordinates":[[-122.28372410658469,37.88190458647474],[-122.283739106622,37.881847586481506],[-122.2837403690945,37.881843731671914],[-122.28374209518552,37.8818399914649],[-122.28409923060644,37.88116861760393],[-122.28418968430013,37.88094739969245],[-122.28422658772652,37.880807555492304],[-122.28425787823512,37.8805777670013],[-122.28424907183678,37.880431970482434]]},"properties":{"id":"1511L","street":"ALBINA AVE","side":"L","pavement_ft":30,"width_ft":24.1,"width_source":"gis","path_ft":10,"depth_ft":9.6,"zone":"R-2","district":"Multi-Unit 2","cat":"res","zone_dist_m":9.1,"campable_zone":false,"count":0,"placement":null}},{"type":"Feature","geometry":{"type":"LineString","coordinates":[[-122.28382589342726,37.88192141350336],[-122.28383986381954,37.8818683258773],[-122.28419590448169,37.881199008368284],[-122.28419745579426,37.88119570372852],[-122.28428945566083,37.88097070368898],[-122.28429088684179,37.880966436013665],[-122.28432888674757,37.88082243599649],[-122.28432968773541,37.8808184216266],[-122.28436168757352,37.880583421611085],[-122.28436196460628,37.880580229257916],[-122.28436192826534,37.88057702949176],[-122.28435292816086,37.88042802949462]]},"properties":{"id":"1511R","street":"ALBINA AVE","side":"R","pavement_ft":30,"width_ft":7.8,"width_source":"gis","path_ft":6,"depth_ft":-2.7,"zone":"R-2","district":"Multi-Unit 2","cat":"res","zone_dist_m":2.0,"campable_zone":false,"count":0,"placement":null}},{"type":"Feature","geometry":{"type":"LineString","coordinates":[[-122.28888479385132,37.881935869912446],[-122.2891467942225,37.881233870011144]]},"properties":{"id":"1512L","street":"NEILSON ST","side":"L","pavement_ft":26,"width_ft":15.0,"width_source":"gis","path_ft":10,"depth_ft":0.5,"zone":"C-N","district":"Neighborhood Commercial","cat":"com","zone_dist_m":6.1,"campable_zone":true,"count":0,"placement":null}},{"type":"Feature","geometry":{"type":"LineString","coordinates":[[-122.28897120616075,37.8819561300718],[-122.28923320578957,37.88125412997308]]},"properties":{"id":"1512R","street":"NEILSON ST","side":"R","pavement_ft":26,"width_ft":1.4,"width_source":"gis","path_ft":6,"depth_ft":-9.1,"zone":"R-2","district":"Multi-Unit 2","cat":"res","zone_dist_m":0.3,"campable_zone":false,"count":0,"placement":null}},{"type":"Feature","geometry":{"type":"LineString","coordinates":[[-122.29868199896269,37.88184552941421],[-122.29755999835713,37.88207752954002]]},"properties":{"id":"1514L","street":"HARRISON ST","side":"L","pavement_ft":32,"width_ft":11.4,"width_source":"gis","path_ft":6,"depth_ft":0.9,"zone":"MULI","district":"Mixed Use-Light Industrial","cat":"man","zone_dist_m":5.5,"campable_zone":true,"count":0,"placement":null}},{"type":"Feature","geometry":{"type":"LineString","coordinates":[[-122.29865400105307,37.88176047058397],[-122.29753200165861,37.88199247045817]]},"properties":{"id":"1514R","street":"HARRISON ST","side":"R","pavement_ft":32,"width_ft":17.5,"width_source":"gis","path_ft":10,"depth_ft":3.0,"zone":"MULI","district":"Mixed Use-Light Industrial","cat":"man","zone_dist_m":5.6,"campable_zone":true,"count":0,"placement":null}},{"type":"Feature","geometry":{"type":"LineString","coordinates":[[-122.2920646945666,37.883119403027315],[-122.29148169569726,37.88134840279249]]},"properties":{"id":"1532L","street":"EVELYN AVE","side":"L","pavement_ft":30,"width_ft":14.1,"width_source":"gis","path_ft":10,"depth_ft":-0.4,"zone":"R-2","district":"Multi-Unit 2","cat":"res","zone_dist_m":4.5,"campable_zone":false,"count":0,"placement":null}},{"type":"Feature","geometry":{"type":"LineString","coordinates":[[-122.29216530541954,37.883098596951044],[-122.29158230428891,37.88132759718586]]},"properties":{"id":"1532R","street":"EVELYN AVE","side":"R","pavement_ft":30,"width_ft":6.0,"width_source":"gis","path_ft":6,"depth_ft":-4.5,"zone":"R-2","district":"Multi-Unit 2","cat":"res","zone_dist_m":2.2,"campable_zone":false,"count":0,"placement":null}},{"type":"Feature","geometry":{"type":"LineString","coordinates":[[-122.28928907008448,37.883113020599545],[-122.28995907105872,37.88142902087878]]},"properties":{"id":"1533L","street":"CURTIS ST","side":"L","pavement_ft":29,"width_ft":10.3,"width_source":"gis","path_ft":6,"depth_ft":-0.2,"zone":"R-2","district":"Multi-Unit 2","cat":"res","zone_dist_m":3.6,"campable_zone":false,"count":0,"placement":null}},{"type":"Feature","geometry":{"type":"LineString","coordinates":[[-122.28938492993133,37.883136979381064],[-122.29005492895709,37.881452979101844]]},"properties":{"id":"1533R","street":"CURTIS ST","side":"R","pavement_ft":29,"width_ft":9.1,"width_source":"gis","path_ft":6,"depth_ft":-1.4,"zone":"R-2","district":"Multi-Unit 2","cat":"res","zone_dist_m":2.6,"campable_zone":false,"count":0,"placement":null}},{"type":"Feature","geometry":{"type":"LineString","coordinates":[[-122.29541364278407,37.88245924312726],[-122.29483664392542,37.88067724289476]]},"properties":{"id":"1543L","street":"KAINS AVE","side":"L","pavement_ft":30,"width_ft":10.5,"width_source":"gis","path_ft":6,"depth_ft":-0.0,"zone":"R-2","district":"Multi-Unit 2","cat":"res","zone_dist_m":3.2,"campable_zone":false,"count":0,"placement":null}},{"type":"Feature","geometry":{"type":"LineString","coordinates":[[-122.29551435720232,37.882438756851045],[-122.29493735606098,37.88065675708352]]},"properties":{"id":"1543R","street":"KAINS AVE","side":"R","pavement_ft":30,"width_ft":10.4,"width_source":"gis","path_ft":6,"depth_ft":-0.1,"zone":"R-2","district":"Multi-Unit 2","cat":"res","zone_dist_m":4.5,"campable_zone":false,"count":0,"placement":null}},{"type":"Feature","geometry":{"type":"LineString","coordinates":[[-122.28597290324583,37.88239707343273],[-122.28598146751354,37.88238165777267],[-122.28666741357281,37.880628355210426]]},"properties":{"id":"1544L","street":"ORDWAY ST","side":"L","pavement_ft":36,"width_ft":15.0,"width_source":"gis","path_ft":10,"depth_ft":0.5,"zone":"R-2","district":"Multi-Unit 2","cat":"res","zone_dist_m":4.8,"campable_zone":false,"count":0,"placement":null}},{"type":"Feature","geometry":{"type":"LineString","coordinates":[[-122.2860870967853,37.88243692653983],[-122.28609709677424,37.882418926534925],[-122.28609958771897,37.882413645115875],[-122.28678658645121,37.880657644759616]]},"properties":{"id":"1544R","street":"ORDWAY ST","side":"R","pavement_ft":36,"width_ft":9.3,"width_source":"gis","path_ft":6,"depth_ft":-1.2,"zone":"R-2","district":"Multi-Unit 2","cat":"res","zone_dist_m":3.4,"campable_zone":false,"count":0,"placement":null}},{"type":"Feature","geometry":{"type":"LineString","coordinates":[[-122.29457564616752,37.882625253900535],[-122.29399864730733,37.88084525366807]]},"properties":{"id":"1551L","street":"STANNAGE AVE","side":"L","pavement_ft":30,"width_ft":10.7,"width_source":"gis","path_ft":6,"depth_ft":0.2,"zone":"R-2","district":"Multi-Unit 2","cat":"res","zone_dist_m":2.5,"campable_zone":false,"count":0,"placement":null}},{"type":"Feature","geometry":{"type":"LineString","coordinates":[[-122.29467635381884,37.88260474607777],[-122.29409935267904,37.880824746310246]]},"properties":{"id":"1551R","street":"STANNAGE AVE","side":"R","pavement_ft":30,"width_ft":9.9,"width_source":"gis","path_ft":6,"depth_ft":-0.6,"zone":"R-2","district":"Multi-Unit 2","cat":"res","zone_dist_m":3.9,"campable_zone":false,"count":0,"placement":null}},{"type":"Feature","geometry":{"type":"LineString","coordinates":[[-122.28215230526072,37.85575389364082],[-122.28126630468655,37.85585989370418]]},"properties":{"id":"1673L","street":"OREGON ST","side":"L","pavement_ft":36,"width_ft":10.6,"width_source":"gis","path_ft":6,"depth_ft":0.1,"zone":"R-1","district":"Multi-Unit 1","cat":"res","zone_dist_m":3.9,"campable_zone":false,"count":0,"placement":null}},{"type":"Feature","geometry":{"type":"LineString","coordinates":[[-122.28213369475107,37.85565610635817],[-122.28124769532525,37.85576210629482]]},"properties":{"id":"1673R","street":"OREGON ST","side":"R","pavement_ft":36,"width_ft":14.3,"width_source":"gis","path_ft":10,"depth_ft":-0.2,"zone":"R-1","district":"Multi-Unit 1","cat":"res","zone_dist_m":4.4,"campable_zone":false,"count":0,"placement":null}},{"type":"Feature","geometry":{"type":"LineString","coordinates":[[-122.2896366507638,37.86480772087248],[-122.28861765011004,37.86494772095697]]},"properties":{"id":"1764L","street":"BANCROFT WAY","side":"L","pavement_ft":36,"width_ft":13.0,"width_source":"gis","path_ft":6,"depth_ft":2.5,"zone":"R-2","district":"Multi-Unit 2","cat":"res","zone_dist_m":4.9,"campable_zone":false,"count":0,"placement":null}},{"type":"Feature","geometry":{"type":"LineString","coordinates":[[-122.28961534924974,37.8647102791263],[-122.28859634990347,37.8648502790418]]},"properties":{"id":"1764R","street":"BANCROFT WAY","side":"R","pavement_ft":36,"width_ft":10.7,"width_source":"gis","path_ft":6,"depth_ft":0.2,"zone":"R-2","district":"Multi-Unit 2","cat":"res","zone_dist_m":3.7,"campable_zone":false,"count":0,"placement":null}},{"type":"Feature","geometry":{"type":"LineString","coordinates":[[-122.28630947287577,37.86426710903272],[-122.286123473596,37.86338010894396]]},"properties":{"id":"1855L","street":"BONAR ST","side":"L","pavement_ft":36,"width_ft":10.4,"width_source":"gis","path_ft":6,"depth_ft":-0.1,"zone":"R-2","district":"Multi-Unit 2","cat":"res","zone_dist_m":2.9,"campable_zone":false,"count":0,"placement":null}},{"type":"Feature","geometry":{"type":"LineString","coordinates":[[-122.28643252711126,37.86425089093497],[-122.286246526391,37.86336389102374]]},"properties":{"id":"1855R","street":"BONAR ST","side":"R","pavement_ft":36,"width_ft":16.2,"width_source":"gis","path_ft":10,"depth_ft":1.7,"zone":"R-2","district":"Multi-Unit 2","cat":"res","zone_dist_m":5.1,"campable_zone":false,"count":0,"placement":null}},{"type":"Feature","geometry":{"type":"LineString","coordinates":[[-122.28119541821935,37.8558188089647],[-122.2809594191718,37.85464880885244]]},"properties":{"id":"1892L","street":"DOHR ST","side":"L","pavement_ft":36,"width_ft":15.0,"width_source":"gis","path_ft":10,"depth_ft":0.5,"zone":"R-1","district":"Multi-Unit 1","cat":"res","zone_dist_m":4.2,"campable_zone":false,"count":0,"placement":null}},{"type":"Feature","geometry":{"type":"LineString","coordinates":[[-122.28131858176818,37.855803191002956],[-122.2810825808157,37.85463319111522]]},"properties":{"id":"1892R","street":"DOHR ST","side":"R","pavement_ft":36,"width_ft":9.1,"width_source":"gis","path_ft":6,"depth_ft":-1.4,"zone":"R-1","district":"Multi-Unit 1","cat":"res","zone_dist_m":4.4,"campable_zone":false,"count":0,"placement":null}},{"type":"Feature","geometry":{"type":"LineString","coordinates":[[-122.28854546553731,37.864907076599316],[-122.28833746634635,37.86391107650005]]},"properties":{"id":"1893L","street":"CURTIS ST","side":"L","pavement_ft":36,"width_ft":9.3,"width_source":"gis","path_ft":6,"depth_ft":-1.2,"zone":"R-2","district":"Multi-Unit 2","cat":"res","zone_dist_m":2.6,"campable_zone":false,"count":0,"placement":null}},{"type":"Feature","geometry":{"type":"LineString","coordinates":[[-122.28866853444976,37.86489092336836],[-122.28846053364073,37.86389492346765]]},"properties":{"id":"1893R","street":"CURTIS ST","side":"R","pavement_ft":36,"width_ft":16.2,"width_source":"gis","path_ft":10,"depth_ft":1.7,"zone":"R-2","district":"Multi-Unit 2","cat":"res","zone_dist_m":5.0,"campable_zone":false,"count":0,"placement":null}},{"type":"Feature","geometry":{"type":"LineString","coordinates":[[-122.28102852138275,37.857741744191834],[-122.28100159735536,37.85773810581076],[-122.27998569375329,37.85786484616936]]},"properties":{"id":"1999L","street":"WARD ST","side":"L","pavement_ft":36,"width_ft":10.2,"width_source":"gis","path_ft":6,"depth_ft":-0.3,"zone":"R-1","district":"Multi-Unit 1","cat":"res","zone_dist_m":3.7,"campable_zone":false,"count":0,"placement":null}},{"type":"Feature","geometry":{"type":"LineString","coordinates":[[-122.28104947860298,37.857644255806655],[-122.28101247862652,37.85763925581018],[-122.281005772115,37.857638643390864],[-122.28099902140517,37.85763860928971],[-122.28099230559592,37.85763915390627],[-122.27996630625901,37.85776715382955]]},"properties":{"id":"1999R","street":"WARD ST","side":"R","pavement_ft":36,"width_ft":8.1,"width_source":"gis","path_ft":6,"depth_ft":-2.4,"zone":"R-1","district":"Multi-Unit 1","cat":"res","zone_dist_m":3.7,"campable_zone":false,"count":0,"placement":null}},{"type":"Feature","geometry":{"type":"LineString","coordinates":[[-122.2884512670159,37.85769277253984],[-122.28660726582946,37.857936772686756]]},"properties":{"id":"2001L","street":"DERBY ST","side":"L","pavement_ft":36,"width_ft":11.1,"width_source":"gis","path_ft":6,"depth_ft":0.6,"zone":"R-1","district":"Multi-Unit 1","cat":"res","zone_dist_m":4.0,"campable_zone":false,"count":0,"placement":null}},{"type":"Feature","geometry":{"type":"LineString","coordinates":[[-122.28843073299717,37.85759522745897],[-122.28658673418359,37.85783922731209]]},"properties":{"id":"2001R","street":"DERBY ST","side":"R","pavement_ft":36,"width_ft":13.6,"width_source":"gis","path_ft":6,"depth_ft":3.1,"zone":"R-1","district":"Multi-Unit 1","cat":"res","zone_dist_m":4.4,"campable_zone":false,"count":0,"placement":null}},{"type":"Feature","geometry":{"type":"LineString","coordinates":[[-122.29239321630672,37.858702952917625],[-122.29128021562667,37.858924953052906]]},"properties":{"id":"2036L","street":"PARKER ST","side":"L","pavement_ft":36,"width_ft":10.6,"width_source":"gis","path_ft":6,"depth_ft":0.1,"zone":"MULI","district":"Mixed Use-Light Industrial","cat":"man","zone_dist_m":4.8,"campable_zone":true,"count":0,"placement":null}},{"type":"Feature","geometry":{"type":"LineString","coordinates":[[-122.29236278371252,37.858607047080206],[-122.29124978439258,37.858829046944926]]},"properties":{"id":"2036R","street":"PARKER ST","side":"R","pavement_ft":36,"width_ft":14.4,"width_source":"gis","path_ft":10,"depth_ft":-0.1,"zone":"MULI","district":"Mixed Use-Light Industrial","cat":"man","zone_dist_m":4.5,"campable_zone":true,"count":0,"placement":null}},{"type":"Feature","geometry":{"type":"LineString","coordinates":[[-122.30345857748709,37.86438250194816],[-122.30332557769572,37.86400050190175],[-122.30332537123779,37.86399988764922],[-122.30283337207936,37.8624818874774],[-122.30283309448467,37.86248098214011],[-122.30205909599779,37.859804981869914],[-122.30205898537407,37.859804589250615],[-122.30013598936836,37.852793588579964],[-122.300135486883,37.85279144248428],[-122.29994548745871,37.851814442419],[-122.29994500295533,37.85181053419234],[-122.29992000323533,37.85134953418567],[-122.29991997690756,37.85134707070685],[-122.29993297714806,37.85095107071414],[-122.29993352235536,37.85094638364804],[-122.29998152249476,37.850707383667334],[-122.29998199184229,37.85070540691149],[-122.30004099196336,37.85049040693448],[-122.30004130601326,37.85048934136562],[-122.30041730666895,37.84929634150991]]},"properties":{"id":"2055L","street":"W FRONTAGE RD","side":"L","pavement_ft":26,"width_ft":8.2,"width_source":"gis","path_ft":6,"depth_ft":-2.3,"zone":"U","district":"Unclassified","cat":"other","zone_dist_m":50.7,"campable_zone":false,"count":0,"placement":null}},{"type":"Feature","geometry":{"type":"LineString","coordinates":[[-122.30354542250201,37.8643634980357],[-122.30341252897078,37.86398180447988],[-122.30292077415706,37.86246456373929],[-122.30214696069973,37.859789214176274],[-122.30022430324418,37.852779478360226],[-122.30003489049624,37.85180550109979],[-122.30001006354111,37.85134769717625],[-122.30002294545245,37.85095528707783],[-122.30007027795791,37.850719609936576],[-122.30012886131716,37.85050612774154],[-122.3005046933415,37.849313658473946]]},"properties":{"id":"2055R","street":"W FRONTAGE RD","side":"R","pavement_ft":26,"width_ft":31.3,"width_source":"gis","path_ft":10,"depth_ft":16.8,"zone":"U","district":"Unclassified","cat":"other","zone_dist_m":58.6,"campable_zone":false,"count":0,"placement":null}},{"type":"Feature","geometry":{"type":"LineString","coordinates":[[-122.2801648528437,37.858761826164596],[-122.277988851439,37.85903782633016]]},"properties":{"id":"2058L","street":"DERBY ST","side":"L","pavement_ft":36,"width_ft":12.7,"width_source":"gis","path_ft":6,"depth_ft":2.2,"zone":"R-2","district":"Multi-Unit 2","cat":"res","zone_dist_m":4.6,"campable_zone":false,"count":0,"placement":null}},{"type":"Feature","geometry":{"type":"LineString","coordinates":[[-122.28014514716881,37.85866417383431],[-122.27796914857349,37.85894017366873]]},"properties":{"id":"2058R","street":"DERBY ST","side":"R","pavement_ft":36,"width_ft":11.1,"width_source":"gis","path_ft":6,"depth_ft":0.6,"zone":"R-2","district":"Multi-Unit 2","cat":"res","zone_dist_m":3.4,"campable_zone":false,"count":0,"placement":null}},{"type":"Feature","geometry":{"type":"LineString","coordinates":[[-122.28817346698064,37.86311707637023],[-122.2877994684353,37.86132607619176]]},"properties":{"id":"2066L","street":"CURTIS ST","side":"L","pavement_ft":36,"width_ft":10.0,"width_source":"gis","path_ft":6,"depth_ft":-0.5,"zone":"R-2","district":"Multi-Unit 2","cat":"res","zone_dist_m":2.8,"campable_zone":false,"count":0,"placement":null}},{"type":"Feature","geometry":{"type":"LineString","coordinates":[[-122.28829653300642,37.86310092359746],[-122.28792253155181,37.86130992377591]]},"properties":{"id":"2066R","street":"CURTIS ST","side":"R","pavement_ft":36,"width_ft":15.3,"width_source":"gis","path_ft":10,"depth_ft":0.8,"zone":"R-2","district":"Multi-Unit 2","cat":"res","zone_dist_m":5.0,"campable_zone":false,"count":0,"placement":null}},{"type":"Feature","geometry":{"type":"LineString","coordinates":[[-122.28539846929534,37.86163808145169],[-122.2852164700027,37.86076708136486]]},"properties":{"id":"2081L","street":"MABEL ST","side":"L","pavement_ft":36,"width_ft":10.5,"width_source":"gis","path_ft":6,"depth_ft":-0.0,"zone":"R-1","district":"Multi-Unit 1","cat":"res","zone_dist_m":3.4,"campable_zone":false,"count":0,"placement":null}},{"type":"Feature","geometry":{"type":"LineString","coordinates":[[-122.28552153069174,37.86162191851601],[-122.28533952998437,37.860750918602825]]},"properties":{"id":"2081R","street":"MABEL ST","side":"R","pavement_ft":36,"width_ft":13.6,"width_source":"gis","path_ft":6,"depth_ft":3.1,"zone":"R-2","district":"Multi-Unit 2","cat":"res","zone_dist_m":4.4,"campable_zone":false,"count":0,"placement":null}},{"type":"Feature","geometry":{"type":"LineString","coordinates":[[-122.28656926312502,37.86521077311776],[-122.2853442623366,37.8653727732153]]},"properties":{"id":"2082L","street":"BANCROFT WAY","side":"L","pavement_ft":36,"width_ft":10.2,"width_source":"gis","path_ft":6,"depth_ft":-0.3,"zone":"R-2","district":"Multi-Unit 2","cat":"res","zone_dist_m":4.2,"campable_zone":false,"count":0,"placement":null}},{"type":"Feature","geometry":{"type":"LineString","coordinates":[[-122.28654873688802,37.86511322688108],[-122.28532373767644,37.865275226783524]]},"properties":{"id":"2082R","street":"BANCROFT WAY","side":"R","pavement_ft":36,"width_ft":13.4,"width_source":"gis","path_ft":6,"depth_ft":2.9,"zone":"R-2","district":"Multi-Unit 2","cat":"res","zone_dist_m":4.8,"campable_zone":false,"count":0,"placement":null}},{"type":"Feature","geometry":{"type":"LineString","coordinates":[[-122.28510897663926,37.859926810404616],[-122.28287497519847,37.86021381057704]]},"properties":{"id":"2124L","street":"PARKER ST","side":"L","pavement_ft":36,"width_ft":11.2,"width_source":"gis","path_ft":6,"depth_ft":0.7,"zone":"R-1","district":"Multi-Unit 1","cat":"res","zone_dist_m":3.8,"campable_zone":false,"count":0,"placement":null}},{"type":"Feature","geometry":{"type":"LineString","coordinates":[[-122.28508902337342,37.85982918959426],[-122.2828550248142,37.86011618942185]]},"properties":{"id":"2124R","street":"PARKER ST","side":"R","pavement_ft":36,"width_ft":13.1,"width_source":"gis","path_ft":6,"depth_ft":2.6,"zone":"R-1","district":"Multi-Unit 1","cat":"res","zone_dist_m":3.6,"campable_zone":false,"count":0,"placement":null}},{"type":"Feature","geometry":{"type":"LineString","coordinates":[[-122.28947011856786,37.85694317410946],[-122.28831411801609,37.85724217426025]]},"properties":{"id":"2134L","street":"PARDEE ST","side":"L","pavement_ft":30,"width_ft":9.6,"width_source":"gis","path_ft":6,"depth_ft":-0.9,"zone":"C-W","district":"West Berkeley Commercial","cat":"com","zone_dist_m":2.9,"campable_zone":true,"count":0,"placement":null}},{"type":"Feature","geometry":{"type":"LineString","coordinates":[[-122.28943788144892,37.856864825888245],[-122.28828188200066,37.85716382573745]]},"properties":{"id":"2134R","street":"PARDEE ST","side":"R","pavement_ft":30,"width_ft":14.2,"width_source":"gis","path_ft":10,"depth_ft":-0.3,"zone":"C-W","district":"West Berkeley Commercial","cat":"com","zone_dist_m":5.1,"campable_zone":true,"count":0,"placement":null}},{"type":"Feature","geometry":{"type":"LineString","coordinates":[[-122.29303122085469,37.85699204025782],[-122.2919372202267,37.857273040427955]]},"properties":{"id":"2136L","street":"CARLETON ST","side":"L","pavement_ft":36,"width_ft":16.1,"width_source":"gis","path_ft":10,"depth_ft":1.6,"zone":"MULI","district":"Mixed Use-Light Industrial","cat":"man","zone_dist_m":6.6,"campable_zone":true,"count":0,"placement":null}},{"type":"Feature","geometry":{"type":"LineString","coordinates":[[-122.29299277916934,37.856897959738916],[-122.29189877979732,37.85717895956876]]},"properties":{"id":"2136R","street":"CARLETON ST","side":"R","pavement_ft":36,"width_ft":20.6,"width_source":"gis","path_ft":10,"depth_ft":6.1,"zone":"MUR","district":"Mixed Use-Residential","cat":"mixres","zone_dist_m":6.3,"campable_zone":true,"count":15,"placement":"building"}},{"type":"Feature","geometry":{"type":"LineString","coordinates":[[-122.29056443379376,37.85667334708078],[-122.28946943326339,37.85694334721725]]},"properties":{"id":"2148L","street":"PARDEE ST","side":"L","pavement_ft":30,"width_ft":6.6,"width_source":"gis","path_ft":6,"depth_ft":-3.9,"zone":"MUR","district":"Mixed Use-Residential","cat":"mixres","zone_dist_m":3.7,"campable_zone":true,"count":0,"placement":null}},{"type":"Feature","geometry":{"type":"LineString","coordinates":[[-122.29053356622236,37.8565946529171],[-122.28943856675272,37.85686465278064]]},"properties":{"id":"2148R","street":"PARDEE ST","side":"R","pavement_ft":30,"width_ft":11.7,"width_source":"gis","path_ft":6,"depth_ft":1.2,"zone":"MUR","district":"Mixed Use-Residential","cat":"mixres","zone_dist_m":4.1,"campable_zone":true,"count":0,"placement":null}},{"type":"Feature","geometry":{"type":"LineString","coordinates":[[-122.29699277874835,37.856001152350736],[-122.29629777834622,37.85617515245622]]},"properties":{"id":"2149L","street":"CARLETON ST","side":"L","pavement_ft":36,"width_ft":6.2,"width_source":"gis","path_ft":6,"depth_ft":-4.3,"zone":"MM","district":"Mixed Manufacturing","cat":"man","zone_dist_m":6.6,"campable_zone":true,"count":0,"placement":null}},{"type":"Feature","geometry":{"type":"LineString","coordinates":[[-122.29695522127521,37.855906847646125],[-122.29626022167727,37.85608084754063]]},"properties":{"id":"2149R","street":"CARLETON ST","side":"R","pavement_ft":36,"width_ft":18.3,"width_source":"gis","path_ft":10,"depth_ft":3.8,"zone":"MM","district":"Mixed Manufacturing","cat":"man","zone_dist_m":5.6,"campable_zone":true,"count":0,"placement":null}},{"type":"Feature","geometry":{"type":"LineString","coordinates":[[-122.2962977604108,37.856175156944104],[-122.29303075851995,37.856992157439464]]},"properties":{"id":"2150L","street":"CARLETON ST","side":"L","pavement_ft":36,"width_ft":11.9,"width_source":"gis","path_ft":6,"depth_ft":1.4,"zone":"MM","district":"Mixed Manufacturing","cat":"man","zone_dist_m":6.3,"campable_zone":true,"count":0,"placement":null}},{"type":"Feature","geometry":{"type":"LineString","coordinates":[[-122.29626023961268,37.85608084305275],[-122.29299324150354,37.85689784255742]]},"properties":{"id":"2150R","street":"CARLETON ST","side":"R","pavement_ft":36,"width_ft":20.2,"width_source":"gis","path_ft":10,"depth_ft":5.7,"zone":"MM","district":"Mixed Manufacturing","cat":"man","zone_dist_m":6.4,"campable_zone":true,"count":135,"placement":"curb"}},{"type":"Feature","geometry":{"type":"LineString","coordinates":[[-122.28015709853739,37.86415021337059],[-122.2799751005665,37.8623312132646]]},"properties":{"id":"2151L","street":"SPAULDING AVE","side":"L","pavement_ft":48,"width_ft":15.2,"width_source":"gis","path_ft":10,"depth_ft":0.7,"zone":"R-2","district":"Multi-Unit 2","cat":"res","zone_dist_m":4.6,"campable_zone":false,"count":0,"placement":null}},{"type":"Feature","geometry":{"type":"LineString","coordinates":[[-122.2803229014519,37.86413978657092],[-122.28014089942278,37.86232078667691]]},"properties":{"id":"2151R","street":"SPAULDING AVE","side":"R","pavement_ft":48,"width_ft":19.0,"width_source":"gis","path_ft":10,"depth_ft":4.5,"zone":"R-2","district":"Multi-Unit 2","cat":"res","zone_dist_m":6.3,"campable_zone":false,"count":0,"placement":null}},{"type":"Feature","geometry":{"type":"LineString","coordinates":[[-122.29068252767087,37.864665737689634],[-122.28963652699912,37.86480773777529]]},"properties":{"id":"2153L","street":"BANCROFT WAY","side":"L","pavement_ft":36,"width_ft":14.4,"width_source":"gis","path_ft":10,"depth_ft":-0.1,"zone":"C-W","district":"West Berkeley Commercial","cat":"com","zone_dist_m":5.3,"campable_zone":true,"count":0,"placement":null}},{"type":"Feature","geometry":{"type":"LineString","coordinates":[[-122.29066147234253,37.864568262309184],[-122.28961547301427,37.86471026222351]]},"properties":{"id":"2153R","street":"BANCROFT WAY","side":"R","pavement_ft":36,"width_ft":10.5,"width_source":"gis","path_ft":6,"depth_ft":-0.0,"zone":"C-W","district":"West Berkeley Commercial","cat":"com","zone_dist_m":3.5,"campable_zone":true,"count":0,"placement":null}},{"type":"Feature","geometry":{"type":"LineString","coordinates":[[-122.29987576544765,37.86467762738281],[-122.29976276538005,37.864702627398046]]},"properties":{"id":"2154L","street":"ALLSTON WAY","side":"L","pavement_ft":36,"width_ft":18.1,"width_source":"gis","path_ft":10,"depth_ft":3.6,"zone":"MULI","district":"Mixed Use-Light Industrial","cat":"man","zone_dist_m":5.7,"campable_zone":true,"count":0,"placement":null}},{"type":"Feature","geometry":{"type":"LineString","coordinates":[[-122.2998422345735,37.86458237261461],[-122.29972923464106,37.8646073725994]]},"properties":{"id":"2154R","street":"ALLSTON WAY","side":"R","pavement_ft":36,"width_ft":1.8,"width_source":"gis","path_ft":6,"depth_ft":-8.7,"zone":"MULI","district":"Mixed Use-Light Industrial","cat":"man","zone_dist_m":0.7,"campable_zone":true,"count":0,"placement":null}},{"type":"Feature","geometry":{"type":"LineString","coordinates":[[-122.29976247088514,37.864702691935676],[-122.29898847042028,37.86487069203805]]},"properties":{"id":"2155L","street":"ALLSTON WAY","side":"L","pavement_ft":36,"width_ft":16.5,"width_source":"gis","path_ft":10,"depth_ft":2.0,"zone":"MULI","district":"Mixed Use-Light Industrial","cat":"man","zone_dist_m":5.3,"campable_zone":true,"count":0,"placement":null}},{"type":"Feature","geometry":{"type":"LineString","coordinates":[[-122.29972952913562,37.86460730806184],[-122.2989555296005,37.864775307959505]]},"properties":{"id":"2155R","street":"ALLSTON WAY","side":"R","pavement_ft":36,"width_ft":5.1,"width_source":"gis","path_ft":6,"depth_ft":-5.4,"zone":"MULI","district":"Mixed Use-Light Industrial","cat":"man","zone_dist_m":2.4,"campable_zone":true,"count":0,"placement":null}},{"type":"Feature","geometry":{"type":"LineString","coordinates":[[-122.28494079779686,37.85905583316237],[-122.28268879634254,37.85933983333278]]},"properties":{"id":"2162L","street":"CARLETON ST","side":"L","pavement_ft":36,"width_ft":10.7,"width_source":"gis","path_ft":6,"depth_ft":0.2,"zone":"R-1","district":"Multi-Unit 1","cat":"res","zone_dist_m":4.2,"campable_zone":false,"count":0,"placement":null}},{"type":"Feature","geometry":{"type":"LineString","coordinates":[[-122.28492120221557,37.85895816683656],[-122.2826692036699,37.85924216666614]]},"properties":{"id":"2162R","street":"CARLETON ST","side":"R","pavement_ft":36,"width_ft":12.7,"width_source":"gis","path_ft":6,"depth_ft":2.2,"zone":"R-1","district":"Multi-Unit 1","cat":"res","zone_dist_m":4.4,"campable_zone":false,"count":0,"placement":null}},{"type":"Feature","geometry":{"type":"LineString","coordinates":[[-122.29027208536446,37.85580397880887],[-122.28916408468636,37.85602297894231]]},"properties":{"id":"2170L","street":"GRAYSON ST","side":"L","pavement_ft":36,"width_ft":9.1,"width_source":"gis","path_ft":6,"depth_ft":-1.4,"zone":"MUR","district":"Mixed Use-Residential","cat":"mixres","zone_dist_m":4.7,"campable_zone":true,"count":0,"placement":null}},{"type":"Feature","geometry":{"type":"LineString","coordinates":[[-122.29024191465462,37.85570802118898],[-122.2891339153327,37.85592702105557]]},"properties":{"id":"2170R","street":"GRAYSON ST","side":"R","pavement_ft":36,"width_ft":13.7,"width_source":"gis","path_ft":6,"depth_ft":3.2,"zone":"MUR","district":"Mixed Use-Residential","cat":"mixres","zone_dist_m":4.5,"campable_zone":true,"count":0,"placement":null}},{"type":"Feature","geometry":{"type":"LineString","coordinates":[[-122.28042884051233,37.85596682770559],[-122.2796158399875,37.856069827767364]]},"properties":{"id":"2171L","street":"OREGON ST","side":"L","pavement_ft":36,"width_ft":11.1,"width_source":"gis","path_ft":6,"depth_ft":0.6,"zone":"R-3","district":"Multiple-Family Residential","cat":"res","zone_dist_m":4.5,"campable_zone":false,"count":0,"placement":null}},{"type":"Feature","geometry":{"type":"LineString","coordinates":[[-122.28040915950015,37.85586917229332],[-122.27959616002497,37.85597217223152]]},"properties":{"id":"2171R","street":"OREGON ST","side":"R","pavement_ft":36,"width_ft":12.4,"width_source":"gis","path_ft":6,"depth_ft":1.9,"zone":"R-1","district":"Multi-Unit 1","cat":"res","zone_dist_m":3.4,"campable_zone":false,"count":0,"placement":null}},{"type":"Feature","geometry":{"type":"LineString","coordinates":[[-122.28684312850477,37.86149979076757],[-122.28581612784318,37.86163379084817]]},"properties":{"id":"2182L","street":"DWIGHT WAY","side":"L","pavement_ft":36,"width_ft":11.7,"width_source":"gis","path_ft":6,"depth_ft":1.2,"zone":"R-2","district":"Multi-Unit 2","cat":"res","zone_dist_m":4.7,"campable_zone":false,"count":0,"placement":null}},{"type":"Feature","geometry":{"type":"LineString","coordinates":[[-122.2868228715081,37.8614022092313],[-122.28579587216969,37.861536209150685]]},"properties":{"id":"2182R","street":"DWIGHT WAY","side":"R","pavement_ft":36,"width_ft":12.3,"width_source":"gis","path_ft":6,"depth_ft":1.8,"zone":"R-2","district":"Multi-Unit 2","cat":"res","zone_dist_m":4.5,"campable_zone":false,"count":0,"placement":null}},{"type":"Feature","geometry":{"type":"LineString","coordinates":[[-122.28076204913089,37.861391801040114],[-122.2785290476914,37.86168080121374]]},"properties":{"id":"2184L","street":"BLAKE ST","side":"L","pavement_ft":36,"width_ft":13.5,"width_source":"gis","path_ft":6,"depth_ft":3.0,"zone":"R-2","district":"Multi-Unit 2","cat":"res","zone_dist_m":5.0,"campable_zone":false,"count":0,"placement":null}},{"type":"Feature","geometry":{"type":"LineString","coordinates":[[-122.28074195088186,37.86129419895875],[-122.2785089523213,37.86158319878512]]},"properties":{"id":"2184R","street":"BLAKE ST","side":"R","pavement_ft":36,"width_ft":11.0,"width_source":"gis","path_ft":6,"depth_ft":0.5,"zone":"R-2","district":"Multi-Unit 2","cat":"res","zone_dist_m":3.4,"campable_zone":false,"count":0,"placement":null}},{"type":"Feature","geometry":{"type":"LineString","coordinates":[[-122.2823513268175,37.85758955784769],[-122.28239767213081,37.85743507390276],[-122.28239860877464,37.85729178585808],[-122.2820814119769,37.85571277755346]]},"properties":{"id":"2186L","street":"ACTON ST","side":"L","pavement_ft":36,"width_ft":12.8,"width_source":"gis","path_ft":6,"depth_ft":2.3,"zone":"R-1","district":"Multi-Unit 1","cat":"res","zone_dist_m":4.2,"campable_zone":false,"count":0,"placement":null}},{"type":"Feature","geometry":{"type":"LineString","coordinates":[[-122.28247267320172,37.85761244212122],[-122.28252067307879,37.85745244209554],[-122.28252192212206,37.85744688748548],[-122.28252236493293,37.857441256219964],[-122.282523364804,37.85728825621815],[-122.28252318379087,37.85728422669559],[-122.28252258929979,37.85728022226293],[-122.28220458801069,37.85569722241417]]},"properties":{"id":"2186R","street":"ACTON ST","side":"R","pavement_ft":36,"width_ft":11.5,"width_source":"gis","path_ft":6,"depth_ft":1.0,"zone":"R-1","district":"Multi-Unit 1","cat":"res","zone_dist_m":3.5,"campable_zone":false,"count":0,"placement":null}},{"type":"Feature","geometry":{"type":"LineString","coordinates":[[-122.28098987847612,37.85768464457017],[-122.28101005850291,37.85761006640368],[-122.28100291929067,37.85759249292865],[-122.28095481854868,37.8575283585519],[-122.28095377400399,37.85752689647787],[-122.28043177433594,37.856758896287566],[-122.2804300722769,37.85675614335635],[-122.28037807232393,37.8566631433368]]},"properties":{"id":"2187L","street":"SOJOURNER TRUTH WAY","side":"L","pavement_ft":29,"width_ft":12.2,"width_source":"gis","path_ft":6,"depth_ft":1.7,"zone":"R-3","district":"Multiple-Family Residential","cat":"res","zone_dist_m":3.6,"campable_zone":false,"count":0,"placement":null}},{"type":"Feature","geometry":{"type":"LineString","coordinates":[[-122.2810881215353,37.857701355409404],[-122.28111112148179,37.857616355399394],[-122.2811119532403,37.85761224387033],[-122.28111223907929,37.85760808596178],[-122.28111197587506,37.8576039271139],[-122.28111116650416,37.8575998127771],[-122.28110981981197,37.857595787915365],[-122.28109681979328,37.857563787920384],[-122.28109478973774,37.85755961118883],[-122.281092181454,37.85755564141375],[-122.28104172315297,37.85748836373244],[-122.28052114353459,37.85672245417337],[-122.28046992765627,37.856630856645054]]},"properties":{"id":"2187R","street":"SOJOURNER TRUTH WAY","side":"R","pavement_ft":29,"width_ft":21.5,"width_source":"gis","path_ft":10,"depth_ft":7.0,"zone":"R-3","district":"Multiple-Family Residential","cat":"res","zone_dist_m":10.9,"campable_zone":false,"count":0,"placement":null}},{"type":"Feature","geometry":{"type":"LineString","coordinates":[[-122.28697462224012,37.859695855119206],[-122.2851086210335,37.859926855257676]]},"properties":{"id":"2189L","street":"PARKER ST","side":"L","pavement_ft":36,"width_ft":11.1,"width_source":"gis","path_ft":6,"depth_ft":0.6,"zone":"R-1","district":"Multi-Unit 1","cat":"res","zone_dist_m":4.1,"campable_zone":false,"count":0,"placement":null}},{"type":"Feature","geometry":{"type":"LineString","coordinates":[[-122.28695537777203,37.85959814487973],[-122.28508937897871,37.859829144741255]]},"properties":{"id":"2189R","street":"PARKER ST","side":"R","pavement_ft":36,"width_ft":14.2,"width_source":"gis","path_ft":10,"depth_ft":-0.3,"zone":"R-1","district":"Multi-Unit 1","cat":"res","zone_dist_m":4.3,"campable_zone":false,"count":0,"placement":null}},{"type":"Feature","geometry":{"type":"LineString","coordinates":[[-122.28307300678777,37.86199080653019],[-122.2821030061623,37.862115806605274]]},"properties":{"id":"2200L","street":"DWIGHT WAY","side":"L","pavement_ft":36,"width_ft":11.5,"width_source":"gis","path_ft":6,"depth_ft":1.0,"zone":"R-2","district":"Multi-Unit 2","cat":"res","zone_dist_m":4.4,"campable_zone":false,"count":0,"placement":null}},{"type":"Feature","geometry":{"type":"LineString","coordinates":[[-122.28305299322493,37.861893193468696],[-122.28208299385041,37.862018193393595]]},"properties":{"id":"2200R","street":"DWIGHT WAY","side":"R","pavement_ft":36,"width_ft":12.6,"width_source":"gis","path_ft":6,"depth_ft":2.1,"zone":"R-2","district":"Multi-Unit 2","cat":"res","zone_dist_m":3.9,"campable_zone":false,"count":0,"placement":null}},{"type":"Feature","geometry":{"type":"LineString","coordinates":[[-122.28242178585313,37.857649834638735],[-122.2816437853507,37.857747834697506]]},"properties":{"id":"2211L","street":"WARD ST","side":"L","pavement_ft":36,"width_ft":11.4,"width_source":"gis","path_ft":6,"depth_ft":0.9,"zone":"R-1","district":"Multi-Unit 1","cat":"res","zone_dist_m":2.9,"campable_zone":false,"count":0,"placement":null}},{"type":"Feature","geometry":{"type":"LineString","coordinates":[[-122.28240221415928,37.85755216536019],[-122.28162421466173,37.8576501653014]]},"properties":{"id":"2211R","street":"WARD ST","side":"R","pavement_ft":36,"width_ft":14.7,"width_source":"gis","path_ft":10,"depth_ft":0.2,"zone":"R-1","district":"Multi-Unit 1","cat":"res","zone_dist_m":4.2,"campable_zone":false,"count":0,"placement":null}},{"type":"Feature","geometry":{"type":"LineString","coordinates":[[-122.28528801510849,37.860807805461675],[-122.28305501366874,37.86109580563476]]},"properties":{"id":"2215L","street":"BLAKE ST","side":"L","pavement_ft":36,"width_ft":12.1,"width_source":"gis","path_ft":6,"depth_ft":1.6,"zone":"R-1","district":"Multi-Unit 1","cat":"res","zone_dist_m":4.3,"campable_zone":false,"count":0,"placement":null}},{"type":"Feature","geometry":{"type":"LineString","coordinates":[[-122.28526798490421,37.8607101945372],[-122.28303498634399,37.860998194364115]]},"properties":{"id":"2215R","street":"BLAKE ST","side":"R","pavement_ft":36,"width_ft":12.4,"width_source":"gis","path_ft":6,"depth_ft":1.9,"zone":"R-1","district":"Multi-Unit 1","cat":"res","zone_dist_m":3.8,"campable_zone":false,"count":0,"placement":null}},{"type":"Feature","geometry":{"type":"LineString","coordinates":[[-122.28298343189141,37.86105489788768],[-122.28280343260896,37.860172897801974]]},"properties":{"id":"2216L","street":"ACTON ST","side":"L","pavement_ft":36,"width_ft":11.7,"width_source":"gis","path_ft":6,"depth_ft":1.2,"zone":"R-1","district":"Multi-Unit 1","cat":"res","zone_dist_m":3.5,"campable_zone":false,"count":0,"placement":null}},{"type":"Feature","geometry":{"type":"LineString","coordinates":[[-122.28310656809599,37.86103910207997],[-122.28292656737841,37.86015710216568]]},"properties":{"id":"2216R","street":"ACTON ST","side":"R","pavement_ft":36,"width_ft":13.5,"width_source":"gis","path_ft":6,"depth_ft":3.0,"zone":"R-1","district":"Multi-Unit 1","cat":"res","zone_dist_m":5.2,"campable_zone":false,"count":0,"placement":null}},{"type":"Feature","geometry":{"type":"LineString","coordinates":[[-122.28624521633094,37.85714977920953],[-122.28521221566606,37.85728577929136]]},"properties":{"id":"2223L","street":"WARD ST","side":"L","pavement_ft":36,"width_ft":13.9,"width_source":"gis","path_ft":6,"depth_ft":3.4,"zone":"R-1","district":"Multi-Unit 1","cat":"res","zone_dist_m":5.7,"campable_zone":false,"count":0,"placement":null}},{"type":"Feature","geometry":{"type":"LineString","coordinates":[[-122.28622478368204,37.85705222078932],[-122.28519178434694,37.85718822070747]]},"properties":{"id":"2223R","street":"WARD ST","side":"R","pavement_ft":36,"width_ft":11.2,"width_source":"gis","path_ft":6,"depth_ft":0.7,"zone":"R-1","district":"Multi-Unit 1","cat":"res","zone_dist_m":5.5,"campable_zone":false,"count":0,"placement":null}},{"type":"Feature","geometry":{"type":"LineString","coordinates":[[-122.28514043764325,37.857244910628026],[-122.2847414392308,37.85529291043798]]},"properties":{"id":"2224L","street":"MABEL ST","side":"L","pavement_ft":36,"width_ft":14.1,"width_source":"gis","path_ft":10,"depth_ft":-0.4,"zone":"R-1","district":"Multi-Unit 1","cat":"res","zone_dist_m":5.1,"campable_zone":false,"count":0,"placement":null}},{"type":"Feature","geometry":{"type":"LineString","coordinates":[[-122.2852635623441,37.85722908933963],[-122.28486456075655,37.8552770895297]]},"properties":{"id":"2224R","street":"MABEL ST","side":"R","pavement_ft":36,"width_ft":9.6,"width_source":"gis","path_ft":6,"depth_ft":-0.9,"zone":"R-1","district":"Multi-Unit 1","cat":"res","zone_dist_m":4.4,"campable_zone":false,"count":0,"placement":null}},{"type":"Feature","geometry":{"type":"LineString","coordinates":[[-122.28721878837709,37.86329183440096],[-122.28619478771566,37.86342083447841]]},"properties":{"id":"2235L","street":"CHANNING WAY","side":"L","pavement_ft":36,"width_ft":10.4,"width_source":"gis","path_ft":6,"depth_ft":-0.1,"zone":"R-2","district":"Multi-Unit 2","cat":"res","zone_dist_m":4.5,"campable_zone":false,"count":0,"placement":null}},{"type":"Feature","geometry":{"type":"LineString","coordinates":[[-122.28719921163535,37.863194165597925],[-122.28617521229677,37.863323165520505]]},"properties":{"id":"2235R","street":"CHANNING WAY","side":"R","pavement_ft":36,"width_ft":13.4,"width_source":"gis","path_ft":6,"depth_ft":2.9,"zone":"R-2","district":"Multi-Unit 2","cat":"res","zone_dist_m":4.1,"campable_zone":false,"count":0,"placement":null}},{"type":"Feature","geometry":{"type":"LineString","coordinates":[[-122.28148567000689,37.865872849202496],[-122.280432669326,37.86600384928101]]},"properties":{"id":"2247L","street":"BANCROFT WAY","side":"L","pavement_ft":36,"width_ft":11.8,"width_source":"gis","path_ft":6,"depth_ft":1.3,"zone":"R-2","district":"Multi-Unit 2","cat":"res","zone_dist_m":4.3,"campable_zone":false,"count":0,"placement":null}},{"type":"Feature","geometry":{"type":"LineString","coordinates":[[-122.2814663300054,37.86577515079646],[-122.28041333068624,37.865906150717926]]},"properties":{"id":"2247R","street":"BANCROFT WAY","side":"R","pavement_ft":36,"width_ft":12.5,"width_source":"gis","path_ft":6,"depth_ft":2.0,"zone":"R-2","district":"Multi-Unit 2","cat":"res","zone_dist_m":4.1,"campable_zone":false,"count":0,"placement":null}},{"type":"Feature","geometry":{"type":"LineString","coordinates":[[-122.29674244564578,37.85782090680503],[-122.293505443674,37.858476907204846]]},"properties":{"id":"2252L","street":"PARKER ST","side":"L","pavement_ft":36,"width_ft":10.9,"width_source":"gis","path_ft":6,"depth_ft":0.4,"zone":"MM","district":"Mixed Manufacturing","cat":"man","zone_dist_m":5.1,"campable_zone":true,"count":0,"placement":null}},{"type":"Feature","geometry":{"type":"LineString","coordinates":[[-122.29671155437379,37.85772509319277],[-122.29347455634557,37.85838109279295]]},"properties":{"id":"2252R","street":"PARKER ST","side":"R","pavement_ft":36,"width_ft":14.4,"width_source":"gis","path_ft":10,"depth_ft":-0.1,"zone":"MM","district":"Mixed Manufacturing","cat":"man","zone_dist_m":4.6,"campable_zone":true,"count":0,"placement":null}},{"type":"Feature","geometry":{"type":"LineString","coordinates":[[-122.28714487204113,37.8605718237905],[-122.28528787084251,37.860807823932234]]},"properties":{"id":"2255L","street":"BLAKE ST","side":"L","pavement_ft":36,"width_ft":11.0,"width_source":"gis","path_ft":6,"depth_ft":0.5,"zone":"R-1","district":"Multi-Unit 1","cat":"res","zone_dist_m":4.8,"campable_zone":false,"count":0,"placement":null}},{"type":"Feature","geometry":{"type":"LineString","coordinates":[[-122.28712512797144,37.860474176208385],[-122.28526812917002,37.86071017606666]]},"properties":{"id":"2255R","street":"BLAKE ST","side":"R","pavement_ft":36,"width_ft":11.8,"width_source":"gis","path_ft":6,"depth_ft":1.3,"zone":"R-1","district":"Multi-Unit 1","cat":"res","zone_dist_m":4.0,"campable_zone":false,"count":0,"placement":null}},{"type":"Feature","geometry":{"type":"LineString","coordinates":[[-122.28521642517939,37.86076686384439],[-122.28503742589636,37.85988586375917]]},"properties":{"id":"2256L","street":"MABEL ST","side":"L","pavement_ft":36,"width_ft":11.8,"width_source":"gis","path_ft":6,"depth_ft":1.3,"zone":"R-1","district":"Multi-Unit 1","cat":"res","zone_dist_m":3.8,"campable_zone":false,"count":0,"placement":null}},{"type":"Feature","geometry":{"type":"LineString","coordinates":[[-122.28533957480805,37.86075113612324],[-122.28516057409107,37.859870136208485]]},"properties":{"id":"2256R","street":"MABEL ST","side":"R","pavement_ft":36,"width_ft":15.0,"width_source":"gis","path_ft":10,"depth_ft":0.5,"zone":"R-1","district":"Multi-Unit 1","cat":"res","zone_dist_m":5.3,"campable_zone":false,"count":0,"placement":null}},{"type":"Feature","geometry":{"type":"LineString","coordinates":[[-122.28050514068653,37.860518789124214],[-122.278354139301,37.86079978929313]]},"properties":{"id":"2257L","street":"PARKER ST","side":"L","pavement_ft":36,"width_ft":13.1,"width_source":"gis","path_ft":6,"depth_ft":2.6,"zone":"R-2","district":"Multi-Unit 2","cat":"res","zone_dist_m":4.1,"campable_zone":false,"count":0,"placement":null}},{"type":"Feature","geometry":{"type":"LineString","coordinates":[[-122.28048485932632,37.860421210874634],[-122.27833386071188,37.86070221070574]]},"properties":{"id":"2257R","street":"PARKER ST","side":"R","pavement_ft":36,"width_ft":12.0,"width_source":"gis","path_ft":6,"depth_ft":1.5,"zone":"R-2","district":"Multi-Unit 2","cat":"res","zone_dist_m":4.1,"campable_zone":false,"count":0,"placement":null}},{"type":"Feature","geometry":{"type":"LineString","coordinates":[[-122.29183524291976,37.86068894766611],[-122.29071924223805,37.860911947802]]},"properties":{"id":"2259L","street":"DWIGHT WAY","side":"L","pavement_ft":36,"width_ft":11.7,"width_source":"gis","path_ft":6,"depth_ft":1.2,"zone":"R-2","district":"Multi-Unit 2","cat":"res","zone_dist_m":5.0,"campable_zone":false,"count":0,"placement":null}},{"type":"Feature","geometry":{"type":"LineString","coordinates":[[-122.29180475709953,37.86059305233173],[-122.29068875778125,37.860816052195815]]},"properties":{"id":"2259R","street":"DWIGHT WAY","side":"R","pavement_ft":36,"width_ft":13.5,"width_source":"gis","path_ft":6,"depth_ft":3.0,"zone":"MULI","district":"Mixed Use-Light Industrial","cat":"man","zone_dist_m":4.0,"campable_zone":true,"count":0,"placement":null}},{"type":"Feature","geometry":{"type":"LineString","coordinates":[[-122.28992942496404,37.86655788665781],[-122.28956442642163,37.86476688648384]]},"properties":{"id":"2265L","street":"BYRON ST","side":"L","pavement_ft":36,"width_ft":7.9,"width_source":"gis","path_ft":6,"depth_ft":-2.6,"zone":"R-2","district":"Multi-Unit 2","cat":"res","zone_dist_m":2.6,"campable_zone":false,"count":0,"placement":null}},{"type":"Feature","geometry":{"type":"LineString","coordinates":[[-122.29005257502332,37.86654211330984],[-122.28968757356574,37.8647511134838]]},"properties":{"id":"2265R","street":"BYRON ST","side":"R","pavement_ft":36,"width_ft":15.3,"width_source":"gis","path_ft":10,"depth_ft":0.8,"zone":"R-2","district":"Multi-Unit 2","cat":"res","zone_dist_m":4.9,"campable_zone":false,"count":0,"placement":null}},{"type":"Feature","geometry":{"type":"LineString","coordinates":[[-122.2869502164567,37.85701101916327],[-122.28653221800046,37.855052018969154]]},"properties":{"id":"2274L","street":"WALLACE ST","side":"L","pavement_ft":35,"width_ft":12.6,"width_source":"gis","path_ft":6,"depth_ft":2.1,"zone":"R-1","district":"Multi-Unit 1","cat":"res","zone_dist_m":3.6,"campable_zone":false,"count":0,"placement":null}},{"type":"Feature","geometry":{"type":"LineString","coordinates":[[-122.28706978353078,37.85699498080622],[-122.28665178198706,37.855035981000334]]},"properties":{"id":"2274R","street":"WALLACE ST","side":"R","pavement_ft":35,"width_ft":13.1,"width_source":"gis","path_ft":6,"depth_ft":2.6,"zone":"R-1","district":"Multi-Unit 1","cat":"res","zone_dist_m":4.7,"campable_zone":false,"count":0,"placement":null}},{"type":"Feature","geometry":{"type":"LineString","coordinates":[[-122.28618144299507,37.857126335666685],[-122.2860324430895,37.856928335600685],[-122.28602947822158,37.85692389801018],[-122.28602709632406,37.8569192448761],[-122.2859590964336,37.85676424484359],[-122.28595758177909,37.85676025891249],[-122.28595649535725,37.85675618609272],[-122.28562049664441,37.85516918593233]]},"properties":{"id":"2276L","street":"MATHEWS ST","side":"L","pavement_ft":36,"width_ft":15.8,"width_source":"gis","path_ft":10,"depth_ft":1.3,"zone":"R-1","district":"Multi-Unit 1","cat":"res","zone_dist_m":3.6,"campable_zone":false,"count":0,"placement":null}},{"type":"Feature","geometry":{"type":"LineString","coordinates":[[-122.28628855696851,37.85707566430848],[-122.28614281474255,37.85688199363157],[-122.28607863307901,37.85673569745721],[-122.28574350334249,37.855152814035414]]},"properties":{"id":"2276R","street":"MATHEWS ST","side":"R","pavement_ft":36,"width_ft":10.4,"width_source":"gis","path_ft":6,"depth_ft":-0.1,"zone":"R-1","district":"Multi-Unit 1","cat":"res","zone_dist_m":4.3,"campable_zone":false,"count":0,"placement":null}},{"type":"Feature","geometry":{"type":"LineString","coordinates":[[-122.2815724012564,37.857706732286935],[-122.28119540279462,37.85581873210772]]},"properties":{"id":"2286L","street":"DOHR ST","side":"L","pavement_ft":36,"width_ft":14.1,"width_source":"gis","path_ft":10,"depth_ft":-0.4,"zone":"R-1","district":"Multi-Unit 1","cat":"res","zone_dist_m":4.0,"campable_zone":false,"count":0,"placement":null}},{"type":"Feature","geometry":{"type":"LineString","coordinates":[[-122.28169559873123,37.857691267680686],[-122.28131859719305,37.85580326785992]]},"properties":{"id":"2286R","street":"DOHR ST","side":"R","pavement_ft":36,"width_ft":11.2,"width_source":"gis","path_ft":6,"depth_ft":0.7,"zone":"R-1","district":"Multi-Unit 1","cat":"res","zone_dist_m":4.6,"campable_zone":false,"count":0,"placement":null}},{"type":"Feature","geometry":{"type":"LineString","coordinates":[[-122.29084261446194,37.85754419332534],[-122.28974961382767,37.85781519348968]]},"properties":{"id":"2287L","street":"CARLETON ST","side":"L","pavement_ft":36,"width_ft":15.6,"width_source":"gis","path_ft":10,"depth_ft":1.1,"zone":"MULI","district":"Mixed Use-Light Industrial","cat":"man","zone_dist_m":6.5,"campable_zone":true,"count":0,"placement":null}},{"type":"Feature","geometry":{"type":"LineString","coordinates":[[-122.29080538556137,37.85744980667158],[-122.28971238619566,37.85772080650725]]},"properties":{"id":"2287R","street":"CARLETON ST","side":"R","pavement_ft":36,"width_ft":20.3,"width_source":"gis","path_ft":10,"depth_ft":5.8,"zone":"MUR","district":"Mixed Use-Residential","cat":"mixres","zone_dist_m":6.0,"campable_zone":true,"count":15,"placement":"building"}},{"type":"Feature","geometry":{"type":"LineString","coordinates":[[-122.28164380964454,37.85774783163354],[-122.28135080945536,37.857784831655735],[-122.28134387197896,37.85778539468125],[-122.28133689859254,37.85778534009752],[-122.28132997648842,37.85778466858705],[-122.28102797629715,37.857741668557175]]},"properties":{"id":"2289L","street":"WARD ST","side":"L","pavement_ft":36,"width_ft":12.1,"width_source":"gis","path_ft":6,"depth_ft":1.6,"zone":"R-1","district":"Multi-Unit 1","cat":"res","zone_dist_m":0.0,"campable_zone":false,"count":0,"placement":null}},{"type":"Feature","geometry":{"type":"LineString","coordinates":[[-122.2816241903679,37.85765016836535],[-122.28134162444829,37.85768585076593],[-122.28105002368788,37.85764433144123]]},"properties":{"id":"2289R","street":"WARD ST","side":"R","pavement_ft":36,"width_ft":13.6,"width_source":"gis","path_ft":6,"depth_ft":3.1,"zone":"R-1","district":"Multi-Unit 1","cat":"res","zone_dist_m":3.8,"campable_zone":false,"count":0,"placement":null}},{"type":"Feature","geometry":{"type":"LineString","coordinates":[[-122.28975018208496,37.85781505023025],[-122.28859518142146,37.85811105040946]]},"properties":{"id":"2291L","street":"CARLETON ST","side":"L","pavement_ft":36,"width_ft":16.1,"width_source":"gis","path_ft":10,"depth_ft":1.6,"zone":"C-W","district":"West Berkeley Commercial","cat":"com","zone_dist_m":6.5,"campable_zone":true,"count":0,"placement":null}},{"type":"Feature","geometry":{"type":"LineString","coordinates":[[-122.28971181793901,37.8577209497665],[-122.28855681860256,37.858016949587295]]},"properties":{"id":"2291R","street":"CARLETON ST","side":"R","pavement_ft":36,"width_ft":19.6,"width_source":"gis","path_ft":10,"depth_ft":5.1,"zone":"C-W","district":"West Berkeley Commercial","cat":"com","zone_dist_m":5.8,"campable_zone":true,"count":19,"placement":"curb"}},{"type":"Feature","geometry":{"type":"LineString","coordinates":[[-122.28660701064753,37.85793680601956],[-122.28476100945738,37.85817480616258]]},"properties":{"id":"2294L","street":"DERBY ST","side":"L","pavement_ft":36,"width_ft":10.7,"width_source":"gis","path_ft":6,"depth_ft":0.2,"zone":"R-1","district":"Multi-Unit 1","cat":"res","zone_dist_m":4.2,"campable_zone":false,"count":0,"placement":null}},{"type":"Feature","geometry":{"type":"LineString","coordinates":[[-122.28658698936519,37.85783919397934],[-122.28474099055532,37.858077193836294]]},"properties":{"id":"2294R","street":"DERBY ST","side":"R","pavement_ft":36,"width_ft":13.2,"width_source":"gis","path_ft":6,"depth_ft":2.7,"zone":"R-1","district":"Multi-Unit 1","cat":"res","zone_dist_m":4.2,"campable_zone":false,"count":0,"placement":null}},{"type":"Feature","geometry":{"type":"LineString","coordinates":[[-122.28468945450932,37.85813399625934],[-122.28452245516594,37.85732599617973]]},"properties":{"id":"2296L","street":"MABEL ST","side":"L","pavement_ft":36,"width_ft":12.9,"width_source":"gis","path_ft":6,"depth_ft":2.4,"zone":"R-1","district":"Multi-Unit 1","cat":"res","zone_dist_m":6.0,"campable_zone":false,"count":0,"placement":null}},{"type":"Feature","geometry":{"type":"LineString","coordinates":[[-122.28481254547789,37.858118003708356],[-122.28464554482123,37.85731000378796]]},"properties":{"id":"2296R","street":"MABEL ST","side":"R","pavement_ft":36,"width_ft":11.8,"width_source":"gis","path_ft":6,"depth_ft":1.3,"zone":"R-1","district":"Multi-Unit 1","cat":"res","zone_dist_m":6.2,"campable_zone":false,"count":0,"placement":null}},{"type":"Feature","geometry":{"type":"LineString","coordinates":[[-122.28476083120509,37.85817482893278],[-122.28250882975117,37.8584598291038]]},"properties":{"id":"2307L","street":"DERBY ST","side":"L","pavement_ft":36,"width_ft":11.6,"width_source":"gis","path_ft":6,"depth_ft":1.1,"zone":"R-1","district":"Multi-Unit 1","cat":"res","zone_dist_m":4.6,"campable_zone":false,"count":0,"placement":null}},{"type":"Feature","geometry":{"type":"LineString","coordinates":[[-122.2847411688074,37.858077171066135],[-122.28248917026133,37.85836217089508]]},"properties":{"id":"2307R","street":"DERBY ST","side":"R","pavement_ft":36,"width_ft":12.3,"width_source":"gis","path_ft":6,"depth_ft":1.8,"zone":"R-1","district":"Multi-Unit 1","cat":"res","zone_dist_m":3.8,"campable_zone":false,"count":0,"placement":null}},{"type":"Feature","geometry":{"type":"LineString","coordinates":[[-122.28243738049497,37.85841863063706],[-122.28233238092965,37.85788563058718],[-122.2823317172905,37.857880556786405],[-122.2823317164743,37.85787545577605],[-122.28234971670648,37.85759845578782]]},"properties":{"id":"2308L","street":"ACTON ST","side":"L","pavement_ft":36,"width_ft":14.2,"width_source":"gis","path_ft":10,"depth_ft":-0.3,"zone":"R-1","district":"Multi-Unit 1","cat":"res","zone_dist_m":3.9,"campable_zone":false,"count":0,"placement":null}},{"type":"Feature","geometry":{"type":"LineString","coordinates":[[-122.28256061949284,37.85840336933054],[-122.28245661589003,37.85787542950268],[-122.28247428329833,37.85760354417928]]},"properties":{"id":"2308R","street":"ACTON ST","side":"R","pavement_ft":36,"width_ft":10.7,"width_source":"gis","path_ft":6,"depth_ft":0.2,"zone":"R-1","district":"Multi-Unit 1","cat":"res","zone_dist_m":8.3,"campable_zone":false,"count":0,"placement":null}},{"type":"Feature","geometry":{"type":"LineString","coordinates":[[-122.28250900430825,37.858459806813414],[-122.28016500279689,37.85876180699482]]},"properties":{"id":"2317L","street":"DERBY ST","side":"L","pavement_ft":36,"width_ft":12.4,"width_source":"gis","path_ft":6,"depth_ft":1.9,"zone":"R-1","district":"Multi-Unit 1","cat":"res","zone_dist_m":4.3,"campable_zone":false,"count":0,"placement":null}},{"type":"Feature","geometry":{"type":"LineString","coordinates":[[-122.28248899570447,37.858362193185435],[-122.28014499721581,37.85866419300405]]},"properties":{"id":"2317R","street":"DERBY ST","side":"R","pavement_ft":36,"width_ft":12.9,"width_source":"gis","path_ft":6,"depth_ft":2.4,"zone":"R-1","district":"Multi-Unit 1","cat":"res","zone_dist_m":4.1,"campable_zone":false,"count":0,"placement":null}},{"type":"Feature","geometry":{"type":"LineString","coordinates":[[-122.28873204015035,37.858566802230136],[-122.28679103889924,37.858817802381054]]},"properties":{"id":"2320L","street":"CARLETON ST","side":"L","pavement_ft":36,"width_ft":9.7,"width_source":"gis","path_ft":6,"depth_ft":-0.8,"zone":"R-1","district":"Multi-Unit 1","cat":"res","zone_dist_m":4.3,"campable_zone":false,"count":0,"placement":null}},{"type":"Feature","geometry":{"type":"LineString","coordinates":[[-122.28871195986238,37.85846919776873],[-122.2867709611135,37.85872019761781]]},"properties":{"id":"2320R","street":"CARLETON ST","side":"R","pavement_ft":36,"width_ft":14.8,"width_source":"gis","path_ft":10,"depth_ft":0.3,"zone":"R-1","district":"Multi-Unit 1","cat":"res","zone_dist_m":4.8,"campable_zone":false,"count":0,"placement":null}},{"type":"Feature","geometry":{"type":"LineString","coordinates":[[-122.28671947092805,37.85877707793944],[-122.28653547164345,37.85789607785166]]},"properties":{"id":"2321L","street":"MATHEWS ST","side":"L","pavement_ft":36,"width_ft":13.1,"width_source":"gis","path_ft":6,"depth_ft":2.6,"zone":"R-1","district":"Multi-Unit 1","cat":"res","zone_dist_m":3.8,"campable_zone":false,"count":0,"placement":null}},{"type":"Feature","geometry":{"type":"LineString","coordinates":[[-122.28684252905902,37.85876092202826],[-122.28665852834364,37.85787992211605]]},"properties":{"id":"2321R","street":"MATHEWS ST","side":"R","pavement_ft":36,"width_ft":12.0,"width_source":"gis","path_ft":6,"depth_ft":1.5,"zone":"R-1","district":"Multi-Unit 1","cat":"res","zone_dist_m":4.8,"campable_zone":false,"count":0,"placement":null}},{"type":"Feature","geometry":{"type":"LineString","coordinates":[[-122.28679098979784,37.85881780871422],[-122.28494098860492,37.85905580885725]]},"properties":{"id":"2327L","street":"CARLETON ST","side":"L","pavement_ft":36,"width_ft":11.6,"width_source":"gis","path_ft":6,"depth_ft":1.1,"zone":"R-1","district":"Multi-Unit 1","cat":"res","zone_dist_m":4.2,"campable_zone":false,"count":0,"placement":null}},{"type":"Feature","geometry":{"type":"LineString","coordinates":[[-122.28677101021484,37.858720191284654],[-122.28492101140777,37.858958191141646]]},"properties":{"id":"2327R","street":"CARLETON ST","side":"R","pavement_ft":36,"width_ft":13.7,"width_source":"gis","path_ft":6,"depth_ft":3.2,"zone":"R-1","district":"Multi-Unit 1","cat":"res","zone_dist_m":4.3,"campable_zone":false,"count":0,"placement":null}},{"type":"Feature","geometry":{"type":"LineString","coordinates":[[-122.2848694354003,37.859014906843015],[-122.2846894361169,37.85813390675727]]},"properties":{"id":"2328L","street":"MABEL ST","side":"L","pavement_ft":36,"width_ft":11.0,"width_source":"gis","path_ft":6,"depth_ft":0.5,"zone":"R-1","district":"Multi-Unit 1","cat":"res","zone_dist_m":3.5,"campable_zone":false,"count":0,"placement":null}},{"type":"Feature","geometry":{"type":"LineString","coordinates":[[-122.28499256458707,37.85899909312465],[-122.28481256387046,37.8581180932104]]},"properties":{"id":"2328R","street":"MABEL ST","side":"R","pavement_ft":36,"width_ft":12.4,"width_source":"gis","path_ft":6,"depth_ft":1.9,"zone":"R-1","district":"Multi-Unit 1","cat":"res","zone_dist_m":4.7,"campable_zone":false,"count":0,"placement":null}},{"type":"Feature","geometry":{"type":"LineString","coordinates":[[-122.2826174369666,37.85929891556507],[-122.28243743768239,37.858418915479334]]},"properties":{"id":"2344L","street":"ACTON ST","side":"L","pavement_ft":36,"width_ft":13.4,"width_source":"gis","path_ft":6,"depth_ft":2.9,"zone":"R-1","district":"Multi-Unit 1","cat":"res","zone_dist_m":3.9,"campable_zone":false,"count":0,"placement":null}},{"type":"Feature","geometry":{"type":"LineString","coordinates":[[-122.28274056302074,37.859283084402605],[-122.28256056230497,37.858403084488316]]},"properties":{"id":"2344R","street":"ACTON ST","side":"R","pavement_ft":36,"width_ft":12.8,"width_source":"gis","path_ft":6,"depth_ft":2.3,"zone":"R-1","district":"Multi-Unit 1","cat":"res","zone_dist_m":4.8,"campable_zone":false,"count":0,"placement":null}},{"type":"Feature","geometry":{"type":"LineString","coordinates":[[-122.2802063338088,37.85870656060837],[-122.28002733319973,37.85780956067926]]},"properties":{"id":"2383R","street":"SACRAMENTO ST","side":"R","pavement_ft":30,"width_ft":39.2,"width_source":"gis","path_ft":10,"depth_ft":24.7,"zone":"R-3","district":"Multiple-Family Residential","cat":"res","zone_dist_m":13.1,"campable_zone":false,"count":0,"placement":null}},{"type":"Feature","geometry":{"type":"LineString","coordinates":[[-122.29274382409753,37.85612224948793],[-122.2916548235744,37.85639824962726]]},"properties":{"id":"2407L","street":"PARDEE ST","side":"L","pavement_ft":30,"width_ft":6.6,"width_source":"gis","path_ft":6,"depth_ft":-3.9,"zone":"MUR","district":"Mixed Use-Residential","cat":"mixres","zone_dist_m":3.4,"campable_zone":true,"count":0,"placement":null}},{"type":"Feature","geometry":{"type":"LineString","coordinates":[[-122.29271217591896,37.856043750509855],[-122.29162317644207,37.856319750370496]]},"properties":{"id":"2407R","street":"PARDEE ST","side":"R","pavement_ft":30,"width_ft":11.2,"width_source":"gis","path_ft":6,"depth_ft":0.7,"zone":"MUR","district":"Mixed Use-Residential","cat":"mixres","zone_dist_m":3.4,"campable_zone":true,"count":0,"placement":null}},{"type":"Feature","geometry":{"type":"LineString","coordinates":[[-122.29510959951118,37.8600308755215],[-122.29406959887892,37.86024387565133]]},"properties":{"id":"2435L","street":"DWIGHT WAY","side":"L","pavement_ft":36,"width_ft":9.6,"width_source":"gis","path_ft":6,"depth_ft":-0.9,"zone":"MUR","district":"Mixed Use-Residential","cat":"mixres","zone_dist_m":4.6,"campable_zone":true,"count":0,"placement":null}},{"type":"Feature","geometry":{"type":"LineString","coordinates":[[-122.29507840050857,37.85993512447623],[-122.29403840114081,37.86014812434643]]},"properties":{"id":"2435R","street":"DWIGHT WAY","side":"R","pavement_ft":36,"width_ft":13.4,"width_source":"gis","path_ft":6,"depth_ft":2.9,"zone":"MM","district":"Mixed Manufacturing","cat":"man","zone_dist_m":4.3,"campable_zone":true,"count":0,"placement":null}},{"type":"Feature","geometry":{"type":"LineString","coordinates":[[-122.29128087172006,37.85892481918321],[-122.29016887104657,37.85915681932455]]},"properties":{"id":"2456L","street":"PARKER ST","side":"L","pavement_ft":36,"width_ft":10.5,"width_source":"gis","path_ft":6,"depth_ft":-0.0,"zone":"MULI","district":"Mixed Use-Light Industrial","cat":"man","zone_dist_m":4.6,"campable_zone":true,"count":0,"placement":null}},{"type":"Feature","geometry":{"type":"LineString","coordinates":[[-122.29124912829997,37.858829180814446],[-122.29013712897346,37.85906118067313]]},"properties":{"id":"2456R","street":"PARKER ST","side":"R","pavement_ft":36,"width_ft":15.5,"width_source":"gis","path_ft":10,"depth_ft":1.0,"zone":"MULI","district":"Mixed Use-Light Industrial","cat":"man","zone_dist_m":4.8,"campable_zone":true,"count":0,"placement":null}},{"type":"Feature","geometry":{"type":"LineString","coordinates":[[-122.28036828765991,37.85592701160841],[-122.28005028839635,37.854802011480594]]},"properties":{"id":"2481L","street":"STANTON ST","side":"L","pavement_ft":30,"width_ft":14.0,"width_source":"gis","path_ft":6,"depth_ft":3.5,"zone":"R-1","district":"Multi-Unit 1","cat":"res","zone_dist_m":4.7,"campable_zone":false,"count":0,"placement":null}},{"type":"Feature","geometry":{"type":"LineString","coordinates":[[-122.2804697123281,37.855908988369606],[-122.28015171159161,37.854783988497424]]},"properties":{"id":"2481R","street":"STANTON ST","side":"R","pavement_ft":30,"width_ft":7.1,"width_source":"gis","path_ft":6,"depth_ft":-3.4,"zone":"R-1","district":"Multi-Unit 1","cat":"res","zone_dist_m":3.8,"campable_zone":false,"count":0,"placement":null}},{"type":"Feature","geometry":{"type":"LineString","coordinates":[[-122.29785861242182,37.8613478729412],[-122.29681461178725,37.86156187307164]]},"properties":{"id":"2490L","street":"CHANNING WAY","side":"L","pavement_ft":36,"width_ft":10.2,"width_source":"gis","path_ft":6,"depth_ft":-0.3,"zone":"MULI","district":"Mixed Use-Light Industrial","cat":"man","zone_dist_m":3.8,"campable_zone":true,"count":0,"placement":null}},{"type":"Feature","geometry":{"type":"LineString","coordinates":[[-122.29782738759789,37.86125212705655],[-122.29678338823247,37.86146612692608]]},"properties":{"id":"2490R","street":"CHANNING WAY","side":"R","pavement_ft":36,"width_ft":13.1,"width_source":"gis","path_ft":6,"depth_ft":2.6,"zone":"MUR","district":"Mixed Use-Residential","cat":"mixres","zone_dist_m":4.1,"campable_zone":true,"count":0,"placement":null}},{"type":"Feature","geometry":{"type":"LineString","coordinates":[[-122.28732091181085,37.86143881873439],[-122.2868429115024,37.861499818771044]]},"properties":{"id":"2524L","street":"DWIGHT WAY","side":"L","pavement_ft":36,"width_ft":12.5,"width_source":"gis","path_ft":6,"depth_ft":2.0,"zone":"R-2","district":"Multi-Unit 2","cat":"res","zone_dist_m":5.1,"campable_zone":false,"count":0,"placement":null}},{"type":"Feature","geometry":{"type":"LineString","coordinates":[[-122.28730108820173,37.86134118126449],[-122.28682308851016,37.86140218122786]]},"properties":{"id":"2524R","street":"DWIGHT WAY","side":"R","pavement_ft":36,"width_ft":13.5,"width_source":"gis","path_ft":6,"depth_ft":3.0,"zone":"R-2","district":"Multi-Unit 2","cat":"res","zone_dist_m":4.9,"campable_zone":false,"count":0,"placement":null}},{"type":"Feature","geometry":{"type":"LineString","coordinates":[[-122.28378492188597,37.86602506647802],[-122.2828249215438,37.866157066522256]]},"properties":{"id":"2525L","street":"ACROFT CT","side":"L","pavement_ft":20,"width_ft":6.6,"width_source":"gis","path_ft":6,"depth_ft":-3.9,"zone":"R-2","district":"Multi-Unit 2","cat":"res","zone_dist_m":5.2,"campable_zone":false,"count":0,"placement":null}},{"type":"Feature","geometry":{"type":"LineString","coordinates":[[-122.28377307811823,37.8659709335216],[-122.28281307846036,37.86610293347736]]},"properties":{"id":"2525R","street":"ACROFT CT","side":"R","pavement_ft":20,"width_ft":7.7,"width_source":"gis","path_ft":6,"depth_ft":-2.8,"zone":"R-2","district":"Multi-Unit 2","cat":"res","zone_dist_m":4.6,"campable_zone":false,"count":0,"placement":null}},{"type":"Feature","geometry":{"type":"LineString","coordinates":[[-122.28126691573135,37.85585981814318],[-122.28042891519071,37.85596681820739]]},"properties":{"id":"2530L","street":"OREGON ST","side":"L","pavement_ft":36,"width_ft":11.3,"width_source":"gis","path_ft":6,"depth_ft":0.8,"zone":"R-1","district":"Multi-Unit 1","cat":"res","zone_dist_m":4.9,"campable_zone":false,"count":0,"placement":null}},{"type":"Feature","geometry":{"type":"LineString","coordinates":[[-122.28124708428123,37.85576218185573],[-122.28040908482187,37.85586918179149]]},"properties":{"id":"2530R","street":"OREGON ST","side":"R","pavement_ft":36,"width_ft":12.6,"width_source":"gis","path_ft":6,"depth_ft":2.1,"zone":"R-1","district":"Multi-Unit 1","cat":"res","zone_dist_m":3.6,"campable_zone":false,"count":0,"placement":null}},{"type":"Feature","geometry":{"type":"LineString","coordinates":[[-122.28521217185995,37.85728578504577],[-122.284594171462,37.85736678509449]]},"properties":{"id":"2577L","street":"WARD ST","side":"L","pavement_ft":36,"width_ft":13.0,"width_source":"gis","path_ft":6,"depth_ft":2.5,"zone":"R-1","district":"Multi-Unit 1","cat":"res","zone_dist_m":5.8,"campable_zone":false,"count":0,"placement":null}},{"type":"Feature","geometry":{"type":"LineString","coordinates":[[-122.28519182815297,37.857188214953084],[-122.28457382855088,37.85726921490437]]},"properties":{"id":"2577R","street":"WARD ST","side":"R","pavement_ft":36,"width_ft":11.1,"width_source":"gis","path_ft":6,"depth_ft":0.6,"zone":"R-1","district":"Multi-Unit 1","cat":"res","zone_dist_m":5.9,"campable_zone":false,"count":0,"placement":null}},{"type":"Feature","geometry":{"type":"LineString","coordinates":[[-122.28653550931702,37.85789625621282],[-122.28644783994397,37.857485802557136],[-122.28641163302304,37.85736384206945],[-122.2863653427135,37.85728124552074],[-122.28633322061485,37.8572441815311],[-122.2861918356076,37.85713669013383]]},"properties":{"id":"2578L","street":"MATHEWS ST","side":"L","pavement_ft":36,"width_ft":12.8,"width_source":"gis","path_ft":6,"depth_ft":2.3,"zone":"R-1","district":"Multi-Unit 1","cat":"res","zone_dist_m":4.8,"campable_zone":false,"count":0,"placement":null}},{"type":"Feature","geometry":{"type":"LineString","coordinates":[[-122.28665849066977,37.85787974375492],[-122.2865704903358,37.85746774379696],[-122.28656970680467,37.857464670729456],[-122.28653170670489,37.85733667074781],[-122.2865301077134,37.85733222707836],[-122.28652799250894,37.857327921160746],[-122.28647699245192,37.85723692118455],[-122.28647442635153,37.85723285687879],[-122.2864714004033,37.85722899655833],[-122.28643240038625,37.85718399657496],[-122.28642853020548,37.857179986254934],[-122.28642416434683,37.857176309796806],[-122.28627816435075,37.857065309849716]]},"properties":{"id":"2578R","street":"MATHEWS ST","side":"R","pavement_ft":36,"width_ft":11.7,"width_source":"gis","path_ft":6,"depth_ft":1.2,"zone":"R-1","district":"Multi-Unit 1","cat":"res","zone_dist_m":3.7,"campable_zone":false,"count":0,"placement":null}},{"type":"Feature","geometry":{"type":"LineString","coordinates":[[-122.28916405772027,37.85602298426704],[-122.28799305700336,37.85625398440777]]},"properties":{"id":"2586L","street":"GRAYSON ST","side":"L","pavement_ft":36,"width_ft":9.1,"width_source":"gis","path_ft":6,"depth_ft":-1.4,"zone":"C-W","district":"West Berkeley Commercial","cat":"com","zone_dist_m":4.9,"campable_zone":true,"count":0,"placement":null}},{"type":"Feature","geometry":{"type":"LineString","coordinates":[[-122.28913394229878,37.855927015730835],[-122.2879629430157,37.856158015590104]]},"properties":{"id":"2586R","street":"GRAYSON ST","side":"R","pavement_ft":36,"width_ft":14.9,"width_source":"gis","path_ft":10,"depth_ft":0.4,"zone":"C-W","district":"West Berkeley Commercial","cat":"com","zone_dist_m":4.5,"campable_zone":true,"count":0,"placement":null}},{"type":"Feature","geometry":{"type":"LineString","coordinates":[[-122.28701982264239,37.857051830021845],[-122.28624482214207,37.85714983008067]]},"properties":{"id":"2632L","street":"WARD ST","side":"L","pavement_ft":36,"width_ft":13.7,"width_source":"gis","path_ft":6,"depth_ft":3.2,"zone":"R-1","district":"Multi-Unit 1","cat":"res","zone_dist_m":6.2,"campable_zone":false,"count":0,"placement":null}},{"type":"Feature","geometry":{"type":"LineString","coordinates":[[-122.28700017737002,37.856954169977065],[-122.28622517787039,37.857052169918234]]},"properties":{"id":"2632R","street":"WARD ST","side":"R","pavement_ft":36,"width_ft":10.3,"width_source":"gis","path_ft":6,"depth_ft":-0.2,"zone":"R-1","district":"Multi-Unit 1","cat":"res","zone_dist_m":3.0,"campable_zone":false,"count":0,"placement":null}},{"type":"Feature","geometry":{"type":"LineString","coordinates":[[-122.28911856905255,37.86303873203138],[-122.28824556849213,37.863157732103154]]},"properties":{"id":"2633L","street":"CHANNING WAY","side":"L","pavement_ft":36,"width_ft":11.1,"width_source":"gis","path_ft":6,"depth_ft":0.6,"zone":"R-2","district":"Multi-Unit 2","cat":"res","zone_dist_m":4.6,"campable_zone":false,"count":0,"placement":null}},{"type":"Feature","geometry":{"type":"LineString","coordinates":[[-122.28909743096091,37.862941267967415],[-122.2882244315213,37.86306026789563]]},"properties":{"id":"2633R","street":"CHANNING WAY","side":"R","pavement_ft":36,"width_ft":12.7,"width_source":"gis","path_ft":6,"depth_ft":2.2,"zone":"R-2","district":"Multi-Unit 2","cat":"res","zone_dist_m":4.4,"campable_zone":false,"count":0,"placement":null}},{"type":"Feature","geometry":{"type":"LineString","coordinates":[[-122.28819788959962,37.85690182153188],[-122.28701988883944,37.857051821621965]]},"properties":{"id":"2642L","street":"WARD ST","side":"L","pavement_ft":36,"width_ft":12.0,"width_source":"gis","path_ft":6,"depth_ft":1.5,"zone":"R-1","district":"Multi-Unit 1","cat":"res","zone_dist_m":5.0,"campable_zone":false,"count":0,"placement":null}},{"type":"Feature","geometry":{"type":"LineString","coordinates":[[-122.28817811041296,37.85680417846704],[-122.28700011117309,37.85695417837693]]},"properties":{"id":"2642R","street":"WARD ST","side":"R","pavement_ft":36,"width_ft":13.4,"width_source":"gis","path_ft":6,"depth_ft":2.9,"zone":"R-1","district":"Multi-Unit 1","cat":"res","zone_dist_m":4.5,"campable_zone":false,"count":0,"placement":null}},{"type":"Feature","geometry":{"type":"LineString","coordinates":[[-122.28342818298754,37.85751778357652],[-122.28242218233984,37.857649783655894]]},"properties":{"id":"2653L","street":"WARD ST","side":"L","pavement_ft":36,"width_ft":11.9,"width_source":"gis","path_ft":6,"depth_ft":1.4,"zone":"R-1","district":"Multi-Unit 1","cat":"res","zone_dist_m":4.3,"campable_zone":false,"count":0,"placement":null}},{"type":"Feature","geometry":{"type":"LineString","coordinates":[[-122.2834078170254,37.857420216422334],[-122.28240181767308,37.85755221634296]]},"properties":{"id":"2653R","street":"WARD ST","side":"R","pavement_ft":36,"width_ft":13.7,"width_source":"gis","path_ft":6,"depth_ft":3.2,"zone":"R-1","district":"Multi-Unit 1","cat":"res","zone_dist_m":6.2,"campable_zone":false,"count":0,"placement":null}},{"type":"Feature","geometry":{"type":"LineString","coordinates":[[-122.29350548669939,37.85847689847319],[-122.29239348602233,37.85870289861089]]},"properties":{"id":"2658L","street":"PARKER ST","side":"L","pavement_ft":36,"width_ft":10.2,"width_source":"gis","path_ft":6,"depth_ft":-0.3,"zone":"MULI","district":"Mixed Use-Light Industrial","cat":"man","zone_dist_m":4.8,"campable_zone":true,"count":0,"placement":null}},{"type":"Feature","geometry":{"type":"LineString","coordinates":[[-122.29347451332022,37.858381101524586],[-122.2923625139972,37.85860710138685]]},"properties":{"id":"2658R","street":"PARKER ST","side":"R","pavement_ft":36,"width_ft":13.5,"width_source":"gis","path_ft":6,"depth_ft":3.0,"zone":"MULI","district":"Mixed Use-Light Industrial","cat":"man","zone_dist_m":4.2,"campable_zone":true,"count":0,"placement":null}},{"type":"Feature","geometry":{"type":"LineString","coordinates":[[-122.28129751771593,37.86405173896958],[-122.28025051704348,37.864193739055146]]},"properties":{"id":"2707L","street":"CHANNING WAY","side":"L","pavement_ft":36,"width_ft":13.3,"width_source":"gis","path_ft":6,"depth_ft":2.8,"zone":"R-2","district":"Multi-Unit 2","cat":"res","zone_dist_m":4.6,"campable_zone":false,"count":0,"placement":null}},{"type":"Feature","geometry":{"type":"LineString","coordinates":[[-122.28127648229744,37.86395426102922],[-122.28022948296989,37.86409626094366]]},"properties":{"id":"2707R","street":"CHANNING WAY","side":"R","pavement_ft":36,"width_ft":13.3,"width_source":"gis","path_ft":6,"depth_ft":2.8,"zone":"R-2","district":"Multi-Unit 2","cat":"res","zone_dist_m":4.1,"campable_zone":false,"count":0,"placement":null}},{"type":"Feature","geometry":{"type":"LineString","coordinates":[[-122.28280350118315,37.8601732267818],[-122.28261750189185,37.85929922669301]]},"properties":{"id":"2719L","street":"ACTON ST","side":"L","pavement_ft":36,"width_ft":13.1,"width_source":"gis","path_ft":6,"depth_ft":2.6,"zone":"R-1","district":"Multi-Unit 1","cat":"res","zone_dist_m":4.2,"campable_zone":false,"count":0,"placement":null}},{"type":"Feature","geometry":{"type":"LineString","coordinates":[[-122.28292649880372,37.860156773185935],[-122.28274049809498,37.859282773274735]]},"properties":{"id":"2719R","street":"ACTON ST","side":"R","pavement_ft":36,"width_ft":12.9,"width_source":"gis","path_ft":6,"depth_ft":2.4,"zone":"R-1","district":"Multi-Unit 1","cat":"res","zone_dist_m":4.6,"campable_zone":false,"count":0,"placement":null}},{"type":"Feature","geometry":{"type":"LineString","coordinates":[[-122.28581609661416,37.86163379491624],[-122.28547009639122,37.861678794943316]]},"properties":{"id":"2743L","street":"DWIGHT WAY","side":"L","pavement_ft":36,"width_ft":13.2,"width_source":"gis","path_ft":6,"depth_ft":2.7,"zone":"R-2","district":"Multi-Unit 2","cat":"res","zone_dist_m":5.0,"campable_zone":false,"count":0,"placement":null}},{"type":"Feature","geometry":{"type":"LineString","coordinates":[[-122.28579590339866,37.86153620508261],[-122.28544990362161,37.86158120505556]]},"properties":{"id":"2743R","street":"DWIGHT WAY","side":"R","pavement_ft":36,"width_ft":13.0,"width_source":"gis","path_ft":6,"depth_ft":2.5,"zone":"R-2","district":"Multi-Unit 2","cat":"res","zone_dist_m":4.2,"campable_zone":false,"count":0,"placement":null}},{"type":"Feature","geometry":{"type":"LineString","coordinates":[[-122.29407316634764,37.8639859630493],[-122.29296616567066,37.86420596318343]]},"properties":{"id":"2789L","street":"BANCROFT WAY","side":"L","pavement_ft":36,"width_ft":9.8,"width_source":"gis","path_ft":6,"depth_ft":-0.7,"zone":"R-2","district":"Multi-Unit 2","cat":"res","zone_dist_m":4.1,"campable_zone":false,"count":0,"placement":null}},{"type":"Feature","geometry":{"type":"LineString","coordinates":[[-122.2940428336716,37.863890036948526],[-122.29293583434855,37.86411003681443]]},"properties":{"id":"2789R","street":"BANCROFT WAY","side":"R","pavement_ft":36,"width_ft":15.7,"width_source":"gis","path_ft":10,"depth_ft":1.2,"zone":"R-2","district":"Multi-Unit 2","cat":"res","zone_dist_m":4.5,"campable_zone":false,"count":0,"placement":null}},{"type":"Feature","geometry":{"type":"LineString","coordinates":[[-122.29165475902595,37.85639826594954],[-122.29056475850163,37.85667326608841]]},"properties":{"id":"2790L","street":"PARDEE ST","side":"L","pavement_ft":30,"width_ft":7.9,"width_source":"gis","path_ft":6,"depth_ft":-2.6,"zone":"MUR","district":"Mixed Use-Residential","cat":"mixres","zone_dist_m":4.0,"campable_zone":true,"count":0,"placement":null}},{"type":"Feature","geometry":{"type":"LineString","coordinates":[[-122.29162324099046,37.85631973404824],[-122.29053324151481,37.8565947339094]]},"properties":{"id":"2790R","street":"PARDEE ST","side":"R","pavement_ft":30,"width_ft":12.7,"width_source":"gis","path_ft":6,"depth_ft":2.2,"zone":"MUR","district":"Mixed Use-Residential","cat":"mixres","zone_dist_m":4.0,"campable_zone":true,"count":0,"placement":null}},{"type":"Feature","geometry":{"type":"LineString","coordinates":[[-122.28268918796057,37.85933978293666],[-122.2803351864449,37.85964878312248]]},"properties":{"id":"2828L","street":"CARLETON ST","side":"L","pavement_ft":36,"width_ft":13.3,"width_source":"gis","path_ft":6,"depth_ft":2.8,"zone":"R-1","district":"Multi-Unit 1","cat":"res","zone_dist_m":4.9,"campable_zone":false,"count":0,"placement":null}},{"type":"Feature","geometry":{"type":"LineString","coordinates":[[-122.28266881205236,37.85924221706221],[-122.28031481356805,37.859551216876376]]},"properties":{"id":"2828R","street":"CARLETON ST","side":"R","pavement_ft":36,"width_ft":12.0,"width_source":"gis","path_ft":6,"depth_ft":1.5,"zone":"R-1","district":"Multi-Unit 1","cat":"res","zone_dist_m":4.0,"campable_zone":false,"count":0,"placement":null}},{"type":"Feature","geometry":{"type":"LineString","coordinates":[[-122.28174627218516,37.86943805713823],[-122.28163327366151,37.86830405706148]]},"properties":{"id":"2864L","street":"SACRAMENTO ST","side":"L","pavement_ft":56,"width_ft":21.6,"width_source":"gis","path_ft":10,"depth_ft":7.1,"zone":"R-2","district":"Multi-Unit 2","cat":"res","zone_dist_m":6.4,"campable_zone":false,"count":0,"placement":null}},{"type":"Feature","geometry":{"type":"LineString","coordinates":[[-122.28193972780025,37.86942594278213],[-122.28182672632393,37.86829194285888]]},"properties":{"id":"2864R","street":"SACRAMENTO ST","side":"R","pavement_ft":56,"width_ft":33.8,"width_source":"gis","path_ft":10,"depth_ft":19.3,"zone":"R-2","district":"Multi-Unit 2","cat":"res","zone_dist_m":10.7,"campable_zone":false,"count":0,"placement":null}},{"type":"Feature","geometry":{"type":"LineString","coordinates":[[-122.28163327982617,37.86830411861335],[-122.28154228100281,37.86740011855142]]},"properties":{"id":"2865L","street":"SACRAMENTO ST","side":"L","pavement_ft":56,"width_ft":22.8,"width_source":"gis","path_ft":10,"depth_ft":8.3,"zone":"R-2","district":"Multi-Unit 2","cat":"res","zone_dist_m":6.9,"campable_zone":false,"count":0,"placement":null}},{"type":"Feature","geometry":{"type":"LineString","coordinates":[[-122.2818267201591,37.86829188130702],[-122.28173571898245,37.867387881368956]]},"properties":{"id":"2865R","street":"SACRAMENTO ST","side":"R","pavement_ft":56,"width_ft":32.8,"width_source":"gis","path_ft":10,"depth_ft":18.3,"zone":"R-2","district":"Multi-Unit 2","cat":"res","zone_dist_m":9.9,"campable_zone":false,"count":0,"placement":null}},{"type":"Feature","geometry":{"type":"LineString","coordinates":[[-122.28547011771711,37.86167879216675],[-122.28460311715854,37.8617917922347]]},"properties":{"id":"2866L","street":"DWIGHT WAY","side":"L","pavement_ft":36,"width_ft":12.4,"width_source":"gis","path_ft":6,"depth_ft":1.9,"zone":"R-2","district":"Multi-Unit 2","cat":"res","zone_dist_m":4.9,"campable_zone":false,"count":0,"placement":null}},{"type":"Feature","geometry":{"type":"LineString","coordinates":[[-122.28544988229574,37.861581207832124],[-122.2845828828543,37.86169420776416]]},"properties":{"id":"2866R","street":"DWIGHT WAY","side":"R","pavement_ft":36,"width_ft":13.3,"width_source":"gis","path_ft":6,"depth_ft":2.8,"zone":"R-2","district":"Multi-Unit 2","cat":"res","zone_dist_m":4.8,"campable_zone":false,"count":0,"placement":null}},{"type":"Feature","geometry":{"type":"LineString","coordinates":[[-122.28724942324938,37.86139785701157],[-122.28707342395505,37.860530856927724]]},"properties":{"id":"2875L","street":"MATHEWS ST","side":"L","pavement_ft":36,"width_ft":11.0,"width_source":"gis","path_ft":6,"depth_ft":0.5,"zone":"R-1","district":"Multi-Unit 1","cat":"res","zone_dist_m":3.7,"campable_zone":false,"count":0,"placement":null}},{"type":"Feature","geometry":{"type":"LineString","coordinates":[[-122.28737257673806,37.86138214295608],[-122.28719657603243,37.86051514303991]]},"properties":{"id":"2875R","street":"MATHEWS ST","side":"R","pavement_ft":36,"width_ft":12.3,"width_source":"gis","path_ft":6,"depth_ft":1.8,"zone":"R-2","district":"Multi-Unit 2","cat":"res","zone_dist_m":5.0,"campable_zone":false,"count":0,"placement":null}},{"type":"Feature","geometry":{"type":"LineString","coordinates":[[-122.29767942999607,37.85761590997449],[-122.29751642989675,37.85764890999461]]},"properties":{"id":"2894L","street":"PARKER ST","side":"L","pavement_ft":36,"width_ft":19.6,"width_source":"default","path_ft":10,"depth_ft":5.1,"zone":"MM","district":"Mixed Manufacturing","cat":"man","zone_dist_m":0.0,"campable_zone":true,"count":1,"placement":"building"}},{"type":"Feature","geometry":{"type":"LineString","coordinates":[[-122.29764857002345,37.8575200900233],[-122.29748557012275,37.85755309000317]]},"properties":{"id":"2894R","street":"PARKER ST","side":"R","pavement_ft":36,"width_ft":19.7,"width_source":"default","path_ft":10,"depth_ft":5.2,"zone":"MM","district":"Mixed Manufacturing","cat":"man","zone_dist_m":0.0,"campable_zone":true,"count":1,"placement":"building"}},{"type":"Feature","geometry":{"type":"LineString","coordinates":[[-122.29016915102801,37.859156760361095],[-122.28900715032698,37.859403760511526]]},"properties":{"id":"2916L","street":"PARKER ST","side":"L","pavement_ft":36,"width_ft":6.4,"width_source":"gis","path_ft":6,"depth_ft":-4.1,"zone":"C-W","district":"West Berkeley Commercial","cat":"com","zone_dist_m":3.2,"campable_zone":true,"count":0,"placement":null}},{"type":"Feature","geometry":{"type":"LineString","coordinates":[[-122.29013684899239,37.8590612396365],[-122.28897484969345,37.85930823948609]]},"properties":{"id":"2916R","street":"PARKER ST","side":"R","pavement_ft":36,"width_ft":17.4,"width_source":"gis","path_ft":10,"depth_ft":2.9,"zone":"C-W","district":"West Berkeley Commercial","cat":"com","zone_dist_m":5.4,"campable_zone":true,"count":0,"placement":null}},{"type":"Feature","geometry":{"type":"LineString","coordinates":[[-122.29812225490831,37.859412945270314],[-122.29806225487165,37.859424945277645]]},"properties":{"id":"2918L","street":"DWIGHT WAY","side":"L","pavement_ft":36,"width_ft":10.4,"width_source":"gis","path_ft":6,"depth_ft":-0.1,"zone":"MULI","district":"Mixed Use-Light Industrial","cat":"man","zone_dist_m":4.8,"campable_zone":true,"count":0,"placement":null}},{"type":"Feature","geometry":{"type":"LineString","coordinates":[[-122.298091745111,37.85931705472751],[-122.29803174514763,37.859329054720206]]},"properties":{"id":"2918R","street":"DWIGHT WAY","side":"R","pavement_ft":36,"width_ft":4.7,"width_source":"gis","path_ft":6,"depth_ft":-5.8,"zone":"MM","district":"Mixed Manufacturing","cat":"man","zone_dist_m":1.3,"campable_zone":true,"count":0,"placement":null}},{"type":"Feature","geometry":{"type":"LineString","coordinates":[[-122.29806266493928,37.85942486208976],[-122.29729466447284,37.859582862186066]]},"properties":{"id":"2919L","street":"DWIGHT WAY","side":"L","pavement_ft":36,"width_ft":10.4,"width_source":"gis","path_ft":6,"depth_ft":-0.1,"zone":"MULI","district":"Mixed Use-Light Industrial","cat":"man","zone_dist_m":4.7,"campable_zone":true,"count":0,"placement":null}},{"type":"Feature","geometry":{"type":"LineString","coordinates":[[-122.2980313350805,37.85932913790798],[-122.29726333554696,37.85948713781168]]},"properties":{"id":"2919R","street":"DWIGHT WAY","side":"R","pavement_ft":36,"width_ft":5.8,"width_source":"gis","path_ft":6,"depth_ft":-4.7,"zone":"MM","district":"Mixed Manufacturing","cat":"man","zone_dist_m":1.6,"campable_zone":true,"count":0,"placement":null}},{"type":"Feature","geometry":{"type":"LineString","coordinates":[[-122.28690347579635,37.85965510470433],[-122.28671947650915,37.85877710461653]]},"properties":{"id":"2920L","street":"MATHEWS ST","side":"L","pavement_ft":36,"width_ft":12.9,"width_source":"gis","path_ft":6,"depth_ft":2.4,"zone":"R-1","district":"Multi-Unit 1","cat":"res","zone_dist_m":3.7,"campable_zone":false,"count":0,"placement":null}},{"type":"Feature","geometry":{"type":"LineString","coordinates":[[-122.28702652419065,37.85963889526337],[-122.28684252347786,37.858760895351175]]},"properties":{"id":"2920R","street":"MATHEWS ST","side":"R","pavement_ft":36,"width_ft":12.4,"width_source":"gis","path_ft":6,"depth_ft":1.9,"zone":"R-1","district":"Multi-Unit 1","cat":"res","zone_dist_m":4.6,"campable_zone":false,"count":0,"placement":null}},{"type":"Feature","geometry":{"type":"LineString","coordinates":[[-122.29729458528352,37.8595828784334],[-122.29625358465057,37.859795878563226]]},"properties":{"id":"2921L","street":"DWIGHT WAY","side":"L","pavement_ft":36,"width_ft":9.3,"width_source":"gis","path_ft":6,"depth_ft":-1.2,"zone":"MUR","district":"Mixed Use-Residential","cat":"mixres","zone_dist_m":4.7,"campable_zone":true,"count":0,"placement":null}},{"type":"Feature","geometry":{"type":"LineString","coordinates":[[-122.29726341473621,37.85948712156437],[-122.29622241536914,37.859700121434535]]},"properties":{"id":"2921R","street":"DWIGHT WAY","side":"R","pavement_ft":36,"width_ft":8.1,"width_source":"gis","path_ft":6,"depth_ft":-2.4,"zone":"MM","district":"Mixed Manufacturing","cat":"man","zone_dist_m":2.4,"campable_zone":true,"count":0,"placement":null}},{"type":"Feature","geometry":{"type":"LineString","coordinates":[[-122.28503734886428,37.85988547475892],[-122.28486934957567,37.859014474679206]]},"properties":{"id":"2924L","street":"MABEL ST","side":"L","pavement_ft":36,"width_ft":10.9,"width_source":"gis","path_ft":6,"depth_ft":0.4,"zone":"R-1","district":"Multi-Unit 1","cat":"res","zone_dist_m":3.4,"campable_zone":false,"count":0,"placement":null}},{"type":"Feature","geometry":{"type":"LineString","coordinates":[[-122.28516065112382,37.85987052520865],[-122.28499265041239,37.85899952528839]]},"properties":{"id":"2924R","street":"MABEL ST","side":"R","pavement_ft":36,"width_ft":11.7,"width_source":"gis","path_ft":6,"depth_ft":1.2,"zone":"R-1","district":"Multi-Unit 1","cat":"res","zone_dist_m":4.7,"campable_zone":false,"count":0,"placement":null}},{"type":"Feature","geometry":{"type":"LineString","coordinates":[[-122.28033471377344,37.85964884368614],[-122.27817471237756,37.859918843847964]]},"properties":{"id":"2925L","street":"CARLETON ST","side":"L","pavement_ft":36,"width_ft":12.3,"width_source":"gis","path_ft":6,"depth_ft":1.8,"zone":"R-2","district":"Multi-Unit 2","cat":"res","zone_dist_m":3.8,"campable_zone":false,"count":0,"placement":null}},{"type":"Feature","geometry":{"type":"LineString","coordinates":[[-122.2803152862389,37.85955115631278],[-122.27815528763475,37.85982115615096]]},"properties":{"id":"2925R","street":"CARLETON ST","side":"R","pavement_ft":36,"width_ft":12.0,"width_source":"gis","path_ft":6,"depth_ft":1.5,"zone":"R-2","district":"Multi-Unit 2","cat":"res","zone_dist_m":3.3,"campable_zone":false,"count":0,"placement":null}},{"type":"Feature","geometry":{"type":"LineString","coordinates":[[-122.29625364312939,37.85979586657416],[-122.29510964243437,37.8600308667174]]},"properties":{"id":"2928L","street":"DWIGHT WAY","side":"L","pavement_ft":36,"width_ft":8.3,"width_source":"gis","path_ft":6,"depth_ft":-2.2,"zone":"MUR","district":"Mixed Use-Residential","cat":"mixres","zone_dist_m":3.6,"campable_zone":true,"count":0,"placement":null}},{"type":"Feature","geometry":{"type":"LineString","coordinates":[[-122.2962223568904,37.85970013342359],[-122.29507835758544,37.85993513328036]]},"properties":{"id":"2928R","street":"DWIGHT WAY","side":"R","pavement_ft":36,"width_ft":10.8,"width_source":"gis","path_ft":6,"depth_ft":0.3,"zone":"MM","district":"Mixed Manufacturing","cat":"man","zone_dist_m":3.4,"campable_zone":true,"count":0,"placement":null}},{"type":"Feature","geometry":{"type":"LineString","coordinates":[[-122.29406935825423,37.86024392452686],[-122.29295235757296,37.86046892466399]]},"properties":{"id":"2947L","street":"DWIGHT WAY","side":"L","pavement_ft":36,"width_ft":10.0,"width_source":"gis","path_ft":6,"depth_ft":-0.5,"zone":"R-2","district":"Multi-Unit 2","cat":"res","zone_dist_m":4.3,"campable_zone":false,"count":0,"placement":null}},{"type":"Feature","geometry":{"type":"LineString","coordinates":[[-122.29403864176521,37.86014807547095],[-122.29292164244644,37.86037307533381]]},"properties":{"id":"2947R","street":"DWIGHT WAY","side":"R","pavement_ft":36,"width_ft":14.4,"width_source":"gis","path_ft":10,"depth_ft":-0.1,"zone":"MULI","district":"Mixed Use-Light Industrial","cat":"man","zone_dist_m":4.5,"campable_zone":true,"count":0,"placement":null}},{"type":"Feature","geometry":{"type":"LineString","coordinates":[[-122.28287499362169,37.860213808208165],[-122.28050499209333,37.860518808391376]]},"properties":{"id":"2960L","street":"PARKER ST","side":"L","pavement_ft":36,"width_ft":12.9,"width_source":"gis","path_ft":6,"depth_ft":2.4,"zone":"R-1","district":"Multi-Unit 1","cat":"res","zone_dist_m":4.9,"campable_zone":false,"count":0,"placement":null}},{"type":"Feature","geometry":{"type":"LineString","coordinates":[[-122.282855006391,37.860116191790716],[-122.28048500791934,37.8604211916075]]},"properties":{"id":"2960R","street":"PARKER ST","side":"R","pavement_ft":36,"width_ft":12.1,"width_source":"gis","path_ft":6,"depth_ft":1.6,"zone":"R-1","district":"Multi-Unit 1","cat":"res","zone_dist_m":3.5,"campable_zone":false,"count":0,"placement":null}},{"type":"Feature","geometry":{"type":"LineString","coordinates":[[-122.28928604552532,37.860294801554694],[-122.28714504414526,37.86057180172126]]},"properties":{"id":"2962L","street":"BLAKE ST","side":"L","pavement_ft":36,"width_ft":10.2,"width_source":"gis","path_ft":6,"depth_ft":-0.3,"zone":"R-1","district":"Multi-Unit 1","cat":"res","zone_dist_m":4.5,"campable_zone":false,"count":0,"placement":null}},{"type":"Feature","geometry":{"type":"LineString","coordinates":[[-122.28926595448746,37.860197198444155],[-122.28712495586753,37.86047419827758]]},"properties":{"id":"2962R","street":"BLAKE ST","side":"R","pavement_ft":36,"width_ft":13.2,"width_source":"gis","path_ft":6,"depth_ft":2.7,"zone":"R-1","district":"Multi-Unit 1","cat":"res","zone_dist_m":3.6,"campable_zone":false,"count":0,"placement":null}},{"type":"Feature","geometry":{"type":"LineString","coordinates":[[-122.28707335695678,37.86053051945285],[-122.28690335767197,37.859654519372135]]},"properties":{"id":"2963L","street":"MATHEWS ST","side":"L","pavement_ft":36,"width_ft":10.8,"width_source":"gis","path_ft":6,"depth_ft":0.3,"zone":"R-1","district":"Multi-Unit 1","cat":"res","zone_dist_m":3.5,"campable_zone":false,"count":0,"placement":null}},{"type":"Feature","geometry":{"type":"LineString","coordinates":[[-122.28719664303122,37.860515480514735],[-122.28702664231596,37.85963948059547]]},"properties":{"id":"2963R","street":"MATHEWS ST","side":"R","pavement_ft":36,"width_ft":12.7,"width_source":"gis","path_ft":6,"depth_ft":2.2,"zone":"R-1","district":"Multi-Unit 1","cat":"res","zone_dist_m":4.8,"campable_zone":false,"count":0,"placement":null}},{"type":"Feature","geometry":{"type":"LineString","coordinates":[[-122.28204780382303,37.87135339532788],[-122.27987480257609,37.871630395475755]]},"properties":{"id":"2970L","street":"BERKELEY WAY","side":"L","pavement_ft":32,"width_ft":11.5,"width_source":"gis","path_ft":6,"depth_ft":1.0,"zone":"R-2A","district":"Multi-Unit 2A","cat":"res","zone_dist_m":4.3,"campable_zone":false,"count":0,"placement":null}},{"type":"Feature","geometry":{"type":"LineString","coordinates":[[-122.28203019618688,37.87126660467125],[-122.27985719743384,37.87154360452338]]},"properties":{"id":"2970R","street":"BERKELEY WAY","side":"R","pavement_ft":32,"width_ft":11.0,"width_source":"gis","path_ft":6,"depth_ft":0.5,"zone":"R-2A","district":"Multi-Unit 2A","cat":"res","zone_dist_m":3.2,"campable_zone":false,"count":0,"placement":null}},{"type":"Feature","geometry":{"type":"LineString","coordinates":[[-122.28460305235319,37.86179180065303],[-122.2837920518304,37.86189680071616]]},"properties":{"id":"2977L","street":"DWIGHT WAY","side":"L","pavement_ft":36,"width_ft":12.8,"width_source":"gis","path_ft":6,"depth_ft":2.3,"zone":"R-2","district":"Multi-Unit 2","cat":"res","zone_dist_m":4.4,"campable_zone":false,"count":0,"placement":null}},{"type":"Feature","geometry":{"type":"LineString","coordinates":[[-122.28458294765957,37.86169419934583],[-122.28377194818233,37.861799199282714]]},"properties":{"id":"2977R","street":"DWIGHT WAY","side":"R","pavement_ft":36,"width_ft":12.0,"width_source":"gis","path_ft":6,"depth_ft":1.5,"zone":"R-2","district":"Multi-Unit 2","cat":"res","zone_dist_m":4.5,"campable_zone":false,"count":0,"placement":null}},{"type":"Feature","geometry":{"type":"LineString","coordinates":[[-122.28891043101629,37.866690916795534],[-122.28854543246776,37.86490691662155]]},"properties":{"id":"2979L","street":"CURTIS ST","side":"L","pavement_ft":36,"width_ft":8.7,"width_source":"gis","path_ft":6,"depth_ft":-1.8,"zone":"R-2","district":"Multi-Unit 2","cat":"res","zone_dist_m":2.5,"campable_zone":false,"count":0,"placement":null}},{"type":"Feature","geometry":{"type":"LineString","coordinates":[[-122.28903356897105,37.86667508317211],[-122.28866856751955,37.8648910833461]]},"properties":{"id":"2979R","street":"CURTIS ST","side":"R","pavement_ft":36,"width_ft":16.0,"width_source":"gis","path_ft":10,"depth_ft":1.5,"zone":"R-2","district":"Multi-Unit 2","cat":"res","zone_dist_m":4.8,"campable_zone":false,"count":0,"placement":null}},{"type":"Feature","geometry":{"type":"LineString","coordinates":[[-122.29926237858909,37.85156929146748],[-122.30070037159196,37.85688229262433],[-122.30070056487371,37.85688299188081],[-122.30242355687692,37.86298899326834]]},"properties":{"id":"2988R","street":"I80 EAST HWY","side":"R","pavement_ft":60,"width_ft":4.4,"width_source":"default","path_ft":6,"depth_ft":-6.1,"zone":"U","district":"Unclassified","cat":"other","zone_dist_m":2.9,"campable_zone":false,"count":0,"placement":null}},{"type":"Feature","geometry":{"type":"LineString","coordinates":[[-122.29295203710467,37.86046898849896],[-122.29183503642057,37.860688988633036]]},"properties":{"id":"2996L","street":"DWIGHT WAY","side":"L","pavement_ft":36,"width_ft":10.2,"width_source":"gis","path_ft":6,"depth_ft":-0.3,"zone":"R-2","district":"Multi-Unit 2","cat":"res","zone_dist_m":4.9,"campable_zone":false,"count":0,"placement":null}},{"type":"Feature","geometry":{"type":"LineString","coordinates":[[-122.29292196291433,37.860373011498936],[-122.2918049635985,37.860593011364834]]},"properties":{"id":"2996R","street":"DWIGHT WAY","side":"R","pavement_ft":36,"width_ft":14.2,"width_source":"gis","path_ft":10,"depth_ft":-0.3,"zone":"MULI","district":"Mixed Use-Light Industrial","cat":"man","zone_dist_m":4.9,"campable_zone":true,"count":0,"placement":null}},{"type":"Feature","geometry":{"type":"LineString","coordinates":[[-122.29071915672681,37.86091196483752],[-122.28956115601862,37.861141964977676]]},"properties":{"id":"3003L","street":"DWIGHT WAY","side":"L","pavement_ft":36,"width_ft":9.9,"width_source":"gis","path_ft":6,"depth_ft":-0.6,"zone":"C-W","district":"West Berkeley Commercial","cat":"com","zone_dist_m":4.6,"campable_zone":true,"count":0,"placement":null}},{"type":"Feature","geometry":{"type":"LineString","coordinates":[[-122.2906888432924,37.86081603516033],[-122.2895308440006,37.86104603502017]]},"properties":{"id":"3003R","street":"DWIGHT WAY","side":"R","pavement_ft":36,"width_ft":12.0,"width_source":"gis","path_ft":6,"depth_ft":1.5,"zone":"C-W","district":"West Berkeley Commercial","cat":"com","zone_dist_m":3.7,"campable_zone":true,"count":0,"placement":null}},{"type":"Feature","geometry":{"type":"LineString","coordinates":[[-122.28955650495296,37.861142740724],[-122.28874450443146,37.86125274079034]]},"properties":{"id":"3007L","street":"DWIGHT WAY","side":"L","pavement_ft":36,"width_ft":13.1,"width_source":"gis","path_ft":6,"depth_ft":2.6,"zone":"C-W","district":"West Berkeley Commercial","cat":"com","zone_dist_m":4.7,"campable_zone":true,"count":0,"placement":null}},{"type":"Feature","geometry":{"type":"LineString","coordinates":[[-122.2895354950604,37.861045259274796],[-122.28872349558188,37.86115525920846]]},"properties":{"id":"3007R","street":"DWIGHT WAY","side":"R","pavement_ft":36,"width_ft":12.0,"width_source":"gis","path_ft":6,"depth_ft":1.5,"zone":"C-W","district":"West Berkeley Commercial","cat":"com","zone_dist_m":4.2,"campable_zone":true,"count":0,"placement":null}},{"type":"Feature","geometry":{"type":"LineString","coordinates":[[-122.29866039882107,37.86118591640705],[-122.29785839833221,37.86134791650583]]},"properties":{"id":"3012L","street":"CHANNING WAY","side":"L","pavement_ft":36,"width_ft":12.7,"width_source":"gis","path_ft":6,"depth_ft":2.2,"zone":"MULI","district":"Mixed Use-Light Industrial","cat":"man","zone_dist_m":4.7,"campable_zone":true,"count":0,"placement":null}},{"type":"Feature","geometry":{"type":"LineString","coordinates":[[-122.29862960119837,37.86109008359073],[-122.29782760168727,37.86125208349196]]},"properties":{"id":"3012R","street":"CHANNING WAY","side":"R","pavement_ft":36,"width_ft":9.7,"width_source":"gis","path_ft":6,"depth_ft":-0.8,"zone":"MULI","district":"Mixed Use-Light Industrial","cat":"man","zone_dist_m":3.2,"campable_zone":true,"count":0,"placement":null}},{"type":"Feature","geometry":{"type":"LineString","coordinates":[[-122.2830550238307,37.86109580432354],[-122.28076202235232,37.86139180450139]]},"properties":{"id":"3016L","street":"BLAKE ST","side":"L","pavement_ft":36,"width_ft":12.9,"width_source":"gis","path_ft":6,"depth_ft":2.4,"zone":"R-1","district":"Multi-Unit 1","cat":"res","zone_dist_m":4.5,"campable_zone":false,"count":0,"placement":null}},{"type":"Feature","geometry":{"type":"LineString","coordinates":[[-122.28303497618201,37.86099819567533],[-122.2807419776604,37.861294195497486]]},"properties":{"id":"3016R","street":"BLAKE ST","side":"R","pavement_ft":36,"width_ft":12.0,"width_source":"gis","path_ft":6,"depth_ft":1.5,"zone":"R-1","district":"Multi-Unit 1","cat":"res","zone_dist_m":3.6,"campable_zone":false,"count":0,"placement":null}},{"type":"Feature","geometry":{"type":"LineString","coordinates":[[-122.28759568712546,37.86508284710613],[-122.28656868646158,37.865210847182944]]},"properties":{"id":"3027L","street":"BANCROFT WAY","side":"L","pavement_ft":36,"width_ft":11.6,"width_source":"gis","path_ft":6,"depth_ft":1.1,"zone":"R-2","district":"Multi-Unit 2","cat":"res","zone_dist_m":4.1,"campable_zone":false,"count":0,"placement":null}},{"type":"Feature","geometry":{"type":"LineString","coordinates":[[-122.28757631288683,37.864985152892764],[-122.28654931355072,37.86511315281599]]},"properties":{"id":"3027R","street":"BANCROFT WAY","side":"R","pavement_ft":36,"width_ft":12.6,"width_source":"gis","path_ft":6,"depth_ft":2.1,"zone":"R-2","district":"Multi-Unit 2","cat":"res","zone_dist_m":4.3,"campable_zone":false,"count":0,"placement":null}},{"type":"Feature","geometry":{"type":"LineString","coordinates":[[-122.28315335742707,37.86192952770081],[-122.28298335814152,37.86105452762011]]},"properties":{"id":"3045L","street":"ACTON ST","side":"L","pavement_ft":36,"width_ft":10.1,"width_source":"gis","path_ft":6,"depth_ft":-0.4,"zone":"R-1","district":"Multi-Unit 1","cat":"res","zone_dist_m":2.9,"campable_zone":false,"count":0,"placement":null}},{"type":"Feature","geometry":{"type":"LineString","coordinates":[[-122.28327664256088,37.861914472266776],[-122.28310664184646,37.861039472347464]]},"properties":{"id":"3045R","street":"ACTON ST","side":"R","pavement_ft":36,"width_ft":13.8,"width_source":"gis","path_ft":6,"depth_ft":3.3,"zone":"R-1","district":"Multi-Unit 1","cat":"res","zone_dist_m":4.6,"campable_zone":false,"count":0,"placement":null}},{"type":"Feature","geometry":{"type":"LineString","coordinates":[[-122.29462516555918,37.862012963145425],[-122.29351816488229,37.86223296327953]]},"properties":{"id":"3048L","street":"CHANNING WAY","side":"L","pavement_ft":36,"width_ft":12.6,"width_source":"gis","path_ft":6,"depth_ft":2.1,"zone":"R-2","district":"Multi-Unit 2","cat":"res","zone_dist_m":5.3,"campable_zone":false,"count":0,"placement":null}},{"type":"Feature","geometry":{"type":"LineString","coordinates":[[-122.29459483446001,37.861917036852425],[-122.29348783513694,37.86213703671832]]},"properties":{"id":"3048R","street":"CHANNING WAY","side":"R","pavement_ft":36,"width_ft":15.5,"width_source":"gis","path_ft":10,"depth_ft":1.0,"zone":"R-2","district":"Multi-Unit 2","cat":"res","zone_dist_m":4.6,"campable_zone":false,"count":0,"placement":null}},{"type":"Feature","geometry":{"type":"LineString","coordinates":[[-122.2973806556708,37.86332286412933],[-122.29623265497337,37.86355886427318]]},"properties":{"id":"3049L","street":"BANCROFT WAY","side":"L","pavement_ft":36,"width_ft":10.0,"width_source":"gis","path_ft":6,"depth_ft":-0.5,"zone":"MUR","district":"Mixed Use-Residential","cat":"mixres","zone_dist_m":4.5,"campable_zone":true,"count":0,"placement":null}},{"type":"Feature","geometry":{"type":"LineString","coordinates":[[-122.29734934434902,37.86322713586842],[-122.29620134504644,37.86346313572454]]},"properties":{"id":"3049R","street":"BANCROFT WAY","side":"R","pavement_ft":36,"width_ft":13.6,"width_source":"gis","path_ft":6,"depth_ft":3.1,"zone":"MUR","district":"Mixed Use-Residential","cat":"mixres","zone_dist_m":4.5,"campable_zone":true,"count":0,"placement":null}},{"type":"Feature","geometry":{"type":"LineString","coordinates":[[-122.28390067644442,37.86713271732763],[-122.28164967500042,37.86744271751468]]},"properties":{"id":"3053L","street":"ALLSTON WAY","side":"L","pavement_ft":36,"width_ft":8.3,"width_source":"gis","path_ft":6,"depth_ft":-2.2,"zone":"R-2","district":"Multi-Unit 2","cat":"res","zone_dist_m":3.2,"campable_zone":false,"count":0,"placement":null}},{"type":"Feature","geometry":{"type":"LineString","coordinates":[[-122.28387932356912,37.867035282671125],[-122.28162832501313,37.867345282484116]]},"properties":{"id":"3053R","street":"ALLSTON WAY","side":"R","pavement_ft":36,"width_ft":16.0,"width_source":"gis","path_ft":10,"depth_ft":1.5,"zone":"R-2","district":"Multi-Unit 2","cat":"res","zone_dist_m":5.3,"campable_zone":false,"count":0,"placement":null}},{"type":"Feature","geometry":{"type":"LineString","coordinates":[[-122.28154230051773,37.86740030942185],[-122.28137930256,37.865830309310326]]},"properties":{"id":"3054L","street":"SACRAMENTO ST","side":"L","pavement_ft":56,"width_ft":23.7,"width_source":"gis","path_ft":10,"depth_ft":9.2,"zone":"R-2","district":"Multi-Unit 2","cat":"res","zone_dist_m":7.8,"campable_zone":false,"count":0,"placement":null}},{"type":"Feature","geometry":{"type":"LineString","coordinates":[[-122.28173569946705,37.86738769049854],[-122.2815726974248,37.8658176906101]]},"properties":{"id":"3054R","street":"SACRAMENTO ST","side":"R","pavement_ft":56,"width_ft":30.7,"width_source":"gis","path_ft":10,"depth_ft":16.2,"zone":"R-2","district":"Multi-Unit 2","cat":"res","zone_dist_m":9.7,"campable_zone":false,"count":0,"placement":null}},{"type":"Feature","geometry":{"type":"LineString","coordinates":[[-122.29794684417412,37.86508602641683],[-122.29679884346918,37.86530902655283]]},"properties":{"id":"3059L","street":"ALLSTON WAY","side":"L","pavement_ft":36,"width_ft":12.5,"width_source":"gis","path_ft":6,"depth_ft":2.0,"zone":"MUR","district":"Mixed Use-Residential","cat":"mixres","zone_dist_m":4.9,"campable_zone":true,"count":0,"placement":null}},{"type":"Feature","geometry":{"type":"LineString","coordinates":[[-122.29791715584471,37.864989973581075],[-122.29676915654964,37.86521297344509]]},"properties":{"id":"3059R","street":"ALLSTON WAY","side":"R","pavement_ft":36,"width_ft":14.0,"width_source":"gis","path_ft":10,"depth_ft":-0.5,"zone":"MUR","district":"Mixed Use-Residential","cat":"mixres","zone_dist_m":4.3,"campable_zone":true,"count":0,"placement":null}},{"type":"Feature","geometry":{"type":"LineString","coordinates":[[-122.28374190614136,37.86558481946988],[-122.28265190543785,37.865723819553345]]},"properties":{"id":"3060L","street":"BANCROFT WAY","side":"L","pavement_ft":36,"width_ft":10.5,"width_source":"gis","path_ft":6,"depth_ft":0.0,"zone":"R-2","district":"Multi-Unit 2","cat":"res","zone_dist_m":3.9,"campable_zone":false,"count":0,"placement":null}},{"type":"Feature","geometry":{"type":"LineString","coordinates":[[-122.2837220938712,37.86548718052901],[-122.28263209457468,37.86562618044554]]},"properties":{"id":"3060R","street":"BANCROFT WAY","side":"R","pavement_ft":36,"width_ft":13.5,"width_source":"gis","path_ft":6,"depth_ft":3.0,"zone":"R-2","district":"Multi-Unit 2","cat":"res","zone_dist_m":4.5,"campable_zone":false,"count":0,"placement":null}},{"type":"Feature","geometry":{"type":"LineString","coordinates":[[-122.28258047542926,37.86568312664937],[-122.28221247685094,37.8639321264738],[-122.2822117999905,37.863927661398854],[-122.28221163764039,37.86392316603744],[-122.28221263767993,37.86387616603836]]},"properties":{"id":"3061L","street":"EDWARDS ST","side":"L","pavement_ft":36,"width_ft":9.5,"width_source":"gis","path_ft":6,"depth_ft":-1.0,"zone":"R-2","district":"Multi-Unit 2","cat":"res","zone_dist_m":2.8,"campable_zone":false,"count":0,"placement":null}},{"type":"Feature","geometry":{"type":"LineString","coordinates":[[-122.28270352455769,37.86566687331833],[-122.28233645832738,37.863920323361825],[-122.28233736232198,37.863877833928626]]},"properties":{"id":"3061R","street":"EDWARDS ST","side":"R","pavement_ft":36,"width_ft":15.9,"width_source":"gis","path_ft":10,"depth_ft":1.4,"zone":"R-2","district":"Multi-Unit 2","cat":"res","zone_dist_m":5.0,"campable_zone":false,"count":0,"placement":null}},{"type":"Feature","geometry":{"type":"LineString","coordinates":[[-122.28404908904268,37.86915079438278],[-122.28394908965326,37.86814079435125]]},"properties":{"id":"3064L","street":"ACTON ST","side":"L","pavement_ft":26,"width_ft":10.7,"width_source":"gis","path_ft":6,"depth_ft":0.2,"zone":"R-2","district":"Multi-Unit 2","cat":"res","zone_dist_m":3.0,"campable_zone":false,"count":0,"placement":null}},{"type":"Feature","geometry":{"type":"LineString","coordinates":[[-122.2841389109542,37.869145205600056],[-122.28403891034367,37.868135205631575]]},"properties":{"id":"3064R","street":"ACTON ST","side":"R","pavement_ft":26,"width_ft":23.0,"width_source":"gis","path_ft":10,"depth_ft":8.5,"zone":"R-2","district":"Multi-Unit 2","cat":"res","zone_dist_m":7.2,"campable_zone":false,"count":0,"placement":null}},{"type":"Feature","geometry":{"type":"LineString","coordinates":[[-122.28394908928776,37.8681407906572],[-122.28390508955674,37.86769579064335]]},"properties":{"id":"3065L","street":"ACTON ST","side":"L","pavement_ft":26,"width_ft":11.8,"width_source":"gis","path_ft":6,"depth_ft":1.3,"zone":"R-2","district":"Multi-Unit 2","cat":"res","zone_dist_m":3.4,"campable_zone":false,"count":0,"placement":null}},{"type":"Feature","geometry":{"type":"LineString","coordinates":[[-122.28403891070917,37.86813520932562],[-122.28399491044016,37.86769020933949]]},"properties":{"id":"3065R","street":"ACTON ST","side":"R","pavement_ft":26,"width_ft":22.3,"width_source":"gis","path_ft":10,"depth_ft":7.8,"zone":"R-2","district":"Multi-Unit 2","cat":"res","zone_dist_m":6.8,"campable_zone":false,"count":0,"placement":null}},{"type":"Feature","geometry":{"type":"LineString","coordinates":[[-122.28110059099387,37.862233985063675],[-122.2800655904738,37.86236398512433]]},"properties":{"id":"3066L","street":"DWIGHT WAY","side":"L","pavement_ft":28,"width_ft":17.0,"width_source":"gis","path_ft":10,"depth_ft":2.5,"zone":"R-2","district":"Multi-Unit 2","cat":"res","zone_dist_m":5.6,"campable_zone":false,"count":0,"placement":null}},{"type":"Feature","geometry":{"type":"LineString","coordinates":[[-122.2810854090136,37.862158014935666],[-122.28005040953369,37.862288014875034]]},"properties":{"id":"3066R","street":"DWIGHT WAY","side":"R","pavement_ft":28,"width_ft":16.0,"width_source":"gis","path_ft":10,"depth_ft":1.5,"zone":"C-SA","district":"South Area Commercial","cat":"com","zone_dist_m":4.5,"campable_zone":true,"count":0,"placement":null}},{"type":"Feature","geometry":{"type":"LineString","coordinates":[[-122.28649746030032,37.8651700524481],[-122.28630946103401,37.864267052358414]]},"properties":{"id":"3068L","street":"BONAR ST","side":"L","pavement_ft":36,"width_ft":9.1,"width_source":"gis","path_ft":6,"depth_ft":-1.4,"zone":"R-2","district":"Multi-Unit 2","cat":"res","zone_dist_m":2.8,"campable_zone":false,"count":0,"placement":null}},{"type":"Feature","geometry":{"type":"LineString","coordinates":[[-122.2866205396868,37.865153947519566],[-122.28643253895312,37.86425094760926]]},"properties":{"id":"3068R","street":"BONAR ST","side":"R","pavement_ft":36,"width_ft":15.5,"width_source":"gis","path_ft":10,"depth_ft":1.0,"zone":"R-2","district":"Multi-Unit 2","cat":"res","zone_dist_m":4.7,"campable_zone":false,"count":0,"placement":null}},{"type":"Feature","geometry":{"type":"LineString","coordinates":[[-122.284390401211,37.86516876321104],[-122.28408340245842,37.863637763064965]]},"properties":{"id":"3069L","street":"VALLEY ST","side":"L","pavement_ft":36,"width_ft":8.5,"width_source":"gis","path_ft":6,"depth_ft":-2.0,"zone":"R-1","district":"Multi-Unit 1","cat":"res","zone_dist_m":2.6,"campable_zone":false,"count":0,"placement":null}},{"type":"Feature","geometry":{"type":"LineString","coordinates":[[-122.28451359877658,37.86515323675659],[-122.28420659752918,37.86362223690266]]},"properties":{"id":"3069R","street":"VALLEY ST","side":"R","pavement_ft":36,"width_ft":15.6,"width_source":"gis","path_ft":10,"depth_ft":1.1,"zone":"R-1","district":"Multi-Unit 1","cat":"res","zone_dist_m":4.8,"campable_zone":false,"count":0,"placement":null}},{"type":"Feature","geometry":{"type":"LineString","coordinates":[[-122.28373409862776,37.86600087081332],[-122.28368709890685,37.86553887079843]]},"properties":{"id":"3071L","street":"ACTON ST","side":"L","pavement_ft":26,"width_ft":13.7,"width_source":"gis","path_ft":6,"depth_ft":3.2,"zone":"R-2","district":"Multi-Unit 2","cat":"res","zone_dist_m":4.2,"campable_zone":false,"count":0,"placement":null}},{"type":"Feature","geometry":{"type":"LineString","coordinates":[[-122.28382390136905,37.86599512916952],[-122.28377690108994,37.8655331291844]]},"properties":{"id":"3071R","street":"ACTON ST","side":"R","pavement_ft":26,"width_ft":21.2,"width_source":"gis","path_ft":10,"depth_ft":6.7,"zone":"R-2","district":"Multi-Unit 2","cat":"res","zone_dist_m":6.6,"campable_zone":false,"count":0,"placement":null}},{"type":"Feature","geometry":{"type":"LineString","coordinates":[[-122.28006554960626,37.8623639902431],[-122.27880854897434,37.86252099031629]]},"properties":{"id":"3085L","street":"DWIGHT WAY","side":"L","pavement_ft":28,"width_ft":18.0,"width_source":"gis","path_ft":10,"depth_ft":3.5,"zone":"R-2","district":"Multi-Unit 2","cat":"res","zone_dist_m":5.8,"campable_zone":false,"count":0,"placement":null}},{"type":"Feature","geometry":{"type":"LineString","coordinates":[[-122.28005045040119,37.86228800975626],[-122.27879345103307,37.86244500968307]]},"properties":{"id":"3085R","street":"DWIGHT WAY","side":"R","pavement_ft":28,"width_ft":15.1,"width_source":"gis","path_ft":10,"depth_ft":0.6,"zone":"R-2","district":"Multi-Unit 2","cat":"res","zone_dist_m":4.8,"campable_zone":false,"count":0,"placement":null}},{"type":"Feature","geometry":{"type":"LineString","coordinates":[[-122.29919565642287,37.86282307239461],[-122.30050265562552,37.862560072555006]]},"properties":{"id":"3095L","street":"BANCROFT WAY","side":"L","pavement_ft":36,"width_ft":0.5,"width_source":"gis","path_ft":6,"depth_ft":-10.0,"zone":"MULI","district":"Mixed Use-Light Industrial","cat":"man","zone_dist_m":1.6,"campable_zone":true,"count":0,"placement":null}},{"type":"Feature","geometry":{"type":"LineString","coordinates":[[-122.29922634359656,37.862918927603175],[-122.30053334439387,37.8626559274428]]},"properties":{"id":"3095R","street":"BANCROFT WAY","side":"R","pavement_ft":36,"width_ft":13.9,"width_source":"gis","path_ft":6,"depth_ft":3.4,"zone":"MULI","district":"Mixed Use-Light Industrial","cat":"man","zone_dist_m":6.2,"campable_zone":true,"count":0,"placement":null}},{"type":"Feature","geometry":{"type":"LineString","coordinates":[[-122.29011649063534,37.86290374268533],[-122.28911848999432,37.863038742766754]]},"properties":{"id":"3101L","street":"CHANNING WAY","side":"L","pavement_ft":36,"width_ft":14.1,"width_source":"gis","path_ft":10,"depth_ft":-0.4,"zone":"R-2","district":"Multi-Unit 2","cat":"res","zone_dist_m":5.5,"campable_zone":false,"count":0,"placement":null}},{"type":"Feature","geometry":{"type":"LineString","coordinates":[[-122.29009550937793,37.86280625731346],[-122.28909751001903,37.86294125723205]]},"properties":{"id":"3101R","street":"CHANNING WAY","side":"R","pavement_ft":36,"width_ft":10.7,"width_source":"gis","path_ft":6,"depth_ft":0.2,"zone":"C-W","district":"West Berkeley Commercial","cat":"com","zone_dist_m":2.9,"campable_zone":true,"count":0,"placement":null}},{"type":"Feature","geometry":{"type":"LineString","coordinates":[[-122.28905672639796,37.86299674865918],[-122.2886827276065,37.86121074851041]]},"properties":{"id":"3102L","street":"BYRON ST","side":"L","pavement_ft":30,"width_ft":8.2,"width_source":"gis","path_ft":6,"depth_ft":-2.3,"zone":"R-2","district":"Multi-Unit 2","cat":"res","zone_dist_m":2.3,"campable_zone":false,"count":0,"placement":null}},{"type":"Feature","geometry":{"type":"LineString","coordinates":[[-122.28915927359306,37.8629832513184],[-122.28878527238452,37.86119725146716]]},"properties":{"id":"3102R","street":"BYRON ST","side":"R","pavement_ft":30,"width_ft":11.7,"width_source":"gis","path_ft":6,"depth_ft":1.2,"zone":"R-2","district":"Multi-Unit 2","cat":"res","zone_dist_m":4.1,"campable_zone":false,"count":0,"placement":null}},{"type":"Feature","geometry":{"type":"LineString","coordinates":[[-122.299223388996,37.86291970958831],[-122.29913538894307,37.86293870959989]]},"properties":{"id":"3103L","street":"BANCROFT WAY","side":"L","pavement_ft":36,"width_ft":20.1,"width_source":"gis","path_ft":10,"depth_ft":5.6,"zone":"MULI","district":"Mixed Use-Light Industrial","cat":"man","zone_dist_m":5.8,"campable_zone":true,"count":3,"placement":"curb"}},{"type":"Feature","geometry":{"type":"LineString","coordinates":[[-122.29919061102468,37.86282429040923],[-122.29910261107761,37.862843290397635]]},"properties":{"id":"3103R","street":"BANCROFT WAY","side":"R","pavement_ft":36,"width_ft":1.0,"width_source":"gis","path_ft":6,"depth_ft":-9.5,"zone":"MULI","district":"Mixed Use-Light Industrial","cat":"man","zone_dist_m":2.0,"campable_zone":true,"count":0,"placement":null}},{"type":"Feature","geometry":{"type":"LineString","coordinates":[[-122.29913574661559,37.86293863146866],[-122.29842074618792,37.863096631564886]]},"properties":{"id":"3104L","street":"BANCROFT WAY","side":"L","pavement_ft":36,"width_ft":19.0,"width_source":"gis","path_ft":10,"depth_ft":4.5,"zone":"MULI","district":"Mixed Use-Light Industrial","cat":"man","zone_dist_m":5.7,"campable_zone":true,"count":0,"placement":null}},{"type":"Feature","geometry":{"type":"LineString","coordinates":[[-122.29910225340554,37.86284336852879],[-122.29838725383321,37.86300136843257]]},"properties":{"id":"3104R","street":"BANCROFT WAY","side":"R","pavement_ft":36,"width_ft":3.4,"width_source":"gis","path_ft":6,"depth_ft":-7.1,"zone":"MULI","district":"Mixed Use-Light Industrial","cat":"man","zone_dist_m":2.6,"campable_zone":true,"count":0,"placement":null}},{"type":"Feature","geometry":{"type":"LineString","coordinates":[[-122.28714747474959,37.86325111397428],[-122.28677147620448,37.86145911379484]]},"properties":{"id":"3108L","street":"BROWNING ST","side":"L","pavement_ft":36,"width_ft":9.1,"width_source":"gis","path_ft":6,"depth_ft":-1.4,"zone":"R-2","district":"Multi-Unit 2","cat":"res","zone_dist_m":2.6,"campable_zone":false,"count":0,"placement":null}},{"type":"Feature","geometry":{"type":"LineString","coordinates":[[-122.28727052523743,37.86323488599341],[-122.28689452378251,37.861442886172874]]},"properties":{"id":"3108R","street":"BROWNING ST","side":"R","pavement_ft":36,"width_ft":15.2,"width_source":"gis","path_ft":10,"depth_ft":0.7,"zone":"R-2","district":"Multi-Unit 2","cat":"res","zone_dist_m":5.1,"campable_zone":false,"count":0,"placement":null}},{"type":"Feature","geometry":{"type":"LineString","coordinates":[[-122.2861234926271,37.86338019918501],[-122.28574449407674,37.861593199004034]]},"properties":{"id":"3110L","street":"BONAR ST","side":"L","pavement_ft":36,"width_ft":9.2,"width_source":"gis","path_ft":6,"depth_ft":-1.3,"zone":"R-2","district":"Multi-Unit 2","cat":"res","zone_dist_m":3.1,"campable_zone":false,"count":0,"placement":null}},{"type":"Feature","geometry":{"type":"LineString","coordinates":[[-122.28624650735979,37.86336380078271],[-122.28586750591015,37.86157680096368]]},"properties":{"id":"3110R","street":"BONAR ST","side":"R","pavement_ft":36,"width_ft":16.3,"width_source":"gis","path_ft":10,"depth_ft":1.8,"zone":"R-2","district":"Multi-Unit 2","cat":"res","zone_dist_m":5.6,"campable_zone":false,"count":0,"placement":null}},{"type":"Feature","geometry":{"type":"LineString","coordinates":[[-122.2861952172174,37.86342077915478],[-122.28497221643005,37.863581779251675]]},"properties":{"id":"3112L","street":"CHANNING WAY","side":"L","pavement_ft":36,"width_ft":11.1,"width_source":"gis","path_ft":6,"depth_ft":0.6,"zone":"R-2","district":"Multi-Unit 2","cat":"res","zone_dist_m":4.5,"campable_zone":false,"count":0,"placement":null}},{"type":"Feature","geometry":{"type":"LineString","coordinates":[[-122.28617478279558,37.863323220844066],[-122.28495178358294,37.86348422074717]]},"properties":{"id":"3112R","street":"CHANNING WAY","side":"R","pavement_ft":36,"width_ft":13.2,"width_source":"gis","path_ft":6,"depth_ft":2.7,"zone":"R-2","district":"Multi-Unit 2","cat":"res","zone_dist_m":4.2,"campable_zone":false,"count":0,"placement":null}},{"type":"Feature","geometry":{"type":"LineString","coordinates":[[-122.28490728509303,37.8635400893434],[-122.28453828638666,37.86175008918706]]},"properties":{"id":"3113L","street":"WEST ST","side":"L","pavement_ft":32,"width_ft":11.1,"width_source":"gis","path_ft":6,"depth_ft":0.6,"zone":"R-2","district":"Multi-Unit 2","cat":"res","zone_dist_m":3.4,"campable_zone":false,"count":0,"placement":null}},{"type":"Feature","geometry":{"type":"LineString","coordinates":[[-122.28501671489688,37.863525910631054],[-122.28464771360325,37.86173591078739]]},"properties":{"id":"3113R","street":"WEST ST","side":"R","pavement_ft":32,"width_ft":17.0,"width_source":"gis","path_ft":10,"depth_ft":2.5,"zone":"R-2","district":"Multi-Unit 2","cat":"res","zone_dist_m":5.1,"campable_zone":false,"count":0,"placement":null}},{"type":"Feature","geometry":{"type":"LineString","coordinates":[[-122.28497123783268,37.863581901748816],[-122.28415423730283,37.863678901806786]]},"properties":{"id":"3116L","street":"CHANNING WAY","side":"L","pavement_ft":36,"width_ft":10.5,"width_source":"gis","path_ft":6,"depth_ft":-0.0,"zone":"R-1","district":"Multi-Unit 1","cat":"res","zone_dist_m":4.0,"campable_zone":false,"count":0,"placement":null}},{"type":"Feature","geometry":{"type":"LineString","coordinates":[[-122.28495276217903,37.863484098250176],[-122.28413576270889,37.8635810981922]]},"properties":{"id":"3116R","street":"CHANNING WAY","side":"R","pavement_ft":36,"width_ft":13.4,"width_source":"gis","path_ft":6,"depth_ft":2.9,"zone":"R-2","district":"Multi-Unit 2","cat":"res","zone_dist_m":4.1,"campable_zone":false,"count":0,"placement":null}},{"type":"Feature","geometry":{"type":"LineString","coordinates":[[-122.28408342679008,37.86363788345172],[-122.28372042824022,37.86185588327888]]},"properties":{"id":"3117L","street":"VALLEY ST","side":"L","pavement_ft":36,"width_ft":9.5,"width_source":"gis","path_ft":6,"depth_ft":-1.0,"zone":"R-2","district":"Multi-Unit 2","cat":"res","zone_dist_m":2.9,"campable_zone":false,"count":0,"placement":null}},{"type":"Feature","geometry":{"type":"LineString","coordinates":[[-122.28420657319732,37.863622116515906],[-122.28384357174716,37.86184011668878]]},"properties":{"id":"3117R","street":"VALLEY ST","side":"R","pavement_ft":36,"width_ft":14.9,"width_source":"gis","path_ft":10,"depth_ft":0.4,"zone":"R-2","district":"Multi-Unit 2","cat":"res","zone_dist_m":5.2,"campable_zone":false,"count":0,"placement":null}},{"type":"Feature","geometry":{"type":"LineString","coordinates":[[-122.2962319130285,37.863559012949146],[-122.29518691238738,37.86376301307353]]},"properties":{"id":"3118L","street":"BANCROFT WAY","side":"L","pavement_ft":36,"width_ft":10.3,"width_source":"gis","path_ft":6,"depth_ft":-0.2,"zone":"R-2","district":"Multi-Unit 2","cat":"res","zone_dist_m":4.2,"campable_zone":false,"count":0,"placement":null}},{"type":"Feature","geometry":{"type":"LineString","coordinates":[[-122.2962020869904,37.863462987048756],[-122.2951570876315,37.86366698692438]]},"properties":{"id":"3118R","street":"BANCROFT WAY","side":"R","pavement_ft":36,"width_ft":14.2,"width_source":"gis","path_ft":10,"depth_ft":-0.3,"zone":"R-2","district":"Multi-Unit 2","cat":"res","zone_dist_m":4.2,"campable_zone":false,"count":0,"placement":null}},{"type":"Feature","geometry":{"type":"LineString","coordinates":[[-122.2903712081984,37.8636946888817],[-122.2884072071417,37.86394368900635]]},"properties":{"id":"3122L","street":"CHAUCER ST","side":"L","pavement_ft":30,"width_ft":10.6,"width_source":"gis","path_ft":6,"depth_ft":0.1,"zone":"R-2","district":"Multi-Unit 2","cat":"res","zone_dist_m":4.2,"campable_zone":false,"count":0,"placement":null}},{"type":"Feature","geometry":{"type":"LineString","coordinates":[[-122.29035479181032,37.86361331111753],[-122.28839079286699,37.863862310992886]]},"properties":{"id":"3122R","street":"CHAUCER ST","side":"R","pavement_ft":30,"width_ft":11.3,"width_source":"gis","path_ft":6,"depth_ft":0.8,"zone":"R-2","district":"Multi-Unit 2","cat":"res","zone_dist_m":3.6,"campable_zone":false,"count":0,"placement":null}},{"type":"Feature","geometry":{"type":"LineString","coordinates":[[-122.29518726989077,37.863762942396626],[-122.2940732692105,37.86398594253257]]},"properties":{"id":"3123L","street":"BANCROFT WAY","side":"L","pavement_ft":36,"width_ft":9.7,"width_source":"gis","path_ft":6,"depth_ft":-0.8,"zone":"R-2","district":"Multi-Unit 2","cat":"res","zone_dist_m":4.5,"campable_zone":false,"count":0,"placement":null}},{"type":"Feature","geometry":{"type":"LineString","coordinates":[[-122.29515673012855,37.86366705760119],[-122.29404273080888,37.86389005746524]]},"properties":{"id":"3123R","street":"BANCROFT WAY","side":"R","pavement_ft":36,"width_ft":15.0,"width_source":"gis","path_ft":10,"depth_ft":0.5,"zone":"R-2","district":"Multi-Unit 2","cat":"res","zone_dist_m":4.8,"campable_zone":false,"count":0,"placement":null}},{"type":"Feature","geometry":{"type":"LineString","coordinates":[[-122.28326026738713,37.86379677251706],[-122.28228526675966,37.86392577259469]]},"properties":{"id":"3124L","street":"CHANNING WAY","side":"L","pavement_ft":36,"width_ft":11.6,"width_source":"gis","path_ft":6,"depth_ft":1.1,"zone":"R-2","district":"Multi-Unit 2","cat":"res","zone_dist_m":4.5,"campable_zone":false,"count":0,"placement":null}},{"type":"Feature","geometry":{"type":"LineString","coordinates":[[-122.2832397326259,37.863699227481796],[-122.28226473325334,37.86382822740414]]},"properties":{"id":"3124R","street":"CHANNING WAY","side":"R","pavement_ft":36,"width_ft":11.9,"width_source":"gis","path_ft":6,"depth_ft":1.4,"zone":"R-2","district":"Multi-Unit 2","cat":"res","zone_dist_m":3.4,"campable_zone":false,"count":0,"placement":null}},{"type":"Feature","geometry":{"type":"LineString","coordinates":[[-122.28221282605114,37.863880929368406],[-122.28203082756531,37.8620709292888]]},"properties":{"id":"3125L","street":"EDWARDS ST","side":"L","pavement_ft":36,"width_ft":10.1,"width_source":"gis","path_ft":6,"depth_ft":-0.4,"zone":"R-2","district":"Multi-Unit 2","cat":"res","zone_dist_m":2.8,"campable_zone":false,"count":0,"placement":null}},{"type":"Feature","geometry":{"type":"LineString","coordinates":[[-122.28233717394276,37.8638730705987],[-122.28215517242863,37.862063070678296]]},"properties":{"id":"3125R","street":"EDWARDS ST","side":"R","pavement_ft":36,"width_ft":15.1,"width_source":"gis","path_ft":10,"depth_ft":0.6,"zone":"R-2","district":"Multi-Unit 2","cat":"res","zone_dist_m":5.7,"campable_zone":false,"count":0,"placement":null}},{"type":"Feature","geometry":{"type":"LineString","coordinates":[[-122.28228490622598,37.86392581943446],[-122.28129690558835,37.86405181951013]]},"properties":{"id":"3126L","street":"CHANNING WAY","side":"L","pavement_ft":36,"width_ft":13.6,"width_source":"gis","path_ft":6,"depth_ft":3.1,"zone":"R-2","district":"Multi-Unit 2","cat":"res","zone_dist_m":4.1,"campable_zone":false,"count":0,"placement":null}},{"type":"Feature","geometry":{"type":"LineString","coordinates":[[-122.28226509378656,37.86382818056443],[-122.28127709442421,37.863954180488776]]},"properties":{"id":"3126R","street":"CHANNING WAY","side":"R","pavement_ft":36,"width_ft":12.0,"width_source":"gis","path_ft":6,"depth_ft":1.5,"zone":"R-2","district":"Multi-Unit 2","cat":"res","zone_dist_m":4.3,"campable_zone":false,"count":0,"placement":null}},{"type":"Feature","geometry":{"type":"LineString","coordinates":[[-122.28119032753395,37.86400952327304],[-122.2809963298826,37.862202523139516]]},"properties":{"id":"3127L","street":"SACRAMENTO ST","side":"L","pavement_ft":56,"width_ft":24.4,"width_source":"gis","path_ft":10,"depth_ft":9.9,"zone":"R-2","district":"Multi-Unit 2","cat":"res","zone_dist_m":7.3,"campable_zone":false,"count":0,"placement":null}},{"type":"Feature","geometry":{"type":"LineString","coordinates":[[-122.28138367245027,37.863996476647394],[-122.28118967010163,37.862189476780934]]},"properties":{"id":"3127R","street":"SACRAMENTO ST","side":"R","pavement_ft":56,"width_ft":30.3,"width_source":"gis","path_ft":10,"depth_ft":15.8,"zone":"R-2","district":"Multi-Unit 2","cat":"res","zone_dist_m":9.9,"campable_zone":false,"count":0,"placement":null}},{"type":"Feature","geometry":{"type":"LineString","coordinates":[[-122.28024970633699,37.864193844651766],[-122.2791047055969,37.86433684473751]]},"properties":{"id":"3128L","street":"CHANNING WAY","side":"L","pavement_ft":36,"width_ft":11.2,"width_source":"gis","path_ft":6,"depth_ft":0.7,"zone":"R-2","district":"Multi-Unit 2","cat":"res","zone_dist_m":4.4,"campable_zone":false,"count":0,"placement":null}},{"type":"Feature","geometry":{"type":"LineString","coordinates":[[-122.28023029367532,37.86409615534715],[-122.27908529441542,37.864239155261444]]},"properties":{"id":"3128R","street":"CHANNING WAY","side":"R","pavement_ft":36,"width_ft":14.0,"width_source":"gis","path_ft":6,"depth_ft":3.5,"zone":"R-2","district":"Multi-Unit 2","cat":"res","zone_dist_m":4.5,"campable_zone":false,"count":0,"placement":null}},{"type":"Feature","geometry":{"type":"LineString","coordinates":[[-122.28637977871135,37.864299613945995],[-122.28584977842773,37.864371613982165]]},"properties":{"id":"3130L","street":"POE ST","side":"L","pavement_ft":30,"width_ft":8.6,"width_source":"gis","path_ft":6,"depth_ft":-1.9,"zone":"R-2","district":"Multi-Unit 2","cat":"res","zone_dist_m":3.1,"campable_zone":false,"count":0,"placement":null}},{"type":"Feature","geometry":{"type":"LineString","coordinates":[[-122.28636222129795,37.86421838605315],[-122.2858322215816,37.864290386016975]]},"properties":{"id":"3130R","street":"POE ST","side":"R","pavement_ft":30,"width_ft":10.7,"width_source":"gis","path_ft":6,"depth_ft":0.2,"zone":"R-2","district":"Multi-Unit 2","cat":"res","zone_dist_m":3.1,"campable_zone":false,"count":0,"placement":null}},{"type":"Feature","geometry":{"type":"LineString","coordinates":[[-122.29296623138634,37.86420595009368],[-122.29185423070686,37.86442795022899]]},"properties":{"id":"3131L","street":"BANCROFT WAY","side":"L","pavement_ft":36,"width_ft":11.9,"width_source":"gis","path_ft":6,"depth_ft":1.4,"zone":"R-2","district":"Multi-Unit 2","cat":"res","zone_dist_m":5.4,"campable_zone":false,"count":0,"placement":null}},{"type":"Feature","geometry":{"type":"LineString","coordinates":[[-122.29293576863297,37.86411004990416],[-122.2918237693124,37.86433204976884]]},"properties":{"id":"3131R","street":"BANCROFT WAY","side":"R","pavement_ft":36,"width_ft":13.7,"width_source":"gis","path_ft":6,"depth_ft":3.2,"zone":"R-2","district":"Multi-Unit 2","cat":"res","zone_dist_m":5.0,"campable_zone":false,"count":0,"placement":null}},{"type":"Feature","geometry":{"type":"LineString","coordinates":[[-122.291854478232,37.86442790038688],[-122.29068747752125,37.86466490053134]]},"properties":{"id":"3134L","street":"BANCROFT WAY","side":"L","pavement_ft":36,"width_ft":10.9,"width_source":"gis","path_ft":6,"depth_ft":0.4,"zone":"R-2","district":"Multi-Unit 2","cat":"res","zone_dist_m":5.0,"campable_zone":false,"count":0,"placement":null}},{"type":"Feature","geometry":{"type":"LineString","coordinates":[[-122.29182352178759,37.864332099610884],[-122.29065652249834,37.864569099466465]]},"properties":{"id":"3134R","street":"BANCROFT WAY","side":"R","pavement_ft":36,"width_ft":13.3,"width_source":"gis","path_ft":6,"depth_ft":2.8,"zone":"R-2","district":"Multi-Unit 2","cat":"res","zone_dist_m":4.2,"campable_zone":false,"count":0,"placement":null}},{"type":"Feature","geometry":{"type":"LineString","coordinates":[[-122.28752447855794,37.865042139193655],[-122.28714748001182,37.863251139013684]]},"properties":{"id":"3139L","street":"BROWNING ST","side":"L","pavement_ft":36,"width_ft":9.2,"width_source":"gis","path_ft":6,"depth_ft":-1.3,"zone":"R-2","district":"Multi-Unit 2","cat":"res","zone_dist_m":2.4,"campable_zone":false,"count":0,"placement":null}},{"type":"Feature","geometry":{"type":"LineString","coordinates":[[-122.287647521429,37.86502586077403],[-122.28727051997517,37.86323486095401]]},"properties":{"id":"3139R","street":"BROWNING ST","side":"R","pavement_ft":36,"width_ft":17.4,"width_source":"gis","path_ft":10,"depth_ft":2.9,"zone":"R-2","district":"Multi-Unit 2","cat":"res","zone_dist_m":5.5,"campable_zone":false,"count":0,"placement":null}},{"type":"Feature","geometry":{"type":"LineString","coordinates":[[-122.29575923460412,37.86551474283142],[-122.29465023393571,37.865751742975846]]},"properties":{"id":"3148L","street":"ALLSTON WAY","side":"L","pavement_ft":36,"width_ft":12.2,"width_source":"gis","path_ft":6,"depth_ft":1.7,"zone":"R-2","district":"Multi-Unit 2","cat":"res","zone_dist_m":5.0,"campable_zone":false,"count":0,"placement":null}},{"type":"Feature","geometry":{"type":"LineString","coordinates":[[-122.29572676541639,37.865419257166145],[-122.29461776608477,37.865656257021755]]},"properties":{"id":"3148R","street":"ALLSTON WAY","side":"R","pavement_ft":36,"width_ft":13.9,"width_source":"gis","path_ft":6,"depth_ft":3.4,"zone":"R-2","district":"Multi-Unit 2","cat":"res","zone_dist_m":4.1,"campable_zone":false,"count":0,"placement":null}},{"type":"Feature","geometry":{"type":"LineString","coordinates":[[-122.2826519262191,37.86572381690052],[-122.28148592546668,37.86587281699002]]},"properties":{"id":"3151L","street":"BANCROFT WAY","side":"L","pavement_ft":36,"width_ft":11.8,"width_source":"gis","path_ft":6,"depth_ft":1.3,"zone":"R-2","district":"Multi-Unit 2","cat":"res","zone_dist_m":4.5,"campable_zone":false,"count":0,"placement":null}},{"type":"Feature","geometry":{"type":"LineString","coordinates":[[-122.28263207379348,37.86562618309837],[-122.28146607454595,37.86577518300889]]},"properties":{"id":"3151R","street":"BANCROFT WAY","side":"R","pavement_ft":36,"width_ft":13.9,"width_source":"gis","path_ft":6,"depth_ft":3.4,"zone":"R-2","district":"Multi-Unit 2","cat":"res","zone_dist_m":4.3,"campable_zone":false,"count":0,"placement":null}},{"type":"Feature","geometry":{"type":"LineString","coordinates":[[-122.28137930238394,37.86583030761422],[-122.2811903047525,37.86400930748488]]},"properties":{"id":"3152L","street":"SACRAMENTO ST","side":"L","pavement_ft":56,"width_ft":24.9,"width_source":"gis","path_ft":10,"depth_ft":10.4,"zone":"R-2","district":"Multi-Unit 2","cat":"res","zone_dist_m":7.6,"campable_zone":false,"count":0,"placement":null}},{"type":"Feature","geometry":{"type":"LineString","coordinates":[[-122.28157269760086,37.86581769230622],[-122.28138369523228,37.86399669243552]]},"properties":{"id":"3152R","street":"SACRAMENTO ST","side":"R","pavement_ft":56,"width_ft":30.7,"width_source":"gis","path_ft":10,"depth_ft":16.2,"zone":"R-2","district":"Multi-Unit 2","cat":"res","zone_dist_m":9.6,"campable_zone":false,"count":0,"placement":null}},{"type":"Feature","geometry":{"type":"LineString","coordinates":[[-122.28034010196224,37.86596026760201],[-122.28015710398117,37.864150267495226]]},"properties":{"id":"3156L","street":"SPAULDING AVE","side":"L","pavement_ft":48,"width_ft":13.3,"width_source":"gis","path_ft":6,"depth_ft":2.8,"zone":"R-2","district":"Multi-Unit 2","cat":"res","zone_dist_m":4.0,"campable_zone":false,"count":0,"placement":null}},{"type":"Feature","geometry":{"type":"LineString","coordinates":[[-122.28050589802687,37.86594973233949],[-122.28032289600797,37.86413973244629]]},"properties":{"id":"3156R","street":"SPAULDING AVE","side":"R","pavement_ft":48,"width_ft":19.8,"width_source":"gis","path_ft":10,"depth_ft":5.3,"zone":"R-2","district":"Multi-Unit 2","cat":"res","zone_dist_m":5.8,"campable_zone":false,"count":0,"placement":null}},{"type":"Feature","geometry":{"type":"LineString","coordinates":[[-122.28043308042471,37.8660037970245],[-122.27929307968992,37.86615179711346]]},"properties":{"id":"3162L","street":"BANCROFT WAY","side":"L","pavement_ft":36,"width_ft":12.4,"width_source":"gis","path_ft":6,"depth_ft":1.9,"zone":"R-2","district":"Multi-Unit 2","cat":"res","zone_dist_m":4.7,"campable_zone":false,"count":0,"placement":null}},{"type":"Feature","geometry":{"type":"LineString","coordinates":[[-122.28041291958806,37.86590620297436],[-122.27927292032288,37.866054202885415]]},"properties":{"id":"3162R","street":"BANCROFT WAY","side":"R","pavement_ft":36,"width_ft":11.3,"width_source":"gis","path_ft":6,"depth_ft":0.8,"zone":"R-2","district":"Multi-Unit 2","cat":"res","zone_dist_m":3.6,"campable_zone":false,"count":0,"placement":null}},{"type":"Feature","geometry":{"type":"LineString","coordinates":[[-122.2856204178089,37.85516880443782],[-122.2853664188346,37.85390880431692]]},"properties":{"id":"3180L","street":"MATHEWS ST","side":"L","pavement_ft":36,"width_ft":14.1,"width_source":"gis","path_ft":10,"depth_ft":-0.4,"zone":"R-1","district":"Multi-Unit 1","cat":"res","zone_dist_m":4.2,"campable_zone":false,"count":0,"placement":null}},{"type":"Feature","geometry":{"type":"LineString","coordinates":[[-122.28574358217861,37.85515319552986],[-122.28548958115289,37.853893195650706]]},"properties":{"id":"3180R","street":"MATHEWS ST","side":"R","pavement_ft":36,"width_ft":11.8,"width_source":"gis","path_ft":6,"depth_ft":1.3,"zone":"R-1","district":"Multi-Unit 1","cat":"res","zone_dist_m":4.9,"campable_zone":false,"count":0,"placement":null}},{"type":"Feature","geometry":{"type":"LineString","coordinates":[[-122.28048303163169,37.85328191767989],[-122.27996703124894,37.853293917684795]]},"properties":{"id":"3181L","street":"ASHBY AVE","side":"L","pavement_ft":40,"width_ft":11.0,"width_source":"default","path_ft":6,"depth_ft":0.5,"zone":"R-3","district":"Multiple-Family Residential","cat":"res","zone_dist_m":4.3,"campable_zone":false,"count":0,"placement":null}},{"type":"Feature","geometry":{"type":"LineString","coordinates":[[-122.28047896837067,37.853172082319595],[-122.27996296875345,37.8531840823147]]},"properties":{"id":"3181R","street":"ASHBY AVE","side":"R","pavement_ft":40,"width_ft":10.1,"width_source":"default","path_ft":6,"depth_ft":-0.4,"zone":"R-3","district":"Multiple-Family Residential","cat":"res","zone_dist_m":3.7,"campable_zone":false,"count":0,"placement":null}},{"type":"Feature","geometry":{"type":"LineString","coordinates":[[-122.28089403643122,37.85102178201095],[-122.28001003607781,37.851214782089215]]},"properties":{"id":"3192L","street":"PRINCE ST","side":"L","pavement_ft":24,"width_ft":6.9,"width_source":"gis","path_ft":6,"depth_ft":-3.6,"zone":"R-2A","district":"Multi-Unit 2A","cat":"res","zone_dist_m":2.9,"campable_zone":false,"count":0,"placement":null}},{"type":"Feature","geometry":{"type":"LineString","coordinates":[[-122.28087196357806,37.85095821798794],[-122.27998796393148,37.85115121790969]]},"properties":{"id":"3192R","street":"PRINCE ST","side":"R","pavement_ft":24,"width_ft":7.6,"width_source":"gis","path_ft":6,"depth_ft":-2.9,"zone":"R-2A","district":"Multi-Unit 2A","cat":"res","zone_dist_m":3.3,"campable_zone":false,"count":0,"placement":null}},{"type":"Feature","geometry":{"type":"LineString","coordinates":[[-122.30279958998544,37.86282053602516],[-122.30218558703191,37.86057553651942],[-122.30218543246593,37.860574980634645],[-122.30016542310788,37.853426982261205]]},"properties":{"id":"3227R","street":"I80 WEST HWY","side":"R","pavement_ft":60,"width_ft":24.8,"width_source":"default","path_ft":10,"depth_ft":10.3,"zone":"U","district":"Unclassified","cat":"other","zone_dist_m":40.9,"campable_zone":false,"count":0,"placement":null}},{"type":"Feature","geometry":{"type":"LineString","coordinates":[[-122.292431917779,37.866199012078084],[-122.29124891705317,37.8664300122189]]},"properties":{"id":"3259L","street":"ALLSTON WAY","side":"L","pavement_ft":36,"width_ft":12.2,"width_source":"gis","path_ft":6,"depth_ft":1.7,"zone":"R-2","district":"Multi-Unit 2","cat":"res","zone_dist_m":4.9,"campable_zone":false,"count":0,"placement":null}},{"type":"Feature","geometry":{"type":"LineString","coordinates":[[-122.29240208223989,37.86610298791983],[-122.29121908296572,37.86633398777901]]},"properties":{"id":"3259R","street":"ALLSTON WAY","side":"R","pavement_ft":36,"width_ft":13.3,"width_source":"gis","path_ft":6,"depth_ft":2.8,"zone":"R-2","district":"Multi-Unit 2","cat":"res","zone_dist_m":4.0,"campable_zone":false,"count":0,"placement":null}},{"type":"Feature","geometry":{"type":"LineString","coordinates":[[-122.28789043434955,37.866826933579155],[-122.28752443580164,37.86504193340466]]},"properties":{"id":"3269L","street":"BROWNING ST","side":"L","pavement_ft":36,"width_ft":8.1,"width_source":"gis","path_ft":6,"depth_ft":-2.4,"zone":"R-2","district":"Multi-Unit 2","cat":"res","zone_dist_m":2.8,"campable_zone":false,"count":0,"placement":null}},{"type":"Feature","geometry":{"type":"LineString","coordinates":[[-122.28801356563774,37.86681106638853],[-122.28764756418565,37.86502606656297]]},"properties":{"id":"3269R","street":"BROWNING ST","side":"R","pavement_ft":36,"width_ft":15.5,"width_source":"gis","path_ft":10,"depth_ft":1.0,"zone":"R-2","district":"Multi-Unit 2","cat":"res","zone_dist_m":4.9,"campable_zone":false,"count":0,"placement":null}},{"type":"Feature","geometry":{"type":"LineString","coordinates":[[-122.28686443591097,37.86695794167828],[-122.2864974373654,37.865169941503346]]},"properties":{"id":"3271L","street":"BONAR ST","side":"L","pavement_ft":36,"width_ft":8.9,"width_source":"gis","path_ft":6,"depth_ft":-1.6,"zone":"R-2","district":"Multi-Unit 2","cat":"res","zone_dist_m":2.8,"campable_zone":false,"count":0,"placement":null}},{"type":"Feature","geometry":{"type":"LineString","coordinates":[[-122.2869875640763,37.86694205828938],[-122.2866205626219,37.865154058464306]]},"properties":{"id":"3271R","street":"BONAR ST","side":"R","pavement_ft":36,"width_ft":15.6,"width_source":"gis","path_ft":10,"depth_ft":1.1,"zone":"R-2","district":"Multi-Unit 2","cat":"res","zone_dist_m":5.0,"campable_zone":false,"count":0,"placement":null}},{"type":"Feature","geometry":{"type":"LineString","coordinates":[[-122.28384509933349,37.86708688420353],[-122.28373409998957,37.86600088416834]]},"properties":{"id":"3277L","street":"ACTON ST","side":"L","pavement_ft":26,"width_ft":13.5,"width_source":"gis","path_ft":6,"depth_ft":3.0,"zone":"R-2","district":"Multi-Unit 2","cat":"res","zone_dist_m":4.3,"campable_zone":false,"count":0,"placement":null}},{"type":"Feature","geometry":{"type":"LineString","coordinates":[[-122.28393490066325,37.8670811157793],[-122.2838239000072,37.86599511581449]]},"properties":{"id":"3277R","street":"ACTON ST","side":"R","pavement_ft":26,"width_ft":21.7,"width_source":"gis","path_ft":10,"depth_ft":7.2,"zone":"R-2","district":"Multi-Unit 2","cat":"res","zone_dist_m":6.6,"campable_zone":false,"count":0,"placement":null}},{"type":"Feature","geometry":{"type":"LineString","coordinates":[[-122.28052214250864,37.86763167155987],[-122.28034014437009,37.865960671452235]]},"properties":{"id":"3286L","street":"SPAULDING AVE","side":"L","pavement_ft":48,"width_ft":13.9,"width_source":"gis","path_ft":6,"depth_ft":3.4,"zone":"R-2","district":"Multi-Unit 2","cat":"res","zone_dist_m":4.2,"campable_zone":false,"count":0,"placement":null}},{"type":"Feature","geometry":{"type":"LineString","coordinates":[[-122.2806878574796,37.86762032838167],[-122.28050585561816,37.86594932848932]]},"properties":{"id":"3286R","street":"SPAULDING AVE","side":"R","pavement_ft":48,"width_ft":20.0,"width_source":"gis","path_ft":10,"depth_ft":5.5,"zone":"R-2","district":"Multi-Unit 2","cat":"res","zone_dist_m":6.2,"campable_zone":false,"count":0,"placement":null}},{"type":"Feature","geometry":{"type":"LineString","coordinates":[[-122.28390508857954,37.86769578074272],[-122.28384508894769,37.86708678072382]]},"properties":{"id":"3291L","street":"ACTON ST","side":"L","pavement_ft":26,"width_ft":12.8,"width_source":"gis","path_ft":6,"depth_ft":2.3,"zone":"R-2","district":"Multi-Unit 2","cat":"res","zone_dist_m":3.8,"campable_zone":false,"count":0,"placement":null}},{"type":"Feature","geometry":{"type":"LineString","coordinates":[[-122.28399491141735,37.86769021924011],[-122.28393491104919,37.86708121925899]]},"properties":{"id":"3291R","street":"ACTON ST","side":"R","pavement_ft":26,"width_ft":21.8,"width_source":"gis","path_ft":10,"depth_ft":7.3,"zone":"R-2","district":"Multi-Unit 2","cat":"res","zone_dist_m":6.8,"campable_zone":false,"count":0,"placement":null}},{"type":"Feature","geometry":{"type":"LineString","coordinates":[[-122.2818527159567,37.869480843503865],[-122.28082871529476,37.86960884358063]]},"properties":{"id":"3324L","street":"ADDISON ST","side":"L","pavement_ft":36,"width_ft":12.6,"width_source":"gis","path_ft":6,"depth_ft":2.1,"zone":"R-2","district":"Multi-Unit 2","cat":"res","zone_dist_m":4.5,"campable_zone":false,"count":0,"placement":null}},{"type":"Feature","geometry":{"type":"LineString","coordinates":[[-122.2818332840556,37.86938315649506],[-122.28080928471758,37.869511156418284]]},"properties":{"id":"3324R","street":"ADDISON ST","side":"R","pavement_ft":36,"width_ft":12.2,"width_source":"gis","path_ft":6,"depth_ft":1.7,"zone":"R-2","district":"Multi-Unit 2","cat":"res","zone_dist_m":3.6,"campable_zone":false,"count":0,"placement":null}},{"type":"Feature","geometry":{"type":"LineString","coordinates":[[-122.28073614866527,37.86956574747783],[-122.2806171498659,37.86848774740729]]},"properties":{"id":"3325L","street":"SPAULDING AVE","side":"L","pavement_ft":48,"width_ft":13.4,"width_source":"gis","path_ft":6,"depth_ft":2.9,"zone":"R-2","district":"Multi-Unit 2","cat":"res","zone_dist_m":4.1,"campable_zone":false,"count":0,"placement":null}},{"type":"Feature","geometry":{"type":"LineString","coordinates":[[-122.28090185132281,37.86955425246372],[-122.28078285012215,37.86847625253428]]},"properties":{"id":"3325R","street":"SPAULDING AVE","side":"R","pavement_ft":48,"width_ft":20.5,"width_source":"gis","path_ft":10,"depth_ft":6.0,"zone":"R-2","district":"Multi-Unit 2","cat":"res","zone_dist_m":6.2,"campable_zone":false,"count":0,"placement":null}},{"type":"Feature","geometry":{"type":"LineString","coordinates":[[-122.28061715326515,37.868487778118435],[-122.28052215421839,37.86763177806206]]},"properties":{"id":"3326L","street":"SPAULDING AVE","side":"L","pavement_ft":48,"width_ft":12.9,"width_source":"gis","path_ft":6,"depth_ft":2.4,"zone":"R-2","district":"Multi-Unit 2","cat":"res","zone_dist_m":4.0,"campable_zone":false,"count":0,"placement":null}},{"type":"Feature","geometry":{"type":"LineString","coordinates":[[-122.28078284672283,37.86847622182312],[-122.2806878457696,37.86762022187949]]},"properties":{"id":"3326R","street":"SPAULDING AVE","side":"R","pavement_ft":48,"width_ft":20.7,"width_source":"gis","path_ft":10,"depth_ft":6.2,"zone":"R-2","district":"Multi-Unit 2","cat":"res","zone_dist_m":6.5,"campable_zone":false,"count":0,"placement":null}},{"type":"Feature","geometry":{"type":"LineString","coordinates":[[-122.28082869994499,37.86960884549772],[-122.27965069918336,37.86975584558586]]},"properties":{"id":"3337L","street":"ADDISON ST","side":"L","pavement_ft":36,"width_ft":12.8,"width_source":"gis","path_ft":6,"depth_ft":2.3,"zone":"R-2","district":"Multi-Unit 2","cat":"res","zone_dist_m":4.5,"campable_zone":false,"count":0,"placement":null}},{"type":"Feature","geometry":{"type":"LineString","coordinates":[[-122.28080930006735,37.86951115450119],[-122.27963130082894,37.86965815441305]]},"properties":{"id":"3337R","street":"ADDISON ST","side":"R","pavement_ft":36,"width_ft":11.7,"width_source":"gis","path_ft":6,"depth_ft":1.2,"zone":"R-2","district":"Multi-Unit 2","cat":"res","zone_dist_m":3.5,"campable_zone":false,"count":0,"placement":null}},{"type":"Feature","geometry":{"type":"LineString","coordinates":[[-122.28184125538887,37.87041689937285],[-122.28174625666401,37.86943789930865]]},"properties":{"id":"3361L","street":"SACRAMENTO ST","side":"L","pavement_ft":56,"width_ft":28.4,"width_source":"gis","path_ft":10,"depth_ft":13.9,"zone":"C-U","district":"University Avenue Commercial","cat":"com","zone_dist_m":8.1,"campable_zone":true,"count":25,"placement":"curb"}},{"type":"Feature","geometry":{"type":"LineString","coordinates":[[-122.28203474459698,37.87040510054747],[-122.28193974332181,37.86942610061169]]},"properties":{"id":"3361R","street":"SACRAMENTO ST","side":"R","pavement_ft":56,"width_ft":28.2,"width_source":"gis","path_ft":10,"depth_ft":13.7,"zone":"C-U","district":"University Avenue Commercial","cat":"com","zone_dist_m":8.8,"campable_zone":true,"count":8,"placement":"curb"}},{"type":"Feature","geometry":{"type":"LineString","coordinates":[[-122.28438129556963,37.87091967776354],[-122.28203229430642,37.87122067791426]]},"properties":{"id":"3363L","street":"BERKELEY WAY","side":"L","pavement_ft":30,"width_ft":10.8,"width_source":"gis","path_ft":6,"depth_ft":0.3,"zone":"R-2A","district":"Multi-Unit 2A","cat":"res","zone_dist_m":3.7,"campable_zone":false,"count":0,"placement":null}},{"type":"Feature","geometry":{"type":"LineString","coordinates":[[-122.28436470443918,37.87083832223568],[-122.28201570570236,37.871139322084964]]},"properties":{"id":"3363R","street":"BERKELEY WAY","side":"R","pavement_ft":30,"width_ft":9.7,"width_source":"gis","path_ft":6,"depth_ft":-0.8,"zone":"R-2A","district":"Multi-Unit 2A","cat":"res","zone_dist_m":2.9,"campable_zone":false,"count":0,"placement":null}},{"type":"Feature","geometry":{"type":"LineString","coordinates":[[-122.28188592517542,37.871189703173776],[-122.28179992660264,37.87042070308859]]},"properties":{"id":"3364L","street":"SACRAMENTO ST","side":"L","pavement_ft":80,"width_ft":14.6,"width_source":"gis","path_ft":10,"depth_ft":0.1,"zone":"C-U","district":"University Avenue Commercial","cat":"com","zone_dist_m":4.7,"campable_zone":true,"count":0,"placement":null}},{"type":"Feature","geometry":{"type":"LineString","coordinates":[[-122.28216207479097,37.87117029666389],[-122.28207607336374,37.87040129674909]]},"properties":{"id":"3364R","street":"SACRAMENTO ST","side":"R","pavement_ft":80,"width_ft":19.2,"width_source":"gis","path_ft":10,"depth_ft":4.7,"zone":"C-U","district":"University Avenue Commercial","cat":"com","zone_dist_m":6.1,"campable_zone":true,"count":0,"placement":null}},{"type":"Feature","geometry":{"type":"LineString","coordinates":[[-122.29128484131267,37.851560193162186],[-122.28961384035502,37.85190519336064],[-122.28960781765372,37.85190617383266],[-122.28960169886051,37.851906651117936],[-122.289595550656,37.851906620015214],[-122.28958944004135,37.85190608086342],[-122.28945143995813,37.85188808085153]]},"properties":{"id":"3406L","street":"POTTER ST","side":"L","pavement_ft":34,"width_ft":19.4,"width_source":"gis","path_ft":10,"depth_ft":4.9,"zone":"MULI","district":"Mixed Use-Light Industrial","cat":"man","zone_dist_m":7.7,"campable_zone":true,"count":0,"placement":null}},{"type":"Feature","geometry":{"type":"LineString","coordinates":[[-122.29125515870506,37.851469806835766],[-122.28959624117687,37.85181231234632],[-122.28947056002954,37.851795919147214]]},"properties":{"id":"3406R","street":"POTTER ST","side":"R","pavement_ft":34,"width_ft":26.1,"width_source":"gis","path_ft":10,"depth_ft":11.6,"zone":"C-W","district":"West Berkeley Commercial","cat":"com","zone_dist_m":9.8,"campable_zone":true,"count":30,"placement":"building"}},{"type":"Feature","geometry":{"type":"LineString","coordinates":[[-122.2863642778243,37.85141694033663],[-122.28351927608769,37.85198694068373]]},"properties":{"id":"3407L","street":"CARRISON ST","side":"L","pavement_ft":36,"width_ft":11.6,"width_source":"gis","path_ft":6,"depth_ft":1.1,"zone":"R-2A","district":"Multi-Unit 2A","cat":"res","zone_dist_m":5.1,"campable_zone":false,"count":0,"placement":null}},{"type":"Feature","geometry":{"type":"LineString","coordinates":[[-122.28633372219502,37.851321059661174],[-122.2834887239316,37.8518910593141]]},"properties":{"id":"3407R","street":"CARRISON ST","side":"R","pavement_ft":36,"width_ft":14.6,"width_source":"gis","path_ft":10,"depth_ft":0.1,"zone":"R-2A","district":"Multi-Unit 2A","cat":"res","zone_dist_m":4.3,"campable_zone":false,"count":0,"placement":null}},{"type":"Feature","geometry":{"type":"LineString","coordinates":[[-122.28318783800205,37.86375204549715],[-122.28300083951207,37.861946045414896]]},"properties":{"id":"3431L","street":"ACTON ST","side":"L","pavement_ft":36,"width_ft":9.5,"width_source":"gis","path_ft":6,"depth_ft":-1.0,"zone":"R-2","district":"Multi-Unit 2","cat":"res","zone_dist_m":2.7,"campable_zone":false,"count":0,"placement":null}},{"type":"Feature","geometry":{"type":"LineString","coordinates":[[-122.28331216199167,37.86374395446997],[-122.28312516048167,37.861937954552225]]},"properties":{"id":"3431R","street":"ACTON ST","side":"R","pavement_ft":36,"width_ft":13.7,"width_source":"gis","path_ft":6,"depth_ft":3.2,"zone":"R-2","district":"Multi-Unit 2","cat":"res","zone_dist_m":4.2,"campable_zone":false,"count":0,"placement":null}},{"type":"Feature","geometry":{"type":"LineString","coordinates":[[-122.28043672789907,37.85323356368219],[-122.27995472908458,37.8511895635152]]},"properties":{"id":"3442L","street":"DOHR ST","side":"L","pavement_ft":26,"width_ft":12.5,"width_source":"gis","path_ft":6,"depth_ft":2.0,"zone":"R-2A","district":"Multi-Unit 2A","cat":"res","zone_dist_m":3.5,"campable_zone":false,"count":0,"placement":null}},{"type":"Feature","geometry":{"type":"LineString","coordinates":[[-122.28052527209334,37.853220436301086],[-122.28004327090784,37.85117643646806]]},"properties":{"id":"3442R","street":"DOHR ST","side":"R","pavement_ft":26,"width_ft":4.7,"width_source":"gis","path_ft":6,"depth_ft":-5.8,"zone":"R-2A","district":"Multi-Unit 2A","cat":"res","zone_dist_m":4.0,"campable_zone":false,"count":0,"placement":null}},{"type":"Feature","geometry":{"type":"LineString","coordinates":[[-122.28534426934925,37.86537277228763],[-122.2837572683279,37.86558277241406]]},"properties":{"id":"3479L","street":"BANCROFT WAY","side":"L","pavement_ft":36,"width_ft":11.4,"width_source":"gis","path_ft":6,"depth_ft":0.9,"zone":"R-2","district":"Multi-Unit 2","cat":"res","zone_dist_m":4.4,"campable_zone":false,"count":0,"placement":null}},{"type":"Feature","geometry":{"type":"LineString","coordinates":[[-122.28532373066378,37.8652752277112],[-122.28373673168514,37.86548522758479]]},"properties":{"id":"3479R","street":"BANCROFT WAY","side":"R","pavement_ft":36,"width_ft":13.4,"width_source":"gis","path_ft":6,"depth_ft":2.9,"zone":"R-2","district":"Multi-Unit 2","cat":"res","zone_dist_m":3.8,"campable_zone":false,"count":0,"placement":null}},{"type":"Feature","geometry":{"type":"LineString","coordinates":[[-122.28368548074047,37.8655421513695],[-122.28361249605922,37.86519596592771],[-122.28357177883613,37.86511082977222],[-122.28346016111367,37.86493303140957],[-122.28345796591137,37.86492911837841],[-122.28345620603288,37.86492506943835],[-122.2833802061837,37.86472206940173],[-122.28337838198195,37.86471566475394],[-122.28318838276488,37.86375566466362]]},"properties":{"id":"3480L","street":"ACTON ST","side":"L","pavement_ft":36,"width_ft":9.4,"width_source":"gis","path_ft":6,"depth_ft":-1.1,"zone":"R-2","district":"Multi-Unit 2","cat":"res","zone_dist_m":3.2,"campable_zone":false,"count":0,"placement":null}},{"type":"Feature","geometry":{"type":"LineString","coordinates":[[-122.28380851924649,37.86552584859819],[-122.28373451896158,37.86517484863351],[-122.28373321123779,37.86517009676268],[-122.28373132098137,37.86516546972849],[-122.28368732091857,37.8650734697494],[-122.28368483895734,37.86506896851166],[-122.28357425254163,37.86489281338215],[-122.2835009746791,37.86469708477577],[-122.28331161722286,37.863740335303994]]},"properties":{"id":"3480R","street":"ACTON ST","side":"R","pavement_ft":36,"width_ft":15.5,"width_source":"gis","path_ft":10,"depth_ft":1.0,"zone":"R-2","district":"Multi-Unit 2","cat":"res","zone_dist_m":4.6,"campable_zone":false,"count":0,"placement":null}},{"type":"Feature","geometry":{"type":"LineString","coordinates":[[-122.29464941371845,37.86575191352416],[-122.29354641304607,37.86597491366009]]},"properties":{"id":"3486L","street":"ALLSTON WAY","side":"L","pavement_ft":36,"width_ft":10.2,"width_source":"gis","path_ft":6,"depth_ft":-0.3,"zone":"R-2","district":"Multi-Unit 2","cat":"res","zone_dist_m":4.2,"campable_zone":false,"count":0,"placement":null}},{"type":"Feature","geometry":{"type":"LineString","coordinates":[[-122.29461858630106,37.86565608647365],[-122.29351558697341,37.8658790863377]]},"properties":{"id":"3486R","street":"ALLSTON WAY","side":"R","pavement_ft":36,"width_ft":13.3,"width_source":"gis","path_ft":6,"depth_ft":2.8,"zone":"R-2","district":"Multi-Unit 2","cat":"res","zone_dist_m":4.4,"campable_zone":false,"count":0,"placement":null}},{"type":"Feature","geometry":{"type":"LineString","coordinates":[[-122.29522146922304,37.850759268961625],[-122.29354446825695,37.85109626915555]]},"properties":{"id":"3495L","street":"POTTER ST","side":"L","pavement_ft":34,"width_ft":19.6,"width_source":"gis","path_ft":10,"depth_ft":5.1,"zone":"MULI","district":"Mixed Use-Light Industrial","cat":"man","zone_dist_m":7.1,"campable_zone":true,"count":52,"placement":"curb"}},{"type":"Feature","geometry":{"type":"LineString","coordinates":[[-122.29519253079424,37.85066873103642],[-122.29351553176035,37.851005730842495]]},"properties":{"id":"3495R","street":"POTTER ST","side":"R","pavement_ft":34,"width_ft":19.7,"width_source":"gis","path_ft":10,"depth_ft":5.2,"zone":"C-W","district":"West Berkeley Commercial","cat":"com","zone_dist_m":6.4,"campable_zone":true,"count":32,"placement":"building"}},{"type":"Feature","geometry":{"type":"LineString","coordinates":[[-122.28082165482436,37.85099888572242],[-122.28073065514229,37.85060388567882]]},"properties":{"id":"3496L","street":"ACTON ST","side":"L","pavement_ft":36,"width_ft":14.5,"width_source":"gis","path_ft":10,"depth_ft":-0.0,"zone":"R-2A","district":"Multi-Unit 2A","cat":"res","zone_dist_m":4.5,"campable_zone":false,"count":0,"placement":null}},{"type":"Feature","geometry":{"type":"LineString","coordinates":[[-122.28094434516142,37.85098111424544],[-122.28085334484349,37.85058611428905]]},"properties":{"id":"3496R","street":"ACTON ST","side":"R","pavement_ft":36,"width_ft":3.0,"width_source":"gis","path_ft":6,"depth_ft":-7.5,"zone":"R-2A","district":"Multi-Unit 2A","cat":"res","zone_dist_m":3.7,"campable_zone":false,"count":0,"placement":null}},{"type":"Feature","geometry":{"type":"LineString","coordinates":[[-122.29354633512517,37.865974929371006],[-122.2924323344454,37.86619892950757]]},"properties":{"id":"3546L","street":"ALLSTON WAY","side":"L","pavement_ft":36,"width_ft":11.3,"width_source":"gis","path_ft":6,"depth_ft":0.8,"zone":"R-2","district":"Multi-Unit 2","cat":"res","zone_dist_m":3.9,"campable_zone":false,"count":0,"placement":null}},{"type":"Feature","geometry":{"type":"LineString","coordinates":[[-122.2935156648942,37.865879070626804],[-122.29240166557399,37.86610307049025]]},"properties":{"id":"3546R","street":"ALLSTON WAY","side":"R","pavement_ft":36,"width_ft":13.9,"width_source":"gis","path_ft":6,"depth_ft":3.4,"zone":"R-2","district":"Multi-Unit 2","cat":"res","zone_dist_m":4.2,"campable_zone":false,"count":0,"placement":null}},{"type":"Feature","geometry":{"type":"LineString","coordinates":[[-122.30246344114023,37.86297895167161],[-122.30274636394893,37.86435558166875],[-122.30278329480468,37.86455421067617]]},"properties":{"id":"3560R","street":"I80 EAST (OFF RAMP) UNIV","side":"R","pavement_ft":36,"width_ft":8.9,"width_source":"default","path_ft":6,"depth_ft":-1.6,"zone":"U","district":"Unclassified","cat":"other","zone_dist_m":1.8,"campable_zone":false,"count":0,"placement":null}},{"type":"Feature","geometry":{"type":"LineString","coordinates":[[-122.28592983766282,37.86708306939876],[-122.28592033159089,37.866991810376746],[-122.28591366108715,37.86697301164205],[-122.28588668229474,37.86694119047642],[-122.2858275415265,37.86690825130565],[-122.28572760315708,37.8668913262578],[-122.284778334565,37.86701776364248]]},"properties":{"id":"3566L","street":"ALLSTON WAY","side":"L","pavement_ft":36,"width_ft":11.6,"width_source":"gis","path_ft":6,"depth_ft":1.1,"zone":"R-2","district":"Multi-Unit 2","cat":"res","zone_dist_m":4.4,"campable_zone":false,"count":0,"placement":null}},{"type":"Feature","geometry":{"type":"LineString","coordinates":[[-122.28605416233087,37.867074930568336],[-122.2860441622506,37.86697893057275],[-122.2860433849706,37.866974230082995],[-122.28604204344724,37.866969610205416],[-122.28603104342386,37.86693861021073],[-122.28602892284519,37.86693365607475],[-122.28602615387736,37.86692890728117],[-122.28602276751639,37.866924416988056],[-122.2859837674982,37.86687841700481],[-122.28598036599219,37.866874776964416],[-122.28597655854455,37.86687139898302],[-122.28597237711178,37.86686831141242],[-122.2859678567891,37.86686554016697],[-122.28588885681023,37.86682154019094],[-122.2858835555421,37.86681889248168],[-122.285877945943,37.86681667976383],[-122.28587208461855,37.866814924365606],[-122.28586603071436,37.86681364400041],[-122.28574203079124,37.866792644014744],[-122.28573623354124,37.86679188654662],[-122.28573037210654,37.86679156487287],[-122.28572449849685,37.866791681847786],[-122.28571866482994,37.86679223643344],[-122.2847576654481,37.866920236356336]]},"properties":{"id":"3566R","street":"ALLSTON WAY","side":"R","pavement_ft":36,"width_ft":13.2,"width_source":"gis","path_ft":6,"depth_ft":2.7,"zone":"R-2","district":"Multi-Unit 2","cat":"res","zone_dist_m":3.9,"campable_zone":false,"count":0,"placement":null}},{"type":"Feature","geometry":{"type":"LineString","coordinates":[[-122.2816559868397,37.867441578046765],[-122.28062198622322,37.86767357818788]]},"properties":{"id":"3568L","street":"ALLSTON WAY","side":"L","pavement_ft":36,"width_ft":12.1,"width_source":"gis","path_ft":6,"depth_ft":1.6,"zone":"R-2","district":"Multi-Unit 2","cat":"res","zone_dist_m":4.2,"campable_zone":false,"count":0,"placement":null}},{"type":"Feature","geometry":{"type":"LineString","coordinates":[[-122.2816220131817,37.86734642195063],[-122.28058801379818,37.8675784218095]]},"properties":{"id":"3568R","street":"ALLSTON WAY","side":"R","pavement_ft":36,"width_ft":12.5,"width_source":"gis","path_ft":6,"depth_ft":2.0,"zone":"R-2","district":"Multi-Unit 2","cat":"res","zone_dist_m":3.6,"campable_zone":false,"count":0,"placement":null}},{"type":"Feature","geometry":{"type":"LineString","coordinates":[[-122.29080106277905,37.85011488221802],[-122.28631305959185,37.85102688286602]]},"properties":{"id":"3582L","street":"FOLGER AVE","side":"L","pavement_ft":42,"width_ft":8.1,"width_source":"gis","path_ft":6,"depth_ft":-2.4,"zone":"MULI","district":"Mixed Use-Light Industrial","cat":"man","zone_dist_m":4.5,"campable_zone":true,"count":0,"placement":null}},{"type":"Feature","geometry":{"type":"LineString","coordinates":[[-122.29076493724763,37.85000311777896],[-122.28627694043479,37.850915117130945]]},"properties":{"id":"3582R","street":"FOLGER AVE","side":"R","pavement_ft":42,"width_ft":16.4,"width_source":"gis","path_ft":10,"depth_ft":1.9,"zone":"MULI","district":"Mixed Use-Light Industrial","cat":"man","zone_dist_m":5.2,"campable_zone":true,"count":0,"placement":null}},{"type":"Feature","geometry":{"type":"LineString","coordinates":[[-122.28622794183462,37.85098482987878],[-122.28608394220798,37.85054582980153]]},"properties":{"id":"3632L","street":"SAN PABLO AVE","side":"L","pavement_ft":40,"width_ft":31.8,"width_source":"default","path_ft":10,"depth_ft":17.3,"zone":"C-W","district":"West Berkeley Commercial","cat":"com","zone_dist_m":9.3,"campable_zone":true,"count":9,"placement":"building"}},{"type":"Feature","geometry":{"type":"LineString","coordinates":[[-122.2863620581409,37.85095717008274],[-122.28621805776751,37.85051817015999]]},"properties":{"id":"3632R","street":"SAN PABLO AVE","side":"R","pavement_ft":40,"width_ft":26.7,"width_source":"default","path_ft":10,"depth_ft":12.2,"zone":"C-W","district":"West Berkeley Commercial","cat":"com","zone_dist_m":10.1,"campable_zone":true,"count":7,"placement":"building"}},{"type":"Feature","geometry":{"type":"LineString","coordinates":[[-122.29499789780292,37.84946977312711],[-122.29113589590962,37.85105777414163]]},"properties":{"id":"3633L","street":"ASHBY AVE","side":"L","pavement_ft":40,"width_ft":13.6,"width_source":"default","path_ft":6,"depth_ft":3.1,"zone":"C-W","district":"West Berkeley Commercial","cat":"com","zone_dist_m":9.0,"campable_zone":true,"count":0,"placement":null}},{"type":"Feature","geometry":{"type":"LineString","coordinates":[[-122.29493410223873,37.84937222686426],[-122.29107210413207,37.850960225849754]]},"properties":{"id":"3633R","street":"ASHBY AVE","side":"R","pavement_ft":40,"width_ft":30.2,"width_source":"default","path_ft":10,"depth_ft":15.7,"zone":"MULI","district":"Mixed Use-Light Industrial","cat":"man","zone_dist_m":9.4,"campable_zone":true,"count":3,"placement":"building"}},{"type":"Feature","geometry":{"type":"LineString","coordinates":[[-122.28941830790117,37.85168619974982],[-122.2890663076634,37.85175819979855]]},"properties":{"id":"3635L","street":"ASHBY AVE","side":"L","pavement_ft":40,"width_ft":39.5,"width_source":"default","path_ft":10,"depth_ft":25.0,"zone":"C-W","district":"West Berkeley Commercial","cat":"com","zone_dist_m":17.5,"campable_zone":true,"count":6,"placement":"building"}},{"type":"Feature","geometry":{"type":"LineString","coordinates":[[-122.28938369212312,37.85157980024741],[-122.28903169236092,37.851651800198695]]},"properties":{"id":"3635R","street":"ASHBY AVE","side":"R","pavement_ft":40,"width_ft":28.2,"width_source":"default","path_ft":10,"depth_ft":13.7,"zone":"MULI","district":"Mixed Use-Light Industrial","cat":"man","zone_dist_m":8.3,"campable_zone":true,"count":5,"placement":"curb"}},{"type":"Feature","geometry":{"type":"LineString","coordinates":[[-122.3008112635718,37.867275686069824],[-122.30108526332938,37.86722168611741]]},"properties":{"id":"3652L","street":"UNIVERSITY AVE OVERPASS","side":"L","pavement_ft":52,"width_ft":39.0,"width_source":"gis","path_ft":10,"depth_ft":24.5,"zone":"MULI","district":"Mixed Use-Light Industrial","cat":"man","zone_dist_m":15.2,"campable_zone":true,"count":8,"placement":"building"}},{"type":"Feature","geometry":{"type":"LineString","coordinates":[[-122.30085473646798,37.86741431392576],[-122.30112873671038,37.86736031387818]]},"properties":{"id":"3652R","street":"UNIVERSITY AVE OVERPASS","side":"R","pavement_ft":52,"width_ft":39.4,"width_source":"gis","path_ft":10,"depth_ft":24.9,"zone":"MULI","district":"Mixed Use-Light Industrial","cat":"man","zone_dist_m":17.2,"campable_zone":true,"count":7,"placement":"building"}},{"type":"Feature","geometry":{"type":"LineString","coordinates":[[-122.28303098584442,37.85435436329705],[-122.28185798510859,37.85455236341737]]},"properties":{"id":"3668L","street":"RUSSELL ST","side":"L","pavement_ft":36,"width_ft":9.8,"width_source":"gis","path_ft":6,"depth_ft":-0.7,"zone":"R-1","district":"Multi-Unit 1","cat":"res","zone_dist_m":3.8,"campable_zone":false,"count":0,"placement":null}},{"type":"Feature","geometry":{"type":"LineString","coordinates":[[-122.28300501417208,37.854257636701306],[-122.28183201490786,37.854455636580965]]},"properties":{"id":"3668R","street":"RUSSELL ST","side":"R","pavement_ft":36,"width_ft":15.5,"width_source":"gis","path_ft":10,"depth_ft":1.0,"zone":"R-1","district":"Multi-Unit 1","cat":"res","zone_dist_m":5.4,"campable_zone":false,"count":0,"placement":null}},{"type":"Feature","geometry":{"type":"LineString","coordinates":[[-122.28655354573552,37.85499939398762],[-122.28658054571831,37.85499539399004]]},"properties":{"id":"3675L","street":"OREGON ST","side":"L","pavement_ft":36,"width_ft":32.1,"width_source":"gis","path_ft":10,"depth_ft":17.6,"zone":"R-1","district":"Multi-Unit 1","cat":"res","zone_dist_m":11.1,"campable_zone":false,"count":0,"placement":null}},{"type":"Feature","geometry":{"type":"LineString","coordinates":[[-122.28657645427906,37.85509660601101],[-122.28660345429624,37.855092606008576]]},"properties":{"id":"3675R","street":"OREGON ST","side":"R","pavement_ft":36,"width_ft":31.8,"width_source":"gis","path_ft":10,"depth_ft":17.3,"zone":"R-1","district":"Multi-Unit 1","cat":"res","zone_dist_m":12.9,"campable_zone":false,"count":0,"placement":null}},{"type":"Feature","geometry":{"type":"LineString","coordinates":[[-122.28650522000454,37.85505602837021],[-122.2862292210225,37.853764028242054]]},"properties":{"id":"3676L","street":"WALLACE ST","side":"L","pavement_ft":35,"width_ft":15.2,"width_source":"gis","path_ft":10,"depth_ft":0.7,"zone":"R-1","district":"Multi-Unit 1","cat":"res","zone_dist_m":4.2,"campable_zone":false,"count":0,"placement":null}},{"type":"Feature","geometry":{"type":"LineString","coordinates":[[-122.28662477998299,37.85503997159929],[-122.28634877896503,37.853747971727465]]},"properties":{"id":"3676R","street":"WALLACE ST","side":"R","pavement_ft":35,"width_ft":10.9,"width_source":"gis","path_ft":6,"depth_ft":0.4,"zone":"R-1","district":"Multi-Unit 1","cat":"res","zone_dist_m":4.3,"campable_zone":false,"count":0,"placement":null}},{"type":"Feature","geometry":{"type":"LineString","coordinates":[[-122.28657493733697,37.85509681541078],[-122.28569193676744,37.855209815478666]]},"properties":{"id":"3680L","street":"OREGON ST","side":"L","pavement_ft":36,"width_ft":14.5,"width_source":"gis","path_ft":10,"depth_ft":0.0,"zone":"R-1","district":"Multi-Unit 1","cat":"res","zone_dist_m":5.8,"campable_zone":false,"count":0,"placement":null}},{"type":"Feature","geometry":{"type":"LineString","coordinates":[[-122.28655506267565,37.85499918458811],[-122.28567206324519,37.855112184520245]]},"properties":{"id":"3680R","street":"OREGON ST","side":"R","pavement_ft":36,"width_ft":19.2,"width_source":"gis","path_ft":10,"depth_ft":4.7,"zone":"R-1","district":"Multi-Unit 1","cat":"res","zone_dist_m":5.6,"campable_zone":false,"count":0,"placement":null}},{"type":"Feature","geometry":{"type":"LineString","coordinates":[[-122.28616457334714,37.85058026170473],[-122.28600150043604,37.85060909776855],[-122.28328441924279,37.85115891183148]]},"properties":{"id":"3697L","street":"HASKELL ST","side":"L","pavement_ft":36,"width_ft":9.3,"width_source":"gis","path_ft":6,"depth_ft":-1.2,"zone":"R-2A","district":"Multi-Unit 2A","cat":"res","zone_dist_m":4.8,"campable_zone":false,"count":0,"placement":null}},{"type":"Feature","geometry":{"type":"LineString","coordinates":[[-122.28613742667005,37.85048373829349],[-122.28597342677227,37.85051273827583],[-122.28597157912081,37.85051308850119],[-122.2832535807767,37.85106308816632]]},"properties":{"id":"3697R","street":"HASKELL ST","side":"R","pavement_ft":36,"width_ft":15.3,"width_source":"gis","path_ft":10,"depth_ft":0.8,"zone":"R-2A","district":"Multi-Unit 2A","cat":"res","zone_dist_m":4.8,"campable_zone":false,"count":0,"placement":null}},{"type":"Feature","geometry":{"type":"LineString","coordinates":[[-122.29897049536798,37.850893802367644],[-122.29911849488876,37.85128280248646],[-122.29912133697457,37.851289283524686],[-122.29926733664797,37.851582283639836]]},"properties":{"id":"3813R","street":"I80 EAST (ON RAMP) ASHBY HWY","side":"R","pavement_ft":60,"width_ft":5.2,"width_source":"default","path_ft":6,"depth_ft":-5.3,"zone":"U","district":"Unclassified","cat":"other","zone_dist_m":2.0,"campable_zone":false,"count":0,"placement":null}},{"type":"Feature","geometry":{"type":"LineString","coordinates":[[-122.2837375298498,37.85280435508891],[-122.28140652826053,37.85325835539604]]},"properties":{"id":"3819L","street":"ASHBY AVE","side":"L","pavement_ft":40,"width_ft":9.7,"width_source":"default","path_ft":6,"depth_ft":-0.8,"zone":"R-3","district":"Multiple-Family Residential","cat":"res","zone_dist_m":4.2,"campable_zone":false,"count":0,"placement":null}},{"type":"Feature","geometry":{"type":"LineString","coordinates":[[-122.28370447017345,37.85269764490854],[-122.2813734717627,37.853151644601404]]},"properties":{"id":"3819R","street":"ASHBY AVE","side":"R","pavement_ft":40,"width_ft":11.5,"width_source":"default","path_ft":6,"depth_ft":1.0,"zone":"R-3","district":"Multiple-Family Residential","cat":"res","zone_dist_m":3.7,"campable_zone":false,"count":0,"placement":null}},{"type":"Feature","geometry":{"type":"LineString","coordinates":[[-122.30108514605197,37.867221709296864],[-122.30209414516024,37.86702170947308]]},"properties":{"id":"3824L","street":"UNIVERSITY AVE OVERPASS","side":"L","pavement_ft":52,"width_ft":21.9,"width_source":"gis","path_ft":10,"depth_ft":7.4,"zone":"MULI","district":"Mixed Use-Light Industrial","cat":"man","zone_dist_m":7.0,"campable_zone":true,"count":0,"placement":null}},{"type":"Feature","geometry":{"type":"LineString","coordinates":[[-122.301128853988,37.867360290698684],[-122.30213785487972,37.867160290522456]]},"properties":{"id":"3824R","street":"UNIVERSITY AVE OVERPASS","side":"R","pavement_ft":52,"width_ft":22.5,"width_source":"gis","path_ft":10,"depth_ft":8.0,"zone":"MULI","district":"Mixed Use-Light Industrial","cat":"man","zone_dist_m":8.3,"campable_zone":true,"count":0,"placement":null}},{"type":"Feature","geometry":{"type":"LineString","coordinates":[[-122.28320850961512,37.851123018486874],[-122.28297751017872,37.85039201837535]]},"properties":{"id":"3942L","street":"MABEL ST","side":"L","pavement_ft":36,"width_ft":15.4,"width_source":"gis","path_ft":10,"depth_ft":0.9,"zone":"R-2A","district":"Multi-Unit 2A","cat":"res","zone_dist_m":4.7,"campable_zone":false,"count":0,"placement":null}},{"type":"Feature","geometry":{"type":"LineString","coordinates":[[-122.28332949036572,37.85109898148184],[-122.28309848980213,37.850367981593365]]},"properties":{"id":"3942R","street":"MABEL ST","side":"R","pavement_ft":36,"width_ft":10.4,"width_source":"gis","path_ft":6,"depth_ft":-0.1,"zone":"R-2A","district":"Multi-Unit 2A","cat":"res","zone_dist_m":3.4,"campable_zone":false,"count":0,"placement":null}},{"type":"Feature","geometry":{"type":"LineString","coordinates":[[-122.29226805534525,37.84981688372831],[-122.29080105430346,37.850114883940094]]},"properties":{"id":"4007L","street":"FOLGER AVE","side":"L","pavement_ft":42,"width_ft":7.3,"width_source":"gis","path_ft":6,"depth_ft":-3.2,"zone":"MULI","district":"Mixed Use-Light Industrial","cat":"man","zone_dist_m":3.7,"campable_zone":true,"count":0,"placement":null}},{"type":"Feature","geometry":{"type":"LineString","coordinates":[[-122.29223194468138,37.84970511626866],[-122.29076494572323,37.85000311605689]]},"properties":{"id":"4007R","street":"FOLGER AVE","side":"R","pavement_ft":42,"width_ft":17.7,"width_source":"gis","path_ft":10,"depth_ft":3.2,"zone":"MULI","district":"Mixed Use-Light Industrial","cat":"man","zone_dist_m":5.9,"campable_zone":true,"count":0,"placement":null}},{"type":"Feature","geometry":{"type":"LineString","coordinates":[[-122.281328802472,37.85321451173064],[-122.28112880311843,37.852405511634515]]},"properties":{"id":"4032L","street":"ACTON ST","side":"L","pavement_ft":36,"width_ft":16.9,"width_source":"gis","path_ft":10,"depth_ft":2.4,"zone":"R-2A","district":"Multi-Unit 2A","cat":"res","zone_dist_m":5.2,"campable_zone":false,"count":0,"placement":null}},{"type":"Feature","geometry":{"type":"LineString","coordinates":[[-122.28145119751277,37.85319548823739],[-122.28125119686632,37.85238648833351]]},"properties":{"id":"4032R","street":"ACTON ST","side":"R","pavement_ft":36,"width_ft":12.4,"width_source":"gis","path_ft":6,"depth_ft":1.9,"zone":"R-3","district":"Multiple-Family Residential","cat":"res","zone_dist_m":6.2,"campable_zone":false,"count":0,"placement":null}},{"type":"Feature","geometry":{"type":"LineString","coordinates":[[-122.28328435314877,37.85115892517452],[-122.28101035176209,37.85161692545335]]},"properties":{"id":"4039L","street":"HASKELL ST","side":"L","pavement_ft":36,"width_ft":9.4,"width_source":"gis","path_ft":6,"depth_ft":-1.1,"zone":"R-2A","district":"Multi-Unit 2A","cat":"res","zone_dist_m":3.9,"campable_zone":false,"count":0,"placement":null}},{"type":"Feature","geometry":{"type":"LineString","coordinates":[[-122.28325364687063,37.85106307482329],[-122.28097964825733,37.851521074544465]]},"properties":{"id":"4039R","street":"HASKELL ST","side":"R","pavement_ft":36,"width_ft":14.8,"width_source":"gis","path_ft":10,"depth_ft":0.3,"zone":"R-2A","district":"Multi-Unit 2A","cat":"res","zone_dist_m":4.6,"campable_zone":false,"count":0,"placement":null}},{"type":"Feature","geometry":{"type":"LineString","coordinates":[[-122.28093336003492,37.851576496592045],[-122.28082136050755,37.85099749653892]]},"properties":{"id":"4040L","street":"ACTON ST","side":"L","pavement_ft":36,"width_ft":19.4,"width_source":"gis","path_ft":10,"depth_ft":4.9,"zone":"R-2A","district":"Multi-Unit 2A","cat":"res","zone_dist_m":5.9,"campable_zone":false,"count":0,"placement":null}},{"type":"Feature","geometry":{"type":"LineString","coordinates":[[-122.28105663995315,37.851561503375564],[-122.28094463948051,37.85098250342867]]},"properties":{"id":"4040R","street":"ACTON ST","side":"R","pavement_ft":36,"width_ft":6.7,"width_source":"gis","path_ft":6,"depth_ft":-3.8,"zone":"R-2A","district":"Multi-Unit 2A","cat":"res","zone_dist_m":4.8,"campable_zone":false,"count":0,"placement":null}},{"type":"Feature","geometry":{"type":"LineString","coordinates":[[-122.29190847162286,37.85353090135491],[-122.29079547094523,37.853756901492595]]},"properties":{"id":"4056L","street":"HEINZ AVE","side":"L","pavement_ft":36,"width_ft":7.9,"width_source":"gis","path_ft":6,"depth_ft":-2.6,"zone":"MUR","district":"Mixed Use-Residential","cat":"mixres","zone_dist_m":3.9,"campable_zone":true,"count":0,"placement":null}},{"type":"Feature","geometry":{"type":"LineString","coordinates":[[-122.29187752839671,37.85343509864286],[-122.29076452907435,37.85366109850517]]},"properties":{"id":"4056R","street":"HEINZ AVE","side":"R","pavement_ft":36,"width_ft":15.8,"width_source":"gis","path_ft":10,"depth_ft":1.3,"zone":"MULI","district":"Mixed Use-Light Industrial","cat":"man","zone_dist_m":4.5,"campable_zone":true,"count":0,"placement":null}},{"type":"Feature","geometry":{"type":"LineString","coordinates":[[-122.28297795693638,37.850393352850176],[-122.28264795763894,37.84946035269108]]},"properties":{"id":"4070L","street":"MABEL ST","side":"L","pavement_ft":36,"width_ft":16.0,"width_source":"gis","path_ft":10,"depth_ft":1.5,"zone":"R-2A","district":"Multi-Unit 2A","cat":"res","zone_dist_m":4.9,"campable_zone":false,"count":0,"placement":null}},{"type":"Feature","geometry":{"type":"LineString","coordinates":[[-122.28309804304243,37.85036664711895],[-122.28276804233985,37.84943364727806]]},"properties":{"id":"4070R","street":"MABEL ST","side":"R","pavement_ft":36,"width_ft":8.2,"width_source":"gis","path_ft":6,"depth_ft":-2.3,"zone":"R-2A","district":"Multi-Unit 2A","cat":"res","zone_dist_m":3.1,"campable_zone":false,"count":0,"placement":null}},{"type":"Feature","geometry":{"type":"LineString","coordinates":[[-122.28073072190361,37.85060417073934],[-122.28056672245633,37.84991517066065]]},"properties":{"id":"4071L","street":"ACTON ST","side":"L","pavement_ft":36,"width_ft":13.8,"width_source":"gis","path_ft":6,"depth_ft":3.3,"zone":"R-2A","district":"Multi-Unit 2A","cat":"res","zone_dist_m":3.8,"campable_zone":false,"count":0,"placement":null}},{"type":"Feature","geometry":{"type":"LineString","coordinates":[[-122.28085327808171,37.85058582922857],[-122.28068927752898,37.84989682930727]]},"properties":{"id":"4071R","street":"ACTON ST","side":"R","pavement_ft":36,"width_ft":2.5,"width_source":"gis","path_ft":6,"depth_ft":-8.0,"zone":"R-2A","district":"Multi-Unit 2A","cat":"res","zone_dist_m":3.5,"campable_zone":false,"count":0,"placement":null}},{"type":"Feature","geometry":{"type":"LineString","coordinates":[[-122.29104839891023,37.85084154917755],[-122.28924539812084,37.851215549342044]]},"properties":{"id":"4076L","street":"MURRAY ST","side":"L","pavement_ft":26,"width_ft":8.7,"width_source":"gis","path_ft":6,"depth_ft":-1.8,"zone":"MULI","district":"Mixed Use-Light Industrial","cat":"man","zone_dist_m":4.3,"campable_zone":true,"count":0,"placement":null}},{"type":"Feature","geometry":{"type":"LineString","coordinates":[[-122.29102560110019,37.85077245082125],[-122.28922260188958,37.851146450656735]]},"properties":{"id":"4076R","street":"MURRAY ST","side":"R","pavement_ft":26,"width_ft":15.4,"width_source":"gis","path_ft":10,"depth_ft":0.9,"zone":"MULI","district":"Mixed Use-Light Industrial","cat":"man","zone_dist_m":5.0,"campable_zone":true,"count":0,"placement":null}},{"type":"Feature","geometry":{"type":"LineString","coordinates":[[-122.29354476363987,37.85109620915386],[-122.29128476234325,37.8515602094208]]},"properties":{"id":"4078L","street":"POTTER ST","side":"L","pavement_ft":34,"width_ft":21.7,"width_source":"gis","path_ft":10,"depth_ft":7.2,"zone":"C-W","district":"West Berkeley Commercial","cat":"com","zone_dist_m":7.1,"campable_zone":true,"count":39,"placement":"building"}},{"type":"Feature","geometry":{"type":"LineString","coordinates":[[-122.29351523637779,37.851005790844106],[-122.29125523767438,37.85146979057718]]},"properties":{"id":"4078R","street":"POTTER ST","side":"R","pavement_ft":34,"width_ft":17.8,"width_source":"gis","path_ft":10,"depth_ft":3.3,"zone":"C-W","district":"West Berkeley Commercial","cat":"com","zone_dist_m":6.3,"campable_zone":true,"count":0,"placement":null}},{"type":"Feature","geometry":{"type":"LineString","coordinates":[[-122.29653831759585,37.8489422076663],[-122.29680221350173,37.84892743738075],[-122.29708243615582,37.848929363315754],[-122.29729048886306,37.84895205997606],[-122.29749429096496,37.848991688168546],[-122.29760878445539,37.84902774911669],[-122.29798946502467,37.84919228884876],[-122.29813940402924,37.849274330982546],[-122.29831766899215,37.84939600397546],[-122.29849213411946,37.84956202741512],[-122.29859340468556,37.84970417808324],[-122.2986573761135,37.8498265585117],[-122.29875199715701,37.85010652085664],[-122.29896848821298,37.85088768829065]]},"properties":{"id":"4102R","street":"I80 EAST (ON RAMP) ASHBY HWY","side":"R","pavement_ft":60,"width_ft":16.9,"width_source":"default","path_ft":10,"depth_ft":2.4,"zone":"MULI","district":"Mixed Use-Light Industrial","cat":"man","zone_dist_m":9.2,"campable_zone":true,"count":0,"placement":null}},{"type":"Feature","geometry":{"type":"LineString","coordinates":[[-122.28365999278634,37.85276125025275],[-122.28344299342905,37.85194925014819]]},"properties":{"id":"4125L","street":"MABEL ST","side":"L","pavement_ft":36,"width_ft":15.6,"width_source":"gis","path_ft":10,"depth_ft":1.1,"zone":"R-3","district":"Multiple-Family Residential","cat":"res","zone_dist_m":4.3,"campable_zone":false,"count":0,"placement":null}},{"type":"Feature","geometry":{"type":"LineString","coordinates":[[-122.28378200719726,37.85274074971546],[-122.28356500655451,37.85192874982001]]},"properties":{"id":"4125R","street":"MABEL ST","side":"R","pavement_ft":36,"width_ft":9.0,"width_source":"gis","path_ft":6,"depth_ft":-1.5,"zone":"R-3","district":"Multiple-Family Residential","cat":"res","zone_dist_m":4.6,"campable_zone":false,"count":0,"placement":null}},{"type":"Feature","geometry":{"type":"LineString","coordinates":[[-122.28103375797701,37.85468940140237],[-122.28033975754062,37.85480440147221]]},"properties":{"id":"4128L","street":"RUSSELL ST","side":"L","pavement_ft":36,"width_ft":8.9,"width_source":"gis","path_ft":6,"depth_ft":-1.6,"zone":"R-1","district":"Multi-Unit 1","cat":"res","zone_dist_m":3.3,"campable_zone":false,"count":0,"placement":null}},{"type":"Feature","geometry":{"type":"LineString","coordinates":[[-122.28100824203919,37.85459259859606],[-122.28031424247558,37.85470759852618]]},"properties":{"id":"4128R","street":"RUSSELL ST","side":"R","pavement_ft":36,"width_ft":15.0,"width_source":"gis","path_ft":10,"depth_ft":0.5,"zone":"R-1","district":"Multi-Unit 1","cat":"res","zone_dist_m":5.1,"campable_zone":false,"count":0,"placement":null}},{"type":"Feature","geometry":{"type":"LineString","coordinates":[[-122.29592145699345,37.852716904323756],[-122.2919084545498,37.853530904819735]]},"properties":{"id":"4131L","street":"HEINZ AVE","side":"L","pavement_ft":36,"width_ft":4.9,"width_source":"gis","path_ft":6,"depth_ft":-5.6,"zone":"MM","district":"Mixed Manufacturing","cat":"man","zone_dist_m":4.7,"campable_zone":true,"count":0,"placement":null}},{"type":"Feature","geometry":{"type":"LineString","coordinates":[[-122.29589054302609,37.85262109567402],[-122.29187754546975,37.85343509517806]]},"properties":{"id":"4131R","street":"HEINZ AVE","side":"R","pavement_ft":36,"width_ft":1.9,"width_source":"gis","path_ft":6,"depth_ft":-8.6,"zone":"MULI","district":"Mixed Use-Light Industrial","cat":"man","zone_dist_m":3.7,"campable_zone":true,"count":0,"placement":null}},{"type":"Feature","geometry":{"type":"LineString","coordinates":[[-122.30002288196691,37.84928868371725],[-122.29998202655331,37.84951488494157],[-122.29988732871881,37.85012394699152],[-122.29986680393975,37.850294988810425],[-122.29985889780707,37.85053415946198],[-122.29985794073168,37.85054336352869],[-122.29983575139391,37.850669747285885],[-122.29982898802076,37.8508813535271],[-122.29985370138633,37.85135880280466],[-122.29995931403295,37.85212099956891],[-122.29995960201778,37.85212340123155],[-122.29999023604175,37.85242578452677],[-122.30006847069765,37.85279120730751],[-122.30006917896874,37.85279506699322],[-122.30016717985032,37.853435066917115]]},"properties":{"id":"4208L","street":"I80 WEST (OFF RAMP) ASHBY HWY","side":"L","pavement_ft":60,"width_ft":26.8,"width_source":"default","path_ft":10,"depth_ft":12.3,"zone":null,"district":null,"cat":null,"zone_dist_m":null,"campable_zone":false,"count":0,"placement":null}},{"type":"Feature","geometry":{"type":"LineString","coordinates":[[-122.29859132524747,37.850116266693256],[-122.2984963383688,37.85012272211482],[-122.29829491497706,37.850179583258196],[-122.29828944486172,37.850180906713256],[-122.29784654143191,37.8502706844379],[-122.2974496271376,37.85036343074237],[-122.29744360485655,37.85036458355271],[-122.29717060468299,37.850405583577576],[-122.2971681341558,37.85040591398828],[-122.2966771226818,37.85046356311228],[-122.29631505452107,37.8505349847716]]},"properties":{"id":"4277L","street":"POTTER ST","side":"L","pavement_ft":36,"width_ft":12.6,"width_source":"default","path_ft":6,"depth_ft":2.1,"zone":"U","district":"Unclassified","cat":"other","zone_dist_m":4.8,"campable_zone":false,"count":0,"placement":null}},{"type":"Feature","geometry":{"type":"LineString","coordinates":[[-122.29630577005634,37.85053623517446],[-122.29621076999356,37.8505432351784],[-122.29620482180577,37.85054344709709],[-122.2961988752425,37.85054320822703],[-122.29619298451621,37.85054252074592],[-122.29618720333025,37.85054139092126],[-122.2961152032886,37.85052439091009]]},"properties":{"id":"4278L","street":"POTTER ST","side":"L","pavement_ft":36,"width_ft":22.5,"width_source":"default","path_ft":10,"depth_ft":8.0,"zone":"U","district":"Unclassified","cat":"other","zone_dist_m":12.5,"campable_zone":false,"count":0,"placement":null}},{"type":"Feature","geometry":{"type":"LineString","coordinates":[[-122.2860847753825,37.850548158082916],[-122.28605877543723,37.85048115806901]]},"properties":{"id":"4281L","street":"SAN PABLO AVE","side":"L","pavement_ft":40,"width_ft":12.2,"width_source":"default","path_ft":6,"depth_ft":1.7,"zone":"C-W","district":"West Berkeley Commercial","cat":"com","zone_dist_m":11.8,"campable_zone":true,"count":0,"placement":null}},{"type":"Feature","geometry":{"type":"LineString","coordinates":[[-122.28621722458912,37.850515841879506],[-122.28619122453439,37.85044884189338]]},"properties":{"id":"4281R","street":"SAN PABLO AVE","side":"R","pavement_ft":40,"width_ft":11.4,"width_source":"default","path_ft":6,"depth_ft":0.9,"zone":"C-W","district":"West Berkeley Commercial","cat":"com","zone_dist_m":11.1,"campable_zone":true,"count":0,"placement":null}},{"type":"Feature","geometry":{"type":"LineString","coordinates":[[-122.29897346304621,37.85090053431065],[-122.29889146322702,37.850737534246036],[-122.29888830686765,37.85073030057396],[-122.29888601052188,37.85072286589745],[-122.29883887515533,37.8505323594036],[-122.29872911664212,37.85022978073776],[-122.2987269619295,37.85022266539454],[-122.29872561169951,37.85021542654351],[-122.29872224070195,37.85018942143398],[-122.29870847044918,37.85017794621077],[-122.29867014137271,37.85015975613307],[-122.2986422204935,37.85015170203277],[-122.29858089935549,37.850149312892775]]},"properties":{"id":"4283L","street":"I80 EAST (ON RAMP) ASHBY HWY","side":"L","pavement_ft":60,"width_ft":14.6,"width_source":"default","path_ft":10,"depth_ft":0.1,"zone":"U","district":"Unclassified","cat":"other","zone_dist_m":0.0,"campable_zone":false,"count":0,"placement":null}},{"type":"Feature","geometry":{"type":"LineString","coordinates":[[-122.28696519124043,37.85305695769066],[-122.28396218940523,37.85365495805485]]},"properties":{"id":"4291L","street":"BURNETT ST","side":"L","pavement_ft":36,"width_ft":9.7,"width_source":"gis","path_ft":6,"depth_ft":-0.8,"zone":"R-2A","district":"Multi-Unit 2A","cat":"res","zone_dist_m":4.7,"campable_zone":false,"count":0,"placement":null}},{"type":"Feature","geometry":{"type":"LineString","coordinates":[[-122.28693480877878,37.85296104230719],[-122.283931810614,37.85355904194301]]},"properties":{"id":"4291R","street":"BURNETT ST","side":"R","pavement_ft":36,"width_ft":14.5,"width_source":"gis","path_ft":10,"depth_ft":0.0,"zone":"R-2A","district":"Multi-Unit 2A","cat":"res","zone_dist_m":4.4,"campable_zone":false,"count":0,"placement":null}},{"type":"Feature","geometry":{"type":"LineString","coordinates":[[-122.28906641250362,37.85175817828485],[-122.28688041102882,37.852208178589315],[-122.28687452274346,37.85220917634524],[-122.28686854744551,37.852209764995834],[-122.28686253025674,37.85220994009594],[-122.28667653011874,37.85220894009383]]},"properties":{"id":"4294L","street":"ASHBY AVE","side":"L","pavement_ft":40,"width_ft":21.9,"width_source":"default","path_ft":10,"depth_ft":7.4,"zone":"C-W","district":"West Berkeley Commercial","cat":"com","zone_dist_m":8.8,"campable_zone":true,"count":83,"placement":"curb"}},{"type":"Feature","geometry":{"type":"LineString","coordinates":[[-122.28903158752082,37.85165182171237],[-122.28685438370943,37.852100011060784],[-122.2866774698799,37.85209905990564]]},"properties":{"id":"4294R","street":"ASHBY AVE","side":"R","pavement_ft":40,"width_ft":29.1,"width_source":"default","path_ft":10,"depth_ft":14.6,"zone":"MULI","district":"Mixed Use-Light Industrial","cat":"man","zone_dist_m":8.7,"campable_zone":true,"count":94,"placement":"curb"}},{"type":"Feature","geometry":{"type":"LineString","coordinates":[[-122.29113529436175,37.85105801852979],[-122.29070429414583,37.8512310186408]]},"properties":{"id":"4312L","street":"ASHBY AVE","side":"L","pavement_ft":40,"width_ft":18.6,"width_source":"default","path_ft":10,"depth_ft":4.1,"zone":"C-W","district":"West Berkeley Commercial","cat":"com","zone_dist_m":7.4,"campable_zone":true,"count":0,"placement":null}},{"type":"Feature","geometry":{"type":"LineString","coordinates":[[-122.29107270567933,37.85095998146189],[-122.2906417058952,37.851132981350915]]},"properties":{"id":"4312R","street":"ASHBY AVE","side":"R","pavement_ft":40,"width_ft":23.5,"width_source":"default","path_ft":10,"depth_ft":9.0,"zone":"MULI","district":"Mixed Use-Light Industrial","cat":"man","zone_dist_m":7.9,"campable_zone":true,"count":6,"placement":"building"}},{"type":"Feature","geometry":{"type":"LineString","coordinates":[[-122.29070443722595,37.851230961044834],[-122.28994643684815,37.851536961240946],[-122.28993822564476,37.85153976294881],[-122.28942422532764,37.85168476304577]]},"properties":{"id":"4313L","street":"ASHBY AVE","side":"L","pavement_ft":40,"width_ft":18.9,"width_source":"default","path_ft":10,"depth_ft":4.4,"zone":"C-W","district":"West Berkeley Commercial","cat":"com","zone_dist_m":4.6,"campable_zone":true,"count":0,"placement":null}},{"type":"Feature","geometry":{"type":"LineString","coordinates":[[-122.29064156281522,37.851133038946806],[-122.28988755459054,37.85143742746751],[-122.28937777470435,37.85158123694953]]},"properties":{"id":"4313R","street":"ASHBY AVE","side":"R","pavement_ft":40,"width_ft":22.8,"width_source":"default","path_ft":10,"depth_ft":8.3,"zone":"MULI","district":"Mixed Use-Light Industrial","cat":"man","zone_dist_m":10.8,"campable_zone":true,"count":23,"placement":"building"}},{"type":"Feature","geometry":{"type":"LineString","coordinates":[[-122.28344316044245,37.85194985633037],[-122.28320816109239,37.851121856217]]},"properties":{"id":"4320L","street":"MABEL ST","side":"L","pavement_ft":36,"width_ft":18.5,"width_source":"gis","path_ft":10,"depth_ft":4.0,"zone":"R-2A","district":"Multi-Unit 2A","cat":"res","zone_dist_m":5.4,"campable_zone":false,"count":0,"placement":null}},{"type":"Feature","geometry":{"type":"LineString","coordinates":[[-122.28356483954015,37.851928143638],[-122.28332983889027,37.85110014375137]]},"properties":{"id":"4320R","street":"MABEL ST","side":"R","pavement_ft":36,"width_ft":8.7,"width_source":"gis","path_ft":6,"depth_ft":-1.8,"zone":"R-2A","district":"Multi-Unit 2A","cat":"res","zone_dist_m":4.7,"campable_zone":false,"count":0,"placement":null}},{"type":"Feature","geometry":{"type":"LineString","coordinates":[[-122.29378242912875,37.851813909925504],[-122.2915104277448,37.85227391020576]]},"properties":{"id":"4322L","street":"ANTHONY ST","side":"L","pavement_ft":36,"width_ft":1.0,"width_source":"gis","path_ft":6,"depth_ft":-9.5,"zone":"MULI","district":"Mixed Use-Light Industrial","cat":"man","zone_dist_m":2.0,"campable_zone":true,"count":0,"placement":null}},{"type":"Feature","geometry":{"type":"LineString","coordinates":[[-122.29375157089076,37.851718090072296],[-122.29147957227474,37.852178089792055]]},"properties":{"id":"4322R","street":"ANTHONY ST","side":"R","pavement_ft":36,"width_ft":11.7,"width_source":"gis","path_ft":6,"depth_ft":1.2,"zone":"MULI","district":"Mixed Use-Light Industrial","cat":"man","zone_dist_m":3.1,"campable_zone":true,"count":0,"placement":null}},{"type":"Feature","geometry":{"type":"LineString","coordinates":[[-122.2835193742516,37.85198692095055],[-122.28175437317559,37.85234292116729],[-122.28175303514334,37.85234317860088],[-122.28120703480485,37.85244317866174]]},"properties":{"id":"4326L","street":"CARRISON ST","side":"L","pavement_ft":36,"width_ft":9.8,"width_source":"gis","path_ft":6,"depth_ft":-0.7,"zone":"R-2A","district":"Multi-Unit 2A","cat":"res","zone_dist_m":4.0,"campable_zone":false,"count":0,"placement":null}},{"type":"Feature","geometry":{"type":"LineString","coordinates":[[-122.2834886257678,37.85189107904726],[-122.28172429406693,37.85224694425748],[-122.28117896521296,37.85234682133638]]},"properties":{"id":"4326R","street":"CARRISON ST","side":"R","pavement_ft":36,"width_ft":14.3,"width_source":"gis","path_ft":10,"depth_ft":-0.2,"zone":"R-2A","district":"Multi-Unit 2A","cat":"res","zone_dist_m":4.8,"campable_zone":false,"count":0,"placement":null}},{"type":"Feature","geometry":{"type":"LineString","coordinates":[[-122.28112790806216,37.85239859266437],[-122.28112618086675,37.852383911399],[-122.28093472793773,37.85158219944989]]},"properties":{"id":"4327L","street":"ACTON ST","side":"L","pavement_ft":36,"width_ft":15.1,"width_source":"gis","path_ft":10,"depth_ft":0.6,"zone":"R-2A","district":"Multi-Unit 2A","cat":"res","zone_dist_m":4.9,"campable_zone":false,"count":0,"placement":null}},{"type":"Feature","geometry":{"type":"LineString","coordinates":[[-122.28125209193067,37.8523894073028],[-122.28125009191649,37.85237240730369],[-122.28124927269234,37.852367800425895],[-122.28105727204753,37.85156380051805]]},"properties":{"id":"4327R","street":"ACTON ST","side":"R","pavement_ft":36,"width_ft":10.7,"width_source":"gis","path_ft":6,"depth_ft":0.2,"zone":"R-2A","district":"Multi-Unit 2A","cat":"res","zone_dist_m":5.5,"campable_zone":false,"count":0,"placement":null}},{"type":"Feature","geometry":{"type":"LineString","coordinates":[[-122.28388596060229,37.85361713175475],[-122.28365996128095,37.8527611316459]]},"properties":{"id":"4346L","street":"MABEL ST","side":"L","pavement_ft":36,"width_ft":14.0,"width_source":"gis","path_ft":10,"depth_ft":-0.5,"zone":"R-3","district":"Multiple-Family Residential","cat":"res","zone_dist_m":4.1,"campable_zone":false,"count":0,"placement":null}},{"type":"Feature","geometry":{"type":"LineString","coordinates":[[-122.2840080393815,37.85359686821341],[-122.28378203870284,37.852740868322265]]},"properties":{"id":"4346R","street":"MABEL ST","side":"R","pavement_ft":36,"width_ft":11.3,"width_source":"gis","path_ft":6,"depth_ft":0.8,"zone":"R-3","district":"Multiple-Family Residential","cat":"res","zone_dist_m":5.0,"campable_zone":false,"count":0,"placement":null}},{"type":"Feature","geometry":{"type":"LineString","coordinates":[[-122.28630195691245,37.853804368186026],[-122.2854409563722,37.85394936827415]]},"properties":{"id":"4353L","street":"RUSSELL ST","side":"L","pavement_ft":36,"width_ft":11.2,"width_source":"gis","path_ft":6,"depth_ft":0.7,"zone":"R-1","district":"Multi-Unit 1","cat":"res","zone_dist_m":4.6,"campable_zone":false,"count":0,"placement":null}},{"type":"Feature","geometry":{"type":"LineString","coordinates":[[-122.28627604310401,37.85370763181234],[-122.28541504364425,37.853852631724195]]},"properties":{"id":"4353R","street":"RUSSELL ST","side":"R","pavement_ft":36,"width_ft":14.1,"width_source":"gis","path_ft":10,"depth_ft":-0.4,"zone":"R-1","district":"Multi-Unit 1","cat":"res","zone_dist_m":4.6,"campable_zone":false,"count":0,"placement":null}},{"type":"Feature","geometry":{"type":"LineString","coordinates":[[-122.28306948914145,37.85383589774464],[-122.2816134882551,37.85413189792485]]},"properties":{"id":"4360L","street":"BURNETT ST","side":"L","pavement_ft":36,"width_ft":10.3,"width_source":"gis","path_ft":6,"depth_ft":-0.2,"zone":"R-1","district":"Multi-Unit 1","cat":"res","zone_dist_m":4.6,"campable_zone":false,"count":0,"placement":null}},{"type":"Feature","geometry":{"type":"LineString","coordinates":[[-122.28303851087816,37.85374010225315],[-122.2815825117645,37.854036102072925]]},"properties":{"id":"4360R","street":"BURNETT ST","side":"R","pavement_ft":36,"width_ft":14.0,"width_source":"gis","path_ft":6,"depth_ft":3.5,"zone":"R-2A","district":"Multi-Unit 2A","cat":"res","zone_dist_m":3.9,"campable_zone":false,"count":0,"placement":null}},{"type":"Feature","geometry":{"type":"LineString","coordinates":[[-122.28153670660566,37.85409311847558],[-122.28132870731133,37.85321411837579]]},"properties":{"id":"4361L","street":"ACTON ST","side":"L","pavement_ft":36,"width_ft":17.2,"width_source":"gis","path_ft":10,"depth_ft":2.7,"zone":"R-3","district":"Multiple-Family Residential","cat":"res","zone_dist_m":5.3,"campable_zone":false,"count":0,"placement":null}},{"type":"Feature","geometry":{"type":"LineString","coordinates":[[-122.28165929337978,37.854074881492345],[-122.28145129267408,37.85319588159216]]},"properties":{"id":"4361R","street":"ACTON ST","side":"R","pavement_ft":36,"width_ft":8.6,"width_source":"gis","path_ft":6,"depth_ft":-1.9,"zone":"R-3","district":"Multiple-Family Residential","cat":"res","zone_dist_m":4.8,"campable_zone":false,"count":0,"placement":null}},{"type":"Feature","geometry":{"type":"LineString","coordinates":[[-122.28544119611703,37.853949327509234],[-122.28420619534411,37.85416132763815]]},"properties":{"id":"4362L","street":"RUSSELL ST","side":"L","pavement_ft":36,"width_ft":11.3,"width_source":"gis","path_ft":6,"depth_ft":0.8,"zone":"R-1","district":"Multi-Unit 1","cat":"res","zone_dist_m":7.3,"campable_zone":false,"count":0,"placement":null}},{"type":"Feature","geometry":{"type":"LineString","coordinates":[[-122.28541480389971,37.85385267248905],[-122.28417980467266,37.85406467236013]]},"properties":{"id":"4362R","street":"RUSSELL ST","side":"R","pavement_ft":36,"width_ft":14.8,"width_source":"gis","path_ft":10,"depth_ft":0.3,"zone":"R-1","district":"Multi-Unit 1","cat":"res","zone_dist_m":4.7,"campable_zone":false,"count":0,"placement":null}},{"type":"Feature","geometry":{"type":"LineString","coordinates":[[-122.28402906865742,37.85413753428564],[-122.28388606906748,37.853617534216674]]},"properties":{"id":"4363L","street":"MABEL ST","side":"L","pavement_ft":36,"width_ft":14.5,"width_source":"gis","path_ft":10,"depth_ft":-0.0,"zone":"R-1","district":"Multi-Unit 1","cat":"res","zone_dist_m":4.4,"campable_zone":false,"count":0,"placement":null}},{"type":"Feature","geometry":{"type":"LineString","coordinates":[[-122.28415093132574,37.85411646568265],[-122.2840079309157,37.85359646575161]]},"properties":{"id":"4363R","street":"MABEL ST","side":"R","pavement_ft":36,"width_ft":10.1,"width_source":"gis","path_ft":6,"depth_ft":-0.4,"zone":"R-1","district":"Multi-Unit 1","cat":"res","zone_dist_m":4.7,"campable_zone":false,"count":0,"placement":null}},{"type":"Feature","geometry":{"type":"LineString","coordinates":[[-122.28968450015174,37.85398289555639],[-122.2885834994816,37.85420689569283]]},"properties":{"id":"4364L","street":"HEINZ AVE","side":"L","pavement_ft":36,"width_ft":9.4,"width_source":"gis","path_ft":6,"depth_ft":-1.1,"zone":"MUR","district":"Mixed Use-Residential","cat":"mixres","zone_dist_m":4.6,"campable_zone":true,"count":0,"placement":null}},{"type":"Feature","geometry":{"type":"LineString","coordinates":[[-122.28965349986788,37.853887104441384],[-122.28855250053796,37.854111104304934]]},"properties":{"id":"4364R","street":"HEINZ AVE","side":"R","pavement_ft":36,"width_ft":14.4,"width_source":"gis","path_ft":10,"depth_ft":-0.1,"zone":"MULI","district":"Mixed Use-Light Industrial","cat":"man","zone_dist_m":3.8,"campable_zone":true,"count":0,"placement":null}},{"type":"Feature","geometry":{"type":"LineString","coordinates":[[-122.2841029785887,37.854175364525055],[-122.28320197802343,37.85432736461745]]},"properties":{"id":"4373L","street":"RUSSELL ST","side":"L","pavement_ft":36,"width_ft":6.7,"width_source":"gis","path_ft":6,"depth_ft":-3.8,"zone":"R-1","district":"Multi-Unit 1","cat":"res","zone_dist_m":3.7,"campable_zone":false,"count":0,"placement":null}},{"type":"Feature","geometry":{"type":"LineString","coordinates":[[-122.28407702142782,37.85407863547331],[-122.28317602199301,37.85423063538091]]},"properties":{"id":"4373R","street":"RUSSELL ST","side":"R","pavement_ft":36,"width_ft":16.2,"width_source":"gis","path_ft":10,"depth_ft":1.7,"zone":"R-1","district":"Multi-Unit 1","cat":"res","zone_dist_m":4.6,"campable_zone":false,"count":0,"placement":null}},{"type":"Feature","geometry":{"type":"LineString","coordinates":[[-122.28312806802094,37.85428953239728],[-122.28299306840819,37.85379853233219]]},"properties":{"id":"4374L","street":"PARK ST","side":"L","pavement_ft":36,"width_ft":11.0,"width_source":"default","path_ft":6,"depth_ft":0.5,"zone":"R-1","district":"Multi-Unit 1","cat":"res","zone_dist_m":3.5,"campable_zone":false,"count":0,"placement":null}},{"type":"Feature","geometry":{"type":"LineString","coordinates":[[-122.28324993196216,37.854268467571],[-122.283114931575,37.853777467636085]]},"properties":{"id":"4374R","street":"PARK ST","side":"R","pavement_ft":36,"width_ft":7.3,"width_source":"default","path_ft":6,"depth_ft":-3.2,"zone":"R-1","district":"Multi-Unit 1","cat":"res","zone_dist_m":3.4,"campable_zone":false,"count":0,"placement":null}},{"type":"Feature","geometry":{"type":"LineString","coordinates":[[-122.28171676156855,37.854575400809516],[-122.28116776122333,37.85466640086481]]},"properties":{"id":"4382L","street":"RUSSELL ST","side":"L","pavement_ft":36,"width_ft":9.0,"width_source":"gis","path_ft":6,"depth_ft":-1.5,"zone":"R-1","district":"Multi-Unit 1","cat":"res","zone_dist_m":4.3,"campable_zone":false,"count":0,"placement":null}},{"type":"Feature","geometry":{"type":"LineString","coordinates":[[-122.28169123844765,37.854478599188866],[-122.28114223879285,37.854569599133605]]},"properties":{"id":"4382R","street":"RUSSELL ST","side":"R","pavement_ft":36,"width_ft":15.2,"width_source":"gis","path_ft":10,"depth_ft":0.7,"zone":"R-1","district":"Multi-Unit 1","cat":"res","zone_dist_m":4.6,"campable_zone":false,"count":0,"placement":null}},{"type":"Feature","geometry":{"type":"LineString","coordinates":[[-122.28111758445226,37.85462374620759],[-122.28077558513684,37.85322374610717]]},"properties":{"id":"4386L","street":"DOHR ST","side":"L","pavement_ft":22,"width_ft":14.9,"width_source":"gis","path_ft":10,"depth_ft":0.4,"zone":"R-2A","district":"Multi-Unit 2A","cat":"res","zone_dist_m":4.4,"campable_zone":false,"count":0,"placement":null}},{"type":"Feature","geometry":{"type":"LineString","coordinates":[[-122.2811924155421,37.854612253780466],[-122.28085041485748,37.85321225388086]]},"properties":{"id":"4386R","street":"DOHR ST","side":"R","pavement_ft":22,"width_ft":8.1,"width_source":"gis","path_ft":6,"depth_ft":-2.4,"zone":"R-2A","district":"Multi-Unit 2A","cat":"res","zone_dist_m":4.5,"campable_zone":false,"count":0,"placement":null}},{"type":"Feature","geometry":{"type":"LineString","coordinates":[[-122.28028955338,37.85476161779337],[-122.27992755412366,37.85324461768721]]},"properties":{"id":"4388L","street":"STANTON ST","side":"L","pavement_ft":22,"width_ft":15.7,"width_source":"gis","path_ft":10,"depth_ft":1.2,"zone":"R-2A","district":"Multi-Unit 2A","cat":"res","zone_dist_m":4.6,"campable_zone":false,"count":0,"placement":null}},{"type":"Feature","geometry":{"type":"LineString","coordinates":[[-122.2803644466145,37.85475038219465],[-122.28000244587088,37.853233382300814]]},"properties":{"id":"4388R","street":"STANTON ST","side":"R","pavement_ft":22,"width_ft":7.3,"width_source":"gis","path_ft":6,"depth_ft":-3.2,"zone":"R-2A","district":"Multi-Unit 2A","cat":"res","zone_dist_m":4.3,"campable_zone":false,"count":0,"placement":null}},{"type":"Feature","geometry":{"type":"LineString","coordinates":[[-122.28757398485118,37.854967809320776],[-122.28660198422448,37.855092809395885]]},"properties":{"id":"4395L","street":"OREGON ST","side":"L","pavement_ft":36,"width_ft":15.2,"width_source":"gis","path_ft":10,"depth_ft":0.7,"zone":"C-W","district":"West Berkeley Commercial","cat":"com","zone_dist_m":5.5,"campable_zone":true,"count":0,"placement":null}},{"type":"Feature","geometry":{"type":"LineString","coordinates":[[-122.28755401516152,37.854870190678106],[-122.28658201578823,37.854995190602985]]},"properties":{"id":"4395R","street":"OREGON ST","side":"R","pavement_ft":36,"width_ft":19.0,"width_source":"gis","path_ft":10,"depth_ft":4.5,"zone":"C-W","district":"West Berkeley Commercial","cat":"com","zone_dist_m":5.5,"campable_zone":true,"count":0,"placement":null}},{"type":"Feature","geometry":{"type":"LineString","coordinates":[[-122.28569292451604,37.85520968261445],[-122.28481392395364,37.85533368268932]]},"properties":{"id":"4398L","street":"OREGON ST","side":"L","pavement_ft":36,"width_ft":14.4,"width_source":"gis","path_ft":10,"depth_ft":-0.1,"zone":"R-1","district":"Multi-Unit 1","cat":"res","zone_dist_m":7.0,"campable_zone":false,"count":0,"placement":null}},{"type":"Feature","geometry":{"type":"LineString","coordinates":[[-122.28567107549783,37.85511231738431],[-122.28479207606026,37.85523631730941]]},"properties":{"id":"4398R","street":"OREGON ST","side":"R","pavement_ft":36,"width_ft":21.5,"width_source":"gis","path_ft":10,"depth_ft":7.0,"zone":"R-1","district":"Multi-Unit 1","cat":"res","zone_dist_m":6.6,"campable_zone":false,"count":0,"placement":null}},{"type":"Feature","geometry":{"type":"LineString","coordinates":[[-122.28474149725292,37.85529318925655],[-122.28454258009626,37.85435401960987],[-122.28446735736492,37.85425977495068],[-122.28440552731328,37.85421799787162],[-122.28431360669934,37.85417848059332],[-122.28418308687424,37.85416181848085]]},"properties":{"id":"4399L","street":"MABEL ST","side":"L","pavement_ft":36,"width_ft":11.9,"width_source":"gis","path_ft":6,"depth_ft":1.4,"zone":"R-1","district":"Multi-Unit 1","cat":"res","zone_dist_m":4.2,"campable_zone":false,"count":0,"placement":null}},{"type":"Feature","geometry":{"type":"LineString","coordinates":[[-122.28486450273397,37.855276810711175],[-122.28466350196435,37.85432781080712],[-122.28466217241923,37.85432300905534],[-122.28466024809327,37.85431833571417],[-122.28465774800777,37.85431383697774],[-122.28465469687524,37.8543095573143],[-122.28456769682744,37.85420055735228],[-122.28456409368714,37.85419650752634],[-122.28455999734697,37.854192764031076],[-122.28455544895921,37.85418936447396],[-122.2844814489687,37.854139364499176],[-122.28447627929391,37.85413622558729],[-122.28447072502071,37.85413353117956],[-122.28436372506421,37.85408753120669],[-122.28435738832441,37.85408516193655],[-122.28435075641084,37.8540833711692],[-122.28434391302201,37.85408218150514],[-122.28420291311221,37.854064181517764]]},"properties":{"id":"4399R","street":"MABEL ST","side":"R","pavement_ft":36,"width_ft":12.3,"width_source":"gis","path_ft":6,"depth_ft":1.8,"zone":"R-1","district":"Multi-Unit 1","cat":"res","zone_dist_m":1.6,"campable_zone":false,"count":0,"placement":null}},{"type":"Feature","geometry":{"type":"LineString","coordinates":[[-122.28297145467077,37.85558198669922],[-122.2827914553794,37.85470998661345],[-122.28279081931238,37.854705782998415],[-122.28278181939018,37.854612782994515],[-122.28278178179035,37.854605628015136],[-122.28278678183878,37.854547628018224],[-122.28278761034771,37.85454229640722],[-122.28278916341345,37.854537067521335],[-122.28281916347278,37.854456067537],[-122.28282131066936,37.854451218096166],[-122.28282408112959,37.85444657157139],[-122.28286208115857,37.85439057158919],[-122.28286690581083,37.85438454818782],[-122.28296790584236,37.8542765482306]]},"properties":{"id":"4406L","street":"PARK ST","side":"L","pavement_ft":36,"width_ft":13.8,"width_source":"gis","path_ft":6,"depth_ft":3.3,"zone":"R-1","district":"Multi-Unit 1","cat":"res","zone_dist_m":1.9,"campable_zone":false,"count":0,"placement":null}},{"type":"Feature","geometry":{"type":"LineString","coordinates":[[-122.28309454531647,37.85556601326847],[-122.28291497623341,37.85469610435604],[-122.2829065267106,37.85460879338068],[-122.28291075409649,37.854559755228],[-122.28293700268512,37.85448888388461],[-122.28296978133287,37.85444057845577],[-122.28306809419767,37.85433545174836]]},"properties":{"id":"4406R","street":"PARK ST","side":"R","pavement_ft":36,"width_ft":11.3,"width_source":"gis","path_ft":6,"depth_ft":0.8,"zone":"R-1","district":"Multi-Unit 1","cat":"res","zone_dist_m":7.3,"campable_zone":false,"count":0,"placement":null}},{"type":"Feature","geometry":{"type":"LineString","coordinates":[[-122.28208139760368,37.855712705661375],[-122.28188782029254,37.85473982595075],[-122.28184928998446,37.85461671660134],[-122.28178980206604,37.85452701248876]]},"properties":{"id":"4411L","street":"ACTON ST","side":"L","pavement_ft":36,"width_ft":14.5,"width_source":"gis","path_ft":10,"depth_ft":-0.0,"zone":"R-1","district":"Multi-Unit 1","cat":"res","zone_dist_m":4.3,"campable_zone":false,"count":0,"placement":null}},{"type":"Feature","geometry":{"type":"LineString","coordinates":[[-122.28220460238401,37.855697294306246],[-122.2820106015895,37.85472229439848],[-122.28200952762779,37.85471809060283],[-122.28196852752659,37.85458709062262],[-122.28196628482405,37.854581411668825],[-122.28196319795215,37.85457598745628],[-122.28190019789992,37.85448098748492]]},"properties":{"id":"4411R","street":"ACTON ST","side":"R","pavement_ft":36,"width_ft":10.5,"width_source":"gis","path_ft":6,"depth_ft":0.0,"zone":"R-1","district":"Multi-Unit 1","cat":"res","zone_dist_m":5.1,"campable_zone":false,"count":0,"placement":null}},{"type":"Feature","geometry":{"type":"LineString","coordinates":[[-122.29138474226363,37.85557384595549],[-122.29027274158902,37.85580384609561]]},"properties":{"id":"4412L","street":"GRAYSON ST","side":"L","pavement_ft":36,"width_ft":8.1,"width_source":"gis","path_ft":6,"depth_ft":-2.4,"zone":"MUR","district":"Mixed Use-Residential","cat":"mixres","zone_dist_m":4.3,"campable_zone":true,"count":0,"placement":null}},{"type":"Feature","geometry":{"type":"LineString","coordinates":[[-122.29135325775623,37.85547815404221],[-122.29024125843084,37.85570815390211]]},"properties":{"id":"4412R","street":"GRAYSON ST","side":"R","pavement_ft":36,"width_ft":15.5,"width_source":"gis","path_ft":10,"depth_ft":1.0,"zone":"MUR","district":"Mixed Use-Residential","cat":"mixres","zone_dist_m":5.0,"campable_zone":true,"count":0,"placement":null}},{"type":"Feature","geometry":{"type":"LineString","coordinates":[[-122.28669410393242,37.85220724120771],[-122.2837381019306,37.85280424161165]]},"properties":{"id":"4420L","street":"ASHBY AVE","side":"L","pavement_ft":40,"width_ft":8.1,"width_source":"default","path_ft":6,"depth_ft":-2.4,"zone":"R-3","district":"Multiple-Family Residential","cat":"res","zone_dist_m":4.4,"campable_zone":false,"count":0,"placement":null}},{"type":"Feature","geometry":{"type":"LineString","coordinates":[[-122.2866598960916,37.85210075878957],[-122.28370389809344,37.85269775838564]]},"properties":{"id":"4420R","street":"ASHBY AVE","side":"R","pavement_ft":40,"width_ft":12.9,"width_source":"default","path_ft":6,"depth_ft":2.4,"zone":"R-3","district":"Multiple-Family Residential","cat":"res","zone_dist_m":3.9,"campable_zone":false,"count":0,"placement":null}},{"type":"Feature","geometry":{"type":"LineString","coordinates":[[-122.30306839506412,37.86705296307307],[-122.30305739507781,37.867031963067895]]},"properties":{"id":"4481L","street":"","side":"L","pavement_ft":36,"width_ft":10.2,"width_source":"default","path_ft":6,"depth_ft":-0.3,"zone":"MULI","district":"Mixed Use-Light Industrial","cat":"man","zone_dist_m":3.3,"campable_zone":true,"count":0,"placement":null}},{"type":"Feature","geometry":{"type":"LineString","coordinates":[[-122.30305701501901,37.867031220569984],[-122.30300101509386,37.86691922054347]]},"properties":{"id":"4485L","street":"","side":"L","pavement_ft":36,"width_ft":39.5,"width_source":"default","path_ft":10,"depth_ft":25.0,"zone":"MULI","district":"Mixed Use-Light Industrial","cat":"man","zone_dist_m":10.5,"campable_zone":true,"count":0,"placement":null}},{"type":"Feature","geometry":{"type":"LineString","coordinates":[[-122.3030344998787,37.866817314306445],[-122.30235850028457,37.86696431421684]]},"properties":{"id":"4679R","street":"UNIVERSITY AVE OVERPASS","side":"R","pavement_ft":36,"width_ft":35.3,"width_source":"default","path_ft":10,"depth_ft":20.8,"zone":"MULI","district":"Mixed Use-Light Industrial","cat":"man","zone_dist_m":11.4,"campable_zone":true,"count":0,"placement":null}},{"type":"Feature","geometry":{"type":"LineString","coordinates":[[-122.30239239301353,37.867059485858256],[-122.30212739285656,37.86712048589539]]},"properties":{"id":"4680L","street":"UNIVERSITY AVE OVERPASS","side":"L","pavement_ft":36,"width_ft":38.9,"width_source":"default","path_ft":10,"depth_ft":24.4,"zone":"MULI","district":"Mixed Use-Light Industrial","cat":"man","zone_dist_m":13.1,"campable_zone":true,"count":0,"placement":null}},{"type":"Feature","geometry":{"type":"LineString","coordinates":[[-122.30235760700836,37.866964514139],[-122.30209260716532,37.867025514101876]]},"properties":{"id":"4680R","street":"UNIVERSITY AVE OVERPASS","side":"R","pavement_ft":36,"width_ft":26.4,"width_source":"default","path_ft":10,"depth_ft":11.9,"zone":"MULI","district":"Mixed Use-Light Industrial","cat":"man","zone_dist_m":8.1,"campable_zone":true,"count":0,"placement":null}},{"type":"Feature","geometry":{"type":"LineString","coordinates":[[-122.30212468754323,37.867121056762755],[-122.30083868675196,37.867368056913435]]},"properties":{"id":"4681L","street":"UNIVERSITY AVE OVERPASS","side":"L","pavement_ft":36,"width_ft":38.9,"width_source":"default","path_ft":10,"depth_ft":24.4,"zone":"MULI","district":"Mixed Use-Light Industrial","cat":"man","zone_dist_m":13.3,"campable_zone":true,"count":8,"placement":"building"}},{"type":"Feature","geometry":{"type":"LineString","coordinates":[[-122.30209531247539,37.8670249432352],[-122.30080931326667,37.86727194308454]]},"properties":{"id":"4681R","street":"UNIVERSITY AVE OVERPASS","side":"R","pavement_ft":36,"width_ft":22.8,"width_source":"default","path_ft":10,"depth_ft":8.3,"zone":"MULI","district":"Mixed Use-Light Industrial","cat":"man","zone_dist_m":6.9,"campable_zone":true,"count":7,"placement":"building"}},{"type":"Feature","geometry":{"type":"LineString","coordinates":[[-122.3008097537144,37.867271859831696],[-122.29982575432314,37.86745485972009]]},"properties":{"id":"4682R","street":"UNIVERSITY AVE OVERPASS","side":"R","pavement_ft":36,"width_ft":34.0,"width_source":"default","path_ft":10,"depth_ft":19.5,"zone":"C-W","district":"West Berkeley Commercial","cat":"com","zone_dist_m":9.1,"campable_zone":true,"count":0,"placement":null}},{"type":"Feature","geometry":{"type":"LineString","coordinates":[[-122.29982449407547,37.8674551050816],[-122.29878249470991,37.86766710495231]]},"properties":{"id":"4683R","street":"UNIVERSITY AVE OVERPASS","side":"R","pavement_ft":36,"width_ft":36.0,"width_source":"default","path_ft":10,"depth_ft":21.5,"zone":"C-W","district":"West Berkeley Commercial","cat":"com","zone_dist_m":10.8,"campable_zone":true,"count":0,"placement":null}},{"type":"Feature","geometry":{"type":"LineString","coordinates":[[-122.29878188701362,37.86766723117718],[-122.29772988764877,37.86789023104124]]},"properties":{"id":"4684R","street":"UNIVERSITY AVE OVERPASS","side":"R","pavement_ft":36,"width_ft":22.8,"width_source":"default","path_ft":10,"depth_ft":8.3,"zone":"C-W","district":"West Berkeley Commercial","cat":"com","zone_dist_m":8.5,"campable_zone":true,"count":0,"placement":null}},{"type":"Feature","geometry":{"type":"LineString","coordinates":[[-122.29775723527854,37.8680644169664],[-122.29766523518971,37.86806541696648]]},"properties":{"id":"4686L","street":"UNIVERSITY AVE","side":"L","pavement_ft":52,"width_ft":38.3,"width_source":"gis","path_ft":10,"depth_ft":23.8,"zone":"C-W","district":"West Berkeley Commercial","cat":"com","zone_dist_m":14.0,"campable_zone":true,"count":0,"placement":null}},{"type":"Feature","geometry":{"type":"LineString","coordinates":[[-122.29775476472277,37.86792158303273],[-122.29766276481159,37.86792258303267]]},"properties":{"id":"4686R","street":"UNIVERSITY AVE","side":"R","pavement_ft":52,"width_ft":35.9,"width_source":"gis","path_ft":10,"depth_ft":21.4,"zone":"C-W","district":"West Berkeley Commercial","cat":"com","zone_dist_m":11.2,"campable_zone":true,"count":0,"placement":null}},{"type":"Feature","geometry":{"type":"LineString","coordinates":[[-122.30254783248051,37.865874610601566],[-122.30263033926065,37.86588836173359],[-122.30268336107494,37.86588680226804],[-122.30272086963748,37.86587853767096],[-122.30277184239367,37.8658414665861],[-122.30282806605726,37.86578345808359],[-122.3028607307533,37.86573282786557],[-122.30287148229372,37.8656732811438],[-122.30286876017709,37.86560704161224],[-122.302779541953,37.86506974693166],[-122.3027629799585,37.865012215631296],[-122.3027416976668,37.86497986650826]]},"properties":{"id":"4687L","street":"EASTSHORE PEDESTRIAN OVRPAS","side":"L","pavement_ft":36,"width_ft":23.0,"width_source":"default","path_ft":10,"depth_ft":8.5,"zone":"U","district":"Unclassified","cat":"other","zone_dist_m":0.0,"campable_zone":false,"count":0,"placement":null}},{"type":"Feature","geometry":{"type":"LineString","coordinates":[[-122.3025221675022,37.865971389396485],[-122.30261216755815,37.86598638940673],[-122.30261970051455,37.8659872684112],[-122.30262731244399,37.86598741321783],[-122.30269531248939,37.86598541321696],[-122.30270257303268,37.86598486134933],[-122.30270970266756,37.86598364131805],[-122.30276870270285,37.86597064131012],[-122.30277428407575,37.86596918374342],[-122.30277966764984,37.865967316239235],[-122.30278480563925,37.865965055373984],[-122.30278965243795,37.865962421215634],[-122.30279416502466,37.86595943714562],[-122.30286016503055,37.86591143712233],[-122.30286398447477,37.86590840758614],[-122.30286745887129,37.86590512737406],[-122.3029304588543,37.86584012734777],[-122.30293371404238,37.865836431612465],[-122.30293653118073,37.86583251623269],[-122.30297653114697,37.86577051621372],[-122.30297931789293,37.86576553804713],[-122.30298139713014,37.865760347110395],[-122.30298274363362,37.86575500637962],[-122.30299574357497,37.8656830063723],[-122.30299627924603,37.86567870845252],[-122.30299633980546,37.8656743898708],[-122.30299333974398,37.86560138987178],[-122.30299283929563,37.86559654635743],[-122.30290283884904,37.86505454639972],[-122.30290180881673,37.86504999787238],[-122.302882808765,37.86498399788157],[-122.30288140234494,37.86497992339359],[-122.30287956238716,37.864975958939766],[-122.30287730232035,37.86497213345396],[-122.30285230229929,37.86493413346533]]},"properties":{"id":"4687R","street":"EASTSHORE PEDESTRIAN OVRPAS","side":"R","pavement_ft":36,"width_ft":17.4,"width_source":"default","path_ft":10,"depth_ft":2.9,"zone":"U","district":"Unclassified","cat":"other","zone_dist_m":9.0,"campable_zone":false,"count":0,"placement":null}},{"type":"Feature","geometry":{"type":"LineString","coordinates":[[-122.302848541859,37.86495167987237],[-122.30289354204724,37.865225679854774],[-122.30289394940154,37.86522965522825],[-122.30289387004429,37.86523364320096],[-122.30287601222162,37.865453891588714],[-122.3028819659962,37.86567913673645],[-122.3028818548089,37.86568282846438],[-122.3028813271602,37.86568649747616],[-122.30288038728769,37.86569011430486],[-122.30287904273975,37.86569364990266],[-122.30284804278003,37.86576364991581],[-122.3028451714459,37.86576892462612],[-122.30280017147689,37.865837924643856],[-122.30279792410522,37.86584103169034],[-122.30279534488467,37.865843972286406],[-122.30279245330132,37.86584672421571],[-122.30278927120122,37.86584926668726],[-122.30271827119631,37.86590126670822],[-122.30271433265948,37.865903877604836],[-122.3027100884278,37.86590616773378],[-122.30270557990981,37.86590811475158],[-122.30260357986994,37.86594711477051],[-122.30259854108937,37.865948788651146],[-122.30250354104551,37.86597578866469],[-122.30249835932999,37.86597702416269],[-122.30249304367172,37.86597782590411],[-122.30248765167852,37.86597818520018],[-122.30248224178543,37.86597809815707],[-122.30239524173746,37.86597309815385],[-122.30239038467653,37.86597263603448],[-122.30238560392844,37.86597181396947],[-122.30238094184017,37.86597063924053],[-122.30237643970749,37.86596912225316],[-122.30223243965291,37.8659141222254],[-122.30222762346612,37.86591202723938],[-122.30222311309117,37.86590954097912],[-122.30221895891155,37.86590669121756],[-122.3021219589096,37.865832691188196],[-122.30211882812968,37.865830084599246],[-122.30211599621455,37.86582727136646],[-122.30211348477052,37.865824272953624],[-122.3021113129588,37.86582111223731],[-122.30206131299829,37.86574011221812]]},"properties":{"id":"4688L","street":"BOLIVAR DR","side":"L","pavement_ft":30,"width_ft":9.9,"width_source":"default","path_ft":6,"depth_ft":-0.6,"zone":"U","district":"Unclassified","cat":"other","zone_dist_m":0.0,"campable_zone":false,"count":0,"placement":null}},{"type":"Feature","geometry":{"type":"LineString","coordinates":[[-122.3027454581339,37.864962320104965],[-122.30278980609575,37.86523235107784],[-122.30277212980505,37.865450356766864],[-122.30277203416239,37.86545386323954],[-122.3027778366529,37.86567339664734],[-122.30275116043447,37.8657336331762],[-122.30271202205095,37.86579364531111],[-122.30265342956008,37.86583655810632],[-122.30256088398126,37.86587194317459],[-122.30247880071607,37.86589527210507],[-122.302412637111,37.86589146959908],[-122.30228505035596,37.865842738551834],[-122.30220065337002,37.86577835324721],[-122.30215468697912,37.86570388776308]]},"properties":{"id":"4688R","street":"BOLIVAR DR","side":"R","pavement_ft":30,"width_ft":38.3,"width_source":"default","path_ft":10,"depth_ft":23.8,"zone":"U","district":"Unclassified","cat":"other","zone_dist_m":0.0,"campable_zone":false,"count":0,"placement":null}},{"type":"Feature","geometry":{"type":"LineString","coordinates":[[-122.3028446665033,37.86492510908538],[-122.30277866649098,37.86486310911165],[-122.30277386444679,37.864859079860935],[-122.30271786444902,37.86481707988108]]},"properties":{"id":"4689R","street":"EASTSHORE PEDESTRIAN OVRPAS","side":"R","pavement_ft":36,"width_ft":17.9,"width_source":"default","path_ft":10,"depth_ft":3.4,"zone":"U","district":"Unclassified","cat":"other","zone_dist_m":0.0,"campable_zone":false,"count":0,"placement":null}},{"type":"Feature","geometry":{"type":"LineString","coordinates":[[-122.30272976591785,37.86482933613787],[-122.3027002841824,37.86478645366334],[-122.30269051518286,37.86475784451927],[-122.30269121256543,37.8647257636772],[-122.3027096721247,37.86467760820344],[-122.30273050661438,37.86464843988992],[-122.30277243863851,37.86462130739109]]},"properties":{"id":"4690R","street":"EASTSHORE PEDESTRIAN OVRPAS","side":"R","pavement_ft":36,"width_ft":34.0,"width_source":"default","path_ft":10,"depth_ft":19.5,"zone":"U","district":"Unclassified","cat":"other","zone_dist_m":0.0,"campable_zone":false,"count":0,"placement":null}},{"type":"Feature","geometry":{"type":"LineString","coordinates":[[-122.30270956462496,37.864537175931844],[-122.30282156456633,37.86450117595327]]},"properties":{"id":"4691L","street":"EASTSHORE PEDESTRIAN OVRPAS","side":"L","pavement_ft":36,"width_ft":10.2,"width_source":"default","path_ft":6,"depth_ft":-0.3,"zone":"U","district":"Unclassified","cat":"other","zone_dist_m":0.0,"campable_zone":false,"count":0,"placement":null}},{"type":"Feature","geometry":{"type":"LineString","coordinates":[[-122.30275643540367,37.86462882406344],[-122.30286843546233,37.864592824041985]]},"properties":{"id":"4691R","street":"EASTSHORE PEDESTRIAN OVRPAS","side":"R","pavement_ft":36,"width_ft":14.5,"width_source":"default","path_ft":10,"depth_ft":0.0,"zone":"U","district":"Unclassified","cat":"other","zone_dist_m":2.0,"campable_zone":false,"count":0,"placement":null}},{"type":"Feature","geometry":{"type":"LineString","coordinates":[[-122.30290669103509,37.86453971360074],[-122.30307169175353,37.865417713522405]]},"properties":{"id":"4692L","street":"I80 EAST (OFF RAMP) UNIV","side":"L","pavement_ft":36,"width_ft":36.2,"width_source":"default","path_ft":10,"depth_ft":21.7,"zone":"U","district":"Unclassified","cat":"other","zone_dist_m":14.3,"campable_zone":false,"count":0,"placement":null}},{"type":"Feature","geometry":{"type":"LineString","coordinates":[[-122.30278330895327,37.864554286366776],[-122.3029483082348,37.865432286445134]]},"properties":{"id":"4692R","street":"I80 EAST (OFF RAMP) UNIV","side":"R","pavement_ft":36,"width_ft":2.5,"width_source":"default","path_ft":6,"depth_ft":-8.0,"zone":"U","district":"Unclassified","cat":"other","zone_dist_m":3.3,"campable_zone":false,"count":0,"placement":null}},{"type":"Feature","geometry":{"type":"LineString","coordinates":[[-122.3028250763884,37.864500143361326],[-122.30294107632268,37.864469143380084]]},"properties":{"id":"4693L","street":"EASTSHORE PEDESTRIAN OVRPAS","side":"L","pavement_ft":36,"width_ft":28.6,"width_source":"default","path_ft":10,"depth_ft":14.1,"zone":"U","district":"Unclassified","cat":"other","zone_dist_m":9.3,"campable_zone":false,"count":0,"placement":null}},{"type":"Feature","geometry":{"type":"LineString","coordinates":[[-122.30286492363643,37.86459385663517],[-122.30298092370217,37.864562856616445]]},"properties":{"id":"4693R","street":"EASTSHORE PEDESTRIAN OVRPAS","side":"R","pavement_ft":36,"width_ft":35.5,"width_source":"default","path_ft":10,"depth_ft":21.0,"zone":"U","district":"Unclassified","cat":"other","zone_dist_m":12.0,"campable_zone":false,"count":0,"placement":null}},{"type":"Feature","geometry":{"type":"LineString","coordinates":[[-122.30242355670471,37.86298899265808],[-122.30285955468091,37.86453399300926]]},"properties":{"id":"4694R","street":"I80 EAST HWY","side":"R","pavement_ft":60,"width_ft":13.1,"width_source":"default","path_ft":6,"depth_ft":2.6,"zone":"U","district":"Unclassified","cat":"other","zone_dist_m":3.3,"campable_zone":false,"count":0,"placement":null}},{"type":"Feature","geometry":{"type":"LineString","coordinates":[[-122.30554657372507,37.86628383441513],[-122.30552057364163,37.86614283442404],[-122.3055199188214,37.866140056384516],[-122.30551898895357,37.86613732809301],[-122.30543998884784,37.86593732812048],[-122.3054380173338,37.865933235962565],[-122.30537501728472,37.86582323598375],[-122.3053726430267,37.86581964672196],[-122.30536977107025,37.865816293839345],[-122.30528577105203,37.86572929386439],[-122.30528165394175,37.865725590949445],[-122.30515265394178,37.865624590983714],[-122.30515013837696,37.865622765281245],[-122.30491813839912,37.86546676533818],[-122.30491621933001,37.86546554476991],[-122.30391542321584,37.86486386989434],[-122.3037886862612,37.864766156702636],[-122.30371266086132,37.86468823070662],[-122.30365128350377,37.8646015230733]]},"properties":{"id":"4699R","street":"W FRONTAGE RD","side":"R","pavement_ft":26,"width_ft":15.7,"width_source":"gis","path_ft":10,"depth_ft":1.2,"zone":"SP","district":"Specific Plan (Waterfront)","cat":"other","zone_dist_m":29.1,"campable_zone":false,"count":0,"placement":null}},{"type":"Feature","geometry":{"type":"LineString","coordinates":[[-122.30357240364998,37.86463602744159],[-122.3035594036573,37.86461702743735],[-122.30355680866327,37.86461251166625],[-122.30348980873366,37.86447051164321],[-122.30348861979523,37.86446762278026],[-122.30345861984152,37.8643826227698]]},"properties":{"id":"4700L","street":"W FRONTAGE RD","side":"L","pavement_ft":26,"width_ft":35.6,"width_source":"gis","path_ft":10,"depth_ft":21.1,"zone":"SP","district":"Specific Plan (Waterfront)","cat":"other","zone_dist_m":36.1,"campable_zone":false,"count":0,"placement":null}},{"type":"Feature","geometry":{"type":"LineString","coordinates":[[-122.30365159633195,37.864601972544854],[-122.30364009217756,37.86458515879452],[-122.30357486330985,37.86444691270343],[-122.30354538014745,37.86436337721408]]},"properties":{"id":"4700R","street":"W FRONTAGE RD","side":"R","pavement_ft":26,"width_ft":9.8,"width_source":"gis","path_ft":6,"depth_ft":-0.7,"zone":"SP","district":"Specific Plan (Waterfront)","cat":"other","zone_dist_m":28.2,"campable_zone":false,"count":0,"placement":null}},{"type":"Feature","geometry":{"type":"LineString","coordinates":[[-122.3172234852728,37.86592892626248],[-122.31735148558336,37.86633192620051]]},"properties":{"id":"4708L","street":"BYC GUEST DOCK","side":"L","pavement_ft":36,"width_ft":12.9,"width_source":"default","path_ft":6,"depth_ft":2.4,"zone":"U","district":"Unclassified","cat":"other","zone_dist_m":0.1,"campable_zone":false,"count":0,"placement":null}},{"type":"Feature","geometry":{"type":"LineString","coordinates":[[-122.31739327384047,37.86592882366686],[-122.3173792738356,37.86593582367072],[-122.31737338467549,37.8659384266671],[-122.31736717549924,37.86594051049601],[-122.31736071886701,37.865942050805906],[-122.31717371875199,37.86597805082789]]},"properties":{"id":"4709L","street":"O DOCK","side":"L","pavement_ft":36,"width_ft":23.3,"width_source":"default","path_ft":10,"depth_ft":8.8,"zone":"U","district":"Unclassified","cat":"other","zone_dist_m":0.0,"campable_zone":false,"count":0,"placement":null}},{"type":"Feature","geometry":{"type":"LineString","coordinates":[[-122.31732672619692,37.86584517632381],[-122.31732136086939,37.865847858987394],[-122.31714428126668,37.86588194917006]]},"properties":{"id":"4709R","street":"O DOCK","side":"R","pavement_ft":36,"width_ft":16.4,"width_source":"default","path_ft":10,"depth_ft":1.9,"zone":"U","district":"Unclassified","cat":"other","zone_dist_m":4.1,"campable_zone":false,"count":0,"placement":null}},{"type":"Feature","geometry":{"type":"LineString","coordinates":[[-122.31242052458127,37.86648079557959],[-122.3122935245149,37.866521795604015]]},"properties":{"id":"4711L","street":"H AND I DOCK","side":"L","pavement_ft":36,"width_ft":14.1,"width_source":"default","path_ft":10,"depth_ft":-0.4,"zone":"U","district":"Unclassified","cat":"other","zone_dist_m":1.6,"campable_zone":false,"count":0,"placement":null}},{"type":"Feature","geometry":{"type":"LineString","coordinates":[[-122.31237347544753,37.86638920441564],[-122.31224647551385,37.86643020439122]]},"properties":{"id":"4711R","street":"H AND I DOCK","side":"R","pavement_ft":36,"width_ft":13.3,"width_source":"default","path_ft":6,"depth_ft":2.8,"zone":"U","district":"Unclassified","cat":"other","zone_dist_m":1.6,"campable_zone":false,"count":0,"placement":null}},{"type":"Feature","geometry":{"type":"LineString","coordinates":[[-122.31234450641195,37.86646170659012],[-122.31236150640295,37.86648270659752],[-122.31236509043461,37.86648668627758],[-122.31236915276781,37.866490365867506],[-122.31237365367583,37.86649370938352],[-122.31237854914296,37.86649668412831],[-122.31238379129493,37.86649926101095],[-122.3123893288672,37.86650141483133],[-122.31239510770615,37.86650312452653],[-122.31240107129872,37.86650437337694],[-122.31240716132508,37.86650514916965],[-122.312413318229,37.86650544431796],[-122.31241948180016,37.86650525593549],[-122.31242559176312,37.8665045858645],[-122.31243158836661,37.86650344065784],[-122.312437412968,37.8665018315148],[-122.31262741306752,37.86644083147846]]},"properties":{"id":"4713R","street":"H DOCK","side":"R","pavement_ft":36,"width_ft":39.0,"width_source":"default","path_ft":10,"depth_ft":24.5,"zone":"U","district":"Unclassified","cat":"other","zone_dist_m":11.9,"campable_zone":false,"count":0,"placement":null}},{"type":"Feature","geometry":{"type":"LineString","coordinates":[[-122.31259795838149,37.866399975808505],[-122.31240995828185,37.86645897584374],[-122.31240427772359,37.866460512342414],[-122.31239843717557,37.86646160888279],[-122.31239249072063,37.866462255311006],[-122.31238649342221,37.86646244564124],[-122.3123805008147,37.86646217811105],[-122.31237456838889,37.8664614551977],[-122.31236875107837,37.86646028359534],[-122.31236310275082,37.86645867415287],[-122.31235767570905,37.86645664177348],[-122.31235252020686,37.86645420527685],[-122.31234768398352,37.866451387224615],[-122.3123432118219,37.86644821371161],[-122.3123391451336,37.8664447141242],[-122.31233552157565,37.86644092086815],[-122.31233237470167,37.866436869068544],[-122.31232973365123,37.86643259624455],[-122.31187073418897,37.86558959602924]]},"properties":{"id":"4714L","street":"I DOCK","side":"L","pavement_ft":36,"width_ft":5.7,"width_source":"default","path_ft":6,"depth_ft":-4.8,"zone":"U","district":"Unclassified","cat":"other","zone_dist_m":1.5,"campable_zone":false,"count":0,"placement":null}},{"type":"Feature","geometry":{"type":"LineString","coordinates":[[-122.31233831991393,37.86645176296245],[-122.31232831992926,37.86642976295768]]},"properties":{"id":"4715L","street":"I DOCK","side":"L","pavement_ft":36,"width_ft":8.9,"width_source":"default","path_ft":6,"depth_ft":-1.6,"zone":"U","district":"Unclassified","cat":"other","zone_dist_m":2.2,"campable_zone":false,"count":0,"placement":null}},{"type":"Feature","geometry":{"type":"LineString","coordinates":[[-122.31801163743185,37.8682990911211],[-122.31807763743652,37.86825009109755]]},"properties":{"id":"4722R","street":"OCSC SCHOOL DOCK","side":"R","pavement_ft":36,"width_ft":22.7,"width_source":"default","path_ft":10,"depth_ft":8.2,"zone":"U","district":"Unclassified","cat":"other","zone_dist_m":5.2,"campable_zone":false,"count":0,"placement":null}},{"type":"Feature","geometry":{"type":"LineString","coordinates":[[-122.31808646838532,37.86824193400437],[-122.31810546837745,37.86821993399608],[-122.31810874101072,37.86821570386085],[-122.31811146233012,37.86821123499691],[-122.31811360492857,37.86820657241157],[-122.31811514722737,37.8682017630632],[-122.31811607369369,37.86819685538818],[-122.31811637499689,37.868191898813244],[-122.31811604810264,37.86818694325754],[-122.31811509630326,37.86818203862998],[-122.31811352918476,37.868177234326545],[-122.31811136253015,37.8681725787328],[-122.3181086181606,37.86816811873659],[-122.31810532371551,37.86816389925588],[-122.31810151237435,37.86815996278629],[-122.31809722252233,37.86815634897313],[-122.31807622252285,37.868140348980766]]},"properties":{"id":"4723R","street":"OCSC SCHOOL DOCK","side":"R","pavement_ft":36,"width_ft":25.5,"width_source":"default","path_ft":10,"depth_ft":11.0,"zone":"U","district":"Unclassified","cat":"other","zone_dist_m":3.2,"campable_zone":false,"count":0,"placement":null}},{"type":"Feature","geometry":{"type":"LineString","coordinates":[[-122.31808187939988,37.86820671765612],[-122.31810387939476,37.86818471764705]]},"properties":{"id":"4724R","street":"OCSC SCHOOL DOCK","side":"R","pavement_ft":36,"width_ft":24.9,"width_source":"default","path_ft":10,"depth_ft":10.4,"zone":"U","district":"Unclassified","cat":"other","zone_dist_m":4.8,"campable_zone":false,"count":0,"placement":null}},{"type":"Feature","geometry":{"type":"LineString","coordinates":[[-122.31807385128339,37.86739048173058],[-122.31808085127952,37.86738848173179],[-122.31808750289203,37.8673869067944],[-122.31809433407362,37.867385927566446],[-122.31810126020957,37.86738555617718],[-122.31842025999639,37.86738255617712],[-122.31842595810022,37.86738270916206],[-122.31843161477937,37.86738327397043],[-122.31843718277248,37.86738424588331],[-122.31844261555918,37.86738561678037],[-122.31844786774879,37.867387375207834],[-122.31848486773181,37.867401375199336]]},"properties":{"id":"4725L","street":"FUEL DOCK","side":"L","pavement_ft":36,"width_ft":29.7,"width_source":"default","path_ft":10,"depth_ft":15.2,"zone":"U","district":"Unclassified","cat":"other","zone_dist_m":9.3,"campable_zone":false,"count":0,"placement":null}},{"type":"Feature","geometry":{"type":"LineString","coordinates":[[-122.3181127186049,37.86748434999092],[-122.31840722895173,37.86748158030874],[-122.31843113223549,37.86749062479389]]},"properties":{"id":"4725R","street":"FUEL DOCK","side":"R","pavement_ft":36,"width_ft":25.3,"width_source":"default","path_ft":10,"depth_ft":10.8,"zone":"U","district":"Unclassified","cat":"other","zone_dist_m":9.7,"campable_zone":false,"count":0,"placement":null}},{"type":"Feature","geometry":{"type":"LineString","coordinates":[[-122.30006406348018,37.84643211050954],[-122.30026806342156,37.84654211044897],[-122.30027220084447,37.84654454553743],[-122.30027607061966,37.846547243177966],[-122.30047807061344,37.84670024310491],[-122.30048203527332,37.8467035358486],[-122.30048560122592,37.846707103783835],[-122.3006636012928,37.84690310370895],[-122.30066623328607,37.84690624832433],[-122.3006685551477,37.84690954296649],[-122.30082155528211,37.84714754289651],[-122.30082409039248,37.84715202329813],[-122.30091809052097,37.8473430232536],[-122.30091996180698,37.847347425891535],[-122.30092130374408,37.84735194836327],[-122.30097930394244,37.847598948335396],[-122.30098004601007,37.84760306269906],[-122.30098034972204,37.847607211944904],[-122.30098434988966,37.84780621194448],[-122.30098435563802,37.84780741270259],[-122.30098235579798,37.8479974127052],[-122.30098185551434,37.84800326448481],[-122.30098048494924,37.84800902812594],[-122.30087554754387,37.84834083106208],[-122.30060383464556,37.84923089297733],[-122.30054903203644,37.849438147122626],[-122.30054874739456,37.84943916956479],[-122.30040574777189,37.84992816964138],[-122.30040547881563,37.849929052433275],[-122.30027647912506,37.850336052501795],[-122.30027414141547,37.85034187775545],[-122.30021469510382,37.850463432375534],[-122.30023798955528,37.850528496026314],[-122.30023938522545,37.85053329085462],[-122.30024017295048,37.850538171936456],[-122.30024034492882,37.85054309093073],[-122.30023989945715,37.85054799912083],[-122.30023884094716,37.85055284789715],[-122.30021984099912,37.850619847907346],[-122.30021946162688,37.85062110830383],[-122.30013470375972,37.850887209278845],[-122.30010839540421,37.85113178144691],[-122.30011232755707,37.85136966456925],[-122.3001338784082,37.851579293864674],[-122.3001852349154,37.851790644916],[-122.30018622749685,37.85179676419867],[-122.30019722760835,37.85192976419403],[-122.30019735481295,37.85193371203938],[-122.30019708428765,37.851937655343086],[-122.30018408437802,37.85204665535076],[-122.30018341199288,37.852050595297015],[-122.3001823425726,37.85205447967387],[-122.3001608717391,37.85211975117886],[-122.30030820236664,37.85274050196592],[-122.30046894419803,37.85336749292731],[-122.30070070881594,37.85416068511384],[-122.3008636628216,37.854702530694325],[-122.30086393404625,37.85470347329883],[-122.3020269128655,37.8589353835238],[-122.30295367623292,37.862248527831945],[-122.30326743212122,37.86322276735483],[-122.30326768593048,37.863223584384265],[-122.30356347778373,37.864211886215806],[-122.30360924351488,37.864347193267015]]},"properties":{"id":"4728L","street":"TRAIL","side":"L","pavement_ft":36,"width_ft":7.2,"width_source":"default","path_ft":6,"depth_ft":-3.3,"zone":null,"district":null,"cat":null,"zone_dist_m":null,"campable_zone":false,"count":0,"placement":null}},{"type":"Feature","geometry":{"type":"LineString","coordinates":[[-122.29999393648089,37.84651388947934],[-122.30019366483201,37.84662158617456],[-122.3003877644828,37.84676860231335],[-122.30055961115798,37.84695782688357],[-122.30070903667635,37.84719026684723],[-122.30079977232323,37.84737463425995],[-122.30085573402724,37.847612954770845],[-122.30085963804267,37.847807187671094],[-122.30085770627332,37.84799069110088],[-122.30075451481841,37.84831697178738],[-122.30075439217892,37.84831736642604],[-122.30048239149669,37.84920836628099],[-122.30048196814379,37.849209852875646],[-122.30042710347615,37.84941734043011],[-122.3002843816135,37.849905387952255],[-122.30015646226269,37.85030897744102],[-122.30009085852265,37.85044312218251],[-122.30008902684031,37.850447450500056],[-122.3000877064253,37.85045189432637],[-122.30008690853415,37.85045641577813],[-122.30008663996894,37.850460976310245],[-122.30008690301925,37.85046553704445],[-122.30008769544273,37.85047005910076],[-122.30008901048407,37.85047450392889],[-122.30011368185814,37.85054341379682],[-122.30009833829166,37.850597519892354],[-122.30001253818833,37.85086689161963],[-122.30001149931486,37.85087081770496],[-122.30001086522564,37.850874797644494],[-122.29998386501694,37.851125797628356],[-122.29998364475378,37.8511306479936],[-122.29998764454992,37.85137264799367],[-122.29998784535044,37.85137601736787],[-122.30000984517163,37.85159001737758],[-122.30001076524088,37.85159535502697],[-122.30006202758273,37.851806320008066],[-122.30007244568758,37.851932285649326],[-122.30006038886063,37.852033376796065],[-122.30003665739088,37.85210552028213],[-122.3000352916809,37.852110862383405],[-122.30003467581525,37.85211629121711],[-122.30003481727778,37.852121740815186],[-122.30003571434969,37.852127144957194],[-122.30018571384257,37.852759145029324],[-122.30018588785163,37.85275984997279],[-122.30034688735198,37.8533878500504],[-122.300347246621,37.853389160169044],[-122.30057924600057,37.85418316028118],[-122.30057933758164,37.85418346919542],[-122.30074219573699,37.85472499902301],[-122.30190506259932,37.85895652723108],[-122.3019051120512,37.858956705586124],[-122.30283210944368,37.862270706034],[-122.30283256860862,37.8622722324621],[-122.30314643657083,37.86324682495514],[-122.3034423132811,37.86423541572739],[-122.30344275656823,37.864236806679685],[-122.30348875646473,37.864372806701915]]},"properties":{"id":"4728R","street":"TRAIL","side":"R","pavement_ft":36,"width_ft":28.4,"width_source":"default","path_ft":10,"depth_ft":13.9,"zone":"U","district":"Unclassified","cat":"other","zone_dist_m":58.2,"campable_zone":false,"count":0,"placement":null}},{"type":"Feature","geometry":{"type":"LineString","coordinates":[[-122.30348145359257,37.864326312712514],[-122.30352845356626,37.86431331272036]]},"properties":{"id":"4729L","street":"EASTSHORE PEDESTRIAN OVRPAS","side":"L","pavement_ft":36,"width_ft":19.5,"width_source":"default","path_ft":10,"depth_ft":5.0,"zone":"SP","district":"Specific Plan (Waterfront)","cat":"other","zone_dist_m":31.4,"campable_zone":false,"count":0,"placement":null}},{"type":"Feature","geometry":{"type":"LineString","coordinates":[[-122.30352254643297,37.86441968728378],[-122.30356954645929,37.864406687275924]]},"properties":{"id":"4729R","street":"EASTSHORE PEDESTRIAN OVRPAS","side":"R","pavement_ft":36,"width_ft":16.4,"width_source":"default","path_ft":10,"depth_ft":1.9,"zone":"SP","district":"Specific Plan (Waterfront)","cat":"other","zone_dist_m":30.3,"campable_zone":false,"count":0,"placement":null}},{"type":"Feature","geometry":{"type":"LineString","coordinates":[[-122.30360927016524,37.86434727232043],[-122.30365064933065,37.86447042430233],[-122.30367934430959,37.86453521930078],[-122.30372223234151,37.86460002780575]]},"properties":{"id":"4730L","street":"TRAIL","side":"L","pavement_ft":36,"width_ft":7.9,"width_source":"default","path_ft":6,"depth_ft":-2.6,"zone":"SP","district":"Specific Plan (Waterfront)","cat":"other","zone_dist_m":22.8,"campable_zone":false,"count":0,"placement":null}},{"type":"Feature","geometry":{"type":"LineString","coordinates":[[-122.3034887298145,37.86437272764848],[-122.30353072971923,37.864497727668784],[-122.30353214976081,37.864501380124466],[-122.30356314971152,37.86457138013929],[-122.30356676766192,37.864577972147416],[-122.30361176762446,37.86464597216791]]},"properties":{"id":"4730R","street":"TRAIL","side":"R","pavement_ft":36,"width_ft":28.3,"width_source":"default","path_ft":10,"depth_ft":13.8,"zone":"SP","district":"Specific Plan (Waterfront)","cat":"other","zone_dist_m":33.7,"campable_zone":false,"count":0,"placement":null}},{"type":"Feature","geometry":{"type":"LineString","coordinates":[[-122.30372088516664,37.8645980979665],[-122.30376925883587,37.86466388609342],[-122.30383623102516,37.864736517850645],[-122.30389364969753,37.86478573382974],[-122.30395517769361,37.86482488799401],[-122.30500128729773,37.865443361383385]]},"properties":{"id":"4731L","street":"TRAIL","side":"L","pavement_ft":36,"width_ft":3.2,"width_source":"default","path_ft":6,"depth_ft":-7.3,"zone":"SP","district":"Specific Plan (Waterfront)","cat":"other","zone_dist_m":23.6,"campable_zone":false,"count":0,"placement":null}},{"type":"Feature","geometry":{"type":"LineString","coordinates":[[-122.30361311479734,37.86464790200838],[-122.30366311476396,37.86471590203065],[-122.30366664693324,37.86472018074853],[-122.30373764690788,37.86479718077827],[-122.30374221050099,37.8648015749042],[-122.30380521049537,37.86485557492835],[-122.30380846698644,37.86485816689931],[-122.30381195629052,37.86486056090371],[-122.30387795630207,37.864902560925444],[-122.30387971242358,37.86490363827425],[-122.3049267126622,37.86552263860413]]},"properties":{"id":"4731R","street":"TRAIL","side":"R","pavement_ft":36,"width_ft":32.8,"width_source":"default","path_ft":10,"depth_ft":18.3,"zone":"SP","district":"Specific Plan (Waterfront)","cat":"other","zone_dist_m":34.6,"campable_zone":false,"count":0,"placement":null}},{"type":"Feature","geometry":{"type":"LineString","coordinates":[[-122.30565621263364,37.86635288162279],[-122.30561045519872,37.866364892958465],[-122.30560536243733,37.86636980383952]]},"properties":{"id":"4732L","street":"UNIVERSITY AVE","side":"L","pavement_ft":72,"width_ft":34.4,"width_source":"gis","path_ft":10,"depth_ft":19.9,"zone":"SP","district":"Specific Plan (Waterfront)","cat":"other","zone_dist_m":30.5,"campable_zone":false,"count":0,"placement":null}},{"type":"Feature","geometry":{"type":"LineString","coordinates":[[-122.30557778746422,37.86616511836364],[-122.30549778755544,37.866186118338206],[-122.30548686517689,37.86618944365868],[-122.30547638382143,37.86619356558182],[-122.30546643569083,37.866198447848156],[-122.30545710829644,37.8662040475096],[-122.30544848368902,37.86621031530741],[-122.30544063773733,37.866217196105296],[-122.30541263772663,37.86624419608255]]},"properties":{"id":"4732R","street":"UNIVERSITY AVE","side":"R","pavement_ft":72,"width_ft":25.7,"width_source":"gis","path_ft":10,"depth_ft":11.2,"zone":"SP","district":"Specific Plan (Waterfront)","cat":"other","zone_dist_m":52.3,"campable_zone":false,"count":0,"placement":null}},{"type":"Feature","geometry":{"type":"LineString","coordinates":[[-122.28304438321628,37.85562261648839],[-122.2821543826491,37.85575361656764]]},"properties":{"id":"5010L","street":"OREGON ST","side":"L","pavement_ft":36,"width_ft":11.0,"width_source":"gis","path_ft":6,"depth_ft":0.5,"zone":"R-1","district":"Multi-Unit 1","cat":"res","zone_dist_m":4.7,"campable_zone":false,"count":0,"placement":null}},{"type":"Feature","geometry":{"type":"LineString","coordinates":[[-122.2830216167982,37.85552538351026],[-122.28213161736537,37.85565638343101]]},"properties":{"id":"5010R","street":"OREGON ST","side":"R","pavement_ft":36,"width_ft":15.7,"width_source":"gis","path_ft":10,"depth_ft":1.2,"zone":"R-1","district":"Multi-Unit 1","cat":"res","zone_dist_m":7.3,"campable_zone":false,"count":0,"placement":null}},{"type":"Feature","geometry":{"type":"LineString","coordinates":[[-122.28431456742919,37.87088494403526],[-122.2841905680262,37.8701189439805]]},"properties":{"id":"5011L","street":"ACTON ST","side":"L","pavement_ft":34,"width_ft":10.8,"width_source":"gis","path_ft":6,"depth_ft":0.3,"zone":"C-U","district":"University Avenue Commercial","cat":"com","zone_dist_m":3.4,"campable_zone":true,"count":0,"placement":null}},{"type":"Feature","geometry":{"type":"LineString","coordinates":[[-122.28443143256192,37.870873055935625],[-122.28430743196488,37.8701070559904]]},"properties":{"id":"5011R","street":"ACTON ST","side":"R","pavement_ft":34,"width_ft":17.5,"width_source":"gis","path_ft":10,"depth_ft":3.0,"zone":"C-U","district":"University Avenue Commercial","cat":"com","zone_dist_m":4.9,"campable_zone":true,"count":0,"placement":null}},{"type":"Feature","geometry":{"type":"LineString","coordinates":[[-122.29351747213934,37.86223309761581],[-122.29239647144783,37.86244509774502]]},"properties":{"id":"5012L","street":"CHANNING WAY","side":"L","pavement_ft":36,"width_ft":10.4,"width_source":"gis","path_ft":6,"depth_ft":-0.1,"zone":"R-2","district":"Multi-Unit 2","cat":"res","zone_dist_m":3.5,"campable_zone":false,"count":0,"placement":null}},{"type":"Feature","geometry":{"type":"LineString","coordinates":[[-122.29348852787903,37.8621369023822],[-122.29236752857052,37.86234890225299]]},"properties":{"id":"5012R","street":"CHANNING WAY","side":"R","pavement_ft":36,"width_ft":13.1,"width_source":"gis","path_ft":6,"depth_ft":2.6,"zone":"R-2","district":"Multi-Unit 2","cat":"res","zone_dist_m":3.6,"campable_zone":false,"count":0,"placement":null}},{"type":"Feature","geometry":{"type":"LineString","coordinates":[[-122.28415523228435,37.863678777158356],[-122.28326023170821,37.86379677722938]]},"properties":{"id":"5025L","street":"CHANNING WAY","side":"L","pavement_ft":36,"width_ft":11.7,"width_source":"gis","path_ft":6,"depth_ft":1.2,"zone":"R-1","district":"Multi-Unit 1","cat":"res","zone_dist_m":4.6,"campable_zone":false,"count":0,"placement":null}},{"type":"Feature","geometry":{"type":"LineString","coordinates":[[-122.28413476772863,37.863581222840466],[-122.28323976830477,37.863699222769476]]},"properties":{"id":"5025R","street":"CHANNING WAY","side":"R","pavement_ft":36,"width_ft":13.1,"width_source":"gis","path_ft":6,"depth_ft":2.6,"zone":"R-2","district":"Multi-Unit 2","cat":"res","zone_dist_m":4.3,"campable_zone":false,"count":0,"placement":null}},{"type":"Feature","geometry":{"type":"LineString","coordinates":[[-122.28833744850324,37.863910990588295],[-122.2881734491487,37.863116990510065]]},"properties":{"id":"5026L","street":"CURTIS ST","side":"L","pavement_ft":36,"width_ft":9.3,"width_source":"gis","path_ft":6,"depth_ft":-1.2,"zone":"R-2","district":"Multi-Unit 2","cat":"res","zone_dist_m":2.7,"campable_zone":false,"count":0,"placement":null}},{"type":"Feature","geometry":{"type":"LineString","coordinates":[[-122.28846055148398,37.863895009379384],[-122.2882965508385,37.863101009457594]]},"properties":{"id":"5026R","street":"CURTIS ST","side":"R","pavement_ft":36,"width_ft":15.5,"width_source":"gis","path_ft":10,"depth_ft":1.0,"zone":"R-2","district":"Multi-Unit 2","cat":"res","zone_dist_m":5.0,"campable_zone":false,"count":0,"placement":null}},{"type":"Feature","geometry":{"type":"LineString","coordinates":[[-122.28419743592754,37.870118204696546],[-122.28404243659139,37.86915320463619]]},"properties":{"id":"5027L","street":"ACTON ST","side":"L","pavement_ft":30,"width_ft":15.1,"width_source":"gis","path_ft":10,"depth_ft":0.6,"zone":"C-U","district":"University Avenue Commercial","cat":"com","zone_dist_m":4.8,"campable_zone":true,"count":0,"placement":null}},{"type":"Feature","geometry":{"type":"LineString","coordinates":[[-122.28430056406557,37.870107795280795],[-122.28414556340174,37.86914279534116]]},"properties":{"id":"5027R","street":"ACTON ST","side":"R","pavement_ft":30,"width_ft":17.8,"width_source":"gis","path_ft":10,"depth_ft":3.3,"zone":"C-U","district":"University Avenue Commercial","cat":"com","zone_dist_m":5.5,"campable_zone":true,"count":0,"placement":null}},{"type":"Feature","geometry":{"type":"LineString","coordinates":[[-122.2968142811291,37.8615619400839],[-122.29566628042822,37.86179194022413]]},"properties":{"id":"5028L","street":"CHANNING WAY","side":"L","pavement_ft":36,"width_ft":10.6,"width_source":"gis","path_ft":6,"depth_ft":0.1,"zone":"MUR","district":"Mixed Use-Residential","cat":"mixres","zone_dist_m":4.5,"campable_zone":true,"count":0,"placement":null}},{"type":"Feature","geometry":{"type":"LineString","coordinates":[[-122.29678371889021,37.8614660599139],[-122.29563571959113,37.861696059773706]]},"properties":{"id":"5028R","street":"CHANNING WAY","side":"R","pavement_ft":36,"width_ft":13.6,"width_source":"gis","path_ft":6,"depth_ft":3.1,"zone":"MUR","district":"Mixed Use-Residential","cat":"mixres","zone_dist_m":4.2,"campable_zone":true,"count":0,"placement":null}},{"type":"Feature","geometry":{"type":"LineString","coordinates":[[-122.30614704570631,37.866226782939584],[-122.30609719910927,37.866236936877044],[-122.30565626897477,37.86635286682142]]},"properties":{"id":"5029L","street":"UNIVERSITY AVE","side":"L","pavement_ft":72,"width_ft":32.3,"width_source":"gis","path_ft":10,"depth_ft":17.8,"zone":"SP","district":"Specific Plan (Waterfront)","cat":"other","zone_dist_m":31.6,"campable_zone":false,"count":0,"placement":null}},{"type":"Feature","geometry":{"type":"LineString","coordinates":[[-122.30608495437228,37.866035217051476],[-122.306030954438,37.866046217038054],[-122.30602273061615,37.86604813330663],[-122.30557773112321,37.86616513316497]]},"properties":{"id":"5029R","street":"UNIVERSITY AVE","side":"R","pavement_ft":72,"width_ft":39.7,"width_source":"gis","path_ft":10,"depth_ft":25.2,"zone":"SP","district":"Specific Plan (Waterfront)","cat":"other","zone_dist_m":44.5,"campable_zone":false,"count":0,"placement":null}},{"type":"Feature","geometry":{"type":"LineString","coordinates":[[-122.28210301696869,37.86211580521198],[-122.2811030163239,37.86224480528949]]},"properties":{"id":"5032L","street":"DWIGHT WAY","side":"L","pavement_ft":36,"width_ft":10.8,"width_source":"gis","path_ft":6,"depth_ft":0.3,"zone":"C-SA","district":"South Area Commercial","cat":"com","zone_dist_m":4.0,"campable_zone":true,"count":0,"placement":null}},{"type":"Feature","geometry":{"type":"LineString","coordinates":[[-122.28208298304402,37.862018194786884],[-122.2810829836888,37.86214719470939]]},"properties":{"id":"5032R","street":"DWIGHT WAY","side":"R","pavement_ft":36,"width_ft":12.1,"width_source":"gis","path_ft":6,"depth_ft":1.6,"zone":"R-2A","district":"Multi-Unit 2A","cat":"res","zone_dist_m":3.5,"campable_zone":false,"count":0,"placement":null}},{"type":"Feature","geometry":{"type":"LineString","coordinates":[[-122.29529863762191,37.860805248592825],[-122.29401663697526,37.860250248184535]]},"properties":{"id":"5035L","street":"DWIGHT CRES","side":"L","pavement_ft":45,"width_ft":14.4,"width_source":"gis","path_ft":10,"depth_ft":-0.1,"zone":"R-2","district":"Multi-Unit 2","cat":"res","zone_dist_m":5.6,"campable_zone":false,"count":0,"placement":null}},{"type":"Feature","geometry":{"type":"LineString","coordinates":[[-122.29537336232289,37.860696751394286],[-122.29409136296952,37.86014175180258]]},"properties":{"id":"5035R","street":"DWIGHT CRES","side":"R","pavement_ft":45,"width_ft":11.5,"width_source":"gis","path_ft":6,"depth_ft":1.0,"zone":"MUR","district":"Mixed Use-Residential","cat":"mixres","zone_dist_m":3.4,"campable_zone":true,"count":0,"placement":null}},{"type":"Feature","geometry":{"type":"LineString","coordinates":[[-122.29616492321021,37.850434523074654],[-122.29607984413958,37.85039432088866],[-122.2960330520056,37.850359226805395],[-122.29576472419448,37.84992441872615],[-122.29560413323384,37.84962589731994],[-122.29547428858164,37.84923636429904]]},"properties":{"id":"5042R","street":"BAY ST","side":"R","pavement_ft":36,"width_ft":30.1,"width_source":"default","path_ft":10,"depth_ft":15.6,"zone":"U","district":"Unclassified","cat":"other","zone_dist_m":10.2,"campable_zone":false,"count":0,"placement":null}},{"type":"Feature","geometry":{"type":"LineString","coordinates":[[-122.28379213104823,37.861896790418626],[-122.28322513068294,37.86197079046313]]},"properties":{"id":"5049L","street":"DWIGHT WAY","side":"L","pavement_ft":36,"width_ft":12.5,"width_source":"gis","path_ft":6,"depth_ft":2.0,"zone":"R-2","district":"Multi-Unit 2","cat":"res","zone_dist_m":4.9,"campable_zone":false,"count":0,"placement":null}},{"type":"Feature","geometry":{"type":"LineString","coordinates":[[-122.2837718689646,37.861799209580234],[-122.2832048693299,37.86187320953574]]},"properties":{"id":"5049R","street":"DWIGHT WAY","side":"R","pavement_ft":36,"width_ft":11.6,"width_source":"gis","path_ft":6,"depth_ft":1.1,"zone":"R-2","district":"Multi-Unit 2","cat":"res","zone_dist_m":4.4,"campable_zone":false,"count":0,"placement":null}},{"type":"Feature","geometry":{"type":"LineString","coordinates":[[-122.2832011797738,37.854327494962924],[-122.28303017966564,37.85435449497931]]},"properties":{"id":"5056L","street":"RUSSELL ST","side":"L","pavement_ft":36,"width_ft":9.6,"width_source":"gis","path_ft":6,"depth_ft":-0.9,"zone":"R-1","district":"Multi-Unit 1","cat":"res","zone_dist_m":6.2,"campable_zone":false,"count":0,"placement":null}},{"type":"Feature","geometry":{"type":"LineString","coordinates":[[-122.28317682024166,37.85423050503559],[-122.28300582034983,37.85425750501921]]},"properties":{"id":"5056R","street":"RUSSELL ST","side":"R","pavement_ft":36,"width_ft":18.2,"width_source":"gis","path_ft":10,"depth_ft":3.7,"zone":"R-1","district":"Multi-Unit 1","cat":"res","zone_dist_m":5.6,"campable_zone":false,"count":0,"placement":null}},{"type":"Feature","geometry":{"type":"LineString","coordinates":[[-122.29151045959684,37.85227390375009],[-122.28971145850142,37.85263890397241]]},"properties":{"id":"5063L","street":"ANTHONY ST","side":"L","pavement_ft":36,"width_ft":2.9,"width_source":"gis","path_ft":6,"depth_ft":-7.6,"zone":"MULI","district":"Mixed Use-Light Industrial","cat":"man","zone_dist_m":2.4,"campable_zone":true,"count":0,"placement":null}},{"type":"Feature","geometry":{"type":"LineString","coordinates":[[-122.29147954042273,37.85217809624771],[-122.28968054151817,37.85254309602535]]},"properties":{"id":"5063R","street":"ANTHONY ST","side":"R","pavement_ft":36,"width_ft":11.8,"width_source":"gis","path_ft":6,"depth_ft":1.3,"zone":"MULI","district":"Mixed Use-Light Industrial","cat":"man","zone_dist_m":4.2,"campable_zone":true,"count":0,"placement":null}},{"type":"Feature","geometry":{"type":"LineString","coordinates":[[-122.29239686788702,37.862445021686746],[-122.29128686720566,37.86266102181841]]},"properties":{"id":"5069L","street":"CHANNING WAY","side":"L","pavement_ft":36,"width_ft":8.4,"width_source":"gis","path_ft":6,"depth_ft":-2.1,"zone":"R-2","district":"Multi-Unit 2","cat":"res","zone_dist_m":4.2,"campable_zone":false,"count":0,"placement":null}},{"type":"Feature","geometry":{"type":"LineString","coordinates":[[-122.29236713213182,37.86234897831116],[-122.2912571328132,37.86256497817952]]},"properties":{"id":"5069R","street":"CHANNING WAY","side":"R","pavement_ft":36,"width_ft":16.2,"width_source":"gis","path_ft":10,"depth_ft":1.7,"zone":"R-2","district":"Multi-Unit 2","cat":"res","zone_dist_m":5.5,"campable_zone":false,"count":0,"placement":null}},{"type":"Feature","geometry":{"type":"LineString","coordinates":[[-122.28861726135631,37.864947773362935],[-122.28759626069922,37.86508277344423]]},"properties":{"id":"5075L","street":"BANCROFT WAY","side":"L","pavement_ft":36,"width_ft":10.5,"width_source":"gis","path_ft":6,"depth_ft":0.0,"zone":"R-2","district":"Multi-Unit 2","cat":"res","zone_dist_m":4.4,"campable_zone":false,"count":0,"placement":null}},{"type":"Feature","geometry":{"type":"LineString","coordinates":[[-122.2885967386567,37.864850226635895],[-122.28757573931381,37.86498522655457]]},"properties":{"id":"5075R","street":"BANCROFT WAY","side":"R","pavement_ft":36,"width_ft":13.4,"width_source":"gis","path_ft":6,"depth_ft":2.9,"zone":"R-2","district":"Multi-Unit 2","cat":"res","zone_dist_m":4.0,"campable_zone":false,"count":0,"placement":null}},{"type":"Feature","geometry":{"type":"LineString","coordinates":[[-122.28787116095116,37.861366786532635],[-122.28732116059693,37.86143878657596]]},"properties":{"id":"5079L","street":"DWIGHT WAY","side":"L","pavement_ft":36,"width_ft":12.3,"width_source":"gis","path_ft":6,"depth_ft":1.8,"zone":"R-2","district":"Multi-Unit 2","cat":"res","zone_dist_m":5.4,"campable_zone":false,"count":0,"placement":null}},{"type":"Feature","geometry":{"type":"LineString","coordinates":[[-122.28785083906178,37.8612692134662],[-122.28730083941598,37.86134121342289]]},"properties":{"id":"5079R","street":"DWIGHT WAY","side":"R","pavement_ft":36,"width_ft":13.0,"width_source":"gis","path_ft":6,"depth_ft":2.5,"zone":"R-2","district":"Multi-Unit 2","cat":"res","zone_dist_m":4.1,"campable_zone":false,"count":0,"placement":null}},{"type":"Feature","geometry":{"type":"LineString","coordinates":[[-122.2890124835277,37.85940242093293],[-122.28884748343715,37.859450420961764],[-122.28884187995995,37.85945181746605],[-122.28883613562799,37.85945278983161],[-122.2869751344293,37.85969578997779]]},"properties":{"id":"5080L","street":"PARKER ST","side":"L","pavement_ft":36,"width_ft":10.5,"width_source":"gis","path_ft":6,"depth_ft":0.0,"zone":"R-1","district":"Multi-Unit 1","cat":"res","zone_dist_m":4.6,"campable_zone":false,"count":0,"placement":null}},{"type":"Feature","geometry":{"type":"LineString","coordinates":[[-122.28896951649887,37.85930957906306],[-122.28881004931928,37.85935596951765],[-122.28695486558352,37.85959821002106]]},"properties":{"id":"5080R","street":"PARKER ST","side":"R","pavement_ft":36,"width_ft":14.1,"width_source":"gis","path_ft":10,"depth_ft":-0.4,"zone":"R-1","district":"Multi-Unit 1","cat":"res","zone_dist_m":4.1,"campable_zone":false,"count":0,"placement":null}},{"type":"Feature","geometry":{"type":"LineString","coordinates":[[-122.28715794327776,37.85366037048382],[-122.28630194274058,37.853804370571375]]},"properties":{"id":"5081L","street":"RUSSELL ST","side":"L","pavement_ft":36,"width_ft":10.5,"width_source":"gis","path_ft":6,"depth_ft":0.0,"zone":"R-1","district":"Multi-Unit 1","cat":"res","zone_dist_m":5.3,"campable_zone":false,"count":0,"placement":null}},{"type":"Feature","geometry":{"type":"LineString","coordinates":[[-122.28713205673868,37.85356362951451],[-122.28627605727587,37.853707629426985]]},"properties":{"id":"5081R","street":"RUSSELL ST","side":"R","pavement_ft":36,"width_ft":15.4,"width_source":"gis","path_ft":10,"depth_ft":0.9,"zone":"C-W","district":"West Berkeley Commercial","cat":"com","zone_dist_m":4.8,"campable_zone":true,"count":0,"placement":null}},{"type":"Feature","geometry":{"type":"LineString","coordinates":[[-122.28395588238405,37.86772146467719],[-122.28357234856783,37.86777127426497],[-122.28342697691672,37.86779996604077],[-122.28336764446016,37.86782788719948],[-122.28326196179569,37.8679132090023],[-122.28325834034592,37.86791576693512],[-122.28319834033826,37.8679527669463]]},"properties":{"id":"5089L","street":"ACTON CIR","side":"L","pavement_ft":21,"width_ft":5.9,"width_source":"gis","path_ft":6,"depth_ft":-4.6,"zone":"R-2","district":"Multi-Unit 2","cat":"res","zone_dist_m":6.1,"campable_zone":false,"count":0,"placement":null}},{"type":"Feature","geometry":{"type":"LineString","coordinates":[[-122.2839441176203,37.867664535322426],[-122.28355911776508,37.867714535304884],[-122.28355620957969,37.86771501031278],[-122.28340420963397,37.867745010302116],[-122.2834008234244,37.86774581904053],[-122.28339755225157,37.86774688456798],[-122.28339442701947,37.86774819681804],[-122.28332642703461,37.86778019680757],[-122.2833238002982,37.86778155765986],[-122.28332133123826,37.867783092868734],[-122.28331903821883,37.86778479101579],[-122.28321174116873,37.86787141613595],[-122.2831536596754,37.867907233049515]]},"properties":{"id":"5089R","street":"ACTON CIR","side":"R","pavement_ft":21,"width_ft":6.5,"width_source":"gis","path_ft":6,"depth_ft":-4.0,"zone":"R-2","district":"Multi-Unit 2","cat":"res","zone_dist_m":2.0,"campable_zone":false,"count":0,"placement":null}},{"type":"Feature","geometry":{"type":"LineString","coordinates":[[-122.29128779599307,37.862660835077875],[-122.29012179528598,37.86290283522532]]},"properties":{"id":"5090L","street":"CHANNING WAY","side":"L","pavement_ft":36,"width_ft":10.0,"width_source":"gis","path_ft":6,"depth_ft":-0.5,"zone":"C-W","district":"West Berkeley Commercial","cat":"com","zone_dist_m":4.3,"campable_zone":true,"count":0,"placement":null}},{"type":"Feature","geometry":{"type":"LineString","coordinates":[[-122.29125620402691,37.862565164919836],[-122.29009020473393,37.86280716477237]]},"properties":{"id":"5090R","street":"CHANNING WAY","side":"R","pavement_ft":36,"width_ft":14.6,"width_source":"gis","path_ft":10,"depth_ft":0.1,"zone":"C-W","district":"West Berkeley Commercial","cat":"com","zone_dist_m":4.4,"campable_zone":true,"count":0,"placement":null}},{"type":"Feature","geometry":{"type":"LineString","coordinates":[[-122.29248734458189,37.855351927104294],[-122.29138434390916,37.85557392723956]]},"properties":{"id":"5096L","street":"GRAYSON ST","side":"L","pavement_ft":36,"width_ft":9.4,"width_source":"gis","path_ft":6,"depth_ft":-1.1,"zone":"MUR","district":"Mixed Use-Residential","cat":"mixres","zone_dist_m":4.4,"campable_zone":true,"count":0,"placement":null}},{"type":"Feature","geometry":{"type":"LineString","coordinates":[[-122.29245665543753,37.85525607289351],[-122.29135365611025,37.855478072758245]]},"properties":{"id":"5096R","street":"GRAYSON ST","side":"R","pavement_ft":36,"width_ft":14.6,"width_source":"gis","path_ft":10,"depth_ft":0.1,"zone":"MUR","district":"Mixed Use-Residential","cat":"mixres","zone_dist_m":4.6,"campable_zone":true,"count":0,"placement":null}},{"type":"Feature","geometry":{"type":"LineString","coordinates":[[-122.28858347311774,37.854206901051604],[-122.28741147240417,37.85444490119655]]},"properties":{"id":"5105L","street":"HEINZ AVE","side":"L","pavement_ft":36,"width_ft":8.3,"width_source":"gis","path_ft":6,"depth_ft":-2.2,"zone":"C-W","district":"West Berkeley Commercial","cat":"com","zone_dist_m":4.4,"campable_zone":true,"count":0,"placement":null}},{"type":"Feature","geometry":{"type":"LineString","coordinates":[[-122.28855252690181,37.85411109894617],[-122.28738052761543,37.854349098801215]]},"properties":{"id":"5105R","street":"HEINZ AVE","side":"R","pavement_ft":36,"width_ft":14.7,"width_source":"gis","path_ft":10,"depth_ft":0.2,"zone":"C-W","district":"West Berkeley Commercial","cat":"com","zone_dist_m":4.4,"campable_zone":true,"count":0,"placement":null}},{"type":"Feature","geometry":{"type":"LineString","coordinates":[[-122.28527929453988,37.86533114140682],[-122.2849072958336,37.863540141249125]]},"properties":{"id":"5109L","street":"WEST ST","side":"L","pavement_ft":32,"width_ft":10.4,"width_source":"gis","path_ft":6,"depth_ft":-0.1,"zone":"R-2","district":"Multi-Unit 2","cat":"res","zone_dist_m":3.1,"campable_zone":false,"count":0,"placement":null}},{"type":"Feature","geometry":{"type":"LineString","coordinates":[[-122.28538870544996,37.86531685856763],[-122.28501670415625,37.86352585872534]]},"properties":{"id":"5109R","street":"WEST ST","side":"R","pavement_ft":32,"width_ft":17.9,"width_source":"gis","path_ft":10,"depth_ft":3.4,"zone":"R-2","district":"Multi-Unit 2","cat":"res","zone_dist_m":5.4,"campable_zone":false,"count":0,"placement":null}},{"type":"Feature","geometry":{"type":"LineString","coordinates":[[-122.28100780544767,37.854592672237224],[-122.2811418053638,37.854569672251195]]},"properties":{"id":"5110L","street":"RUSSELL ST","side":"L","pavement_ft":36,"width_ft":18.7,"width_source":"gis","path_ft":10,"depth_ft":4.2,"zone":"R-1","district":"Multi-Unit 1","cat":"res","zone_dist_m":5.1,"campable_zone":false,"count":0,"placement":null}},{"type":"Feature","geometry":{"type":"LineString","coordinates":[[-122.28103419456905,37.8546893277611],[-122.2811681946529,37.85466632774712]]},"properties":{"id":"5110R","street":"RUSSELL ST","side":"R","pavement_ft":36,"width_ft":15.7,"width_source":"gis","path_ft":10,"depth_ft":1.2,"zone":"R-1","district":"Multi-Unit 1","cat":"res","zone_dist_m":5.6,"campable_zone":false,"count":0,"placement":null}},{"type":"Feature","geometry":{"type":"LineString","coordinates":[[-122.28824513856823,37.86315778947933],[-122.28721913790733,37.86329178955996]]},"properties":{"id":"5114L","street":"CHANNING WAY","side":"L","pavement_ft":36,"width_ft":10.6,"width_source":"gis","path_ft":6,"depth_ft":0.1,"zone":"R-2","district":"Multi-Unit 2","cat":"res","zone_dist_m":4.3,"campable_zone":false,"count":0,"placement":null}},{"type":"Feature","geometry":{"type":"LineString","coordinates":[[-122.28822486144462,37.863060210519514],[-122.28719886210557,37.86319421043888]]},"properties":{"id":"5114R","street":"CHANNING WAY","side":"R","pavement_ft":36,"width_ft":13.6,"width_source":"gis","path_ft":6,"depth_ft":3.1,"zone":"R-2","district":"Multi-Unit 2","cat":"res","zone_dist_m":4.5,"campable_zone":false,"count":0,"placement":null}},{"type":"Feature","geometry":{"type":"LineString","coordinates":[[-122.29653835691218,37.85453592462177],[-122.29248735444195,37.85535192511903]]},"properties":{"id":"5116L","street":"GRAYSON ST","side":"L","pavement_ft":36,"width_ft":3.2,"width_source":"gis","path_ft":6,"depth_ft":-7.3,"zone":"MM","district":"Mixed Manufacturing","cat":"man","zone_dist_m":1.4,"campable_zone":true,"count":0,"placement":null}},{"type":"Feature","geometry":{"type":"LineString","coordinates":[[-122.29650764310725,37.85444007537604],[-122.29245664557747,37.85525607487876]]},"properties":{"id":"5116R","street":"GRAYSON ST","side":"R","pavement_ft":36,"width_ft":17.9,"width_source":"gis","path_ft":10,"depth_ft":3.4,"zone":"MM","district":"Mixed Manufacturing","cat":"man","zone_dist_m":5.4,"campable_zone":true,"count":0,"placement":null}},{"type":"Feature","geometry":{"type":"LineString","coordinates":[[-122.28062302040672,37.86767333848458],[-122.27948601973982,37.86794533864972]]},"properties":{"id":"5126L","street":"ALLSTON WAY","side":"L","pavement_ft":36,"width_ft":11.7,"width_source":"gis","path_ft":6,"depth_ft":1.2,"zone":"R-2","district":"Multi-Unit 2","cat":"res","zone_dist_m":4.2,"campable_zone":false,"count":0,"placement":null}},{"type":"Feature","geometry":{"type":"LineString","coordinates":[[-122.2805869796159,37.8675786615125],[-122.27944998028273,37.86785066134736]]},"properties":{"id":"5126R","street":"ALLSTON WAY","side":"R","pavement_ft":36,"width_ft":12.9,"width_source":"gis","path_ft":6,"depth_ft":2.4,"zone":"R-2","district":"Multi-Unit 2","cat":"res","zone_dist_m":4.3,"campable_zone":false,"count":0,"placement":null}},{"type":"Feature","geometry":{"type":"LineString","coordinates":[[-122.29079549784468,37.853756896025615],[-122.28968449716851,37.85398289616328]]},"properties":{"id":"5127L","street":"HEINZ AVE","side":"L","pavement_ft":36,"width_ft":8.1,"width_source":"gis","path_ft":6,"depth_ft":-2.4,"zone":"MUR","district":"Mixed Use-Residential","cat":"mixres","zone_dist_m":3.9,"campable_zone":true,"count":0,"placement":null}},{"type":"Feature","geometry":{"type":"LineString","coordinates":[[-122.29076450217492,37.853661103972165],[-122.28965350285112,37.853887103834495]]},"properties":{"id":"5127R","street":"HEINZ AVE","side":"R","pavement_ft":36,"width_ft":15.8,"width_source":"gis","path_ft":10,"depth_ft":1.3,"zone":"C-W","district":"West Berkeley Commercial","cat":"com","zone_dist_m":3.6,"campable_zone":true,"count":0,"placement":null}},{"type":"Feature","geometry":{"type":"LineString","coordinates":[[-122.28874413648012,37.861252789737065],[-122.28787113591778,37.86136678980565]]},"properties":{"id":"5136L","street":"DWIGHT WAY","side":"L","pavement_ft":36,"width_ft":12.1,"width_source":"gis","path_ft":6,"depth_ft":1.6,"zone":"R-2","district":"Multi-Unit 2","cat":"res","zone_dist_m":5.1,"campable_zone":false,"count":0,"placement":null}},{"type":"Feature","geometry":{"type":"LineString","coordinates":[[-122.28872386353278,37.86115521026179],[-122.28785086409513,37.8612692101932]]},"properties":{"id":"5136R","street":"DWIGHT WAY","side":"R","pavement_ft":36,"width_ft":12.4,"width_source":"gis","path_ft":6,"depth_ft":1.9,"zone":"R-2","district":"Multi-Unit 2","cat":"res","zone_dist_m":4.1,"campable_zone":false,"count":0,"placement":null}},{"type":"Feature","geometry":{"type":"LineString","coordinates":[[-122.28477816791954,37.867017785654134],[-122.28390016735398,37.86713278572333]]},"properties":{"id":"5137L","street":"ALLSTON WAY","side":"L","pavement_ft":36,"width_ft":10.9,"width_source":"gis","path_ft":6,"depth_ft":0.4,"zone":"R-2","district":"Multi-Unit 2","cat":"res","zone_dist_m":4.6,"campable_zone":false,"count":0,"placement":null}},{"type":"Feature","geometry":{"type":"LineString","coordinates":[[-122.28475783209339,37.86692021434472],[-122.28387983265893,37.867035214275525]]},"properties":{"id":"5137R","street":"ALLSTON WAY","side":"R","pavement_ft":36,"width_ft":13.1,"width_source":"gis","path_ft":6,"depth_ft":2.6,"zone":"R-2","district":"Multi-Unit 2","cat":"res","zone_dist_m":4.3,"campable_zone":false,"count":0,"placement":null}},{"type":"Feature","geometry":{"type":"LineString","coordinates":[[-122.28420353696063,37.854161736266946],[-122.2841005368945,37.854175736275394]]},"properties":{"id":"5138L","street":"RUSSELL ST","side":"L","pavement_ft":36,"width_ft":9.2,"width_source":"gis","path_ft":6,"depth_ft":-1.3,"zone":"R-1","district":"Multi-Unit 1","cat":"res","zone_dist_m":5.0,"campable_zone":false,"count":0,"placement":null}},{"type":"Feature","geometry":{"type":"LineString","coordinates":[[-122.28418246305279,37.854064263731836],[-122.28407946311889,37.85407826372341]]},"properties":{"id":"5138R","street":"RUSSELL ST","side":"R","pavement_ft":36,"width_ft":18.9,"width_source":"gis","path_ft":10,"depth_ft":4.4,"zone":"R-1","district":"Multi-Unit 1","cat":"res","zone_dist_m":7.1,"campable_zone":false,"count":0,"placement":null}},{"type":"Feature","geometry":{"type":"LineString","coordinates":[[-122.2832122830125,37.867927839831474],[-122.28323028310533,37.868117839826944]]},"properties":{"id":"5139L","street":"ACTON CIR","side":"L","pavement_ft":21,"width_ft":10.6,"width_source":"gis","path_ft":6,"depth_ft":0.1,"zone":"R-2","district":"Multi-Unit 2","cat":"res","zone_dist_m":3.5,"campable_zone":false,"count":0,"placement":null}},{"type":"Feature","geometry":{"type":"LineString","coordinates":[[-122.28313971698554,37.86793216015734],[-122.28315771689269,37.868122160161874]]},"properties":{"id":"5139R","street":"ACTON CIR","side":"R","pavement_ft":21,"width_ft":2.5,"width_source":"gis","path_ft":6,"depth_ft":-8.0,"zone":"R-2","district":"Multi-Unit 2","cat":"res","zone_dist_m":0.8,"campable_zone":false,"count":0,"placement":null}},{"type":"Feature","geometry":{"type":"LineString","coordinates":[[-122.28323030157826,37.868118044570124],[-122.28324230164678,37.868258044567156]]},"properties":{"id":"5140L","street":"ACTON CIR","side":"L","pavement_ft":21,"width_ft":10.2,"width_source":"gis","path_ft":6,"depth_ft":-0.3,"zone":"R-2","district":"Multi-Unit 2","cat":"res","zone_dist_m":4.8,"campable_zone":false,"count":0,"placement":null}},{"type":"Feature","geometry":{"type":"LineString","coordinates":[[-122.28315769841996,37.86812195541868],[-122.28316969835147,37.86826195542164]]},"properties":{"id":"5140R","street":"ACTON CIR","side":"R","pavement_ft":21,"width_ft":2.5,"width_source":"gis","path_ft":6,"depth_ft":-8.0,"zone":"R-2","district":"Multi-Unit 2","cat":"res","zone_dist_m":2.7,"campable_zone":false,"count":0,"placement":null}},{"type":"Feature","geometry":{"type":"LineString","coordinates":[[-122.28322521157712,37.861970779862425],[-122.28307321147926,37.861990779874446]]},"properties":{"id":"5153L","street":"DWIGHT WAY","side":"L","pavement_ft":36,"width_ft":18.0,"width_source":"gis","path_ft":10,"depth_ft":3.5,"zone":"R-2","district":"Multi-Unit 2","cat":"res","zone_dist_m":5.1,"campable_zone":false,"count":0,"placement":null}},{"type":"Feature","geometry":{"type":"LineString","coordinates":[[-122.28320478843581,37.86187322013643],[-122.28305278853368,37.8618932201244]]},"properties":{"id":"5153R","street":"DWIGHT WAY","side":"R","pavement_ft":36,"width_ft":17.1,"width_source":"gis","path_ft":10,"depth_ft":2.6,"zone":"R-2","district":"Multi-Unit 2","cat":"res","zone_dist_m":4.5,"campable_zone":false,"count":0,"placement":null}},{"type":"Feature","geometry":{"type":"LineString","coordinates":[[-122.28164272962903,37.85453621677475],[-122.2815367299843,37.85409321672387]]},"properties":{"id":"5154L","street":"ACTON ST","side":"L","pavement_ft":36,"width_ft":17.0,"width_source":"gis","path_ft":10,"depth_ft":2.5,"zone":"R-1","district":"Multi-Unit 1","cat":"res","zone_dist_m":5.1,"campable_zone":false,"count":0,"placement":null}},{"type":"Feature","geometry":{"type":"LineString","coordinates":[[-122.28176527035622,37.854517783193195],[-122.28165927000097,37.85407478324408]]},"properties":{"id":"5154R","street":"ACTON ST","side":"R","pavement_ft":36,"width_ft":10.2,"width_source":"gis","path_ft":6,"depth_ft":-0.3,"zone":"R-1","district":"Multi-Unit 1","cat":"res","zone_dist_m":4.9,"campable_zone":false,"count":0,"placement":null}},{"type":"Feature","geometry":{"type":"LineString","coordinates":[[-122.28250918749448,37.867942830641375],[-122.28259451642255,37.86801888466926],[-122.28263654015574,37.86802939060095],[-122.28272359916542,37.86803305624265],[-122.28280447263765,37.8680246900209],[-122.28294597863726,37.86799173656859],[-122.28303768457523,37.8679621231945],[-122.28315728678997,37.86790526312913]]},"properties":{"id":"5158L","street":"ACTON CIR","side":"L","pavement_ft":21,"width_ft":7.6,"width_source":"gis","path_ft":6,"depth_ft":-2.9,"zone":"R-2","district":"Multi-Unit 2","cat":"res","zone_dist_m":2.2,"campable_zone":false,"count":0,"placement":null}},{"type":"Feature","geometry":{"type":"LineString","coordinates":[[-122.28245481249144,37.86798116935213],[-122.28254681248447,37.86806316937305],[-122.28254956857135,37.868065374534],[-122.28255260763336,37.86806733212623],[-122.28255589447083,37.86806901947607],[-122.28255939101426,37.86807041703993],[-122.28256305676516,37.868071508630635],[-122.28261905678372,37.868085508635964],[-122.28262201182203,37.86808614039537],[-122.28262502338185,37.86808657304348],[-122.28262807015447,37.86808680351902],[-122.28272307019134,37.86809080352092],[-122.28272639498684,37.86809082291262],[-122.28272970813379,37.86809060162422],[-122.28281670816693,37.86808160162112],[-122.28281950449276,37.86808122394641],[-122.28282225520724,37.8680806747303],[-122.28296825525753,37.86804667471824],[-122.2829717261079,37.86804571294325],[-122.28306772613722,37.8680147129325],[-122.28307026748081,37.868013800744684],[-122.28307271319571,37.868012736886804],[-122.28319471322243,37.86795473686793]]},"properties":{"id":"5158R","street":"ACTON CIR","side":"R","pavement_ft":21,"width_ft":5.3,"width_source":"gis","path_ft":6,"depth_ft":-5.2,"zone":"R-2","district":"Multi-Unit 2","cat":"res","zone_dist_m":0.0,"campable_zone":false,"count":0,"placement":null}},{"type":"Feature","geometry":{"type":"LineString","coordinates":[[-122.28169143327375,37.85447856715191],[-122.28183243318493,37.854455567165864]]},"properties":{"id":"5161L","street":"RUSSELL ST","side":"L","pavement_ft":36,"width_ft":21.9,"width_source":"gis","path_ft":10,"depth_ft":7.4,"zone":"R-1","district":"Multi-Unit 1","cat":"res","zone_dist_m":7.2,"campable_zone":false,"count":0,"placement":null}},{"type":"Feature","geometry":{"type":"LineString","coordinates":[[-122.28171656674219,37.85457543284652],[-122.28185756683102,37.85455243283255]]},"properties":{"id":"5161R","street":"RUSSELL ST","side":"R","pavement_ft":36,"width_ft":27.9,"width_source":"gis","path_ft":10,"depth_ft":13.4,"zone":"R-1","district":"Multi-Unit 1","cat":"res","zone_dist_m":9.5,"campable_zone":false,"count":0,"placement":null}},{"type":"Feature","geometry":{"type":"LineString","coordinates":[[-122.2967991058997,37.86530897509872],[-122.29575810526256,37.86551497522432]]},"properties":{"id":"5170L","street":"ALLSTON WAY","side":"L","pavement_ft":36,"width_ft":10.7,"width_source":"gis","path_ft":6,"depth_ft":0.2,"zone":"R-2","district":"Multi-Unit 2","cat":"res","zone_dist_m":4.3,"campable_zone":false,"count":0,"placement":null}},{"type":"Feature","geometry":{"type":"LineString","coordinates":[[-122.29676889411947,37.86521302489915],[-122.29572789475657,37.86541902477353]]},"properties":{"id":"5170R","street":"ALLSTON WAY","side":"R","pavement_ft":36,"width_ft":13.8,"width_source":"gis","path_ft":6,"depth_ft":3.3,"zone":"R-2","district":"Multi-Unit 2","cat":"res","zone_dist_m":4.3,"campable_zone":false,"count":0,"placement":null}},{"type":"Feature","geometry":{"type":"LineString","coordinates":[[-122.28081536773168,37.8532729092182],[-122.28048336748549,37.8532819092223]]},"properties":{"id":"5178L","street":"ASHBY AVE","side":"L","pavement_ft":40,"width_ft":12.4,"width_source":"default","path_ft":6,"depth_ft":1.9,"zone":"R-3","district":"Multiple-Family Residential","cat":"res","zone_dist_m":4.2,"campable_zone":false,"count":0,"placement":null}},{"type":"Feature","geometry":{"type":"LineString","coordinates":[[-122.28081063227117,37.85316309078127],[-122.28047863251736,37.85317209077718]]},"properties":{"id":"5178R","street":"ASHBY AVE","side":"R","pavement_ft":40,"width_ft":10.2,"width_source":"default","path_ft":6,"depth_ft":-0.3,"zone":"R-3","district":"Multiple-Family Residential","cat":"res","zone_dist_m":3.2,"campable_zone":false,"count":0,"placement":null}},{"type":"Feature","geometry":{"type":"LineString","coordinates":[[-122.28139196833285,37.853259919136185],[-122.28081496790482,37.85327291914136]]},"properties":{"id":"5179L","street":"ASHBY AVE","side":"L","pavement_ft":40,"width_ft":12.4,"width_source":"default","path_ft":6,"depth_ft":1.9,"zone":"R-3","district":"Multiple-Family Residential","cat":"res","zone_dist_m":4.7,"campable_zone":false,"count":0,"placement":null}},{"type":"Feature","geometry":{"type":"LineString","coordinates":[[-122.28138803166941,37.853150080863315],[-122.28081103209742,37.85316308085812]]},"properties":{"id":"5179R","street":"ASHBY AVE","side":"R","pavement_ft":40,"width_ft":9.6,"width_source":"default","path_ft":6,"depth_ft":-0.9,"zone":"R-3","district":"Multiple-Family Residential","cat":"res","zone_dist_m":2.7,"campable_zone":false,"count":0,"placement":null}},{"type":"Feature","geometry":{"type":"LineString","coordinates":[[-122.28410380471055,37.86919683237028],[-122.28185280325636,37.86948083254075]]},"properties":{"id":"5180L","street":"ADDISON ST","side":"L","pavement_ft":36,"width_ft":10.8,"width_source":"gis","path_ft":6,"depth_ft":0.3,"zone":"R-4","district":"Multi-Family Residential","cat":"res","zone_dist_m":4.4,"campable_zone":false,"count":0,"placement":null}},{"type":"Feature","geometry":{"type":"LineString","coordinates":[[-122.2840841953019,37.86909916762863],[-122.28183319675603,37.86938316745817]]},"properties":{"id":"5180R","street":"ADDISON ST","side":"R","pavement_ft":36,"width_ft":12.8,"width_source":"gis","path_ft":6,"depth_ft":2.3,"zone":"R-2A","district":"Multi-Unit 2A","cat":"res","zone_dist_m":4.1,"campable_zone":false,"count":0,"placement":null}},{"type":"Feature","geometry":{"type":"LineString","coordinates":[[-122.28396244531785,37.85365490664074],[-122.28306944477393,37.85383590675095]]},"properties":{"id":"5181L","street":"BURNETT ST","side":"L","pavement_ft":36,"width_ft":7.9,"width_source":"gis","path_ft":6,"depth_ft":-2.6,"zone":"R-2A","district":"Multi-Unit 2A","cat":"res","zone_dist_m":3.8,"campable_zone":false,"count":0,"placement":null}},{"type":"Feature","geometry":{"type":"LineString","coordinates":[[-122.28393155470168,37.85355909335705],[-122.28303855524561,37.85374009324684]]},"properties":{"id":"5181R","street":"BURNETT ST","side":"R","pavement_ft":36,"width_ft":15.2,"width_source":"gis","path_ft":10,"depth_ft":0.7,"zone":"R-2A","district":"Multi-Unit 2A","cat":"res","zone_dist_m":4.3,"campable_zone":false,"count":0,"placement":null}},{"type":"Feature","geometry":{"type":"LineString","coordinates":[[-122.28011374339859,37.8548414038134],[-122.27939474294642,37.854960403885684]]},"properties":{"id":"5182L","street":"RUSSELL ST","side":"L","pavement_ft":36,"width_ft":11.0,"width_source":"gis","path_ft":6,"depth_ft":0.5,"zone":"C-SA","district":"South Area Commercial","cat":"com","zone_dist_m":4.1,"campable_zone":true,"count":0,"placement":null}},{"type":"Feature","geometry":{"type":"LineString","coordinates":[[-122.28008825661755,37.85474459618499],[-122.27936925706976,37.854863596112715]]},"properties":{"id":"5182R","street":"RUSSELL ST","side":"R","pavement_ft":36,"width_ft":15.2,"width_source":"gis","path_ft":10,"depth_ft":0.7,"zone":"C-SA","district":"South Area Commercial","cat":"com","zone_dist_m":4.4,"campable_zone":true,"count":0,"placement":null}},{"type":"Feature","geometry":{"type":"LineString","coordinates":[[-122.28033961100178,37.85480442560863],[-122.28011361085943,37.85484142563109]]},"properties":{"id":"5185L","street":"RUSSELL ST","side":"L","pavement_ft":36,"width_ft":8.6,"width_source":"gis","path_ft":6,"depth_ft":-1.9,"zone":"R-1","district":"Multi-Unit 1","cat":"res","zone_dist_m":3.9,"campable_zone":false,"count":0,"placement":null}},{"type":"Feature","geometry":{"type":"LineString","coordinates":[[-122.28031438901425,37.85470757438979],[-122.28008838915656,37.854744574367324]]},"properties":{"id":"5185R","street":"RUSSELL ST","side":"R","pavement_ft":36,"width_ft":14.7,"width_source":"gis","path_ft":10,"depth_ft":0.2,"zone":"R-1","district":"Multi-Unit 1","cat":"res","zone_dist_m":4.6,"campable_zone":false,"count":0,"placement":null}},{"type":"Feature","geometry":{"type":"LineString","coordinates":[[-122.28216204008524,37.87116999118567],[-122.28217704032635,37.87129999117073]]},"properties":{"id":"5186L","street":"SACRAMENTO ST","side":"L","pavement_ft":80,"width_ft":17.9,"width_source":"gis","path_ft":10,"depth_ft":3.4,"zone":"R-2A","district":"Multi-Unit 2A","cat":"res","zone_dist_m":5.3,"campable_zone":false,"count":0,"placement":null}},{"type":"Feature","geometry":{"type":"LineString","coordinates":[[-122.28188595988003,37.871190008652086],[-122.2819009596389,37.87132000866702]]},"properties":{"id":"5186R","street":"SACRAMENTO ST","side":"R","pavement_ft":80,"width_ft":15.8,"width_source":"gis","path_ft":10,"depth_ft":1.3,"zone":"R-2A","district":"Multi-Unit 2A","cat":"res","zone_dist_m":3.9,"campable_zone":false,"count":0,"placement":null}},{"type":"Feature","geometry":{"type":"LineString","coordinates":[[-122.29898773871152,37.864870847075984],[-122.29794773808038,37.86508584720705]]},"properties":{"id":"5187L","street":"ALLSTON WAY","side":"L","pavement_ft":36,"width_ft":11.0,"width_source":"gis","path_ft":6,"depth_ft":0.5,"zone":"MUR","district":"Mixed Use-Residential","cat":"mixres","zone_dist_m":4.7,"campable_zone":true,"count":0,"placement":null}},{"type":"Feature","geometry":{"type":"LineString","coordinates":[[-122.29895626130839,37.864775152921744],[-122.29791626193955,37.86499015279063]]},"properties":{"id":"5187R","street":"ALLSTON WAY","side":"R","pavement_ft":36,"width_ft":13.8,"width_source":"gis","path_ft":6,"depth_ft":3.3,"zone":"MULI","district":"Mixed Use-Light Industrial","cat":"man","zone_dist_m":4.9,"campable_zone":true,"count":0,"placement":null}},{"type":"Feature","geometry":{"type":"LineString","coordinates":[[-122.29566713306787,37.86179176431526],[-122.29462613243965,37.862012764449894]]},"properties":{"id":"5188L","street":"CHANNING WAY","side":"L","pavement_ft":36,"width_ft":13.1,"width_source":"gis","path_ft":6,"depth_ft":2.6,"zone":"R-2","district":"Multi-Unit 2","cat":"res","zone_dist_m":5.2,"campable_zone":false,"count":0,"placement":null}},{"type":"Feature","geometry":{"type":"LineString","coordinates":[[-122.29563486695253,37.861696235682366],[-122.29459386758076,37.86191723554771]]},"properties":{"id":"5188R","street":"CHANNING WAY","side":"R","pavement_ft":36,"width_ft":14.3,"width_source":"gis","path_ft":10,"depth_ft":-0.2,"zone":"R-2","district":"Multi-Unit 2","cat":"res","zone_dist_m":4.5,"campable_zone":false,"count":0,"placement":null}},{"type":"Feature","geometry":{"type":"LineString","coordinates":[[-122.29842050292514,37.863096684899695],[-122.29738150230146,37.86332268503738]]},"properties":{"id":"5189L","street":"BANCROFT WAY","side":"L","pavement_ft":36,"width_ft":14.4,"width_source":"gis","path_ft":10,"depth_ft":-0.1,"zone":"MUR","district":"Mixed Use-Residential","cat":"mixres","zone_dist_m":5.8,"campable_zone":true,"count":0,"placement":null}},{"type":"Feature","geometry":{"type":"LineString","coordinates":[[-122.29838749709567,37.86300131509782],[-122.2973484977194,37.86322731496015]]},"properties":{"id":"5189R","street":"BANCROFT WAY","side":"R","pavement_ft":36,"width_ft":12.4,"width_source":"gis","path_ft":6,"depth_ft":1.9,"zone":"MULI","district":"Mixed Use-Light Industrial","cat":"man","zone_dist_m":4.3,"campable_zone":true,"count":0,"placement":null}},{"type":"Feature","geometry":{"type":"LineString","coordinates":[[-122.317250621598,37.86280447909329],[-122.31709862119385,37.8622144791565],[-122.31709832749678,37.862213409466825],[-122.31693532712042,37.86165440953475]]},"properties":{"id":"5212R","street":"SEAWALL DR","side":"R","pavement_ft":31,"width_ft":38.7,"width_source":"gis","path_ft":10,"depth_ft":24.2,"zone":"U","district":"Unclassified","cat":"other","zone_dist_m":0.0,"campable_zone":false,"count":0,"placement":null}},{"type":"Feature","geometry":{"type":"LineString","coordinates":[[-122.31764811297685,37.86862379375619],[-122.31753211304891,37.86864479374338]]},"properties":{"id":"5215R","street":"TRAIL","side":"R","pavement_ft":36,"width_ft":18.2,"width_source":"default","path_ft":10,"depth_ft":3.7,"zone":"U","district":"Unclassified","cat":"other","zone_dist_m":0.0,"campable_zone":false,"count":0,"placement":null}},{"type":"Feature","geometry":{"type":"LineString","coordinates":[[-122.31775005033941,37.86860438388118],[-122.31764988180417,37.86862283597339]]},"properties":{"id":"5216R","street":"TRAIL","side":"R","pavement_ft":36,"width_ft":15.8,"width_source":"default","path_ft":10,"depth_ft":1.3,"zone":"U","district":"Unclassified","cat":"other","zone_dist_m":0.0,"campable_zone":false,"count":0,"placement":null}},{"type":"Feature","geometry":{"type":"LineString","coordinates":[[-122.3177281971273,37.86865403341288],[-122.31763319738499,37.86832503336689]]},"properties":{"id":"5217L","street":"PUBLIC BOAT RAMP","side":"L","pavement_ft":36,"width_ft":35.2,"width_source":"default","path_ft":10,"depth_ft":20.7,"zone":"U","district":"Unclassified","cat":"other","zone_dist_m":4.8,"campable_zone":false,"count":0,"placement":null}},{"type":"Feature","geometry":{"type":"LineString","coordinates":[[-122.31784980285505,37.86863196655553],[-122.31775480259735,37.868302966601505]]},"properties":{"id":"5217R","street":"PUBLIC BOAT RAMP","side":"R","pavement_ft":36,"width_ft":34.9,"width_source":"default","path_ft":10,"depth_ft":20.4,"zone":"U","district":"Unclassified","cat":"other","zone_dist_m":2.4,"campable_zone":false,"count":0,"placement":null}},{"type":"Feature","geometry":{"type":"LineString","coordinates":[[-122.30626041021152,37.86640049846866],[-122.30568840952178,37.86652249861746],[-122.30568240874427,37.86652365302251],[-122.30558340862032,37.866540653043245]]},"properties":{"id":"5219L","street":"UNIVERSITY AVE","side":"L","pavement_ft":72,"width_ft":35.5,"width_source":"gis","path_ft":10,"depth_ft":21.0,"zone":"SP","district":"Specific Plan (Waterfront)","cat":"other","zone_dist_m":11.4,"campable_zone":false,"count":0,"placement":null}},{"type":"Feature","geometry":{"type":"LineString","coordinates":[[-122.30619558987034,37.86620950152168],[-122.30562657291587,37.86633086528434],[-122.30553059144677,37.86634734694993]]},"properties":{"id":"5219R","street":"UNIVERSITY AVE","side":"R","pavement_ft":72,"width_ft":27.2,"width_source":"gis","path_ft":10,"depth_ft":12.7,"zone":"SP","district":"Specific Plan (Waterfront)","cat":"other","zone_dist_m":33.4,"campable_zone":false,"count":0,"placement":null}},{"type":"Feature","geometry":{"type":"LineString","coordinates":[[-122.29644732257108,37.88228706740978],[-122.29648732254068,37.882231067389235],[-122.29649032226746,37.88222635273969],[-122.29649273711749,37.88222143162914],[-122.29649454478613,37.88221634951146],[-122.29649572857697,37.882211153327646],[-122.29649627755606,37.88220589107229],[-122.29649618665287,37.88220061135022],[-122.2964954567072,37.88219536292761],[-122.29649409446128,37.88219019428149],[-122.2960980934312,37.880981194494225],[-122.29609586741945,37.8809756317677],[-122.29609290953624,37.88097028756498],[-122.29608925315429,37.88096522218246],[-122.29608493952709,37.88096049277065],[-122.29608001732356,37.88095615268948],[-122.29599801732245,37.88089115272318]]},"properties":{"id":"5632R","street":"SAN PABLO AVE","side":"R","pavement_ft":40,"width_ft":14.6,"width_source":"default","path_ft":10,"depth_ft":0.1,"zone":"C-W","district":"West Berkeley Commercial","cat":"com","zone_dist_m":5.2,"campable_zone":true,"count":0,"placement":null}},{"type":"Feature","geometry":{"type":"LineString","coordinates":[[-122.29588414802556,37.88091059942494],[-122.2958441479631,37.88099459940257],[-122.29584199659688,37.88099992244989],[-122.29584053873026,37.8810053912031],[-122.29583978945259,37.881010949059444],[-122.29583975651927,37.8810165384939],[-122.29584044027128,37.8810221016546],[-122.29584183363183,37.88102758096157],[-122.29623483258791,37.88224858117271],[-122.29623679766024,37.88225365079984],[-122.29623937029362,37.88225854663746],[-122.2962425265162,37.8822632230657],[-122.29624623691811,37.8822676365092],[-122.29625046692554,37.88227174584306],[-122.296255177123,37.882275512776175],[-122.29626032362052,37.88227890220787],[-122.29626585846256,37.88228188255513],[-122.29627173007499,37.88228442604673],[-122.29627788374557,37.88228650898222],[-122.29636288379606,37.882311508999926]]},"properties":{"id":"5633R","street":"SAN PABLO AVE","side":"R","pavement_ft":40,"width_ft":11.6,"width_source":"default","path_ft":6,"depth_ft":1.1,"zone":"C-W","district":"West Berkeley Commercial","cat":"com","zone_dist_m":3.2,"campable_zone":true,"count":0,"placement":null}},{"type":"Feature","geometry":{"type":"LineString","coordinates":[[-122.29588192489479,37.88094386119064],[-122.295731925283,37.88048786111005]]},"properties":{"id":"5634L","street":"SAN PABLO AVE","side":"L","pavement_ft":40,"width_ft":30.8,"width_source":"default","path_ft":10,"depth_ft":16.3,"zone":"C-W","district":"West Berkeley Commercial","cat":"com","zone_dist_m":9.5,"campable_zone":true,"count":8,"placement":"building"}},{"type":"Feature","geometry":{"type":"LineString","coordinates":[[-122.2960160750806,37.880916138770864],[-122.29586607469244,37.88046013885143]]},"properties":{"id":"5634R","street":"SAN PABLO AVE","side":"R","pavement_ft":40,"width_ft":31.5,"width_source":"default","path_ft":10,"depth_ft":17.0,"zone":"C-W","district":"West Berkeley Commercial","cat":"com","zone_dist_m":10.3,"campable_zone":true,"count":9,"placement":"curb"}},{"type":"Feature","geometry":{"type":"LineString","coordinates":[[-122.29565176201817,37.87983583490805],[-122.29569476198817,37.879777834886205],[-122.29569793155537,37.87977303188893],[-122.29570048859263,37.87976800471632],[-122.29570240821175,37.879762802299204],[-122.29570367172873,37.8797574752741],[-122.29570426684552,37.87975207549038],[-122.29570418776986,37.87974665550556],[-122.29570343527156,37.87974126807377],[-122.29570201667501,37.87973596563229],[-122.29537801584989,37.87876396580631],[-122.2953758754617,37.87875865280138],[-122.2953730665271,37.87875353917106],[-122.29536961799249,37.87874867761165],[-122.29536556539544,37.87874411822187],[-122.29536095049828,37.87873990798656],[-122.29535582085799,37.87873609029247],[-122.29535022933587,37.87873270448117],[-122.29528222935714,37.87869570450376]]},"properties":{"id":"5635R","street":"SAN PABLO AVE","side":"R","pavement_ft":40,"width_ft":13.3,"width_source":"default","path_ft":6,"depth_ft":2.8,"zone":"C-W","district":"West Berkeley Commercial","cat":"com","zone_dist_m":5.1,"campable_zone":true,"count":0,"placement":null}},{"type":"Feature","geometry":{"type":"LineString","coordinates":[[-122.29553378352516,37.879778178299944],[-122.2954807834962,37.87984317827378],[-122.29547754618328,37.87984758445262],[-122.29547483816842,37.879852209534334],[-122.29547268277567,37.87985701368338],[-122.29547109856944,37.879861955521854],[-122.29547009919447,37.87986699248601],[-122.29546969325853,37.879872081192744],[-122.29546988425798,37.879877177813285],[-122.2954706705479,37.87988223845071],[-122.29547204535612,37.87988721951799],[-122.29566304487791,37.88045221962055],[-122.2956652649731,37.880457643551935],[-122.29566818239088,37.88046285588421],[-122.2956717657052,37.880467800470385],[-122.29567597631683,37.88047242404759],[-122.29568076886935,37.88047667681084],[-122.29568609173769,37.880480512949525],[-122.2956918875842,37.880483891140955],[-122.29576088760776,37.88051989116323]]},"properties":{"id":"5636R","street":"SAN PABLO AVE","side":"R","pavement_ft":40,"width_ft":12.7,"width_source":"default","path_ft":6,"depth_ft":2.2,"zone":"C-W","district":"West Berkeley Commercial","cat":"com","zone_dist_m":3.5,"campable_zone":true,"count":0,"placement":null}},{"type":"Feature","geometry":{"type":"LineString","coordinates":[[-122.29518220952775,37.87871460259956],[-122.29513520948942,37.878782602575185],[-122.29513231746341,37.87878730517733],[-122.29513000284739,37.878792204486835],[-122.29512828662813,37.878797256081626],[-122.29512718436668,37.87880241415885],[-122.2951267060574,37.87880763195015],[-122.2951268560373,37.87881286214578],[-122.2951276329466,37.87881805732346],[-122.29512902974122,37.87882317037839],[-122.29545302892635,37.87978517055238],[-122.29545527051192,37.87979065380529],[-122.29545822452829,37.879795920743234],[-122.29546185846284,37.879800913396856],[-122.29546613231959,37.8798055768156],[-122.2954709990594,37.87980985967254],[-122.29547640511761,37.87981371482933],[-122.2954822909937,37.87981709985502],[-122.29555429101897,37.87985409987805]]},"properties":{"id":"5637R","street":"SAN PABLO AVE","side":"R","pavement_ft":40,"width_ft":15.9,"width_source":"default","path_ft":10,"depth_ft":1.4,"zone":"C-W","district":"West Berkeley Commercial","cat":"com","zone_dist_m":4.5,"campable_zone":true,"count":0,"placement":null}},{"type":"Feature","geometry":{"type":"LineString","coordinates":[[-122.29586277440171,37.88049552733166],[-122.29589877435501,37.88042852731193],[-122.29590129153564,37.88042305439957],[-122.29590306348808,37.88041740100907],[-122.29590407029274,37.88041163069404],[-122.29590430063163,37.88040580832246],[-122.29590375191555,37.88039999934757],[-122.29590243031315,37.88039426907193],[-122.2957314298207,37.87982526916381],[-122.29572960724043,37.87982026858206],[-122.29572719580578,37.879815427147996],[-122.29572421716055,37.879810788315616],[-122.29572069803949,37.87980639372053],[-122.2957166700284,37.87980228280619],[-122.29571216928053,37.87979849246985],[-122.29570723619219,37.87979505673147],[-122.29570191504001,37.8797920064283],[-122.29569625358374,37.879789368938155],[-122.29562425361738,37.879759368957984]]},"properties":{"id":"5638R","street":"SAN PABLO AVE","side":"R","pavement_ft":40,"width_ft":14.2,"width_source":"default","path_ft":10,"depth_ft":-0.3,"zone":"C-W","district":"West Berkeley Commercial","cat":"com","zone_dist_m":5.1,"campable_zone":true,"count":0,"placement":null}},{"type":"Feature","geometry":{"type":"LineString","coordinates":[[-122.2953051959306,37.878765253431055],[-122.29534119589421,37.878707253411925],[-122.29534394449801,37.87870220099057],[-122.29534604176291,37.878696955999644],[-122.29534746665526,37.878691571042],[-122.29534820488469,37.87868610012423],[-122.29534824904759,37.87868059811503],[-122.29534759870117,37.87867512019491],[-122.295346260368,37.87866972130277],[-122.29500625943894,37.87758772148541],[-122.29500416857175,37.877582284186545],[-122.29500138013023,37.87757704722488],[-122.29499792396237,37.87757206665767],[-122.29499383706367,37.87756739579767],[-122.29498916318099,37.877563084642425],[-122.2949839523444,37.877559179339194],[-122.29490695235538,37.87750717936835]]},"properties":{"id":"5641R","street":"SAN PABLO AVE","side":"R","pavement_ft":40,"width_ft":15.5,"width_source":"default","path_ft":10,"depth_ft":1.0,"zone":"C-W","district":"West Berkeley Commercial","cat":"com","zone_dist_m":5.5,"campable_zone":true,"count":0,"placement":null}},{"type":"Feature","geometry":{"type":"LineString","coordinates":[[-122.29480089005858,37.87752307162473],[-122.29474889001405,37.87760007159763],[-122.29474611533398,37.87760468372523],[-122.29474389322206,37.877609480227434],[-122.29474224289855,37.877614419617075],[-122.2947411786379,37.87761945917108],[-122.29474070964558,37.877624555299946],[-122.29474083997822,37.87762966392489],[-122.29474156850867,37.877634740858994],[-122.29474288893559,37.87763974218943],[-122.29509488801465,37.87871974237851],[-122.29509701086262,37.87872510590344],[-122.29509981403089,37.87873026942394],[-122.29510326817552,37.87873517888713],[-122.29510733713782,37.87873978289971],[-122.29511197832316,37.87874403326582],[-122.2951171431466,37.87874788549171],[-122.29512277754174,37.878751299251384],[-122.29512882252651,37.87875423880883],[-122.29520982256288,37.87878923883175]]},"properties":{"id":"5642R","street":"SAN PABLO AVE","side":"R","pavement_ft":40,"width_ft":8.9,"width_source":"default","path_ft":6,"depth_ft":-1.6,"zone":"C-W","district":"West Berkeley Commercial","cat":"com","zone_dist_m":3.0,"campable_zone":true,"count":0,"placement":null}},{"type":"Feature","geometry":{"type":"LineString","coordinates":[[-122.29491997126755,37.87757911818747],[-122.294962971245,37.877527118166334],[-122.29496660563511,37.87752218057509],[-122.29496957308314,37.8775169703795],[-122.29497184146356,37.87751154398507],[-122.29497338621918,37.87750596013792],[-122.29497419062658,37.87750027928866],[-122.29497424597743,37.87749456293808],[-122.2949735516727,37.87748887297133],[-122.29497211522911,37.87748327098782],[-122.2946221143123,37.87640827117581],[-122.29462000795485,37.87640293869931],[-122.29461722917345,37.87639780338782],[-122.29461380671115,37.87639291835955],[-122.29460977596904,37.87638833414384],[-122.29460517864007,37.87638409815851],[-122.29460006227781,37.876380254219356],[-122.29459447980443,37.87637684208696],[-122.29452347982621,37.8763378421107]]},"properties":{"id":"5643R","street":"SAN PABLO AVE","side":"R","pavement_ft":40,"width_ft":15.5,"width_source":"default","path_ft":10,"depth_ft":1.0,"zone":"C-W","district":"West Berkeley Commercial","cat":"com","zone_dist_m":5.5,"campable_zone":true,"count":0,"placement":null}},{"type":"Feature","geometry":{"type":"LineString","coordinates":[[-122.29442397703221,37.876355523949414],[-122.29437297699516,37.87642552392337],[-122.29436990201154,37.87643026093032],[-122.29436742027136,37.87643521172889],[-122.29436555510792,37.87644032977198],[-122.29436432405754,37.87644556694005],[-122.29436373869459,37.876450873993555],[-122.29436380452276,37.876456201035836],[-122.29436452092331,37.876461497982326],[-122.29436588116077,37.876466715031405],[-122.29471388024804,37.87753671521832],[-122.29471578590366,37.877541615799885],[-122.2947182597014,37.87754635420172],[-122.29472128008982,37.87755088914308],[-122.29472482075545,37.87755518111576],[-122.29472885085231,37.87755919272827],[-122.2947333352704,37.87756288903164],[-122.29473823494176,37.87756623782377],[-122.29474350718067,37.87756920993017],[-122.29474910605562,37.87757177945793],[-122.29475498278946,37.87757392402143],[-122.29483598283551,37.87759992403957]]},"properties":{"id":"5644R","street":"SAN PABLO AVE","side":"R","pavement_ft":40,"width_ft":9.9,"width_source":"default","path_ft":6,"depth_ft":-0.6,"zone":"C-W","district":"West Berkeley Commercial","cat":"com","zone_dist_m":3.4,"campable_zone":true,"count":0,"placement":null}},{"type":"Feature","geometry":{"type":"LineString","coordinates":[[-122.29454606774122,37.87640745571752],[-122.29458306770461,37.87634845569789],[-122.29458586961107,37.87634335501503],[-122.29458800639829,37.876338055882165],[-122.29458945615757,37.8763326126322],[-122.29459020402447,37.876327081075694],[-122.2945902423311,37.876321517928616],[-122.29458957068486,37.87631598023083],[-122.29458819597245,37.87631052476123],[-122.29425019506584,37.8752515249428],[-122.29424811230734,37.8752461660293],[-122.2942453512867,37.875241003305874],[-122.29424194076502,37.87523609055159],[-122.2942379162692,37.87523147894164],[-122.29423331972167,37.87522721651425],[-122.29422819900385,37.87522334767024],[-122.29414019901566,37.87516334770374]]},"properties":{"id":"5645R","street":"SAN PABLO AVE","side":"R","pavement_ft":40,"width_ft":15.1,"width_source":"default","path_ft":10,"depth_ft":0.6,"zone":"C-W","district":"West Berkeley Commercial","cat":"com","zone_dist_m":5.8,"campable_zone":true,"count":0,"placement":null}},{"type":"Feature","geometry":{"type":"LineString","coordinates":[[-122.29403010162677,37.875185707777874],[-122.29398610155741,37.875278707753225],[-122.29398393263433,37.87528413089046],[-122.29398248283879,37.87528970273902],[-122.29398176771628,37.8752953635549],[-122.29398179493488,37.8753010526402],[-122.29398256420292,37.87530670899387],[-122.29398406727209,37.8753122719658],[-122.29434006638513,37.8763612721569],[-122.29434212208251,37.87636633755316],[-122.29434478632454,37.87637122156646],[-122.29434803412114,37.87637587838554],[-122.29435183500863,37.876380264330145],[-122.29435615333533,37.87638433826083],[-122.29436094859608,37.8763880619647],[-122.29436617581212,37.876391400513974],[-122.29437178595303,37.876394322593576],[-122.29444878598443,37.876430322616635]]},"properties":{"id":"5646R","street":"SAN PABLO AVE","side":"R","pavement_ft":40,"width_ft":10.6,"width_source":"default","path_ft":6,"depth_ft":0.1,"zone":"C-W","district":"West Berkeley Commercial","cat":"com","zone_dist_m":3.2,"campable_zone":true,"count":0,"placement":null}},{"type":"Feature","geometry":{"type":"LineString","coordinates":[[-122.29350140167108,37.875532062981776],[-122.29334157242606,37.87562642004387],[-122.29332058505426,37.87564579301314]]},"properties":{"id":"5647L","street":"HOPKINS","side":"L","pavement_ft":40,"width_ft":16.5,"width_source":"gis","path_ft":10,"depth_ft":2.0,"zone":"R-2","district":"Multi-Unit 2","cat":"res","zone_dist_m":6.5,"campable_zone":false,"count":0,"placement":null}},{"type":"Feature","geometry":{"type":"LineString","coordinates":[[-122.29341859837807,37.87544393700382],[-122.29325259842395,37.87554193694661],[-122.29324671805583,37.875545826702336],[-122.29324141500085,37.875550206975156],[-122.29321541499674,37.87557420696365]]},"properties":{"id":"5647R","street":"HOPKINS","side":"R","pavement_ft":40,"width_ft":35.1,"width_source":"gis","path_ft":10,"depth_ft":20.6,"zone":"R-2","district":"Multi-Unit 2","cat":"res","zone_dist_m":11.0,"campable_zone":false,"count":0,"placement":null}},{"type":"Feature","geometry":{"type":"LineString","coordinates":[[-122.29361426726464,37.87521546038692],[-122.29316026757223,37.87525346036433]]},"properties":{"id":"5648R","street":"CEDAR ST","side":"R","pavement_ft":37,"width_ft":7.7,"width_source":"gis","path_ft":6,"depth_ft":-2.8,"zone":"R-2","district":"Multi-Unit 2","cat":"res","zone_dist_m":2.3,"campable_zone":false,"count":0,"placement":null}},{"type":"Feature","geometry":{"type":"LineString","coordinates":[[-122.29342377515026,37.87552825564851],[-122.2931867750892,37.87539425557587],[-122.29318129864578,37.87539077462151],[-122.29317635026524,37.87538682799185],[-122.29312035027263,37.87533682796999]]},"properties":{"id":"5649L","street":"","side":"L","pavement_ft":36,"width_ft":31.1,"width_source":"default","path_ft":10,"depth_ft":16.6,"zone":"R-2","district":"Multi-Unit 2","cat":"res","zone_dist_m":8.7,"campable_zone":false,"count":0,"placement":null}},{"type":"Feature","geometry":{"type":"LineString","coordinates":[[-122.29318724760418,37.87535221976891],[-122.29295224746666,37.875414219807475],[-122.29294747515459,37.87541531799319],[-122.292942609875,37.875416119899825],[-122.29233360947222,37.87549711995002]]},"properties":{"id":"5650L","street":"CEDAR ST","side":"L","pavement_ft":37,"width_ft":7.6,"width_source":"gis","path_ft":6,"depth_ft":-2.9,"zone":"R-2","district":"Multi-Unit 2","cat":"res","zone_dist_m":3.7,"campable_zone":false,"count":0,"placement":null}},{"type":"Feature","geometry":{"type":"LineString","coordinates":[[-122.29314675242178,37.87525578022746],[-122.29291647824192,37.8753165334188],[-122.29231239054161,37.87539688004874]]},"properties":{"id":"5650R","street":"CEDAR ST","side":"R","pavement_ft":37,"width_ft":14.8,"width_source":"gis","path_ft":10,"depth_ft":0.3,"zone":"R-2","district":"Multi-Unit 2","cat":"res","zone_dist_m":5.1,"campable_zone":false,"count":0,"placement":null}},{"type":"Feature","geometry":{"type":"LineString","coordinates":[[-122.29399214639481,37.87518909974435],[-122.29390714644974,37.87517609975355],[-122.29390123608489,37.87517542036318],[-122.29389527161007,37.87517517984873],[-122.29388930477852,37.87517538029715],[-122.29388338736393,37.87517601996915],[-122.29360938754364,37.87521601994424]]},"properties":{"id":"5651R","street":"CEDAR ST","side":"R","pavement_ft":37,"width_ft":10.8,"width_source":"gis","path_ft":6,"depth_ft":0.3,"zone":"C-W","district":"West Berkeley Commercial","cat":"com","zone_dist_m":3.5,"campable_zone":true,"count":0,"placement":null}},{"type":"Feature","geometry":{"type":"LineString","coordinates":[[-122.29347635278734,37.87553713974391],[-122.29358635285584,37.875514139729496],[-122.29359194166548,37.875512751870765],[-122.29359734738496,37.87551096555156],[-122.29360252490677,37.87550879567764],[-122.29360743102761,37.8755062603553],[-122.2937046411519,37.87545085057208],[-122.2938216528409,37.87539819530071],[-122.2938240407979,37.875397065748814],[-122.29397304085197,37.875323065706795],[-122.29397898059827,37.87531972913941],[-122.29398440486133,37.87531588033155],[-122.2939892437044,37.87531156890716],[-122.29403024369462,37.87527056888976]]},"properties":{"id":"5652R","street":"CEDAR ST","side":"R","pavement_ft":37,"width_ft":8.4,"width_source":"gis","path_ft":6,"depth_ft":-2.1,"zone":"C-W","district":"West Berkeley Commercial","cat":"com","zone_dist_m":3.9,"campable_zone":true,"count":0,"placement":null}},{"type":"Feature","geometry":{"type":"LineString","coordinates":[[-122.29411740571804,37.87525261626981],[-122.29400240565361,37.875286616290786]]},"properties":{"id":"5654L","street":"CEDAR ST","side":"L","pavement_ft":37,"width_ft":38.4,"width_source":"gis","path_ft":10,"depth_ft":23.9,"zone":"C-W","district":"West Berkeley Commercial","cat":"com","zone_dist_m":12.8,"campable_zone":true,"count":0,"placement":null}},{"type":"Feature","geometry":{"type":"LineString","coordinates":[[-122.29407259431044,37.875157383725835],[-122.29395759437486,37.875191383704845]]},"properties":{"id":"5654R","street":"CEDAR ST","side":"R","pavement_ft":37,"width_ft":35.4,"width_source":"gis","path_ft":10,"depth_ft":20.9,"zone":"C-W","district":"West Berkeley Commercial","cat":"com","zone_dist_m":10.8,"campable_zone":true,"count":0,"placement":null}},{"type":"Feature","geometry":{"type":"LineString","coordinates":[[-122.29399436318921,37.87465726816642],[-122.29402736314917,37.87459826814847],[-122.29402975199746,37.87459338019251],[-122.29403154230504,37.87458833402481],[-122.29403271777487,37.87458317558066],[-122.29403326770677,37.87457795181738],[-122.29403318709483,37.87457271028689],[-122.29403247667302,37.87456749870284],[-122.29403114290844,37.87456236450623],[-122.29368014198103,37.873476364694746]]},"properties":{"id":"5655R","street":"SAN PABLO AVE","side":"R","pavement_ft":40,"width_ft":12.7,"width_source":"default","path_ft":6,"depth_ft":2.2,"zone":"C-W","district":"West Berkeley Commercial","cat":"com","zone_dist_m":4.3,"campable_zone":true,"count":0,"placement":null}},{"type":"Feature","geometry":{"type":"LineString","coordinates":[[-122.29365361208507,37.87344547834058],[-122.29357161210774,37.87339847836874]]},"properties":{"id":"5656R","street":"SAN PABLO AVE","side":"R","pavement_ft":40,"width_ft":38.7,"width_source":"default","path_ft":10,"depth_ft":24.2,"zone":"C-W","district":"West Berkeley Commercial","cat":"com","zone_dist_m":12.3,"campable_zone":true,"count":0,"placement":null}},{"type":"Feature","geometry":{"type":"LineString","coordinates":[[-122.29347211760135,37.873414017769235],[-122.29342511757277,37.873474017745735],[-122.2934217169262,37.87347889467552],[-122.29341895696865,37.87348401957055],[-122.29341686609126,37.87348933971239],[-122.2934154658024,37.87349480037423],[-122.29341477050666,37.87350034538363],[-122.29341478735653,37.873505917700605],[-122.2934155161788,37.87351146000416],[-122.29341694947645,37.87351691528203],[-122.29377894854454,37.874612915476426],[-122.29378110892613,37.87461830655306],[-122.2937839571491,37.874623492981726],[-122.29378746302257,37.8746284197866],[-122.29379158938465,37.874633034743816],[-122.29379629249622,37.87463728893512],[-122.29380152250467,37.874641137266295],[-122.29380722397227,37.87464453894523],[-122.2938133364638,37.87464745791434],[-122.29389833650283,37.87468345793802]]},"properties":{"id":"5657R","street":"SAN PABLO AVE","side":"R","pavement_ft":40,"width_ft":12.3,"width_source":"default","path_ft":6,"depth_ft":1.8,"zone":"C-W","district":"West Berkeley Commercial","cat":"com","zone_dist_m":3.6,"campable_zone":true,"count":0,"placement":null}},{"type":"Feature","geometry":{"type":"LineString","coordinates":[[-122.29402742314753,37.875217216543476],[-122.29386342364414,37.874647216455415]]},"properties":{"id":"5658L","street":"SAN PABLO AVE","side":"L","pavement_ft":40,"width_ft":32.5,"width_source":"default","path_ft":10,"depth_ft":18.0,"zone":"C-W","district":"West Berkeley Commercial","cat":"com","zone_dist_m":9.6,"campable_zone":true,"count":10,"placement":"building"}},{"type":"Feature","geometry":{"type":"LineString","coordinates":[[-122.29416257683076,37.875192783417496],[-122.2939985763341,37.87462278350554]]},"properties":{"id":"5658R","street":"SAN PABLO AVE","side":"R","pavement_ft":40,"width_ft":29.0,"width_source":"default","path_ft":10,"depth_ft":14.5,"zone":"C-W","district":"West Berkeley Commercial","cat":"com","zone_dist_m":9.5,"campable_zone":true,"count":12,"placement":"building"}},{"type":"Feature","geometry":{"type":"LineString","coordinates":[[-122.29319373613302,37.87255386160339],[-122.29315073610059,37.87261386158133],[-122.29314774880801,37.87261853572041],[-122.2931453368144,37.87262341418283],[-122.29314352205805,37.872628452596686],[-122.29314232104515,37.872633605135256],[-122.29314174469962,37.87263882493379],[-122.2931417982637,37.87264406451574],[-122.29314248125037,37.87264927622466],[-122.29314378744765,37.87265441265757],[-122.29338578679479,37.87341641278755],[-122.29338766579997,37.873421341146326],[-122.29339011853621,37.8734261084429],[-122.29339312346497,37.873430672813356],[-122.29339665419859,37.87343499417575],[-122.2934006797321,37.87343903458209],[-122.29340516471538,37.873442758551604],[-122.29341006976368,37.87344613338231],[-122.29341535180343,37.87344912943815],[-122.29349335183092,37.87348912946306]]},"properties":{"id":"5659R","street":"SAN PABLO AVE","side":"R","pavement_ft":40,"width_ft":10.6,"width_source":"default","path_ft":6,"depth_ft":0.1,"zone":"C-W","district":"West Berkeley Commercial","cat":"com","zone_dist_m":3.1,"campable_zone":true,"count":0,"placement":null}},{"type":"Feature","geometry":{"type":"LineString","coordinates":[[-122.29358684692829,37.87347553917778],[-122.29363784690996,37.8734205391537],[-122.29364160876938,37.87341603368073],[-122.29364479416881,37.873411257102106],[-122.29364737230328,37.873406255610824],[-122.29364931824048,37.873401077574854],[-122.29365061316189,37.87339577306957],[-122.29365124454489,37.873390393393336],[-122.29365120628366,37.87338499057147],[-122.29365049874838,37.873379616853114],[-122.29364912878155,37.873374324205955],[-122.29340012812614,37.872606324339664]]},"properties":{"id":"5660R","street":"SAN PABLO AVE","side":"R","pavement_ft":40,"width_ft":14.6,"width_source":"default","path_ft":10,"depth_ft":0.1,"zone":"C-W","district":"West Berkeley Commercial","cat":"com","zone_dist_m":4.8,"campable_zone":true,"count":0,"placement":null}},{"type":"Feature","geometry":{"type":"LineString","coordinates":[[-122.29336963988516,37.87257336338998],[-122.29329063991486,37.87253436341457]]},"properties":{"id":"5661R","street":"SAN PABLO AVE","side":"R","pavement_ft":40,"width_ft":29.5,"width_source":"default","path_ft":10,"depth_ft":15.0,"zone":"C-W","district":"West Berkeley Commercial","cat":"com","zone_dist_m":9.3,"campable_zone":true,"count":0,"placement":null}},{"type":"Feature","geometry":{"type":"LineString","coordinates":[[-122.29290316870409,37.871661177000306],[-122.2928571686601,37.871733176976],[-122.29285428294074,37.87173833505181],[-122.29285207983361,37.871743700546695],[-122.29285058257639,37.87174921686736],[-122.29284980696185,37.87175482582958],[-122.29284976117106,37.87176046827206],[-122.29285044568708,37.87176608468029],[-122.29285185329013,37.87177161581433],[-122.29310485262049,37.8725556159502],[-122.29310684344935,37.87256073236625],[-122.29310945309454,37.8725656708742],[-122.2931126567714,37.87257038457119],[-122.29311642405352,37.87257482868945],[-122.29312071916165,37.87257896102149],[-122.2931255013036,37.87258274232095],[-122.29313072506164,37.8725861366754],[-122.29313634082372,37.87258911184733],[-122.29321834085638,37.87262811187221]]},"properties":{"id":"5662R","street":"SAN PABLO AVE","side":"R","pavement_ft":40,"width_ft":8.8,"width_source":"default","path_ft":6,"depth_ft":-1.7,"zone":"C-W","district":"West Berkeley Commercial","cat":"com","zone_dist_m":2.4,"campable_zone":true,"count":0,"placement":null}},{"type":"Feature","geometry":{"type":"LineString","coordinates":[[-122.29331473604,37.872607468738856],[-122.29335773600518,37.87254546871658],[-122.29336062200981,37.87254079620864],[-122.29336293754163,37.87253592826319],[-122.29336466183837,37.87253090852912],[-122.29336577943901,37.87252578201633],[-122.29336628032269,37.872520594692176],[-122.29336615999827,37.87251539306925],[-122.2933654195448,37.87251022378835],[-122.29336406560174,37.87250513320029],[-122.29310806493977,37.87172713333776]]},"properties":{"id":"5663R","street":"SAN PABLO AVE","side":"R","pavement_ft":40,"width_ft":15.8,"width_source":"default","path_ft":10,"depth_ft":1.3,"zone":"C-W","district":"West Berkeley Commercial","cat":"com","zone_dist_m":5.3,"campable_zone":true,"count":0,"placement":null}},{"type":"Feature","geometry":{"type":"LineString","coordinates":[[-122.29249304391311,37.870386115145415],[-122.29244704388482,37.87044511512237],[-122.29244367100208,37.870449973541284],[-122.29244093313147,37.87045507674373],[-122.29243885816673,37.87046037273791],[-122.29243746724791,37.87046580756788],[-122.29243677454592,37.870471325863186],[-122.29243678711825,37.87047687140299],[-122.29243750483693,37.87048238768894],[-122.29243892038998,37.87048781852063],[-122.29281591941081,37.871637818723066],[-122.29281781551478,37.87164266942065],[-122.29282026851287,37.871647360619015],[-122.29282325744839,37.871651852239566],[-122.29282675678587,37.87165610590879],[-122.29283073662934,37.87166008528605],[-122.29283516297761,37.871663756374126],[-122.29291716298052,37.871725756407066]]},"properties":{"id":"5665R","street":"SAN PABLO AVE","side":"R","pavement_ft":40,"width_ft":10.0,"width_source":"default","path_ft":6,"depth_ft":-0.5,"zone":"C-W","district":"West Berkeley Commercial","cat":"com","zone_dist_m":3.0,"campable_zone":true,"count":0,"placement":null}},{"type":"Feature","geometry":{"type":"LineString","coordinates":[[-122.2930288686137,37.871707336852936],[-122.29307086855835,37.871628336829865],[-122.29307308675213,37.871623556566114],[-122.29307473696385,37.871618634007284],[-122.29307580501086,37.87161361146027],[-122.29307628171397,37.871608532091315],[-122.29307616297625,37.87160343955501],[-122.29307544981836,37.87159837761905],[-122.29307414836961,37.87159338978819],[-122.29270514739247,37.870449389986355]]},"properties":{"id":"5666R","street":"SAN PABLO AVE","side":"R","pavement_ft":40,"width_ft":13.6,"width_source":"default","path_ft":6,"depth_ft":3.1,"zone":"C-W","district":"West Berkeley Commercial","cat":"com","zone_dist_m":4.6,"campable_zone":true,"count":0,"placement":null}},{"type":"Feature","geometry":{"type":"LineString","coordinates":[[-122.29267790045964,37.87041807674825],[-122.29259190048502,37.8703700767773]]},"properties":{"id":"5667R","street":"SAN PABLO AVE","side":"R","pavement_ft":40,"width_ft":34.8,"width_source":"default","path_ft":10,"depth_ft":20.3,"zone":"C-W","district":"West Berkeley Commercial","cat":"com","zone_dist_m":10.5,"campable_zone":true,"count":0,"placement":null}},{"type":"Feature","geometry":{"type":"LineString","coordinates":[[-122.29225391240028,37.86967625287461],[-122.29221891235962,37.86973725285569],[-122.29221643057753,37.8697422016312],[-122.29221456485746,37.86974731763274],[-122.29221333272905,37.8697525527926],[-122.29221274576895,37.86975785792341],[-122.29221280949218,37.869763183180446],[-122.29221352330009,37.86976847852986],[-122.29221488048626,37.86977369421879],[-122.29241487996082,37.870389694326185],[-122.2924169613261,37.87039498391631],[-122.29241970421069,37.87040008041813],[-122.2924230807163,37.87040493199424],[-122.29242705650014,37.87040948929842],[-122.2924315911239,37.87041370597757],[-122.29243663846518,37.87041753914308],[-122.29244214718668,37.870420949807176],[-122.2925121472074,37.87045994983079]]},"properties":{"id":"5668R","street":"SAN PABLO AVE","side":"R","pavement_ft":40,"width_ft":12.3,"width_source":"default","path_ft":6,"depth_ft":1.8,"zone":"C-W","district":"West Berkeley Commercial","cat":"com","zone_dist_m":3.7,"campable_zone":true,"count":0,"placement":null}},{"type":"Feature","geometry":{"type":"LineString","coordinates":[[-122.29260631253884,37.870449129968094],[-122.29265631252593,37.87039912994516],[-122.29266036799191,37.87039462586449],[-122.29266383133651,37.87038982124091],[-122.2926666674255,37.870384764815526],[-122.29266884748797,37.87037950788386],[-122.29267034940818,37.870374103775475],[-122.29267115794984,37.870368607313004],[-122.29267126491077,37.87036307425593],[-122.29267066920603,37.870357560735016],[-122.29266937687903,37.87035212268272],[-122.29247837633685,37.869724122785286]]},"properties":{"id":"5669R","street":"SAN PABLO AVE","side":"R","pavement_ft":40,"width_ft":12.9,"width_source":"default","path_ft":6,"depth_ft":2.4,"zone":"C-W","district":"West Berkeley Commercial","cat":"com","zone_dist_m":4.1,"campable_zone":true,"count":0,"placement":null}},{"type":"Feature","geometry":{"type":"LineString","coordinates":[[-122.29244248578738,37.86968805553329],[-122.2923484858326,37.869650055558566]]},"properties":{"id":"5670R","street":"SAN PABLO AVE","side":"R","pavement_ft":40,"width_ft":29.8,"width_source":"default","path_ft":10,"depth_ft":15.3,"zone":"C-W","district":"West Berkeley Commercial","cat":"com","zone_dist_m":9.3,"campable_zone":true,"count":3,"placement":"building"}},{"type":"Feature","geometry":{"type":"LineString","coordinates":[[-122.29225029041926,37.869713899741626],[-122.29207329083586,37.86921589964671],[-122.29207156478687,37.86920968390982],[-122.29205056488098,37.869105683898695]]},"properties":{"id":"5671L","street":"SAN PABLO AVE","side":"L","pavement_ft":40,"width_ft":27.5,"width_source":"default","path_ft":10,"depth_ft":13.0,"zone":"C-W","district":"West Berkeley Commercial","cat":"com","zone_dist_m":7.9,"campable_zone":true,"count":10,"placement":"building"}},{"type":"Feature","geometry":{"type":"LineString","coordinates":[[-122.29238370955443,37.86968410022027],[-122.29220779962873,37.8691891684891],[-122.2921874351036,37.86908831606133]]},"properties":{"id":"5671R","street":"SAN PABLO AVE","side":"R","pavement_ft":40,"width_ft":37.7,"width_source":"default","path_ft":10,"depth_ft":23.2,"zone":"C-W","district":"West Berkeley Commercial","cat":"com","zone_dist_m":11.7,"campable_zone":true,"count":8,"placement":"building"}},{"type":"Feature","geometry":{"type":"LineString","coordinates":[[-122.29205130565896,37.86910878055012],[-122.29188930617138,37.868523780463235]]},"properties":{"id":"5672L","street":"SAN PABLO AVE","side":"L","pavement_ft":40,"width_ft":33.9,"width_source":"default","path_ft":10,"depth_ft":19.4,"zone":"C-W","district":"West Berkeley Commercial","cat":"com","zone_dist_m":9.5,"campable_zone":true,"count":8,"placement":"building"}},{"type":"Feature","geometry":{"type":"LineString","coordinates":[[-122.2921866943201,37.86908521941071],[-122.29202469380766,37.8685002194976]]},"properties":{"id":"5672R","street":"SAN PABLO AVE","side":"R","pavement_ft":40,"width_ft":30.5,"width_source":"default","path_ft":10,"depth_ft":16.0,"zone":"C-W","district":"West Berkeley Commercial","cat":"com","zone_dist_m":9.4,"campable_zone":true,"count":7,"placement":"building"}},{"type":"Feature","geometry":{"type":"LineString","coordinates":[[-122.29174918128055,37.868124161951314],[-122.29171018124332,37.86818516193071],[-122.29170725420157,37.868190401044075],[-122.29170503139564,37.8681958533343],[-122.29170353700302,37.86820145949718],[-122.29170278727828,37.868207158554824],[-122.29170279037632,37.868212888518926],[-122.29170354626359,37.86821858706497],[-122.29170504671858,37.86822419221021],[-122.29179004650528,37.86847619225584],[-122.2917921098381,37.86848129708553],[-122.29179479088779,37.868486218218365],[-122.29179806413244,37.868490908807985],[-122.29180189841276,37.868495324202705],[-122.29180625722867,37.868499422370476],[-122.29181109908683,37.868503164299085],[-122.2918163778956,37.86850651436749],[-122.29182204340376,37.86850944068497],[-122.29182804167891,37.868511915394606],[-122.29192404172926,37.86854691541842]]},"properties":{"id":"5674R","street":"SAN PABLO AVE","side":"R","pavement_ft":40,"width_ft":13.0,"width_source":"default","path_ft":6,"depth_ft":2.5,"zone":"C-W","district":"West Berkeley Commercial","cat":"com","zone_dist_m":3.1,"campable_zone":true,"count":0,"placement":null}},{"type":"Feature","geometry":{"type":"LineString","coordinates":[[-122.2920100618742,37.8685281821963],[-122.2920500618562,37.868482182176976]]},"properties":{"id":"5675R","street":"SAN PABLO AVE","side":"R","pavement_ft":40,"width_ft":25.9,"width_source":"default","path_ft":10,"depth_ft":11.4,"zone":"C-W","district":"West Berkeley Commercial","cat":"com","zone_dist_m":7.8,"campable_zone":true,"count":0,"placement":null}},{"type":"Feature","geometry":{"type":"LineString","coordinates":[[-122.29206022616337,37.86843764237385],[-122.29197422593016,37.86816564242002],[-122.29197232513236,37.86816064893895],[-122.29196983557446,37.868155820851925],[-122.29196677969436,37.86815120167337],[-122.29196318503412,37.86814683303486],[-122.29195908399157,37.86814275430987],[-122.29195451352857,37.868139002258985],[-122.29194951483765,37.86813561069852],[-122.29194413297085,37.86813261019581],[-122.29193841643367,37.868130027793626],[-122.29193241674788,37.868127886766544],[-122.29183641680325,37.86809788678757]]},"properties":{"id":"5676R","street":"SAN PABLO AVE","side":"R","pavement_ft":40,"width_ft":10.7,"width_source":"default","path_ft":6,"depth_ft":0.2,"zone":"C-W","district":"West Berkeley Commercial","cat":"com","zone_dist_m":3.0,"campable_zone":true,"count":0,"placement":null}},{"type":"Feature","geometry":{"type":"LineString","coordinates":[[-122.29185922717018,37.86818845734196],[-122.29192822717333,37.868135457314075]]},"properties":{"id":"5677R","street":"SAN PABLO AVE","side":"R","pavement_ft":40,"width_ft":31.8,"width_source":"default","path_ft":10,"depth_ft":17.3,"zone":"C-W","district":"West Berkeley Commercial","cat":"com","zone_dist_m":9.7,"campable_zone":true,"count":0,"placement":null}},{"type":"Feature","geometry":{"type":"LineString","coordinates":[[-122.29194748028817,37.868083474586314],[-122.29187748008259,37.86784647462388],[-122.29187570789276,37.86784152947844],[-122.29187336041191,37.86783673729254],[-122.29187045819306,37.867832140023104],[-122.29186702664606,37.86782777792048],[-122.29186309581506,37.8678236891761],[-122.2918587001157,37.86781990958805],[-122.29185387803356,37.86781647224762],[-122.2918486717874,37.86781340724967],[-122.29184312695931,37.86781074142913],[-122.29183729209576,37.86780849812591],[-122.29173129215405,37.867772498150785]]},"properties":{"id":"5678R","street":"SAN PABLO AVE","side":"R","pavement_ft":40,"width_ft":9.1,"width_source":"default","path_ft":6,"depth_ft":-1.4,"zone":"C-W","district":"West Berkeley Commercial","cat":"com","zone_dist_m":2.3,"campable_zone":true,"count":0,"placement":null}},{"type":"Feature","geometry":{"type":"LineString","coordinates":[[-122.29163970674372,37.86780248683702],[-122.29160670669695,37.86786748681874],[-122.29160438532553,37.867872840324985],[-122.29160277117329,37.8678783547752],[-122.29160188137715,37.867883971624835],[-122.29160172538386,37.86788963124222],[-122.29160230484973,37.86789527354163],[-122.29160361362294,37.867900838621125],[-122.29167061343207,37.868121838657096],[-122.29167266585887,37.868127330788056],[-122.2916754284518,37.86813262366813],[-122.29167887118227,37.868137659765004],[-122.2916829566288,37.86814238433752],[-122.29168764038367,37.86814674603069],[-122.29169287153567,37.86815069743397],[-122.29169859322351,37.86815419559652],[-122.29177159324603,37.868194195620895]]},"properties":{"id":"5679R","street":"SAN PABLO AVE","side":"R","pavement_ft":40,"width_ft":16.8,"width_source":"default","path_ft":10,"depth_ft":2.3,"zone":"C-W","district":"West Berkeley Commercial","cat":"com","zone_dist_m":3.7,"campable_zone":true,"count":0,"placement":null}},{"type":"Feature","geometry":{"type":"LineString","coordinates":[[-122.29175089719698,37.867863452135374],[-122.2918208972038,37.86781245210789]]},"properties":{"id":"5680R","street":"SAN PABLO AVE","side":"R","pavement_ft":40,"width_ft":35.6,"width_source":"default","path_ft":10,"depth_ft":21.1,"zone":"C-W","district":"West Berkeley Commercial","cat":"com","zone_dist_m":11.5,"campable_zone":true,"count":0,"placement":null}},{"type":"Feature","geometry":{"type":"LineString","coordinates":[[-122.29184113380553,37.867758355499404],[-122.29168913340433,37.86728835558101],[-122.29168717810414,37.86728332498284],[-122.29168462448216,37.86727846581778],[-122.29168149598026,37.86727382269201],[-122.29167782131748,37.867269438228455],[-122.29167363422663,37.86726535267558],[-122.29166897314437,37.86726160353792],[-122.29166388085855,37.86725822523176],[-122.29165840411531,37.86725524876924],[-122.29165259319008,37.86725270147366],[-122.29155259323976,37.867213701499836]]},"properties":{"id":"5681R","street":"SAN PABLO AVE","side":"R","pavement_ft":40,"width_ft":10.9,"width_source":"default","path_ft":6,"depth_ft":0.4,"zone":"C-W","district":"West Berkeley Commercial","cat":"com","zone_dist_m":3.6,"campable_zone":true,"count":0,"placement":null}},{"type":"Feature","geometry":{"type":"LineString","coordinates":[[-122.29145816642499,37.86724160456148],[-122.291426166383,37.86730160454393],[-122.29142395018499,37.86730636067232],[-122.29142229650026,37.8673112585098],[-122.29142121941253,37.86731625634387],[-122.2914207280949,37.86732131161049],[-122.29142082673188,37.86732638125646],[-122.29142151448349,37.86733142210611],[-122.29142278549261,37.867336391228996],[-122.2915717850899,37.86780639130899],[-122.29157379950273,37.86781162681272],[-122.29157646106597,37.867816677435464],[-122.29157974336228,37.86782149304705],[-122.29158361381322,37.867826025849894],[-122.29158803400247,37.867830230853436],[-122.29159296005739,37.86783406632072],[-122.29159834308417,37.86783749418258],[-122.29160412965344,37.86784048041562],[-122.29166912968039,37.867870480434924]]},"properties":{"id":"5682R","street":"SAN PABLO AVE","side":"R","pavement_ft":40,"width_ft":12.1,"width_source":"default","path_ft":6,"depth_ft":1.6,"zone":"C-W","district":"West Berkeley Commercial","cat":"com","zone_dist_m":4.1,"campable_zone":true,"count":0,"placement":null}},{"type":"Feature","geometry":{"type":"LineString","coordinates":[[-122.2915807146577,37.86729218911335],[-122.29163371462626,37.867225189086916]]},"properties":{"id":"5683R","street":"SAN PABLO AVE","side":"R","pavement_ft":40,"width_ft":30.5,"width_source":"default","path_ft":10,"depth_ft":16.0,"zone":"C-W","district":"West Berkeley Commercial","cat":"com","zone_dist_m":9.6,"campable_zone":true,"count":0,"placement":null}},{"type":"Feature","geometry":{"type":"LineString","coordinates":[[-122.2916424332572,37.86718331915703],[-122.291411432589,37.86641131928105],[-122.29140952631653,37.86640610895754],[-122.29140698115292,37.866401073074584],[-122.291403821914,37.86639626073272],[-122.29140007940298,37.86639171885301],[-122.2913957901099,37.8663874917194],[-122.2913909958561,37.86638362054704],[-122.29138574338627,37.8663801430804],[-122.29138008391277,37.86637709322524],[-122.2913740726163,37.86637450071806],[-122.29126407267192,37.86633250074639]]},"properties":{"id":"5684R","street":"SAN PABLO AVE","side":"R","pavement_ft":40,"width_ft":11.4,"width_source":"default","path_ft":6,"depth_ft":0.9,"zone":"C-W","district":"West Berkeley Commercial","cat":"com","zone_dist_m":3.3,"campable_zone":true,"count":0,"placement":null}},{"type":"Feature","geometry":{"type":"LineString","coordinates":[[-122.29116827466089,37.86636457388961],[-122.29114127461088,37.866428573874224],[-122.29113947363506,37.86643363681472],[-122.29113829169182,37.86643881309213],[-122.29113773961656,37.86644405525408],[-122.29113782247039,37.86644931524423],[-122.2911385394939,37.86645454484281],[-122.29113988411407,37.8664596961086],[-122.29139088345484,37.86723269624335],[-122.29139296124251,37.86723797774838],[-122.29139569851183,37.867243066822624],[-122.29139906750751,37.867247911863764],[-122.29140303406862,37.8672524637439],[-122.29140755797503,37.86725667630775],[-122.29141259335513,37.86726050684063],[-122.29147659336324,37.86730450686511]]},"properties":{"id":"5685R","street":"SAN PABLO AVE","side":"R","pavement_ft":40,"width_ft":16.1,"width_source":"default","path_ft":10,"depth_ft":1.6,"zone":"C-W","district":"West Berkeley Commercial","cat":"com","zone_dist_m":5.1,"campable_zone":true,"count":0,"placement":null}},{"type":"Feature","geometry":{"type":"LineString","coordinates":[[-122.29128545914212,37.86641880122761],[-122.29135145913554,37.86636080119905]]},"properties":{"id":"5686R","street":"SAN PABLO AVE","side":"R","pavement_ft":40,"width_ft":38.5,"width_source":"default","path_ft":10,"depth_ft":24.0,"zone":"C-W","district":"West Berkeley Commercial","cat":"com","zone_dist_m":12.8,"campable_zone":true,"count":0,"placement":null}},{"type":"Feature","geometry":{"type":"LineString","coordinates":[[-122.29136714881312,37.86631040607827],[-122.2908311473918,37.86464640636602],[-122.29082913547018,37.864641236817626],[-122.29082649198494,37.86463624920021],[-122.2908232425679,37.8646314918745],[-122.29081941872599,37.864627010968206],[-122.29081505753587,37.864622849928885],[-122.29081020128436,37.86461904910262],[-122.29080489705842,37.86461564534275],[-122.29079919628875,37.86461267165264],[-122.29070719632628,37.8645696716802]]},"properties":{"id":"5687R","street":"SAN PABLO AVE","side":"R","pavement_ft":40,"width_ft":9.8,"width_source":"default","path_ft":6,"depth_ft":-0.7,"zone":"C-W","district":"West Berkeley Commercial","cat":"com","zone_dist_m":2.9,"campable_zone":true,"count":0,"placement":null}},{"type":"Feature","geometry":{"type":"LineString","coordinates":[[-122.29060580968594,37.86460072151696],[-122.29057880963065,37.86466972150139],[-122.29057721460156,37.86467456834841],[-122.2905761830217,37.86467951021838],[-122.29057572346589,37.86468450603321],[-122.29057583975428,37.86468951426643],[-122.29057653092029,37.86469449328835],[-122.2905777912189,37.864699401712045],[-122.29110478979607,37.86636040199499],[-122.29110683208361,37.86636569553289],[-122.2911095359264,37.86637079928248],[-122.29111287387636,37.86637566143278],[-122.29111681204819,37.86638023262544],[-122.29112131046351,37.86638446645575],[-122.29112632345648,37.86638831994374],[-122.2911318001375,37.86639175397054],[-122.29119380015528,37.86642675399164]]},"properties":{"id":"5688R","street":"SAN PABLO AVE","side":"R","pavement_ft":40,"width_ft":15.4,"width_source":"default","path_ft":10,"depth_ft":0.9,"zone":"C-W","district":"West Berkeley Commercial","cat":"com","zone_dist_m":4.8,"campable_zone":true,"count":0,"placement":null}},{"type":"Feature","geometry":{"type":"LineString","coordinates":[[-122.29029712021224,37.86363695026811],[-122.29026912015865,37.86370495025211],[-122.29026738636871,37.863709949082626],[-122.29026625462198,37.86371505521677],[-122.29026573499588,37.86372022318863],[-122.29026583211736,37.86372540698171],[-122.29026654512174,37.863730560438604],[-122.29026786766045,37.863735637672036],[-122.29054486692897,37.864592637820735],[-122.2905467375346,37.86459748362647],[-122.29054916337839,37.86460217217796],[-122.29055212382187,37.86460666358611],[-122.29055559367838,37.864610919639],[-122.29055954342724,37.86461490412708],[-122.29056393946496,37.864618583151255],[-122.29056874439107,37.86462192541118],[-122.29062874440297,37.86465992543308]]},"properties":{"id":"5689R","street":"SAN PABLO AVE","side":"R","pavement_ft":40,"width_ft":12.0,"width_source":"default","path_ft":6,"depth_ft":1.5,"zone":"C-W","district":"West Berkeley Commercial","cat":"com","zone_dist_m":3.7,"campable_zone":true,"count":0,"placement":null}},{"type":"Feature","geometry":{"type":"LineString","coordinates":[[-122.2907240450057,37.864653278637846],[-122.29078504499778,37.86459827861112]]},"properties":{"id":"5690R","street":"SAN PABLO AVE","side":"R","pavement_ft":40,"width_ft":34.5,"width_source":"default","path_ft":10,"depth_ft":20.0,"zone":"C-W","district":"West Berkeley Commercial","cat":"com","zone_dist_m":11.3,"campable_zone":true,"count":0,"placement":null}},{"type":"Feature","geometry":{"type":"LineString","coordinates":[[-122.29080037435332,37.86454913180333],[-122.29054237362048,37.863700131941826],[-122.29054056417668,37.86369520191407],[-122.29053818211705,37.86369042732915],[-122.29053524824579,37.8636858498867],[-122.29053178818643,37.8636815095646],[-122.29052783215809,37.86367744426977],[-122.29052341471146,37.86367368950711],[-122.29051857442714,37.863670278069456],[-122.29051335357855,37.86366723975116],[-122.29040135361606,37.86360823978758]]},"properties":{"id":"5691R","street":"SAN PABLO AVE","side":"R","pavement_ft":40,"width_ft":10.5,"width_source":"default","path_ft":6,"depth_ft":-0.0,"zone":"C-W","district":"West Berkeley Commercial","cat":"com","zone_dist_m":2.8,"campable_zone":true,"count":0,"placement":null}},{"type":"Feature","geometry":{"type":"LineString","coordinates":[[-122.29041832312214,37.863687088967936],[-122.29047732310306,37.86362508894037]]},"properties":{"id":"5692R","street":"SAN PABLO AVE","side":"R","pavement_ft":40,"width_ft":29.9,"width_source":"default","path_ft":10,"depth_ft":15.4,"zone":"C-W","district":"West Berkeley Commercial","cat":"com","zone_dist_m":9.4,"campable_zone":true,"count":0,"placement":null}},{"type":"Feature","geometry":{"type":"LineString","coordinates":[[-122.29048925957005,37.86357876261352],[-122.29027225897502,37.862885762730016],[-122.29027020773312,37.8628803986626],[-122.29026747779233,37.86287522820297],[-122.29026409756678,37.862870305166595],[-122.29026010223876,37.86286568079368],[-122.29025553339285,37.86286140321588],[-122.29025043858279,37.862857516955295],[-122.29024487083672,37.86285406246109],[-122.29023888810516,37.86285107568848],[-122.2901398881482,37.862807075717065]]},"properties":{"id":"5693R","street":"SAN PABLO AVE","side":"R","pavement_ft":40,"width_ft":11.2,"width_source":"default","path_ft":6,"depth_ft":0.7,"zone":"C-W","district":"West Berkeley Commercial","cat":"com","zone_dist_m":3.7,"campable_zone":true,"count":0,"placement":null}},{"type":"Feature","geometry":{"type":"LineString","coordinates":[[-122.29004473084724,37.86282932702683],[-122.28999873080686,37.86289832700276],[-122.2899960031149,37.86290292056038],[-122.28999382193138,37.86290769412842],[-122.28999220588287,37.8629126069425],[-122.28999116876992,37.86291761704906],[-122.28999071944914,37.862922681663754],[-122.28999086175774,37.862927757536696],[-122.28999159448057,37.86293280132187],[-122.28999291136056,37.862937769947294],[-122.29021791077368,37.863626770068066],[-122.29022009020221,37.86363224650773],[-122.29022297875348,37.863637512684576],[-122.29022654487093,37.863642511067006],[-122.29023074959579,37.86364718704895],[-122.29023554699262,37.863651489546484],[-122.2902408846512,37.863655371555936],[-122.29024670425899,37.86365879066728],[-122.29032470428523,37.8636997906926]]},"properties":{"id":"5694R","street":"SAN PABLO AVE","side":"R","pavement_ft":40,"width_ft":7.6,"width_source":"default","path_ft":6,"depth_ft":-2.9,"zone":"C-W","district":"West Berkeley Commercial","cat":"com","zone_dist_m":2.7,"campable_zone":true,"count":0,"placement":null}},{"type":"Feature","geometry":{"type":"LineString","coordinates":[[-122.29016272455219,37.86288656172164],[-122.2902167245293,37.8628255616957]]},"properties":{"id":"5695R","street":"SAN PABLO AVE","side":"R","pavement_ft":40,"width_ft":38.0,"width_source":"default","path_ft":10,"depth_ft":23.5,"zone":"C-W","district":"West Berkeley Commercial","cat":"com","zone_dist_m":12.5,"campable_zone":true,"count":0,"placement":null}},{"type":"Feature","geometry":{"type":"LineString","coordinates":[[-122.29022722628935,37.862780659082816],[-122.28970722487747,37.86113365936198],[-122.28970518450231,37.86112835095374],[-122.28970247909882,37.861123232807934],[-122.28969913626838,37.86111835714114],[-122.28969519011544,37.86111377369608],[-122.28969068089968,37.86110952923416],[-122.28968565462536,37.86110566705843],[-122.28968016257177,37.86110222657169],[-122.28958616259885,37.86104922660363]]},"properties":{"id":"5696R","street":"SAN PABLO AVE","side":"R","pavement_ft":40,"width_ft":12.9,"width_source":"default","path_ft":6,"depth_ft":2.4,"zone":"C-W","district":"West Berkeley Commercial","cat":"com","zone_dist_m":4.3,"campable_zone":true,"count":0,"placement":null}},{"type":"Feature","geometry":{"type":"LineString","coordinates":[[-122.28948578155206,37.86106681133854],[-122.28943478151383,37.86113781131239],[-122.2894317823997,37.86114249370887],[-122.28942936086389,37.86114738173107],[-122.28942753903051,37.861152430720246],[-122.28942633354464,37.86115759454709],[-122.28942575542015,37.86116282603297],[-122.28942580993913,37.86116807738119],[-122.28942649660361,37.86117330061352],[-122.28942780914008,37.8611784480086],[-122.28995480772356,37.862833448291504],[-122.2899566801072,37.86283835220827],[-122.28995912057034,37.86284309651824],[-122.2899621078887,37.862847639960705],[-122.28996561608199,37.86285194302188],[-122.28996961463993,37.862855968278474],[-122.28997406878759,37.862859680723346],[-122.28997893978782,37.86286304806973],[-122.28998418527806,37.86286604103216],[-122.28998975963896,37.86286863358121],[-122.29007375967817,37.862903633604326]]},"properties":{"id":"5697R","street":"SAN PABLO AVE","side":"R","pavement_ft":40,"width_ft":7.4,"width_source":"default","path_ft":6,"depth_ft":-3.1,"zone":"C-W","district":"West Berkeley Commercial","cat":"com","zone_dist_m":2.2,"campable_zone":true,"count":0,"placement":null}},{"type":"Feature","geometry":{"type":"LineString","coordinates":[[-122.28921550817931,37.86021919647759],[-122.28917250814571,37.86028019645544],[-122.28916959385222,37.86028483092456],[-122.2891672428601,37.860289662344414],[-122.28916547605576,37.86029464779257],[-122.2891643091356,37.860299742978206],[-122.28916375246672,37.860304902635605],[-122.28916381099471,37.860310080926205],[-122.28916448419969,37.86031523184594],[-122.28916576610105,37.86032030963392],[-122.28939976546388,37.861063309759516],[-122.28940182329892,37.86106866602039],[-122.28940455807408,37.86107382841199],[-122.2894079413855,37.86107874331652],[-122.28941193809347,37.86108335968667],[-122.28941650668736,37.8610876295757],[-122.28942159971672,37.86109150863556],[-122.28942716428425,37.861094956577425],[-122.28950616430771,37.86113895660407]]},"properties":{"id":"5698R","street":"SAN PABLO AVE","side":"R","pavement_ft":40,"width_ft":11.9,"width_source":"default","path_ft":6,"depth_ft":1.4,"zone":"C-W","district":"West Berkeley Commercial","cat":"com","zone_dist_m":2.9,"campable_zone":true,"count":0,"placement":null}},{"type":"Feature","geometry":{"type":"LineString","coordinates":[[-122.28960346764569,37.8611247035734],[-122.28965446762106,37.86106470354857]]},"properties":{"id":"5699R","street":"SAN PABLO AVE","side":"R","pavement_ft":40,"width_ft":37.6,"width_source":"default","path_ft":10,"depth_ft":23.1,"zone":"C-W","district":"West Berkeley Commercial","cat":"com","zone_dist_m":12.6,"campable_zone":true,"count":0,"placement":null}},{"type":"Feature","geometry":{"type":"LineString","coordinates":[[-122.28966423979885,37.86102070704024],[-122.28943023916062,37.86027670716584],[-122.28942834959017,37.86027171942421],[-122.28942587284901,37.860266895935084],[-122.289422831191,37.86026228003784],[-122.28941925194573,37.86025791320663],[-122.28941516727306,37.86025383467775],[-122.28941061387408,37.860250081097],[-122.2894056326615,37.86024668619057],[-122.28940026839184,37.86024368046192],[-122.28931326842327,37.86019968048942]]},"properties":{"id":"5700R","street":"SAN PABLO AVE","side":"R","pavement_ft":40,"width_ft":11.6,"width_source":"default","path_ft":6,"depth_ft":1.1,"zone":"C-W","district":"West Berkeley Commercial","cat":"com","zone_dist_m":4.3,"campable_zone":true,"count":0,"placement":null}},{"type":"Feature","geometry":{"type":"LineString","coordinates":[[-122.28892847526096,37.85933231088463],[-122.28888447521409,37.859405310861085],[-122.28888184117153,37.85941029796741],[-122.28887983814556,37.85941546618978],[-122.28887848553425,37.85942076547769],[-122.28887779643678,37.85942614451127],[-122.28887777752671,37.85943155119844],[-122.2888784289873,37.85943693317924],[-122.28887974450979,37.85944223833301],[-122.28912274384363,37.86021823846343],[-122.28912470626939,37.860223405476454],[-122.28912729855865,37.86022839493918],[-122.28913049570474,37.86023315872018],[-122.28913426686613,37.86023765086506],[-122.28913857566394,37.86024182803982],[-122.28914338053296,37.86024564994884],[-122.28914863512243,37.86024907972358],[-122.28915428874345,37.86025208427831],[-122.28924028877755,37.86029308430441]]},"properties":{"id":"5701R","street":"SAN PABLO AVE","side":"R","pavement_ft":40,"width_ft":10.2,"width_source":"default","path_ft":6,"depth_ft":-0.3,"zone":"C-W","district":"West Berkeley Commercial","cat":"com","zone_dist_m":3.2,"campable_zone":true,"count":0,"placement":null}},{"type":"Feature","geometry":{"type":"LineString","coordinates":[[-122.28933982659329,37.860267397198555],[-122.28937182655136,37.86020739718102],[-122.2893743158433,37.86020194378987],[-122.28937606620325,37.86019631274348],[-122.28937705812777,37.860190566786386],[-122.28937728056442,37.8601847699436],[-122.28937673103482,37.86017898680708],[-122.28937541566239,37.86017328181603],[-122.28913441496792,37.859370281945374],[-122.28913243646089,37.85936491763792],[-122.2891297808076,37.85935974044972],[-122.28912647548924,37.85935480395509],[-122.28912255470995,37.85935015923759],[-122.28911805904255,37.85934585436146],[-122.28911303500898,37.85934193387412],[-122.28910753459871,37.85933843834536],[-122.28910161473082,37.85933540394738],[-122.28909533666499,37.85933286208054],[-122.28901933670555,37.85930586209901]]},"properties":{"id":"5702R","street":"SAN PABLO AVE","side":"R","pavement_ft":40,"width_ft":14.9,"width_source":"default","path_ft":10,"depth_ft":0.4,"zone":"C-W","district":"West Berkeley Commercial","cat":"com","zone_dist_m":5.2,"campable_zone":true,"count":0,"placement":null}},{"type":"Feature","geometry":{"type":"LineString","coordinates":[[-122.28852381727346,37.85802785011419],[-122.28846981726605,37.858076850090455],[-122.28846563182552,37.858081043514126],[-122.28846198039845,37.85808553968335],[-122.2884588975773,37.85809029600292],[-122.2884564125679,37.858095267413],[-122.28845454891247,37.858100406816085],[-122.2884533242668,37.858105665523155],[-122.28845275023299,37.85811099371488],[-122.28845283224938,37.858116340913696],[-122.28845356953904,37.85812165646195],[-122.28845495511736,37.85812689000184],[-122.2885719548156,37.8584818900646],[-122.28857392050912,37.858486873080636],[-122.288576473911,37.85849168566125],[-122.28857959196245,37.858496284345826],[-122.28858324650571,37.85850062760538],[-122.28858740453799,37.85850467621756],[-122.28859202850978,37.85850839362086],[-122.28859707666376,37.858511746244766],[-122.28868007668355,37.858561746274155]]},"properties":{"id":"5703R","street":"SAN PABLO AVE","side":"R","pavement_ft":40,"width_ft":9.0,"width_source":"default","path_ft":6,"depth_ft":-1.5,"zone":"C-W","district":"West Berkeley Commercial","cat":"com","zone_dist_m":2.5,"campable_zone":true,"count":0,"placement":null}},{"type":"Feature","geometry":{"type":"LineString","coordinates":[[-122.28878229839285,37.85854507415571],[-122.28883229835492,37.858475074130034],[-122.28883530890641,37.85847034027948],[-122.28883772996825,37.858465398411646],[-122.28883953899722,37.85846029454186],[-122.28884071914904,37.85845507619387],[-122.28884125943505,37.8584497919574],[-122.28884115482464,37.85844449103562],[-122.28884040629198,37.8584392227871],[-122.28883902080705,37.85843403626615],[-122.28872202050734,37.858081036328926],[-122.28872004969884,37.85807606320774],[-122.2887174933017,37.85807126055909],[-122.28871437432916,37.85806667161724],[-122.28871072085879,37.85806233769263],[-122.28870656577992,37.858058297799985],[-122.2887019464973,37.858054588307084],[-122.28869690459454,37.85805124260741],[-122.28869148545975,37.858048290819504],[-122.28868573787692,37.858045759515825],[-122.28860673791597,37.85801475953661]]},"properties":{"id":"5704R","street":"SAN PABLO AVE","side":"R","pavement_ft":40,"width_ft":10.2,"width_source":"default","path_ft":6,"depth_ft":-0.3,"zone":"C-W","district":"West Berkeley Commercial","cat":"com","zone_dist_m":4.5,"campable_zone":true,"count":0,"placement":null}},{"type":"Feature","geometry":{"type":"LineString","coordinates":[[-122.28837997575319,37.85761796931743],[-122.28834197572101,37.85767396929765],[-122.28833892649969,37.85767907607398],[-122.28833655491347,37.85768440413999],[-122.28833488604417,37.857689897146585],[-122.28833393754175,37.85769549700027],[-122.28833371943766,37.85770114447748],[-122.28833423403867,37.85770677985099],[-122.28833547590261,37.85771234352163],[-122.28843347560972,37.858049343574194],[-122.28843541173448,37.858054730528835],[-122.28843802960354,37.85805993318726],[-122.28844130200613,37.85806489747145],[-122.28844519492802,37.85806957178113],[-122.28844966790506,37.858073907530084],[-122.28845467444387,37.85807785965119],[-122.28846016250502,37.85808138706487],[-122.28846607504391,37.85808445310607],[-122.28847235060383,37.85808702590543],[-122.28854735064348,37.858114025923854]]},"properties":{"id":"5705R","street":"SAN PABLO AVE","side":"R","pavement_ft":40,"width_ft":11.1,"width_source":"default","path_ft":6,"depth_ft":0.6,"zone":"C-W","district":"West Berkeley Commercial","cat":"com","zone_dist_m":2.8,"campable_zone":true,"count":0,"placement":null}},{"type":"Feature","geometry":{"type":"LineString","coordinates":[[-122.28863625420463,37.858091135410056],[-122.28868425416847,37.85802413538541],[-122.28868719377326,37.85801954357716],[-122.288689578246,37.858014753732846],[-122.28869138664012,37.85800980792933],[-122.28869260306978,37.858004749613514],[-122.28869321684923,37.85799962322068],[-122.28869322258679,37.85799447378408],[-122.28869262023218,37.85798934653943],[-122.28869141507698,37.85798428652748],[-122.28859841480892,37.85767428657739],[-122.28859649149648,37.857669046766894],[-122.28859392204637,37.85766398408285],[-122.2885907318089,37.857659148473616],[-122.28858695225892,37.85765458764717],[-122.28858262068552,37.85765034660049],[-122.28857777982397,37.85764646717565],[-122.28857247743412,37.85764298764693],[-122.28856676582926,37.857639942343255],[-122.28847676586483,37.857596942370606]]},"properties":{"id":"5706R","street":"SAN PABLO AVE","side":"R","pavement_ft":40,"width_ft":13.0,"width_source":"default","path_ft":6,"depth_ft":2.5,"zone":"C-W","district":"West Berkeley Commercial","cat":"com","zone_dist_m":3.8,"campable_zone":true,"count":0,"placement":null}},{"type":"Feature","geometry":{"type":"LineString","coordinates":[[-122.28823276822651,37.85718446284439],[-122.28819976817103,37.85725746282576],[-122.28819777208005,37.85726268018895],[-122.28819643802464,37.85726802872091],[-122.28819577914217,37.85727345575127],[-122.28819580192126,37.85727890783667],[-122.2881965061377,37.85728433128694],[-122.2881978848568,37.857289672693945],[-122.2883028845805,37.8576136727503],[-122.28830479232181,37.857618591178614],[-122.28830727206692,37.85762334652474],[-122.28831030206355,37.857627897074664],[-122.28831385573255,37.85763220291079],[-122.28831790190112,37.85763622626217],[-122.28832240507619,37.857639931835834],[-122.2883273257558,37.85764328712633],[-122.28839832577114,37.857687287151904]]},"properties":{"id":"5707R","street":"SAN PABLO AVE","side":"R","pavement_ft":40,"width_ft":12.8,"width_source":"default","path_ft":6,"depth_ft":2.3,"zone":"C-W","district":"West Berkeley Commercial","cat":"com","zone_dist_m":3.6,"campable_zone":true,"count":0,"placement":null}},{"type":"Feature","geometry":{"type":"LineString","coordinates":[[-122.28849944822308,37.85767351380041],[-122.2885484481952,37.85761251377609],[-122.28855191950184,37.85760766585897],[-122.28855475332217,37.857602563997204],[-122.28855692048101,37.8575972607165],[-122.28855839866675,37.857591810616256],[-122.28855917266102,37.85758626980744],[-122.28855923449541,37.85758069533487],[-122.28855858353344,37.85757514458993],[-122.28855722647724,37.85756967471973],[-122.28845222619175,37.8572366747761],[-122.2884501192205,37.85723121563247],[-122.28844730912189,37.85722595931407],[-122.28844382623824,37.85722096257622],[-122.28843970817621,37.85721627937138],[-122.28843499940086,37.85721196026661],[-122.28842975075543,37.85720805189757],[-122.28842401891242,37.857204596465],[-122.28833701894007,37.85715759649378]]},"properties":{"id":"5708R","street":"SAN PABLO AVE","side":"R","pavement_ft":40,"width_ft":10.3,"width_source":"default","path_ft":6,"depth_ft":-0.2,"zone":"C-W","district":"West Berkeley Commercial","cat":"com","zone_dist_m":3.7,"campable_zone":true,"count":0,"placement":null}},{"type":"Feature","geometry":{"type":"LineString","coordinates":[[-122.28813289305165,37.85681969036222],[-122.28808289303622,37.85687169033893],[-122.28807899298234,37.85687619443556],[-122.28807567641331,37.85688098337341],[-122.28807297612478,37.85688600979756],[-122.2880709188184,37.8568912240047],[-122.28806952483784,37.856896574434685],[-122.28806880796739,37.85690200818028],[-122.28806877529597,37.856907471510404],[-122.28806942714677,37.85691291040142],[-122.28807075707421,37.856918271071336],[-122.28815175685286,37.85717627111481],[-122.28815364349799,37.85718125884392],[-122.2881561172274,37.857186082557774],[-122.28815915582021,37.85719069892589],[-122.28816273198139,37.85719506648037],[-122.28816681358714,37.857199145988346],[-122.28817136397323,37.85720290080439],[-122.28817634226455,37.85720629719971],[-122.28818170374205,37.85720930466513],[-122.2882607037705,37.85724930469016]]},"properties":{"id":"5709R","street":"SAN PABLO AVE","side":"R","pavement_ft":40,"width_ft":12.3,"width_source":"default","path_ft":6,"depth_ft":1.8,"zone":"C-W","district":"West Berkeley Commercial","cat":"com","zone_dist_m":2.8,"campable_zone":true,"count":0,"placement":null}},{"type":"Feature","geometry":{"type":"LineString","coordinates":[[-122.2883583818724,37.85722995543863],[-122.28840738183479,37.857160955413434],[-122.28841032633022,37.85715630720631],[-122.2884127032143,37.85715145905383],[-122.28841449118251,37.85714645441133],[-122.28841567420889,37.857141338136714],[-122.28841624168976,37.85713615608861],[-122.28841618853883,37.85713095471507],[-122.28841551523254,37.857125780637425],[-122.28841422780614,37.85712068023227],[-122.28833322758581,37.85686368027573],[-122.28833131763211,37.85685865452548],[-122.28832881150169,37.85685379622099],[-122.28832573206898,37.856849149705695],[-122.28832210744113,37.856844757389936],[-122.28831797070143,37.85684065936391],[-122.28831335960746,37.856836893031684],[-122.28830831624627,37.85683349276986],[-122.28830288665038,37.85683048961378],[-122.28829712037759,37.85682791097426],[-122.2882910700587,37.85682578038742],[-122.28821307010404,37.8568017804043]]},"properties":{"id":"5710R","street":"SAN PABLO AVE","side":"R","pavement_ft":40,"width_ft":13.0,"width_source":"default","path_ft":6,"depth_ft":2.5,"zone":"C-W","district":"West Berkeley Commercial","cat":"com","zone_dist_m":4.0,"campable_zone":true,"count":0,"placement":null}},{"type":"Feature","geometry":{"type":"LineString","coordinates":[[-122.28821747924206,37.85680883186621],[-122.28826947922097,37.85675083184136],[-122.28827305419334,37.85674641121009],[-122.28827608053525,37.85674174016157],[-122.2882785305994,37.85673686136858],[-122.28828038200308,37.85673181940176],[-122.28828161783282,37.85672666032241],[-122.28828222679869,37.85672143126176],[-122.28828220333757,37.85671617999031],[-122.28828154766391,37.85671095448144],[-122.28828026576782,37.85670580247324],[-122.28813326536331,37.85623480255213],[-122.28813130716783,37.85622963236406],[-122.28812871849054,37.85622463949921],[-122.28812552432295,37.856219872159166],[-122.28812175550193,37.856215376368304],[-122.2881174484122,37.85621119552938],[-122.28811264463481,37.856207370004626],[-122.28810739054596,37.85620393672597],[-122.28810173686918,37.856200928838625],[-122.28801373690399,37.85615892886535]]},"properties":{"id":"5711R","street":"SAN PABLO AVE","side":"R","pavement_ft":40,"width_ft":9.7,"width_source":"default","path_ft":6,"depth_ft":-0.8,"zone":"C-W","district":"West Berkeley Commercial","cat":"com","zone_dist_m":4.1,"campable_zone":true,"count":0,"placement":null}},{"type":"Feature","geometry":{"type":"LineString","coordinates":[[-122.28791774769941,37.85617886407558],[-122.28786974766327,37.85624586405097],[-122.28786679767282,37.85625047413937],[-122.287864407221,37.85625528365248],[-122.28786259747088,37.856260250011026],[-122.28786138444458,37.85626532924719],[-122.2878607788813,37.856270476393746],[-122.28786078614225,37.85627564588233],[-122.28786140616334,37.856280791946716],[-122.28786263345555,37.85628586902807],[-122.28800363305518,37.85674986910373],[-122.28800565736539,37.85675528917096],[-122.28800837336739,37.85676051563639],[-122.28801175231075,37.85676549317471],[-122.28801575842742,37.85677016909561],[-122.2880203493103,37.85677449390157],[-122.28802547636214,37.856778421811846],[-122.28803108531001,37.856781911247076],[-122.28803711677973,37.8567849252694],[-122.28812711681887,37.856824925295385]]},"properties":{"id":"5712R","street":"SAN PABLO AVE","side":"R","pavement_ft":40,"width_ft":10.1,"width_source":"default","path_ft":6,"depth_ft":-0.4,"zone":"C-W","district":"West Berkeley Commercial","cat":"com","zone_dist_m":2.7,"campable_zone":true,"count":0,"placement":null}},{"type":"Feature","geometry":{"type":"LineString","coordinates":[[-122.28812130068155,37.856867895953506],[-122.28809430074507,37.85679189593902]]},"properties":{"id":"5713L","street":"SAN PABLO AVE","side":"L","pavement_ft":40,"width_ft":37.1,"width_source":"default","path_ft":10,"depth_ft":22.6,"zone":"C-W","district":"West Berkeley Commercial","cat":"com","zone_dist_m":11.3,"campable_zone":true,"count":0,"placement":null}},{"type":"Feature","geometry":{"type":"LineString","coordinates":[[-122.2882546992922,37.85683810400842],[-122.28822769922866,37.85676210402288]]},"properties":{"id":"5713R","street":"SAN PABLO AVE","side":"R","pavement_ft":40,"width_ft":30.0,"width_source":"default","path_ft":10,"depth_ft":15.5,"zone":"C-W","district":"West Berkeley Commercial","cat":"com","zone_dist_m":9.9,"campable_zone":true,"count":1,"placement":"building"}},{"type":"Feature","geometry":{"type":"LineString","coordinates":[[-122.28803479999371,37.8562374705474],[-122.28808679997135,37.85617847052241],[-122.2880903405834,37.856174012289785],[-122.28809332634488,37.85616930567102],[-122.28809572980087,37.85616439394492],[-122.28809752885098,37.85615932227634],[-122.28809870695251,37.85615413730085],[-122.28809925327258,37.85614888669588],[-122.28809916278773,37.85614361874236],[-122.28809843633016,37.8561383818807],[-122.28809708057997,37.85613322426543],[-122.28770507955831,37.85493322447577],[-122.28770308396227,37.854928143375865],[-122.28770047772454,37.854923239196],[-122.2876972852979,37.85491855794902],[-122.28769353663496,37.85491414355609],[-122.28768926690714,37.854910037434635],[-122.28768451617464,37.85490627810978],[-122.28767932901069,37.85490290085289],[-122.28767375408309,37.854899937350574],[-122.28766784369795,37.85489741540747],[-122.2875938437356,37.85486941542639]]},"properties":{"id":"5714R","street":"SAN PABLO AVE","side":"R","pavement_ft":40,"width_ft":10.8,"width_source":"default","path_ft":6,"depth_ft":0.3,"zone":"C-W","district":"West Berkeley Commercial","cat":"com","zone_dist_m":4.4,"campable_zone":true,"count":0,"placement":null}},{"type":"Feature","geometry":{"type":"LineString","coordinates":[[-122.28750407254627,37.854891416995606],[-122.28746307251684,37.854947416974696],[-122.2874599826062,37.85495215266634],[-122.28745748619862,37.85495710353636],[-122.2874556068056,37.85496222295705],[-122.2874543621276,37.85496746271326],[-122.28745376388723,37.85497277345651],[-122.28745381771888,37.854978105169735],[-122.28745452311574,37.85498340763837],[-122.28745587343445,37.85498863092327],[-122.28784187241476,37.85618363113039],[-122.28784374176435,37.85618847652214],[-122.28784616617529,37.85619316475996],[-122.28784912502655,37.856197655967506],[-122.28785259315141,37.8562019119443],[-122.28785654105141,37.85620589649061],[-122.28786093514726,37.85620957571544],[-122.28786573806454,37.856212918324665],[-122.28787090895152,37.85621589588734],[-122.28793990897505,37.85625189590962]]},"properties":{"id":"5715R","street":"SAN PABLO AVE","side":"R","pavement_ft":40,"width_ft":14.5,"width_source":"default","path_ft":10,"depth_ft":-0.0,"zone":"C-W","district":"West Berkeley Commercial","cat":"com","zone_dist_m":4.3,"campable_zone":true,"count":0,"placement":null}},{"type":"Feature","geometry":{"type":"LineString","coordinates":[[-122.28733848555031,37.85436635772445],[-122.2872884855259,37.85442535770009],[-122.28728477584164,37.85443027004594],[-122.28728173107827,37.8544354618306],[-122.28727938430337,37.85444087666903],[-122.28727776100413,37.854446455753724],[-122.28727687881043,37.85445213849337],[-122.28727674730345,37.854457863170914],[-122.28727736791163,37.85446356761379],[-122.28727873389501,37.85446918986923],[-122.28740973353429,37.85488918993952],[-122.28741164624734,37.85489426047694],[-122.28741416540373,37.854899161568405],[-122.2874172676274,37.854903847734725],[-122.28742092413167,37.85490827549111],[-122.28742510098645,37.85491240375063],[-122.28742975943311,37.85491619420549],[-122.28743485624416,37.854919611682554],[-122.28744034412419,37.854922624469644],[-122.28752734415684,37.85496562449673]]},"properties":{"id":"5716R","street":"SAN PABLO AVE","side":"R","pavement_ft":40,"width_ft":9.1,"width_source":"default","path_ft":6,"depth_ft":-1.4,"zone":"C-W","district":"West Berkeley Commercial","cat":"com","zone_dist_m":3.1,"campable_zone":true,"count":0,"placement":null}},{"type":"Feature","geometry":{"type":"LineString","coordinates":[[-122.28762251425982,37.854948428738794],[-122.28767051423223,37.85488842871494],[-122.28767395178197,37.85488361124253],[-122.28767676055041,37.854878543977975],[-122.28767891202999,37.85487327835158],[-122.28768038438432,37.85486786780695],[-122.28768116266991,37.85486236725856],[-122.28768123898769,37.85485683253431],[-122.2876806125632,37.85485131980899],[-122.2876792897545,37.85484588503411],[-122.28754628938566,37.85441688510548],[-122.28754439164504,37.854411825929546],[-122.28754189037993,37.854406934489305],[-122.28753880867558,37.854402255929706],[-122.28753517497435,37.85439783343097],[-122.28753102281311,37.85439370781001],[-122.28752639051382,37.85438991714373],[-122.28752132082973,37.85438649641758],[-122.28751586055097,37.85438347720276],[-122.28751006007249,37.854380887364705],[-122.287427060113,37.854347887386744]]},"properties":{"id":"5717R","street":"SAN PABLO AVE","side":"R","pavement_ft":40,"width_ft":10.8,"width_source":"default","path_ft":6,"depth_ft":0.3,"zone":"C-W","district":"West Berkeley Commercial","cat":"com","zone_dist_m":3.9,"campable_zone":true,"count":0,"placement":null}},{"type":"Feature","geometry":{"type":"LineString","coordinates":[[-122.28745547764836,37.854425187897235],[-122.28750447761558,37.85436018787246],[-122.28750770086234,37.85435538752505],[-122.28751030978452,37.85435035803386],[-122.28751227882081,37.85434514867637],[-122.28751358867935,37.854339810492306],[-122.28751422652662,37.854334395783596],[-122.28751418611336,37.854328957601915],[-122.2875134678357,37.8543235492289],[-122.28751207873118,37.85431822365419],[-122.28728307813442,37.85361722377705],[-122.28728102799111,37.853612024862905],[-122.28727833864951,37.853607012466796],[-122.28727503654481,37.8536022358585],[-122.28727115413548,37.8535977419901],[-122.28726672958409,37.853593575034445],[-122.28726180638219,37.853589775950965],[-122.28725643292287,37.85358638208305],[-122.28725066202502,37.85358342679097],[-122.28724455041417,37.85358093912403],[-122.28723815816491,37.85357894353491],[-122.28716715820872,37.85355994354855]]},"properties":{"id":"5718R","street":"SAN PABLO AVE","side":"R","pavement_ft":40,"width_ft":10.6,"width_source":"default","path_ft":6,"depth_ft":0.1,"zone":"C-W","district":"West Berkeley Commercial","cat":"com","zone_dist_m":4.7,"campable_zone":true,"count":0,"placement":null}},{"type":"Feature","geometry":{"type":"LineString","coordinates":[[-122.28709305912099,37.853575634621244],[-122.2870440591149,37.853619634599816],[-122.2870398783932,37.85362377556355],[-122.28703622078305,37.85362821689281],[-122.28703312037727,37.853632917189785],[-122.28703060607496,37.853637832642846],[-122.28702870131217,37.85364291743485],[-122.28702742384334,37.85364812417023],[-122.28702678557602,37.853653404316766],[-122.28702679245963,37.853658708657974],[-122.28702744443015,37.85366398775183],[-122.28702873541069,37.853669192391656],[-122.2872477348078,37.854371192509156],[-122.28724968139521,37.85437633834182],[-122.28725225252467,37.85438130883319],[-122.28725542361255,37.854386056458026],[-122.28725916433862,37.854390535822056],[-122.28726343893618,37.854394704095924],[-122.28726820653384,37.85439852142477],[-122.28727342154632,37.8544019513093],[-122.28727903411048,37.85440496095469],[-122.28736003414213,37.85444396097945]]},"properties":{"id":"5719R","street":"SAN PABLO AVE","side":"R","pavement_ft":40,"width_ft":13.1,"width_source":"default","path_ft":6,"depth_ft":2.6,"zone":"C-W","district":"West Berkeley Commercial","cat":"com","zone_dist_m":3.8,"campable_zone":true,"count":0,"placement":null}},{"type":"Feature","geometry":{"type":"LineString","coordinates":[[-122.28689526796597,37.852975306913805],[-122.28684826795255,37.8530233068921],[-122.286844250439,37.85302786937354],[-122.28684083556576,37.853032730671046],[-122.28683805836198,37.85303784091846],[-122.28683594731575,37.85304314769596],[-122.28683452408191,37.85304859656771],[-122.28683380325982,37.85305413164034],[-122.2868337922437,37.853059696136235],[-122.28683449114672,37.85306523297591],[-122.28683589279981,37.85307068536359],[-122.28700489235567,37.853591685454255],[-122.28700691483988,37.853596851438894],[-122.28700956819915,37.85360183469545],[-122.28701282671442,37.85360658692089],[-122.28701665880077,37.85361106205153],[-122.28702102731356,37.85361521670957],[-122.2870258899086,37.853619010623625],[-122.28703119945244,37.85362240701896],[-122.28703690447928,37.85362537297408],[-122.28710990450921,37.85365937299587]]},"properties":{"id":"5720R","street":"SAN PABLO AVE","side":"R","pavement_ft":40,"width_ft":14.7,"width_source":"default","path_ft":10,"depth_ft":0.2,"zone":"C-W","district":"West Berkeley Commercial","cat":"com","zone_dist_m":4.1,"campable_zone":true,"count":0,"placement":null}},{"type":"Feature","geometry":{"type":"LineString","coordinates":[[-122.28719612411005,37.85364908592215],[-122.28724112410629,37.85361008590281],[-122.28724543867493,37.85360595922231],[-122.28724922553589,37.85360151881116],[-122.28725244864304,37.85359680693656],[-122.28725507731653,37.853591868449726],[-122.28725708653475,37.85358675035892],[-122.28725845717254,37.853581501382024],[-122.28725917618334,37.853576171482764],[-122.28725923672314,37.85357081139514],[-122.28725863821585,37.85356547214047],[-122.28725738635863,37.85356020454181],[-122.28709338588966,37.85301720462979],[-122.28709143723147,37.85301193220083],[-122.28708883419442,37.85300684045191],[-122.28708560280928,37.853001980301066],[-122.28708177539036,37.85299740035024],[-122.2870773902123,37.8529931463994],[-122.28707249112739,37.852989260988444],[-122.28706712712697,37.852985782971835],[-122.28706135185165,37.85298274713004],[-122.28705522305471,37.85298018382178],[-122.28704880202466,37.852978118680326],[-122.28697280207099,37.852957118695336]]},"properties":{"id":"5721R","street":"SAN PABLO AVE","side":"R","pavement_ft":40,"width_ft":11.8,"width_source":"default","path_ft":6,"depth_ft":1.3,"zone":"C-W","district":"West Berkeley Commercial","cat":"com","zone_dist_m":4.9,"campable_zone":true,"count":0,"placement":null}},{"type":"Feature","geometry":{"type":"LineString","coordinates":[[-122.28661705886665,37.8521264387498],[-122.28656805883145,37.852193438724804],[-122.28656495925313,37.85219819728505],[-122.28656245872696,37.852203172531084],[-122.28656058101468,37.85220831718505],[-122.28655934395954,37.852213582359234],[-122.286558759317,37.85221891802066],[-122.28655883264284,37.85222427346657],[-122.28655956324036,37.85222959780612],[-122.28656094416716,37.85223484044409],[-122.28679994354805,37.8529628405723],[-122.28680192901267,37.85296788097306],[-122.28680451557406,37.85297274696007],[-122.28680767933882,37.85297739358348],[-122.28681139108166,37.85298177791986],[-122.28681561651513,37.852985859468646],[-122.28682031660671,37.8529896005263],[-122.28690331661335,37.853049600558876]]},"properties":{"id":"5722R","street":"SAN PABLO AVE","side":"R","pavement_ft":40,"width_ft":12.0,"width_source":"default","path_ft":6,"depth_ft":1.5,"zone":"C-W","district":"West Berkeley Commercial","cat":"com","zone_dist_m":3.5,"campable_zone":true,"count":0,"placement":null}},{"type":"Feature","geometry":{"type":"LineString","coordinates":[[-122.28701418774051,37.853029694745594],[-122.28705418768477,37.85295169472348],[-122.28705658567654,37.85294620247361],[-122.28705823851982,37.85294054009582],[-122.2870591277181,37.85293477095678],[-122.2870592433207,37.852928959617884],[-122.28705858403413,37.852923171112735],[-122.28705715723652,37.85291747021943],[-122.28682515661788,37.85219347034394],[-122.28682299017699,37.85218794627534],[-122.28682010320169,37.85218263345225],[-122.28681652769957,37.85217759077699],[-122.28681230331165,37.85217287415677],[-122.28680747687311,37.85216853588387],[-122.28680210189383,37.852164624055916],[-122.28672110190763,37.85211162408601]]},"properties":{"id":"5723R","street":"SAN PABLO AVE","side":"R","pavement_ft":40,"width_ft":10.4,"width_source":"default","path_ft":6,"depth_ft":-0.1,"zone":"C-W","district":"West Berkeley Commercial","cat":"com","zone_dist_m":4.7,"campable_zone":true,"count":0,"placement":null}},{"type":"Feature","geometry":{"type":"LineString","coordinates":[[-122.28674317815869,37.85217028103826],[-122.28677917808503,37.85207828101753],[-122.28678077615439,37.852073422937394],[-122.28678180825545,37.85206846946961],[-122.28678226576974,37.85206346197837],[-122.28678214487687,37.852058442278974],[-122.28678144658643,37.85205345228867],[-122.28678017672972,37.85204853367658],[-122.28667017643464,37.851703533735616]]},"properties":{"id":"5724R","street":"SAN PABLO AVE","side":"R","pavement_ft":40,"width_ft":12.0,"width_source":"default","path_ft":6,"depth_ft":1.5,"zone":"C-W","district":"West Berkeley Commercial","cat":"com","zone_dist_m":5.0,"campable_zone":true,"count":0,"placement":null}},{"type":"Feature","geometry":{"type":"LineString","coordinates":[[-122.28640794821172,37.85175885144266],[-122.28652294791411,37.85210885150435],[-122.28652506058914,37.85211416206122],[-122.28652784035762,37.85211927577512],[-122.28653125866435,37.85212414011515],[-122.28653528039476,37.8521287051121],[-122.2865398642355,37.85213292387178],[-122.28654496309883,37.852136753056755],[-122.28663196311092,37.852195753089745]]},"properties":{"id":"5725R","street":"SAN PABLO AVE","side":"R","pavement_ft":40,"width_ft":13.5,"width_source":"default","path_ft":6,"depth_ft":3.0,"zone":"C-W","district":"West Berkeley Commercial","cat":"com","zone_dist_m":4.2,"campable_zone":true,"count":0,"placement":null}},{"type":"Feature","geometry":{"type":"LineString","coordinates":[[-122.28666995388802,37.85170285405597],[-122.28654595357574,37.851333854122494]]},"properties":{"id":"5726R","street":"SAN PABLO AVE","side":"R","pavement_ft":40,"width_ft":10.1,"width_source":"default","path_ft":6,"depth_ft":-0.4,"zone":"C-W","district":"West Berkeley Commercial","cat":"com","zone_dist_m":4.9,"campable_zone":true,"count":0,"placement":null}},{"type":"Feature","geometry":{"type":"LineString","coordinates":[[-122.28628004525703,37.851378142478836],[-122.28640804493455,37.85175914254749]]},"properties":{"id":"5727R","street":"SAN PABLO AVE","side":"R","pavement_ft":40,"width_ft":12.7,"width_source":"default","path_ft":6,"depth_ft":2.2,"zone":"C-W","district":"West Berkeley Commercial","cat":"com","zone_dist_m":3.9,"campable_zone":true,"count":0,"placement":null}},{"type":"Feature","geometry":{"type":"LineString","coordinates":[[-122.28654650187563,37.851335600204365],[-122.28644950158737,37.851003600256384],[-122.28644769970846,37.850998545564075],[-122.28644529729796,37.85099365041519],[-122.28644231631537,37.85098895955406],[-122.28643878400862,37.85098451585776],[-122.28643473266501,37.85098035994408],[-122.2864301993161,37.85097652980035],[-122.28642522539926,37.85097306043616],[-122.28641985637884,37.8509699835634],[-122.28633285640903,37.85092498359134]]},"properties":{"id":"5728R","street":"SAN PABLO AVE","side":"R","pavement_ft":40,"width_ft":9.6,"width_source":"default","path_ft":6,"depth_ft":-0.9,"zone":"C-W","district":"West Berkeley Commercial","cat":"com","zone_dist_m":3.9,"campable_zone":true,"count":0,"placement":null}},{"type":"Feature","geometry":{"type":"LineString","coordinates":[[-122.28623264564055,37.850947041823176],[-122.28618864559486,37.85101904179969],[-122.28618599112137,37.85102398863449],[-122.2861839590799,37.85102911749515],[-122.28618256892645,37.85103437927509],[-122.28618183397127,37.85103972359497],[-122.28618176125146,37.851045099285244],[-122.28618235146335,37.85105045487594],[-122.2861835989561,37.851055739089524],[-122.28628159867436,37.851381739142084]]},"properties":{"id":"5729R","street":"SAN PABLO AVE","side":"R","pavement_ft":40,"width_ft":13.5,"width_source":"default","path_ft":6,"depth_ft":3.0,"zone":"C-W","district":"West Berkeley Commercial","cat":"com","zone_dist_m":3.4,"campable_zone":true,"count":0,"placement":null}},{"type":"Feature","geometry":{"type":"LineString","coordinates":[[-122.2977066164533,37.8679342076443],[-122.29761061650503,37.867891207679136],[-122.29760318511578,37.86788824276407],[-122.29759542923935,37.86788585661527],[-122.29758742040262,37.86788407123847],[-122.2975792324654,37.86788290309895],[-122.2975709409392,37.86788236296961],[-122.29756262229084,37.86788245583167],[-122.29755435323726,37.867883180828734],[-122.29754621003805,37.86788453127468],[-122.29664821079557,37.86806953111801],[-122.29663973548018,37.868071650464685],[-122.29663157864773,37.8680744469826],[-122.29662382613509,37.868077891243146],[-122.29661655952442,37.8680819470013],[-122.29660985528467,37.86808657157705],[-122.2966037839667,37.86809171630453],[-122.29659840946108,37.868097327044126],[-122.29659378832564,37.868103344752264],[-122.29654878827843,37.868169344723015]]},"properties":{"id":"5782R","street":"UNIVERSITY AVE","side":"R","pavement_ft":50,"width_ft":6.0,"width_source":"gis","path_ft":6,"depth_ft":-4.5,"zone":"C-W","district":"West Berkeley Commercial","cat":"com","zone_dist_m":2.0,"campable_zone":true,"count":0,"placement":null}},{"type":"Feature","geometry":{"type":"LineString","coordinates":[[-122.29658431524167,37.86826263213471],[-122.29666731528954,37.86829763216352],[-122.29667556688737,37.868300682174436],[-122.29668417670005,37.868303028834475],[-122.29669304963463,37.86830464622542],[-122.2967020876919,37.8683055164836],[-122.29671119104903,37.86830562999729],[-122.29672025916189,37.8683049855127],[-122.29672919187568,37.86830359014806],[-122.29762419263503,37.868124589996434],[-122.29763220018353,37.86812265785278],[-122.29763993514216,37.86812012211545],[-122.29764732530346,37.86811700645612],[-122.29765430167875,37.86811333996009],[-122.29766079914221,37.868109156854864],[-122.29766675703874,37.86810449619061],[-122.29767211975026,37.868099401475575],[-122.29773311972573,37.86803540143997]]},"properties":{"id":"5783R","street":"UNIVERSITY AVE","side":"R","pavement_ft":50,"width_ft":4.3,"width_source":"gis","path_ft":6,"depth_ft":-6.2,"zone":"C-W","district":"West Berkeley Commercial","cat":"com","zone_dist_m":2.9,"campable_zone":true,"count":0,"placement":null}},{"type":"Feature","geometry":{"type":"LineString","coordinates":[[-122.29667684166294,37.86814697716389],[-122.29660084168684,37.86810197719719],[-122.2965937469497,37.86809819388157],[-122.29658621630547,37.86809498343287],[-122.29657832311477,37.86809237712602],[-122.29657014427,37.8680904003506],[-122.29656175944619,37.86808907236357],[-122.29655325032498,37.86808840610166],[-122.29654469979882,37.86808840805532],[-122.29653619116351,37.868089078205514],[-122.29652780730679,37.8680904100239],[-122.29554280814249,37.868287409857054],[-122.29553426584694,37.86828949525586],[-122.29552604006753,37.86829226730029],[-122.29551821836657,37.868295696482306],[-122.29551088400513,37.86829974629871],[-122.29550411505663,37.86830437363973],[-122.29549798357573,37.86830952924792],[-122.29549255483147,37.868315158242446],[-122.29548788661225,37.86832120070339],[-122.2954398865625,37.868391200672264]]},"properties":{"id":"5784R","street":"UNIVERSITY AVE","side":"R","pavement_ft":50,"width_ft":4.6,"width_source":"gis","path_ft":6,"depth_ft":-5.9,"zone":"C-W","district":"West Berkeley Commercial","cat":"com","zone_dist_m":1.4,"campable_zone":true,"count":0,"placement":null}},{"type":"Feature","geometry":{"type":"LineString","coordinates":[[-122.29437014903995,37.86870652005633],[-122.2944811491133,37.86874652009047],[-122.29448893501953,37.86874897303132],[-122.2944969834139,37.86875081828891],[-122.2945052190208,37.86875203860481],[-122.29451356481376,37.868752622565516],[-122.29452194273553,37.86875256470937],[-122.2945302744286,37.86875186557743],[-122.29453848196762,37.868750531708635],[-122.29549948278074,37.8685555315435],[-122.29550762955492,37.86855353500447],[-122.29551548926518,37.86855091322361],[-122.29552298576331,37.868547691601826],[-122.29553004642008,37.868543901351586],[-122.29553660282886,37.86853957919444],[-122.29554259146848,37.86853476700533],[-122.29554795431854,37.86852951140674],[-122.29555263942162,37.86852386331717],[-122.29555660138665,37.86851787745767],[-122.29559460133324,37.86845287743209]]},"properties":{"id":"5785R","street":"UNIVERSITY AVE","side":"R","pavement_ft":50,"width_ft":2.1,"width_source":"gis","path_ft":6,"depth_ft":-8.4,"zone":"C-W","district":"West Berkeley Commercial","cat":"com","zone_dist_m":2.0,"campable_zone":true,"count":0,"placement":null}},{"type":"Feature","geometry":{"type":"LineString","coordinates":[[-122.29547531502934,37.868484632082804],[-122.29555831507719,37.8685196321116],[-122.29556651436381,37.86852266536573],[-122.29557506801667,37.86852500413396],[-122.2955838827292,37.86852662290404],[-122.295592862347,37.868527504017834],[-122.29560190891677,37.868527637863735],[-122.29561092375491,37.86852702298175],[-122.29561980852401,37.868525666079215],[-122.2966088093661,37.8683316659149],[-122.29661703284208,37.868329705203266],[-122.29662497104934,37.868327108717224],[-122.29663254598927,37.8683239019691],[-122.29663968323266,37.86832011646752],[-122.29664631265096,37.868315789407795],[-122.29665236910553,37.86831096330637],[-122.2966577930874,37.868305685583195],[-122.29666253130223,37.86830000809565],[-122.2966665371938,37.86829398662912],[-122.29670353714222,37.86823098660423]]},"properties":{"id":"5786R","street":"UNIVERSITY AVE","side":"R","pavement_ft":50,"width_ft":4.4,"width_source":"gis","path_ft":6,"depth_ft":-6.1,"zone":"C-W","district":"West Berkeley Commercial","cat":"com","zone_dist_m":2.6,"campable_zone":true,"count":0,"placement":null}},{"type":"Feature","geometry":{"type":"LineString","coordinates":[[-122.29557341041206,37.86837256865321],[-122.29550641042111,37.868325568685584],[-122.29549974381614,37.86832133766883],[-122.29549258411883,37.868317647539975],[-122.29548500090209,37.86831453415705],[-122.2954770678543,37.8683120277737],[-122.29546886206319,37.86831015274517],[-122.29546046326674,37.868308927291636],[-122.29545195307848,37.86830836332118],[-122.29544341419435,37.868308466314076],[-122.2954349295891,37.86830923526948],[-122.29542658171002,37.86831066271525],[-122.29445658252318,37.86851666254087],[-122.29444901682014,37.86851856772378],[-122.29444170286526,37.868521013901244],[-122.29443470206887,37.868523980534356],[-122.29442807321185,37.86852744271437],[-122.29442187195227,37.86853137137171],[-122.29441615035793,37.868535733520105],[-122.29434315035395,37.86859673348157]]},"properties":{"id":"5787R","street":"UNIVERSITY AVE","side":"R","pavement_ft":50,"width_ft":8.0,"width_source":"gis","path_ft":6,"depth_ft":-2.5,"zone":"C-W","district":"West Berkeley Commercial","cat":"com","zone_dist_m":2.6,"campable_zone":true,"count":0,"placement":null}},{"type":"Feature","geometry":{"type":"LineString","coordinates":[[-122.28957781765999,37.8693896083176],[-122.28951781766155,37.869343608346725],[-122.28951197827479,37.869339532798556],[-122.28950568402423,37.869335907642515],[-122.28949898999116,37.869332764602454],[-122.28949195475533,37.86933013118323],[-122.28948463988239,37.86932803043],[-122.28947710938499,37.8693264807265],[-122.28946942916286,37.86932549563424],[-122.28946166642585,37.8693250837738],[-122.28945388910587,37.86932524874937],[-122.28944616526256,37.86932598911727],[-122.28808516642958,37.869507988971],[-122.2880772918488,37.869509356024025],[-122.28806962121088,37.869511320997916],[-122.28806222657965,37.869513865432246],[-122.28805517742592,37.86951696542264],[-122.28804853997487,37.86952059184542],[-122.28804237658383,37.86952471063123],[-122.28803674515648,37.86952928308502],[-122.28803169859889,37.869534266249666],[-122.2880272843224,37.869539613309485],[-122.28802354379826,37.86954527403008],[-122.28802051216802,37.86955119523029],[-122.28801821791329,37.86955732128175],[-122.28801668258828,37.86956359463159],[-122.28800668252856,37.86961859462408]]},"properties":{"id":"5788R","street":"UNIVERSITY AVE","side":"R","pavement_ft":48,"width_ft":9.5,"width_source":"gis","path_ft":6,"depth_ft":-1.0,"zone":"C-U","district":"University Avenue Commercial","cat":"com","zone_dist_m":3.4,"campable_zone":true,"count":0,"placement":null}},{"type":"Feature","geometry":{"type":"LineString","coordinates":[[-122.28815786598376,37.86959103478148],[-122.28811686595881,37.86954303480494],[-122.28811172967569,37.8695376395698],[-122.28810592354671,37.86953268957471],[-122.28809950859862,37.86952823684776],[-122.28809255225744,37.869524328190394],[-122.2880851276394,37.86952100468545],[-122.2880773127828,37.86951830126539],[-122.28806918982748,37.86951624634515],[-122.28806084415164,37.86951486152342],[-122.28805236347446,37.869514161355696],[-122.28804383693401,37.86951415320124],[-122.28803535415041,37.86951483714576],[-122.28754335457516,37.86957483709781],[-122.28753582358087,37.86957604007563],[-122.28752846474165,37.869577788791794],[-122.28752134084678,37.869580068325405],[-122.28751451268083,37.86958285922634],[-122.28750803850511,37.86958613768129],[-122.28750197356051,37.86958987571684],[-122.2874963695962,37.86959404143823],[-122.28749127442808,37.86959859930147],[-122.28743427441198,37.869654599270355]]},"properties":{"id":"5789R","street":"UNIVERSITY AVE","side":"R","pavement_ft":48,"width_ft":10.3,"width_source":"gis","path_ft":6,"depth_ft":-0.2,"zone":"C-U","district":"University Avenue Commercial","cat":"com","zone_dist_m":3.4,"campable_zone":true,"count":0,"placement":null}},{"type":"Feature","geometry":{"type":"LineString","coordinates":[[-122.28656440474332,37.86994106744875],[-122.2874604055136,37.86982506735574],[-122.28746796738734,37.86982379986059],[-122.28747534817568,37.86982198135719],[-122.28748248413423,37.8698196275511],[-122.2874893136332,37.869816758771016],[-122.2874957776894,37.869813399793216],[-122.28750182047598,37.8698095796276],[-122.28750738980432,37.8698053312671],[-122.28751243757488,37.869800691402794],[-122.28751692019259,37.86979570010695],[-122.2875689201582,37.8697317000761]]},"properties":{"id":"5790R","street":"UNIVERSITY AVE","side":"R","pavement_ft":48,"width_ft":5.6,"width_source":"gis","path_ft":6,"depth_ft":-4.9,"zone":"C-U","district":"University Avenue Commercial","cat":"com","zone_dist_m":2.2,"campable_zone":true,"count":0,"placement":null}},{"type":"Feature","geometry":{"type":"LineString","coordinates":[[-122.28652962867469,37.86969992823285],[-122.28431463057933,37.86998592800353],[-122.28430624894614,37.869987365239695],[-122.28429809856137,37.86998947901609],[-122.28429026607662,37.86999224685987],[-122.28428283476381,37.86999563934446],[-122.28427588362968,37.8699996204023],[-122.28426948657598,37.87000414770838],[-122.28419048657823,37.87006614766964]]},"properties":{"id":"5791R","street":"UNIVERSITY AVE","side":"R","pavement_ft":48,"width_ft":6.5,"width_source":"gis","path_ft":6,"depth_ft":-4.0,"zone":"C-U","district":"University Avenue Commercial","cat":"com","zone_dist_m":1.9,"campable_zone":true,"count":0,"placement":null}},{"type":"Feature","geometry":{"type":"LineString","coordinates":[[-122.2880167047991,37.86966059191465],[-122.28804970476807,37.86970659193439],[-122.28805423801847,37.86971222593556],[-122.28805946742759,37.869717467219836],[-122.28806533927072,37.86972226194041],[-122.28807179322307,37.86972656083828],[-122.28807876297945,37.869730319748335],[-122.28808617693552,37.86973350005303],[-122.28809395892331,37.86973606907922],[-122.28810202899386,37.86973800043378],[-122.28811030423854,37.86973927427469],[-122.28811869964078,37.869739877515094],[-122.28812712894961,37.86973980395746],[-122.28813550556569,37.86973905435754],[-122.28948450672468,37.869563054216286],[-122.28949210189076,37.869561771993375],[-122.28949951308691,37.86955993379614],[-122.28950667570103,37.869557555650296],[-122.28951352728826,37.86955465828894],[-122.28952000811536,37.86955126697173],[-122.28952606168137,37.869547411264755],[-122.28953163521037,37.86954312478274],[-122.2895366801115,37.869538444895944],[-122.28954115240253,37.869533412404365],[-122.28959015236906,37.8694724123752]]},"properties":{"id":"5792R","street":"UNIVERSITY AVE","side":"R","pavement_ft":48,"width_ft":4.5,"width_source":"gis","path_ft":6,"depth_ft":-6.0,"zone":"C-U","district":"University Avenue Commercial","cat":"com","zone_dist_m":2.1,"campable_zone":true,"count":0,"placement":null}},{"type":"Feature","geometry":{"type":"LineString","coordinates":[[-122.2875504000429,37.869644169038224],[-122.28748140006039,37.869601169068154],[-122.28747440339495,37.86959725348816],[-122.2874669358527,37.869593929074355],[-122.28745907662338,37.86959123108055],[-122.28745090905043,37.869589188117665],[-122.28744251974702,37.86958782185038],[-122.28743399767774,37.869587146767266],[-122.28742543321503,37.86958717002727],[-122.28741691718089,37.869587891383716],[-122.28652991794483,37.86969989129403]]},"properties":{"id":"5793R","street":"UNIVERSITY AVE","side":"R","pavement_ft":48,"width_ft":5.2,"width_source":"gis","path_ft":6,"depth_ft":-5.3,"zone":"C-U","district":"University Avenue Commercial","cat":"com","zone_dist_m":1.4,"campable_zone":true,"count":0,"placement":null}},{"type":"Feature","geometry":{"type":"LineString","coordinates":[[-122.28191396801274,37.870474117035855],[-122.28207696813804,37.87051311707],[-122.2820842991946,37.87051458647474],[-122.28209176830927,37.87051552197285],[-122.28209931373821,37.87051591583099],[-122.28210687310674,37.870515764793275],[-122.28211438392495,37.870515070108326],[-122.28422638574092,37.870242069889485],[-122.28423443091079,37.870240702991836],[-122.28424226633294,37.87023871262401],[-122.2842498153209,37.87023611826602],[-122.28425700399156,37.87023294530927],[-122.2842637619883,37.87022922480799],[-122.28427002316967,37.87022499317529],[-122.28427572625657,37.8702202918268],[-122.2842808154322,37.870215166775324],[-122.28428524088808,37.87020966818052],[-122.28428895931187,37.87020384985794],[-122.28432495925998,37.870139849834466]]},"properties":{"id":"5794R","street":"UNIVERSITY AVE","side":"R","pavement_ft":48,"width_ft":4.9,"width_source":"gis","path_ft":6,"depth_ft":-5.6,"zone":"C-U","district":"University Avenue Commercial","cat":"com","zone_dist_m":1.8,"campable_zone":true,"count":0,"placement":null}},{"type":"Feature","geometry":{"type":"LineString","coordinates":[[-122.2843084870058,37.87006692454344],[-122.28425548700338,37.870023924569864],[-122.28424969816886,37.8700196543646],[-122.28424342391783,37.87001583927066],[-122.28423672096778,37.87001251377541],[-122.28422964991162,37.8700097079404],[-122.28422227466973,37.87000744712959],[-122.28421466191223,37.87000575178009],[-122.28420688045632,37.87000463721735],[-122.28419900064422,37.87000411351674],[-122.28419109370711,37.870004185412334],[-122.28418323112155,37.87000485225421],[-122.2820802329361,37.87026385204726],[-122.28207140120885,37.87026533266363],[-122.28206282393097,37.87026756332846],[-122.282054602149,37.870270517762926],[-122.28204683272153,37.870274161161625],[-122.28189183278722,37.870356161102244]]},"properties":{"id":"5795R","street":"UNIVERSITY AVE","side":"R","pavement_ft":48,"width_ft":7.8,"width_source":"gis","path_ft":6,"depth_ft":-2.7,"zone":"C-U","district":"University Avenue Commercial","cat":"com","zone_dist_m":3.9,"campable_zone":true,"count":0,"placement":null}},{"type":"Feature","geometry":{"type":"LineString","coordinates":[[-122.28420362077482,37.87016825061426],[-122.28429662081368,37.870216250650074],[-122.28430323853605,37.87021933130844],[-122.28431018630279,37.87022191529089],[-122.28431740495542,37.8702239805954],[-122.28432483302885,37.87022550963643],[-122.28433240727489,37.87022648939455],[-122.28434006320066,37.87022691152734],[-122.28434773561784,37.870226772440475],[-122.28435535919762,37.87022607331823],[-122.28656436109723,37.86994107308974]]},"properties":{"id":"5796R","street":"UNIVERSITY AVE","side":"R","pavement_ft":48,"width_ft":4.5,"width_source":"gis","path_ft":6,"depth_ft":-6.0,"zone":"C-U","district":"University Avenue Commercial","cat":"com","zone_dist_m":2.2,"campable_zone":true,"count":0,"placement":null}},{"type":"Feature","geometry":{"type":"LineString","coordinates":[[-122.28745056515397,37.86974959551764],[-122.28753156518147,37.86979559555085],[-122.28753835902278,37.869799070532],[-122.28754554641371,37.86980200613942],[-122.28755305942619,37.86980437462864],[-122.28756082705456,37.869806153615],[-122.28756877588688,37.86980732628529],[-122.28757683079856,37.86980788155655],[-122.28758491566239,37.86980781418089],[-122.28759295406823,37.86980712479509],[-122.2880329544475,37.869752124751066],[-122.28804070977117,37.86975085271734],[-122.2880482773074,37.86974900169511],[-122.28805558843693,37.86974658846867],[-122.28806257686563,37.86974363492015],[-122.28806917922537,37.86974016783105],[-122.28807533564884,37.86973621863946],[-122.28808099031228,37.86973182315498],[-122.28814999030658,37.869672823119615]]},"properties":{"id":"5797R","street":"UNIVERSITY AVE","side":"R","pavement_ft":48,"width_ft":6.5,"width_source":"gis","path_ft":6,"depth_ft":-4.0,"zone":"C-U","district":"University Avenue Commercial","cat":"com","zone_dist_m":2.0,"campable_zone":true,"count":0,"placement":null}},{"type":"Feature","geometry":{"type":"LineString","coordinates":[[-122.27970614606254,37.87073707407967],[-122.27979214606837,37.87080107412509],[-122.27979934542404,37.8708059050815],[-122.27980713193139,37.87081012514463],[-122.27981542344351,37.87081368979313],[-122.27982413248552,37.8708165614202],[-122.27983316717771,37.87081870973037],[-122.27984243220472,37.87082011205914],[-122.27985182982117,37.87082075361199],[-122.27986126088277,37.87082062762062],[-122.27987062589253,37.87081973541419],[-122.28185762777032,37.8705477351727],[-122.28186721818209,37.87054599837912],[-122.28187651919913,37.87054345831101],[-122.28188542408641,37.870540144117236],[-122.28189383065468,37.87053609383033],[-122.28190164243338,37.87053135392988],[-122.28199764245437,37.870466353882044]]},"properties":{"id":"5798R","street":"UNIVERSITY AVE","side":"R","pavement_ft":53,"width_ft":1.8,"width_source":"gis","path_ft":6,"depth_ft":-8.7,"zone":"C-U","district":"University Avenue Commercial","cat":"com","zone_dist_m":1.0,"campable_zone":true,"count":0,"placement":null}},{"type":"Feature","geometry":{"type":"LineString","coordinates":[[-122.28197465815077,37.870344254583],[-122.28186165823226,37.87030525461859],[-122.28185342488933,37.8703027780709],[-122.28184493016282,37.87030093806094],[-122.2818362521667,37.870299751508675],[-122.2818274707003,37.87029922932518],[-122.28181866651438,37.87029937631222],[-122.28180992056858,37.87030019111814],[-122.27983192244355,37.8705611908869],[-122.27982251561441,37.87056283811907],[-122.27981337823189,37.870565257472606],[-122.27980461085144,37.870568422322926],[-122.27979630995667,37.870572297841356],[-122.27978856689764,37.87057684137845],[-122.27971056691781,37.870627841340394]]},"properties":{"id":"5801R","street":"UNIVERSITY AVE","side":"R","pavement_ft":53,"width_ft":7.0,"width_source":"gis","path_ft":6,"depth_ft":-3.5,"zone":"C-U","district":"University Avenue Commercial","cat":"com","zone_dist_m":1.9,"campable_zone":true,"count":0,"placement":null}},{"type":"Feature","geometry":{"type":"LineString","coordinates":[[-122.30252367747957,37.86597162567676],[-122.30244167742778,37.86595962566845],[-122.30243758148755,37.865958912615035],[-122.30234858143405,37.86594091260298],[-122.30234243185834,37.86593939686274],[-122.30233651220607,37.86593738651743],[-122.30233088558266,37.86593490299796],[-122.30232561196972,37.865931972779435],[-122.30226261195742,37.865892972759035],[-122.30225780059932,37.86588966748259],[-122.30219080059759,37.865838667458284],[-122.30218698722683,37.86583549558606],[-122.30218354303211,37.86583206853686],[-122.30213954304814,37.865784068518394],[-122.30213550577918,37.86577905580675],[-122.30213225685654,37.865773695089665],[-122.30201325700855,37.865542695033504]]},"properties":{"id":"6449L","street":"EASTSHORE PEDESTRIAN OVRPAS","side":"L","pavement_ft":36,"width_ft":32.7,"width_source":"default","path_ft":10,"depth_ft":18.2,"zone":"U","district":"Unclassified","cat":"other","zone_dist_m":0.0,"campable_zone":false,"count":0,"placement":null}},{"type":"Feature","geometry":{"type":"LineString","coordinates":[[-122.30274533960387,37.86496154041997],[-122.30269233986597,37.86458254039959]]},"properties":{"id":"6457L","street":"BOLIVAR DR","side":"L","pavement_ft":30,"width_ft":32.2,"width_source":"default","path_ft":10,"depth_ft":17.7,"zone":"U","district":"Unclassified","cat":"other","zone_dist_m":0.0,"campable_zone":false,"count":0,"placement":null}},{"type":"Feature","geometry":{"type":"LineString","coordinates":[[-122.30284866039011,37.86495245955728],[-122.30279566012806,37.864573459577684]]},"properties":{"id":"6457R","street":"BOLIVAR DR","side":"R","pavement_ft":30,"width_ft":2.2,"width_source":"default","path_ft":6,"depth_ft":-8.3,"zone":"U","district":"Unclassified","cat":"other","zone_dist_m":1.5,"campable_zone":false,"count":0,"placement":null}},{"type":"Feature","geometry":{"type":"LineString","coordinates":[[-122.3026926646519,37.86458445286903],[-122.30262373950745,37.864239825973954],[-122.30255053633725,37.86410979386862],[-122.30254873601076,37.864106137150316],[-122.3025473827529,37.86410236121303],[-122.30241938303601,37.86366736116146],[-122.30241847341655,37.863663406918995],[-122.30241805407888,37.86365940122912],[-122.30240821897051,37.863430239463945],[-122.30141927784362,37.859921987061746],[-122.3014192590564,37.859921920149795],[-122.3002382618251,37.8556989196744],[-122.30023823779653,37.85569883330998],[-122.29901472630121,37.85127842662436],[-122.29896661341496,37.85124301018162],[-122.29889952156181,37.851235555528085],[-122.29874027077526,37.851250904995894]]},"properties":{"id":"6458L","street":"BOLIVAR DR","side":"L","pavement_ft":30,"width_ft":38.0,"width_source":"default","path_ft":10,"depth_ft":23.5,"zone":"U","district":"Unclassified","cat":"other","zone_dist_m":0.0,"campable_zone":false,"count":0,"placement":null}},{"type":"Feature","geometry":{"type":"LineString","coordinates":[[-122.30279533533952,37.8645715471085],[-122.30272533510183,37.864221547136296],[-122.30272442727231,37.86421801488311],[-122.3027231335084,37.86421455904898],[-122.30272146371172,37.864211206082395],[-122.30264748852501,37.86407980294751],[-122.30252177288891,37.8636525672115],[-122.30251194575601,37.863423598750686],[-122.30251155757931,37.86341978312246],[-122.30251072444469,37.863416012517604],[-122.30152073157315,37.85990404636614],[-122.30033975023585,37.85568112347582],[-122.29911275928166,37.851248167161735],[-122.29911137605657,37.851244150719246],[-122.29910948873778,37.851240265458735],[-122.29910711659355,37.85123655104587],[-122.2991042838418,37.851233045402125],[-122.29910101940294,37.85122978431756],[-122.29909735660458,37.85122680108544],[-122.29902535660793,37.85117380110684],[-122.29902131533748,37.85117111569144],[-122.29901695168563,37.851168768809856],[-122.29901231057477,37.851166784622485],[-122.29900743978374,37.851165183555885],[-122.29900238945571,37.85116398209254],[-122.29899721158226,37.851163192601135],[-122.2989072116307,37.851153192607065],[-122.29890272667483,37.85115285066674],[-122.29889822122207,37.851152818053144],[-122.29889372914069,37.85115309501139],[-122.29872772923132,37.85116909500354]]},"properties":{"id":"6458R","street":"BOLIVAR DR","side":"R","pavement_ft":30,"width_ft":8.0,"width_source":"default","path_ft":6,"depth_ft":-2.5,"zone":"U","district":"Unclassified","cat":"other","zone_dist_m":0.6,"campable_zone":false,"count":0,"placement":null}},{"type":"Feature","geometry":{"type":"LineString","coordinates":[[-122.3009750392076,37.858137254518105],[-122.300945989706,37.858180474567604],[-122.30099486497832,37.85831313569339],[-122.30099640296352,37.85831834097778],[-122.30099722316169,37.85832364748444],[-122.30099731598472,37.858328993181466],[-122.30099668034741,37.8583343155788],[-122.30097713382293,37.858437912618655],[-122.30097417486047,37.858484516902756],[-122.30109970143837,37.8586662491812],[-122.30110294687923,37.858671716426734],[-122.30110532699756,37.858677456701756],[-122.30114832709691,37.858807456680985],[-122.30114913235722,37.858810209499794],[-122.30118889446443,37.85896627526547],[-122.3014626119119,37.85986134888387],[-122.30146374238917,37.859866014003764],[-122.30146430300911,37.859870743601746],[-122.30146428859732,37.85987549402554],[-122.30146369928666,37.85988022143061],[-122.30146254051614,37.85988488218491],[-122.30146082298066,37.859889433271526],[-122.30138882309231,37.86005143330816],[-122.30138673951244,37.86005552815492],[-122.30128773961538,37.860227528203055],[-122.30128496520345,37.8602317884684],[-122.30117096527738,37.860387788520725],[-122.30116999589983,37.86038906999739],[-122.30109747842485,37.86048173133281],[-122.30112786561989,37.86053539373833],[-122.30124233702027,37.86065275088197],[-122.30124656627196,37.860657673049396],[-122.30133156632584,37.86077067301172],[-122.30133450301444,37.860775064874424],[-122.30133686868832,37.86077966830602],[-122.30133863944,37.860784436784606],[-122.30139246631752,37.86096186564252],[-122.30144873629317,37.86112970499792],[-122.30152595373377,37.86125597807494],[-122.30153339696685,37.861261409625264],[-122.3015296960427,37.86119725930654],[-122.3015297025914,37.861192629936255],[-122.30153025518722,37.86118802134013],[-122.30153134898646,37.861183473913236],[-122.30153297440168,37.86117902751456],[-122.3015351171858,37.86117472111745],[-122.30153775855686,37.8611705924682],[-122.30154087536275,37.861166677755065],[-122.30159287538288,37.86110767777757],[-122.30159671941657,37.86110375228486],[-122.3016010410349,37.86110015252905],[-122.30160579658484,37.861096914871574],[-122.30161093803021,37.86109407201623],[-122.30161641343685,37.861091652678894],[-122.30162216749724,37.86108968129746],[-122.30162814208927,37.86108817778499],[-122.30163427686311,37.861087157328576],[-122.30164050985103,37.86108663023592],[-122.30164677809316,37.8610866018312],[-122.30165301827361,37.86108707240135],[-122.30165916735989,37.861088037193106],[-122.30166516323965,37.861089486461054],[-122.30167094534806,37.86109140556602],[-122.3016764552797,37.86109377512302],[-122.30168163737828,37.861096571196974],[-122.30181163734999,37.861174571155644],[-122.3018165526539,37.86117784916992],[-122.30182101665392,37.861181510592246],[-122.30182498200578,37.861185516590375],[-122.3018284066538,37.8611898246776],[-122.30183125427673,37.86119438916329],[-122.30183349467332,37.8611991616375],[-122.30183510408219,37.86120409148442],[-122.30194010440589,37.86161109143376]]},"properties":{"id":"6464L","street":"EASTSHORE PEDESTRIAN OVRPAS","side":"L","pavement_ft":36,"width_ft":36.6,"width_source":"default","path_ft":10,"depth_ft":22.1,"zone":"U","district":"Unclassified","cat":"other","zone_dist_m":0.0,"campable_zone":false,"count":0,"placement":null}},{"type":"Feature","geometry":{"type":"LineString","coordinates":[[-122.28924540279169,37.85121554837299],[-122.28673940169452,37.851735548601674],[-122.28673517761969,37.85173625546988],[-122.2866101775615,37.85175225547681]]},"properties":{"id":"6467L","street":"MURRAY ST","side":"L","pavement_ft":26,"width_ft":9.0,"width_source":"gis","path_ft":6,"depth_ft":-1.5,"zone":"MULI","district":"Mixed Use-Light Industrial","cat":"man","zone_dist_m":4.2,"campable_zone":true,"count":0,"placement":null}},{"type":"Feature","geometry":{"type":"LineString","coordinates":[[-122.28922259721871,37.85114645162581],[-122.28671868896394,37.85166601760884],[-122.28659582244511,37.85168174452259]]},"properties":{"id":"6467R","street":"MURRAY ST","side":"R","pavement_ft":26,"width_ft":16.8,"width_source":"gis","path_ft":10,"depth_ft":2.3,"zone":"MULI","district":"Mixed Use-Light Industrial","cat":"man","zone_dist_m":5.2,"campable_zone":true,"count":0,"placement":null}},{"type":"Feature","geometry":{"type":"LineString","coordinates":[[-122.28048896861188,37.8812180433552],[-122.27965096909767,37.8801460429872]]},"properties":{"id":"6558L","street":"MCGEE AVE","side":"L","pavement_ft":36,"width_ft":16.7,"width_source":"gis","path_ft":10,"depth_ft":2.2,"zone":"R-2","district":"Multi-Unit 2","cat":"res","zone_dist_m":5.2,"campable_zone":false,"count":0,"placement":null}},{"type":"Feature","geometry":{"type":"LineString","coordinates":[[-122.28059503135104,37.881165956620414],[-122.27975703086523,37.8800939569884]]},"properties":{"id":"6558R","street":"MCGEE AVE","side":"R","pavement_ft":36,"width_ft":9.2,"width_source":"gis","path_ft":6,"depth_ft":-1.3,"zone":"R-2","district":"Multi-Unit 2","cat":"res","zone_dist_m":5.3,"campable_zone":false,"count":0,"placement":null}},{"type":"Feature","geometry":{"type":"LineString","coordinates":[[-122.28114573482172,37.88207174268752],[-122.28048873521773,37.881217742397865]]},"properties":{"id":"6564L","street":"MCGEE AVE","side":"L","pavement_ft":36,"width_ft":18.5,"width_source":"gis","path_ft":10,"depth_ft":4.0,"zone":"R-2","district":"Multi-Unit 2","cat":"res","zone_dist_m":5.5,"campable_zone":false,"count":0,"placement":null}},{"type":"Feature","geometry":{"type":"LineString","coordinates":[[-122.28125226514146,37.88202025728789],[-122.28059526474547,37.88116625757754]]},"properties":{"id":"6564R","street":"MCGEE AVE","side":"R","pavement_ft":36,"width_ft":7.8,"width_source":"gis","path_ft":6,"depth_ft":-2.7,"zone":"C-N","district":"Neighborhood Commercial","cat":"com","zone_dist_m":5.0,"campable_zone":true,"count":0,"placement":null}},{"type":"Feature","geometry":{"type":"LineString","coordinates":[[-122.29406653550924,37.87146815248595],[-122.2936635364794,37.870208152291156]]},"properties":{"id":"6603L","street":"TENTH ST","side":"L","pavement_ft":36,"width_ft":9.2,"width_source":"gis","path_ft":6,"depth_ft":-1.3,"zone":"R-2","district":"Multi-Unit 2","cat":"res","zone_dist_m":3.0,"campable_zone":false,"count":0,"placement":null}},{"type":"Feature","geometry":{"type":"LineString","coordinates":[[-122.29418746447135,37.87144384748279],[-122.29378446350117,37.87018384767758]]},"properties":{"id":"6603R","street":"TENTH ST","side":"R","pavement_ft":36,"width_ft":15.9,"width_source":"gis","path_ft":10,"depth_ft":1.4,"zone":"R-2","district":"Multi-Unit 2","cat":"res","zone_dist_m":5.1,"campable_zone":false,"count":0,"placement":null}},{"type":"Feature","geometry":{"type":"LineString","coordinates":[[-122.29282459296287,37.867605320983415],[-122.29235659406983,37.86616332075726]]},"properties":{"id":"6604L","street":"TENTH ST","side":"L","pavement_ft":36,"width_ft":9.8,"width_source":"gis","path_ft":6,"depth_ft":-0.7,"zone":"R-2","district":"Multi-Unit 2","cat":"res","zone_dist_m":3.3,"campable_zone":false,"count":0,"placement":null}},{"type":"Feature","geometry":{"type":"LineString","coordinates":[[-122.29294540701748,37.86758067898538],[-122.2924774059105,37.866138679211524]]},"properties":{"id":"6604R","street":"TENTH ST","side":"R","pavement_ft":36,"width_ft":17.8,"width_source":"gis","path_ft":10,"depth_ft":3.3,"zone":"R-2","district":"Multi-Unit 2","cat":"res","zone_dist_m":5.4,"campable_zone":false,"count":0,"placement":null}},{"type":"Feature","geometry":{"type":"LineString","coordinates":[[-122.29323659086154,37.86887931772174],[-122.2931145911502,37.8685033176628]]},"properties":{"id":"6605L","street":"TENTH ST","side":"L","pavement_ft":36,"width_ft":10.3,"width_source":"gis","path_ft":6,"depth_ft":-0.2,"zone":"C-W","district":"West Berkeley Commercial","cat":"com","zone_dist_m":3.4,"campable_zone":true,"count":0,"placement":null}},{"type":"Feature","geometry":{"type":"LineString","coordinates":[[-122.29335740911884,37.86885468224702],[-122.29323540883017,37.86847868230599]]},"properties":{"id":"6605R","street":"TENTH ST","side":"R","pavement_ft":36,"width_ft":16.2,"width_source":"gis","path_ft":10,"depth_ft":1.7,"zone":"C-W","district":"West Berkeley Commercial","cat":"com","zone_dist_m":5.0,"campable_zone":true,"count":0,"placement":null}},{"type":"Feature","geometry":{"type":"LineString","coordinates":[[-122.29311457359306,37.868503263424564],[-122.29282457428312,37.86760526328441]]},"properties":{"id":"6606L","street":"TENTH ST","side":"L","pavement_ft":36,"width_ft":9.6,"width_source":"gis","path_ft":6,"depth_ft":-0.9,"zone":"R-3","district":"Multiple-Family Residential","cat":"res","zone_dist_m":2.9,"campable_zone":false,"count":0,"placement":null}},{"type":"Feature","geometry":{"type":"LineString","coordinates":[[-122.2932354263874,37.868478736544205],[-122.29294542569731,37.86758073668435]]},"properties":{"id":"6606R","street":"TENTH ST","side":"R","pavement_ft":36,"width_ft":15.8,"width_source":"gis","path_ft":10,"depth_ft":1.3,"zone":"R-3","district":"Multiple-Family Residential","cat":"res","zone_dist_m":5.0,"campable_zone":false,"count":0,"placement":null}},{"type":"Feature","geometry":{"type":"LineString","coordinates":[[-122.29366355323042,37.8702082045455],[-122.2932365542528,37.868879204339116]]},"properties":{"id":"6607L","street":"TENTH ST","side":"L","pavement_ft":36,"width_ft":9.4,"width_source":"gis","path_ft":6,"depth_ft":-1.1,"zone":"R-3","district":"Multiple-Family Residential","cat":"res","zone_dist_m":2.5,"campable_zone":false,"count":0,"placement":null}},{"type":"Feature","geometry":{"type":"LineString","coordinates":[[-122.29378444675008,37.87018379542326],[-122.29335744572774,37.86885479562963]]},"properties":{"id":"6607R","street":"TENTH ST","side":"R","pavement_ft":36,"width_ft":15.9,"width_source":"gis","path_ft":10,"depth_ft":1.4,"zone":"R-3","district":"Multiple-Family Residential","cat":"res","zone_dist_m":4.5,"campable_zone":false,"count":0,"placement":null}},{"type":"Feature","geometry":{"type":"LineString","coordinates":[[-122.29464160708288,37.87323037853037],[-122.29409360837164,37.871550378265525]]},"properties":{"id":"6608L","street":"TENTH ST","side":"L","pavement_ft":36,"width_ft":9.1,"width_source":"gis","path_ft":6,"depth_ft":-1.4,"zone":"R-2","district":"Multi-Unit 2","cat":"res","zone_dist_m":2.5,"campable_zone":false,"count":0,"placement":null}},{"type":"Feature","geometry":{"type":"LineString","coordinates":[[-122.29476239289733,37.8732056214384],[-122.29421439160862,37.87152562170328]]},"properties":{"id":"6608R","street":"TENTH ST","side":"R","pavement_ft":36,"width_ft":15.2,"width_source":"gis","path_ft":10,"depth_ft":0.7,"zone":"R-2","district":"Multi-Unit 2","cat":"res","zone_dist_m":5.1,"campable_zone":false,"count":0,"placement":null}},{"type":"Feature","geometry":{"type":"LineString","coordinates":[[-122.29558760419901,37.87615924401188],[-122.29521060502134,37.87499224384481]]},"properties":{"id":"6609L","street":"TENTH ST","side":"L","pavement_ft":33,"width_ft":11.3,"width_source":"gis","path_ft":6,"depth_ft":0.8,"zone":"R-2","district":"Multi-Unit 2","cat":"res","zone_dist_m":3.6,"campable_zone":false,"count":0,"placement":null}},{"type":"Feature","geometry":{"type":"LineString","coordinates":[[-122.29569839578453,37.876136755961845],[-122.29532139496224,37.87496975612892]]},"properties":{"id":"6609R","street":"TENTH ST","side":"R","pavement_ft":33,"width_ft":14.6,"width_source":"gis","path_ft":10,"depth_ft":0.1,"zone":"R-2","district":"Multi-Unit 2","cat":"res","zone_dist_m":4.9,"campable_zone":false,"count":0,"placement":null}},{"type":"Feature","geometry":{"type":"LineString","coordinates":[[-122.29521057214092,37.874992141566516],[-122.29464657338539,37.87322914131657]]},"properties":{"id":"6610L","street":"TENTH ST","side":"L","pavement_ft":33,"width_ft":12.0,"width_source":"gis","path_ft":6,"depth_ft":1.5,"zone":"R-2","district":"Multi-Unit 2","cat":"res","zone_dist_m":3.8,"campable_zone":false,"count":0,"placement":null}},{"type":"Feature","geometry":{"type":"LineString","coordinates":[[-122.2953214278428,37.87496985840719],[-122.2947574265983,37.87320685865713]]},"properties":{"id":"6610R","street":"TENTH ST","side":"R","pavement_ft":33,"width_ft":15.9,"width_source":"gis","path_ft":10,"depth_ft":1.4,"zone":"R-2","district":"Multi-Unit 2","cat":"res","zone_dist_m":5.1,"campable_zone":false,"count":0,"placement":null}},{"type":"Feature","geometry":{"type":"LineString","coordinates":[[-122.29634557800156,37.87851116811578],[-122.29596357884203,37.877320167946465]]},"properties":{"id":"6611L","street":"TENTH ST","side":"L","pavement_ft":33,"width_ft":13.6,"width_source":"gis","path_ft":6,"depth_ft":3.1,"zone":"R-2","district":"Multi-Unit 2","cat":"res","zone_dist_m":3.9,"campable_zone":false,"count":0,"placement":null}},{"type":"Feature","geometry":{"type":"LineString","coordinates":[[-122.29645642198206,37.87848883185792],[-122.29607442114163,37.877297832027246]]},"properties":{"id":"6611R","street":"TENTH ST","side":"R","pavement_ft":33,"width_ft":15.3,"width_source":"gis","path_ft":10,"depth_ft":0.8,"zone":"R-2","district":"Multi-Unit 2","cat":"res","zone_dist_m":5.4,"campable_zone":false,"count":0,"placement":null}},{"type":"Feature","geometry":{"type":"LineString","coordinates":[[-122.295963611809,37.87732027023379],[-122.29558761262669,37.876159270067156]]},"properties":{"id":"6612L","street":"TENTH ST","side":"L","pavement_ft":33,"width_ft":13.2,"width_source":"gis","path_ft":6,"depth_ft":2.7,"zone":"R-2","district":"Multi-Unit 2","cat":"res","zone_dist_m":3.7,"campable_zone":false,"count":0,"placement":null}},{"type":"Feature","geometry":{"type":"LineString","coordinates":[[-122.29607438817453,37.877297729739965],[-122.2956983873568,37.8761367299066]]},"properties":{"id":"6612R","street":"TENTH ST","side":"R","pavement_ft":33,"width_ft":14.4,"width_source":"gis","path_ft":10,"depth_ft":-0.1,"zone":"R-2","district":"Multi-Unit 2","cat":"res","zone_dist_m":4.9,"campable_zone":false,"count":0,"placement":null}},{"type":"Feature","geometry":{"type":"LineString","coordinates":[[-122.29690321999267,37.880263716238126],[-122.29634722119486,37.87851071599914]]},"properties":{"id":"6613L","street":"TENTH ST","side":"L","pavement_ft":32,"width_ft":14.1,"width_source":"gis","path_ft":10,"depth_ft":-0.4,"zone":"C-W","district":"West Berkeley Commercial","cat":"com","zone_dist_m":4.2,"campable_zone":true,"count":0,"placement":null}},{"type":"Feature","geometry":{"type":"LineString","coordinates":[[-122.29701077999212,37.88024228373714],[-122.29645477878991,37.87848928397612]]},"properties":{"id":"6613R","street":"TENTH ST","side":"R","pavement_ft":32,"width_ft":14.9,"width_source":"gis","path_ft":10,"depth_ft":0.4,"zone":"C-W","district":"West Berkeley Commercial","cat":"com","zone_dist_m":5.4,"campable_zone":true,"count":0,"placement":null}},{"type":"Feature","geometry":{"type":"LineString","coordinates":[[-122.29749235555396,37.88204613884143],[-122.29690335676638,37.880264138588295]]},"properties":{"id":"6614L","street":"TENTH ST","side":"L","pavement_ft":32,"width_ft":12.9,"width_source":"gis","path_ft":6,"depth_ft":2.4,"zone":"MULI","district":"Mixed Use-Light Industrial","cat":"man","zone_dist_m":3.4,"campable_zone":true,"count":0,"placement":null}},{"type":"Feature","geometry":{"type":"LineString","coordinates":[[-122.29759964443019,37.88202386113396],[-122.29701064321783,37.880241861387084]]},"properties":{"id":"6614R","street":"TENTH ST","side":"R","pavement_ft":32,"width_ft":15.3,"width_source":"gis","path_ft":10,"depth_ft":0.8,"zone":"C-W","district":"West Berkeley Commercial","cat":"com","zone_dist_m":5.3,"campable_zone":true,"count":0,"placement":null}},{"type":"Feature","geometry":{"type":"LineString","coordinates":[[-122.28939364590711,37.85691645638678],[-122.28908864661828,37.85598745623947]]},"properties":{"id":"6617L","street":"TENTH ST","side":"L","pavement_ft":36,"width_ft":13.3,"width_source":"gis","path_ft":6,"depth_ft":2.8,"zone":"MUR","district":"Mixed Use-Residential","cat":"mixres","zone_dist_m":4.0,"campable_zone":true,"count":0,"placement":null}},{"type":"Feature","geometry":{"type":"LineString","coordinates":[[-122.28951435407305,37.856891543582066],[-122.28920935336187,37.855962543729355]]},"properties":{"id":"6617R","street":"TENTH ST","side":"R","pavement_ft":36,"width_ft":12.8,"width_source":"gis","path_ft":6,"depth_ft":2.3,"zone":"MUR","district":"Mixed Use-Residential","cat":"mixres","zone_dist_m":5.1,"campable_zone":true,"count":0,"placement":null}},{"type":"Feature","geometry":{"type":"LineString","coordinates":[[-122.28908855005778,37.85598715832333],[-122.2885075514549,37.8541711580427]]},"properties":{"id":"6618L","street":"TENTH ST","side":"L","pavement_ft":36,"width_ft":12.2,"width_source":"gis","path_ft":6,"depth_ft":1.7,"zone":"MUR","district":"Mixed Use-Residential","cat":"mixres","zone_dist_m":3.7,"campable_zone":true,"count":0,"placement":null}},{"type":"Feature","geometry":{"type":"LineString","coordinates":[[-122.28920944992282,37.85596284164541],[-122.28862844852569,37.85414684192603]]},"properties":{"id":"6618R","street":"TENTH ST","side":"R","pavement_ft":36,"width_ft":12.4,"width_source":"gis","path_ft":6,"depth_ft":1.9,"zone":"MUR","district":"Mixed Use-Residential","cat":"mixres","zone_dist_m":5.2,"campable_zone":true,"count":0,"placement":null}},{"type":"Feature","geometry":{"type":"LineString","coordinates":[[-122.29064347808976,37.860875943899366],[-122.29009247944501,37.85912094363316]]},"properties":{"id":"6619L","street":"TENTH ST","side":"L","pavement_ft":36,"width_ft":11.7,"width_source":"gis","path_ft":6,"depth_ft":1.2,"zone":"C-W","district":"West Berkeley Commercial","cat":"com","zone_dist_m":3.4,"campable_zone":true,"count":0,"placement":null}},{"type":"Feature","geometry":{"type":"LineString","coordinates":[[-122.2907645218912,37.8608520560693],[-122.29021352053591,37.85909705633551]]},"properties":{"id":"6619R","street":"TENTH ST","side":"R","pavement_ft":36,"width_ft":13.5,"width_source":"gis","path_ft":6,"depth_ft":3.0,"zone":"C-W","district":"West Berkeley Commercial","cat":"com","zone_dist_m":5.1,"campable_zone":true,"count":0,"placement":null}},{"type":"Feature","geometry":{"type":"LineString","coordinates":[[-122.28967055608777,37.857780181735066],[-122.28939355675227,37.856916181601264]]},"properties":{"id":"6620L","street":"TENTH ST","side":"L","pavement_ft":36,"width_ft":13.4,"width_source":"gis","path_ft":6,"depth_ft":2.9,"zone":"MUR","district":"Mixed Use-Residential","cat":"mixres","zone_dist_m":3.5,"campable_zone":true,"count":0,"placement":null}},{"type":"Feature","geometry":{"type":"LineString","coordinates":[[-122.28979144389282,37.85775581823368],[-122.2895144432283,37.856891818367494]]},"properties":{"id":"6620R","street":"TENTH ST","side":"R","pavement_ft":36,"width_ft":13.1,"width_source":"gis","path_ft":6,"depth_ft":2.6,"zone":"MUR","district":"Mixed Use-Residential","cat":"mixres","zone_dist_m":4.8,"campable_zone":true,"count":0,"placement":null}},{"type":"Feature","geometry":{"type":"LineString","coordinates":[[-122.2900924878174,37.85912097026937],[-122.28967048885247,37.857779970065515]]},"properties":{"id":"6621L","street":"TENTH ST","side":"L","pavement_ft":36,"width_ft":10.7,"width_source":"gis","path_ft":6,"depth_ft":0.2,"zone":"C-W","district":"West Berkeley Commercial","cat":"com","zone_dist_m":3.0,"campable_zone":true,"count":0,"placement":null}},{"type":"Feature","geometry":{"type":"LineString","coordinates":[[-122.29021351216348,37.85909702969929],[-122.28979151112846,37.85775602990318]]},"properties":{"id":"6621R","street":"TENTH ST","side":"R","pavement_ft":36,"width_ft":12.8,"width_source":"gis","path_ft":6,"depth_ft":2.3,"zone":"MULI","district":"Mixed Use-Light Industrial","cat":"man","zone_dist_m":5.1,"campable_zone":true,"count":0,"placement":null}},{"type":"Feature","geometry":{"type":"LineString","coordinates":[[-122.29177855359973,37.8643921908588],[-122.29121155495896,37.86262519058484]]},"properties":{"id":"6622L","street":"TENTH ST","side":"L","pavement_ft":36,"width_ft":9.8,"width_source":"gis","path_ft":6,"depth_ft":-0.7,"zone":"R-2","district":"Multi-Unit 2","cat":"res","zone_dist_m":2.7,"campable_zone":false,"count":0,"placement":null}},{"type":"Feature","geometry":{"type":"LineString","coordinates":[[-122.29189944638082,37.86436780910992],[-122.29133244502164,37.86260080938391]]},"properties":{"id":"6622R","street":"TENTH ST","side":"R","pavement_ft":36,"width_ft":13.8,"width_source":"gis","path_ft":6,"depth_ft":3.3,"zone":"R-2","district":"Multi-Unit 2","cat":"res","zone_dist_m":4.4,"campable_zone":false,"count":0,"placement":null}},{"type":"Feature","geometry":{"type":"LineString","coordinates":[[-122.29121159971453,37.862625329224954],[-122.29064360105667,37.86087632895053]]},"properties":{"id":"6623L","street":"TENTH ST","side":"L","pavement_ft":36,"width_ft":10.3,"width_source":"gis","path_ft":6,"depth_ft":-0.2,"zone":"R-2","district":"Multi-Unit 2","cat":"res","zone_dist_m":3.5,"campable_zone":false,"count":0,"placement":null}},{"type":"Feature","geometry":{"type":"LineString","coordinates":[[-122.29133240026583,37.862600670743845],[-122.29076439892371,37.86085167101825]]},"properties":{"id":"6623R","street":"TENTH ST","side":"R","pavement_ft":36,"width_ft":14.2,"width_source":"gis","path_ft":10,"depth_ft":-0.3,"zone":"R-2","district":"Multi-Unit 2","cat":"res","zone_dist_m":4.9,"campable_zone":false,"count":0,"placement":null}},{"type":"Feature","geometry":{"type":"LineString","coordinates":[[-122.29235661531617,37.86616338603843],[-122.2917786166741,37.86439238575915]]},"properties":{"id":"6624L","street":"TENTH ST","side":"L","pavement_ft":36,"width_ft":10.6,"width_source":"gis","path_ft":6,"depth_ft":0.1,"zone":"R-2","district":"Multi-Unit 2","cat":"res","zone_dist_m":3.4,"campable_zone":false,"count":0,"placement":null}},{"type":"Feature","geometry":{"type":"LineString","coordinates":[[-122.29247738466404,37.86613861393037],[-122.29189938330613,37.86436761420965]]},"properties":{"id":"6624R","street":"TENTH ST","side":"R","pavement_ft":36,"width_ft":15.3,"width_source":"gis","path_ft":10,"depth_ft":0.8,"zone":"R-2","district":"Multi-Unit 2","cat":"res","zone_dist_m":5.0,"campable_zone":false,"count":0,"placement":null}},{"type":"Feature","geometry":{"type":"LineString","coordinates":[[-122.29409364431082,37.87155048792826],[-122.29406664437359,37.87146848791521]]},"properties":{"id":"6625L","street":"TENTH ST","side":"L","pavement_ft":36,"width_ft":23.3,"width_source":"gis","path_ft":10,"depth_ft":8.8,"zone":"R-2","district":"Multi-Unit 2","cat":"res","zone_dist_m":7.9,"campable_zone":false,"count":0,"placement":null}},{"type":"Feature","geometry":{"type":"LineString","coordinates":[[-122.2942143556693,37.871525512040584],[-122.29418735560651,37.871443512053624]]},"properties":{"id":"6625R","street":"TENTH ST","side":"R","pavement_ft":36,"width_ft":26.9,"width_source":"gis","path_ft":10,"depth_ft":12.4,"zone":"R-2","district":"Multi-Unit 2","cat":"res","zone_dist_m":9.3,"campable_zone":false,"count":0,"placement":null}},{"type":"Feature","geometry":{"type":"LineString","coordinates":[[-122.30205539516271,37.8671026935335],[-122.30202039525112,37.86698869351657]]},"properties":{"id":"6626L","street":"SECOND ST","side":"L","pavement_ft":36,"width_ft":37.6,"width_source":"default","path_ft":10,"depth_ft":23.1,"zone":"MULI","district":"Mixed Use-Light Industrial","cat":"man","zone_dist_m":9.4,"campable_zone":true,"count":0,"placement":null}},{"type":"Feature","geometry":{"type":"LineString","coordinates":[[-122.30217660481861,37.86707930643509],[-122.30214160473021,37.866965306452016]]},"properties":{"id":"6626R","street":"SECOND ST","side":"R","pavement_ft":36,"width_ft":39.8,"width_source":"default","path_ft":10,"depth_ft":25.3,"zone":"MULI","district":"Mixed Use-Light Industrial","cat":"man","zone_dist_m":10.4,"campable_zone":true,"count":0,"placement":null}},{"type":"Feature","geometry":{"type":"LineString","coordinates":[[-122.30344754814004,37.871439192085774],[-122.30248055045813,37.868426191618084]]},"properties":{"id":"6627L","street":"SECOND ST","side":"L","pavement_ft":36,"width_ft":12.4,"width_source":"default","path_ft":6,"depth_ft":1.9,"zone":"MULI","district":"Mixed Use-Light Industrial","cat":"man","zone_dist_m":3.5,"campable_zone":true,"count":0,"placement":null}},{"type":"Feature","geometry":{"type":"LineString","coordinates":[[-122.3035684518405,37.87141480788296],[-122.3026014495224,37.86840180835065]]},"properties":{"id":"6627R","street":"SECOND ST","side":"R","pavement_ft":36,"width_ft":12.2,"width_source":"default","path_ft":6,"depth_ft":1.7,"zone":"MULI","district":"Mixed Use-Light Industrial","cat":"man","zone_dist_m":4.5,"campable_zone":true,"count":0,"placement":null}},{"type":"Feature","geometry":{"type":"LineString","coordinates":[[-122.30247384139008,37.86842756974077],[-122.30208384242657,37.86721456953122]]},"properties":{"id":"6628L","street":"SECOND ST","side":"L","pavement_ft":40,"width_ft":11.5,"width_source":"gis","path_ft":6,"depth_ft":1.0,"zone":"MULI","district":"Mixed Use-Light Industrial","cat":"man","zone_dist_m":3.3,"campable_zone":true,"count":0,"placement":null}},{"type":"Feature","geometry":{"type":"LineString","coordinates":[[-122.30260815858585,37.86840043022063],[-122.30221815754938,37.86718743043019]]},"properties":{"id":"6628R","street":"SECOND ST","side":"R","pavement_ft":40,"width_ft":9.0,"width_source":"gis","path_ft":6,"depth_ft":-1.5,"zone":"MULI","district":"Mixed Use-Light Industrial","cat":"man","zone_dist_m":4.1,"campable_zone":true,"count":0,"placement":null}},{"type":"Feature","geometry":{"type":"LineString","coordinates":[[-122.30623321510093,37.880269393735595],[-122.3056602174972,37.87848939325042]]},"properties":{"id":"6629L","street":"SECOND ST","side":"L","pavement_ft":63,"width_ft":8.3,"width_source":"gis","path_ft":6,"depth_ft":-2.2,"zone":"M","district":"Manufacturing","cat":"man","zone_dist_m":0.0,"campable_zone":true,"count":0,"placement":null}},{"type":"Feature","geometry":{"type":"LineString","coordinates":[[-122.30644478483926,37.88022660616866],[-122.30587178244298,37.87844660665385]]},"properties":{"id":"6629R","street":"SECOND ST","side":"R","pavement_ft":63,"width_ft":3.2,"width_source":"gis","path_ft":6,"depth_ft":-7.3,"zone":"M","district":"Manufacturing","cat":"man","zone_dist_m":0.5,"campable_zone":true,"count":0,"placement":null}},{"type":"Feature","geometry":{"type":"LineString","coordinates":[[-122.3020272518228,37.86698778608228],[-122.3016552526202,37.865822785922354]]},"properties":{"id":"6630L","street":"SECOND ST","side":"L","pavement_ft":32,"width_ft":15.6,"width_source":"gis","path_ft":10,"depth_ft":1.1,"zone":"MULI","district":"Mixed Use-Light Industrial","cat":"man","zone_dist_m":4.8,"campable_zone":true,"count":0,"placement":null}},{"type":"Feature","geometry":{"type":"LineString","coordinates":[[-122.30213474816189,37.86696621389301],[-122.30176274736455,37.86580121405291]]},"properties":{"id":"6630R","street":"SECOND ST","side":"R","pavement_ft":32,"width_ft":13.1,"width_source":"gis","path_ft":6,"depth_ft":2.6,"zone":"MULI","district":"Mixed Use-Light Industrial","cat":"man","zone_dist_m":4.6,"campable_zone":true,"count":0,"placement":null}},{"type":"Feature","geometry":{"type":"LineString","coordinates":[[-122.30209052016816,37.8672130937199],[-122.3020555202529,37.86710309370298]]},"properties":{"id":"6632L","street":"SECOND ST","side":"L","pavement_ft":36,"width_ft":37.1,"width_source":"default","path_ft":10,"depth_ft":22.6,"zone":"MULI","district":"Mixed Use-Light Industrial","cat":"man","zone_dist_m":10.3,"campable_zone":true,"count":0,"placement":null}},{"type":"Feature","geometry":{"type":"LineString","coordinates":[[-122.30221147981254,37.8671889062488],[-122.30217647972778,37.867078906265725]]},"properties":{"id":"6632R","street":"SECOND ST","side":"R","pavement_ft":36,"width_ft":36.0,"width_source":"default","path_ft":10,"depth_ft":21.5,"zone":"MULI","district":"Mixed Use-Light Industrial","cat":"man","zone_dist_m":10.8,"campable_zone":true,"count":0,"placement":null}},{"type":"Feature","geometry":{"type":"LineString","coordinates":[[-122.30401086208528,37.87320264738231],[-122.30344086358939,37.871440647075985]]},"properties":{"id":"6633L","street":"SECOND ST","side":"L","pavement_ft":40,"width_ft":7.9,"width_source":"gis","path_ft":6,"depth_ft":-2.6,"zone":"M","district":"Manufacturing","cat":"man","zone_dist_m":1.7,"campable_zone":true,"count":0,"placement":null}},{"type":"Feature","geometry":{"type":"LineString","coordinates":[[-122.30414513789053,37.87317535257911],[-122.3035751363864,37.871413352885455]]},"properties":{"id":"6633R","street":"SECOND ST","side":"R","pavement_ft":40,"width_ft":10.4,"width_source":"gis","path_ft":6,"depth_ft":-0.1,"zone":"M","district":"Manufacturing","cat":"man","zone_dist_m":4.4,"campable_zone":true,"count":0,"placement":null}},{"type":"Feature","geometry":{"type":"LineString","coordinates":[[-122.30438276319096,37.874380341350516],[-122.30401076420124,37.87320234115055]]},"properties":{"id":"6634L","street":"SECOND ST","side":"L","pavement_ft":40,"width_ft":7.6,"width_source":"gis","path_ft":6,"depth_ft":-2.9,"zone":"M","district":"Manufacturing","cat":"man","zone_dist_m":2.1,"campable_zone":true,"count":0,"placement":null}},{"type":"Feature","geometry":{"type":"LineString","coordinates":[[-122.30451723678537,37.87435365861082],[-122.30414523577511,37.87317565881078]]},"properties":{"id":"6634R","street":"SECOND ST","side":"R","pavement_ft":40,"width_ft":11.9,"width_source":"gis","path_ft":6,"depth_ft":1.4,"zone":"M","district":"Manufacturing","cat":"man","zone_dist_m":4.2,"campable_zone":true,"count":0,"placement":null}},{"type":"Feature","geometry":{"type":"LineString","coordinates":[[-122.30680954899555,37.881910221443405],[-122.306278550265,37.88026022118646]]},"properties":{"id":"6635L","street":"SECOND ST","side":"L","pavement_ft":36,"width_ft":5.0,"width_source":"default","path_ft":6,"depth_ft":-5.5,"zone":"M","district":"Manufacturing","cat":"man","zone_dist_m":2.5,"campable_zone":true,"count":0,"placement":null}},{"type":"Feature","geometry":{"type":"LineString","coordinates":[[-122.30693045098496,37.88188577852533],[-122.30639944971549,37.88023577878227]]},"properties":{"id":"6635R","street":"SECOND ST","side":"R","pavement_ft":36,"width_ft":11.9,"width_source":"default","path_ft":6,"depth_ft":1.4,"zone":"M","district":"Manufacturing","cat":"man","zone_dist_m":4.5,"campable_zone":true,"count":0,"placement":null}},{"type":"Feature","geometry":{"type":"LineString","coordinates":[[-122.30569876763028,37.878481367215684],[-122.30514876912054,37.87674336691998]]},"properties":{"id":"6636L","street":"SECOND ST","side":"L","pavement_ft":40,"width_ft":4.4,"width_source":"gis","path_ft":6,"depth_ft":-6.1,"zone":"MRD","district":"Manufacturing Research District","cat":"man","zone_dist_m":2.1,"campable_zone":true,"count":0,"placement":null}},{"type":"Feature","geometry":{"type":"LineString","coordinates":[[-122.30583323234599,37.87845463274566],[-122.30528323085575,37.876716633041354]]},"properties":{"id":"6636R","street":"SECOND ST","side":"R","pavement_ft":40,"width_ft":15.7,"width_source":"gis","path_ft":10,"depth_ft":1.2,"zone":"MRD","district":"Manufacturing Research District","cat":"man","zone_dist_m":4.5,"campable_zone":true,"count":0,"placement":null}},{"type":"Feature","geometry":{"type":"LineString","coordinates":[[-122.30475780786179,37.87555448536527],[-122.30438280886655,37.874380485163705]]},"properties":{"id":"6637L","street":"SECOND ST","side":"L","pavement_ft":40,"width_ft":7.3,"width_source":"gis","path_ft":6,"depth_ft":-3.2,"zone":"M","district":"Manufacturing","cat":"man","zone_dist_m":2.1,"campable_zone":true,"count":0,"placement":null}},{"type":"Feature","geometry":{"type":"LineString","coordinates":[[-122.30489219211427,37.875527514596094],[-122.30451719110953,37.874353514797676]]},"properties":{"id":"6637R","street":"SECOND ST","side":"R","pavement_ft":40,"width_ft":13.8,"width_source":"gis","path_ft":6,"depth_ft":3.3,"zone":"M","district":"Manufacturing","cat":"man","zone_dist_m":4.0,"campable_zone":true,"count":0,"placement":null}},{"type":"Feature","geometry":{"type":"LineString","coordinates":[[-122.30514892761681,37.87674385816442],[-122.30475792862869,37.87555485795428]]},"properties":{"id":"6638L","street":"SECOND ST","side":"L","pavement_ft":40,"width_ft":5.6,"width_source":"gis","path_ft":6,"depth_ft":-4.9,"zone":"MRD","district":"Manufacturing Research District","cat":"man","zone_dist_m":1.9,"campable_zone":true,"count":0,"placement":null}},{"type":"Feature","geometry":{"type":"LineString","coordinates":[[-122.30528307235863,37.87671614179708],[-122.30489207134674,37.87552714200722]]},"properties":{"id":"6638R","street":"SECOND ST","side":"R","pavement_ft":40,"width_ft":17.1,"width_source":"gis","path_ft":10,"depth_ft":2.6,"zone":"MRD","district":"Manufacturing Research District","cat":"man","zone_dist_m":5.0,"campable_zone":true,"count":0,"placement":null}},{"type":"Feature","geometry":{"type":"LineString","coordinates":[[-122.30213256613406,37.87483125656001],[-122.30175556703193,37.87366325637767]]},"properties":{"id":"6639L","street":"FOURTH ST","side":"L","pavement_ft":36,"width_ft":10.3,"width_source":"gis","path_ft":6,"depth_ft":-0.2,"zone":"MULI","district":"Mixed Use-Light Industrial","cat":"man","zone_dist_m":3.1,"campable_zone":true,"count":0,"placement":null}},{"type":"Feature","geometry":{"type":"LineString","coordinates":[[-122.30225343384636,37.87480674340875],[-122.30187643294852,37.87363874359107]]},"properties":{"id":"6639R","street":"FOURTH ST","side":"R","pavement_ft":36,"width_ft":13.1,"width_source":"gis","path_ft":6,"depth_ft":2.6,"zone":"MULI","district":"Mixed Use-Light Industrial","cat":"man","zone_dist_m":4.6,"campable_zone":true,"count":0,"placement":null}},{"type":"Feature","geometry":{"type":"LineString","coordinates":[[-122.30063551966896,37.87017909972416],[-122.30022452066375,37.86888809952541]]},"properties":{"id":"6640L","street":"FOURTH ST","side":"L","pavement_ft":36,"width_ft":10.9,"width_source":"gis","path_ft":6,"depth_ft":0.4,"zone":"C-W","district":"West Berkeley Commercial","cat":"com","zone_dist_m":3.9,"campable_zone":true,"count":0,"placement":null}},{"type":"Feature","geometry":{"type":"LineString","coordinates":[[-122.30075648031173,37.87015490024454],[-122.30034547931696,37.8688639004433]]},"properties":{"id":"6640R","street":"FOURTH ST","side":"R","pavement_ft":36,"width_ft":13.0,"width_source":"gis","path_ft":6,"depth_ft":2.5,"zone":"C-W","district":"West Berkeley Commercial","cat":"com","zone_dist_m":4.4,"campable_zone":true,"count":0,"placement":null}},{"type":"Feature","geometry":{"type":"LineString","coordinates":[[-122.30346759638545,37.87893836023209],[-122.30289859772626,37.87719135995687]]},"properties":{"id":"6641L","street":"FOURTH ST","side":"L","pavement_ft":36,"width_ft":10.4,"width_source":"gis","path_ft":6,"depth_ft":-0.1,"zone":"M","district":"Manufacturing","cat":"man","zone_dist_m":3.2,"campable_zone":true,"count":0,"placement":null}},{"type":"Feature","geometry":{"type":"LineString","coordinates":[[-122.30358840359482,37.87891363973667],[-122.30301940225402,37.87716664001192]]},"properties":{"id":"6641R","street":"FOURTH ST","side":"R","pavement_ft":36,"width_ft":16.2,"width_source":"gis","path_ft":10,"depth_ft":1.7,"zone":"M","district":"Manufacturing","cat":"man","zone_dist_m":5.2,"campable_zone":true,"count":0,"placement":null}},{"type":"Feature","geometry":{"type":"LineString","coordinates":[[-122.30175557146964,37.87366327011838],[-122.30118457282752,37.871896269842246]]},"properties":{"id":"6644L","street":"FOURTH ST","side":"L","pavement_ft":36,"width_ft":10.9,"width_source":"gis","path_ft":6,"depth_ft":0.4,"zone":"MULI","district":"Mixed Use-Light Industrial","cat":"man","zone_dist_m":3.1,"campable_zone":true,"count":0,"placement":null}},{"type":"Feature","geometry":{"type":"LineString","coordinates":[[-122.30187642851078,37.873638729850356],[-122.30130542715287,37.8718717301265]]},"properties":{"id":"6644R","street":"FOURTH ST","side":"R","pavement_ft":36,"width_ft":13.0,"width_source":"gis","path_ft":6,"depth_ft":2.5,"zone":"MULI","district":"Mixed Use-Light Industrial","cat":"man","zone_dist_m":4.6,"campable_zone":true,"count":0,"placement":null}},{"type":"Feature","geometry":{"type":"LineString","coordinates":[[-122.29975522693776,37.8674328420965],[-122.29967122713374,37.86717084205701]]},"properties":{"id":"6645L","street":"FOURTH ST","side":"L","pavement_ft":35,"width_ft":11.2,"width_source":"gis","path_ft":6,"depth_ft":0.7,"zone":"C-W","district":"West Berkeley Commercial","cat":"com","zone_dist_m":3.3,"campable_zone":true,"count":0,"placement":null}},{"type":"Feature","geometry":{"type":"LineString","coordinates":[[-122.29987277304387,37.86740915787394],[-122.29978877284788,37.86714715791344]]},"properties":{"id":"6645R","street":"FOURTH ST","side":"R","pavement_ft":35,"width_ft":14.3,"width_source":"gis","path_ft":10,"depth_ft":-0.2,"zone":"C-W","district":"West Berkeley Commercial","cat":"com","zone_dist_m":4.3,"campable_zone":true,"count":0,"placement":null}},{"type":"Feature","geometry":{"type":"LineString","coordinates":[[-122.29967123986941,37.867170881709704],[-122.2993842405362,37.866278881574814]]},"properties":{"id":"6646L","street":"FOURTH ST","side":"L","pavement_ft":35,"width_ft":11.6,"width_source":"gis","path_ft":6,"depth_ft":1.1,"zone":"C-W","district":"West Berkeley Commercial","cat":"com","zone_dist_m":3.7,"campable_zone":true,"count":0,"placement":null}},{"type":"Feature","geometry":{"type":"LineString","coordinates":[[-122.29978876011214,37.86714711826074],[-122.29950175944533,37.86625511839566]]},"properties":{"id":"6646R","street":"FOURTH ST","side":"R","pavement_ft":35,"width_ft":13.5,"width_source":"gis","path_ft":6,"depth_ft":3.0,"zone":"C-W","district":"West Berkeley Commercial","cat":"com","zone_dist_m":4.6,"campable_zone":true,"count":0,"placement":null}},{"type":"Feature","geometry":{"type":"LineString","coordinates":[[-122.3002245822424,37.868888291336376],[-122.2998315831748,37.86767429114636]]},"properties":{"id":"6647L","street":"FOURTH ST","side":"L","pavement_ft":36,"width_ft":10.8,"width_source":"gis","path_ft":6,"depth_ft":0.3,"zone":"C-W","district":"West Berkeley Commercial","cat":"com","zone_dist_m":4.1,"campable_zone":true,"count":0,"placement":null}},{"type":"Feature","geometry":{"type":"LineString","coordinates":[[-122.30034541773801,37.86886370863239],[-122.2999524168056,37.867649708822405]]},"properties":{"id":"6647R","street":"FOURTH ST","side":"R","pavement_ft":36,"width_ft":12.0,"width_source":"gis","path_ft":6,"depth_ft":1.5,"zone":"C-W","district":"West Berkeley Commercial","cat":"com","zone_dist_m":4.5,"campable_zone":true,"count":0,"placement":null}},{"type":"Feature","geometry":{"type":"LineString","coordinates":[[-122.30118453398971,37.871896149019214],[-122.30063553531177,37.87017914875372]]},"properties":{"id":"6648L","street":"FOURTH ST","side":"L","pavement_ft":36,"width_ft":10.7,"width_source":"gis","path_ft":6,"depth_ft":0.2,"zone":"MULI","district":"Mixed Use-Light Industrial","cat":"man","zone_dist_m":3.3,"campable_zone":true,"count":0,"placement":null}},{"type":"Feature","geometry":{"type":"LineString","coordinates":[[-122.30130546599085,37.87187185094951],[-122.30075646466882,37.870154851215]]},"properties":{"id":"6648R","street":"FOURTH ST","side":"R","pavement_ft":36,"width_ft":14.7,"width_source":"gis","path_ft":10,"depth_ft":0.2,"zone":"MULI","district":"Mixed Use-Light Industrial","cat":"man","zone_dist_m":4.5,"campable_zone":true,"count":0,"placement":null}},{"type":"Feature","geometry":{"type":"LineString","coordinates":[[-122.30289866398456,37.877191561638064],[-122.30250566489158,37.876005561448025]]},"properties":{"id":"6649L","street":"FOURTH ST","side":"L","pavement_ft":36,"width_ft":8.0,"width_source":"gis","path_ft":6,"depth_ft":-2.5,"zone":"MULI","district":"Mixed Use-Light Industrial","cat":"man","zone_dist_m":2.9,"campable_zone":true,"count":0,"placement":null}},{"type":"Feature","geometry":{"type":"LineString","coordinates":[[-122.30301933599537,37.877166438330775],[-122.30262633508836,37.875980438520834]]},"properties":{"id":"6649R","street":"FOURTH ST","side":"R","pavement_ft":36,"width_ft":19.3,"width_source":"gis","path_ft":10,"depth_ft":4.8,"zone":"M","district":"Manufacturing","cat":"man","zone_dist_m":5.3,"campable_zone":true,"count":0,"placement":null}},{"type":"Feature","geometry":{"type":"LineString","coordinates":[[-122.3025055073146,37.87600507589617],[-122.30213250821984,37.87483107571575]]},"properties":{"id":"6650L","street":"FOURTH ST","side":"L","pavement_ft":36,"width_ft":9.8,"width_source":"gis","path_ft":6,"depth_ft":-0.7,"zone":"MULI","district":"Mixed Use-Light Industrial","cat":"man","zone_dist_m":3.1,"campable_zone":true,"count":0,"placement":null}},{"type":"Feature","geometry":{"type":"LineString","coordinates":[[-122.30262649266606,37.87598092407253],[-122.30225349176085,37.87480692425295]]},"properties":{"id":"6650R","street":"FOURTH ST","side":"R","pavement_ft":36,"width_ft":16.6,"width_source":"gis","path_ft":10,"depth_ft":2.1,"zone":"MULI","district":"Mixed Use-Light Industrial","cat":"man","zone_dist_m":5.2,"campable_zone":true,"count":0,"placement":null}},{"type":"Feature","geometry":{"type":"LineString","coordinates":[[-122.3037635989127,37.87984637026959],[-122.30346759960949,37.878938370126384]]},"properties":{"id":"6651L","street":"FOURTH ST","side":"L","pavement_ft":36,"width_ft":7.3,"width_source":"gis","path_ft":6,"depth_ft":-3.2,"zone":"MULI","district":"Mixed Use-Light Industrial","cat":"man","zone_dist_m":2.8,"campable_zone":true,"count":0,"placement":null}},{"type":"Feature","geometry":{"type":"LineString","coordinates":[[-122.30388440106758,37.8798216296992],[-122.30358840037078,37.87891362984236]]},"properties":{"id":"6651R","street":"FOURTH ST","side":"R","pavement_ft":36,"width_ft":15.1,"width_source":"gis","path_ft":10,"depth_ft":0.6,"zone":"M","district":"Manufacturing","cat":"man","zone_dist_m":5.2,"campable_zone":true,"count":0,"placement":null}},{"type":"Feature","geometry":{"type":"LineString","coordinates":[[-122.30416689876843,37.88069226911218],[-122.30421289889756,37.88085626908994]]},"properties":{"id":"6652L","street":"FOURTH ST","side":"L","pavement_ft":36,"width_ft":21.8,"width_source":"default","path_ft":10,"depth_ft":7.3,"zone":"MULI","district":"Mixed Use-Light Industrial","cat":"man","zone_dist_m":0.5,"campable_zone":true,"count":0,"placement":null}},{"type":"Feature","geometry":{"type":"LineString","coordinates":[[-122.30404510121437,37.880713730856115],[-122.30409110108525,37.88087773087837]]},"properties":{"id":"6652R","street":"FOURTH ST","side":"R","pavement_ft":36,"width_ft":20.5,"width_source":"default","path_ft":10,"depth_ft":6.0,"zone":"MULI","district":"Mixed Use-Light Industrial","cat":"man","zone_dist_m":0.8,"campable_zone":true,"count":0,"placement":null}},{"type":"Feature","geometry":{"type":"LineString","coordinates":[[-122.30404558102018,37.88071531744677],[-122.30376358168768,37.87984631731036]]},"properties":{"id":"6653L","street":"FOURTH ST","side":"L","pavement_ft":36,"width_ft":5.1,"width_source":"gis","path_ft":6,"depth_ft":-5.4,"zone":"MULI","district":"Mixed Use-Light Industrial","cat":"man","zone_dist_m":1.9,"campable_zone":true,"count":0,"placement":null}},{"type":"Feature","geometry":{"type":"LineString","coordinates":[[-122.30416641896015,37.88069068252198],[-122.30388441829267,37.87982168265842]]},"properties":{"id":"6653R","street":"FOURTH ST","side":"R","pavement_ft":36,"width_ft":17.0,"width_source":"gis","path_ft":10,"depth_ft":2.5,"zone":"M","district":"Manufacturing","cat":"man","zone_dist_m":4.9,"campable_zone":true,"count":0,"placement":null}},{"type":"Feature","geometry":{"type":"LineString","coordinates":[[-122.2989115451219,37.864835165730625],[-122.29834354648699,37.863061165456024]]},"properties":{"id":"6654L","street":"FOURTH ST","side":"L","pavement_ft":36,"width_ft":12.6,"width_source":"gis","path_ft":6,"depth_ft":2.1,"zone":"MULI","district":"Mixed Use-Light Industrial","cat":"man","zone_dist_m":4.1,"campable_zone":true,"count":0,"placement":null}},{"type":"Feature","geometry":{"type":"LineString","coordinates":[[-122.2990324548587,37.864810834238135],[-122.2984644534936,37.86303683451271]]},"properties":{"id":"6654R","street":"FOURTH ST","side":"R","pavement_ft":36,"width_ft":12.8,"width_source":"gis","path_ft":6,"depth_ft":2.3,"zone":"MULI","district":"Mixed Use-Light Industrial","cat":"man","zone_dist_m":4.9,"campable_zone":true,"count":0,"placement":null}},{"type":"Feature","geometry":{"type":"LineString","coordinates":[[-122.29701647589462,37.858900931936674],[-122.2966664767565,37.8577849317675]]},"properties":{"id":"6655L","street":"FOURTH ST","side":"L","pavement_ft":36,"width_ft":15.0,"width_source":"default","path_ft":10,"depth_ft":0.5,"zone":"MM","district":"Mixed Manufacturing","cat":"man","zone_dist_m":5.0,"campable_zone":true,"count":0,"placement":null}},{"type":"Feature","geometry":{"type":"LineString","coordinates":[[-122.29713752408634,37.858877068032],[-122.29678752322447,37.85776106820117]]},"properties":{"id":"6655R","street":"FOURTH ST","side":"R","pavement_ft":36,"width_ft":9.4,"width_source":"default","path_ft":6,"depth_ft":-1.1,"zone":"MM","district":"Mixed Manufacturing","cat":"man","zone_dist_m":2.7,"campable_zone":true,"count":0,"placement":null}},{"type":"Feature","geometry":{"type":"LineString","coordinates":[[-122.2983435532327,37.86306118650565],[-122.29778255457799,37.861312186234464]]},"properties":{"id":"6657L","street":"FOURTH ST","side":"L","pavement_ft":36,"width_ft":11.4,"width_source":"gis","path_ft":6,"depth_ft":0.9,"zone":"MULI","district":"Mixed Use-Light Industrial","cat":"man","zone_dist_m":3.5,"campable_zone":true,"count":0,"placement":null}},{"type":"Feature","geometry":{"type":"LineString","coordinates":[[-122.29846444674784,37.8630368134631],[-122.29790344540254,37.861287813734286]]},"properties":{"id":"6657R","street":"FOURTH ST","side":"R","pavement_ft":36,"width_ft":13.5,"width_source":"gis","path_ft":6,"depth_ft":3.0,"zone":"MULI","district":"Mixed Use-Light Industrial","cat":"man","zone_dist_m":4.8,"campable_zone":true,"count":0,"placement":null}},{"type":"Feature","geometry":{"type":"LineString","coordinates":[[-122.29938261291319,37.86627937914982],[-122.29891161402048,37.86483537892214]]},"properties":{"id":"6658L","street":"FOURTH ST","side":"L","pavement_ft":36,"width_ft":11.8,"width_source":"gis","path_ft":6,"depth_ft":1.3,"zone":"MULI","district":"Mixed Use-Light Industrial","cat":"man","zone_dist_m":3.8,"campable_zone":true,"count":0,"placement":null}},{"type":"Feature","geometry":{"type":"LineString","coordinates":[[-122.299503387067,37.86625462081899],[-122.29903238595979,37.86481062104668]]},"properties":{"id":"6658R","street":"FOURTH ST","side":"R","pavement_ft":36,"width_ft":14.7,"width_source":"gis","path_ft":10,"depth_ft":0.2,"zone":"MULI","district":"Mixed Use-Light Industrial","cat":"man","zone_dist_m":5.1,"campable_zone":true,"count":0,"placement":null}},{"type":"Feature","geometry":{"type":"LineString","coordinates":[[-122.29778254094835,37.86131214366174],[-122.29721854230681,37.85954714338913]]},"properties":{"id":"6659L","street":"FOURTH ST","side":"L","pavement_ft":36,"width_ft":12.4,"width_source":"gis","path_ft":6,"depth_ft":1.9,"zone":"MULI","district":"Mixed Use-Light Industrial","cat":"man","zone_dist_m":4.2,"campable_zone":true,"count":0,"placement":null}},{"type":"Feature","geometry":{"type":"LineString","coordinates":[[-122.29790345903226,37.861287856306994],[-122.29733945767381,37.85952285657961]]},"properties":{"id":"6659R","street":"FOURTH ST","side":"R","pavement_ft":36,"width_ft":11.8,"width_source":"gis","path_ft":6,"depth_ft":1.3,"zone":"MULI","district":"Mixed Use-Light Industrial","cat":"man","zone_dist_m":4.7,"campable_zone":true,"count":0,"placement":null}},{"type":"Feature","geometry":{"type":"LineString","coordinates":[[-122.29833995413823,37.86648065005677],[-122.29787495517537,37.865049649844465]]},"properties":{"id":"6661L","street":"FIFTH ST","side":"L","pavement_ft":34,"width_ft":12.7,"width_source":"gis","path_ft":6,"depth_ft":2.2,"zone":"MUR","district":"Mixed Use-Residential","cat":"mixres","zone_dist_m":3.9,"campable_zone":true,"count":0,"placement":null}},{"type":"Feature","geometry":{"type":"LineString","coordinates":[[-122.29845404584421,37.866457349915386],[-122.29798904480711,37.865026350127664]]},"properties":{"id":"6661R","street":"FIFTH ST","side":"R","pavement_ft":34,"width_ft":14.7,"width_source":"gis","path_ft":10,"depth_ft":0.2,"zone":"MUR","district":"Mixed Use-Residential","cat":"mixres","zone_dist_m":4.9,"campable_zone":true,"count":0,"placement":null}},{"type":"Feature","geometry":{"type":"LineString","coordinates":[[-122.30015597672313,37.872107467889634],[-122.2996019777582,37.870378467681284]]},"properties":{"id":"6663L","street":"FIFTH ST","side":"L","pavement_ft":28,"width_ft":17.9,"width_source":"gis","path_ft":10,"depth_ft":3.4,"zone":"MUR","district":"Mixed Use-Residential","cat":"mixres","zone_dist_m":5.6,"campable_zone":true,"count":0,"placement":null}},{"type":"Feature","geometry":{"type":"LineString","coordinates":[[-122.3002500232651,37.87208853209144],[-122.29969602223007,37.870359532299815]]},"properties":{"id":"6663R","street":"FIFTH ST","side":"R","pavement_ft":28,"width_ft":17.8,"width_source":"gis","path_ft":10,"depth_ft":3.3,"zone":"MUR","district":"Mixed Use-Residential","cat":"mixres","zone_dist_m":5.9,"campable_zone":true,"count":0,"placement":null}},{"type":"Feature","geometry":{"type":"LineString","coordinates":[[-122.29960198390515,37.87037848684531],[-122.29919098467103,37.869098486690746]]},"properties":{"id":"6664L","street":"FIFTH ST","side":"L","pavement_ft":28,"width_ft":13.8,"width_source":"gis","path_ft":6,"depth_ft":3.3,"zone":"MUR","district":"Mixed Use-Residential","cat":"mixres","zone_dist_m":4.5,"campable_zone":true,"count":0,"placement":null}},{"type":"Feature","geometry":{"type":"LineString","coordinates":[[-122.29969601608309,37.87035951313579],[-122.2992850153172,37.86907951329036]]},"properties":{"id":"6664R","street":"FIFTH ST","side":"R","pavement_ft":28,"width_ft":19.0,"width_source":"gis","path_ft":10,"depth_ft":4.5,"zone":"MUR","district":"Mixed Use-Residential","cat":"mixres","zone_dist_m":5.9,"campable_zone":true,"count":0,"placement":null}},{"type":"Feature","geometry":{"type":"LineString","coordinates":[[-122.29872092733054,37.867660570075316],[-122.29863092753305,37.86738157003423]]},"properties":{"id":"6665L","street":"FIFTH ST","side":"L","pavement_ft":34,"width_ft":11.2,"width_source":"gis","path_ft":6,"depth_ft":0.7,"zone":"C-W","district":"West Berkeley Commercial","cat":"com","zone_dist_m":3.3,"campable_zone":true,"count":0,"placement":null}},{"type":"Feature","geometry":{"type":"LineString","coordinates":[[-122.29883507265201,37.86763742989681],[-122.29874507244949,37.86735842993791]]},"properties":{"id":"6665R","street":"FIFTH ST","side":"R","pavement_ft":34,"width_ft":13.9,"width_source":"gis","path_ft":6,"depth_ft":3.4,"zone":"C-W","district":"West Berkeley Commercial","cat":"com","zone_dist_m":4.6,"campable_zone":true,"count":0,"placement":null}},{"type":"Feature","geometry":{"type":"LineString","coordinates":[[-122.29863093186881,37.86738158346681],[-122.29833993252262,37.866480583333946]]},"properties":{"id":"6666L","street":"FIFTH ST","side":"L","pavement_ft":34,"width_ft":11.5,"width_source":"gis","path_ft":6,"depth_ft":1.0,"zone":"MUR","district":"Mixed Use-Residential","cat":"mixres","zone_dist_m":3.7,"campable_zone":true,"count":0,"placement":null}},{"type":"Feature","geometry":{"type":"LineString","coordinates":[[-122.29874506811375,37.86735841650533],[-122.29845406745991,37.8664574166382]]},"properties":{"id":"6666R","street":"FIFTH ST","side":"R","pavement_ft":34,"width_ft":14.4,"width_source":"gis","path_ft":10,"depth_ft":-0.1,"zone":"C-W","district":"West Berkeley Commercial","cat":"com","zone_dist_m":4.9,"campable_zone":true,"count":0,"placement":null}},{"type":"Feature","geometry":{"type":"LineString","coordinates":[[-122.29919096748392,37.86909843300123],[-122.29880096821591,37.867876432854565]]},"properties":{"id":"6667L","street":"FIFTH ST","side":"L","pavement_ft":28,"width_ft":14.5,"width_source":"gis","path_ft":10,"depth_ft":-0.0,"zone":"MUR","district":"Mixed Use-Residential","cat":"mixres","zone_dist_m":3.9,"campable_zone":true,"count":0,"placement":null}},{"type":"Feature","geometry":{"type":"LineString","coordinates":[[-122.29928503250437,37.869079566979856],[-122.29889503177237,37.86785756712651]]},"properties":{"id":"6667R","street":"FIFTH ST","side":"R","pavement_ft":28,"width_ft":18.3,"width_source":"gis","path_ft":10,"depth_ft":3.8,"zone":"C-W","district":"West Berkeley Commercial","cat":"com","zone_dist_m":5.9,"campable_zone":true,"count":0,"placement":null}},{"type":"Feature","geometry":{"type":"LineString","coordinates":[[-122.30072700977385,37.87386857390435],[-122.3001560108257,37.87210757368958]]},"properties":{"id":"6668L","street":"FIFTH ST","side":"L","pavement_ft":28,"width_ft":13.7,"width_source":"gis","path_ft":6,"depth_ft":3.2,"zone":"MUR","district":"Mixed Use-Residential","cat":"mixres","zone_dist_m":4.2,"campable_zone":true,"count":0,"placement":null}},{"type":"Feature","geometry":{"type":"LineString","coordinates":[[-122.30082099021429,37.873849426076774],[-122.3002499891624,37.872088426291526]]},"properties":{"id":"6668R","street":"FIFTH ST","side":"R","pavement_ft":28,"width_ft":18.9,"width_source":"gis","path_ft":10,"depth_ft":4.4,"zone":"MUR","district":"Mixed Use-Residential","cat":"mixres","zone_dist_m":5.9,"campable_zone":true,"count":0,"placement":null}},{"type":"Feature","geometry":{"type":"LineString","coordinates":[[-122.30109257610575,37.87504228791646],[-122.30071357700544,37.873871287733174]]},"properties":{"id":"6669L","street":"FIFTH ST","side":"L","pavement_ft":36,"width_ft":10.7,"width_source":"gis","path_ft":6,"depth_ft":0.2,"zone":"MUR","district":"Mixed Use-Residential","cat":"mixres","zone_dist_m":3.5,"campable_zone":true,"count":0,"placement":null}},{"type":"Feature","geometry":{"type":"LineString","coordinates":[[-122.30121342387464,37.8750177120523],[-122.30083442297496,37.87384671223559]]},"properties":{"id":"6669R","street":"FIFTH ST","side":"R","pavement_ft":36,"width_ft":15.3,"width_source":"gis","path_ft":10,"depth_ft":0.8,"zone":"MUR","district":"Mixed Use-Residential","cat":"mixres","zone_dist_m":5.0,"campable_zone":true,"count":0,"placement":null}},{"type":"Feature","geometry":{"type":"LineString","coordinates":[[-122.30143927921834,37.87620933436538],[-122.30109228012961,37.875041334197554]]},"properties":{"id":"6670L","street":"FIFTH ST","side":"L","pavement_ft":36,"width_ft":11.1,"width_source":"gis","path_ft":6,"depth_ft":0.6,"zone":"MUR","district":"Mixed Use-Residential","cat":"mixres","zone_dist_m":3.3,"campable_zone":true,"count":0,"placement":null}},{"type":"Feature","geometry":{"type":"LineString","coordinates":[[-122.30156072076352,37.876186665603086],[-122.30121371985226,37.87501866577091]]},"properties":{"id":"6670R","street":"FIFTH ST","side":"R","pavement_ft":36,"width_ft":15.9,"width_source":"gis","path_ft":10,"depth_ft":1.4,"zone":"MUR","district":"Mixed Use-Residential","cat":"mixres","zone_dist_m":5.3,"campable_zone":true,"count":0,"placement":null}},{"type":"Feature","geometry":{"type":"LineString","coordinates":[[-122.30240464052136,37.87914049542819],[-122.30183064185526,37.87739849515059]]},"properties":{"id":"6671L","street":"FIFTH ST","side":"L","pavement_ft":36,"width_ft":10.6,"width_source":"gis","path_ft":6,"depth_ft":0.1,"zone":"MULI","district":"Mixed Use-Light Industrial","cat":"man","zone_dist_m":3.1,"campable_zone":true,"count":0,"placement":null}},{"type":"Feature","geometry":{"type":"LineString","coordinates":[[-122.3025253594587,37.879115504540636],[-122.30195135812478,37.877373504818244]]},"properties":{"id":"6671R","street":"FIFTH ST","side":"R","pavement_ft":36,"width_ft":16.1,"width_source":"gis","path_ft":10,"depth_ft":1.6,"zone":"M","district":"Manufacturing","cat":"man","zone_dist_m":4.4,"campable_zone":true,"count":0,"placement":null}},{"type":"Feature","geometry":{"type":"LineString","coordinates":[[-122.30183063754686,37.877398482067576],[-122.30143963845667,37.87621048187849]]},"properties":{"id":"6672L","street":"FIFTH ST","side":"L","pavement_ft":36,"width_ft":11.4,"width_source":"gis","path_ft":6,"depth_ft":0.9,"zone":"MUR","district":"Mixed Use-Residential","cat":"mixres","zone_dist_m":3.6,"campable_zone":true,"count":0,"placement":null}},{"type":"Feature","geometry":{"type":"LineString","coordinates":[[-122.30195136243321,37.87737351790124],[-122.30156036152341,37.87618551809032]]},"properties":{"id":"6672R","street":"FIFTH ST","side":"R","pavement_ft":36,"width_ft":17.6,"width_source":"gis","path_ft":10,"depth_ft":3.1,"zone":"MUR","district":"Mixed Use-Residential","cat":"mixres","zone_dist_m":5.0,"campable_zone":true,"count":0,"placement":null}},{"type":"Feature","geometry":{"type":"LineString","coordinates":[[-122.30340544306593,37.8822388882066],[-122.30299544408099,37.88092688800822]]},"properties":{"id":"6673L","street":"FIFTH ST","side":"L","pavement_ft":36,"width_ft":7.0,"width_source":"gis","path_ft":6,"depth_ft":-3.5,"zone":"MULI","district":"Mixed Use-Light Industrial","cat":"man","zone_dist_m":2.6,"campable_zone":true,"count":0,"placement":null}},{"type":"Feature","geometry":{"type":"LineString","coordinates":[[-122.30352655691505,37.88221511176203],[-122.3031165559,37.8809031119604]]},"properties":{"id":"6673R","street":"FIFTH ST","side":"R","pavement_ft":36,"width_ft":16.2,"width_source":"gis","path_ft":10,"depth_ft":1.7,"zone":"MULI","district":"Mixed Use-Light Industrial","cat":"man","zone_dist_m":5.0,"campable_zone":true,"count":0,"placement":null}},{"type":"Feature","geometry":{"type":"LineString","coordinates":[[-122.30299565320654,37.88092753828313],[-122.30240465457399,37.879140537997294]]},"properties":{"id":"6674L","street":"FIFTH ST","side":"L","pavement_ft":36,"width_ft":10.9,"width_source":"gis","path_ft":6,"depth_ft":0.4,"zone":"MULI","district":"Mixed Use-Light Industrial","cat":"man","zone_dist_m":3.4,"campable_zone":true,"count":0,"placement":null}},{"type":"Feature","geometry":{"type":"LineString","coordinates":[[-122.30311634677344,37.88090246168571],[-122.30252534540601,37.879115461971544]]},"properties":{"id":"6674R","street":"FIFTH ST","side":"R","pavement_ft":36,"width_ft":14.7,"width_source":"gis","path_ft":10,"depth_ft":0.2,"zone":"MULI","district":"Mixed Use-Light Industrial","cat":"man","zone_dist_m":4.6,"campable_zone":true,"count":0,"placement":null}},{"type":"Feature","geometry":{"type":"LineString","coordinates":[[-122.29787491902803,37.86504953802967],[-122.29730792030824,37.86328653777083]]},"properties":{"id":"6675L","street":"FIFTH ST","side":"L","pavement_ft":34,"width_ft":12.1,"width_source":"gis","path_ft":6,"depth_ft":1.6,"zone":"MUR","district":"Mixed Use-Residential","cat":"mixres","zone_dist_m":3.7,"campable_zone":true,"count":0,"placement":null}},{"type":"Feature","geometry":{"type":"LineString","coordinates":[[-122.2979890809546,37.86502646194243],[-122.29742207967438,37.86326346220132]]},"properties":{"id":"6675R","street":"FIFTH ST","side":"R","pavement_ft":34,"width_ft":14.6,"width_source":"gis","path_ft":10,"depth_ft":0.1,"zone":"MUR","district":"Mixed Use-Residential","cat":"mixres","zone_dist_m":4.9,"campable_zone":true,"count":0,"placement":null}},{"type":"Feature","geometry":{"type":"LineString","coordinates":[[-122.29674187940824,37.861525405551376],[-122.29618088069344,37.8597594052953]]},"properties":{"id":"6676L","street":"FIFTH ST","side":"L","pavement_ft":34,"width_ft":12.2,"width_source":"gis","path_ft":6,"depth_ft":1.7,"zone":"MUR","district":"Mixed Use-Residential","cat":"mixres","zone_dist_m":3.7,"campable_zone":true,"count":0,"placement":null}},{"type":"Feature","geometry":{"type":"LineString","coordinates":[[-122.29685612057453,37.86150259442071],[-122.29629511928938,37.8597365946768]]},"properties":{"id":"6676R","street":"FIFTH ST","side":"R","pavement_ft":34,"width_ft":13.5,"width_source":"gis","path_ft":6,"depth_ft":3.0,"zone":"MUR","district":"Mixed Use-Residential","cat":"mixres","zone_dist_m":4.6,"campable_zone":true,"count":0,"placement":null}},{"type":"Feature","geometry":{"type":"LineString","coordinates":[[-122.29730791828182,37.863286531468006],[-122.29674191956062,37.861525531209594]]},"properties":{"id":"6677L","street":"FIFTH ST","side":"L","pavement_ft":34,"width_ft":12.2,"width_source":"gis","path_ft":6,"depth_ft":1.7,"zone":"MUR","district":"Mixed Use-Residential","cat":"mixres","zone_dist_m":3.6,"campable_zone":true,"count":0,"placement":null}},{"type":"Feature","geometry":{"type":"LineString","coordinates":[[-122.29742208170083,37.86326346850415],[-122.29685608042199,37.86150246876251]]},"properties":{"id":"6677R","street":"FIFTH ST","side":"R","pavement_ft":34,"width_ft":13.4,"width_source":"gis","path_ft":6,"depth_ft":2.9,"zone":"MUR","district":"Mixed Use-Residential","cat":"mixres","zone_dist_m":5.1,"campable_zone":true,"count":0,"placement":null}},{"type":"Feature","geometry":{"type":"LineString","coordinates":[[-122.29370668731158,37.851778569326356],[-122.2934696878577,37.85106356921189]]},"properties":{"id":"6678L","street":"FIFTH ST","side":"L","pavement_ft":36,"width_ft":9.1,"width_source":"gis","path_ft":6,"depth_ft":-1.4,"zone":"C-W","district":"West Berkeley Commercial","cat":"com","zone_dist_m":2.7,"campable_zone":true,"count":0,"placement":null}},{"type":"Feature","geometry":{"type":"LineString","coordinates":[[-122.29382731266841,37.85175343064253],[-122.2935903121223,37.851038430756994]]},"properties":{"id":"6678R","street":"FIFTH ST","side":"R","pavement_ft":36,"width_ft":3.4,"width_source":"gis","path_ft":6,"depth_ft":-7.1,"zone":"MULI","district":"Mixed Use-Light Industrial","cat":"man","zone_dist_m":2.1,"campable_zone":true,"count":0,"placement":null}},{"type":"Feature","geometry":{"type":"LineString","coordinates":[[-122.29379473917729,37.852040725405956],[-122.29370673937686,37.85177872536347]]},"properties":{"id":"6679L","street":"FIFTH ST","side":"L","pavement_ft":36,"width_ft":9.4,"width_source":"gis","path_ft":6,"depth_ft":-1.1,"zone":"MULI","district":"Mixed Use-Light Industrial","cat":"man","zone_dist_m":2.6,"campable_zone":true,"count":0,"placement":null}},{"type":"Feature","geometry":{"type":"LineString","coordinates":[[-122.29391526080246,37.852015274562945],[-122.2938272606029,37.85175327460546]]},"properties":{"id":"6679R","street":"FIFTH ST","side":"R","pavement_ft":36,"width_ft":3.0,"width_source":"gis","path_ft":6,"depth_ft":-7.5,"zone":"MULI","district":"Mixed Use-Light Industrial","cat":"man","zone_dist_m":1.8,"campable_zone":true,"count":0,"placement":null}},{"type":"Feature","geometry":{"type":"LineString","coordinates":[[-122.28028072300302,37.85003263601194],[-122.2783597218539,37.85045663626974]]},"properties":{"id":"6692L","street":"SIXTY-SIXTH ST","side":"L","pavement_ft":36,"width_ft":10.7,"width_source":"gis","path_ft":6,"depth_ft":0.2,"zone":"R-2A","district":"Multi-Unit 2A","cat":"res","zone_dist_m":3.8,"campable_zone":false,"count":0,"placement":null}},{"type":"Feature","geometry":{"type":"LineString","coordinates":[[-122.28024727701805,37.849937363985504],[-122.27832627816716,37.850361363727714]]},"properties":{"id":"6692R","street":"SIXTY-SIXTH ST","side":"R","pavement_ft":36,"width_ft":12.9,"width_source":"gis","path_ft":6,"depth_ft":2.4,"zone":"R-2A","district":"Multi-Unit 2A","cat":"res","zone_dist_m":3.8,"campable_zone":false,"count":0,"placement":null}},{"type":"Feature","geometry":{"type":"LineString","coordinates":[[-122.28080596167582,37.850634690991626],[-122.2785179605358,37.85114069124801]]},"properties":{"id":"6705L","street":"SIXTY-SEVENTH ST","side":"L","pavement_ft":30,"width_ft":9.4,"width_source":"gis","path_ft":6,"depth_ft":-1.1,"zone":"R-2A","district":"Multi-Unit 2A","cat":"res","zone_dist_m":4.2,"campable_zone":false,"count":0,"placement":null}},{"type":"Feature","geometry":{"type":"LineString","coordinates":[[-122.28077803833884,37.850555309006594],[-122.27849003947884,37.851061308750225]]},"properties":{"id":"6705R","street":"SIXTY-SEVENTH ST","side":"R","pavement_ft":30,"width_ft":11.9,"width_source":"gis","path_ft":6,"depth_ft":1.4,"zone":"R-2A","district":"Multi-Unit 2A","cat":"res","zone_dist_m":3.7,"campable_zone":false,"count":0,"placement":null}},{"type":"Feature","geometry":{"type":"LineString","coordinates":[[-122.28347501873652,37.85033289199235],[-122.28305101852185,37.850419892036506]]},"properties":{"id":"6707L","street":"SIXTY-SEVENTH ST","side":"L","pavement_ft":30,"width_ft":6.3,"width_source":"gis","path_ft":6,"depth_ft":-4.2,"zone":"R-2A","district":"Multi-Unit 2A","cat":"res","zone_dist_m":1.4,"campable_zone":false,"count":0,"placement":null}},{"type":"Feature","geometry":{"type":"LineString","coordinates":[[-122.28344898127719,37.850253108006065],[-122.28302498149188,37.85034010796194]]},"properties":{"id":"6707R","street":"SIXTY-SEVENTH ST","side":"R","pavement_ft":30,"width_ft":6.8,"width_source":"gis","path_ft":6,"depth_ft":-3.7,"zone":"R-2A","district":"Multi-Unit 2A","cat":"res","zone_dist_m":2.4,"campable_zone":false,"count":0,"placement":null}},{"type":"Feature","geometry":{"type":"LineString","coordinates":[[-122.28304647985613,37.85042065370309],[-122.28292735349697,37.85043627683314],[-122.28268515596758,37.85049064770427],[-122.28268094496508,37.850491444417976],[-122.28267666494277,37.85049196044066],[-122.28260766490496,37.850497960443555],[-122.2826026377868,37.85049820290331],[-122.28259760467805,37.850498058353764],[-122.28249360462088,37.850491058349355],[-122.28248831119183,37.850490483490596],[-122.28248312017871,37.850489480699935],[-122.28227786988671,37.85044084319268],[-122.28216623591041,37.850435484761874],[-122.28201284831933,37.85046294302983],[-122.28136323270733,37.85060963042323],[-122.28135735005263,37.85061067058456],[-122.2813513550765,37.85061116366253],[-122.28121235499925,37.850616163664476],[-122.28120818049601,37.85061618073307],[-122.28120401773434,37.85061593205634],[-122.28102571254743,37.850599547259556],[-122.28091235143273,37.850612450148205],[-122.28080525031265,37.85063484401731]]},"properties":{"id":"6708L","street":"SIXTY-SEVENTH ST","side":"L","pavement_ft":30,"width_ft":9.3,"width_source":"gis","path_ft":6,"depth_ft":-1.2,"zone":"R-2A","district":"Multi-Unit 2A","cat":"res","zone_dist_m":4.1,"campable_zone":false,"count":0,"placement":null}},{"type":"Feature","geometry":{"type":"LineString","coordinates":[[-122.28302952015284,37.850339346296124],[-122.28290752021829,37.85035534628811],[-122.28290184392563,37.850356352321775],[-122.28266102041549,37.85041041474685],[-122.28260135920416,37.85041560267879],[-122.2825077402771,37.850409301405506],[-122.2823018799067,37.85036051932514],[-122.28229606982757,37.850359426445635],[-122.28229013999395,37.8503588692844],[-122.28216514006304,37.850352869288386],[-122.28216024880047,37.850352817398324],[-122.28215537305486,37.85035313041874],[-122.28215055602924,37.85035380557605],[-122.28198855611319,37.85038280556134],[-122.28198576698482,37.850383369649386],[-122.28134059341538,37.85052905402086],[-122.28121182539135,37.8505336859639],[-122.2810309823593,37.85051706795331],[-122.28102652723034,37.85051681180105],[-122.28102206081762,37.85051685996278],[-122.28101761612069,37.85051721208266],[-122.28089461618731,37.85053121207572],[-122.28088874964583,37.850532155992724],[-122.28077874970128,37.85055515598106]]},"properties":{"id":"6708R","street":"SIXTY-SEVENTH ST","side":"R","pavement_ft":30,"width_ft":11.8,"width_source":"gis","path_ft":6,"depth_ft":1.3,"zone":"R-2A","district":"Multi-Unit 2A","cat":"res","zone_dist_m":4.2,"campable_zone":false,"count":0,"placement":null}},{"type":"Feature","geometry":{"type":"LineString","coordinates":[[-122.2975834340485,37.86801035774713],[-122.29745743444803,37.86762035766591]]},"properties":{"id":"6723L","street":"SIXTH ST","side":"L","pavement_ft":48,"width_ft":14.2,"width_source":"gis","path_ft":10,"depth_ft":-0.3,"zone":"C-W","district":"West Berkeley Commercial","cat":"com","zone_dist_m":4.2,"campable_zone":true,"count":0,"placement":null}},{"type":"Feature","geometry":{"type":"LineString","coordinates":[[-122.29774456591669,37.867977642197346],[-122.29761856551715,37.86758764227856]]},"properties":{"id":"6723R","street":"SIXTH ST","side":"R","pavement_ft":48,"width_ft":16.9,"width_source":"gis","path_ft":10,"depth_ft":2.4,"zone":"C-W","district":"West Berkeley Commercial","cat":"com","zone_dist_m":5.4,"campable_zone":true,"count":0,"placement":null}},{"type":"Feature","geometry":{"type":"LineString","coordinates":[[-122.29745743744184,37.86762036692971],[-122.29716843835756,37.866726366743436]]},"properties":{"id":"6724L","street":"SIXTH ST","side":"L","pavement_ft":48,"width_ft":14.1,"width_source":"gis","path_ft":10,"depth_ft":-0.4,"zone":"R-4","district":"Multi-Family Residential","cat":"res","zone_dist_m":4.0,"campable_zone":false,"count":0,"placement":null}},{"type":"Feature","geometry":{"type":"LineString","coordinates":[[-122.29761856252335,37.86758763301477],[-122.29732956160758,37.86669363320104]]},"properties":{"id":"6724R","street":"SIXTH ST","side":"R","pavement_ft":48,"width_ft":17.5,"width_source":"gis","path_ft":10,"depth_ft":3.0,"zone":"MUR","district":"Mixed Use-Residential","cat":"mixres","zone_dist_m":5.5,"campable_zone":true,"count":0,"placement":null}},{"type":"Feature","geometry":{"type":"LineString","coordinates":[[-122.29800741615165,37.869332438833915],[-122.29757941758751,37.86801243854078]]},"properties":{"id":"6725L","street":"SIXTH ST","side":"L","pavement_ft":51,"width_ft":13.5,"width_source":"gis","path_ft":6,"depth_ft":3.0,"zone":"R-3","district":"Multiple-Family Residential","cat":"res","zone_dist_m":3.9,"campable_zone":false,"count":0,"placement":null}},{"type":"Feature","geometry":{"type":"LineString","coordinates":[[-122.2981785838089,37.86929756110342],[-122.29775058237308,37.86797756139653]]},"properties":{"id":"6725R","street":"SIXTH ST","side":"R","pavement_ft":51,"width_ft":17.8,"width_source":"gis","path_ft":10,"depth_ft":3.3,"zone":"MUR","district":"Mixed Use-Residential","cat":"mixres","zone_dist_m":6.1,"campable_zone":true,"count":0,"placement":null}},{"type":"Feature","geometry":{"type":"LineString","coordinates":[[-122.2999243656683,37.875282169537854],[-122.29954936687525,37.87410716929605]]},"properties":{"id":"6726L","street":"SIXTH ST","side":"L","pavement_ft":48,"width_ft":15.2,"width_source":"gis","path_ft":10,"depth_ft":0.7,"zone":"R-2","district":"Multi-Unit 2","cat":"res","zone_dist_m":4.3,"campable_zone":false,"count":0,"placement":null}},{"type":"Feature","geometry":{"type":"LineString","coordinates":[[-122.30008563429726,37.875249830406524],[-122.2997106330903,37.874074830648325]]},"properties":{"id":"6726R","street":"SIXTH ST","side":"R","pavement_ft":48,"width_ft":18.2,"width_source":"gis","path_ft":10,"depth_ft":3.7,"zone":"MUR","district":"Mixed Use-Residential","cat":"mixres","zone_dist_m":6.0,"campable_zone":true,"count":0,"placement":null}},{"type":"Feature","geometry":{"type":"LineString","coordinates":[[-122.29716840245057,37.86672625526167],[-122.29670340393682,37.86527725496197]]},"properties":{"id":"6727L","street":"SIXTH ST","side":"L","pavement_ft":48,"width_ft":14.4,"width_source":"gis","path_ft":10,"depth_ft":-0.1,"zone":"R-2","district":"Multi-Unit 2","cat":"res","zone_dist_m":4.6,"campable_zone":false,"count":0,"placement":null}},{"type":"Feature","geometry":{"type":"LineString","coordinates":[[-122.2973295975148,37.86669374468275],[-122.29686459602861,37.86524474498247]]},"properties":{"id":"6727R","street":"SIXTH ST","side":"R","pavement_ft":48,"width_ft":18.3,"width_source":"gis","path_ft":10,"depth_ft":3.8,"zone":"MUR","district":"Mixed Use-Residential","cat":"mixres","zone_dist_m":6.3,"campable_zone":true,"count":0,"placement":null}},{"type":"Feature","geometry":{"type":"LineString","coordinates":[[-122.29897434928154,37.87234924222127],[-122.29840635121487,37.87057624183219]]},"properties":{"id":"6728L","street":"SIXTH ST","side":"L","pavement_ft":51,"width_ft":13.2,"width_source":"gis","path_ft":6,"depth_ft":2.7,"zone":"R-2","district":"Multi-Unit 2","cat":"res","zone_dist_m":4.5,"campable_zone":false,"count":0,"placement":null}},{"type":"Feature","geometry":{"type":"LineString","coordinates":[[-122.29914565067946,37.87231475771598],[-122.2985776487461,37.87054175810506]]},"properties":{"id":"6728R","street":"SIXTH ST","side":"R","pavement_ft":51,"width_ft":17.2,"width_source":"gis","path_ft":10,"depth_ft":2.7,"zone":"MUR","district":"Mixed Use-Residential","cat":"mixres","zone_dist_m":5.4,"campable_zone":true,"count":0,"placement":null}},{"type":"Feature","geometry":{"type":"LineString","coordinates":[[-122.3002811474861,37.87645347406209],[-122.2999241487002,37.87528147383185]]},"properties":{"id":"6729L","street":"SIXTH ST","side":"L","pavement_ft":48,"width_ft":13.8,"width_source":"gis","path_ft":6,"depth_ft":3.3,"zone":"R-2","district":"Multi-Unit 2","cat":"res","zone_dist_m":4.3,"campable_zone":false,"count":0,"placement":null}},{"type":"Feature","geometry":{"type":"LineString","coordinates":[[-122.30044285248091,37.87642252588202],[-122.30008585126679,37.87525052611225]]},"properties":{"id":"6729R","street":"SIXTH ST","side":"R","pavement_ft":48,"width_ft":17.9,"width_source":"gis","path_ft":10,"depth_ft":3.4,"zone":"MUR","district":"Mixed Use-Residential","cat":"mixres","zone_dist_m":6.0,"campable_zone":true,"count":0,"placement":null}},{"type":"Feature","geometry":{"type":"LineString","coordinates":[[-122.30120841105828,37.87938432500093],[-122.30064641284555,37.87764132463851]]},"properties":{"id":"6730L","street":"SIXTH ST","side":"L","pavement_ft":48,"width_ft":15.0,"width_source":"gis","path_ft":10,"depth_ft":0.5,"zone":"MULI","district":"Mixed Use-Light Industrial","cat":"man","zone_dist_m":4.4,"campable_zone":true,"count":0,"placement":null}},{"type":"Feature","geometry":{"type":"LineString","coordinates":[[-122.30136958890695,37.879351674943486],[-122.30080758711969,37.877608675305936]]},"properties":{"id":"6730R","street":"SIXTH ST","side":"R","pavement_ft":48,"width_ft":17.9,"width_source":"gis","path_ft":10,"depth_ft":3.4,"zone":"MULI","district":"Mixed Use-Light Industrial","cat":"man","zone_dist_m":7.9,"campable_zone":true,"count":0,"placement":null}},{"type":"Feature","geometry":{"type":"LineString","coordinates":[[-122.30064618854247,37.877640612457725],[-122.3002811897702,37.87645361222234]]},"properties":{"id":"6731L","street":"SIXTH ST","side":"L","pavement_ft":48,"width_ft":12.6,"width_source":"gis","path_ft":6,"depth_ft":2.1,"zone":"R-2","district":"Multi-Unit 2","cat":"res","zone_dist_m":3.5,"campable_zone":false,"count":0,"placement":null}},{"type":"Feature","geometry":{"type":"LineString","coordinates":[[-122.30080781142422,37.87760938748643],[-122.3004428101965,37.876422387721824]]},"properties":{"id":"6731R","street":"SIXTH ST","side":"R","pavement_ft":48,"width_ft":17.0,"width_source":"gis","path_ft":10,"depth_ft":2.5,"zone":"MUR","district":"Mixed Use-Residential","cat":"mixres","zone_dist_m":5.4,"campable_zone":true,"count":0,"placement":null}},{"type":"Feature","geometry":{"type":"LineString","coordinates":[[-122.29840635756435,37.870576261640345],[-122.29800735892046,37.86933226136705]]},"properties":{"id":"6732L","street":"SIXTH ST","side":"L","pavement_ft":51,"width_ft":13.2,"width_source":"gis","path_ft":6,"depth_ft":2.7,"zone":"R-2","district":"Multi-Unit 2","cat":"res","zone_dist_m":4.4,"campable_zone":false,"count":0,"placement":null}},{"type":"Feature","geometry":{"type":"LineString","coordinates":[[-122.2985776423966,37.87054173829691],[-122.2981786410405,37.869297738570204]]},"properties":{"id":"6732R","street":"SIXTH ST","side":"R","pavement_ft":51,"width_ft":16.2,"width_source":"gis","path_ft":10,"depth_ft":1.7,"zone":"MUR","district":"Mixed Use-Residential","cat":"mixres","zone_dist_m":5.1,"campable_zone":true,"count":0,"placement":null}},{"type":"Feature","geometry":{"type":"LineString","coordinates":[[-122.29954440711019,37.87410842803136],[-122.29897440902421,37.872349427640934]]},"properties":{"id":"6733L","street":"SIXTH ST","side":"L","pavement_ft":51,"width_ft":13.1,"width_source":"gis","path_ft":6,"depth_ft":2.6,"zone":"R-2","district":"Multi-Unit 2","cat":"res","zone_dist_m":4.1,"campable_zone":false,"count":0,"placement":null}},{"type":"Feature","geometry":{"type":"LineString","coordinates":[[-122.29971559285038,37.87407357190593],[-122.29914559093638,37.872314572296396]]},"properties":{"id":"6733R","street":"SIXTH ST","side":"R","pavement_ft":51,"width_ft":15.4,"width_source":"gis","path_ft":10,"depth_ft":0.9,"zone":"MUR","district":"Mixed Use-Residential","cat":"mixres","zone_dist_m":5.5,"campable_zone":true,"count":0,"placement":null}},{"type":"Feature","geometry":{"type":"LineString","coordinates":[[-122.30181163621161,37.8811597514442],[-122.30121863779513,37.879382751109674]]},"properties":{"id":"6736L","street":"SIXTH ST","side":"L","pavement_ft":42,"width_ft":17.9,"width_source":"gis","path_ft":10,"depth_ft":3.4,"zone":"MULI","district":"Mixed Use-Light Industrial","cat":"man","zone_dist_m":5.3,"campable_zone":true,"count":0,"placement":null}},{"type":"Feature","geometry":{"type":"LineString","coordinates":[[-122.30195236376096,37.881130248513394],[-122.30135936217742,37.87935324884795]]},"properties":{"id":"6736R","street":"SIXTH ST","side":"R","pavement_ft":42,"width_ft":23.0,"width_source":"gis","path_ft":10,"depth_ft":8.5,"zone":"MULI","district":"Mixed Use-Light Industrial","cat":"man","zone_dist_m":7.4,"campable_zone":true,"count":38,"placement":"building"}},{"type":"Feature","geometry":{"type":"LineString","coordinates":[[-122.30222767072385,37.88239685798506],[-122.30181167182448,37.88115985775036]]},"properties":{"id":"6737L","street":"SIXTH ST","side":"L","pavement_ft":42,"width_ft":15.7,"width_source":"gis","path_ft":10,"depth_ft":1.2,"zone":"MULI","district":"Mixed Use-Light Industrial","cat":"man","zone_dist_m":4.7,"campable_zone":true,"count":0,"placement":null}},{"type":"Feature","geometry":{"type":"LineString","coordinates":[[-122.3023683292485,37.882367141972594],[-122.30195232814789,37.88113014220728]]},"properties":{"id":"6737R","street":"SIXTH ST","side":"R","pavement_ft":42,"width_ft":22.9,"width_source":"gis","path_ft":10,"depth_ft":8.4,"zone":"MULI","district":"Mixed Use-Light Industrial","cat":"man","zone_dist_m":8.1,"campable_zone":true,"count":29,"placement":"building"}},{"type":"Feature","geometry":{"type":"LineString","coordinates":[[-122.29557035209866,37.86176008045126],[-122.29525535311916,37.860767080248266]]},"properties":{"id":"6738L","street":"SIXTH ST","side":"L","pavement_ft":48,"width_ft":15.8,"width_source":"gis","path_ft":10,"depth_ft":1.3,"zone":"R-2","district":"Multi-Unit 2","cat":"res","zone_dist_m":4.8,"campable_zone":false,"count":0,"placement":null}},{"type":"Feature","geometry":{"type":"LineString","coordinates":[[-122.29573164786713,37.86172791949312],[-122.29541664684662,37.86073491969611]]},"properties":{"id":"6738R","street":"SIXTH ST","side":"R","pavement_ft":48,"width_ft":18.2,"width_source":"gis","path_ft":10,"depth_ft":3.7,"zone":"MUR","district":"Mixed Use-Residential","cat":"mixres","zone_dist_m":5.9,"campable_zone":true,"count":0,"placement":null}},{"type":"Feature","geometry":{"type":"LineString","coordinates":[[-122.2961363971187,37.86352722773529],[-122.29557039893147,37.86176022737056]]},"properties":{"id":"6739L","street":"SIXTH ST","side":"L","pavement_ft":48,"width_ft":14.8,"width_source":"gis","path_ft":10,"depth_ft":0.3,"zone":"R-2","district":"Multi-Unit 2","cat":"res","zone_dist_m":4.6,"campable_zone":false,"count":0,"placement":null}},{"type":"Feature","geometry":{"type":"LineString","coordinates":[[-122.29629760284675,37.8634947722091],[-122.29573160103402,37.86172777257388]]},"properties":{"id":"6739R","street":"SIXTH ST","side":"R","pavement_ft":48,"width_ft":17.8,"width_source":"gis","path_ft":10,"depth_ft":3.3,"zone":"MUR","district":"Mixed Use-Residential","cat":"mixres","zone_dist_m":6.4,"campable_zone":true,"count":0,"placement":null}},{"type":"Feature","geometry":{"type":"LineString","coordinates":[[-122.2967034514991,37.86527740246269],[-122.2961364532906,37.86352740209728]]},"properties":{"id":"6740L","street":"SIXTH ST","side":"L","pavement_ft":48,"width_ft":14.3,"width_source":"gis","path_ft":10,"depth_ft":-0.2,"zone":"R-2","district":"Multi-Unit 2","cat":"res","zone_dist_m":4.5,"campable_zone":false,"count":0,"placement":null}},{"type":"Feature","geometry":{"type":"LineString","coordinates":[[-122.29686454846602,37.865244597481805],[-122.29629754667452,37.86349459784721]]},"properties":{"id":"6740R","street":"SIXTH ST","side":"R","pavement_ft":48,"width_ft":17.3,"width_source":"gis","path_ft":10,"depth_ft":2.8,"zone":"MUR","district":"Mixed Use-Residential","cat":"mixres","zone_dist_m":5.7,"campable_zone":true,"count":0,"placement":null}},{"type":"Feature","geometry":{"type":"LineString","coordinates":[[-122.2952553213141,37.86076697965047],[-122.29501332210434,37.85999897949453]]},"properties":{"id":"6741L","street":"SIXTH ST","side":"L","pavement_ft":48,"width_ft":15.5,"width_source":"gis","path_ft":10,"depth_ft":1.0,"zone":"MUR","district":"Mixed Use-Residential","cat":"mixres","zone_dist_m":4.8,"campable_zone":true,"count":0,"placement":null}},{"type":"Feature","geometry":{"type":"LineString","coordinates":[[-122.29541667865189,37.860735020293866],[-122.29517467786167,37.85996702044981]]},"properties":{"id":"6741R","street":"SIXTH ST","side":"R","pavement_ft":48,"width_ft":16.7,"width_source":"gis","path_ft":10,"depth_ft":2.2,"zone":"MUR","district":"Mixed Use-Residential","cat":"mixres","zone_dist_m":5.7,"campable_zone":true,"count":0,"placement":null}},{"type":"Feature","geometry":{"type":"LineString","coordinates":[[-122.29656460429273,37.86821435746492],[-122.29643860458961,37.867827357404025]]},"properties":{"id":"6743L","street":"SEVENTH ST","side":"L","pavement_ft":36,"width_ft":10.5,"width_source":"gis","path_ft":6,"depth_ft":0.0,"zone":"C-W","district":"West Berkeley Commercial","cat":"com","zone_dist_m":2.9,"campable_zone":true,"count":0,"placement":null}},{"type":"Feature","geometry":{"type":"LineString","coordinates":[[-122.29668539568759,37.868189642503864],[-122.29655939539066,37.867802642564776]]},"properties":{"id":"6743R","street":"SEVENTH ST","side":"R","pavement_ft":36,"width_ft":13.7,"width_source":"gis","path_ft":6,"depth_ft":3.2,"zone":"C-W","district":"West Berkeley Commercial","cat":"com","zone_dist_m":4.5,"campable_zone":true,"count":0,"placement":null}},{"type":"Feature","geometry":{"type":"LineString","coordinates":[[-122.29643857829798,37.867827276367244],[-122.29614857898709,37.86693027622706]]},"properties":{"id":"6744L","street":"SEVENTH ST","side":"L","pavement_ft":36,"width_ft":10.2,"width_source":"gis","path_ft":6,"depth_ft":-0.3,"zone":"R-4","district":"Multi-Family Residential","cat":"res","zone_dist_m":3.1,"campable_zone":false,"count":0,"placement":null}},{"type":"Feature","geometry":{"type":"LineString","coordinates":[[-122.29655942168243,37.86780272360153],[-122.29626942099331,37.8669057237417]]},"properties":{"id":"6744R","street":"SEVENTH ST","side":"R","pavement_ft":36,"width_ft":13.9,"width_source":"gis","path_ft":6,"depth_ft":3.4,"zone":"R-4","district":"Multi-Family Residential","cat":"res","zone_dist_m":4.0,"campable_zone":false,"count":0,"placement":null}},{"type":"Feature","geometry":{"type":"LineString","coordinates":[[-122.29614855449674,37.8669302002242],[-122.29568255561283,37.86547919999896]]},"properties":{"id":"6745L","street":"SEVENTH ST","side":"L","pavement_ft":36,"width_ft":11.1,"width_source":"gis","path_ft":6,"depth_ft":0.6,"zone":"R-2","district":"Multi-Unit 2","cat":"res","zone_dist_m":3.3,"campable_zone":false,"count":0,"placement":null}},{"type":"Feature","geometry":{"type":"LineString","coordinates":[[-122.29626944548376,37.86690579974454],[-122.2958034443677,37.86545479996978]]},"properties":{"id":"6745R","street":"SEVENTH ST","side":"R","pavement_ft":36,"width_ft":12.9,"width_source":"gis","path_ft":6,"depth_ft":2.4,"zone":"R-2","district":"Multi-Unit 2","cat":"res","zone_dist_m":4.4,"campable_zone":false,"count":0,"placement":null}},{"type":"Feature","geometry":{"type":"LineString","coordinates":[[-122.29699289824367,37.869541484018505],[-122.29656789920918,37.86821348382446]]},"properties":{"id":"6746L","street":"SEVENTH ST","side":"L","pavement_ft":34,"width_ft":12.8,"width_source":"gis","path_ft":6,"depth_ft":2.3,"zone":"R-3","district":"Multiple-Family Residential","cat":"res","zone_dist_m":3.9,"campable_zone":false,"count":0,"placement":null}},{"type":"Feature","geometry":{"type":"LineString","coordinates":[[-122.29710710173902,37.86951851595359],[-122.29668210077355,37.868190516147635]]},"properties":{"id":"6746R","street":"SEVENTH ST","side":"R","pavement_ft":34,"width_ft":14.8,"width_source":"gis","path_ft":10,"depth_ft":0.3,"zone":"R-3","district":"Multiple-Family Residential","cat":"res","zone_dist_m":5.3,"campable_zone":false,"count":0,"placement":null}},{"type":"Feature","geometry":{"type":"LineString","coordinates":[[-122.29739592847399,37.87078958105723],[-122.29699292937977,37.86954158087323]]},"properties":{"id":"6747L","street":"SEVENTH ST","side":"L","pavement_ft":34,"width_ft":12.8,"width_source":"gis","path_ft":6,"depth_ft":2.3,"zone":"R-2","district":"Multi-Unit 2","cat":"res","zone_dist_m":3.3,"campable_zone":false,"count":0,"placement":null}},{"type":"Feature","geometry":{"type":"LineString","coordinates":[[-122.29751007150857,37.8707664189149],[-122.29710707060273,37.86951841909889]]},"properties":{"id":"6747R","street":"SEVENTH ST","side":"R","pavement_ft":34,"width_ft":15.5,"width_source":"gis","path_ft":10,"depth_ft":1.0,"zone":"R-2","district":"Multi-Unit 2","cat":"res","zone_dist_m":4.9,"campable_zone":false,"count":0,"placement":null}},{"type":"Feature","geometry":{"type":"LineString","coordinates":[[-122.29796390915261,37.87255752531739],[-122.29739591043722,37.87078952505803]]},"properties":{"id":"6748L","street":"SEVENTH ST","side":"L","pavement_ft":34,"width_ft":11.2,"width_source":"gis","path_ft":6,"depth_ft":0.7,"zone":"R-2","district":"Multi-Unit 2","cat":"res","zone_dist_m":3.1,"campable_zone":false,"count":0,"placement":null}},{"type":"Feature","geometry":{"type":"LineString","coordinates":[[-122.29807809083003,37.87253447465472],[-122.29751008954541,37.87076647491409]]},"properties":{"id":"6748R","street":"SEVENTH ST","side":"R","pavement_ft":34,"width_ft":14.7,"width_source":"gis","path_ft":10,"depth_ft":0.2,"zone":"R-2","district":"Multi-Unit 2","cat":"res","zone_dist_m":5.1,"campable_zone":false,"count":0,"placement":null}},{"type":"Feature","geometry":{"type":"LineString","coordinates":[[-122.29852756589536,37.87431525441932],[-122.29796056724602,37.87255825414518]]},"properties":{"id":"6749L","street":"SEVENTH ST","side":"L","pavement_ft":36,"width_ft":8.9,"width_source":"gis","path_ft":6,"depth_ft":-1.6,"zone":"R-2","district":"Multi-Unit 2","cat":"res","zone_dist_m":3.6,"campable_zone":false,"count":0,"placement":null}},{"type":"Feature","geometry":{"type":"LineString","coordinates":[[-122.29864843408505,37.8742907455494],[-122.29808143273443,37.87253374582355]]},"properties":{"id":"6749R","street":"SEVENTH ST","side":"R","pavement_ft":36,"width_ft":15.6,"width_source":"gis","path_ft":10,"depth_ft":1.1,"zone":"R-2","district":"Multi-Unit 2","cat":"res","zone_dist_m":4.6,"campable_zone":false,"count":0,"placement":null}},{"type":"Feature","geometry":{"type":"LineString","coordinates":[[-122.29871860262043,37.87490136913338],[-122.29852760307004,37.87431536904103]]},"properties":{"id":"6750L","street":"SEVENTH ST","side":"L","pavement_ft":36,"width_ft":11.3,"width_source":"gis","path_ft":6,"depth_ft":0.8,"zone":"R-2","district":"Multi-Unit 2","cat":"res","zone_dist_m":3.4,"campable_zone":false,"count":0,"placement":null}},{"type":"Feature","geometry":{"type":"LineString","coordinates":[[-122.29883939735984,37.87487663083541],[-122.2986483969102,37.874290630927746]]},"properties":{"id":"6750R","street":"SEVENTH ST","side":"R","pavement_ft":36,"width_ft":14.5,"width_source":"gis","path_ft":10,"depth_ft":0.0,"zone":"R-2","district":"Multi-Unit 2","cat":"res","zone_dist_m":4.6,"campable_zone":false,"count":0,"placement":null}},{"type":"Feature","geometry":{"type":"LineString","coordinates":[[-122.30076114728755,37.8813744870522],[-122.30020814851616,37.87959048681441]]},"properties":{"id":"6751L","street":"SEVENTH ST","side":"L","pavement_ft":32,"width_ft":9.7,"width_source":"gis","path_ft":6,"depth_ft":-0.8,"zone":"MULI","district":"Mixed Use-Light Industrial","cat":"man","zone_dist_m":2.7,"campable_zone":true,"count":0,"placement":null}},{"type":"Feature","geometry":{"type":"LineString","coordinates":[[-122.30086885269752,37.88135351292299],[-122.30031585146891,37.879569513160774]]},"properties":{"id":"6751R","street":"SEVENTH ST","side":"R","pavement_ft":32,"width_ft":16.7,"width_source":"gis","path_ft":10,"depth_ft":2.2,"zone":"MULI","district":"Mixed Use-Light Industrial","cat":"man","zone_dist_m":5.0,"campable_zone":true,"count":0,"placement":null}},{"type":"Feature","geometry":{"type":"LineString","coordinates":[[-122.29965843220285,37.877845841741994],[-122.29928843312327,37.87665684156305]]},"properties":{"id":"6752L","street":"SEVENTH ST","side":"L","pavement_ft":36,"width_ft":8.8,"width_source":"gis","path_ft":6,"depth_ft":-1.7,"zone":"R-2","district":"Multi-Unit 2","cat":"res","zone_dist_m":3.0,"campable_zone":false,"count":0,"placement":null}},{"type":"Feature","geometry":{"type":"LineString","coordinates":[[-122.29977956777822,37.87782215822661],[-122.2994095668578,37.87663315840557]]},"properties":{"id":"6752R","street":"SEVENTH ST","side":"R","pavement_ft":36,"width_ft":13.3,"width_source":"gis","path_ft":6,"depth_ft":2.8,"zone":"R-2","district":"Multi-Unit 2","cat":"res","zone_dist_m":4.6,"campable_zone":false,"count":0,"placement":null}},{"type":"Feature","geometry":{"type":"LineString","coordinates":[[-122.30020815875586,37.87959051979401],[-122.29966515995753,37.87784451956054]]},"properties":{"id":"6753L","street":"SEVENTH ST","side":"L","pavement_ft":32,"width_ft":11.7,"width_source":"gis","path_ft":6,"depth_ft":1.2,"zone":"MULI","district":"Mixed Use-Light Industrial","cat":"man","zone_dist_m":3.4,"campable_zone":true,"count":0,"placement":null}},{"type":"Feature","geometry":{"type":"LineString","coordinates":[[-122.30031584122915,37.87956948018119],[-122.29977284002756,37.87782348041465]]},"properties":{"id":"6753R","street":"SEVENTH ST","side":"R","pavement_ft":32,"width_ft":15.8,"width_source":"gis","path_ft":10,"depth_ft":1.3,"zone":"MULI","district":"Mixed Use-Light Industrial","cat":"man","zone_dist_m":5.0,"campable_zone":true,"count":0,"placement":null}},{"type":"Feature","geometry":{"type":"LineString","coordinates":[[-122.29928856139715,37.87665724642312],[-122.29891156229603,37.87548824624083]]},"properties":{"id":"6754L","street":"SEVENTH ST","side":"L","pavement_ft":36,"width_ft":9.1,"width_source":"gis","path_ft":6,"depth_ft":-1.4,"zone":"R-2","district":"Multi-Unit 2","cat":"res","zone_dist_m":2.8,"campable_zone":false,"count":0,"placement":null}},{"type":"Feature","geometry":{"type":"LineString","coordinates":[[-122.29940943858328,37.876632753545614],[-122.29903243768445,37.875463753727935]]},"properties":{"id":"6754R","street":"SEVENTH ST","side":"R","pavement_ft":36,"width_ft":11.5,"width_source":"gis","path_ft":6,"depth_ft":1.0,"zone":"R-2","district":"Multi-Unit 2","cat":"res","zone_dist_m":4.1,"campable_zone":false,"count":0,"placement":null}},{"type":"Feature","geometry":{"type":"LineString","coordinates":[[-122.2989116352947,37.87548847041055],[-122.29871863574432,37.87490147031723]]},"properties":{"id":"6755L","street":"SEVENTH ST","side":"L","pavement_ft":36,"width_ft":11.5,"width_source":"gis","path_ft":6,"depth_ft":1.0,"zone":"R-2","district":"Multi-Unit 2","cat":"res","zone_dist_m":3.7,"campable_zone":false,"count":0,"placement":null}},{"type":"Feature","geometry":{"type":"LineString","coordinates":[[-122.29903236468542,37.87546352955827],[-122.29883936423579,37.87487652965158]]},"properties":{"id":"6755R","street":"SEVENTH ST","side":"R","pavement_ft":36,"width_ft":13.2,"width_source":"gis","path_ft":6,"depth_ft":2.7,"zone":"R-2","district":"Multi-Unit 2","cat":"res","zone_dist_m":4.3,"campable_zone":false,"count":0,"placement":null}},{"type":"Feature","geometry":{"type":"LineString","coordinates":[[-122.29367885143618,37.85922944375541],[-122.29342785205988,37.85844144363076]]},"properties":{"id":"6756L","street":"SEVENTH ST","side":"L","pavement_ft":37,"width_ft":11.3,"width_source":"gis","path_ft":6,"depth_ft":0.8,"zone":"MULI","district":"Mixed Use-Light Industrial","cat":"man","zone_dist_m":3.3,"campable_zone":true,"count":0,"placement":null}},{"type":"Feature","geometry":{"type":"LineString","coordinates":[[-122.2938031485434,37.859204556211544],[-122.29355214791971,37.8584165563362]]},"properties":{"id":"6756R","street":"SEVENTH ST","side":"R","pavement_ft":37,"width_ft":11.3,"width_source":"gis","path_ft":6,"depth_ft":0.8,"zone":"MM","district":"Mixed Manufacturing","cat":"man","zone_dist_m":3.6,"campable_zone":true,"count":0,"placement":null}},{"type":"Feature","geometry":{"type":"LineString","coordinates":[[-122.2926659738965,37.85609581406981],[-122.29240997450927,37.85531681394272]]},"properties":{"id":"6757L","street":"SEVENTH ST","side":"L","pavement_ft":37,"width_ft":11.2,"width_source":"gis","path_ft":6,"depth_ft":0.7,"zone":"MUR","district":"Mixed Use-Residential","cat":"mixres","zone_dist_m":3.3,"campable_zone":true,"count":0,"placement":null}},{"type":"Feature","geometry":{"type":"LineString","coordinates":[[-122.2927900260825,37.856070185897266],[-122.29253402546975,37.85529118602435]]},"properties":{"id":"6757R","street":"SEVENTH ST","side":"R","pavement_ft":37,"width_ft":12.6,"width_source":"gis","path_ft":6,"depth_ft":2.1,"zone":"MM","district":"Mixed Manufacturing","cat":"man","zone_dist_m":5.1,"campable_zone":true,"count":0,"placement":null}},{"type":"Feature","geometry":{"type":"LineString","coordinates":[[-122.29342789418266,37.85844157513488],[-122.29294989535467,37.856957574897514]]},"properties":{"id":"6758L","street":"SEVENTH ST","side":"L","pavement_ft":37,"width_ft":11.2,"width_source":"gis","path_ft":6,"depth_ft":0.7,"zone":"MULI","district":"Mixed Use-Light Industrial","cat":"man","zone_dist_m":3.5,"campable_zone":true,"count":0,"placement":null}},{"type":"Feature","geometry":{"type":"LineString","coordinates":[[-122.29355210579672,37.858416424832136],[-122.29307410462472,37.8569324250695]]},"properties":{"id":"6758R","street":"SEVENTH ST","side":"R","pavement_ft":37,"width_ft":12.7,"width_source":"gis","path_ft":6,"depth_ft":2.2,"zone":"MM","district":"Mixed Manufacturing","cat":"man","zone_dist_m":3.7,"campable_zone":true,"count":0,"placement":null}},{"type":"Feature","geometry":{"type":"LineString","coordinates":[[-122.29294998321869,37.85695784460136],[-122.29266598389637,37.85609584446037]]},"properties":{"id":"6759L","street":"SEVENTH ST","side":"L","pavement_ft":37,"width_ft":12.6,"width_source":"gis","path_ft":6,"depth_ft":2.1,"zone":"MUR","district":"Mixed Use-Residential","cat":"mixres","zone_dist_m":3.6,"campable_zone":true,"count":0,"placement":null}},{"type":"Feature","geometry":{"type":"LineString","coordinates":[[-122.29307401676027,37.856932155365726],[-122.29279001608258,37.85607015550672]]},"properties":{"id":"6759R","street":"SEVENTH ST","side":"R","pavement_ft":37,"width_ft":12.4,"width_source":"gis","path_ft":6,"depth_ft":1.9,"zone":"MM","district":"Mixed Manufacturing","cat":"man","zone_dist_m":4.3,"campable_zone":true,"count":0,"placement":null}},{"type":"Feature","geometry":{"type":"LineString","coordinates":[[-122.29399185629578,37.860208461585515],[-122.29378385681171,37.85955646148221]]},"properties":{"id":"6760L","street":"SEVENTH ST","side":"L","pavement_ft":37,"width_ft":11.3,"width_source":"gis","path_ft":6,"depth_ft":0.8,"zone":"MULI","district":"Mixed Use-Light Industrial","cat":"man","zone_dist_m":3.2,"campable_zone":true,"count":0,"placement":null}},{"type":"Feature","geometry":{"type":"LineString","coordinates":[[-122.2941161436838,37.86018353838147],[-122.29390814316784,37.85953153848475]]},"properties":{"id":"6760R","street":"SEVENTH ST","side":"R","pavement_ft":37,"width_ft":13.8,"width_source":"gis","path_ft":6,"depth_ft":3.3,"zone":"MM","district":"Mixed Manufacturing","cat":"man","zone_dist_m":5.5,"campable_zone":true,"count":0,"placement":null}},{"type":"Feature","geometry":{"type":"LineString","coordinates":[[-122.29378388131809,37.85955653805084],[-122.29367888157654,37.859229537998694]]},"properties":{"id":"6761L","street":"SEVENTH ST","side":"L","pavement_ft":37,"width_ft":11.2,"width_source":"gis","path_ft":6,"depth_ft":0.7,"zone":"MULI","district":"Mixed Use-Light Industrial","cat":"man","zone_dist_m":3.2,"campable_zone":true,"count":0,"placement":null}},{"type":"Feature","geometry":{"type":"LineString","coordinates":[[-122.29390811866134,37.859531461916134],[-122.29380311840292,37.8592044619683]]},"properties":{"id":"6761R","street":"SEVENTH ST","side":"R","pavement_ft":37,"width_ft":12.1,"width_source":"gis","path_ft":6,"depth_ft":1.6,"zone":"MM","district":"Mixed Manufacturing","cat":"man","zone_dist_m":3.8,"campable_zone":true,"count":0,"placement":null}},{"type":"Feature","geometry":{"type":"LineString","coordinates":[[-122.29511155712648,37.86372720024419],[-122.29454955847235,37.86197719997259]]},"properties":{"id":"6762L","street":"SEVENTH ST","side":"L","pavement_ft":36,"width_ft":11.2,"width_source":"gis","path_ft":6,"depth_ft":0.7,"zone":"R-2","district":"Multi-Unit 2","cat":"res","zone_dist_m":3.4,"campable_zone":false,"count":0,"placement":null}},{"type":"Feature","geometry":{"type":"LineString","coordinates":[[-122.29523244285403,37.86370279972454],[-122.2946704415082,37.86195279999615]]},"properties":{"id":"6762R","street":"SEVENTH ST","side":"R","pavement_ft":36,"width_ft":15.1,"width_source":"gis","path_ft":10,"depth_ft":0.6,"zone":"R-2","district":"Multi-Unit 2","cat":"res","zone_dist_m":4.8,"campable_zone":false,"count":0,"placement":null}},{"type":"Feature","geometry":{"type":"LineString","coordinates":[[-122.29568261059057,37.865479369927485],[-122.29511161193417,37.863727369651535]]},"properties":{"id":"6763L","street":"SEVENTH ST","side":"L","pavement_ft":36,"width_ft":11.0,"width_source":"gis","path_ft":6,"depth_ft":0.5,"zone":"R-2","district":"Multi-Unit 2","cat":"res","zone_dist_m":3.3,"campable_zone":false,"count":0,"placement":null}},{"type":"Feature","geometry":{"type":"LineString","coordinates":[[-122.29580338938973,37.865454630041306],[-122.29523238804607,37.863702630317256]]},"properties":{"id":"6763R","street":"SEVENTH ST","side":"R","pavement_ft":36,"width_ft":14.0,"width_source":"gis","path_ft":6,"depth_ft":3.5,"zone":"R-2","district":"Multi-Unit 2","cat":"res","zone_dist_m":4.7,"campable_zone":false,"count":0,"placement":null}},{"type":"Feature","geometry":{"type":"LineString","coordinates":[[-122.2909801296926,37.85081914200336],[-122.29072613022943,37.850071141887554]]},"properties":{"id":"6764L","street":"SEVENTH ST","side":"L","pavement_ft":34,"width_ft":13.5,"width_source":"gis","path_ft":6,"depth_ft":3.0,"zone":"MULI","district":"Mixed Use-Light Industrial","cat":"man","zone_dist_m":3.7,"campable_zone":true,"count":0,"placement":null}},{"type":"Feature","geometry":{"type":"LineString","coordinates":[[-122.29109387028917,37.850794857968964],[-122.29083986975236,37.850046858084774]]},"properties":{"id":"6764R","street":"SEVENTH ST","side":"R","pavement_ft":34,"width_ft":13.0,"width_source":"gis","path_ft":6,"depth_ft":2.5,"zone":"MULI","district":"Mixed Use-Light Industrial","cat":"man","zone_dist_m":5.5,"campable_zone":true,"count":0,"placement":null}},{"type":"Feature","geometry":{"type":"LineString","coordinates":[[-122.29183587485205,37.85349437153139],[-122.29143787576704,37.85223737134981]]},"properties":{"id":"6765L","street":"SEVENTH ST","side":"L","pavement_ft":34,"width_ft":13.0,"width_source":"gis","path_ft":6,"depth_ft":2.5,"zone":"MULI","district":"Mixed Use-Light Industrial","cat":"man","zone_dist_m":5.0,"campable_zone":true,"count":0,"placement":null}},{"type":"Feature","geometry":{"type":"LineString","coordinates":[[-122.29195012513084,37.853471628440694],[-122.29155212421583,37.85221462862229]]},"properties":{"id":"6765R","street":"SEVENTH ST","side":"R","pavement_ft":34,"width_ft":2.3,"width_source":"gis","path_ft":6,"depth_ft":-8.2,"zone":"MULI","district":"Mixed Use-Light Industrial","cat":"man","zone_dist_m":4.7,"campable_zone":true,"count":0,"placement":null}},{"type":"Feature","geometry":{"type":"LineString","coordinates":[[-122.29143787402715,37.852237365853206],[-122.29121287454474,37.85152636575055]]},"properties":{"id":"6766L","street":"SEVENTH ST","side":"L","pavement_ft":34,"width_ft":15.1,"width_source":"gis","path_ft":10,"depth_ft":0.6,"zone":"C-W","district":"West Berkeley Commercial","cat":"com","zone_dist_m":4.6,"campable_zone":true,"count":0,"placement":null}},{"type":"Feature","geometry":{"type":"LineString","coordinates":[[-122.29155212595572,37.852214634118894],[-122.29132712543816,37.85150363422152]]},"properties":{"id":"6766R","street":"SEVENTH ST","side":"R","pavement_ft":34,"width_ft":11.3,"width_source":"gis","path_ft":6,"depth_ft":0.8,"zone":"C-W","district":"West Berkeley Commercial","cat":"com","zone_dist_m":4.7,"campable_zone":true,"count":0,"placement":null}},{"type":"Feature","geometry":{"type":"LineString","coordinates":[[-122.29240984831229,37.85531642358772],[-122.29183084975377,37.85349542330024]]},"properties":{"id":"6767L","street":"SEVENTH ST","side":"L","pavement_ft":37,"width_ft":11.9,"width_source":"gis","path_ft":6,"depth_ft":1.4,"zone":"MUR","district":"Mixed Use-Residential","cat":"mixres","zone_dist_m":3.5,"campable_zone":true,"count":0,"placement":null}},{"type":"Feature","geometry":{"type":"LineString","coordinates":[[-122.29253415166737,37.85529157637921],[-122.29195515022589,37.853470576666716]]},"properties":{"id":"6767R","street":"SEVENTH ST","side":"R","pavement_ft":37,"width_ft":10.8,"width_source":"gis","path_ft":6,"depth_ft":0.3,"zone":"MM","district":"Mixed Manufacturing","cat":"man","zone_dist_m":4.6,"campable_zone":true,"count":0,"placement":null}},{"type":"Feature","geometry":{"type":"LineString","coordinates":[[-122.2945494809504,37.86197695597754],[-122.29399348231622,37.86020795570886]]},"properties":{"id":"6768L","street":"SEVENTH ST","side":"L","pavement_ft":36,"width_ft":11.7,"width_source":"gis","path_ft":6,"depth_ft":1.2,"zone":"R-2","district":"Multi-Unit 2","cat":"res","zone_dist_m":3.7,"campable_zone":false,"count":0,"placement":null}},{"type":"Feature","geometry":{"type":"LineString","coordinates":[[-122.29467051903053,37.861953043991114],[-122.29411451766467,37.86018404425983]]},"properties":{"id":"6768R","street":"SEVENTH ST","side":"R","pavement_ft":36,"width_ft":13.3,"width_source":"gis","path_ft":6,"depth_ft":2.8,"zone":"R-2","district":"Multi-Unit 2","cat":"res","zone_dist_m":4.6,"campable_zone":false,"count":0,"placement":null}},{"type":"Feature","geometry":{"type":"LineString","coordinates":[[-122.29121300057585,37.851526756845544],[-122.29104700094162,37.851020756769834]]},"properties":{"id":"6769L","street":"SEVENTH ST","side":"L","pavement_ft":34,"width_ft":16.1,"width_source":"gis","path_ft":10,"depth_ft":1.6,"zone":"C-W","district":"West Berkeley Commercial","cat":"com","zone_dist_m":4.8,"campable_zone":true,"count":0,"placement":null}},{"type":"Feature","geometry":{"type":"LineString","coordinates":[[-122.2913269994065,37.85150324312664],[-122.2911609990407,37.85099724320237]]},"properties":{"id":"6769R","street":"SEVENTH ST","side":"R","pavement_ft":34,"width_ft":10.3,"width_source":"gis","path_ft":6,"depth_ft":-0.2,"zone":"C-W","district":"West Berkeley Commercial","cat":"com","zone_dist_m":5.1,"campable_zone":true,"count":0,"placement":null}},{"type":"Feature","geometry":{"type":"LineString","coordinates":[[-122.29104704101613,37.85102087825513],[-122.2909800411618,37.850818878224565]]},"properties":{"id":"6770L","street":"SEVENTH ST","side":"L","pavement_ft":34,"width_ft":19.5,"width_source":"gis","path_ft":10,"depth_ft":5.0,"zone":"MULI","district":"Mixed Use-Light Industrial","cat":"man","zone_dist_m":4.8,"campable_zone":true,"count":0,"placement":null}},{"type":"Feature","geometry":{"type":"LineString","coordinates":[[-122.29116095896605,37.85099712171713],[-122.29109395882034,37.85079512174767]]},"properties":{"id":"6770R","street":"SEVENTH ST","side":"R","pavement_ft":34,"width_ft":33.2,"width_source":"gis","path_ft":10,"depth_ft":18.7,"zone":"MULI","district":"Mixed Use-Light Industrial","cat":"man","zone_dist_m":15.0,"campable_zone":true,"count":2,"placement":"building"}},{"type":"Feature","geometry":{"type":"LineString","coordinates":[[-122.29587281244925,37.86976234880175],[-122.29545381350088,37.86843634859358]]},"properties":{"id":"6771L","street":"EIGHTH ST","side":"L","pavement_ft":37,"width_ft":11.2,"width_source":"gis","path_ft":6,"depth_ft":0.7,"zone":"R-3","district":"Multiple-Family Residential","cat":"res","zone_dist_m":3.4,"campable_zone":false,"count":0,"placement":null}},{"type":"Feature","geometry":{"type":"LineString","coordinates":[[-122.29599718753049,37.86973765116515],[-122.29557818647886,37.86841165137335]]},"properties":{"id":"6771R","street":"EIGHTH ST","side":"R","pavement_ft":37,"width_ft":15.1,"width_source":"gis","path_ft":10,"depth_ft":0.6,"zone":"R-3","district":"Multiple-Family Residential","cat":"res","zone_dist_m":4.7,"campable_zone":false,"count":0,"placement":null}},{"type":"Feature","geometry":{"type":"LineString","coordinates":[[-122.29761727322732,37.87512487114219],[-122.29742727363067,37.87453487106051]]},"properties":{"id":"6772L","street":"EIGHTH ST","side":"L","pavement_ft":32,"width_ft":12.0,"width_source":"gis","path_ft":6,"depth_ft":1.5,"zone":"R-2","district":"Multi-Unit 2","cat":"res","zone_dist_m":4.1,"campable_zone":false,"count":0,"placement":null}},{"type":"Feature","geometry":{"type":"LineString","coordinates":[[-122.29772472675724,37.87510312883312],[-122.2975347263539,37.87451312891477]]},"properties":{"id":"6772R","street":"EIGHTH ST","side":"R","pavement_ft":32,"width_ft":16.0,"width_source":"gis","path_ft":10,"depth_ft":1.5,"zone":"R-2","district":"Multi-Unit 2","cat":"res","zone_dist_m":5.4,"campable_zone":false,"count":0,"placement":null}},{"type":"Feature","geometry":{"type":"LineString","coordinates":[[-122.2954555446221,37.86843617325571],[-122.29533154491995,37.86804917319576]]},"properties":{"id":"6773L","street":"EIGHTH ST","side":"L","pavement_ft":36,"width_ft":9.7,"width_source":"gis","path_ft":6,"depth_ft":-0.8,"zone":"C-W","district":"West Berkeley Commercial","cat":"com","zone_dist_m":2.8,"campable_zone":true,"count":0,"placement":null}},{"type":"Feature","geometry":{"type":"LineString","coordinates":[[-122.29557645535847,37.868411826713036],[-122.29545245506064,37.868024826772974]]},"properties":{"id":"6773R","street":"EIGHTH ST","side":"R","pavement_ft":36,"width_ft":14.9,"width_source":"gis","path_ft":10,"depth_ft":0.4,"zone":"C-W","district":"West Berkeley Commercial","cat":"com","zone_dist_m":5.2,"campable_zone":true,"count":0,"placement":null}},{"type":"Feature","geometry":{"type":"LineString","coordinates":[[-122.29533157733577,37.868049273921514],[-122.29504357802031,37.8671582737823]]},"properties":{"id":"6774L","street":"EIGHTH ST","side":"L","pavement_ft":36,"width_ft":10.0,"width_source":"gis","path_ft":6,"depth_ft":-0.5,"zone":"R-4","district":"Multi-Family Residential","cat":"res","zone_dist_m":3.0,"campable_zone":false,"count":0,"placement":null}},{"type":"Feature","geometry":{"type":"LineString","coordinates":[[-122.29545242264463,37.868024726047246],[-122.29516442196011,37.86713372618645]]},"properties":{"id":"6774R","street":"EIGHTH ST","side":"R","pavement_ft":36,"width_ft":14.6,"width_source":"gis","path_ft":10,"depth_ft":0.1,"zone":"R-4","district":"Multi-Family Residential","cat":"res","zone_dist_m":5.0,"campable_zone":false,"count":0,"placement":null}},{"type":"Feature","geometry":{"type":"LineString","coordinates":[[-122.29504360938873,37.86715837042405],[-122.2945736104947,37.865716370196935]]},"properties":{"id":"6775L","street":"EIGHTH ST","side":"L","pavement_ft":36,"width_ft":9.5,"width_source":"gis","path_ft":6,"depth_ft":-1.0,"zone":"R-2","district":"Multi-Unit 2","cat":"res","zone_dist_m":3.1,"campable_zone":false,"count":0,"placement":null}},{"type":"Feature","geometry":{"type":"LineString","coordinates":[[-122.29516439059157,37.867133629544725],[-122.29469438948557,37.86569162977189]]},"properties":{"id":"6775R","street":"EIGHTH ST","side":"R","pavement_ft":36,"width_ft":13.8,"width_source":"gis","path_ft":6,"depth_ft":3.3,"zone":"R-2","district":"Multi-Unit 2","cat":"res","zone_dist_m":4.9,"campable_zone":false,"count":0,"placement":null}},{"type":"Feature","geometry":{"type":"LineString","coordinates":[[-122.29628092462549,37.8710157017633],[-122.29587292561361,37.86976270156059]]},"properties":{"id":"6776L","street":"EIGHTH ST","side":"L","pavement_ft":37,"width_ft":9.0,"width_source":"gis","path_ft":6,"depth_ft":-1.5,"zone":"R-2","district":"Multi-Unit 2","cat":"res","zone_dist_m":2.9,"campable_zone":false,"count":0,"placement":null}},{"type":"Feature","geometry":{"type":"LineString","coordinates":[[-122.29640507535366,37.87099029820375],[-122.29599707436556,37.86973729840642]]},"properties":{"id":"6776R","street":"EIGHTH ST","side":"R","pavement_ft":37,"width_ft":14.7,"width_source":"gis","path_ft":10,"depth_ft":0.2,"zone":"R-2","district":"Multi-Unit 2","cat":"res","zone_dist_m":4.7,"campable_zone":false,"count":0,"placement":null}},{"type":"Feature","geometry":{"type":"LineString","coordinates":[[-122.29684988034927,37.872782569625365],[-122.29628088174583,37.87101556934265]]},"properties":{"id":"6777L","street":"EIGHTH ST","side":"L","pavement_ft":37,"width_ft":9.6,"width_source":"gis","path_ft":6,"depth_ft":-0.9,"zone":"R-2","district":"Multi-Unit 2","cat":"res","zone_dist_m":3.2,"campable_zone":false,"count":0,"placement":null}},{"type":"Feature","geometry":{"type":"LineString","coordinates":[[-122.29697411963012,37.87275743034161],[-122.29640511823354,37.87099043062436]]},"properties":{"id":"6777R","street":"EIGHTH ST","side":"R","pavement_ft":37,"width_ft":14.1,"width_source":"gis","path_ft":10,"depth_ft":-0.4,"zone":"R-2","district":"Multi-Unit 2","cat":"res","zone_dist_m":4.7,"campable_zone":false,"count":0,"placement":null}},{"type":"Feature","geometry":{"type":"LineString","coordinates":[[-122.29780423756554,37.875711761139435],[-122.2976172379677,37.87512476105906]]},"properties":{"id":"6778L","street":"EIGHTH ST","side":"L","pavement_ft":32,"width_ft":12.1,"width_source":"gis","path_ft":6,"depth_ft":1.6,"zone":"R-2","district":"Multi-Unit 2","cat":"res","zone_dist_m":4.1,"campable_zone":false,"count":0,"placement":null}},{"type":"Feature","geometry":{"type":"LineString","coordinates":[[-122.29791176241918,37.875690238835816],[-122.29772476201704,37.8751032389162]]},"properties":{"id":"6778R","street":"EIGHTH ST","side":"R","pavement_ft":32,"width_ft":16.1,"width_source":"gis","path_ft":10,"depth_ft":1.6,"zone":"R-2","district":"Multi-Unit 2","cat":"res","zone_dist_m":5.1,"campable_zone":false,"count":0,"placement":null}},{"type":"Feature","geometry":{"type":"LineString","coordinates":[[-122.29858380358839,37.878066205278614],[-122.2982118044603,37.876873205108694]]},"properties":{"id":"6779L","street":"EIGHTH ST","side":"L","pavement_ft":34,"width_ft":10.7,"width_source":"gis","path_ft":6,"depth_ft":0.2,"zone":"R-2","district":"Multi-Unit 2","cat":"res","zone_dist_m":3.5,"campable_zone":false,"count":0,"placement":null}},{"type":"Feature","geometry":{"type":"LineString","coordinates":[[-122.2986981963947,37.87804379469341],[-122.29832619552279,37.87685079486333]]},"properties":{"id":"6779R","street":"EIGHTH ST","side":"R","pavement_ft":34,"width_ft":13.8,"width_source":"gis","path_ft":6,"depth_ft":3.3,"zone":"R-2","district":"Multi-Unit 2","cat":"res","zone_dist_m":4.4,"campable_zone":false,"count":0,"placement":null}},{"type":"Feature","geometry":{"type":"LineString","coordinates":[[-122.29821561116032,37.8768738747816],[-122.29780461193823,37.87571287460517]]},"properties":{"id":"6780L","street":"EIGHTH ST","side":"L","pavement_ft":32,"width_ft":17.1,"width_source":"gis","path_ft":10,"depth_ft":2.6,"zone":"R-2","district":"Multi-Unit 2","cat":"res","zone_dist_m":5.4,"campable_zone":false,"count":0,"placement":null}},{"type":"Feature","geometry":{"type":"LineString","coordinates":[[-122.2983223888229,37.876850125194004],[-122.29791138804498,37.8756891253704]]},"properties":{"id":"6780R","street":"EIGHTH ST","side":"R","pavement_ft":32,"width_ft":21.9,"width_source":"gis","path_ft":10,"depth_ft":7.4,"zone":"R-2","district":"Multi-Unit 2","cat":"res","zone_dist_m":6.6,"campable_zone":false,"count":0,"placement":null}},{"type":"Feature","geometry":{"type":"LineString","coordinates":[[-122.29913753666398,37.87980804157121],[-122.2985855378961,37.8780660413265]]},"properties":{"id":"6781L","street":"EIGHTH ST","side":"L","pavement_ft":33,"width_ft":9.1,"width_source":"gis","path_ft":6,"depth_ft":-1.4,"zone":"MULI","district":"Mixed Use-Light Industrial","cat":"man","zone_dist_m":2.9,"campable_zone":true,"count":0,"placement":null}},{"type":"Feature","geometry":{"type":"LineString","coordinates":[[-122.29924846331988,37.87978595840248],[-122.29869646208773,37.878043958647204]]},"properties":{"id":"6781R","street":"EIGHTH ST","side":"R","pavement_ft":33,"width_ft":15.3,"width_source":"gis","path_ft":10,"depth_ft":0.8,"zone":"MULI","district":"Mixed Use-Light Industrial","cat":"man","zone_dist_m":4.8,"campable_zone":true,"count":0,"placement":null}},{"type":"Feature","geometry":{"type":"LineString","coordinates":[[-122.2974272979723,37.87453494637041],[-122.29685829916963,37.8727809461259]]},"properties":{"id":"6782L","street":"EIGHTH ST","side":"L","pavement_ft":32,"width_ft":11.4,"width_source":"gis","path_ft":6,"depth_ft":0.9,"zone":"R-2","district":"Multi-Unit 2","cat":"res","zone_dist_m":3.3,"campable_zone":false,"count":0,"placement":null}},{"type":"Feature","geometry":{"type":"LineString","coordinates":[[-122.2975347020122,37.874513053604886],[-122.29696570081485,37.87275905384942]]},"properties":{"id":"6782R","street":"EIGHTH ST","side":"R","pavement_ft":32,"width_ft":17.3,"width_source":"gis","path_ft":10,"depth_ft":2.8,"zone":"R-2","district":"Multi-Unit 2","cat":"res","zone_dist_m":5.1,"campable_zone":false,"count":0,"placement":null}},{"type":"Feature","geometry":{"type":"LineString","coordinates":[[-122.2996948168239,37.88159225636572],[-122.2991358181268,37.87980825611037]]},"properties":{"id":"6783L","street":"EIGHTH ST","side":"L","pavement_ft":34,"width_ft":9.7,"width_source":"gis","path_ft":6,"depth_ft":-0.8,"zone":"MULI","district":"Mixed Use-Light Industrial","cat":"man","zone_dist_m":3.1,"campable_zone":true,"count":0,"placement":null}},{"type":"Feature","geometry":{"type":"LineString","coordinates":[[-122.29980918315913,37.88156974360628],[-122.29925018185624,37.87978574386166]]},"properties":{"id":"6783R","street":"EIGHTH ST","side":"R","pavement_ft":34,"width_ft":12.6,"width_source":"gis","path_ft":6,"depth_ft":2.1,"zone":"MULI","district":"Mixed Use-Light Industrial","cat":"man","zone_dist_m":4.2,"campable_zone":true,"count":0,"placement":null}},{"type":"Feature","geometry":{"type":"LineString","coordinates":[[-122.29232260605744,37.858666209114595],[-122.29186260706416,37.85723720891089]]},"properties":{"id":"6784L","street":"EIGHTH ST","side":"L","pavement_ft":33,"width_ft":13.4,"width_source":"gis","path_ft":6,"depth_ft":2.9,"zone":"MULI","district":"Mixed Use-Light Industrial","cat":"man","zone_dist_m":4.1,"campable_zone":true,"count":0,"placement":null}},{"type":"Feature","geometry":{"type":"LineString","coordinates":[[-122.29243339392616,37.858643790859134],[-122.29197339291946,37.85721479106285]]},"properties":{"id":"6784R","street":"EIGHTH ST","side":"R","pavement_ft":33,"width_ft":15.7,"width_source":"gis","path_ft":10,"depth_ft":1.2,"zone":"MULI","district":"Mixed Use-Light Industrial","cat":"man","zone_dist_m":5.8,"campable_zone":true,"count":0,"placement":null}},{"type":"Feature","geometry":{"type":"LineString","coordinates":[[-122.29157859784075,37.85637130774108],[-122.29130859848001,37.855538307610665]]},"properties":{"id":"6785L","street":"EIGHTH ST","side":"L","pavement_ft":36,"width_ft":12.3,"width_source":"gis","path_ft":6,"depth_ft":1.8,"zone":"MUR","district":"Mixed Use-Residential","cat":"mixres","zone_dist_m":3.7,"campable_zone":true,"count":0,"placement":null}},{"type":"Feature","geometry":{"type":"LineString","coordinates":[[-122.29169940213961,37.85634669222769],[-122.29142940150035,37.85551369235812]]},"properties":{"id":"6785R","street":"EIGHTH ST","side":"R","pavement_ft":36,"width_ft":11.2,"width_source":"gis","path_ft":6,"depth_ft":0.7,"zone":"MUR","district":"Mixed Use-Residential","cat":"mixres","zone_dist_m":4.5,"campable_zone":true,"count":0,"placement":null}},{"type":"Feature","geometry":{"type":"LineString","coordinates":[[-122.29186092747092,37.85723754540779],[-122.2915819281002,37.85637054528049]]},"properties":{"id":"6786L","street":"EIGHTH ST","side":"L","pavement_ft":34,"width_ft":13.6,"width_source":"gis","path_ft":6,"depth_ft":3.1,"zone":"MUR","district":"Mixed Use-Residential","cat":"mixres","zone_dist_m":4.6,"campable_zone":true,"count":0,"placement":null}},{"type":"Feature","geometry":{"type":"LineString","coordinates":[[-122.2919750725117,37.85721445456433],[-122.29169607188238,37.85634745469163]]},"properties":{"id":"6786R","street":"EIGHTH ST","side":"R","pavement_ft":34,"width_ft":13.8,"width_source":"gis","path_ft":6,"depth_ft":3.3,"zone":"MUR","district":"Mixed Use-Residential","cat":"mixres","zone_dist_m":5.2,"campable_zone":true,"count":0,"placement":null}},{"type":"Feature","geometry":{"type":"LineString","coordinates":[[-122.29344255524686,37.8621971904539],[-122.2928765566036,37.8604331901804]]},"properties":{"id":"6787L","street":"EIGHTH ST","side":"L","pavement_ft":36,"width_ft":10.3,"width_source":"gis","path_ft":6,"depth_ft":-0.2,"zone":"R-2","district":"Multi-Unit 2","cat":"res","zone_dist_m":2.8,"campable_zone":false,"count":0,"placement":null}},{"type":"Feature","geometry":{"type":"LineString","coordinates":[[-122.29356344473369,37.862172809514846],[-122.29299744337692,37.860408809788346]]},"properties":{"id":"6787R","street":"EIGHTH ST","side":"R","pavement_ft":36,"width_ft":14.4,"width_source":"gis","path_ft":10,"depth_ft":-0.1,"zone":"R-2","district":"Multi-Unit 2","cat":"res","zone_dist_m":4.9,"campable_zone":false,"count":0,"placement":null}},{"type":"Feature","geometry":{"type":"LineString","coordinates":[[-122.29399750519433,37.86395003792557],[-122.29344250654613,37.86219703765734]]},"properties":{"id":"6788L","street":"EIGHTH ST","side":"L","pavement_ft":36,"width_ft":9.6,"width_source":"gis","path_ft":6,"depth_ft":-0.9,"zone":"R-2","district":"Multi-Unit 2","cat":"res","zone_dist_m":3.0,"campable_zone":false,"count":0,"placement":null}},{"type":"Feature","geometry":{"type":"LineString","coordinates":[[-122.29411849478647,37.86392596204311],[-122.29356349343466,37.862172962311334]]},"properties":{"id":"6788R","street":"EIGHTH ST","side":"R","pavement_ft":36,"width_ft":13.6,"width_source":"gis","path_ft":6,"depth_ft":3.1,"zone":"R-2","district":"Multi-Unit 2","cat":"res","zone_dist_m":4.4,"campable_zone":false,"count":0,"placement":null}},{"type":"Feature","geometry":{"type":"LineString","coordinates":[[-122.29457361326635,37.86571637869765],[-122.29399761462057,37.86395037841928]]},"properties":{"id":"6789L","street":"EIGHTH ST","side":"L","pavement_ft":36,"width_ft":8.9,"width_source":"gis","path_ft":6,"depth_ft":-1.6,"zone":"R-2","district":"Multi-Unit 2","cat":"res","zone_dist_m":2.8,"campable_zone":false,"count":0,"placement":null}},{"type":"Feature","geometry":{"type":"LineString","coordinates":[[-122.29469438671391,37.86569162127116],[-122.29411838535972,37.8639256215495]]},"properties":{"id":"6789R","street":"EIGHTH ST","side":"R","pavement_ft":36,"width_ft":14.9,"width_source":"gis","path_ft":10,"depth_ft":0.4,"zone":"R-2","district":"Multi-Unit 2","cat":"res","zone_dist_m":4.8,"campable_zone":false,"count":0,"placement":null}},{"type":"Feature","geometry":{"type":"LineString","coordinates":[[-122.29130859897428,37.85553830913548],[-122.29071960036859,37.853721308850965]]},"properties":{"id":"6790L","street":"EIGHTH ST","side":"L","pavement_ft":36,"width_ft":13.2,"width_source":"gis","path_ft":6,"depth_ft":2.7,"zone":"MUR","district":"Mixed Use-Residential","cat":"mixres","zone_dist_m":3.9,"campable_zone":true,"count":0,"placement":null}},{"type":"Feature","geometry":{"type":"LineString","coordinates":[[-122.29142940100607,37.855513690833284],[-122.2908403996118,37.8536966911178]]},"properties":{"id":"6790R","street":"EIGHTH ST","side":"R","pavement_ft":36,"width_ft":11.3,"width_source":"gis","path_ft":6,"depth_ft":0.8,"zone":"MUR","district":"Mixed Use-Residential","cat":"mixres","zone_dist_m":4.6,"campable_zone":true,"count":0,"placement":null}},{"type":"Feature","geometry":{"type":"LineString","coordinates":[[-122.29287650750899,37.86043303613221],[-122.29231750887067,37.85866703586209]]},"properties":{"id":"6791L","street":"EIGHTH ST","side":"L","pavement_ft":36,"width_ft":12.1,"width_source":"gis","path_ft":6,"depth_ft":1.6,"zone":"MULI","district":"Mixed Use-Light Industrial","cat":"man","zone_dist_m":3.9,"campable_zone":true,"count":0,"placement":null}},{"type":"Feature","geometry":{"type":"LineString","coordinates":[[-122.29299749247177,37.8604089638365],[-122.2924384911101,37.8586429641066]]},"properties":{"id":"6791R","street":"EIGHTH ST","side":"R","pavement_ft":36,"width_ft":13.2,"width_source":"gis","path_ft":6,"depth_ft":2.7,"zone":"MULI","district":"Mixed Use-Light Industrial","cat":"man","zone_dist_m":4.7,"campable_zone":true,"count":0,"placement":null}},{"type":"Feature","geometry":{"type":"LineString","coordinates":[[-122.30024239757032,37.883238973352825],[-122.3001073978319,37.88286897329129],[-122.30010692095186,37.882867586668176],[-122.29969492187773,37.88159258647996]]},"properties":{"id":"6792L","street":"EIGHTH ST","side":"L","pavement_ft":34,"width_ft":11.4,"width_source":"gis","path_ft":6,"depth_ft":0.9,"zone":"MULI","district":"Mixed Use-Light Industrial","cat":"man","zone_dist_m":3.3,"campable_zone":true,"count":0,"placement":null}},{"type":"Feature","geometry":{"type":"LineString","coordinates":[[-122.30035560241019,37.88321302661973],[-122.30022085405166,37.88284371708424],[-122.29980907810481,37.881569413492144]]},"properties":{"id":"6792R","street":"EIGHTH ST","side":"R","pavement_ft":34,"width_ft":13.5,"width_source":"gis","path_ft":6,"depth_ft":3.0,"zone":"MULI","district":"Mixed Use-Light Industrial","cat":"man","zone_dist_m":4.9,"campable_zone":true,"count":0,"placement":null}},{"type":"Feature","geometry":{"type":"LineString","coordinates":[[-122.29629746429075,37.874765473612264],[-122.29572646608555,37.873011473244226]]},"properties":{"id":"6793L","street":"NINTH ST","side":"L","pavement_ft":48,"width_ft":11.3,"width_source":"gis","path_ft":6,"depth_ft":0.8,"zone":"R-2","district":"Multi-Unit 2","cat":"res","zone_dist_m":4.2,"campable_zone":false,"count":0,"placement":null}},{"type":"Feature","geometry":{"type":"LineString","coordinates":[[-122.2964585356742,37.87473252633225],[-122.29588753387941,37.87297852670028]]},"properties":{"id":"6793R","street":"NINTH ST","side":"R","pavement_ft":48,"width_ft":18.7,"width_source":"gis","path_ft":10,"depth_ft":4.2,"zone":"R-2","district":"Multi-Unit 2","cat":"res","zone_dist_m":5.7,"campable_zone":false,"count":0,"placement":null}},{"type":"Feature","geometry":{"type":"LineString","coordinates":[[-122.29391441493392,37.86738529622361],[-122.2934504164123,37.86594329592462]]},"properties":{"id":"6794L","street":"NINTH ST","side":"L","pavement_ft":48,"width_ft":12.6,"width_source":"gis","path_ft":6,"depth_ft":2.1,"zone":"R-2","district":"Multi-Unit 2","cat":"res","zone_dist_m":3.5,"campable_zone":false,"count":0,"placement":null}},{"type":"Feature","geometry":{"type":"LineString","coordinates":[[-122.2940755850314,37.86735270372081],[-122.29361158355302,37.86591070401981]]},"properties":{"id":"6794R","street":"NINTH ST","side":"R","pavement_ft":48,"width_ft":17.9,"width_source":"gis","path_ft":10,"depth_ft":3.4,"zone":"R-2","district":"Multi-Unit 2","cat":"res","zone_dist_m":5.6,"campable_zone":false,"count":0,"placement":null}},{"type":"Feature","geometry":{"type":"LineString","coordinates":[[-122.29432541801539,37.86866031012041],[-122.29420141841008,37.8682753100405]]},"properties":{"id":"6795L","street":"NINTH ST","side":"L","pavement_ft":48,"width_ft":13.2,"width_source":"gis","path_ft":6,"depth_ft":2.7,"zone":"C-W","district":"West Berkeley Commercial","cat":"com","zone_dist_m":3.8,"campable_zone":true,"count":0,"placement":null}},{"type":"Feature","geometry":{"type":"LineString","coordinates":[[-122.29448658194985,37.86862768982403],[-122.29436258155519,37.86824268990395]]},"properties":{"id":"6795R","street":"NINTH ST","side":"R","pavement_ft":48,"width_ft":17.8,"width_source":"gis","path_ft":10,"depth_ft":3.3,"zone":"C-W","district":"West Berkeley Commercial","cat":"com","zone_dist_m":5.3,"campable_zone":true,"count":0,"placement":null}},{"type":"Feature","geometry":{"type":"LineString","coordinates":[[-122.29420142453199,37.86827532903645],[-122.29391442544413,37.8673853288515]]},"properties":{"id":"6796L","street":"NINTH ST","side":"L","pavement_ft":48,"width_ft":13.0,"width_source":"gis","path_ft":6,"depth_ft":2.5,"zone":"R-3","district":"Multiple-Family Residential","cat":"res","zone_dist_m":4.0,"campable_zone":false,"count":0,"placement":null}},{"type":"Feature","geometry":{"type":"LineString","coordinates":[[-122.29436257543323,37.868242670908],[-122.2940755745211,37.86735267109293]]},"properties":{"id":"6796R","street":"NINTH ST","side":"R","pavement_ft":48,"width_ft":18.7,"width_source":"gis","path_ft":10,"depth_ft":4.2,"zone":"R-3","district":"Multiple-Family Residential","cat":"res","zone_dist_m":5.7,"campable_zone":false,"count":0,"placement":null}},{"type":"Feature","geometry":{"type":"LineString","coordinates":[[-122.29474935561989,37.869993119732875],[-122.29432535698969,37.868660119459605]]},"properties":{"id":"6797L","street":"NINTH ST","side":"L","pavement_ft":48,"width_ft":13.7,"width_source":"gis","path_ft":6,"depth_ft":3.2,"zone":"R-3","district":"Multiple-Family Residential","cat":"res","zone_dist_m":4.4,"campable_zone":false,"count":0,"placement":null}},{"type":"Feature","geometry":{"type":"LineString","coordinates":[[-122.29491064434582,37.8699608802115],[-122.29448664297598,37.86862788048475]]},"properties":{"id":"6797R","street":"NINTH ST","side":"R","pavement_ft":48,"width_ft":18.7,"width_source":"gis","path_ft":10,"depth_ft":4.2,"zone":"R-3","district":"Multiple-Family Residential","cat":"res","zone_dist_m":5.8,"campable_zone":false,"count":0,"placement":null}},{"type":"Feature","geometry":{"type":"LineString","coordinates":[[-122.29515545289809,37.871244426738244],[-122.29474945417878,37.869993426476604]]},"properties":{"id":"6798L","street":"NINTH ST","side":"L","pavement_ft":48,"width_ft":13.6,"width_source":"gis","path_ft":6,"depth_ft":3.1,"zone":"R-2","district":"Multi-Unit 2","cat":"res","zone_dist_m":3.8,"campable_zone":false,"count":0,"placement":null}},{"type":"Feature","geometry":{"type":"LineString","coordinates":[[-122.29531654706693,37.87121157320623],[-122.2949105457863,37.86996057346789]]},"properties":{"id":"6798R","street":"NINTH ST","side":"R","pavement_ft":48,"width_ft":19.3,"width_source":"gis","path_ft":10,"depth_ft":4.8,"zone":"R-2","district":"Multi-Unit 2","cat":"res","zone_dist_m":5.5,"campable_zone":false,"count":0,"placement":null}},{"type":"Feature","geometry":{"type":"LineString","coordinates":[[-122.29572642944557,37.87301136027735],[-122.29515543125612,37.87124435990932]]},"properties":{"id":"6799L","street":"NINTH ST","side":"L","pavement_ft":48,"width_ft":13.8,"width_source":"gis","path_ft":6,"depth_ft":3.3,"zone":"R-2","district":"Multi-Unit 2","cat":"res","zone_dist_m":4.2,"campable_zone":false,"count":0,"placement":null}},{"type":"Feature","geometry":{"type":"LineString","coordinates":[[-122.29588757051962,37.8729786396671],[-122.29531656870903,37.871211640035135]]},"properties":{"id":"6799R","street":"NINTH ST","side":"R","pavement_ft":48,"width_ft":18.7,"width_source":"gis","path_ft":10,"depth_ft":4.2,"zone":"R-2","district":"Multi-Unit 2","cat":"res","zone_dist_m":5.9,"campable_zone":false,"count":0,"placement":null}},{"type":"Feature","geometry":{"type":"LineString","coordinates":[[-122.29859762266658,37.88181771257906],[-122.29800562425291,37.88003871224513]]},"properties":{"id":"6800L","street":"NINTH ST","side":"L","pavement_ft":42,"width_ft":20.3,"width_source":"gis","path_ft":10,"depth_ft":5.8,"zone":"C-W","district":"West Berkeley Commercial","cat":"com","zone_dist_m":6.1,"campable_zone":true,"count":38,"placement":"building"}},{"type":"Feature","geometry":{"type":"LineString","coordinates":[[-122.29873837730605,37.881788287378555],[-122.29814637571971,37.88000928771247]]},"properties":{"id":"6800R","street":"NINTH ST","side":"R","pavement_ft":42,"width_ft":27.0,"width_source":"gis","path_ft":10,"depth_ft":12.5,"zone":"MULI","district":"Mixed Use-Light Industrial","cat":"man","zone_dist_m":8.9,"campable_zone":true,"count":40,"placement":"building"}},{"type":"Feature","geometry":{"type":"LineString","coordinates":[[-122.29743946128048,37.87829834267624],[-122.29705346242767,37.87710434244295]]},"properties":{"id":"6801L","street":"NINTH ST","side":"L","pavement_ft":45,"width_ft":17.0,"width_source":"gis","path_ft":10,"depth_ft":2.5,"zone":"R-2","district":"Multi-Unit 2","cat":"res","zone_dist_m":5.2,"campable_zone":false,"count":0,"placement":null}},{"type":"Feature","geometry":{"type":"LineString","coordinates":[[-122.29759053868891,37.878267657274925],[-122.29720453754169,37.87707365750824]]},"properties":{"id":"6801R","street":"NINTH ST","side":"R","pavement_ft":45,"width_ft":18.6,"width_source":"gis","path_ft":10,"depth_ft":4.1,"zone":"R-2","district":"Multi-Unit 2","cat":"res","zone_dist_m":5.8,"campable_zone":false,"count":0,"placement":null}},{"type":"Feature","geometry":{"type":"LineString","coordinates":[[-122.29667336014619,37.875938018720355],[-122.29630236127893,37.874764018496116]]},"properties":{"id":"6802L","street":"NINTH ST","side":"L","pavement_ft":45,"width_ft":16.0,"width_source":"gis","path_ft":10,"depth_ft":1.5,"zone":"R-2","district":"Multi-Unit 2","cat":"res","zone_dist_m":4.8,"campable_zone":false,"count":0,"placement":null}},{"type":"Feature","geometry":{"type":"LineString","coordinates":[[-122.2968246398238,37.875907981230704],[-122.29645363869108,37.87473398145494]]},"properties":{"id":"6802R","street":"NINTH ST","side":"R","pavement_ft":45,"width_ft":19.1,"width_source":"gis","path_ft":10,"depth_ft":4.6,"zone":"R-2","district":"Multi-Unit 2","cat":"res","zone_dist_m":6.3,"campable_zone":false,"count":0,"placement":null}},{"type":"Feature","geometry":{"type":"LineString","coordinates":[[-122.29705350038734,37.87710445938933],[-122.2966735015058,37.87593845915968]]},"properties":{"id":"6803L","street":"NINTH ST","side":"L","pavement_ft":45,"width_ft":15.8,"width_source":"gis","path_ft":10,"depth_ft":1.3,"zone":"R-2","district":"Multi-Unit 2","cat":"res","zone_dist_m":4.8,"campable_zone":false,"count":0,"placement":null}},{"type":"Feature","geometry":{"type":"LineString","coordinates":[[-122.2972044995818,37.877073540561895],[-122.29682449846334,37.87590754079155]]},"properties":{"id":"6803R","street":"NINTH ST","side":"R","pavement_ft":45,"width_ft":21.3,"width_source":"gis","path_ft":10,"depth_ft":6.8,"zone":"R-2","district":"Multi-Unit 2","cat":"res","zone_dist_m":7.0,"campable_zone":false,"count":0,"placement":null}},{"type":"Feature","geometry":{"type":"LineString","coordinates":[[-122.29075177684155,37.857511467450934],[-122.29047677763526,37.856648467292246]]},"properties":{"id":"6804L","street":"NINTH ST","side":"L","pavement_ft":43,"width_ft":19.5,"width_source":"gis","path_ft":10,"depth_ft":5.0,"zone":"MUR","district":"Mixed Use-Residential","cat":"mixres","zone_dist_m":6.0,"campable_zone":true,"count":13,"placement":"building"}},{"type":"Feature","geometry":{"type":"LineString","coordinates":[[-122.29089622313089,37.857482532504456],[-122.29062122233717,37.85661953266313]]},"properties":{"id":"6804R","street":"NINTH ST","side":"R","pavement_ft":43,"width_ft":18.5,"width_source":"gis","path_ft":10,"depth_ft":4.0,"zone":"MUR","district":"Mixed Use-Residential","cat":"mixres","zone_dist_m":6.7,"campable_zone":true,"count":0,"placement":null}},{"type":"Feature","geometry":{"type":"LineString","coordinates":[[-122.29800548130925,37.880038275767085],[-122.29744448287158,37.8782972754506]]},"properties":{"id":"6805L","street":"NINTH ST","side":"L","pavement_ft":42,"width_ft":18.4,"width_source":"gis","path_ft":10,"depth_ft":3.9,"zone":"MULI","district":"Mixed Use-Light Industrial","cat":"man","zone_dist_m":5.8,"campable_zone":true,"count":0,"placement":null}},{"type":"Feature","geometry":{"type":"LineString","coordinates":[[-122.29814651866417,37.88000972419036],[-122.29758551710182,37.87826872450685]]},"properties":{"id":"6805R","street":"NINTH ST","side":"R","pavement_ft":42,"width_ft":20.7,"width_source":"gis","path_ft":10,"depth_ft":6.2,"zone":"MULI","district":"Mixed Use-Light Industrial","cat":"man","zone_dist_m":7.1,"campable_zone":true,"count":70,"placement":"curb"}},{"type":"Feature","geometry":{"type":"LineString","coordinates":[[-122.29896678112912,37.88289018373933],[-122.29859778207819,37.88181818353127]]},"properties":{"id":"6806L","street":"NINTH ST","side":"L","pavement_ft":42,"width_ft":22.4,"width_source":"gis","path_ft":10,"depth_ft":7.9,"zone":"MULI","district":"Mixed Use-Light Industrial","cat":"man","zone_dist_m":7.4,"campable_zone":true,"count":0,"placement":null}},{"type":"Feature","geometry":{"type":"LineString","coordinates":[[-122.29910721884265,37.88285981621847],[-122.29873821789357,37.88178781642652]]},"properties":{"id":"6806R","street":"NINTH ST","side":"R","pavement_ft":42,"width_ft":29.1,"width_source":"gis","path_ft":10,"depth_ft":14.6,"zone":"MULI","district":"Mixed Use-Light Industrial","cat":"man","zone_dist_m":9.0,"campable_zone":true,"count":9,"placement":"building"}},{"type":"Feature","geometry":{"type":"LineString","coordinates":[[-122.28963548286943,37.85260293756458],[-122.28940048344764,37.85185393745109]]},"properties":{"id":"6807L","street":"NINTH ST","side":"L","pavement_ft":36,"width_ft":9.8,"width_source":"gis","path_ft":6,"depth_ft":-0.7,"zone":"C-W","district":"West Berkeley Commercial","cat":"com","zone_dist_m":3.7,"campable_zone":true,"count":0,"placement":null}},{"type":"Feature","geometry":{"type":"LineString","coordinates":[[-122.28975651711158,37.85257906240407],[-122.28952151653331,37.85183006251759]]},"properties":{"id":"6807R","street":"NINTH ST","side":"R","pavement_ft":36,"width_ft":7.0,"width_source":"gis","path_ft":6,"depth_ft":-3.5,"zone":"MULI","district":"Mixed Use-Light Industrial","cat":"man","zone_dist_m":3.0,"campable_zone":true,"count":0,"placement":null}},{"type":"Feature","geometry":{"type":"LineString","coordinates":[[-122.29287043916614,37.86417436050172],[-122.29230144096982,37.86241336013513]]},"properties":{"id":"6808L","street":"NINTH ST","side":"L","pavement_ft":48,"width_ft":14.3,"width_source":"gis","path_ft":10,"depth_ft":-0.2,"zone":"R-2","district":"Multi-Unit 2","cat":"res","zone_dist_m":4.8,"campable_zone":false,"count":0,"placement":null}},{"type":"Feature","geometry":{"type":"LineString","coordinates":[[-122.2930315607991,37.86414163944275],[-122.2924625589954,37.86238063980933]]},"properties":{"id":"6808R","street":"NINTH ST","side":"R","pavement_ft":48,"width_ft":18.1,"width_source":"gis","path_ft":10,"depth_ft":3.6,"zone":"R-2","district":"Multi-Unit 2","cat":"res","zone_dist_m":6.2,"campable_zone":false,"count":0,"placement":null}},{"type":"Feature","geometry":{"type":"LineString","coordinates":[[-122.29119278782078,37.85889150608682],[-122.29075178908937,37.85751150583234]]},"properties":{"id":"6809L","street":"NINTH ST","side":"L","pavement_ft":43,"width_ft":19.8,"width_source":"gis","path_ft":10,"depth_ft":5.3,"zone":"MULI","district":"Mixed Use-Light Industrial","cat":"man","zone_dist_m":6.0,"campable_zone":true,"count":62,"placement":"curb"}},{"type":"Feature","geometry":{"type":"LineString","coordinates":[[-122.29133721215155,37.85886249386857],[-122.29089621088298,37.85748249412306]]},"properties":{"id":"6809R","street":"NINTH ST","side":"R","pavement_ft":43,"width_ft":19.9,"width_source":"gis","path_ft":10,"depth_ft":5.4,"zone":"MULI","district":"Mixed Use-Light Industrial","cat":"man","zone_dist_m":6.6,"campable_zone":true,"count":62,"placement":"curb"}},{"type":"Feature","geometry":{"type":"LineString","coordinates":[[-122.2904685948422,37.85665081032815],[-122.29017659573597,37.85577281014013]]},"properties":{"id":"6810L","street":"NINTH ST","side":"L","pavement_ft":48,"width_ft":16.2,"width_source":"gis","path_ft":10,"depth_ft":1.7,"zone":"MUR","district":"Mixed Use-Residential","cat":"mixres","zone_dist_m":5.0,"campable_zone":true,"count":0,"placement":null}},{"type":"Feature","geometry":{"type":"LineString","coordinates":[[-122.2906294051221,37.85661718961653],[-122.29033740422831,37.85573918980454]]},"properties":{"id":"6810R","street":"NINTH ST","side":"R","pavement_ft":48,"width_ft":15.6,"width_source":"gis","path_ft":10,"depth_ft":1.1,"zone":"MUR","district":"Mixed Use-Residential","cat":"mixres","zone_dist_m":6.0,"campable_zone":true,"count":0,"placement":null}},{"type":"Feature","geometry":{"type":"LineString","coordinates":[[-122.29174771911015,37.86065529484683],[-122.29119272073657,37.858891294526515]]},"properties":{"id":"6811L","street":"NINTH ST","side":"L","pavement_ft":43,"width_ft":19.0,"width_source":"gis","path_ft":10,"depth_ft":4.5,"zone":"MULI","district":"Mixed Use-Light Industrial","cat":"man","zone_dist_m":5.9,"campable_zone":true,"count":0,"placement":null}},{"type":"Feature","geometry":{"type":"LineString","coordinates":[[-122.2918922808626,37.86062670510848],[-122.29133727923616,37.858862705428784]]},"properties":{"id":"6811R","street":"NINTH ST","side":"R","pavement_ft":43,"width_ft":18.7,"width_source":"gis","path_ft":10,"depth_ft":4.2,"zone":"MULI","district":"Mixed Use-Light Industrial","cat":"man","zone_dist_m":6.8,"campable_zone":true,"count":0,"placement":null}},{"type":"Feature","geometry":{"type":"LineString","coordinates":[[-122.29230139431182,37.862413215044],[-122.29173939611354,37.86065721468194]]},"properties":{"id":"6812L","street":"NINTH ST","side":"L","pavement_ft":48,"width_ft":15.0,"width_source":"gis","path_ft":10,"depth_ft":0.5,"zone":"R-2","district":"Multi-Unit 2","cat":"res","zone_dist_m":4.0,"campable_zone":false,"count":0,"placement":null}},{"type":"Feature","geometry":{"type":"LineString","coordinates":[[-122.29246260565368,37.86238078490041],[-122.29190060385196,37.86062478526247]]},"properties":{"id":"6812R","street":"NINTH ST","side":"R","pavement_ft":48,"width_ft":19.0,"width_source":"gis","path_ft":10,"depth_ft":4.5,"zone":"R-2","district":"Multi-Unit 2","cat":"res","zone_dist_m":6.5,"campable_zone":false,"count":0,"placement":null}},{"type":"Feature","geometry":{"type":"LineString","coordinates":[[-122.2934505105858,37.865943585849806],[-122.29287051239262,37.86417458547614]]},"properties":{"id":"6813L","street":"NINTH ST","side":"L","pavement_ft":48,"width_ft":12.5,"width_source":"gis","path_ft":6,"depth_ft":2.0,"zone":"R-2","district":"Multi-Unit 2","cat":"res","zone_dist_m":3.9,"campable_zone":false,"count":0,"placement":null}},{"type":"Feature","geometry":{"type":"LineString","coordinates":[[-122.29361148937893,37.86591041409474],[-122.29303148757211,37.86414141446841]]},"properties":{"id":"6813R","street":"NINTH ST","side":"R","pavement_ft":48,"width_ft":19.1,"width_source":"gis","path_ft":10,"depth_ft":4.6,"zone":"R-2","district":"Multi-Unit 2","cat":"res","zone_dist_m":5.8,"campable_zone":false,"count":0,"placement":null}},{"type":"Feature","geometry":{"type":"LineString","coordinates":[[-122.2893419423761,37.85164887987839],[-122.28927394248944,37.85148987984584],[-122.28927276359181,37.85148679642396],[-122.28917376381473,37.85119379637616]]},"properties":{"id":"6814L","street":"NINTH ST","side":"L","pavement_ft":36,"width_ft":9.7,"width_source":"gis","path_ft":6,"depth_ft":-0.8,"zone":"MULI","district":"Mixed Use-Light Industrial","cat":"man","zone_dist_m":2.9,"campable_zone":true,"count":0,"placement":null}},{"type":"Feature","geometry":{"type":"LineString","coordinates":[[-122.28946005759899,37.85161712009168],[-122.28939271031736,37.85145964659891],[-122.28929423616492,37.851168203592785]]},"properties":{"id":"6814R","street":"NINTH ST","side":"R","pavement_ft":36,"width_ft":5.5,"width_source":"gis","path_ft":6,"depth_ft":-5.0,"zone":"MULI","district":"Mixed Use-Light Industrial","cat":"man","zone_dist_m":3.0,"campable_zone":true,"count":0,"placement":null}},{"type":"Feature","geometry":{"type":"LineString","coordinates":[[-122.28952180562828,37.851831024934484],[-122.28946180546451,37.85162202496343]]},"properties":{"id":"6815R","street":"NINTH ST","side":"R","pavement_ft":36,"width_ft":19.8,"width_source":"gis","path_ft":10,"depth_ft":5.3,"zone":"C-W","district":"West Berkeley Commercial","cat":"com","zone_dist_m":3.4,"campable_zone":true,"count":0,"placement":null}},{"type":"Feature","geometry":{"type":"LineString","coordinates":[[-122.29017644565513,37.85577235220406],[-122.28958844751976,37.853951351825394]]},"properties":{"id":"6816L","street":"NINTH ST","side":"L","pavement_ft":48,"width_ft":15.7,"width_source":"gis","path_ft":10,"depth_ft":1.2,"zone":"MUR","district":"Mixed Use-Residential","cat":"mixres","zone_dist_m":4.8,"campable_zone":true,"count":0,"placement":null}},{"type":"Feature","geometry":{"type":"LineString","coordinates":[[-122.29033755431009,37.85573964774041],[-122.2897495524455,37.853918648119105]]},"properties":{"id":"6816R","street":"NINTH ST","side":"R","pavement_ft":48,"width_ft":15.1,"width_source":"gis","path_ft":10,"depth_ft":0.6,"zone":"MUR","district":"Mixed Use-Residential","cat":"mixres","zone_dist_m":5.8,"campable_zone":true,"count":0,"placement":null}},{"type":"Feature","geometry":{"type":"LineString","coordinates":[[-122.28973456974957,37.852911211920784],[-122.28963556998632,37.85260321187295]]},"properties":{"id":"6817L","street":"NINTH ST","side":"L","pavement_ft":36,"width_ft":8.3,"width_source":"gis","path_ft":6,"depth_ft":-2.2,"zone":"C-W","district":"West Berkeley Commercial","cat":"com","zone_dist_m":3.2,"campable_zone":true,"count":0,"placement":null}},{"type":"Feature","geometry":{"type":"LineString","coordinates":[[-122.28985543023094,37.85288678804799],[-122.28975642999426,37.852578788095805]]},"properties":{"id":"6817R","street":"NINTH ST","side":"R","pavement_ft":36,"width_ft":5.1,"width_source":"gis","path_ft":6,"depth_ft":-5.4,"zone":"MULI","district":"Mixed Use-Light Industrial","cat":"man","zone_dist_m":3.0,"campable_zone":true,"count":0,"placement":null}},{"type":"Feature","geometry":{"type":"LineString","coordinates":[[-122.28481728396434,37.867828592060555],[-122.28472828442219,37.866971592035526]]},"properties":{"id":"6818L","street":"VALLEY ST","side":"L","pavement_ft":23,"width_ft":9.9,"width_source":"gis","path_ft":6,"depth_ft":-0.6,"zone":"R-2","district":"Multi-Unit 2","cat":"res","zone_dist_m":3.1,"campable_zone":false,"count":0,"placement":null}},{"type":"Feature","geometry":{"type":"LineString","coordinates":[[-122.28489671603309,37.867823407926],[-122.28480771557521,37.86696640795105]]},"properties":{"id":"6818R","street":"VALLEY ST","side":"R","pavement_ft":23,"width_ft":17.3,"width_source":"gis","path_ft":10,"depth_ft":2.8,"zone":"R-2","district":"Multi-Unit 2","cat":"res","zone_dist_m":5.5,"campable_zone":false,"count":0,"placement":null}},{"type":"Feature","geometry":{"type":"LineString","coordinates":[[-122.29322346315924,37.86882769423704],[-122.29321646314654,37.86884169423218],[-122.29321378618084,37.86884789742132],[-122.29321186757304,37.86885427469958],[-122.2932107248083,37.868860767948505],[-122.2932103683013,37.86886731799268],[-122.29321080130121,37.86887386513917],[-122.29321201986214,37.86888034972137],[-122.29321401287912,37.86888671264284],[-122.29321676218922,37.86889289591588],[-122.29322024273706,37.86889884318993],[-122.29322442280335,37.86890450026529],[-122.29322926429363,37.868909815586804],[-122.29323472308569,37.86891474071388],[-122.29324074943152,37.86891923076195],[-122.29324728841081,37.868923244811434],[-122.29325428043136,37.86892674628075],[-122.29326166177218,37.8689297032596],[-122.29335766183638,37.868963703288706],[-122.29336527564669,37.86896606487647],[-122.2933731363827,37.868967846967884],[-122.29338117403314,37.86896903369081],[-122.29338931701106,37.868969614475795],[-122.2933974927914,37.86896958415005],[-122.29340562855687,37.868968942983706],[-122.29341365184668,37.868967696687264],[-122.29437465266615,37.86878069652891],[-122.29438292725932,37.86877873493659],[-122.29439091435253,37.86877612996292],[-122.29439853456434,37.86877290749799],[-122.29440571215959,37.86876909956897],[-122.29441237580232,37.868764744021824],[-122.2944184592645,37.868759884145064],[-122.2944239020845,37.86875456823962],[-122.29442865016782,37.868748849138775],[-122.29448065012274,37.868678849105756]]},"properties":{"id":"6943R","street":"UNIVERSITY AVE","side":"R","pavement_ft":50,"width_ft":6.3,"width_source":"gis","path_ft":6,"depth_ft":-4.2,"zone":"C-W","district":"West Berkeley Commercial","cat":"com","zone_dist_m":2.4,"campable_zone":true,"count":0,"placement":null}},{"type":"Feature","geometry":{"type":"LineString","coordinates":[[-122.29444731410965,37.86858363583498],[-122.29435431416215,37.868543635867745],[-122.29434626722721,37.868540588783944],[-122.29433786778014,37.86853821363058],[-122.29432920482473,37.86853653557567],[-122.29432037015691,37.868535572400496],[-122.29431145739213,37.86853533431125],[-122.29430256097345,37.868535823830776],[-122.29429377517062,37.86853703577198],[-122.29332377600811,37.86871203562386],[-122.29331583931933,37.86871378590863],[-122.2933081482314,37.86871612589378],[-122.29330077229112,37.86871903441997],[-122.29329377819552,37.86872248518676],[-122.29328722918896,37.86872644699059],[-122.29328118449098,37.868730884006744],[-122.29327569876097,37.868735756113416],[-122.29327082160387,37.86874101925451],[-122.29326659712163,37.868746625837915],[-122.29326306351436,37.868752525165974],[-122.29322406344924,37.86882652513917]]},"properties":{"id":"6944R","street":"UNIVERSITY AVE","side":"R","pavement_ft":50,"width_ft":2.9,"width_source":"gis","path_ft":6,"depth_ft":-7.6,"zone":"C-W","district":"West Berkeley Commercial","cat":"com","zone_dist_m":0.5,"campable_zone":true,"count":0,"placement":null}},{"type":"Feature","geometry":{"type":"LineString","coordinates":[[-122.29335612696671,37.8688168054496],[-122.29327912697218,37.86875980548786],[-122.29327245255445,37.8687553420027],[-122.29326524523694,37.8687514338248],[-122.2932575782436,37.86874812065989],[-122.29324952946844,37.86874543616854],[-122.29324118068425,37.86874340762425],[-122.2932326167118,37.86874205563633],[-122.29322392455798,37.86874139394051],[-122.29321519253207,37.868741429259344],[-122.29320650934835,37.868742161234046],[-122.29319796322493,37.86874358242798],[-122.29220996405638,37.868949582253585],[-122.29220206778206,37.86895155281076],[-122.29219444481818,37.86895411183489],[-122.2921871647699,37.868957235959556],[-122.29218029411126,37.868960896658464],[-122.29217389557813,37.868965060505815],[-122.2920608955941,37.869046060450884]]},"properties":{"id":"6945R","street":"UNIVERSITY AVE","side":"R","pavement_ft":50,"width_ft":3.7,"width_source":"gis","path_ft":6,"depth_ft":-6.8,"zone":"C-W","district":"West Berkeley Commercial","cat":"com","zone_dist_m":1.2,"campable_zone":true,"count":0,"placement":null}},{"type":"Feature","geometry":{"type":"LineString","coordinates":[[-122.29209672819155,37.86916336829427],[-122.29224372831322,37.869194368322944],[-122.29225219256291,37.86919579869607],[-122.29226079460499,37.869196552468395],[-122.29226944859468,37.86919662211758],[-122.29227806816891,37.86919600694854],[-122.29228656730794,37.86919471310043],[-122.29327756815368,37.869002712937835],[-122.2932858698387,37.86900075105439],[-122.29329388286146,37.86899814174264],[-122.29330152710185,37.86899491109241],[-122.2933087261271,37.86899109140618],[-122.29331540795604,37.868986720876],[-122.29332150577888,37.86898184320166],[-122.29332695862519,37.868976507153796],[-122.29333171197352,37.86897076608613],[-122.29333571829655,37.868964677402126],[-122.29337571823952,37.868895677375136]]},"properties":{"id":"6946R","street":"UNIVERSITY AVE","side":"R","pavement_ft":50,"width_ft":4.5,"width_source":"gis","path_ft":6,"depth_ft":-6.0,"zone":"C-W","district":"West Berkeley Commercial","cat":"com","zone_dist_m":2.9,"campable_zone":true,"count":0,"placement":null}},{"type":"Feature","geometry":{"type":"LineString","coordinates":[[-122.29216779027107,37.86904360764365],[-122.29206679030436,37.86898560768534],[-122.29205984904246,37.86898202533225],[-122.29205249271428,37.868979008065075],[-122.29204479428121,37.868976585809584],[-122.29203683009776,37.86897478259013],[-122.2920286791541,37.868973616291385],[-122.29202042229272,37.86897309848088],[-122.29201214140664,37.868973234294366],[-122.29200391862712,37.8689740223848],[-122.28958792069564,37.869303022120064],[-122.28958043718798,37.86930432497988],[-122.2895731366849,37.86930616825352],[-122.28956608114619,37.869308536297076],[-122.28955933045252,37.86931140901279],[-122.28955294189744,37.869314762019826],[-122.28954696970096,37.86931856686102],[-122.2895414645495,37.86932279124448],[-122.28945946454449,37.86939179120277]]},"properties":{"id":"6947R","street":"UNIVERSITY AVE","side":"R","pavement_ft":48,"width_ft":4.2,"width_source":"gis","path_ft":6,"depth_ft":-6.3,"zone":"C-U","district":"University Avenue Commercial","cat":"com","zone_dist_m":1.3,"campable_zone":true,"count":0,"placement":null}},{"type":"Feature","geometry":{"type":"LineString","coordinates":[[-122.28946647045768,37.869487458139616],[-122.28954447047214,37.86953945817479],[-122.28955084243263,37.869543306557986],[-122.28955765188113,37.869546651131714],[-122.28956483564541,37.86954946086783],[-122.28957232708059,37.869551709699984],[-122.28958005668753,37.86955337676543],[-122.28958795275739,37.8695544465985],[-122.28959594203715,37.8695549092742],[-122.28960395040893,37.86955476050022],[-122.28961190357786,37.86955400165674],[-122.2920519056692,37.869226001393],[-122.2920602328331,37.869224530069815],[-122.29206832603941,37.869222390216656],[-122.29207610012286,37.869219604351336],[-122.29208347327625,37.86921620178968],[-122.29209036791153,37.86921221833709],[-122.29209671147608,37.86920769591167],[-122.29217771147768,37.86914369587176]]},"properties":{"id":"6948R","street":"UNIVERSITY AVE","side":"R","pavement_ft":48,"width_ft":4.5,"width_source":"gis","path_ft":6,"depth_ft":-6.0,"zone":"C-U","district":"University Avenue Commercial","cat":"com","zone_dist_m":2.6,"campable_zone":true,"count":0,"placement":null}},{"type":"Feature","geometry":{"type":"LineString","coordinates":[[-122.28905325927215,37.859380124644865],[-122.28909825922617,37.8593071246209],[-122.28910099072117,37.85930206593793],[-122.28910307026837,37.85929681599721],[-122.28910447700711,37.85929142746299],[-122.28910519682606,37.85928595438978],[-122.28910522250453,37.859280451680135],[-122.2891045537851,37.85927497453387],[-122.28910319737608,37.85926957789438],[-122.28886519673487,37.85852057802214],[-122.2888632467197,37.85851549333162],[-122.28886068619515,37.85851058180708],[-122.28885753912,37.85850588940533],[-122.28885383494135,37.85850146003283],[-122.28884960831905,37.85849733513495],[-122.28884489880136,37.85849355330805],[-122.28883975045497,37.85849014993842],[-122.28883421145267,37.85848715687113],[-122.28882833362252,37.85848460211211],[-122.28882217196298,37.85848250956604],[-122.28881578412822,37.85848089881271],[-122.28873978417856,37.858464898824536]]},"properties":{"id":"6949R","street":"SAN PABLO AVE","side":"R","pavement_ft":40,"width_ft":10.4,"width_source":"default","path_ft":6,"depth_ft":-0.1,"zone":"C-W","district":"West Berkeley Commercial","cat":"com","zone_dist_m":4.0,"campable_zone":true,"count":0,"placement":null}},{"type":"Feature","geometry":{"type":"LineString","coordinates":[[-122.28866815444415,37.85848341665281],[-122.28862115443333,37.85852941663148],[-122.28861698352583,37.85853395462866],[-122.28861341860296,37.85853880645146],[-122.28861049690066,37.858543921422395],[-122.28860824893633,37.85854924611534],[-122.28860669819028,37.85855472491361],[-122.28860586086023,37.85856030059086],[-122.28860574569235,37.85856591490885],[-122.28860635388972,37.85857150922572],[-122.28860767909984,37.8585770251085],[-122.28884067844801,37.85933402523358],[-122.28884250916984,37.85933895811434],[-122.28884491353936,37.8593437336965],[-122.28884787049628,37.85934831014977],[-122.28885135414015,37.85935264738803],[-122.28885533395707,37.859356707420474],[-122.28885977508702,37.85936045468446],[-122.28886463862933,37.85936385635687],[-122.28886988198319,37.859366882641766],[-122.28887545922103,37.85936950703122],[-122.2889584592593,37.85940450705425]]},"properties":{"id":"6950R","street":"SAN PABLO AVE","side":"R","pavement_ft":40,"width_ft":11.0,"width_source":"default","path_ft":6,"depth_ft":0.5,"zone":"C-W","district":"West Berkeley Commercial","cat":"com","zone_dist_m":3.3,"campable_zone":true,"count":0,"placement":null}},{"type":"Feature","geometry":{"type":"LineString","coordinates":[[-122.30029703274867,37.86609383347477],[-122.30049803310376,37.86665983339392],[-122.30049917257503,37.86666377378937],[-122.30049981950751,37.86666778373761],[-122.30049996767434,37.86667182464267],[-122.3004996156493,37.8666758576106],[-122.3004987668206,37.86667984382385],[-122.30041976700562,37.866964843859336],[-122.30041831742503,37.866969015030456],[-122.3004163241335,37.866973042714626],[-122.30036532417803,37.86706204273531],[-122.30036292835328,37.86706572093294],[-122.30036007908689,37.86706919000369],[-122.30035680513514,37.867072414935826],[-122.3003531395405,37.86707536318152],[-122.30034911929816,37.867078004985466],[-122.30034478498256,37.86708031368511],[-122.30034018033805,37.86708226597977],[-122.3003353518372,37.867083842165805],[-122.30033034821194,37.86708502633545],[-122.29974234791092,37.86719902639341]]},"properties":{"id":"6962L","street":"ESSEX WAY","side":"L","pavement_ft":30,"width_ft":25.1,"width_source":"default","path_ft":10,"depth_ft":10.6,"zone":"C-W","district":"West Berkeley Commercial","cat":"com","zone_dist_m":0.0,"campable_zone":true,"count":0,"placement":null}},{"type":"Feature","geometry":{"type":"LineString","coordinates":[[-122.30119631849647,37.86734387681609],[-122.30213331786618,37.86714787694889]]},"properties":{"id":"6964L","street":"UNIVERSITY AVE","side":"L","pavement_ft":40,"width_ft":25.5,"width_source":"default","path_ft":10,"depth_ft":11.0,"zone":"MULI","district":"Mixed Use-Light Industrial","cat":"man","zone_dist_m":9.1,"campable_zone":true,"count":0,"placement":null}},{"type":"Feature","geometry":{"type":"LineString","coordinates":[[-122.30123168152835,37.867450123181015],[-122.30216868215868,37.86725412304823]]},"properties":{"id":"6964R","street":"UNIVERSITY AVE","side":"R","pavement_ft":40,"width_ft":14.9,"width_source":"default","path_ft":10,"depth_ft":0.4,"zone":"MULI","district":"Mixed Use-Light Industrial","cat":"man","zone_dist_m":0.0,"campable_zone":true,"count":0,"placement":null}},{"type":"Feature","geometry":{"type":"LineString","coordinates":[[-122.30209917081255,37.86703001930618],[-122.3019041706822,37.86707201933462],[-122.3019027502136,37.86707231251133],[-122.3014321711241,37.86716522940233],[-122.3011585908229,37.867222142092395]]},"properties":{"id":"6965L","street":"UNIVERSITY AVE","side":"L","pavement_ft":40,"width_ft":26.5,"width_source":"default","path_ft":10,"depth_ft":12.0,"zone":"MULI","district":"Mixed Use-Light Industrial","cat":"man","zone_dist_m":8.3,"campable_zone":true,"count":0,"placement":null}},{"type":"Feature","geometry":{"type":"LineString","coordinates":[[-122.30206282921296,37.86692398069079],[-122.3018685376184,37.866965828111454],[-122.3013982501304,37.867058687423004],[-122.3013974090173,37.86705885794336],[-122.30112340920184,37.86711585790472]]},"properties":{"id":"6965R","street":"UNIVERSITY AVE","side":"R","pavement_ft":40,"width_ft":14.1,"width_source":"default","path_ft":10,"depth_ft":-0.4,"zone":"MULI","district":"Mixed Use-Light Industrial","cat":"man","zone_dist_m":0.0,"campable_zone":true,"count":0,"placement":null}},{"type":"Feature","geometry":{"type":"LineString","coordinates":[[-122.28871119423265,37.881125186409356],[-122.28909819485591,37.880100186577344]]},"properties":{"id":"6968L","street":"NORTHSIDE AVE","side":"L","pavement_ft":30,"width_ft":15.2,"width_source":"gis","path_ft":10,"depth_ft":0.7,"zone":"R-2","district":"Multi-Unit 2","cat":"res","zone_dist_m":4.2,"campable_zone":false,"count":0,"placement":null}},{"type":"Feature","geometry":{"type":"LineString","coordinates":[[-122.28881080578356,37.8811488135697],[-122.28919780516027,37.8801238134017]]},"properties":{"id":"6968R","street":"NORTHSIDE AVE","side":"R","pavement_ft":30,"width_ft":4.5,"width_source":"gis","path_ft":6,"depth_ft":-6.0,"zone":"R-2","district":"Multi-Unit 2","cat":"res","zone_dist_m":4.3,"campable_zone":false,"count":0,"placement":null}},{"type":"Feature","geometry":{"type":"LineString","coordinates":[[-122.28914684492965,37.88123373512357],[-122.28939484527457,37.880578735216844]]},"properties":{"id":"6969L","street":"NEILSON ST","side":"L","pavement_ft":26,"width_ft":11.5,"width_source":"gis","path_ft":6,"depth_ft":1.0,"zone":"R-2","district":"Multi-Unit 2","cat":"res","zone_dist_m":3.9,"campable_zone":false,"count":0,"placement":null}},{"type":"Feature","geometry":{"type":"LineString","coordinates":[[-122.28923315508257,37.881254264860694],[-122.28948115473769,37.88059926476744]]},"properties":{"id":"6969R","street":"NEILSON ST","side":"R","pavement_ft":26,"width_ft":5.8,"width_source":"gis","path_ft":6,"depth_ft":-4.7,"zone":"C-N","district":"Neighborhood Commercial","cat":"com","zone_dist_m":4.5,"campable_zone":true,"count":0,"placement":null}}]}