{"type":"FeatureCollection","features":[{"type":"Feature","geometry":{"type":"Polygon","coordinates":[[[-122.29568727494566,37.87857032048755],[-122.29569334531355,37.87858893820402],[-122.29567656774155,37.87859237501947],[-122.29567049737764,37.87857375730218],[-122.29568727494566,37.87857032048755]]]},"properties":{"face":"95R","n":1,"street":"UNNAMED ALLEY","side":"R","zone":"C-W","cat":"com","placement":"building","width_source":"osm-building"}},{"type":"Feature","geometry":{"type":"Polygon","coordinates":[[[-122.30287311555368,37.866136046633784],[-122.30287273702753,37.8661552737637],[-122.30285541322465,37.866155059418496],[-122.30285579175529,37.866135832288684],[-122.30287311555368,37.866136046633784]]]},"properties":{"face":"180R","n":1,"street":"I80 EAST (OFF RAMP) UNIV","side":"R","zone":"C-W","cat":"com","placement":"building","width_source":"default"}},{"type":"Feature","geometry":{"type":"Polygon","coordinates":[[[-122.30287273702753,37.8661552737637],[-122.30287235850112,37.866174500893564],[-122.30285503469374,37.86617428654827],[-122.30285541322465,37.866155059418496],[-122.30287273702753,37.8661552737637]]]},"properties":{"face":"180R","n":2,"street":"I80 EAST (OFF RAMP) UNIV","side":"R","zone":"C-W","cat":"com","placement":"building","width_source":"default"}},{"type":"Feature","geometry":{"type":"Polygon","coordinates":[[[-122.30287235850112,37.866174500893564],[-122.30287197997443,37.866193728023354],[-122.30285465616257,37.86619351367796],[-122.30285503469374,37.86617428654827],[-122.30287235850112,37.866174500893564]]]},"properties":{"face":"180R","n":3,"street":"I80 EAST (OFF RAMP) UNIV","side":"R","zone":"C-W","cat":"com","placement":"building","width_source":"default"}},{"type":"Feature","geometry":{"type":"Polygon","coordinates":[[[-122.30287197997443,37.866193728023354],[-122.30287160144748,37.866212955153074],[-122.30285427763108,37.86621274080758],[-122.30285465616257,37.86619351367796],[-122.30287197997443,37.866193728023354]]]},"properties":{"face":"180R","n":4,"street":"I80 EAST (OFF RAMP) UNIV","side":"R","zone":"C-W","cat":"com","placement":"building","width_source":"default"}},{"type":"Feature","geometry":{"type":"Polygon","coordinates":[[[-122.30287160144748,37.866212955153074],[-122.30287122292022,37.86623218228276],[-122.30285389909936,37.86623196793715],[-122.30285427763108,37.86621274080758],[-122.30287160144748,37.866212955153074]]]},"properties":{"face":"180R","n":5,"street":"I80 EAST (OFF RAMP) UNIV","side":"R","zone":"C-W","cat":"com","placement":"building","width_source":"default"}},{"type":"Feature","geometry":{"type":"Polygon","coordinates":[[[-122.30287122292022,37.86623218228276],[-122.30287084439271,37.86625140941235],[-122.30285352056733,37.86625119506665],[-122.30285389909936,37.86623196793715],[-122.30287122292022,37.86623218228276]]]},"properties":{"face":"180R","n":6,"street":"I80 EAST (OFF RAMP) UNIV","side":"R","zone":"C-W","cat":"com","placement":"building","width_source":"default"}},{"type":"Feature","geometry":{"type":"Polygon","coordinates":[[[-122.30418894596184,37.87574344067251],[-122.30416542731847,37.875748156371806],[-122.30416117787944,37.875734840474685],[-122.3041846965188,37.8757301247762],[-122.30418894596184,37.87574344067251]]]},"properties":{"face":"413L","n":1,"street":"PAGE ST","side":"L","zone":"MRD","cat":"man","placement":"building","width_source":"gis"}},{"type":"Feature","geometry":{"type":"Polygon","coordinates":[[[-122.30416542731847,37.875748156371806],[-122.30414190867216,37.87575287206635],[-122.30413765923713,37.87573955616844],[-122.30416117787944,37.875734840474685],[-122.30416542731847,37.875748156371806]]]},"properties":{"face":"413L","n":2,"street":"PAGE ST","side":"L","zone":"MRD","cat":"man","placement":"building","width_source":"gis"}},{"type":"Feature","geometry":{"type":"Polygon","coordinates":[[[-122.30414190867216,37.87575287206635],[-122.30411839002295,37.87575758775618],[-122.30411414059188,37.875744271857464],[-122.30413765923713,37.87573955616844],[-122.30414190867216,37.87575287206635]]]},"properties":{"face":"413L","n":3,"street":"PAGE ST","side":"L","zone":"MRD","cat":"man","placement":"building","width_source":"gis"}},{"type":"Feature","geometry":{"type":"Polygon","coordinates":[[[-122.30411839002295,37.87575758775618],[-122.30409487137076,37.87576230344127],[-122.30409062194371,37.87574898754176],[-122.30411414059188,37.875744271857464],[-122.30411839002295,37.87575758775618]]]},"properties":{"face":"413L","n":4,"street":"PAGE ST","side":"L","zone":"MRD","cat":"man","placement":"building","width_source":"gis"}},{"type":"Feature","geometry":{"type":"Polygon","coordinates":[[[-122.30409487137076,37.87576230344127],[-122.3040713527157,37.87576701912164],[-122.30406710329261,37.87575370322133],[-122.30409062194371,37.87574898754176],[-122.30409487137076,37.87576230344127]]]},"properties":{"face":"413L","n":5,"street":"PAGE ST","side":"L","zone":"MRD","cat":"man","placement":"building","width_source":"gis"}},{"type":"Feature","geometry":{"type":"Polygon","coordinates":[[[-122.3040713527157,37.87576701912164],[-122.30404783405767,37.87577173479727],[-122.30404358463858,37.87575841889615],[-122.30406710329261,37.87575370322133],[-122.3040713527157,37.87576701912164]]]},"properties":{"face":"413L","n":6,"street":"PAGE ST","side":"L","zone":"MRD","cat":"man","placement":"building","width_source":"gis"}},{"type":"Feature","geometry":{"type":"Polygon","coordinates":[[[-122.30404783405767,37.87577173479727],[-122.30402431539672,37.87577645046817],[-122.30402006598162,37.875763134566256],[-122.30404358463858,37.87575841889615],[-122.30404783405767,37.87577173479727]]]},"properties":{"face":"413L","n":7,"street":"PAGE ST","side":"L","zone":"MRD","cat":"man","placement":"building","width_source":"gis"}},{"type":"Feature","geometry":{"type":"Polygon","coordinates":[[[-122.30402431539672,37.87577645046817],[-122.30400079673284,37.87578116613433],[-122.3039965473217,37.87576785023162],[-122.30402006598162,37.875763134566256],[-122.30402431539672,37.87577645046817]]]},"properties":{"face":"413L","n":8,"street":"PAGE ST","side":"L","zone":"MRD","cat":"man","placement":"building","width_source":"gis"}},{"type":"Feature","geometry":{"type":"Polygon","coordinates":[[[-122.30400079673284,37.87578116613433],[-122.30397727806603,37.87578588179577],[-122.30397302865889,37.875772565892255],[-122.3039965473217,37.87576785023162],[-122.30400079673284,37.87578116613433]]]},"properties":{"face":"413L","n":9,"street":"PAGE ST","side":"L","zone":"MRD","cat":"man","placement":"building","width_source":"gis"}},{"type":"Feature","geometry":{"type":"Polygon","coordinates":[[[-122.303977278066,37.87578588179577],[-122.30395375939626,37.87579059745247],[-122.30394950999313,37.87577728154816],[-122.30397302865889,37.875772565892255],[-122.303977278066,37.87578588179577]]]},"properties":{"face":"413L","n":10,"street":"PAGE ST","side":"L","zone":"MRD","cat":"man","placement":"building","width_source":"gis"}},{"type":"Feature","geometry":{"type":"Polygon","coordinates":[[[-122.30395375939626,37.87579059745247],[-122.3039302407236,37.87579531310445],[-122.30392599132445,37.875781997199326],[-122.30394950999313,37.87577728154816],[-122.30395375939626,37.87579059745247]]]},"properties":{"face":"413L","n":11,"street":"PAGE ST","side":"L","zone":"MRD","cat":"man","placement":"building","width_source":"gis"}},{"type":"Feature","geometry":{"type":"Polygon","coordinates":[[[-122.3039302407236,37.87579531310445],[-122.303906722048,37.87580002875169],[-122.30390247265285,37.87578671284577],[-122.30392599132445,37.875781997199326],[-122.3039302407236,37.87579531310445]]]},"properties":{"face":"413L","n":12,"street":"PAGE ST","side":"L","zone":"MRD","cat":"man","placement":"building","width_source":"gis"}},{"type":"Feature","geometry":{"type":"Polygon","coordinates":[[[-122.30385968468799,37.87580946003197],[-122.3038361660036,37.87581417566501],[-122.30383191662042,37.87580085975669],[-122.30385543530082,37.87579614412446],[-122.30385968468799,37.87580946003197]]]},"properties":{"face":"413L","n":13,"street":"PAGE ST","side":"L","zone":"MRD","cat":"man","placement":"building","width_source":"gis"}},{"type":"Feature","geometry":{"type":"Polygon","coordinates":[[[-122.3038361660036,37.87581417566501],[-122.30381264731626,37.87581889129333],[-122.30380839793708,37.87580557538422],[-122.30383191662042,37.87580085975669],[-122.3038361660036,37.87581417566501]]]},"properties":{"face":"413L","n":14,"street":"PAGE ST","side":"L","zone":"MRD","cat":"man","placement":"building","width_source":"gis"}},{"type":"Feature","geometry":{"type":"Polygon","coordinates":[[[-122.30381264731626,37.87581889129333],[-122.30378912862602,37.87582360691691],[-122.30378487925081,37.875810291007],[-122.30380839793708,37.87580557538422],[-122.30381264731626,37.87581889129333]]]},"properties":{"face":"413L","n":15,"street":"PAGE ST","side":"L","zone":"MRD","cat":"man","placement":"building","width_source":"gis"}},{"type":"Feature","geometry":{"type":"Polygon","coordinates":[[[-122.30378912862602,37.87582360691691],[-122.30376560993284,37.87582832253575],[-122.30376136056164,37.87581500662505],[-122.30378487925083,37.875810291007],[-122.30378912862602,37.87582360691691]]]},"properties":{"face":"413L","n":16,"street":"PAGE ST","side":"L","zone":"MRD","cat":"man","placement":"building","width_source":"gis"}},{"type":"Feature","geometry":{"type":"Polygon","coordinates":[[[-122.30376560993284,37.87582832253575],[-122.30374209123671,37.87583303814987],[-122.30373784186949,37.87581972223837],[-122.30376136056164,37.87581500662505],[-122.30376560993284,37.87582832253575]]]},"properties":{"face":"413L","n":17,"street":"PAGE ST","side":"L","zone":"MRD","cat":"man","placement":"building","width_source":"gis"}},{"type":"Feature","geometry":{"type":"Polygon","coordinates":[[[-122.30374209123671,37.87583303814987],[-122.30371857253768,37.875837753759264],[-122.30371432317443,37.87582443784696],[-122.30373784186949,37.87581972223837],[-122.30374209123671,37.87583303814987]]]},"properties":{"face":"413L","n":18,"street":"PAGE ST","side":"L","zone":"MRD","cat":"man","placement":"building","width_source":"gis"}},{"type":"Feature","geometry":{"type":"Polygon","coordinates":[[[-122.30371857253768,37.875837753759264],[-122.3036950538357,37.87584246936391],[-122.30369080447646,37.8758291534508],[-122.30371432317443,37.87582443784696],[-122.30371857253768,37.875837753759264]]]},"properties":{"face":"413L","n":19,"street":"PAGE ST","side":"L","zone":"MRD","cat":"man","placement":"building","width_source":"gis"}},{"type":"Feature","geometry":{"type":"Polygon","coordinates":[[[-122.3036950538357,37.87584246936391],[-122.3036715351308,37.87584718496384],[-122.30366728577553,37.87583386904993],[-122.30369080447646,37.8758291534508],[-122.3036950538357,37.87584246936391]]]},"properties":{"face":"413L","n":20,"street":"PAGE ST","side":"L","zone":"MRD","cat":"man","placement":"building","width_source":"gis"}},{"type":"Feature","geometry":{"type":"Polygon","coordinates":[[[-122.30562380690783,37.878579517174884],[-122.30560014905107,37.87858377609899],[-122.30559631107526,37.87857038190141],[-122.30561996892793,37.87856612297803],[-122.30562380690783,37.878579517174884]]]},"properties":{"face":"416L","n":1,"street":"GILMAN ST","side":"L","zone":"M","cat":"man","placement":"curb","width_source":"gis"}},{"type":"Feature","geometry":{"type":"Polygon","coordinates":[[[-122.30560014905107,37.87858377609899],[-122.30557649119164,37.87858803501832],[-122.30557265321993,37.87857464082002],[-122.30559631107526,37.87857038190141],[-122.30560014905107,37.87858377609899]]]},"properties":{"face":"416L","n":2,"street":"GILMAN ST","side":"L","zone":"M","cat":"man","placement":"curb","width_source":"gis"}},{"type":"Feature","geometry":{"type":"Polygon","coordinates":[[[-122.30557649119164,37.87858803501832],[-122.30555283332957,37.87859229393285],[-122.30554899536195,37.87857889973384],[-122.30557265321993,37.87857464082002],[-122.30557649119164,37.87858803501832]]]},"properties":{"face":"416L","n":3,"street":"GILMAN ST","side":"L","zone":"M","cat":"man","placement":"curb","width_source":"gis"}},{"type":"Feature","geometry":{"type":"Polygon","coordinates":[[[-122.30555283332957,37.87859229393285],[-122.30552917546484,37.8785965528426],[-122.30552533750132,37.87858315864286],[-122.30554899536195,37.87857889973384],[-122.30555283332957,37.87859229393285]]]},"properties":{"face":"416L","n":4,"street":"GILMAN ST","side":"L","zone":"M","cat":"man","placement":"curb","width_source":"gis"}},{"type":"Feature","geometry":{"type":"Polygon","coordinates":[[[-122.30552917546484,37.8785965528426],[-122.30550551759748,37.878600811747575],[-122.30550167963801,37.87858741754711],[-122.30552533750132,37.87858315864286],[-122.30552917546484,37.8785965528426]]]},"properties":{"face":"416L","n":5,"street":"GILMAN ST","side":"L","zone":"M","cat":"man","placement":"curb","width_source":"gis"}},{"type":"Feature","geometry":{"type":"Polygon","coordinates":[[[-122.30550551759748,37.878600811747575],[-122.30548185972744,37.878605070647765],[-122.30547802177207,37.878591676446575],[-122.30550167963801,37.87858741754711],[-122.30550551759748,37.878600811747575]]]},"properties":{"face":"416L","n":6,"street":"GILMAN ST","side":"L","zone":"M","cat":"man","placement":"curb","width_source":"gis"}},{"type":"Feature","geometry":{"type":"Polygon","coordinates":[[[-122.30548185972744,37.878605070647765],[-122.30545820185475,37.87860932954315],[-122.30545436390348,37.87859593534126],[-122.30547802177207,37.878591676446575],[-122.30548185972744,37.878605070647765]]]},"properties":{"face":"416L","n":7,"street":"GILMAN ST","side":"L","zone":"M","cat":"man","placement":"curb","width_source":"gis"}},{"type":"Feature","geometry":{"type":"Polygon","coordinates":[[[-122.30538722822075,37.87862210620065],[-122.30536357033746,37.87862636507691],[-122.30535973240254,37.87861297087213],[-122.30538339028176,37.878608711996584],[-122.30538722822075,37.87862210620065]]]},"properties":{"face":"416L","n":8,"street":"GILMAN ST","side":"L","zone":"M","cat":"man","placement":"curb","width_source":"gis"}},{"type":"Feature","geometry":{"type":"Polygon","coordinates":[[[-122.30536357033746,37.87862636507691],[-122.30533991245152,37.8786306239484],[-122.30533607452065,37.87861722974288],[-122.30535973240254,37.87861297087213],[-122.30536357033746,37.87862636507691]]]},"properties":{"face":"416L","n":9,"street":"GILMAN ST","side":"L","zone":"M","cat":"man","placement":"curb","width_source":"gis"}},{"type":"Feature","geometry":{"type":"Polygon","coordinates":[[[-122.30533991245149,37.8786306239484],[-122.3053162545629,37.878634882815106],[-122.30531241663614,37.87862148860886],[-122.30533607452065,37.87861722974288],[-122.30533991245149,37.8786306239484]]]},"properties":{"face":"416L","n":10,"street":"GILMAN ST","side":"L","zone":"M","cat":"man","placement":"curb","width_source":"gis"}},{"type":"Feature","geometry":{"type":"Polygon","coordinates":[[[-122.3053162545629,37.878634882815106],[-122.3052925966716,37.87863914167701],[-122.30528875874894,37.878625747470046],[-122.30531241663614,37.87862148860886],[-122.3053162545629,37.878634882815106]]]},"properties":{"face":"416L","n":11,"street":"GILMAN ST","side":"L","zone":"M","cat":"man","placement":"curb","width_source":"gis"}},{"type":"Feature","geometry":{"type":"Polygon","coordinates":[[[-122.3052925966716,37.87863914167701],[-122.3052689387777,37.878643400534145],[-122.3052651008591,37.87863000632646],[-122.30528875874894,37.878625747470046],[-122.3052925966716,37.87863914167701]]]},"properties":{"face":"416L","n":12,"street":"GILMAN ST","side":"L","zone":"M","cat":"man","placement":"curb","width_source":"gis"}},{"type":"Feature","geometry":{"type":"Polygon","coordinates":[[[-122.3052689387777,37.878643400534145],[-122.30524528088112,37.87864765938648],[-122.30524144296662,37.87863426517808],[-122.3052651008591,37.87863000632646],[-122.3052689387777,37.878643400534145]]]},"properties":{"face":"416L","n":13,"street":"GILMAN ST","side":"L","zone":"M","cat":"man","placement":"curb","width_source":"gis"}},{"type":"Feature","geometry":{"type":"Polygon","coordinates":[[[-122.30524528088112,37.87864765938648],[-122.30522162298189,37.87865191823404],[-122.30521778507148,37.878638524024915],[-122.30524144296662,37.87863426517808],[-122.30524528088112,37.87864765938648]]]},"properties":{"face":"416L","n":14,"street":"GILMAN ST","side":"L","zone":"M","cat":"man","placement":"curb","width_source":"gis"}},{"type":"Feature","geometry":{"type":"Polygon","coordinates":[[[-122.30522162298189,37.87865191823404],[-122.30519796508,37.87865617707682],[-122.30519412717366,37.87864278286697],[-122.30521778507148,37.878638524024915],[-122.30522162298189,37.87865191823404]]]},"properties":{"face":"416L","n":15,"street":"GILMAN ST","side":"L","zone":"M","cat":"man","placement":"curb","width_source":"gis"}},{"type":"Feature","geometry":{"type":"Polygon","coordinates":[[[-122.30519796508,37.87865617707682],[-122.30517430717545,37.8786604359148],[-122.30517046927322,37.87864704170424],[-122.30519412717366,37.87864278286697],[-122.30519796508,37.87865617707682]]]},"properties":{"face":"416L","n":16,"street":"GILMAN ST","side":"L","zone":"M","cat":"man","placement":"curb","width_source":"gis"}},{"type":"Feature","geometry":{"type":"Polygon","coordinates":[[[-122.30517430717545,37.8786604359148],[-122.30515064926826,37.87866469474801],[-122.30514681137012,37.87865130053672],[-122.30517046927322,37.87864704170424],[-122.30517430717545,37.8786604359148]]]},"properties":{"face":"416L","n":17,"street":"GILMAN ST","side":"L","zone":"M","cat":"man","placement":"curb","width_source":"gis"}},{"type":"Feature","geometry":{"type":"Polygon","coordinates":[[[-122.30515064926826,37.87866469474801],[-122.30512699135842,37.878668953576444],[-122.30512315346436,37.87865555936443],[-122.30514681137012,37.87865130053672],[-122.30515064926826,37.87866469474801]]]},"properties":{"face":"416L","n":18,"street":"GILMAN ST","side":"L","zone":"M","cat":"man","placement":"curb","width_source":"gis"}},{"type":"Feature","geometry":{"type":"Polygon","coordinates":[[[-122.30512699135842,37.878668953576444],[-122.30510333344591,37.878673212400074],[-122.30509949555595,37.878659818187344],[-122.30512315346436,37.87865555936443],[-122.30512699135842,37.878668953576444]]]},"properties":{"face":"416L","n":19,"street":"GILMAN ST","side":"L","zone":"M","cat":"man","placement":"curb","width_source":"gis"}},{"type":"Feature","geometry":{"type":"Polygon","coordinates":[[[-122.30510333344591,37.878673212400074],[-122.30507967553076,37.87867747121893],[-122.30507583764486,37.87866407700547],[-122.30509949555595,37.878659818187344],[-122.30510333344591,37.878673212400074]]]},"properties":{"face":"416L","n":20,"street":"GILMAN ST","side":"L","zone":"M","cat":"man","placement":"curb","width_source":"gis"}},{"type":"Feature","geometry":{"type":"Polygon","coordinates":[[[-122.30507967553076,37.87867747121893],[-122.30505601761294,37.87868173003301],[-122.30505217973113,37.878668335818816],[-122.30507583764486,37.87866407700547],[-122.30507967553076,37.87867747121893]]]},"properties":{"face":"416L","n":21,"street":"GILMAN ST","side":"L","zone":"M","cat":"man","placement":"curb","width_source":"gis"}},{"type":"Feature","geometry":{"type":"Polygon","coordinates":[[[-122.30505601761294,37.87868173003301],[-122.30503235969246,37.878685988842285],[-122.30502852181476,37.87867259462739],[-122.30505217973113,37.878668335818816],[-122.30505601761294,37.87868173003301]]]},"properties":{"face":"416L","n":22,"street":"GILMAN ST","side":"L","zone":"M","cat":"man","placement":"curb","width_source":"gis"}},{"type":"Feature","geometry":{"type":"Polygon","coordinates":[[[-122.30503235969246,37.878685988842285],[-122.30500870176935,37.878690247646794],[-122.30500486389575,37.87867685343115],[-122.30502852181476,37.87867259462739],[-122.30503235969246,37.878685988842285]]]},"properties":{"face":"416L","n":23,"street":"GILMAN ST","side":"L","zone":"M","cat":"man","placement":"curb","width_source":"gis"}},{"type":"Feature","geometry":{"type":"Polygon","coordinates":[[[-122.30500870176935,37.878690247646794],[-122.30498504384359,37.87869450644649],[-122.30498120597404,37.878681112230154],[-122.30500486389575,37.87867685343115],[-122.30500870176935,37.878690247646794]]]},"properties":{"face":"416L","n":24,"street":"GILMAN ST","side":"L","zone":"M","cat":"man","placement":"curb","width_source":"gis"}},{"type":"Feature","geometry":{"type":"Polygon","coordinates":[[[-122.30498504384359,37.87869450644649],[-122.30496138591515,37.87869876524143],[-122.3049575480497,37.87868537102437],[-122.30498120597404,37.878681112230154],[-122.30498504384359,37.87869450644649]]]},"properties":{"face":"416L","n":25,"street":"GILMAN ST","side":"L","zone":"M","cat":"man","placement":"curb","width_source":"gis"}},{"type":"Feature","geometry":{"type":"Polygon","coordinates":[[[-122.30493772798407,37.87870302403157],[-122.30491407005033,37.878707282816954],[-122.30491023219307,37.878693888598434],[-122.30493389012273,37.878689629813806],[-122.30493772798407,37.87870302403157]]]},"properties":{"face":"416L","n":26,"street":"GILMAN ST","side":"L","zone":"M","cat":"man","placement":"curb","width_source":"gis"}},{"type":"Feature","geometry":{"type":"Polygon","coordinates":[[[-122.3045091217313,37.87882188462541],[-122.30448581682232,37.878827228239274],[-122.30448100134986,37.878814033911326],[-122.304504306255,37.878808690298364],[-122.3045091217313,37.87882188462541]]]},"properties":{"face":"432L","n":1,"street":"GILMAN ST","side":"L","zone":"M","cat":"man","placement":"building","width_source":"gis"}},{"type":"Feature","geometry":{"type":"Polygon","coordinates":[[[-122.30448581682232,37.878827228239274],[-122.30446251191003,37.8788325718485],[-122.30445769644139,37.87881937751964],[-122.30448100134986,37.878814033911326],[-122.30448581682232,37.878827228239274]]]},"properties":{"face":"432L","n":2,"street":"GILMAN ST","side":"L","zone":"M","cat":"man","placement":"building","width_source":"gis"}},{"type":"Feature","geometry":{"type":"Polygon","coordinates":[[[-122.30446251191003,37.8788325718485],[-122.30443920699445,37.87883791545306],[-122.30443439152964,37.87882472112331],[-122.30445769644139,37.87881937751964],[-122.30446251191003,37.8788325718485]]]},"properties":{"face":"432L","n":3,"street":"GILMAN ST","side":"L","zone":"M","cat":"man","placement":"building","width_source":"gis"}},{"type":"Feature","geometry":{"type":"Polygon","coordinates":[[[-122.30443920699445,37.87883791545306],[-122.30441590207553,37.87884325905298],[-122.3044110866146,37.878830064722315],[-122.30443439152964,37.87882472112331],[-122.30443920699445,37.87883791545306]]]},"properties":{"face":"432L","n":4,"street":"GILMAN ST","side":"L","zone":"M","cat":"man","placement":"building","width_source":"gis"}},{"type":"Feature","geometry":{"type":"Polygon","coordinates":[[[-122.30441590207553,37.87884325905298],[-122.30439259715335,37.87884860264824],[-122.30438778169624,37.87883540831669],[-122.3044110866146,37.878830064722315],[-122.30441590207553,37.87884325905298]]]},"properties":{"face":"432L","n":5,"street":"GILMAN ST","side":"L","zone":"M","cat":"man","placement":"building","width_source":"gis"}},{"type":"Feature","geometry":{"type":"Polygon","coordinates":[[[-122.30331951808517,37.86813815629319],[-122.30329735817408,37.86814597743941],[-122.3032903110678,37.868133429529564],[-122.30331247097587,37.868125608384645],[-122.30331951808517,37.86813815629319]]]},"properties":{"face":"679R","n":1,"street":"HEARST AVE","side":"R","zone":"MULI","cat":"man","placement":"building","width_source":"default"}},{"type":"Feature","geometry":{"type":"Polygon","coordinates":[[[-122.30302576061787,37.87707082112608],[-122.30300229765606,37.87707570925134],[-122.30299789275938,37.87706242512165],[-122.30302135571725,37.87705753699722],[-122.30302576061787,37.87707082112608]]]},"properties":{"face":"796R","n":1,"street":"CAMELIA ST","side":"R","zone":"M","cat":"man","placement":"building","width_source":"gis"}},{"type":"Feature","geometry":{"type":"Polygon","coordinates":[[[-122.30172922481361,37.879176574982566],[-122.30170573053206,37.879181369704725],[-122.30170140968036,37.87916806822605],[-122.30172490395793,37.87916327350473],[-122.30172922481361,37.879176574982566]]]},"properties":{"face":"874R","n":1,"street":"GILMAN ST","side":"R","zone":"MULI","cat":"man","placement":"building","width_source":"gis"}},{"type":"Feature","geometry":{"type":"Polygon","coordinates":[[[-122.30170573053206,37.879181369704725],[-122.30168223624752,37.87918616442215],[-122.30167791539981,37.87917286294267],[-122.30170140968036,37.87916806822605],[-122.30170573053206,37.879181369704725]]]},"properties":{"face":"874R","n":2,"street":"GILMAN ST","side":"R","zone":"MULI","cat":"man","placement":"building","width_source":"gis"}},{"type":"Feature","geometry":{"type":"Polygon","coordinates":[[[-122.30168223624752,37.87918616442215],[-122.30165874196001,37.87919095913486],[-122.30165442111625,37.87917765765456],[-122.30167791539981,37.87917286294267],[-122.30168223624752,37.87918616442215]]]},"properties":{"face":"874R","n":3,"street":"GILMAN ST","side":"R","zone":"MULI","cat":"man","placement":"building","width_source":"gis"}},{"type":"Feature","geometry":{"type":"Polygon","coordinates":[[[-122.30165874196001,37.87919095913486],[-122.30163524766954,37.879195753842836],[-122.30163092682974,37.87918245236173],[-122.30165442111625,37.87917765765456],[-122.30165874196001,37.87919095913486]]]},"properties":{"face":"874R","n":4,"street":"GILMAN ST","side":"R","zone":"MULI","cat":"man","placement":"building","width_source":"gis"}},{"type":"Feature","geometry":{"type":"Polygon","coordinates":[[[-122.30163524766954,37.879195753842836],[-122.30161175337606,37.8792005485461],[-122.30160743254027,37.87918724706419],[-122.30163092682974,37.87918245236173],[-122.30163524766954,37.879195753842836]]]},"properties":{"face":"874R","n":5,"street":"GILMAN ST","side":"R","zone":"MULI","cat":"man","placement":"building","width_source":"gis"}},{"type":"Feature","geometry":{"type":"Polygon","coordinates":[[[-122.30161175337606,37.8792005485461],[-122.30158825907964,37.879205343244635],[-122.30158393824777,37.879192041761904],[-122.30160743254027,37.87918724706419],[-122.30161175337606,37.8792005485461]]]},"properties":{"face":"874R","n":6,"street":"GILMAN ST","side":"R","zone":"MULI","cat":"man","placement":"building","width_source":"gis"}},{"type":"Feature","geometry":{"type":"Polygon","coordinates":[[[-122.30158825907964,37.879205343244635],[-122.3015647647802,37.87921013793844],[-122.30156044395234,37.87919683645491],[-122.30158393824777,37.879192041761904],[-122.30158825907964,37.879205343244635]]]},"properties":{"face":"874R","n":7,"street":"GILMAN ST","side":"R","zone":"MULI","cat":"man","placement":"building","width_source":"gis"}},{"type":"Feature","geometry":{"type":"Polygon","coordinates":[[[-122.3015647647802,37.87921013793844],[-122.30154127047781,37.87921493262755],[-122.30153694965392,37.87920163114318],[-122.30156044395234,37.87919683645491],[-122.3015647647802,37.87921013793844]]]},"properties":{"face":"874R","n":8,"street":"GILMAN ST","side":"R","zone":"MULI","cat":"man","placement":"building","width_source":"gis"}},{"type":"Feature","geometry":{"type":"Polygon","coordinates":[[[-122.30154127047781,37.87921493262755],[-122.30151777617243,37.87921972731191],[-122.3015134553525,37.87920642582673],[-122.30153694965392,37.87920163114318],[-122.30154127047781,37.87921493262755]]]},"properties":{"face":"874R","n":9,"street":"GILMAN ST","side":"R","zone":"MULI","cat":"man","placement":"building","width_source":"gis"}},{"type":"Feature","geometry":{"type":"Polygon","coordinates":[[[-122.30151777617243,37.87921972731191],[-122.3014942818641,37.87922452199155],[-122.30148996104815,37.879211220505574],[-122.3015134553525,37.87920642582673],[-122.30151777617243,37.87921972731191]]]},"properties":{"face":"874R","n":10,"street":"GILMAN ST","side":"R","zone":"MULI","cat":"man","placement":"building","width_source":"gis"}},{"type":"Feature","geometry":{"type":"Polygon","coordinates":[[[-122.3014942818641,37.87922452199155],[-122.30147078755276,37.87922931666648],[-122.30146646674078,37.87921601517967],[-122.30148996104815,37.879211220505574],[-122.3014942818641,37.87922452199155]]]},"properties":{"face":"874R","n":11,"street":"GILMAN ST","side":"R","zone":"MULI","cat":"man","placement":"building","width_source":"gis"}},{"type":"Feature","geometry":{"type":"Polygon","coordinates":[[[-122.30147078755276,37.87922931666648],[-122.30144729323844,37.87923411133668],[-122.30144297243045,37.87922080984908],[-122.30146646674078,37.87921601517967],[-122.30147078755276,37.87922931666648]]]},"properties":{"face":"874R","n":12,"street":"GILMAN ST","side":"R","zone":"MULI","cat":"man","placement":"building","width_source":"gis"}},{"type":"Feature","geometry":{"type":"Polygon","coordinates":[[[-122.30144729323844,37.87923411133668],[-122.30142379892116,37.87923890600216],[-122.30141947811713,37.87922560451373],[-122.30144297243045,37.87922080984908],[-122.30144729323844,37.87923411133668]]]},"properties":{"face":"874R","n":13,"street":"GILMAN ST","side":"R","zone":"MULI","cat":"man","placement":"building","width_source":"gis"}},{"type":"Feature","geometry":{"type":"Polygon","coordinates":[[[-122.30142379892116,37.87923890600216],[-122.3014003046009,37.87924370066291],[-122.30139598380084,37.87923039917368],[-122.30141947811713,37.87922560451373],[-122.30142379892116,37.87923890600216]]]},"properties":{"face":"874R","n":14,"street":"GILMAN ST","side":"R","zone":"MULI","cat":"man","placement":"building","width_source":"gis"}},{"type":"Feature","geometry":{"type":"Polygon","coordinates":[[[-122.3014003046009,37.87924370066291],[-122.30137681027765,37.87924849531894],[-122.30137248948157,37.87923519382888],[-122.30139598380084,37.87923039917368],[-122.3014003046009,37.87924370066291]]]},"properties":{"face":"874R","n":15,"street":"GILMAN ST","side":"R","zone":"MULI","cat":"man","placement":"building","width_source":"gis"}},{"type":"Feature","geometry":{"type":"Polygon","coordinates":[[[-122.30137681027765,37.87924849531894],[-122.30135331595145,37.879253289970244],[-122.30134899515932,37.879239988479384],[-122.30137248948157,37.87923519382888],[-122.30137681027765,37.87924849531894]]]},"properties":{"face":"874R","n":16,"street":"GILMAN ST","side":"R","zone":"MULI","cat":"man","placement":"building","width_source":"gis"}},{"type":"Feature","geometry":{"type":"Polygon","coordinates":[[[-122.290683350266,37.88166704026746],[-122.2906886595358,37.88164827696979],[-122.29070556900845,37.88165128275235],[-122.29070025974269,37.881670046050836],[-122.290683350266,37.88166704026746]]]},"properties":{"face":"991L","n":1,"street":"SANTA FE AVE","side":"L","zone":"C-N","cat":"com","placement":"building","width_source":"gis"}},{"type":"Feature","geometry":{"type":"Polygon","coordinates":[[[-122.2906886595358,37.88164827696979],[-122.29069396880283,37.8816295136718],[-122.29071087827143,37.88163251945357],[-122.29070556900845,37.88165128275235],[-122.2906886595358,37.88164827696979]]]},"properties":{"face":"991L","n":2,"street":"SANTA FE AVE","side":"L","zone":"C-N","cat":"com","placement":"building","width_source":"gis"}},{"type":"Feature","geometry":{"type":"Polygon","coordinates":[[[-122.29069396880283,37.8816295136718],[-122.29069927806711,37.881610750373454],[-122.29071618753167,37.88161375615445],[-122.29071087827143,37.88163251945357],[-122.29069396880283,37.8816295136718]]]},"properties":{"face":"991L","n":3,"street":"SANTA FE AVE","side":"L","zone":"C-N","cat":"com","placement":"building","width_source":"gis"}},{"type":"Feature","geometry":{"type":"Polygon","coordinates":[[[-122.30669927850641,37.87845178194791],[-122.30670743043831,37.87846980753258],[-122.30669111799351,37.878474442324],[-122.30668296606513,37.87845641673824],[-122.30669927850641,37.87845178194791]]]},"properties":{"face":"1409L","n":1,"street":"EASTSHORE HWY","side":"L","zone":"M","cat":"man","placement":"curb","width_source":"gis"}},{"type":"Feature","geometry":{"type":"Polygon","coordinates":[[[-122.30670704526217,37.878469087729144],[-122.3067177743175,37.87848633448739],[-122.30670223222205,37.8784924088871],[-122.30669150316952,37.87847516212747],[-122.30670704526217,37.878469087729144]]]},"properties":{"face":"1409L","n":2,"street":"EASTSHORE HWY","side":"L","zone":"M","cat":"man","placement":"curb","width_source":"gis"}},{"type":"Feature","geometry":{"type":"Polygon","coordinates":[[[-122.3067177743175,37.87848633448739],[-122.30672850337778,37.87850358124466],[-122.30671296127954,37.878509655645736],[-122.30670223222205,37.8784924088871],[-122.3067177743175,37.87848633448739]]]},"properties":{"face":"1409L","n":3,"street":"EASTSHORE HWY","side":"L","zone":"M","cat":"man","placement":"curb","width_source":"gis"}},{"type":"Feature","geometry":{"type":"Polygon","coordinates":[[[-122.3067499615132,37.87853807475624],[-122.30676069058835,37.87855532151057],[-122.30674514848175,37.87856139591576],[-122.30673441940941,37.878544149160064],[-122.3067499615132,37.87853807475624]]]},"properties":{"face":"1409L","n":4,"street":"EASTSHORE HWY","side":"L","zone":"M","cat":"man","placement":"curb","width_source":"gis"}},{"type":"Feature","geometry":{"type":"Polygon","coordinates":[[[-122.30676069058835,37.87855532151057],[-122.30677141966845,37.87857256826391],[-122.30675587755907,37.87857864267048],[-122.30674514848175,37.87856139591576],[-122.30676069058835,37.87855532151057]]]},"properties":{"face":"1409L","n":5,"street":"EASTSHORE HWY","side":"L","zone":"M","cat":"man","placement":"curb","width_source":"gis"}},{"type":"Feature","geometry":{"type":"Polygon","coordinates":[[[-122.30678214875353,37.87858981501629],[-122.30679287784353,37.87860706176767],[-122.30677733572857,37.87861313617698],[-122.30676660664135,37.87859588942422],[-122.30678214875353,37.87858981501629]]]},"properties":{"face":"1409L","n":6,"street":"EASTSHORE HWY","side":"L","zone":"M","cat":"man","placement":"curb","width_source":"gis"}},{"type":"Feature","geometry":{"type":"Polygon","coordinates":[[[-122.30679287784353,37.87860706176767],[-122.30680360693852,37.87862430851808],[-122.30678806482076,37.878630382928755],[-122.30677733572857,37.87861313617698],[-122.30679287784353,37.87860706176767]]]},"properties":{"face":"1409L","n":7,"street":"EASTSHORE HWY","side":"L","zone":"M","cat":"man","placement":"curb","width_source":"gis"}},{"type":"Feature","geometry":{"type":"Polygon","coordinates":[[[-122.30684652336798,37.878693295509926],[-122.30685725248773,37.87871054225543],[-122.30684171035605,37.878716616672975],[-122.30683098123907,37.87869936992608],[-122.30684652336798,37.878693295509926]]]},"properties":{"face":"1409L","n":8,"street":"EASTSHORE HWY","side":"L","zone":"M","cat":"man","placement":"curb","width_source":"gis"}},{"type":"Feature","geometry":{"type":"Polygon","coordinates":[[[-122.30687871074211,37.87874503574351],[-122.30688943987673,37.878762282486086],[-122.3068738977367,37.87876835690774],[-122.30686316860485,37.87875111016381],[-122.30687871074211,37.87874503574351]]]},"properties":{"face":"1409L","n":9,"street":"EASTSHORE HWY","side":"L","zone":"M","cat":"man","placement":"curb","width_source":"gis"}},{"type":"Feature","geometry":{"type":"Polygon","coordinates":[[[-122.30694278525037,37.87889092219931],[-122.3069484102101,37.87890962763522],[-122.30693155351476,37.87891281226314],[-122.30692592855908,37.878894106826465],[-122.30694278525037,37.87889092219931]]]},"properties":{"face":"1409L","n":10,"street":"EASTSHORE HWY","side":"L","zone":"M","cat":"man","placement":"curb","width_source":"gis"}},{"type":"Feature","geometry":{"type":"Polygon","coordinates":[[[-122.30695403517262,37.87892833307084],[-122.3069596601379,37.87894703850614],[-122.30694280343444,37.87895022313556],[-122.30693717847322,37.8789315176995],[-122.30695403517262,37.87892833307084]]]},"properties":{"face":"1409L","n":11,"street":"EASTSHORE HWY","side":"L","zone":"M","cat":"man","placement":"curb","width_source":"gis"}},{"type":"Feature","geometry":{"type":"Polygon","coordinates":[[[-122.3069765350504,37.879003154810256],[-122.30698216002679,37.879021860244364],[-122.30696530330714,37.87902504487682],[-122.30695967833482,37.87900633944195],[-122.3069765350504,37.879003154810256]]]},"properties":{"face":"1409L","n":12,"street":"EASTSHORE HWY","side":"L","zone":"M","cat":"man","placement":"curb","width_source":"gis"}},{"type":"Feature","geometry":{"type":"Polygon","coordinates":[[[-122.30701590994336,37.8791340928427],[-122.3070215349392,37.87915279827471],[-122.30700467819123,37.879155982912444],[-122.30699905319948,37.87913727747969],[-122.30701590994336,37.8791340928427]]]},"properties":{"face":"1409L","n":13,"street":"EASTSHORE HWY","side":"L","zone":"M","cat":"man","placement":"curb","width_source":"gis"}},{"type":"Feature","geometry":{"type":"Polygon","coordinates":[[[-122.30704965995992,37.87924632543023],[-122.30705528497239,37.87926503086043],[-122.30703842820016,37.87926821550272],[-122.30703280319173,37.879249510071745],[-122.30704965995992,37.87924632543023]]]},"properties":{"face":"1409L","n":14,"street":"EASTSHORE HWY","side":"L","zone":"M","cat":"man","placement":"curb","width_source":"gis"}},{"type":"Feature","geometry":{"type":"Polygon","coordinates":[[[-122.30708341007639,37.87935855800695],[-122.3070890351055,37.879377263435345],[-122.307072178309,37.87938044808217],[-122.30706655328393,37.879361742653],[-122.30708341007639,37.87935855800695]]]},"properties":{"face":"1409L","n":15,"street":"EASTSHORE HWY","side":"L","zone":"M","cat":"man","placement":"curb","width_source":"gis"}},{"type":"Feature","geometry":{"type":"Polygon","coordinates":[[[-122.30709466013742,37.879395968863456],[-122.3071002851721,37.87941467429126],[-122.3070834283675,37.87941785893959],[-122.30707780333687,37.87939915351103],[-122.30709466013742,37.879395968863456]]]},"properties":{"face":"1409L","n":16,"street":"EASTSHORE HWY","side":"L","zone":"M","cat":"man","placement":"curb","width_source":"gis"}},{"type":"Feature","geometry":{"type":"Polygon","coordinates":[[[-122.3071171602928,37.87947079057287],[-122.30712278533859,37.879489495999465],[-122.3071059285178,37.87949268065083],[-122.30710030347605,37.879473975223455],[-122.3071171602928,37.87947079057287]]]},"properties":{"face":"1409L","n":17,"street":"EASTSHORE HWY","side":"L","zone":"M","cat":"man","placement":"curb","width_source":"gis"}},{"type":"Feature","geometry":{"type":"Polygon","coordinates":[[[-122.30719028610451,37.8797139610953],[-122.3071959111864,37.87973266651799],[-122.307179054313,37.87973585117918],[-122.30717342923518,37.87971714575572],[-122.30719028610451,37.8797139610953]]]},"properties":{"face":"1409L","n":18,"street":"EASTSHORE HWY","side":"L","zone":"M","cat":"man","placement":"curb","width_source":"gis"}},{"type":"Feature","geometry":{"type":"Polygon","coordinates":[[[-122.30722403663741,37.87982619362698],[-122.30722966173593,37.87984489904789],[-122.30721280483829,37.879848083713604],[-122.30720717974378,37.87982937829195],[-122.30722403663741,37.87982619362698]]]},"properties":{"face":"1409L","n":19,"street":"EASTSHORE HWY","side":"L","zone":"M","cat":"man","placement":"curb","width_source":"gis"}},{"type":"Feature","geometry":{"type":"Polygon","coordinates":[[[-122.30725778727023,37.87993842614788],[-122.30726341238542,37.879957131566975],[-122.30724655546346,37.87996031623724],[-122.30724093035235,37.87994161081737],[-122.30725778727023,37.87993842614788]]]},"properties":{"face":"1409L","n":20,"street":"EASTSHORE HWY","side":"L","zone":"M","cat":"man","placement":"curb","width_source":"gis"}},{"type":"Feature","geometry":{"type":"Polygon","coordinates":[[[-122.30732346028651,37.880167224869936],[-122.30732849571147,37.88018603556186],[-122.30731154386686,37.88018888636875],[-122.30730650844602,37.88017007567615],[-122.30732346028651,37.880167224869936]]]},"properties":{"face":"1465L","n":1,"street":"EASTSHORE HWY","side":"L","zone":"M","cat":"man","placement":"curb","width_source":"osm-building"}},{"type":"Feature","geometry":{"type":"Polygon","coordinates":[[[-122.30732849571147,37.88018603556186],[-122.30733353113894,37.88020484625353],[-122.30731657929017,37.880207697061095],[-122.30731154386686,37.88018888636875],[-122.30732849571147,37.88018603556186]]]},"properties":{"face":"1465L","n":2,"street":"EASTSHORE HWY","side":"L","zone":"M","cat":"man","placement":"curb","width_source":"osm-building"}},{"type":"Feature","geometry":{"type":"Polygon","coordinates":[[[-122.30733353113894,37.88020484625353],[-122.3073385665689,37.88022365694495],[-122.307321614716,37.880226507753186],[-122.30731657929017,37.880207697061095],[-122.30733353113894,37.88020484625353]]]},"properties":{"face":"1465L","n":3,"street":"EASTSHORE HWY","side":"L","zone":"M","cat":"man","placement":"curb","width_source":"osm-building"}},{"type":"Feature","geometry":{"type":"Polygon","coordinates":[[[-122.3073385665689,37.88022365694495],[-122.30734360200135,37.88024246763611],[-122.30732665014429,37.880245318445034],[-122.307321614716,37.880226507753186],[-122.3073385665689,37.88022365694495]]]},"properties":{"face":"1465L","n":4,"street":"EASTSHORE HWY","side":"L","zone":"M","cat":"man","placement":"curb","width_source":"osm-building"}},{"type":"Feature","geometry":{"type":"Polygon","coordinates":[[[-122.30734360200135,37.88024246763611],[-122.30734863743626,37.88026127832703],[-122.30733168557508,37.88026412913663],[-122.30732665014429,37.880245318445034],[-122.30734360200135,37.88024246763611]]]},"properties":{"face":"1465L","n":5,"street":"EASTSHORE HWY","side":"L","zone":"M","cat":"man","placement":"curb","width_source":"osm-building"}},{"type":"Feature","geometry":{"type":"Polygon","coordinates":[[[-122.30734863743626,37.88026127832703],[-122.30735367287369,37.8802800890177],[-122.30733672100837,37.880282939827964],[-122.30733168557508,37.88026412913663],[-122.30734863743626,37.88026127832703]]]},"properties":{"face":"1465L","n":6,"street":"EASTSHORE HWY","side":"L","zone":"M","cat":"man","placement":"curb","width_source":"osm-building"}},{"type":"Feature","geometry":{"type":"Polygon","coordinates":[[[-122.30735367287369,37.8802800890177],[-122.30735870831361,37.880298899708116],[-122.30734175644415,37.88030175051906],[-122.30733672100837,37.880282939827964],[-122.30735367287369,37.8802800890177]]]},"properties":{"face":"1465L","n":7,"street":"EASTSHORE HWY","side":"L","zone":"M","cat":"man","placement":"curb","width_source":"osm-building"}},{"type":"Feature","geometry":{"type":"Polygon","coordinates":[[[-122.30735870831361,37.880298899708116],[-122.307363743756,37.88031771039828],[-122.30734679188241,37.880320561209906],[-122.30734175644415,37.88030175051906],[-122.30735870831361,37.880298899708116]]]},"properties":{"face":"1465L","n":8,"street":"EASTSHORE HWY","side":"L","zone":"M","cat":"man","placement":"curb","width_source":"osm-building"}},{"type":"Feature","geometry":{"type":"Polygon","coordinates":[[[-122.307363743756,37.88031771039828],[-122.30736877920091,37.8803365210882],[-122.30735182732317,37.88033937190048],[-122.30734679188241,37.880320561209906],[-122.307363743756,37.88031771039828]]]},"properties":{"face":"1465L","n":9,"street":"EASTSHORE HWY","side":"L","zone":"M","cat":"man","placement":"curb","width_source":"osm-building"}},{"type":"Feature","geometry":{"type":"Polygon","coordinates":[[[-122.30736877920091,37.8803365210882],[-122.30737381464829,37.88035533177787],[-122.3073568627664,37.88035818259084],[-122.30735182732317,37.88033937190048],[-122.30736877920091,37.8803365210882]]]},"properties":{"face":"1465L","n":10,"street":"EASTSHORE HWY","side":"L","zone":"M","cat":"man","placement":"curb","width_source":"osm-building"}},{"type":"Feature","geometry":{"type":"Polygon","coordinates":[[[-122.30737381464829,37.88035533177787],[-122.30737885009816,37.88037414246729],[-122.30736189821215,37.88037699328093],[-122.3073568627664,37.88035818259084],[-122.30737381464829,37.88035533177787]]]},"properties":{"face":"1465L","n":11,"street":"EASTSHORE HWY","side":"L","zone":"M","cat":"man","placement":"curb","width_source":"osm-building"}},{"type":"Feature","geometry":{"type":"Polygon","coordinates":[[[-122.30737885009816,37.88037414246729],[-122.30738388555052,37.88039295315646],[-122.30736693366036,37.88039580397077],[-122.30736189821215,37.88037699328093],[-122.30737885009816,37.88037414246729]]]},"properties":{"face":"1465L","n":12,"street":"EASTSHORE HWY","side":"L","zone":"M","cat":"man","placement":"curb","width_source":"osm-building"}},{"type":"Feature","geometry":{"type":"Polygon","coordinates":[[[-122.30738388555052,37.88039295315646],[-122.30738892100538,37.88041176384537],[-122.30737196911107,37.880414614660374],[-122.30736693366036,37.88039580397077],[-122.30738388555052,37.88039295315646]]]},"properties":{"face":"1465L","n":13,"street":"EASTSHORE HWY","side":"L","zone":"M","cat":"man","placement":"curb","width_source":"osm-building"}},{"type":"Feature","geometry":{"type":"Polygon","coordinates":[[[-122.30738892100538,37.88041176384537],[-122.30739395646273,37.88043057453404],[-122.30737700456429,37.88043342534971],[-122.30737196911107,37.880414614660374],[-122.30738892100538,37.88041176384537]]]},"properties":{"face":"1465L","n":14,"street":"EASTSHORE HWY","side":"L","zone":"M","cat":"man","placement":"curb","width_source":"osm-building"}},{"type":"Feature","geometry":{"type":"Polygon","coordinates":[[[-122.30739395646273,37.88043057453404],[-122.30739899192258,37.88044938522245],[-122.30738204001999,37.8804522360388],[-122.30737700456429,37.88043342534971],[-122.30739395646273,37.88043057453404]]]},"properties":{"face":"1465L","n":15,"street":"EASTSHORE HWY","side":"L","zone":"M","cat":"man","placement":"curb","width_source":"osm-building"}},{"type":"Feature","geometry":{"type":"Polygon","coordinates":[[[-122.30739899192258,37.88044938522245],[-122.30740402738489,37.880468195910616],[-122.30738707547818,37.88047104672764],[-122.30738204001999,37.8804522360388],[-122.30739899192258,37.88044938522245]]]},"properties":{"face":"1465L","n":16,"street":"EASTSHORE HWY","side":"L","zone":"M","cat":"man","placement":"curb","width_source":"osm-building"}},{"type":"Feature","geometry":{"type":"Polygon","coordinates":[[[-122.30740402738489,37.880468195910616],[-122.30740906284973,37.88048700659853],[-122.30739211093886,37.88048985741623],[-122.30738707547818,37.88047104672764],[-122.30740402738489,37.880468195910616]]]},"properties":{"face":"1465L","n":17,"street":"EASTSHORE HWY","side":"L","zone":"M","cat":"man","placement":"curb","width_source":"osm-building"}},{"type":"Feature","geometry":{"type":"Polygon","coordinates":[[[-122.30740906284973,37.88048700659853],[-122.30741409831703,37.88050581728619],[-122.30739714640204,37.88050866810457],[-122.30739211093886,37.88048985741623],[-122.30740906284973,37.88048700659853]]]},"properties":{"face":"1465L","n":18,"street":"EASTSHORE HWY","side":"L","zone":"M","cat":"man","placement":"curb","width_source":"osm-building"}},{"type":"Feature","geometry":{"type":"Polygon","coordinates":[[[-122.30741409831703,37.88050581728619],[-122.30741913378682,37.880524627973614],[-122.30740218186769,37.880527478792665],[-122.30739714640204,37.88050866810457],[-122.30741409831703,37.88050581728619]]]},"properties":{"face":"1465L","n":19,"street":"EASTSHORE HWY","side":"L","zone":"M","cat":"man","placement":"curb","width_source":"osm-building"}},{"type":"Feature","geometry":{"type":"Polygon","coordinates":[[[-122.30742416925911,37.88054343866077],[-122.3074292047339,37.88056224934769],[-122.30741225280649,37.8805651001681],[-122.30740721733585,37.88054628948049],[-122.30742416925911,37.88054343866077]]]},"properties":{"face":"1465L","n":20,"street":"EASTSHORE HWY","side":"L","zone":"M","cat":"man","placement":"curb","width_source":"osm-building"}},{"type":"Feature","geometry":{"type":"Polygon","coordinates":[[[-122.3074292047339,37.88056224934769],[-122.30743424021117,37.88058106003435],[-122.30741728827961,37.88058391085542],[-122.30741225280649,37.8805651001681],[-122.3074292047339,37.88056224934769]]]},"properties":{"face":"1465L","n":21,"street":"EASTSHORE HWY","side":"L","zone":"M","cat":"man","placement":"curb","width_source":"osm-building"}},{"type":"Feature","geometry":{"type":"Polygon","coordinates":[[[-122.30743424021117,37.88058106003435],[-122.30743927569094,37.88059987072077],[-122.30742232375523,37.88060272154253],[-122.30741728827961,37.88058391085542],[-122.30743424021117,37.88058106003435]]]},"properties":{"face":"1465L","n":22,"street":"EASTSHORE HWY","side":"L","zone":"M","cat":"man","placement":"curb","width_source":"osm-building"}},{"type":"Feature","geometry":{"type":"Polygon","coordinates":[[[-122.30743927569094,37.88059987072077],[-122.3074443111732,37.880618681406936],[-122.30742735923334,37.88062153222937],[-122.30742232375523,37.88060272154253],[-122.30743927569094,37.88059987072077]]]},"properties":{"face":"1465L","n":23,"street":"EASTSHORE HWY","side":"L","zone":"M","cat":"man","placement":"curb","width_source":"osm-building"}},{"type":"Feature","geometry":{"type":"Polygon","coordinates":[[[-122.3074443111732,37.880618681406936],[-122.30744934665793,37.880637492092845],[-122.30743239471396,37.880640342915946],[-122.30742735923334,37.88062153222937],[-122.3074443111732,37.880618681406936]]]},"properties":{"face":"1465L","n":24,"street":"EASTSHORE HWY","side":"L","zone":"M","cat":"man","placement":"curb","width_source":"osm-building"}},{"type":"Feature","geometry":{"type":"Polygon","coordinates":[[[-122.30744934665793,37.880637492092845],[-122.30745438214518,37.88065630277852],[-122.30743743019706,37.880659153602295],[-122.30743239471396,37.880640342915946],[-122.30744934665793,37.880637492092845]]]},"properties":{"face":"1465L","n":25,"street":"EASTSHORE HWY","side":"L","zone":"M","cat":"man","placement":"curb","width_source":"osm-building"}},{"type":"Feature","geometry":{"type":"Polygon","coordinates":[[[-122.30745438214518,37.88065630277852],[-122.3074594176349,37.88067511346392],[-122.30744246568263,37.88067796428838],[-122.30743743019706,37.880659153602295],[-122.30745438214518,37.88065630277852]]]},"properties":{"face":"1465L","n":26,"street":"EASTSHORE HWY","side":"L","zone":"M","cat":"man","placement":"curb","width_source":"osm-building"}},{"type":"Feature","geometry":{"type":"Polygon","coordinates":[[[-122.3074594176349,37.88067511346392],[-122.30746445312711,37.880693924149085],[-122.30744750117071,37.880696774974226],[-122.30744246568263,37.88067796428838],[-122.3074594176349,37.88067511346392]]]},"properties":{"face":"1465L","n":27,"street":"EASTSHORE HWY","side":"L","zone":"M","cat":"man","placement":"curb","width_source":"osm-building"}},{"type":"Feature","geometry":{"type":"Polygon","coordinates":[[[-122.30746445312711,37.880693924149085],[-122.30746948862182,37.880712734833985],[-122.30745253666127,37.880715585659814],[-122.30744750117071,37.880696774974226],[-122.30746445312711,37.880693924149085]]]},"properties":{"face":"1465L","n":28,"street":"EASTSHORE HWY","side":"L","zone":"M","cat":"man","placement":"curb","width_source":"osm-building"}},{"type":"Feature","geometry":{"type":"Polygon","coordinates":[[[-122.30746948862182,37.880712734833985],[-122.30747452411902,37.880731545518664],[-122.30745757215433,37.88073439634515],[-122.30745253666127,37.880715585659814],[-122.30746948862182,37.880712734833985]]]},"properties":{"face":"1465L","n":29,"street":"EASTSHORE HWY","side":"L","zone":"M","cat":"man","placement":"curb","width_source":"osm-building"}},{"type":"Feature","geometry":{"type":"Polygon","coordinates":[[[-122.3074795596187,37.880750356203066],[-122.30748459512088,37.88076916688725],[-122.30746764314792,37.88077201771507],[-122.30746260764987,37.88075320703024],[-122.3074795596187,37.880750356203066]]]},"properties":{"face":"1465L","n":30,"street":"EASTSHORE HWY","side":"L","zone":"M","cat":"man","placement":"curb","width_source":"osm-building"}},{"type":"Feature","geometry":{"type":"Polygon","coordinates":[[[-122.30748459512088,37.88076916688725],[-122.30748963062557,37.88078797757115],[-122.30747267864844,37.88079082839966],[-122.30746764314792,37.88077201771507],[-122.30748459512088,37.88076916688725]]]},"properties":{"face":"1465L","n":31,"street":"EASTSHORE HWY","side":"L","zone":"M","cat":"man","placement":"curb","width_source":"osm-building"}},{"type":"Feature","geometry":{"type":"Polygon","coordinates":[[[-122.30748963062557,37.88078797757115],[-122.30749466613271,37.8808067882548],[-122.30747771415146,37.88080963908399],[-122.30747267864844,37.88079082839966],[-122.30748963062557,37.88078797757115]]]},"properties":{"face":"1465L","n":32,"street":"EASTSHORE HWY","side":"L","zone":"M","cat":"man","placement":"curb","width_source":"osm-building"}},{"type":"Feature","geometry":{"type":"Polygon","coordinates":[[[-122.30749466613271,37.8808067882548],[-122.30749970164239,37.880825598938216],[-122.30748274965698,37.88082844976808],[-122.30747771415146,37.88080963908399],[-122.30749466613271,37.8808067882548]]]},"properties":{"face":"1465L","n":33,"street":"EASTSHORE HWY","side":"L","zone":"M","cat":"man","placement":"curb","width_source":"osm-building"}},{"type":"Feature","geometry":{"type":"Polygon","coordinates":[[[-122.30749970164239,37.880825598938216],[-122.30750473715452,37.88084440962138],[-122.30748778516497,37.88084726045193],[-122.30748274965698,37.88082844976808],[-122.30749970164239,37.880825598938216]]]},"properties":{"face":"1465L","n":34,"street":"EASTSHORE HWY","side":"L","zone":"M","cat":"man","placement":"curb","width_source":"osm-building"}},{"type":"Feature","geometry":{"type":"Polygon","coordinates":[[[-122.30750473715452,37.88084440962138],[-122.30750977266915,37.8808632203043],[-122.30749282067548,37.88086607113551],[-122.30748778516497,37.88084726045193],[-122.30750473715452,37.88084440962138]]]},"properties":{"face":"1465L","n":35,"street":"EASTSHORE HWY","side":"L","zone":"M","cat":"man","placement":"curb","width_source":"osm-building"}},{"type":"Feature","geometry":{"type":"Polygon","coordinates":[[[-122.30750977266915,37.8808632203043],[-122.30751480818627,37.88088203098696],[-122.30749785618845,37.88088488181886],[-122.30749282067548,37.88086607113551],[-122.30750977266915,37.8808632203043]]]},"properties":{"face":"1465L","n":36,"street":"EASTSHORE HWY","side":"L","zone":"M","cat":"man","placement":"curb","width_source":"osm-building"}},{"type":"Feature","geometry":{"type":"Polygon","coordinates":[[[-122.30751480818627,37.88088203098696],[-122.30751984370588,37.880900841669366],[-122.30750289170395,37.88090369250194],[-122.30749785618845,37.88088488181886],[-122.30751480818627,37.88088203098696]]]},"properties":{"face":"1465L","n":37,"street":"EASTSHORE HWY","side":"L","zone":"M","cat":"man","placement":"curb","width_source":"osm-building"}},{"type":"Feature","geometry":{"type":"Polygon","coordinates":[[[-122.30751984370588,37.880900841669366],[-122.30752487922798,37.88091965235153],[-122.3075079272219,37.88092250318477],[-122.30750289170395,37.88090369250194],[-122.30751984370588,37.880900841669366]]]},"properties":{"face":"1465L","n":38,"street":"EASTSHORE HWY","side":"L","zone":"M","cat":"man","placement":"curb","width_source":"osm-building"}},{"type":"Feature","geometry":{"type":"Polygon","coordinates":[[[-122.30752487922798,37.88091965235153],[-122.30752991475259,37.88093846303343],[-122.30751296274236,37.88094131386736],[-122.3075079272219,37.88092250318477],[-122.30752487922798,37.88091965235153]]]},"properties":{"face":"1465L","n":39,"street":"EASTSHORE HWY","side":"L","zone":"M","cat":"man","placement":"curb","width_source":"osm-building"}},{"type":"Feature","geometry":{"type":"Polygon","coordinates":[[[-122.30753495027966,37.88095727371508],[-122.30753998580924,37.8809760843965],[-122.30752303379073,37.880978935231774],[-122.30751799826531,37.88096012454969],[-122.30753495027966,37.88095727371508]]]},"properties":{"face":"1465L","n":40,"street":"EASTSHORE HWY","side":"L","zone":"M","cat":"man","placement":"curb","width_source":"osm-building"}},{"type":"Feature","geometry":{"type":"Polygon","coordinates":[[[-122.30753998580924,37.8809760843965],[-122.30754502134131,37.88099489507767],[-122.30752806931866,37.88099774591362],[-122.30752303379073,37.880978935231774],[-122.30753998580924,37.8809760843965]]]},"properties":{"face":"1465L","n":41,"street":"EASTSHORE HWY","side":"L","zone":"M","cat":"man","placement":"curb","width_source":"osm-building"}},{"type":"Feature","geometry":{"type":"Polygon","coordinates":[[[-122.30754502134131,37.88099489507767],[-122.30755005687588,37.88101370575856],[-122.30753310484909,37.88101655659519],[-122.30752806931866,37.88099774591362],[-122.30754502134131,37.88099489507767]]]},"properties":{"face":"1465L","n":42,"street":"EASTSHORE HWY","side":"L","zone":"M","cat":"man","placement":"curb","width_source":"osm-building"}},{"type":"Feature","geometry":{"type":"Polygon","coordinates":[[[-122.30755005687588,37.88101370575856],[-122.30755509241293,37.881032516439234],[-122.30753814038198,37.88103536727653],[-122.30753310484909,37.88101655659519],[-122.30755005687588,37.88101370575856]]]},"properties":{"face":"1465L","n":43,"street":"EASTSHORE HWY","side":"L","zone":"M","cat":"man","placement":"curb","width_source":"osm-building"}},{"type":"Feature","geometry":{"type":"Polygon","coordinates":[[[-122.30755509241293,37.881032516439234],[-122.30756012795247,37.88105132711966],[-122.3075431759174,37.881054177957616],[-122.30753814038198,37.88103536727653],[-122.30755509241293,37.881032516439234]]]},"properties":{"face":"1465L","n":44,"street":"EASTSHORE HWY","side":"L","zone":"M","cat":"man","placement":"curb","width_source":"osm-building"}},{"type":"Feature","geometry":{"type":"Polygon","coordinates":[[[-122.30756012795247,37.88105132711966],[-122.3075651634945,37.8810701377998],[-122.30754821145528,37.88107298863846],[-122.3075431759174,37.881054177957616],[-122.30756012795247,37.88105132711966]]]},"properties":{"face":"1465L","n":45,"street":"EASTSHORE HWY","side":"L","zone":"M","cat":"man","placement":"curb","width_source":"osm-building"}},{"type":"Feature","geometry":{"type":"Polygon","coordinates":[[[-122.3075651634945,37.8810701377998],[-122.30757019903902,37.881088948479714],[-122.30755324699567,37.881091799319044],[-122.30754821145528,37.88107298863846],[-122.3075651634945,37.8810701377998]]]},"properties":{"face":"1465L","n":46,"street":"EASTSHORE HWY","side":"L","zone":"M","cat":"man","placement":"curb","width_source":"osm-building"}},{"type":"Feature","geometry":{"type":"Polygon","coordinates":[[[-122.30757019903902,37.881088948479714],[-122.30757523458601,37.88110775915938],[-122.30755828253854,37.88111060999938],[-122.30755324699567,37.881091799319044],[-122.30757019903902,37.881088948479714]]]},"properties":{"face":"1465L","n":47,"street":"EASTSHORE HWY","side":"L","zone":"M","cat":"man","placement":"curb","width_source":"osm-building"}},{"type":"Feature","geometry":{"type":"Polygon","coordinates":[[[-122.30757523458601,37.88110775915938],[-122.30758027013553,37.88112656983877],[-122.3075633180839,37.88112942067945],[-122.30755828253854,37.88111060999938],[-122.30757523458601,37.88110775915938]]]},"properties":{"face":"1465L","n":48,"street":"EASTSHORE HWY","side":"L","zone":"M","cat":"man","placement":"curb","width_source":"osm-building"}},{"type":"Feature","geometry":{"type":"Polygon","coordinates":[[[-122.30759537679897,37.8811830018755],[-122.30760041235843,37.8812018125539],[-122.30758346029025,37.881204663397284],[-122.30757842473493,37.881185852718204],[-122.30759537679897,37.8811830018755]]]},"properties":{"face":"1465L","n":49,"street":"EASTSHORE HWY","side":"L","zone":"M","cat":"man","placement":"curb","width_source":"osm-building"}},{"type":"Feature","geometry":{"type":"Polygon","coordinates":[[[-122.30760544792041,37.88122062323205],[-122.30761048348484,37.88123943390997],[-122.30759353140837,37.8812422847547],[-122.30758849584807,37.881223474076116],[-122.30760544792041,37.88122062323205]]]},"properties":{"face":"1465L","n":50,"street":"EASTSHORE HWY","side":"L","zone":"M","cat":"man","placement":"curb","width_source":"osm-building"}},{"type":"Feature","geometry":{"type":"Polygon","coordinates":[[[-122.30761048348484,37.88123943390997],[-122.30761551905178,37.88125824458761],[-122.30759856697117,37.88126109543303],[-122.30759353140837,37.8812422847547],[-122.30761048348484,37.88123943390997]]]},"properties":{"face":"1465L","n":51,"street":"EASTSHORE HWY","side":"L","zone":"M","cat":"man","placement":"curb","width_source":"osm-building"}},{"type":"Feature","geometry":{"type":"Polygon","coordinates":[[[-122.30761551905178,37.88125824458761],[-122.30762055462121,37.88127705526502],[-122.30760360253646,37.88127990611112],[-122.30759856697117,37.88126109543303],[-122.30761551905178,37.88125824458761]]]},"properties":{"face":"1465L","n":52,"street":"EASTSHORE HWY","side":"L","zone":"M","cat":"man","placement":"curb","width_source":"osm-building"}},{"type":"Feature","geometry":{"type":"Polygon","coordinates":[[[-122.30762055462121,37.88127705526502],[-122.30762559019314,37.881295865942185],[-122.30760863810424,37.881298716788955],[-122.30760360253646,37.88127990611112],[-122.30762055462121,37.88127705526502]]]},"properties":{"face":"1465L","n":53,"street":"EASTSHORE HWY","side":"L","zone":"M","cat":"man","placement":"curb","width_source":"osm-building"}},{"type":"Feature","geometry":{"type":"Polygon","coordinates":[[[-122.30762559019314,37.881295865942185],[-122.30763062576753,37.8813146766191],[-122.30761367367451,37.881317527466535],[-122.30760863810424,37.881298716788955],[-122.30762559019314,37.881295865942185]]]},"properties":{"face":"1465L","n":54,"street":"EASTSHORE HWY","side":"L","zone":"M","cat":"man","placement":"curb","width_source":"osm-building"}},{"type":"Feature","geometry":{"type":"Polygon","coordinates":[[[-122.30763062576753,37.8813146766191],[-122.30763566134445,37.88133348729575],[-122.30761870924725,37.88133633814387],[-122.30761367367451,37.881317527466535],[-122.30763062576753,37.8813146766191]]]},"properties":{"face":"1465L","n":55,"street":"EASTSHORE HWY","side":"L","zone":"M","cat":"man","placement":"curb","width_source":"osm-building"}},{"type":"Feature","geometry":{"type":"Polygon","coordinates":[[[-122.30765076809008,37.881389919324214],[-122.30765580367695,37.88140872999987],[-122.30763885156321,37.88141158085069],[-122.3076338159805,37.88139277017436],[-122.30765076809008,37.881389919324214]]]},"properties":{"face":"1465L","n":56,"street":"EASTSHORE HWY","side":"L","zone":"M","cat":"man","placement":"curb","width_source":"osm-building"}},{"type":"Feature","geometry":{"type":"Polygon","coordinates":[[[-122.30766587485816,37.88144635135042],[-122.3076709104525,37.88146516202533],[-122.30765395832633,37.88146801287817],[-122.30764892273612,37.881449202202596],[-122.30766587485816,37.88144635135042]]]},"properties":{"face":"1465L","n":57,"street":"EASTSHORE HWY","side":"L","zone":"M","cat":"man","placement":"curb","width_source":"osm-building"}},{"type":"Feature","geometry":{"type":"Polygon","coordinates":[[[-122.30768098164864,37.88150278337438],[-122.30768601725045,37.88152159404854],[-122.30766906511185,37.88152444490342],[-122.3076640295142,37.881505634228574],[-122.30768098164864,37.88150278337438]]]},"properties":{"face":"1465L","n":58,"street":"EASTSHORE HWY","side":"L","zone":"M","cat":"man","placement":"curb","width_source":"osm-building"}},{"type":"Feature","geometry":{"type":"Polygon","coordinates":[[[-122.30768601725045,37.88152159404854],[-122.30769105285474,37.88154040472244],[-122.30767410071202,37.881543255577995],[-122.30766906511185,37.88152444490342],[-122.30768601725045,37.88152159404854]]]},"properties":{"face":"1465L","n":59,"street":"EASTSHORE HWY","side":"L","zone":"M","cat":"man","placement":"curb","width_source":"osm-building"}},{"type":"Feature","geometry":{"type":"Polygon","coordinates":[[[-122.30770615968258,37.88159683674265],[-122.30771119529685,37.88161564741556],[-122.30769424313758,37.88161849827381],[-122.30768920752745,37.88159968760022],[-122.30770615968258,37.88159683674265]]]},"properties":{"face":"1465L","n":60,"street":"EASTSHORE HWY","side":"L","zone":"M","cat":"man","placement":"curb","width_source":"osm-building"}},{"type":"Feature","geometry":{"type":"Polygon","coordinates":[[[-122.30772126653285,37.8816532687606],[-122.30772630215459,37.881672079432754],[-122.30770934998287,37.88167493029304],[-122.3077043143653,37.88165611962021],[-122.30772126653285,37.8816532687606]]]},"properties":{"face":"1465L","n":61,"street":"EASTSHORE HWY","side":"L","zone":"M","cat":"man","placement":"curb","width_source":"osm-building"}},{"type":"Feature","geometry":{"type":"Polygon","coordinates":[[[-122.30773637340552,37.88170970077631],[-122.30774140903472,37.881728511447704],[-122.30772445685061,37.88173136231001],[-122.30771942122556,37.881712551637946],[-122.30773637340552,37.88170970077631]]]},"properties":{"face":"1465L","n":62,"street":"EASTSHORE HWY","side":"L","zone":"M","cat":"man","placement":"curb","width_source":"osm-building"}},{"type":"Feature","geometry":{"type":"Polygon","coordinates":[[[-122.28247732085828,37.88134253559425],[-122.28245699242433,37.88135303146544],[-122.28244753359327,37.881341522698136],[-122.28246786202534,37.88133102682855],[-122.28247732085828,37.88134253559425]]]},"properties":{"face":"1507R","n":1,"street":"HOPKINS ST","side":"R","zone":"C-N","cat":"com","placement":"curb","width_source":"gis"}},{"type":"Feature","geometry":{"type":"Polygon","coordinates":[[[-122.28245699242433,37.88135303146544],[-122.28243666398464,37.88136352733303],[-122.28242720515546,37.881352018564144],[-122.28244753359327,37.881341522698136],[-122.28245699242433,37.88135303146544]]]},"properties":{"face":"1507R","n":2,"street":"HOPKINS ST","side":"R","zone":"C-N","cat":"com","placement":"curb","width_source":"gis"}},{"type":"Feature","geometry":{"type":"Polygon","coordinates":[[[-122.28243666398464,37.88136352733303],[-122.28241633553922,37.88137402319703],[-122.2824068767119,37.88136251442655],[-122.28242720515546,37.881352018564144],[-122.28243666398464,37.88136352733303]]]},"properties":{"face":"1507R","n":3,"street":"HOPKINS ST","side":"R","zone":"C-N","cat":"com","placement":"curb","width_source":"gis"}},{"type":"Feature","geometry":{"type":"Polygon","coordinates":[[[-122.28241633553922,37.88137402319703],[-122.28239600708807,37.88138451905746],[-122.28238654826264,37.88137301028538],[-122.2824068767119,37.88136251442655],[-122.28241633553922,37.88137402319703]]]},"properties":{"face":"1507R","n":4,"street":"HOPKINS ST","side":"R","zone":"C-N","cat":"com","placement":"curb","width_source":"gis"}},{"type":"Feature","geometry":{"type":"Polygon","coordinates":[[[-122.28239600708807,37.88138451905746],[-122.28237567863117,37.8813950149143],[-122.28236621980761,37.881383506140615],[-122.28238654826264,37.88137301028538],[-122.28239600708807,37.88138451905746]]]},"properties":{"face":"1507R","n":5,"street":"HOPKINS ST","side":"R","zone":"C-N","cat":"com","placement":"curb","width_source":"gis"}},{"type":"Feature","geometry":{"type":"Polygon","coordinates":[[[-122.28237567863117,37.8813950149143],[-122.28235535016854,37.88140551076755],[-122.28234589134685,37.88139400199228],[-122.28236621980761,37.881383506140615],[-122.28237567863117,37.8813950149143]]]},"properties":{"face":"1507R","n":6,"street":"HOPKINS ST","side":"R","zone":"C-N","cat":"com","placement":"curb","width_source":"gis"}},{"type":"Feature","geometry":{"type":"Polygon","coordinates":[[[-122.2822537077693,37.881457989979985],[-122.28223337927224,37.8814684858117],[-122.2822239204618,37.881456977026865],[-122.282244248957,37.88144648119673],[-122.2822537077693,37.881457989979985]]]},"properties":{"face":"1507R","n":7,"street":"HOPKINS ST","side":"R","zone":"C-N","cat":"com","placement":"curb","width_source":"gis"}},{"type":"Feature","geometry":{"type":"Polygon","coordinates":[[[-122.28223337927224,37.8814684858117],[-122.28221305076944,37.88147898163984],[-122.28220359196088,37.881467472853394],[-122.2822239204618,37.881456977026865],[-122.28223337927224,37.8814684858117]]]},"properties":{"face":"1507R","n":8,"street":"HOPKINS ST","side":"R","zone":"C-N","cat":"com","placement":"curb","width_source":"gis"}},{"type":"Feature","geometry":{"type":"Polygon","coordinates":[[[-122.29231018521843,37.85703681894932],[-122.29228711249188,37.857042745275635],[-122.29228177349155,37.85702967850532],[-122.29230484621444,37.857023752180005],[-122.29231018521843,37.85703681894932]]]},"properties":{"face":"2136R","n":1,"street":"CARLETON ST","side":"R","zone":"MUR","cat":"mixres","placement":"building","width_source":"gis"}},{"type":"Feature","geometry":{"type":"Polygon","coordinates":[[[-122.29228711249188,37.857042745275635],[-122.29226403976169,37.857048671597376],[-122.29225870076505,37.857035604826066],[-122.29228177349155,37.85702967850532],[-122.29228711249188,37.857042745275635]]]},"properties":{"face":"2136R","n":2,"street":"CARLETON ST","side":"R","zone":"MUR","cat":"mixres","placement":"building","width_source":"gis"}},{"type":"Feature","geometry":{"type":"Polygon","coordinates":[[[-122.29226403976169,37.857048671597376],[-122.29224096702787,37.85705459791456],[-122.2922356280349,37.85704153114226],[-122.29225870076505,37.857035604826066],[-122.29226403976169,37.857048671597376]]]},"properties":{"face":"2136R","n":3,"street":"CARLETON ST","side":"R","zone":"MUR","cat":"mixres","placement":"building","width_source":"gis"}},{"type":"Feature","geometry":{"type":"Polygon","coordinates":[[[-122.29224096702787,37.85705459791456],[-122.29221789429042,37.85706052422717],[-122.29221255530113,37.85704745745388],[-122.2922356280349,37.85704153114226],[-122.29224096702787,37.85705459791456]]]},"properties":{"face":"2136R","n":4,"street":"CARLETON ST","side":"R","zone":"MUR","cat":"mixres","placement":"building","width_source":"gis"}},{"type":"Feature","geometry":{"type":"Polygon","coordinates":[[[-122.29221789429042,37.85706052422717],[-122.29219482154933,37.85706645053524],[-122.29218948256374,37.857053383760935],[-122.29221255530113,37.85704745745388],[-122.29221789429042,37.85706052422717]]]},"properties":{"face":"2136R","n":5,"street":"CARLETON ST","side":"R","zone":"MUR","cat":"mixres","placement":"building","width_source":"gis"}},{"type":"Feature","geometry":{"type":"Polygon","coordinates":[[[-122.29219482154933,37.85706645053524],[-122.29217174880463,37.85707237683872],[-122.29216640982271,37.85705931006343],[-122.29218948256374,37.857053383760935],[-122.29219482154933,37.85706645053524]]]},"properties":{"face":"2136R","n":6,"street":"CARLETON ST","side":"R","zone":"MUR","cat":"mixres","placement":"building","width_source":"gis"}},{"type":"Feature","geometry":{"type":"Polygon","coordinates":[[[-122.29217174880463,37.85707237683872],[-122.29214867605629,37.857078303137655],[-122.29214333707803,37.85706523636135],[-122.29216640982271,37.85705931006343],[-122.29217174880463,37.85707237683872]]]},"properties":{"face":"2136R","n":7,"street":"CARLETON ST","side":"R","zone":"MUR","cat":"mixres","placement":"building","width_source":"gis"}},{"type":"Feature","geometry":{"type":"Polygon","coordinates":[[[-122.29214867605629,37.857078303137655],[-122.29212560330431,37.857084229432],[-122.29212026432975,37.85707116265473],[-122.29214333707803,37.85706523636135],[-122.29214867605629,37.857078303137655]]]},"properties":{"face":"2136R","n":8,"street":"CARLETON ST","side":"R","zone":"MUR","cat":"mixres","placement":"building","width_source":"gis"}},{"type":"Feature","geometry":{"type":"Polygon","coordinates":[[[-122.29212560330431,37.857084229432],[-122.29210253054873,37.8570901557218],[-122.29209719157784,37.85707708894353],[-122.29212026432975,37.85707116265473],[-122.29212560330431,37.857084229432]]]},"properties":{"face":"2136R","n":9,"street":"CARLETON ST","side":"R","zone":"MUR","cat":"mixres","placement":"building","width_source":"gis"}},{"type":"Feature","geometry":{"type":"Polygon","coordinates":[[[-122.29210253054873,37.8570901557218],[-122.29207945778948,37.85709608200704],[-122.29207411882227,37.857083015227765],[-122.29209719157784,37.85707708894353],[-122.29210253054873,37.8570901557218]]]},"properties":{"face":"2136R","n":10,"street":"CARLETON ST","side":"R","zone":"MUR","cat":"mixres","placement":"building","width_source":"gis"}},{"type":"Feature","geometry":{"type":"Polygon","coordinates":[[[-122.29207945778948,37.85709608200704],[-122.29205638502661,37.857102008287704],[-122.29205104606311,37.857088941507435],[-122.29207411882227,37.857083015227765],[-122.29207945778948,37.85709608200704]]]},"properties":{"face":"2136R","n":11,"street":"CARLETON ST","side":"R","zone":"MUR","cat":"mixres","placement":"building","width_source":"gis"}},{"type":"Feature","geometry":{"type":"Polygon","coordinates":[[[-122.29205638502661,37.857102008287704],[-122.29203331226014,37.8571079345638],[-122.29202797330029,37.857094867782536],[-122.29205104606311,37.857088941507435],[-122.29205638502661,37.857102008287704]]]},"properties":{"face":"2136R","n":12,"street":"CARLETON ST","side":"R","zone":"MUR","cat":"mixres","placement":"building","width_source":"gis"}},{"type":"Feature","geometry":{"type":"Polygon","coordinates":[[[-122.29203331226014,37.8571079345638],[-122.29201023949,37.857113860835355],[-122.29200490053384,37.857100794053075],[-122.29202797330029,37.857094867782536],[-122.29203331226014,37.8571079345638]]]},"properties":{"face":"2136R","n":13,"street":"CARLETON ST","side":"R","zone":"MUR","cat":"mixres","placement":"building","width_source":"gis"}},{"type":"Feature","geometry":{"type":"Polygon","coordinates":[[[-122.29201023949,37.857113860835355],[-122.29198716671625,37.857119787102334],[-122.29198182776375,37.85710672031906],[-122.29200490053384,37.857100794053075],[-122.29201023949,37.857113860835355]]]},"properties":{"face":"2136R","n":14,"street":"CARLETON ST","side":"R","zone":"MUR","cat":"mixres","placement":"building","width_source":"gis"}},{"type":"Feature","geometry":{"type":"Polygon","coordinates":[[[-122.29198716671625,37.857119787102334],[-122.29196409393889,37.857125713364745],[-122.29195875499005,37.85711264658048],[-122.29198182776375,37.85710672031906],[-122.29198716671625,37.857119787102334]]]},"properties":{"face":"2136R","n":15,"street":"CARLETON ST","side":"R","zone":"MUR","cat":"mixres","placement":"building","width_source":"gis"}},{"type":"Feature","geometry":{"type":"Polygon","coordinates":[[[-122.29623554664424,37.85608269786154],[-122.29621241703683,37.85608848241148],[-122.29620720583027,37.85607538325689],[-122.29623033543398,37.85606959870792],[-122.29623554664424,37.85608269786154]]]},"properties":{"face":"2150R","n":1,"street":"CARLETON ST","side":"R","zone":"MM","cat":"man","placement":"curb","width_source":"gis"}},{"type":"Feature","geometry":{"type":"Polygon","coordinates":[[[-122.2961430281933,37.8561058360338],[-122.29611989857167,37.85611162056539],[-122.29611468738001,37.85609852140693],[-122.2961378169979,37.856092736876285],[-122.2961430281933,37.8561058360338]]]},"properties":{"face":"2150R","n":2,"street":"CARLETON ST","side":"R","zone":"MM","cat":"man","placement":"curb","width_source":"gis"}},{"type":"Feature","geometry":{"type":"Polygon","coordinates":[[[-122.29611989857167,37.85611162056539],[-122.29609676894651,37.85611740509243],[-122.29609155775854,37.856104305932966],[-122.29611468738001,37.85609852140693],[-122.29611989857167,37.85611162056539]]]},"properties":{"face":"2150R","n":3,"street":"CARLETON ST","side":"R","zone":"MM","cat":"man","placement":"curb","width_source":"gis"}},{"type":"Feature","geometry":{"type":"Polygon","coordinates":[[[-122.29609676894651,37.85611740509243],[-122.2960736393178,37.85612318961486],[-122.29606842813355,37.856110090454415],[-122.29609155775854,37.856104305932966],[-122.29609676894651,37.85611740509243]]]},"properties":{"face":"2150R","n":4,"street":"CARLETON ST","side":"R","zone":"MM","cat":"man","placement":"curb","width_source":"gis"}},{"type":"Feature","geometry":{"type":"Polygon","coordinates":[[[-122.2960736393178,37.85612318961486],[-122.29605050968551,37.8561289741327],[-122.29604529850499,37.856115874971294],[-122.29606842813355,37.856110090454415],[-122.2960736393178,37.85612318961486]]]},"properties":{"face":"2150R","n":5,"street":"CARLETON ST","side":"R","zone":"MM","cat":"man","placement":"curb","width_source":"gis"}},{"type":"Feature","geometry":{"type":"Polygon","coordinates":[[[-122.29605050968551,37.8561289741327],[-122.29602738004971,37.856134758645965],[-122.2960221688729,37.85612165948359],[-122.29604529850499,37.856115874971294],[-122.29605050968551,37.8561289741327]]]},"properties":{"face":"2150R","n":6,"street":"CARLETON ST","side":"R","zone":"MM","cat":"man","placement":"curb","width_source":"gis"}},{"type":"Feature","geometry":{"type":"Polygon","coordinates":[[[-122.29602738004971,37.856134758645965],[-122.29600425041033,37.85614054315464],[-122.29599903923724,37.856127443991284],[-122.2960221688729,37.85612165948359],[-122.29602738004971,37.856134758645965]]]},"properties":{"face":"2150R","n":7,"street":"CARLETON ST","side":"R","zone":"MM","cat":"man","placement":"curb","width_source":"gis"}},{"type":"Feature","geometry":{"type":"Polygon","coordinates":[[[-122.29600425041033,37.85614054315464],[-122.29598112076741,37.85614632765873],[-122.29597590959804,37.85613322849441],[-122.29599903923724,37.856127443991284],[-122.29600425041033,37.85614054315464]]]},"properties":{"face":"2150R","n":8,"street":"CARLETON ST","side":"R","zone":"MM","cat":"man","placement":"curb","width_source":"gis"}},{"type":"Feature","geometry":{"type":"Polygon","coordinates":[[[-122.29598112076742,37.85614632765873],[-122.29595799112096,37.85615211215825],[-122.29595277995529,37.85613901299294],[-122.29597590959804,37.85613322849441],[-122.29598112076742,37.85614632765873]]]},"properties":{"face":"2150R","n":9,"street":"CARLETON ST","side":"R","zone":"MM","cat":"man","placement":"curb","width_source":"gis"}},{"type":"Feature","geometry":{"type":"Polygon","coordinates":[[[-122.29595799112093,37.85615211215825],[-122.29593486147093,37.85615789665316],[-122.29592965030899,37.85614479748688],[-122.29595277995529,37.85613901299294],[-122.29595799112093,37.85615211215825]]]},"properties":{"face":"2150R","n":10,"street":"CARLETON ST","side":"R","zone":"MM","cat":"man","placement":"curb","width_source":"gis"}},{"type":"Feature","geometry":{"type":"Polygon","coordinates":[[[-122.29593486147093,37.85615789665316],[-122.29591173181736,37.8561636811435],[-122.29590652065914,37.856150581976244],[-122.29592965030899,37.85614479748688],[-122.29593486147093,37.85615789665316]]]},"properties":{"face":"2150R","n":11,"street":"CARLETON ST","side":"R","zone":"MM","cat":"man","placement":"curb","width_source":"gis"}},{"type":"Feature","geometry":{"type":"Polygon","coordinates":[[[-122.29591173181736,37.8561636811435],[-122.29588860216022,37.85616946562925],[-122.29588339100575,37.85615636646102],[-122.29590652065914,37.856150581976244],[-122.29591173181736,37.8561636811435]]]},"properties":{"face":"2150R","n":12,"street":"CARLETON ST","side":"R","zone":"MM","cat":"man","placement":"curb","width_source":"gis"}},{"type":"Feature","geometry":{"type":"Polygon","coordinates":[[[-122.29588860216022,37.85616946562925],[-122.29586547249956,37.85617525011041],[-122.29586026134879,37.856162150941216],[-122.29588339100575,37.85615636646102],[-122.29588860216022,37.85616946562925]]]},"properties":{"face":"2150R","n":13,"street":"CARLETON ST","side":"R","zone":"MM","cat":"man","placement":"curb","width_source":"gis"}},{"type":"Feature","geometry":{"type":"Polygon","coordinates":[[[-122.29586547249956,37.85617525011041],[-122.29584234283534,37.856181034587],[-122.29583713168827,37.85616793541681],[-122.29586026134879,37.856162150941216],[-122.29586547249956,37.85617525011041]]]},"properties":{"face":"2150R","n":14,"street":"CARLETON ST","side":"R","zone":"MM","cat":"man","placement":"curb","width_source":"gis"}},{"type":"Feature","geometry":{"type":"Polygon","coordinates":[[[-122.29584234283534,37.856181034587],[-122.29581921316758,37.85618681905899],[-122.29581400202422,37.85617371988785],[-122.29583713168827,37.85616793541681],[-122.29584234283534,37.856181034587]]]},"properties":{"face":"2150R","n":15,"street":"CARLETON ST","side":"R","zone":"MM","cat":"man","placement":"curb","width_source":"gis"}},{"type":"Feature","geometry":{"type":"Polygon","coordinates":[[[-122.29581921316758,37.85618681905899],[-122.29579608349624,37.85619260352642],[-122.29579087235663,37.85617950435427],[-122.29581400202422,37.85617371988785],[-122.29581921316758,37.85618681905899]]]},"properties":{"face":"2150R","n":16,"street":"CARLETON ST","side":"R","zone":"MM","cat":"man","placement":"curb","width_source":"gis"}},{"type":"Feature","geometry":{"type":"Polygon","coordinates":[[[-122.29579608349624,37.85619260352642],[-122.29577295382138,37.85619838798924],[-122.29576774268546,37.85618528881613],[-122.2957908723566,37.85617950435427],[-122.29579608349624,37.85619260352642]]]},"properties":{"face":"2150R","n":17,"street":"CARLETON ST","side":"R","zone":"MM","cat":"man","placement":"curb","width_source":"gis"}},{"type":"Feature","geometry":{"type":"Polygon","coordinates":[[[-122.29577295382138,37.85619838798924],[-122.29574982414294,37.85620417244748],[-122.29574461301077,37.85619107327339],[-122.29576774268546,37.85618528881613],[-122.29577295382138,37.85619838798924]]]},"properties":{"face":"2150R","n":18,"street":"CARLETON ST","side":"R","zone":"MM","cat":"man","placement":"curb","width_source":"gis"}},{"type":"Feature","geometry":{"type":"Polygon","coordinates":[[[-122.29574982414294,37.85620417244748],[-122.29572669446098,37.856209956901125],[-122.29572148333251,37.85619685772608],[-122.29574461301077,37.85619107327339],[-122.29574982414294,37.85620417244748]]]},"properties":{"face":"2150R","n":19,"street":"CARLETON ST","side":"R","zone":"MM","cat":"man","placement":"curb","width_source":"gis"}},{"type":"Feature","geometry":{"type":"Polygon","coordinates":[[[-122.29572669446098,37.856209956901125],[-122.29570356477545,37.8562157413502],[-122.29569835365069,37.85620264217419],[-122.29572148333251,37.85619685772608],[-122.29572669446098,37.856209956901125]]]},"properties":{"face":"2150R","n":20,"street":"CARLETON ST","side":"R","zone":"MM","cat":"man","placement":"curb","width_source":"gis"}},{"type":"Feature","geometry":{"type":"Polygon","coordinates":[[[-122.29570356477545,37.8562157413502],[-122.29568043508637,37.85622152579468],[-122.29567522396535,37.85620842661769],[-122.29569835365069,37.85620264217419],[-122.29570356477545,37.8562157413502]]]},"properties":{"face":"2150R","n":21,"street":"CARLETON ST","side":"R","zone":"MM","cat":"man","placement":"curb","width_source":"gis"}},{"type":"Feature","geometry":{"type":"Polygon","coordinates":[[[-122.29568043508637,37.85622152579468],[-122.29565730539373,37.85622731023458],[-122.29565209427643,37.85621421105662],[-122.29567522396535,37.85620842661769],[-122.29568043508637,37.85622152579468]]]},"properties":{"face":"2150R","n":22,"street":"CARLETON ST","side":"R","zone":"MM","cat":"man","placement":"curb","width_source":"gis"}},{"type":"Feature","geometry":{"type":"Polygon","coordinates":[[[-122.29565730539373,37.85622731023458],[-122.29563417569757,37.85623309466989],[-122.29562896458398,37.856219995490946],[-122.29565209427643,37.85621421105662],[-122.29565730539373,37.85622731023458]]]},"properties":{"face":"2150R","n":23,"street":"CARLETON ST","side":"R","zone":"MM","cat":"man","placement":"curb","width_source":"gis"}},{"type":"Feature","geometry":{"type":"Polygon","coordinates":[[[-122.29563417569757,37.85623309466989],[-122.29561104599784,37.856238879100616],[-122.29560583488797,37.85622577992071],[-122.29562896458398,37.856219995490946],[-122.29563417569757,37.85623309466989]]]},"properties":{"face":"2150R","n":24,"street":"CARLETON ST","side":"R","zone":"MM","cat":"man","placement":"curb","width_source":"gis"}},{"type":"Feature","geometry":{"type":"Polygon","coordinates":[[[-122.29561104599784,37.856238879100616],[-122.29558791629455,37.856244663526766],[-122.2955827051884,37.85623156434588],[-122.29560583488797,37.85622577992071],[-122.29561104599784,37.856238879100616]]]},"properties":{"face":"2150R","n":25,"street":"CARLETON ST","side":"R","zone":"MM","cat":"man","placement":"curb","width_source":"gis"}},{"type":"Feature","geometry":{"type":"Polygon","coordinates":[[[-122.29558791629455,37.856244663526766],[-122.29556478658773,37.85625044794833],[-122.29555957548529,37.85623734876646],[-122.2955827051884,37.85623156434588],[-122.29558791629455,37.856244663526766]]]},"properties":{"face":"2150R","n":26,"street":"CARLETON ST","side":"R","zone":"MM","cat":"man","placement":"curb","width_source":"gis"}},{"type":"Feature","geometry":{"type":"Polygon","coordinates":[[[-122.29556478658773,37.85625044794833],[-122.29554165687736,37.8562562323653],[-122.29553644577864,37.85624313318245],[-122.29555957548529,37.85623734876646],[-122.29556478658773,37.85625044794833]]]},"properties":{"face":"2150R","n":27,"street":"CARLETON ST","side":"R","zone":"MM","cat":"man","placement":"curb","width_source":"gis"}},{"type":"Feature","geometry":{"type":"Polygon","coordinates":[[[-122.29554165687736,37.8562562323653],[-122.29551852716344,37.856262016777684],[-122.29551331606842,37.85624891759388],[-122.29553644577864,37.85624313318245],[-122.29554165687736,37.8562562323653]]]},"properties":{"face":"2150R","n":28,"street":"CARLETON ST","side":"R","zone":"MM","cat":"man","placement":"curb","width_source":"gis"}},{"type":"Feature","geometry":{"type":"Polygon","coordinates":[[[-122.29551852716344,37.856262016777684],[-122.29549539744595,37.85626780118549],[-122.29549018635468,37.85625470200069],[-122.29551331606842,37.85624891759388],[-122.29551852716344,37.856262016777684]]]},"properties":{"face":"2150R","n":29,"street":"CARLETON ST","side":"R","zone":"MM","cat":"man","placement":"curb","width_source":"gis"}},{"type":"Feature","geometry":{"type":"Polygon","coordinates":[[[-122.29549539744595,37.85626780118549],[-122.29547226772493,37.8562735855887],[-122.29546705663735,37.856260486402945],[-122.29549018635468,37.85625470200069],[-122.29549539744595,37.85626780118549]]]},"properties":{"face":"2150R","n":30,"street":"CARLETON ST","side":"R","zone":"MM","cat":"man","placement":"curb","width_source":"gis"}},{"type":"Feature","geometry":{"type":"Polygon","coordinates":[[[-122.29547226772493,37.8562735855887],[-122.29544913800035,37.85627936998734],[-122.2954439269165,37.8562662708006],[-122.29546705663735,37.856260486402945],[-122.29547226772493,37.8562735855887]]]},"properties":{"face":"2150R","n":31,"street":"CARLETON ST","side":"R","zone":"MM","cat":"man","placement":"curb","width_source":"gis"}},{"type":"Feature","geometry":{"type":"Polygon","coordinates":[[[-122.29544913800035,37.85627936998734],[-122.29542600827222,37.85628515438139],[-122.2954207971921,37.856272055193664],[-122.2954439269165,37.8562662708006],[-122.29544913800035,37.85627936998734]]]},"properties":{"face":"2150R","n":32,"street":"CARLETON ST","side":"R","zone":"MM","cat":"man","placement":"curb","width_source":"gis"}},{"type":"Feature","geometry":{"type":"Polygon","coordinates":[[[-122.29542600827222,37.85628515438139],[-122.29540287854054,37.85629093877085],[-122.29539766746413,37.85627783958217],[-122.2954207971921,37.856272055193664],[-122.29542600827222,37.85628515438139]]]},"properties":{"face":"2150R","n":33,"street":"CARLETON ST","side":"R","zone":"MM","cat":"man","placement":"curb","width_source":"gis"}},{"type":"Feature","geometry":{"type":"Polygon","coordinates":[[[-122.29540287854054,37.85629093877085],[-122.29537974880532,37.856296723155715],[-122.29537453773261,37.85628362396607],[-122.29539766746413,37.85627783958217],[-122.29540287854054,37.85629093877085]]]},"properties":{"face":"2150R","n":34,"street":"CARLETON ST","side":"R","zone":"MM","cat":"man","placement":"curb","width_source":"gis"}},{"type":"Feature","geometry":{"type":"Polygon","coordinates":[[[-122.29537974880532,37.856296723155715],[-122.29535661906652,37.856302507536014],[-122.29535140799754,37.85628940834538],[-122.29537453773261,37.85628362396607],[-122.29537974880532,37.856296723155715]]]},"properties":{"face":"2150R","n":35,"street":"CARLETON ST","side":"R","zone":"MM","cat":"man","placement":"curb","width_source":"gis"}},{"type":"Feature","geometry":{"type":"Polygon","coordinates":[[[-122.29535661906652,37.856302507536014],[-122.29533348932418,37.856308291911716],[-122.29532827825895,37.85629519272012],[-122.29535140799754,37.85628940834538],[-122.29535661906652,37.856302507536014]]]},"properties":{"face":"2150R","n":36,"street":"CARLETON ST","side":"R","zone":"MM","cat":"man","placement":"curb","width_source":"gis"}},{"type":"Feature","geometry":{"type":"Polygon","coordinates":[[[-122.29533348932418,37.856308291911716],[-122.2953103595783,37.856314076282835],[-122.29530514851677,37.85630097709026],[-122.29532827825895,37.85629519272012],[-122.29533348932418,37.856308291911716]]]},"properties":{"face":"2150R","n":37,"street":"CARLETON ST","side":"R","zone":"MM","cat":"man","placement":"curb","width_source":"gis"}},{"type":"Feature","geometry":{"type":"Polygon","coordinates":[[[-122.2953103595783,37.856314076282835],[-122.29528722982889,37.85631986064938],[-122.29528201877108,37.85630676145582],[-122.29530514851677,37.85630097709026],[-122.2953103595783,37.856314076282835]]]},"properties":{"face":"2150R","n":38,"street":"CARLETON ST","side":"R","zone":"MM","cat":"man","placement":"curb","width_source":"gis"}},{"type":"Feature","geometry":{"type":"Polygon","coordinates":[[[-122.29528722982889,37.85631986064938],[-122.2952641000759,37.85632564501133],[-122.29525888902181,37.85631254581679],[-122.29528201877108,37.85630676145582],[-122.29528722982889,37.85631986064938]]]},"properties":{"face":"2150R","n":39,"street":"CARLETON ST","side":"R","zone":"MM","cat":"man","placement":"curb","width_source":"gis"}},{"type":"Feature","geometry":{"type":"Polygon","coordinates":[[[-122.2952641000759,37.85632564501133],[-122.29524097031936,37.85633142936869],[-122.295235759269,37.85631833017319],[-122.29525888902181,37.85631254581679],[-122.2952641000759,37.85632564501133]]]},"properties":{"face":"2150R","n":40,"street":"CARLETON ST","side":"R","zone":"MM","cat":"man","placement":"curb","width_source":"gis"}},{"type":"Feature","geometry":{"type":"Polygon","coordinates":[[[-122.29517158102848,37.85634878241327],[-122.29514845125773,37.8563545667523],[-122.29514324022225,37.856341467552895],[-122.29516636998925,37.856335683214844],[-122.29517158102848,37.85634878241327]]]},"properties":{"face":"2150R","n":41,"street":"CARLETON ST","side":"R","zone":"MM","cat":"man","placement":"curb","width_source":"gis"}},{"type":"Feature","geometry":{"type":"Polygon","coordinates":[[[-122.29514845125773,37.8563545667523],[-122.29512532148345,37.85636035108674],[-122.29512011045168,37.856347251886355],[-122.29514324022225,37.856341467552895],[-122.29514845125773,37.8563545667523]]]},"properties":{"face":"2150R","n":42,"street":"CARLETON ST","side":"R","zone":"MM","cat":"man","placement":"curb","width_source":"gis"}},{"type":"Feature","geometry":{"type":"Polygon","coordinates":[[[-122.29512532148345,37.85636035108674],[-122.29510219170561,37.856366135416586],[-122.29509698067754,37.85635303621524],[-122.29512011045168,37.856347251886355],[-122.29512532148345,37.85636035108674]]]},"properties":{"face":"2150R","n":43,"street":"CARLETON ST","side":"R","zone":"MM","cat":"man","placement":"curb","width_source":"gis"}},{"type":"Feature","geometry":{"type":"Polygon","coordinates":[[[-122.29510219170561,37.856366135416586],[-122.29507906192424,37.856371919741854],[-122.29507385089988,37.85635882053952],[-122.29509698067754,37.85635303621524],[-122.29510219170561,37.856366135416586]]]},"properties":{"face":"2150R","n":44,"street":"CARLETON ST","side":"R","zone":"MM","cat":"man","placement":"curb","width_source":"gis"}},{"type":"Feature","geometry":{"type":"Polygon","coordinates":[[[-122.29507906192424,37.856371919741854],[-122.29505593213929,37.85637770406253],[-122.29505072111866,37.85636460485924],[-122.29507385089988,37.85635882053952],[-122.29507906192424,37.856371919741854]]]},"properties":{"face":"2150R","n":45,"street":"CARLETON ST","side":"R","zone":"MM","cat":"man","placement":"curb","width_source":"gis"}},{"type":"Feature","geometry":{"type":"Polygon","coordinates":[[[-122.29505593213929,37.85637770406253],[-122.29503280235082,37.856383488378626],[-122.29502759133389,37.85637038917437],[-122.29505072111866,37.85636460485924],[-122.29505593213929,37.85637770406253]]]},"properties":{"face":"2150R","n":46,"street":"CARLETON ST","side":"R","zone":"MM","cat":"man","placement":"curb","width_source":"gis"}},{"type":"Feature","geometry":{"type":"Polygon","coordinates":[[[-122.29503280235082,37.856383488378626],[-122.29500967255878,37.85638927269015],[-122.29500446154557,37.85637617348491],[-122.29502759133389,37.85637038917437],[-122.29503280235082,37.856383488378626]]]},"properties":{"face":"2150R","n":47,"street":"CARLETON ST","side":"R","zone":"MM","cat":"man","placement":"curb","width_source":"gis"}},{"type":"Feature","geometry":{"type":"Polygon","coordinates":[[[-122.29500967255878,37.85638927269015],[-122.29498654276318,37.85639505699709],[-122.29498133175372,37.85638195779085],[-122.29500446154557,37.85637617348491],[-122.29500967255878,37.85638927269015]]]},"properties":{"face":"2150R","n":48,"street":"CARLETON ST","side":"R","zone":"MM","cat":"man","placement":"curb","width_source":"gis"}},{"type":"Feature","geometry":{"type":"Polygon","coordinates":[[[-122.29498654276318,37.85639505699709],[-122.29496341296407,37.85640084129941],[-122.2949582019583,37.85638774209222],[-122.29498133175372,37.85638195779085],[-122.29498654276318,37.85639505699709]]]},"properties":{"face":"2150R","n":49,"street":"CARLETON ST","side":"R","zone":"MM","cat":"man","placement":"curb","width_source":"gis"}},{"type":"Feature","geometry":{"type":"Polygon","coordinates":[[[-122.29496341296407,37.85640084129941],[-122.29494028316137,37.856406625597174],[-122.29493507215933,37.856393526389],[-122.2949582019583,37.85638774209222],[-122.29496341296407,37.85640084129941]]]},"properties":{"face":"2150R","n":50,"street":"CARLETON ST","side":"R","zone":"MM","cat":"man","placement":"curb","width_source":"gis"}},{"type":"Feature","geometry":{"type":"Polygon","coordinates":[[[-122.29494028316137,37.856406625597174],[-122.29491715335513,37.85641240989034],[-122.2949119423568,37.856399310681205],[-122.29493507215933,37.856393526389],[-122.29494028316137,37.856406625597174]]]},"properties":{"face":"2150R","n":51,"street":"CARLETON ST","side":"R","zone":"MM","cat":"man","placement":"curb","width_source":"gis"}},{"type":"Feature","geometry":{"type":"Polygon","coordinates":[[[-122.29491715335513,37.85641240989034],[-122.29489402354535,37.85641819417893],[-122.29488881255075,37.85640509496881],[-122.2949119423568,37.856399310681205],[-122.29491715335513,37.85641240989034]]]},"properties":{"face":"2150R","n":52,"street":"CARLETON ST","side":"R","zone":"MM","cat":"man","placement":"curb","width_source":"gis"}},{"type":"Feature","geometry":{"type":"Polygon","coordinates":[[[-122.29489402354535,37.85641819417893],[-122.29487089373202,37.85642397846293],[-122.29486568274113,37.856410879251825],[-122.29488881255075,37.85640509496881],[-122.29489402354535,37.85641819417893]]]},"properties":{"face":"2150R","n":53,"street":"CARLETON ST","side":"R","zone":"MM","cat":"man","placement":"curb","width_source":"gis"}},{"type":"Feature","geometry":{"type":"Polygon","coordinates":[[[-122.29487089373202,37.85642397846293],[-122.29484776391512,37.856429762742344],[-122.29484255292795,37.85641666353027],[-122.29486568274113,37.856410879251825],[-122.29487089373202,37.85642397846293]]]},"properties":{"face":"2150R","n":54,"street":"CARLETON ST","side":"R","zone":"MM","cat":"man","placement":"curb","width_source":"gis"}},{"type":"Feature","geometry":{"type":"Polygon","coordinates":[[[-122.29484776391512,37.856429762742344],[-122.29482463409468,37.85643554701717],[-122.29481942311125,37.85642244780413],[-122.29484255292797,37.85641666353027],[-122.29484776391512,37.856429762742344]]]},"properties":{"face":"2150R","n":55,"street":"CARLETON ST","side":"R","zone":"MM","cat":"man","placement":"curb","width_source":"gis"}},{"type":"Feature","geometry":{"type":"Polygon","coordinates":[[[-122.29482463409468,37.85643554701717],[-122.2948015042707,37.856441331287414],[-122.29479629329097,37.8564282320734],[-122.29481942311125,37.85642244780413],[-122.29482463409468,37.85643554701717]]]},"properties":{"face":"2150R","n":56,"street":"CARLETON ST","side":"R","zone":"MM","cat":"man","placement":"curb","width_source":"gis"}},{"type":"Feature","geometry":{"type":"Polygon","coordinates":[[[-122.2948015042707,37.856441331287414],[-122.29477837444315,37.856447115553074],[-122.29477316346714,37.85643401633808],[-122.29479629329097,37.8564282320734],[-122.2948015042707,37.856441331287414]]]},"properties":{"face":"2150R","n":57,"street":"CARLETON ST","side":"R","zone":"MM","cat":"man","placement":"curb","width_source":"gis"}},{"type":"Feature","geometry":{"type":"Polygon","coordinates":[[[-122.29477837444315,37.856447115553074],[-122.29475524461206,37.85645289981414],[-122.29475003363979,37.856439800598174],[-122.29477316346714,37.85643401633808],[-122.29477837444315,37.856447115553074]]]},"properties":{"face":"2150R","n":58,"street":"CARLETON ST","side":"R","zone":"MM","cat":"man","placement":"curb","width_source":"gis"}},{"type":"Feature","geometry":{"type":"Polygon","coordinates":[[[-122.29475524461206,37.85645289981414],[-122.29473211477742,37.85645868407063],[-122.29472690380885,37.8564455848537],[-122.29475003363979,37.856439800598174],[-122.29475524461206,37.85645289981414]]]},"properties":{"face":"2150R","n":59,"street":"CARLETON ST","side":"R","zone":"MM","cat":"man","placement":"curb","width_source":"gis"}},{"type":"Feature","geometry":{"type":"Polygon","coordinates":[[[-122.29473211477742,37.85645868407063],[-122.29470898493923,37.85646446832252],[-122.29470377397439,37.85645136910462],[-122.29472690380885,37.8564455848537],[-122.29473211477742,37.85645868407063]]]},"properties":{"face":"2150R","n":60,"street":"CARLETON ST","side":"R","zone":"MM","cat":"man","placement":"curb","width_source":"gis"}},{"type":"Feature","geometry":{"type":"Polygon","coordinates":[[[-122.29470898493923,37.85646446832252],[-122.2946858550975,37.85647025256984],[-122.29468064413638,37.85645715335096],[-122.29470377397439,37.85645136910462],[-122.29470898493923,37.85646446832252]]]},"properties":{"face":"2150R","n":61,"street":"CARLETON ST","side":"R","zone":"MM","cat":"man","placement":"curb","width_source":"gis"}},{"type":"Feature","geometry":{"type":"Polygon","coordinates":[[[-122.2946858550975,37.85647025256984],[-122.29466272525221,37.85647603681258],[-122.2946575142948,37.856462937592724],[-122.29468064413638,37.85645715335096],[-122.2946858550975,37.85647025256984]]]},"properties":{"face":"2150R","n":62,"street":"CARLETON ST","side":"R","zone":"MM","cat":"man","placement":"curb","width_source":"gis"}},{"type":"Feature","geometry":{"type":"Polygon","coordinates":[[[-122.29466272525221,37.85647603681258],[-122.29463959540337,37.85648182105073],[-122.29463438444968,37.8564687218299],[-122.2946575142948,37.856462937592724],[-122.29466272525221,37.85647603681258]]]},"properties":{"face":"2150R","n":63,"street":"CARLETON ST","side":"R","zone":"MM","cat":"man","placement":"curb","width_source":"gis"}},{"type":"Feature","geometry":{"type":"Polygon","coordinates":[[[-122.29463959540337,37.85648182105073],[-122.29461646555097,37.85648760528428],[-122.294611254601,37.85647450606248],[-122.29463438444968,37.8564687218299],[-122.29463959540337,37.85648182105073]]]},"properties":{"face":"2150R","n":64,"street":"CARLETON ST","side":"R","zone":"MM","cat":"man","placement":"curb","width_source":"gis"}},{"type":"Feature","geometry":{"type":"Polygon","coordinates":[[[-122.29461646555097,37.85648760528428],[-122.29459333569505,37.85649338951326],[-122.29458812474878,37.85648029029049],[-122.294611254601,37.85647450606248],[-122.29461646555097,37.85648760528428]]]},"properties":{"face":"2150R","n":65,"street":"CARLETON ST","side":"R","zone":"MM","cat":"man","placement":"curb","width_source":"gis"}},{"type":"Feature","geometry":{"type":"Polygon","coordinates":[[[-122.29459333569505,37.85649338951326],[-122.29457020583556,37.85649917373765],[-122.29456499489301,37.856486074513896],[-122.29458812474878,37.85648029029049],[-122.29459333569505,37.85649338951326]]]},"properties":{"face":"2150R","n":66,"street":"CARLETON ST","side":"R","zone":"MM","cat":"man","placement":"curb","width_source":"gis"}},{"type":"Feature","geometry":{"type":"Polygon","coordinates":[[[-122.29457020583556,37.85649917373765],[-122.2945470759725,37.856504957957455],[-122.2945418650337,37.85649185873272],[-122.29456499489301,37.856486074513896],[-122.29457020583556,37.85649917373765]]]},"properties":{"face":"2150R","n":67,"street":"CARLETON ST","side":"R","zone":"MM","cat":"man","placement":"curb","width_source":"gis"}},{"type":"Feature","geometry":{"type":"Polygon","coordinates":[[[-122.2945470759725,37.856504957957455],[-122.29452394610591,37.85651074217267],[-122.29451873517081,37.85649764294698],[-122.2945418650337,37.85649185873272],[-122.2945470759725,37.856504957957455]]]},"properties":{"face":"2150R","n":68,"street":"CARLETON ST","side":"R","zone":"MM","cat":"man","placement":"curb","width_source":"gis"}},{"type":"Feature","geometry":{"type":"Polygon","coordinates":[[[-122.29452394610591,37.85651074217267],[-122.29450081623578,37.85651652638331],[-122.2944956053044,37.85650342715663],[-122.29451873517081,37.85649764294698],[-122.29452394610591,37.85651074217267]]]},"properties":{"face":"2150R","n":69,"street":"CARLETON ST","side":"R","zone":"MM","cat":"man","placement":"curb","width_source":"gis"}},{"type":"Feature","geometry":{"type":"Polygon","coordinates":[[[-122.29450081623578,37.85651652638331],[-122.29447768636209,37.85652231058936],[-122.29447247543443,37.85650921136171],[-122.2944956053044,37.85650342715663],[-122.29450081623578,37.85651652638331]]]},"properties":{"face":"2150R","n":70,"street":"CARLETON ST","side":"R","zone":"MM","cat":"man","placement":"curb","width_source":"gis"}},{"type":"Feature","geometry":{"type":"Polygon","coordinates":[[[-122.29447768636209,37.85652231058936],[-122.29445455648484,37.856528094790825],[-122.29444934556089,37.8565149955622],[-122.29447247543443,37.85650921136171],[-122.29447768636209,37.85652231058936]]]},"properties":{"face":"2150R","n":71,"street":"CARLETON ST","side":"R","zone":"MM","cat":"man","placement":"curb","width_source":"gis"}},{"type":"Feature","geometry":{"type":"Polygon","coordinates":[[[-122.29445455648484,37.856528094790825],[-122.29443142660405,37.856533878987705],[-122.29442621568381,37.85652077975809],[-122.29444934556089,37.8565149955622],[-122.29445455648484,37.856528094790825]]]},"properties":{"face":"2150R","n":72,"street":"CARLETON ST","side":"R","zone":"MM","cat":"man","placement":"curb","width_source":"gis"}},{"type":"Feature","geometry":{"type":"Polygon","coordinates":[[[-122.29443142660405,37.856533878987705],[-122.29440829671972,37.85653966317999],[-122.29440308580321,37.856526563949416],[-122.29442621568381,37.85652077975809],[-122.29443142660405,37.856533878987705]]]},"properties":{"face":"2150R","n":73,"street":"CARLETON ST","side":"R","zone":"MM","cat":"man","placement":"curb","width_source":"gis"}},{"type":"Feature","geometry":{"type":"Polygon","coordinates":[[[-122.29440829671972,37.85653966317999],[-122.29438516683182,37.856545447367694],[-122.29437995591903,37.856532348136156],[-122.29440308580321,37.856526563949416],[-122.29440829671972,37.85653966317999]]]},"properties":{"face":"2150R","n":74,"street":"CARLETON ST","side":"R","zone":"MM","cat":"man","placement":"curb","width_source":"gis"}},{"type":"Feature","geometry":{"type":"Polygon","coordinates":[[[-122.29438516683182,37.856545447367694],[-122.29436203694038,37.85655123155082],[-122.29435682603129,37.856538132318306],[-122.29437995591903,37.856532348136156],[-122.29438516683182,37.856545447367694]]]},"properties":{"face":"2150R","n":75,"street":"CARLETON ST","side":"R","zone":"MM","cat":"man","placement":"curb","width_source":"gis"}},{"type":"Feature","geometry":{"type":"Polygon","coordinates":[[[-122.29436203694038,37.85655123155082],[-122.2943389070454,37.85655701572936],[-122.29433369614003,37.85654391649586],[-122.29435682603129,37.856538132318306],[-122.29436203694038,37.85655123155082]]]},"properties":{"face":"2150R","n":76,"street":"CARLETON ST","side":"R","zone":"MM","cat":"man","placement":"curb","width_source":"gis"}},{"type":"Feature","geometry":{"type":"Polygon","coordinates":[[[-122.2943389070454,37.85655701572936],[-122.29431577714685,37.85656279990331],[-122.29431056624522,37.856549700668836],[-122.29433369614003,37.85654391649586],[-122.2943389070454,37.85655701572936]]]},"properties":{"face":"2150R","n":77,"street":"CARLETON ST","side":"R","zone":"MM","cat":"man","placement":"curb","width_source":"gis"}},{"type":"Feature","geometry":{"type":"Polygon","coordinates":[[[-122.29431577714685,37.85656279990331],[-122.29429264724476,37.85656858407268],[-122.29428743634682,37.85655548483723],[-122.29431056624522,37.856549700668836],[-122.29431577714685,37.85656279990331]]]},"properties":{"face":"2150R","n":78,"street":"CARLETON ST","side":"R","zone":"MM","cat":"man","placement":"curb","width_source":"gis"}},{"type":"Feature","geometry":{"type":"Polygon","coordinates":[[[-122.29429264724476,37.85656858407268],[-122.29426951733912,37.85657436823745],[-122.2942643064449,37.856561269001034],[-122.29428743634685,37.85655548483723],[-122.29429264724476,37.85656858407268]]]},"properties":{"face":"2150R","n":79,"street":"CARLETON ST","side":"R","zone":"MM","cat":"man","placement":"curb","width_source":"gis"}},{"type":"Feature","geometry":{"type":"Polygon","coordinates":[[[-122.29426951733912,37.85657436823745],[-122.29424638742991,37.856580152397655],[-122.29424117653944,37.856567053160255],[-122.2942643064449,37.856561269001034],[-122.29426951733912,37.85657436823745]]]},"properties":{"face":"2150R","n":80,"street":"CARLETON ST","side":"R","zone":"MM","cat":"man","placement":"curb","width_source":"gis"}},{"type":"Feature","geometry":{"type":"Polygon","coordinates":[[[-122.29424638742991,37.856580152397655],[-122.29422325751717,37.85658593655326],[-122.2942180466304,37.8565728373149],[-122.29424117653944,37.856567053160255],[-122.29424638742991,37.856580152397655]]]},"properties":{"face":"2150R","n":81,"street":"CARLETON ST","side":"R","zone":"MM","cat":"man","placement":"curb","width_source":"gis"}},{"type":"Feature","geometry":{"type":"Polygon","coordinates":[[[-122.29422325751717,37.85658593655326],[-122.29420012760087,37.856591720704294],[-122.29419491671784,37.85657862146495],[-122.2942180466304,37.8565728373149],[-122.29422325751717,37.85658593655326]]]},"properties":{"face":"2150R","n":82,"street":"CARLETON ST","side":"R","zone":"MM","cat":"man","placement":"curb","width_source":"gis"}},{"type":"Feature","geometry":{"type":"Polygon","coordinates":[[[-122.29420012760087,37.856591720704294],[-122.29417699768102,37.85659750485071],[-122.2941717868017,37.85658440561041],[-122.29419491671784,37.85657862146495],[-122.29420012760087,37.856591720704294]]]},"properties":{"face":"2150R","n":83,"street":"CARLETON ST","side":"R","zone":"MM","cat":"man","placement":"curb","width_source":"gis"}},{"type":"Feature","geometry":{"type":"Polygon","coordinates":[[[-122.29417699768102,37.85659750485071],[-122.29415386775764,37.856603288992574],[-122.29414865688203,37.85659018975128],[-122.2941717868017,37.85658440561041],[-122.29417699768102,37.85659750485071]]]},"properties":{"face":"2150R","n":84,"street":"CARLETON ST","side":"R","zone":"MM","cat":"man","placement":"curb","width_source":"gis"}},{"type":"Feature","geometry":{"type":"Polygon","coordinates":[[[-122.29415386775764,37.856603288992574],[-122.2941307378307,37.856609073129846],[-122.29412552695881,37.85659597388757],[-122.29414865688203,37.85659018975128],[-122.29415386775764,37.856603288992574]]]},"properties":{"face":"2150R","n":85,"street":"CARLETON ST","side":"R","zone":"MM","cat":"man","placement":"curb","width_source":"gis"}},{"type":"Feature","geometry":{"type":"Polygon","coordinates":[[[-122.2941307378307,37.856609073129846],[-122.29410760790022,37.85661485726252],[-122.29410239703203,37.85660175801929],[-122.29412552695881,37.85659597388757],[-122.2941307378307,37.856609073129846]]]},"properties":{"face":"2150R","n":86,"street":"CARLETON ST","side":"R","zone":"MM","cat":"man","placement":"curb","width_source":"gis"}},{"type":"Feature","geometry":{"type":"Polygon","coordinates":[[[-122.29410760790022,37.85661485726252],[-122.29408447796617,37.85662064139063],[-122.29407926710171,37.85660754214641],[-122.29410239703203,37.85660175801929],[-122.29410760790022,37.85661485726252]]]},"properties":{"face":"2150R","n":87,"street":"CARLETON ST","side":"R","zone":"MM","cat":"man","placement":"curb","width_source":"gis"}},{"type":"Feature","geometry":{"type":"Polygon","coordinates":[[[-122.29408447796617,37.85662064139063],[-122.29406134802856,37.856626425514136],[-122.29405613716781,37.85661332626895],[-122.29407926710171,37.85660754214641],[-122.29408447796617,37.85662064139063]]]},"properties":{"face":"2150R","n":88,"street":"CARLETON ST","side":"R","zone":"MM","cat":"man","placement":"curb","width_source":"gis"}},{"type":"Feature","geometry":{"type":"Polygon","coordinates":[[[-122.29406134802856,37.856626425514136],[-122.29403821808742,37.856632209633055],[-122.29403300723041,37.856619110386895],[-122.29405613716781,37.85661332626895],[-122.29406134802856,37.856626425514136]]]},"properties":{"face":"2150R","n":89,"street":"CARLETON ST","side":"R","zone":"MM","cat":"man","placement":"curb","width_source":"gis"}},{"type":"Feature","geometry":{"type":"Polygon","coordinates":[[[-122.29403821808742,37.856632209633055],[-122.29401508814271,37.8566379937474],[-122.29400987728943,37.85662489450026],[-122.29403300723041,37.856619110386895],[-122.29403821808742,37.856632209633055]]]},"properties":{"face":"2150R","n":90,"street":"CARLETON ST","side":"R","zone":"MM","cat":"man","placement":"curb","width_source":"gis"}},{"type":"Feature","geometry":{"type":"Polygon","coordinates":[[[-122.29401508814271,37.8566379937474],[-122.29399195819447,37.85664377785715],[-122.29398674734489,37.85663067860903],[-122.29400987728943,37.85662489450026],[-122.29401508814271,37.8566379937474]]]},"properties":{"face":"2150R","n":91,"street":"CARLETON ST","side":"R","zone":"MM","cat":"man","placement":"curb","width_source":"gis"}},{"type":"Feature","geometry":{"type":"Polygon","coordinates":[[[-122.29399195819447,37.85664377785715],[-122.29396882824268,37.85664956196232],[-122.29396361739683,37.85663646271325],[-122.29398674734489,37.85663067860903],[-122.29399195819447,37.85664377785715]]]},"properties":{"face":"2150R","n":92,"street":"CARLETON ST","side":"R","zone":"MM","cat":"man","placement":"curb","width_source":"gis"}},{"type":"Feature","geometry":{"type":"Polygon","coordinates":[[[-122.29396882824268,37.85664956196232],[-122.29394569828735,37.85665534606291],[-122.2939404874452,37.856642246812854],[-122.29396361739683,37.85663646271325],[-122.29396882824268,37.85664956196232]]]},"properties":{"face":"2150R","n":93,"street":"CARLETON ST","side":"R","zone":"MM","cat":"man","placement":"curb","width_source":"gis"}},{"type":"Feature","geometry":{"type":"Polygon","coordinates":[[[-122.29394569828735,37.85665534606291],[-122.29392256832844,37.856661130158905],[-122.29391735749002,37.85664803090788],[-122.2939404874452,37.856642246812854],[-122.29394569828735,37.85665534606291]]]},"properties":{"face":"2150R","n":94,"street":"CARLETON ST","side":"R","zone":"MM","cat":"man","placement":"curb","width_source":"gis"}},{"type":"Feature","geometry":{"type":"Polygon","coordinates":[[[-122.29392256832844,37.856661130158905],[-122.293899438366,37.85666691425033],[-122.29389422753128,37.85665381499832],[-122.29391735749002,37.85664803090788],[-122.29392256832844,37.856661130158905]]]},"properties":{"face":"2150R","n":95,"street":"CARLETON ST","side":"R","zone":"MM","cat":"man","placement":"curb","width_source":"gis"}},{"type":"Feature","geometry":{"type":"Polygon","coordinates":[[[-122.293899438366,37.85666691425033],[-122.2938763084,37.85667269833715],[-122.29387109756902,37.856659599084175],[-122.29389422753128,37.85665381499832],[-122.293899438366,37.85666691425033]]]},"properties":{"face":"2150R","n":96,"street":"CARLETON ST","side":"R","zone":"MM","cat":"man","placement":"curb","width_source":"gis"}},{"type":"Feature","geometry":{"type":"Polygon","coordinates":[[[-122.2938763084,37.85667269833715],[-122.29385317843047,37.85667848241939],[-122.2938479676032,37.856665383165435],[-122.29387109756902,37.856659599084175],[-122.2938763084,37.85667269833715]]]},"properties":{"face":"2150R","n":97,"street":"CARLETON ST","side":"R","zone":"MM","cat":"man","placement":"curb","width_source":"gis"}},{"type":"Feature","geometry":{"type":"Polygon","coordinates":[[[-122.29385317843047,37.85667848241939],[-122.29383004845737,37.856684266497055],[-122.29382483763382,37.856671167242126],[-122.2938479676032,37.856665383165435],[-122.29385317843047,37.85667848241939]]]},"properties":{"face":"2150R","n":98,"street":"CARLETON ST","side":"R","zone":"MM","cat":"man","placement":"curb","width_source":"gis"}},{"type":"Feature","geometry":{"type":"Polygon","coordinates":[[[-122.29383004845737,37.856684266497055],[-122.29380691848073,37.85669005057012],[-122.29380170766089,37.85667695131422],[-122.29382483763382,37.856671167242126],[-122.29383004845737,37.856684266497055]]]},"properties":{"face":"2150R","n":99,"street":"CARLETON ST","side":"R","zone":"MM","cat":"man","placement":"curb","width_source":"gis"}},{"type":"Feature","geometry":{"type":"Polygon","coordinates":[[[-122.29380691848073,37.85669005057012],[-122.29378378850052,37.8566958346386],[-122.2937785776844,37.856682735381725],[-122.29380170766089,37.85667695131422],[-122.29380691848073,37.85669005057012]]]},"properties":{"face":"2150R","n":100,"street":"CARLETON ST","side":"R","zone":"MM","cat":"man","placement":"curb","width_source":"gis"}},{"type":"Feature","geometry":{"type":"Polygon","coordinates":[[[-122.29378378850052,37.8566958346386],[-122.29376065851676,37.85670161870251],[-122.29375544770438,37.85668851944465],[-122.2937785776844,37.856682735381725],[-122.29378378850052,37.8566958346386]]]},"properties":{"face":"2150R","n":101,"street":"CARLETON ST","side":"R","zone":"MM","cat":"man","placement":"curb","width_source":"gis"}},{"type":"Feature","geometry":{"type":"Polygon","coordinates":[[[-122.29376065851676,37.85670161870251],[-122.29373752852948,37.85670740276181],[-122.2937323177208,37.85669430350299],[-122.29375544770438,37.85668851944465],[-122.29376065851676,37.85670161870251]]]},"properties":{"face":"2150R","n":102,"street":"CARLETON ST","side":"R","zone":"MM","cat":"man","placement":"curb","width_source":"gis"}},{"type":"Feature","geometry":{"type":"Polygon","coordinates":[[[-122.29373752852948,37.85670740276181],[-122.29371439853863,37.85671318681655],[-122.29370918773368,37.85670008755675],[-122.2937323177208,37.85669430350299],[-122.29373752852948,37.85670740276181]]]},"properties":{"face":"2150R","n":103,"street":"CARLETON ST","side":"R","zone":"MM","cat":"man","placement":"curb","width_source":"gis"}},{"type":"Feature","geometry":{"type":"Polygon","coordinates":[[[-122.29371439853863,37.85671318681655],[-122.29369126854422,37.856718970866694],[-122.29368605774299,37.856705871605925],[-122.29370918773368,37.85670008755675],[-122.29371439853863,37.85671318681655]]]},"properties":{"face":"2150R","n":104,"street":"CARLETON ST","side":"R","zone":"MM","cat":"man","placement":"curb","width_source":"gis"}},{"type":"Feature","geometry":{"type":"Polygon","coordinates":[[[-122.29369126854422,37.856718970866694],[-122.29366813854628,37.85672475491225],[-122.29366292774877,37.856711655650514],[-122.29368605774299,37.856705871605925],[-122.29369126854422,37.856718970866694]]]},"properties":{"face":"2150R","n":105,"street":"CARLETON ST","side":"R","zone":"MM","cat":"man","placement":"curb","width_source":"gis"}},{"type":"Feature","geometry":{"type":"Polygon","coordinates":[[[-122.29366813854628,37.85672475491225],[-122.29364500854479,37.85673053895323],[-122.29363979775098,37.856717439690506],[-122.29366292774877,37.856711655650514],[-122.29366813854628,37.85672475491225]]]},"properties":{"face":"2150R","n":106,"street":"CARLETON ST","side":"R","zone":"MM","cat":"man","placement":"curb","width_source":"gis"}},{"type":"Feature","geometry":{"type":"Polygon","coordinates":[[[-122.29364500854479,37.85673053895323],[-122.29362187853972,37.85673632298961],[-122.29361666774967,37.856723223725915],[-122.29363979775098,37.856717439690506],[-122.29364500854479,37.85673053895323]]]},"properties":{"face":"2150R","n":107,"street":"CARLETON ST","side":"R","zone":"MM","cat":"man","placement":"curb","width_source":"gis"}},{"type":"Feature","geometry":{"type":"Polygon","coordinates":[[[-122.29362187853972,37.85673632298961],[-122.29359874853114,37.856742107021404],[-122.29359353774478,37.856729007756755],[-122.29361666774967,37.856723223725915],[-122.29362187853972,37.85673632298961]]]},"properties":{"face":"2150R","n":108,"street":"CARLETON ST","side":"R","zone":"MM","cat":"man","placement":"curb","width_source":"gis"}},{"type":"Feature","geometry":{"type":"Polygon","coordinates":[[[-122.29359874853114,37.856742107021404],[-122.293575618519,37.856747891048634],[-122.29357040773637,37.85673479178299],[-122.29359353774478,37.856729007756755],[-122.29359874853114,37.856742107021404]]]},"properties":{"face":"2150R","n":109,"street":"CARLETON ST","side":"R","zone":"MM","cat":"man","placement":"curb","width_source":"gis"}},{"type":"Feature","geometry":{"type":"Polygon","coordinates":[[[-122.293575618519,37.856747891048634],[-122.29355248850331,37.85675367507127],[-122.29354727772439,37.856740575804636],[-122.29357040773637,37.85673479178299],[-122.293575618519,37.856747891048634]]]},"properties":{"face":"2150R","n":110,"street":"CARLETON ST","side":"R","zone":"MM","cat":"man","placement":"curb","width_source":"gis"}},{"type":"Feature","geometry":{"type":"Polygon","coordinates":[[[-122.29355248850331,37.85675367507127],[-122.29352935848405,37.856759459089304],[-122.29352414770885,37.85674635982173],[-122.29354727772439,37.856740575804636],[-122.29355248850331,37.85675367507127]]]},"properties":{"face":"2150R","n":111,"street":"CARLETON ST","side":"R","zone":"MM","cat":"man","placement":"curb","width_source":"gis"}},{"type":"Feature","geometry":{"type":"Polygon","coordinates":[[[-122.29352935848405,37.856759459089304],[-122.29350622846125,37.85676524310278],[-122.29350101768976,37.85675214383421],[-122.29352414770885,37.85674635982173],[-122.29352935848405,37.856759459089304]]]},"properties":{"face":"2150R","n":112,"street":"CARLETON ST","side":"R","zone":"MM","cat":"man","placement":"curb","width_source":"gis"}},{"type":"Feature","geometry":{"type":"Polygon","coordinates":[[[-122.29350622846125,37.85676524310278],[-122.29348309843492,37.85677102711165],[-122.29347788766715,37.856757927842104],[-122.29350101768976,37.85675214383421],[-122.29350622846125,37.85676524310278]]]},"properties":{"face":"2150R","n":113,"street":"CARLETON ST","side":"R","zone":"MM","cat":"man","placement":"curb","width_source":"gis"}},{"type":"Feature","geometry":{"type":"Polygon","coordinates":[[[-122.29348309843492,37.85677102711165],[-122.293459968405,37.85677681111593],[-122.29345475764097,37.856763711845424],[-122.29347788766715,37.856757927842104],[-122.29348309843492,37.85677102711165]]]},"properties":{"face":"2150R","n":114,"street":"CARLETON ST","side":"R","zone":"MM","cat":"man","placement":"curb","width_source":"gis"}},{"type":"Feature","geometry":{"type":"Polygon","coordinates":[[[-122.293459968405,37.85677681111593],[-122.29343683837156,37.85678259511564],[-122.29343162761123,37.856769495844155],[-122.29345475764097,37.856763711845424],[-122.293459968405,37.85677681111593]]]},"properties":{"face":"2150R","n":115,"street":"CARLETON ST","side":"R","zone":"MM","cat":"man","placement":"curb","width_source":"gis"}},{"type":"Feature","geometry":{"type":"Polygon","coordinates":[[[-122.29343683837156,37.85678259511564],[-122.29341370833457,37.85678837911076],[-122.29340849757794,37.856775279838295],[-122.29343162761123,37.856769495844155],[-122.29343683837156,37.85678259511564]]]},"properties":{"face":"2150R","n":116,"street":"CARLETON ST","side":"R","zone":"MM","cat":"man","placement":"curb","width_source":"gis"}},{"type":"Feature","geometry":{"type":"Polygon","coordinates":[[[-122.29341370833457,37.85678837911076],[-122.29339057829402,37.85679416310129],[-122.29338536754113,37.856781063827846],[-122.29340849757794,37.856775279838295],[-122.29341370833457,37.85678837911076]]]},"properties":{"face":"2150R","n":117,"street":"CARLETON ST","side":"R","zone":"MM","cat":"man","placement":"curb","width_source":"gis"}},{"type":"Feature","geometry":{"type":"Polygon","coordinates":[[[-122.29339057829402,37.85679416310129],[-122.29336744824992,37.856799947087225],[-122.29336223750076,37.85678684781283],[-122.29338536754113,37.856781063827846],[-122.29339057829402,37.85679416310129]]]},"properties":{"face":"2150R","n":118,"street":"CARLETON ST","side":"R","zone":"MM","cat":"man","placement":"curb","width_source":"gis"}},{"type":"Feature","geometry":{"type":"Polygon","coordinates":[[[-122.29336744824992,37.856799947087225],[-122.29334431820227,37.856805731068604],[-122.29333910745682,37.85679263179321],[-122.29336223750076,37.85678684781283],[-122.29336744824992,37.856799947087225]]]},"properties":{"face":"2150R","n":119,"street":"CARLETON ST","side":"R","zone":"MM","cat":"man","placement":"curb","width_source":"gis"}},{"type":"Feature","geometry":{"type":"Polygon","coordinates":[[[-122.29334431820227,37.856805731068604],[-122.29332118815108,37.85681151504537],[-122.29331597740935,37.85679841576902],[-122.29333910745682,37.85679263179321],[-122.29334431820227,37.856805731068604]]]},"properties":{"face":"2150R","n":120,"street":"CARLETON ST","side":"R","zone":"MM","cat":"man","placement":"curb","width_source":"gis"}},{"type":"Feature","geometry":{"type":"Polygon","coordinates":[[[-122.29332118815108,37.85681151504537],[-122.29329805809633,37.85681729901756],[-122.2932928473583,37.85680419974023],[-122.29331597740935,37.85679841576902],[-122.29332118815108,37.85681151504537]]]},"properties":{"face":"2150R","n":121,"street":"CARLETON ST","side":"R","zone":"MM","cat":"man","placement":"curb","width_source":"gis"}},{"type":"Feature","geometry":{"type":"Polygon","coordinates":[[[-122.29329805809633,37.85681729901756],[-122.29327492803804,37.856823082985166],[-122.29326971730373,37.85680998370687],[-122.2932928473583,37.85680419974023],[-122.29329805809633,37.85681729901756]]]},"properties":{"face":"2150R","n":122,"street":"CARLETON ST","side":"R","zone":"MM","cat":"man","placement":"curb","width_source":"gis"}},{"type":"Feature","geometry":{"type":"Polygon","coordinates":[[[-122.29327492803804,37.856823082985166],[-122.29325179797618,37.8568288669482],[-122.29324658724562,37.85681576766891],[-122.29326971730373,37.85680998370687],[-122.29327492803804,37.856823082985166]]]},"properties":{"face":"2150R","n":123,"street":"CARLETON ST","side":"R","zone":"MM","cat":"man","placement":"curb","width_source":"gis"}},{"type":"Feature","geometry":{"type":"Polygon","coordinates":[[[-122.29325179797618,37.8568288669482],[-122.29322866791078,37.85683465090663],[-122.29322345718391,37.856821551626375],[-122.29324658724562,37.85681576766891],[-122.29325179797618,37.8568288669482]]]},"properties":{"face":"2150R","n":124,"street":"CARLETON ST","side":"R","zone":"MM","cat":"man","placement":"curb","width_source":"gis"}},{"type":"Feature","geometry":{"type":"Polygon","coordinates":[[[-122.29322866791078,37.85683465090663],[-122.29320553784186,37.85684043486047],[-122.29320032711871,37.85682733557925],[-122.29322345718391,37.856821551626375],[-122.29322866791078,37.85683465090663]]]},"properties":{"face":"2150R","n":125,"street":"CARLETON ST","side":"R","zone":"MM","cat":"man","placement":"curb","width_source":"gis"}},{"type":"Feature","geometry":{"type":"Polygon","coordinates":[[[-122.29320553784186,37.85684043486047],[-122.29318240776934,37.85684621880973],[-122.29317719704991,37.85683311952753],[-122.29320032711871,37.85682733557925],[-122.29320553784186,37.85684043486047]]]},"properties":{"face":"2150R","n":126,"street":"CARLETON ST","side":"R","zone":"MM","cat":"man","placement":"curb","width_source":"gis"}},{"type":"Feature","geometry":{"type":"Polygon","coordinates":[[[-122.29318240776934,37.856846218809736],[-122.29315927769329,37.85685200275441],[-122.2931540669776,37.856838903471235],[-122.29317719704991,37.85683311952753],[-122.29318240776934,37.856846218809736]]]},"properties":{"face":"2150R","n":127,"street":"CARLETON ST","side":"R","zone":"MM","cat":"man","placement":"curb","width_source":"gis"}},{"type":"Feature","geometry":{"type":"Polygon","coordinates":[[[-122.29315927769329,37.85685200275441],[-122.2931361476137,37.856857786694505],[-122.2931309369017,37.856844687410366],[-122.2931540669776,37.856838903471235],[-122.29315927769329,37.85685200275441]]]},"properties":{"face":"2150R","n":128,"street":"CARLETON ST","side":"R","zone":"MM","cat":"man","placement":"curb","width_source":"gis"}},{"type":"Feature","geometry":{"type":"Polygon","coordinates":[[[-122.2931361476137,37.856857786694505],[-122.29311301753054,37.85686357063001],[-122.29310780682229,37.856850471344885],[-122.2931309369017,37.856844687410366],[-122.2931361476137,37.856857786694505]]]},"properties":{"face":"2150R","n":129,"street":"CARLETON ST","side":"R","zone":"MM","cat":"man","placement":"curb","width_source":"gis"}},{"type":"Feature","geometry":{"type":"Polygon","coordinates":[[[-122.29070004676461,37.85744044610109],[-122.290676898877,37.85744618552601],[-122.29067172822683,37.857433076262154],[-122.29069487611073,37.8574273368382],[-122.29070004676461,37.85744044610109]]]},"properties":{"face":"2287R","n":1,"street":"CARLETON ST","side":"R","zone":"MUR","cat":"mixres","placement":"building","width_source":"gis"}},{"type":"Feature","geometry":{"type":"Polygon","coordinates":[[[-122.29009820054108,37.8575896696565],[-122.29007505256182,37.857595408962],[-122.29006988200867,37.857582299673005],[-122.29009302998416,37.857576560368464],[-122.29009820054108,37.8575896696565]]]},"properties":{"face":"2287R","n":2,"street":"CARLETON ST","side":"R","zone":"MUR","cat":"mixres","placement":"building","width_source":"gis"}},{"type":"Feature","geometry":{"type":"Polygon","coordinates":[[[-122.29007505256182,37.857595408962],[-122.29005190457903,37.85760114826294],[-122.29004673402962,37.85758803897297],[-122.29006988200867,37.857582299673005],[-122.29007505256182,37.857595408962]]]},"properties":{"face":"2287R","n":3,"street":"CARLETON ST","side":"R","zone":"MUR","cat":"mixres","placement":"building","width_source":"gis"}},{"type":"Feature","geometry":{"type":"Polygon","coordinates":[[[-122.29005190457903,37.85760114826294],[-122.29002875659272,37.857606887559264],[-122.29002358604704,37.85759377826833],[-122.29004673402962,37.85758803897297],[-122.29005190457903,37.85760114826294]]]},"properties":{"face":"2287R","n":4,"street":"CARLETON ST","side":"R","zone":"MUR","cat":"mixres","placement":"building","width_source":"gis"}},{"type":"Feature","geometry":{"type":"Polygon","coordinates":[[[-122.29002875659272,37.857606887559264],[-122.2900056086029,37.85761262685101],[-122.29000043806093,37.857599517559116],[-122.29002358604704,37.85759377826833],[-122.29002875659272,37.857606887559264]]]},"properties":{"face":"2287R","n":5,"street":"CARLETON ST","side":"R","zone":"MUR","cat":"mixres","placement":"building","width_source":"gis"}},{"type":"Feature","geometry":{"type":"Polygon","coordinates":[[[-122.2900056086029,37.85761262685101],[-122.28998246060954,37.85761836613815],[-122.2899772900713,37.8576052568453],[-122.29000043806093,37.857599517559116],[-122.2900056086029,37.85761262685101]]]},"properties":{"face":"2287R","n":6,"street":"CARLETON ST","side":"R","zone":"MUR","cat":"mixres","placement":"building","width_source":"gis"}},{"type":"Feature","geometry":{"type":"Polygon","coordinates":[[[-122.28998246060954,37.85761836613815],[-122.28995931261267,37.85762410542071],[-122.28995414207817,37.85761099612688],[-122.2899772900713,37.8576052568453],[-122.28998246060954,37.85761836613815]]]},"properties":{"face":"2287R","n":7,"street":"CARLETON ST","side":"R","zone":"MUR","cat":"mixres","placement":"building","width_source":"gis"}},{"type":"Feature","geometry":{"type":"Polygon","coordinates":[[[-122.28995931261267,37.85762410542071],[-122.28993616461226,37.85762984469868],[-122.2899309940815,37.85761673540388],[-122.28995414207817,37.85761099612688],[-122.28995931261267,37.85762410542071]]]},"properties":{"face":"2287R","n":8,"street":"CARLETON ST","side":"R","zone":"MUR","cat":"mixres","placement":"building","width_source":"gis"}},{"type":"Feature","geometry":{"type":"Polygon","coordinates":[[[-122.28993616461226,37.85762984469868],[-122.28991301660834,37.85763558397204],[-122.2899078460813,37.85762247467627],[-122.2899309940815,37.85761673540388],[-122.28993616461226,37.85762984469868]]]},"properties":{"face":"2287R","n":9,"street":"CARLETON ST","side":"R","zone":"MUR","cat":"mixres","placement":"building","width_source":"gis"}},{"type":"Feature","geometry":{"type":"Polygon","coordinates":[[[-122.28991301660834,37.85763558397204],[-122.28988986860088,37.85764132324084],[-122.28988469807759,37.857628213944096],[-122.2899078460813,37.85762247467627],[-122.28991301660834,37.85763558397204]]]},"properties":{"face":"2287R","n":10,"street":"CARLETON ST","side":"R","zone":"MUR","cat":"mixres","placement":"building","width_source":"gis"}},{"type":"Feature","geometry":{"type":"Polygon","coordinates":[[[-122.28988986860088,37.85764132324084],[-122.28986672058991,37.85764706250501],[-122.28986155007033,37.85763395320731],[-122.28988469807759,37.857628213944096],[-122.28988986860088,37.85764132324084]]]},"properties":{"face":"2287R","n":11,"street":"CARLETON ST","side":"R","zone":"MUR","cat":"mixres","placement":"building","width_source":"gis"}},{"type":"Feature","geometry":{"type":"Polygon","coordinates":[[[-122.28986672058991,37.85764706250501],[-122.2898435725754,37.85765280176461],[-122.28983840205956,37.85763969246594],[-122.28986155007033,37.85763395320731],[-122.28986672058991,37.85764706250501]]]},"properties":{"face":"2287R","n":12,"street":"CARLETON ST","side":"R","zone":"MUR","cat":"mixres","placement":"building","width_source":"gis"}},{"type":"Feature","geometry":{"type":"Polygon","coordinates":[[[-122.2898435725754,37.85765280176461],[-122.28982042455739,37.85765854101961],[-122.28981525404528,37.85764543171997],[-122.28983840205956,37.85763969246594],[-122.2898435725754,37.85765280176461]]]},"properties":{"face":"2287R","n":13,"street":"CARLETON ST","side":"R","zone":"MUR","cat":"mixres","placement":"building","width_source":"gis"}},{"type":"Feature","geometry":{"type":"Polygon","coordinates":[[[-122.28982042455739,37.85765854101961],[-122.28979727653584,37.85766428027002],[-122.28979210602745,37.85765117096942],[-122.28981525404528,37.85764543171997],[-122.28982042455739,37.85765854101961]]]},"properties":{"face":"2287R","n":14,"street":"CARLETON ST","side":"R","zone":"MUR","cat":"mixres","placement":"building","width_source":"gis"}},{"type":"Feature","geometry":{"type":"Polygon","coordinates":[[[-122.28979727653584,37.85766428027002],[-122.28977412851077,37.85767001951584],[-122.28976895800612,37.85765691021427],[-122.28979210602745,37.85765117096942],[-122.28979727653584,37.85766428027002]]]},"properties":{"face":"2287R","n":15,"street":"CARLETON ST","side":"R","zone":"MUR","cat":"mixres","placement":"building","width_source":"gis"}},{"type":"Feature","geometry":{"type":"Polygon","coordinates":[[[-122.29769365286054,37.857660071762574],[-122.29767015340471,37.85766482933691],[-122.29766586729173,37.85765152101065],[-122.29768936674357,37.8576467634371],[-122.29769365286054,37.857660071762574]]]},"properties":{"face":"2894L","n":1,"street":"PARKER ST","side":"L","zone":"MM","cat":"man","placement":"building","width_source":"default"}},{"type":"Feature","geometry":{"type":"Polygon","coordinates":[[[-122.29763855614092,37.857488996949634],[-122.29761505673622,37.85749375451361],[-122.29761077064259,37.85748044618515],[-122.29763427004332,37.85747568862198],[-122.29763855614092,37.857488996949634]]]},"properties":{"face":"2894R","n":1,"street":"PARKER ST","side":"R","zone":"MM","cat":"man","placement":"building","width_source":"default"}},{"type":"Feature","geometry":{"type":"Polygon","coordinates":[[[-122.29922930724963,37.862936938050154],[-122.29920590439153,37.86294199094744],[-122.29920135189239,37.86292873828365],[-122.29922475474658,37.86292368538724],[-122.29922930724963,37.862936938050154]]]},"properties":{"face":"3103L","n":1,"street":"BANCROFT WAY","side":"L","zone":"MULI","cat":"man","placement":"curb","width_source":"gis"}},{"type":"Feature","geometry":{"type":"Polygon","coordinates":[[[-122.29920590439153,37.86294199094744],[-122.29918250153031,37.86294704384002],[-122.29917794903508,37.86293379117538],[-122.29920135189239,37.86292873828365],[-122.29920590439153,37.86294199094744]]]},"properties":{"face":"3103L","n":2,"street":"BANCROFT WAY","side":"L","zone":"MULI","cat":"man","placement":"curb","width_source":"gis"}},{"type":"Feature","geometry":{"type":"Polygon","coordinates":[[[-122.29918250153031,37.86294704384002],[-122.29915909866595,37.862952096727916],[-122.29915454617463,37.86293884406243],[-122.29917794903508,37.86293379117538],[-122.29918250153031,37.86294704384002]]]},"properties":{"face":"3103L","n":3,"street":"BANCROFT WAY","side":"L","zone":"MULI","cat":"man","placement":"curb","width_source":"gis"}},{"type":"Feature","geometry":{"type":"Polygon","coordinates":[[[-122.28180391304922,37.87026488675647],[-122.28180205258231,37.87024571399331],[-122.2818193283672,37.87024466054504],[-122.28182118883859,37.87026383330797],[-122.28180391304922,37.87026488675647]]]},"properties":{"face":"3361L","n":1,"street":"SACRAMENTO ST","side":"L","zone":"C-U","cat":"com","placement":"curb","width_source":"gis"}},{"type":"Feature","geometry":{"type":"Polygon","coordinates":[[[-122.28180205258231,37.87024571399331],[-122.28180019211626,37.870226541230096],[-122.28181746789673,37.870225487782044],[-122.2818193283672,37.87024466054504],[-122.28180205258231,37.87024571399331]]]},"properties":{"face":"3361L","n":2,"street":"SACRAMENTO ST","side":"L","zone":"C-U","cat":"com","placement":"curb","width_source":"gis"}},{"type":"Feature","geometry":{"type":"Polygon","coordinates":[[[-122.28178344796179,37.87005398635732],[-122.2817815875046,37.87003481359327],[-122.28179886324047,37.87003376014747],[-122.2818007237021,37.87005293291131],[-122.28178344796179,37.87005398635732]]]},"properties":{"face":"3361L","n":3,"street":"SACRAMENTO ST","side":"L","zone":"C-U","cat":"com","placement":"curb","width_source":"gis"}},{"type":"Feature","geometry":{"type":"Polygon","coordinates":[[[-122.2817815875046,37.87003481359327],[-122.2817797270483,37.87001564082915],[-122.28179700277971,37.87001458738357],[-122.28179886324047,37.87003376014747],[-122.2817815875046,37.87003481359327]]]},"properties":{"face":"3361L","n":4,"street":"SACRAMENTO ST","side":"L","zone":"C-U","cat":"com","placement":"curb","width_source":"gis"}},{"type":"Feature","geometry":{"type":"Polygon","coordinates":[[[-122.28177414568472,37.86995812253626],[-122.28177228523195,37.86993894977181],[-122.2817895609455,37.86993789632713],[-122.28179142140272,37.86995706909137],[-122.28177414568472,37.86995812253626]]]},"properties":{"face":"3361L","n":5,"street":"SACRAMENTO ST","side":"L","zone":"C-U","cat":"com","placement":"curb","width_source":"gis"}},{"type":"Feature","geometry":{"type":"Polygon","coordinates":[[[-122.28177228523195,37.86993894977181],[-122.28177042478008,37.86991977700727],[-122.28178770048918,37.86991872356282],[-122.2817895609455,37.86993789632713],[-122.28177228523195,37.86993894977181]]]},"properties":{"face":"3361L","n":6,"street":"SACRAMENTO ST","side":"L","zone":"C-U","cat":"com","placement":"curb","width_source":"gis"}},{"type":"Feature","geometry":{"type":"Polygon","coordinates":[[[-122.28177042478008,37.86991977700727],[-122.28176856432907,37.86990060424264],[-122.2817858400337,37.86989955079842],[-122.28178770048918,37.86991872356282],[-122.28177042478008,37.86991977700727]]]},"properties":{"face":"3361L","n":7,"street":"SACRAMENTO ST","side":"L","zone":"C-U","cat":"com","placement":"curb","width_source":"gis"}},{"type":"Feature","geometry":{"type":"Polygon","coordinates":[[[-122.28176856432907,37.86990060424264],[-122.28176670387897,37.86988143147794],[-122.28178397957915,37.86988037803394],[-122.2817858400337,37.86989955079842],[-122.28176856432907,37.86990060424264]]]},"properties":{"face":"3361L","n":8,"street":"SACRAMENTO ST","side":"L","zone":"C-U","cat":"com","placement":"curb","width_source":"gis"}},{"type":"Feature","geometry":{"type":"Polygon","coordinates":[[[-122.28176484342976,37.86986225871315],[-122.28176298298142,37.86984308594829],[-122.28178025867267,37.86984203250473],[-122.28178211912547,37.86986120526937],[-122.28176484342976,37.86986225871315]]]},"properties":{"face":"3361L","n":9,"street":"SACRAMENTO ST","side":"L","zone":"C-U","cat":"com","placement":"curb","width_source":"gis"}},{"type":"Feature","geometry":{"type":"Polygon","coordinates":[[[-122.28176298298142,37.86984308594829],[-122.28176112253396,37.86982391318335],[-122.28177839822075,37.86982285974002],[-122.28178025867267,37.86984203250473],[-122.28176298298142,37.86984308594829]]]},"properties":{"face":"3361L","n":10,"street":"SACRAMENTO ST","side":"L","zone":"C-U","cat":"com","placement":"curb","width_source":"gis"}},{"type":"Feature","geometry":{"type":"Polygon","coordinates":[[[-122.28176112253396,37.86982391318335],[-122.28175926208739,37.86980474041832],[-122.28177653776974,37.86980368697522],[-122.28177839822075,37.86982285974002],[-122.28176112253396,37.86982391318335]]]},"properties":{"face":"3361L","n":11,"street":"SACRAMENTO ST","side":"L","zone":"C-U","cat":"com","placement":"curb","width_source":"gis"}},{"type":"Feature","geometry":{"type":"Polygon","coordinates":[[[-122.28175926208739,37.86980474041832],[-122.2817574016417,37.8697855676532],[-122.28177467731959,37.86978451421032],[-122.28177653776974,37.86980368697522],[-122.28175926208739,37.86980474041832]]]},"properties":{"face":"3361L","n":12,"street":"SACRAMENTO ST","side":"L","zone":"C-U","cat":"com","placement":"curb","width_source":"gis"}},{"type":"Feature","geometry":{"type":"Polygon","coordinates":[[[-122.2817574016417,37.8697855676532],[-122.2817555411969,37.869766394888],[-122.28177281687032,37.869765341445344],[-122.28177467731959,37.86978451421032],[-122.2817574016417,37.8697855676532]]]},"properties":{"face":"3361L","n":13,"street":"SACRAMENTO ST","side":"L","zone":"C-U","cat":"com","placement":"curb","width_source":"gis"}},{"type":"Feature","geometry":{"type":"Polygon","coordinates":[[[-122.2817555411969,37.869766394888],[-122.28175368075298,37.86974722212274],[-122.28177095642195,37.869746168680315],[-122.28177281687032,37.869765341445344],[-122.2817555411969,37.869766394888]]]},"properties":{"face":"3361L","n":14,"street":"SACRAMENTO ST","side":"L","zone":"C-U","cat":"com","placement":"curb","width_source":"gis"}},{"type":"Feature","geometry":{"type":"Polygon","coordinates":[[[-122.28175368075298,37.86974722212274],[-122.28175182030996,37.86972804935737],[-122.28176909597445,37.86972699591517],[-122.28177095642195,37.869746168680315],[-122.28175368075298,37.86974722212274]]]},"properties":{"face":"3361L","n":15,"street":"SACRAMENTO ST","side":"L","zone":"C-U","cat":"com","placement":"curb","width_source":"gis"}},{"type":"Feature","geometry":{"type":"Polygon","coordinates":[[[-122.28174809942655,37.869689703826424],[-122.28174623898617,37.86967053106082],[-122.2817635146373,37.86966947761928],[-122.28176537508213,37.86968865038467],[-122.28174809942655,37.869689703826424]]]},"properties":{"face":"3361L","n":16,"street":"SACRAMENTO ST","side":"L","zone":"C-U","cat":"com","placement":"curb","width_source":"gis"}},{"type":"Feature","geometry":{"type":"Polygon","coordinates":[[[-122.28174623898617,37.86967053106082],[-122.28174437854669,37.86965135829514],[-122.28176165419335,37.869650304853835],[-122.2817635146373,37.86966947761928],[-122.28174623898617,37.86967053106082]]]},"properties":{"face":"3361L","n":17,"street":"SACRAMENTO ST","side":"L","zone":"C-U","cat":"com","placement":"curb","width_source":"gis"}},{"type":"Feature","geometry":{"type":"Polygon","coordinates":[[[-122.28174437854669,37.86965135829514],[-122.28174251810808,37.869632185529376],[-122.28175979375028,37.869631132088294],[-122.28176165419335,37.869650304853835],[-122.28174437854669,37.86965135829514]]]},"properties":{"face":"3361L","n":18,"street":"SACRAMENTO ST","side":"L","zone":"C-U","cat":"com","placement":"curb","width_source":"gis"}},{"type":"Feature","geometry":{"type":"Polygon","coordinates":[[[-122.28174251810808,37.869632185529376],[-122.28174065767035,37.86961301276353],[-122.2817579333081,37.86961195932267],[-122.28175979375028,37.869631132088294],[-122.28174251810808,37.869632185529376]]]},"properties":{"face":"3361L","n":19,"street":"SACRAMENTO ST","side":"L","zone":"C-U","cat":"com","placement":"curb","width_source":"gis"}},{"type":"Feature","geometry":{"type":"Polygon","coordinates":[[[-122.28174065767035,37.86961301276353],[-122.28173879723352,37.8695938399976],[-122.28175607286681,37.86959278655697],[-122.2817579333081,37.86961195932267],[-122.28174065767035,37.86961301276353]]]},"properties":{"face":"3361L","n":20,"street":"SACRAMENTO ST","side":"L","zone":"C-U","cat":"com","placement":"curb","width_source":"gis"}},{"type":"Feature","geometry":{"type":"Polygon","coordinates":[[[-122.28173879723352,37.8695938399976],[-122.28173693679757,37.86957466723159],[-122.28175421242639,37.86957361379118],[-122.28175607286681,37.86959278655697],[-122.28173879723352,37.8695938399976]]]},"properties":{"face":"3361L","n":21,"street":"SACRAMENTO ST","side":"L","zone":"C-U","cat":"com","placement":"curb","width_source":"gis"}},{"type":"Feature","geometry":{"type":"Polygon","coordinates":[[[-122.28173693679757,37.86957466723159],[-122.2817350763625,37.86955549446551],[-122.28175235198685,37.86955444102531],[-122.28175421242639,37.86957361379118],[-122.28173693679757,37.86957466723159]]]},"properties":{"face":"3361L","n":22,"street":"SACRAMENTO ST","side":"L","zone":"C-U","cat":"com","placement":"curb","width_source":"gis"}},{"type":"Feature","geometry":{"type":"Polygon","coordinates":[[[-122.28208964030199,37.870247463260554],[-122.28208777976131,37.87022829050113],[-122.28210505553875,37.87022723701084],[-122.28210691608388,37.87024640977004],[-122.28208964030199,37.870247463260554]]]},"properties":{"face":"3361R","n":1,"street":"SACRAMENTO ST","side":"R","zone":"C-U","cat":"com","placement":"building","width_source":"gis"}},{"type":"Feature","geometry":{"type":"Polygon","coordinates":[[[-122.28208777976131,37.87022829050113],[-122.2820859192215,37.87020911774161],[-122.28210319499449,37.87020806425156],[-122.28210505553875,37.87022723701084],[-122.28208777976131,37.87022829050113]]]},"properties":{"face":"3361R","n":2,"street":"SACRAMENTO ST","side":"R","zone":"C-U","cat":"com","placement":"building","width_source":"gis"}},{"type":"Feature","geometry":{"type":"Polygon","coordinates":[[[-122.2820859192215,37.87020911774161],[-122.2820840586826,37.870189944982016],[-122.28210133445114,37.87018889149218],[-122.28210319499449,37.87020806425156],[-122.2820859192215,37.87020911774161]]]},"properties":{"face":"3361R","n":3,"street":"SACRAMENTO ST","side":"R","zone":"C-U","cat":"com","placement":"building","width_source":"gis"}},{"type":"Feature","geometry":{"type":"Polygon","coordinates":[[[-122.2820840586826,37.870189944982016],[-122.28208219814458,37.87017077222233],[-122.28209947390866,37.87016971873272],[-122.28210133445114,37.87018889149218],[-122.2820840586826,37.870189944982016]]]},"properties":{"face":"3361R","n":4,"street":"SACRAMENTO ST","side":"R","zone":"C-U","cat":"com","placement":"building","width_source":"gis"}},{"type":"Feature","geometry":{"type":"Polygon","coordinates":[[[-122.28208219814458,37.87017077222233],[-122.28208033760747,37.87015159946257],[-122.28209761336707,37.870150545973175],[-122.28209947390866,37.87016971873272],[-122.28208219814458,37.87017077222233]]]},"properties":{"face":"3361R","n":5,"street":"SACRAMENTO ST","side":"R","zone":"C-U","cat":"com","placement":"building","width_source":"gis"}},{"type":"Feature","geometry":{"type":"Polygon","coordinates":[[[-122.28208033760747,37.87015159946257],[-122.28207847707122,37.87013242670271],[-122.28209575282634,37.87013137321357],[-122.28209761336707,37.870150545973175],[-122.28208033760747,37.87015159946257]]]},"properties":{"face":"3361R","n":6,"street":"SACRAMENTO ST","side":"R","zone":"C-U","cat":"com","placement":"building","width_source":"gis"}},{"type":"Feature","geometry":{"type":"Polygon","coordinates":[[[-122.28205429018048,37.869883180817304],[-122.28205242965663,37.86986400805631],[-122.28206970534934,37.8698629545703],[-122.28207156587764,37.86988212733106],[-122.28205429018048,37.869883180817304]]]},"properties":{"face":"3361R","n":7,"street":"SACRAMENTO ST","side":"R","zone":"C-U","cat":"com","placement":"building","width_source":"gis"}},{"type":"Feature","geometry":{"type":"Polygon","coordinates":[[[-122.28205242965663,37.86986400805631],[-122.28205056913363,37.86984483529525],[-122.2820678448219,37.86984378180946],[-122.28206970534934,37.8698629545703],[-122.28205242965663,37.86986400805631]]]},"properties":{"face":"3361R","n":8,"street":"SACRAMENTO ST","side":"R","zone":"C-U","cat":"com","placement":"building","width_source":"gis"}},{"type":"Feature","geometry":{"type":"Polygon","coordinates":[[[-122.29116891702479,37.851436123901145],[-122.29114544819873,37.85144096952112],[-122.29114108313671,37.85142767740969],[-122.29116455195886,37.851422831790536],[-122.29116891702479,37.851436123901145]]]},"properties":{"face":"3406R","n":1,"street":"POTTER ST","side":"R","zone":"C-W","cat":"com","placement":"building","width_source":"gis"}},{"type":"Feature","geometry":{"type":"Polygon","coordinates":[[[-122.2911454481987,37.85144096952112],[-122.2911219793696,37.851445815136394],[-122.29111761431159,37.851432523024144],[-122.29114108313671,37.85142767740969],[-122.2911454481987,37.85144096952112]]]},"properties":{"face":"3406R","n":2,"street":"POTTER ST","side":"R","zone":"C-W","cat":"com","placement":"building","width_source":"gis"}},{"type":"Feature","geometry":{"type":"Polygon","coordinates":[[[-122.2911219793696,37.851445815136394],[-122.29109851053754,37.851450660746956],[-122.29109414548343,37.851437368633874],[-122.29111761431159,37.851432523024144],[-122.2911219793696,37.851445815136394]]]},"properties":{"face":"3406R","n":3,"street":"POTTER ST","side":"R","zone":"C-W","cat":"com","placement":"building","width_source":"gis"}},{"type":"Feature","geometry":{"type":"Polygon","coordinates":[[[-122.29109851053754,37.851450660746956],[-122.29107504170244,37.8514555063528],[-122.29107067665231,37.85144221423891],[-122.29109414548343,37.851437368633874],[-122.29109851053754,37.851450660746956]]]},"properties":{"face":"3406R","n":4,"street":"POTTER ST","side":"R","zone":"C-W","cat":"com","placement":"building","width_source":"gis"}},{"type":"Feature","geometry":{"type":"Polygon","coordinates":[[[-122.29107504170244,37.8514555063528],[-122.29105157286432,37.85146035195394],[-122.29104720781815,37.851447059839224],[-122.29107067665231,37.85144221423891],[-122.29107504170244,37.8514555063528]]]},"properties":{"face":"3406R","n":5,"street":"POTTER ST","side":"R","zone":"C-W","cat":"com","placement":"building","width_source":"gis"}},{"type":"Feature","geometry":{"type":"Polygon","coordinates":[[[-122.29105157286432,37.85146035195394],[-122.29102810402324,37.85146519755035],[-122.29102373898101,37.851451905434814],[-122.29104720781815,37.851447059839224],[-122.29105157286432,37.85146035195394]]]},"properties":{"face":"3406R","n":6,"street":"POTTER ST","side":"R","zone":"C-W","cat":"com","placement":"building","width_source":"gis"}},{"type":"Feature","geometry":{"type":"Polygon","coordinates":[[[-122.29102810402324,37.85146519755035],[-122.29100463517914,37.851470043142065],[-122.29100027014086,37.851456751025715],[-122.29102373898101,37.851451905434814],[-122.29102810402324,37.85146519755035]]]},"properties":{"face":"3406R","n":7,"street":"POTTER ST","side":"R","zone":"C-W","cat":"com","placement":"building","width_source":"gis"}},{"type":"Feature","geometry":{"type":"Polygon","coordinates":[[[-122.29093422862879,37.85148457988891],[-122.29091075977267,37.85148942546178],[-122.29090639475024,37.851476133342146],[-122.29092986360239,37.85147128777011],[-122.29093422862879,37.85148457988891]]]},"properties":{"face":"3406R","n":8,"street":"POTTER ST","side":"R","zone":"C-W","cat":"com","placement":"building","width_source":"gis"}},{"type":"Feature","geometry":{"type":"Polygon","coordinates":[[[-122.29091075977267,37.85148942546178],[-122.29088729091356,37.85149427102993],[-122.29088292589506,37.85148097890947],[-122.29090639475024,37.851476133342146],[-122.29091075977267,37.85148942546178]]]},"properties":{"face":"3406R","n":9,"street":"POTTER ST","side":"R","zone":"C-W","cat":"com","placement":"building","width_source":"gis"}},{"type":"Feature","geometry":{"type":"Polygon","coordinates":[[[-122.29088729091356,37.85149427102993],[-122.29086382205143,37.85149911659336],[-122.29085945703689,37.85148582447209],[-122.29088292589506,37.85148097890947],[-122.29088729091356,37.85149427102993]]]},"properties":{"face":"3406R","n":10,"street":"POTTER ST","side":"R","zone":"C-W","cat":"com","placement":"building","width_source":"gis"}},{"type":"Feature","geometry":{"type":"Polygon","coordinates":[[[-122.29086382205143,37.85149911659336],[-122.29084035318631,37.85150396215207],[-122.29083598817574,37.85149067002999],[-122.29085945703689,37.85148582447209],[-122.29086382205143,37.85149911659336]]]},"properties":{"face":"3406R","n":11,"street":"POTTER ST","side":"R","zone":"C-W","cat":"com","placement":"building","width_source":"gis"}},{"type":"Feature","geometry":{"type":"Polygon","coordinates":[[[-122.29084035318631,37.85150396215207],[-122.29081688431819,37.85150880770609],[-122.29081251931156,37.851495515583174],[-122.29083598817574,37.85149067002999],[-122.29084035318631,37.85150396215207]]]},"properties":{"face":"3406R","n":12,"street":"POTTER ST","side":"R","zone":"C-W","cat":"com","placement":"building","width_source":"gis"}},{"type":"Feature","geometry":{"type":"Polygon","coordinates":[[[-122.29081688431819,37.85150880770609],[-122.29079341544704,37.85151365325538],[-122.29078905044437,37.851500361131656],[-122.29081251931156,37.851495515583174],[-122.29081688431819,37.85150880770609]]]},"properties":{"face":"3406R","n":13,"street":"POTTER ST","side":"R","zone":"C-W","cat":"com","placement":"building","width_source":"gis"}},{"type":"Feature","geometry":{"type":"Polygon","coordinates":[[[-122.29079341544704,37.85151365325538],[-122.29076994657291,37.85151849879997],[-122.29076558157422,37.85150520667541],[-122.29078905044437,37.851500361131656],[-122.29079341544704,37.85151365325538]]]},"properties":{"face":"3406R","n":14,"street":"POTTER ST","side":"R","zone":"C-W","cat":"com","placement":"building","width_source":"gis"}},{"type":"Feature","geometry":{"type":"Polygon","coordinates":[[[-122.29076994657291,37.85151849879997],[-122.29074647769578,37.851523344339846],[-122.29074211270103,37.85151005221448],[-122.29076558157422,37.85150520667541],[-122.29076994657291,37.85151849879997]]]},"properties":{"face":"3406R","n":15,"street":"POTTER ST","side":"R","zone":"C-W","cat":"com","placement":"building","width_source":"gis"}},{"type":"Feature","geometry":{"type":"Polygon","coordinates":[[[-122.29074647769578,37.851523344339846],[-122.29072300881565,37.851528189875],[-122.29071864382485,37.85151489774881],[-122.29074211270103,37.85151005221448],[-122.29074647769578,37.851523344339846]]]},"properties":{"face":"3406R","n":16,"street":"POTTER ST","side":"R","zone":"C-W","cat":"com","placement":"building","width_source":"gis"}},{"type":"Feature","geometry":{"type":"Polygon","coordinates":[[[-122.29072300881565,37.851528189875],[-122.2906995399325,37.851533035405446],[-122.29069517494565,37.85151974327844],[-122.29071864382485,37.85151489774881],[-122.29072300881565,37.851528189875]]]},"properties":{"face":"3406R","n":17,"street":"POTTER ST","side":"R","zone":"C-W","cat":"com","placement":"building","width_source":"gis"}},{"type":"Feature","geometry":{"type":"Polygon","coordinates":[[[-122.2906995399325,37.851533035405446],[-122.29067607104635,37.85153788093118],[-122.29067170606348,37.85152458880336],[-122.29069517494565,37.85151974327844],[-122.2906995399325,37.851533035405446]]]},"properties":{"face":"3406R","n":18,"street":"POTTER ST","side":"R","zone":"C-W","cat":"com","placement":"building","width_source":"gis"}},{"type":"Feature","geometry":{"type":"Polygon","coordinates":[[[-122.29067607104636,37.85153788093118],[-122.2906526021572,37.851542726452216],[-122.29064823717829,37.85152943432355],[-122.29067170606348,37.85152458880336],[-122.29067607104636,37.85153788093118]]]},"properties":{"face":"3406R","n":19,"street":"POTTER ST","side":"R","zone":"C-W","cat":"com","placement":"building","width_source":"gis"}},{"type":"Feature","geometry":{"type":"Polygon","coordinates":[[[-122.2906526021572,37.851542726452216],[-122.29062913326506,37.85154757196852],[-122.29062476829009,37.85153427983904],[-122.29064823717829,37.85152943432355],[-122.2906526021572,37.851542726452216]]]},"properties":{"face":"3406R","n":20,"street":"POTTER ST","side":"R","zone":"C-W","cat":"com","placement":"building","width_source":"gis"}},{"type":"Feature","geometry":{"type":"Polygon","coordinates":[[[-122.29062913326506,37.85154757196852],[-122.2906056643699,37.851552417480114],[-122.29060129939889,37.851539125349824],[-122.29062476829009,37.85153427983904],[-122.29062913326506,37.85154757196852]]]},"properties":{"face":"3406R","n":21,"street":"POTTER ST","side":"R","zone":"C-W","cat":"com","placement":"building","width_source":"gis"}},{"type":"Feature","geometry":{"type":"Polygon","coordinates":[[[-122.2906056643699,37.851552417480114],[-122.29058219547174,37.851557262987],[-122.29057783050467,37.85154397085589],[-122.29060129939889,37.851539125349824],[-122.2906056643699,37.851552417480114]]]},"properties":{"face":"3406R","n":22,"street":"POTTER ST","side":"R","zone":"C-W","cat":"com","placement":"building","width_source":"gis"}},{"type":"Feature","geometry":{"type":"Polygon","coordinates":[[[-122.29058219547174,37.851557262987],[-122.29055872657058,37.85156210848917],[-122.29055436160749,37.851548816357244],[-122.29057783050467,37.85154397085589],[-122.29058219547174,37.851557262987]]]},"properties":{"face":"3406R","n":23,"street":"POTTER ST","side":"R","zone":"C-W","cat":"com","placement":"building","width_source":"gis"}},{"type":"Feature","geometry":{"type":"Polygon","coordinates":[[[-122.29055872657058,37.85156210848917],[-122.29053525766643,37.85156695398662],[-122.29053089270728,37.851553661853885],[-122.29055436160749,37.851548816357244],[-122.29055872657058,37.85156210848917]]]},"properties":{"face":"3406R","n":24,"street":"POTTER ST","side":"R","zone":"C-W","cat":"com","placement":"building","width_source":"gis"}},{"type":"Feature","geometry":{"type":"Polygon","coordinates":[[[-122.29053525766643,37.85156695398662],[-122.29051178875928,37.85157179947938],[-122.29050742380407,37.851558507345814],[-122.29053089270728,37.851553661853885],[-122.29053525766643,37.85156695398662]]]},"properties":{"face":"3406R","n":25,"street":"POTTER ST","side":"R","zone":"C-W","cat":"com","placement":"building","width_source":"gis"}},{"type":"Feature","geometry":{"type":"Polygon","coordinates":[[[-122.28959312273025,37.85176092605126],[-122.28956922080245,37.85175828839969],[-122.28957160862035,37.8517446841738],[-122.28959551054386,37.85174732182485],[-122.28959312273025,37.85176092605126]]]},"properties":{"face":"3406R","n":26,"street":"POTTER ST","side":"R","zone":"C-W","cat":"com","placement":"building","width_source":"gis"}},{"type":"Feature","geometry":{"type":"Polygon","coordinates":[[[-122.28956900883561,37.851758262884175],[-122.28954507893084,37.85175514159419],[-122.28954789068659,37.85174158839993],[-122.28957182058714,37.85174470968931],[-122.28956900883561,37.851758262884175]]]},"properties":{"face":"3406R","n":27,"street":"POTTER ST","side":"R","zone":"C-W","cat":"com","placement":"building","width_source":"gis"}},{"type":"Feature","geometry":{"type":"Polygon","coordinates":[[[-122.29499192175861,37.850823819561846],[-122.29496841376057,37.85082854372386],[-122.29496415814684,37.85081522931501],[-122.29498766614087,37.850810505153795],[-122.29499192175861,37.850823819561846]]]},"properties":{"face":"3495L","n":1,"street":"POTTER ST","side":"L","zone":"MULI","cat":"man","placement":"curb","width_source":"gis"}},{"type":"Feature","geometry":{"type":"Polygon","coordinates":[[[-122.29496841376057,37.85082854372386],[-122.29494490575965,37.85083326788114],[-122.29494065014984,37.8508199534715],[-122.29496415814681,37.85081522931501],[-122.29496841376057,37.85082854372386]]]},"properties":{"face":"3495L","n":2,"street":"POTTER ST","side":"L","zone":"MULI","cat":"man","placement":"curb","width_source":"gis"}},{"type":"Feature","geometry":{"type":"Polygon","coordinates":[[[-122.29489788974895,37.85084271618154],[-122.29487438173919,37.85084744032464],[-122.29487012614138,37.8508341259126],[-122.29489363414712,37.85082940177029],[-122.29489788974895,37.85084271618154]]]},"properties":{"face":"3495L","n":3,"street":"POTTER ST","side":"L","zone":"MULI","cat":"man","placement":"curb","width_source":"gis"}},{"type":"Feature","geometry":{"type":"Polygon","coordinates":[[[-122.29478034967092,37.85086633684979],[-122.29475684164653,37.85087106096927],[-122.29475258606861,37.85085774655322],[-122.29477609408903,37.85085302243455],[-122.29478034967092,37.85086633684979]]]},"properties":{"face":"3495L","n":4,"street":"POTTER ST","side":"L","zone":"MULI","cat":"man","placement":"curb","width_source":"gis"}},{"type":"Feature","geometry":{"type":"Polygon","coordinates":[[[-122.29475684164653,37.85087106096927],[-122.2947333336192,37.850875785084014],[-122.2947290780453,37.85086247066717],[-122.29475258606861,37.85085774655322],[-122.29475684164653,37.85087106096927]]]},"properties":{"face":"3495L","n":5,"street":"POTTER ST","side":"L","zone":"MULI","cat":"man","placement":"curb","width_source":"gis"}},{"type":"Feature","geometry":{"type":"Polygon","coordinates":[[[-122.2947333336192,37.850875785084014],[-122.29470982558894,37.85088050919403],[-122.29470557001899,37.850867194776384],[-122.29472907804526,37.85086247066717],[-122.2947333336192,37.850875785084014]]]},"properties":{"face":"3495L","n":6,"street":"POTTER ST","side":"L","zone":"MULI","cat":"man","placement":"curb","width_source":"gis"}},{"type":"Feature","geometry":{"type":"Polygon","coordinates":[[[-122.29470982558894,37.85088050919403],[-122.29468631755577,37.850885233299316],[-122.29468206198979,37.85087191888087],[-122.29470557001902,37.850867194776384],[-122.29470982558894,37.85088050919403]]]},"properties":{"face":"3495L","n":7,"street":"POTTER ST","side":"L","zone":"MULI","cat":"man","placement":"curb","width_source":"gis"}},{"type":"Feature","geometry":{"type":"Polygon","coordinates":[[[-122.29468631755577,37.850885233299316],[-122.29466280951965,37.85088995739987],[-122.29465855395766,37.85087664298064],[-122.29468206198979,37.85087191888087],[-122.29468631755577,37.850885233299316]]]},"properties":{"face":"3495L","n":8,"street":"POTTER ST","side":"L","zone":"MULI","cat":"man","placement":"curb","width_source":"gis"}},{"type":"Feature","geometry":{"type":"Polygon","coordinates":[[[-122.29466280951965,37.85088995739987],[-122.2946393014806,37.85089468149572],[-122.29463504592262,37.85088136707567],[-122.29465855395766,37.85087664298064],[-122.29466280951965,37.85088995739987]]]},"properties":{"face":"3495L","n":9,"street":"POTTER ST","side":"L","zone":"MULI","cat":"man","placement":"curb","width_source":"gis"}},{"type":"Feature","geometry":{"type":"Polygon","coordinates":[[[-122.2946393014806,37.85089468149572],[-122.29461579343861,37.85089940558683],[-122.2946115378846,37.85088609116598],[-122.29463504592262,37.85088136707567],[-122.2946393014806,37.85089468149572]]]},"properties":{"face":"3495L","n":10,"street":"POTTER ST","side":"L","zone":"MULI","cat":"man","placement":"curb","width_source":"gis"}},{"type":"Feature","geometry":{"type":"Polygon","coordinates":[[[-122.29461579343864,37.85089940558683],[-122.2945922853937,37.85090412967322],[-122.29458802984368,37.85089081525157],[-122.2946115378846,37.85088609116598],[-122.29461579343864,37.85089940558683]]]},"properties":{"face":"3495L","n":11,"street":"POTTER ST","side":"L","zone":"MULI","cat":"man","placement":"curb","width_source":"gis"}},{"type":"Feature","geometry":{"type":"Polygon","coordinates":[[[-122.2945922853937,37.85090412967322],[-122.29456877734589,37.85090885375487],[-122.29456452179983,37.85089553933242],[-122.29458802984368,37.85089081525157],[-122.2945922853937,37.85090412967322]]]},"properties":{"face":"3495L","n":12,"street":"POTTER ST","side":"L","zone":"MULI","cat":"man","placement":"curb","width_source":"gis"}},{"type":"Feature","geometry":{"type":"Polygon","coordinates":[[[-122.29456877734589,37.85090885375487],[-122.2945452692951,37.8509135778318],[-122.29454101375305,37.850900263408555],[-122.29456452179983,37.85089553933242],[-122.29456877734589,37.85090885375487]]]},"properties":{"face":"3495L","n":13,"street":"POTTER ST","side":"L","zone":"MULI","cat":"man","placement":"curb","width_source":"gis"}},{"type":"Feature","geometry":{"type":"Polygon","coordinates":[[[-122.29445123706272,37.85093247409223],[-122.29442772899728,37.85093719814554],[-122.29442347347513,37.850923883718295],[-122.29444698153658,37.850919159665786],[-122.29445123706272,37.85093247409223]]]},"properties":{"face":"3495L","n":14,"street":"POTTER ST","side":"L","zone":"MULI","cat":"man","placement":"curb","width_source":"gis"}},{"type":"Feature","geometry":{"type":"Polygon","coordinates":[[[-122.29442772899728,37.85093719814554],[-122.29440422092895,37.8509419221941],[-122.29439996541078,37.85092860776606],[-122.29442347347513,37.850923883718295],[-122.29442772899728,37.85093719814554]]]},"properties":{"face":"3495L","n":15,"street":"POTTER ST","side":"L","zone":"MULI","cat":"man","placement":"curb","width_source":"gis"}},{"type":"Feature","geometry":{"type":"Polygon","coordinates":[[[-122.29438071285766,37.850946646237944],[-122.29435720478345,37.85095137027705],[-122.29435294927325,37.85093805584741],[-122.29437645734349,37.85093333180911],[-122.29438071285766,37.850946646237944]]]},"properties":{"face":"3495L","n":16,"street":"POTTER ST","side":"L","zone":"MULI","cat":"man","placement":"curb","width_source":"gis"}},{"type":"Feature","geometry":{"type":"Polygon","coordinates":[[[-122.29428668054321,37.85096554236602],[-122.29426317245726,37.85097026638623],[-122.29425891696302,37.850956951953385],[-122.29428242504497,37.85095222793399],[-122.29428668054321,37.85096554236602]]]},"properties":{"face":"3495L","n":17,"street":"POTTER ST","side":"L","zone":"MULI","cat":"man","placement":"curb","width_source":"gis"}},{"type":"Feature","geometry":{"type":"Polygon","coordinates":[[[-122.29426317245726,37.85097026638623],[-122.2942396643684,37.85097499040171],[-122.29423540887812,37.850961675968065],[-122.29425891696302,37.850956951953385],[-122.29426317245726,37.85097026638623]]]},"properties":{"face":"3495L","n":18,"street":"POTTER ST","side":"L","zone":"MULI","cat":"man","placement":"curb","width_source":"gis"}},{"type":"Feature","geometry":{"type":"Polygon","coordinates":[[[-122.2942396643684,37.85097499040171],[-122.2942161562766,37.85097971441247],[-122.29421190079032,37.85096639997802],[-122.29423540887812,37.850961675968065],[-122.2942396643684,37.85097499040171]]]},"properties":{"face":"3495L","n":19,"street":"POTTER ST","side":"L","zone":"MULI","cat":"man","placement":"curb","width_source":"gis"}},{"type":"Feature","geometry":{"type":"Polygon","coordinates":[[[-122.2942161562766,37.85097971441247],[-122.29419264818189,37.85098443841848],[-122.29418839269957,37.85097112398325],[-122.29421190079032,37.85096639997802],[-122.2942161562766,37.85097971441247]]]},"properties":{"face":"3495L","n":20,"street":"POTTER ST","side":"L","zone":"MULI","cat":"man","placement":"curb","width_source":"gis"}},{"type":"Feature","geometry":{"type":"Polygon","coordinates":[[[-122.29419264818189,37.85098443841848],[-122.29416914008422,37.850989162419786],[-122.29416488460589,37.85097584798375],[-122.29418839269957,37.85097112398325],[-122.29419264818189,37.85098443841848]]]},"properties":{"face":"3495L","n":21,"street":"POTTER ST","side":"L","zone":"MULI","cat":"man","placement":"curb","width_source":"gis"}},{"type":"Feature","geometry":{"type":"Polygon","coordinates":[[[-122.29416914008422,37.850989162419786],[-122.29414563198365,37.85099388641636],[-122.29414137650929,37.85098057197953],[-122.29416488460589,37.85097584798375],[-122.29416914008422,37.850989162419786]]]},"properties":{"face":"3495L","n":22,"street":"POTTER ST","side":"L","zone":"MULI","cat":"man","placement":"curb","width_source":"gis"}},{"type":"Feature","geometry":{"type":"Polygon","coordinates":[[[-122.29414563198365,37.85099388641636],[-122.29412212388013,37.8509986104082],[-122.29411786840977,37.85098529597056],[-122.29414137650929,37.85098057197953],[-122.29414563198365,37.85099388641636]]]},"properties":{"face":"3495L","n":23,"street":"POTTER ST","side":"L","zone":"MULI","cat":"man","placement":"curb","width_source":"gis"}},{"type":"Feature","geometry":{"type":"Polygon","coordinates":[[[-122.29412212388013,37.8509986104082],[-122.29409861577368,37.85100333439531],[-122.29409436030728,37.850990019956875],[-122.29411786840974,37.85098529597056],[-122.29412212388013,37.8509986104082]]]},"properties":{"face":"3495L","n":24,"street":"POTTER ST","side":"L","zone":"MULI","cat":"man","placement":"curb","width_source":"gis"}},{"type":"Feature","geometry":{"type":"Polygon","coordinates":[[[-122.29409861577368,37.85100333439531],[-122.2940751076643,37.851008058377694],[-122.29407085220188,37.85099474393847],[-122.29409436030728,37.850990019956875],[-122.29409861577368,37.85100333439531]]]},"properties":{"face":"3495L","n":25,"street":"POTTER ST","side":"L","zone":"MULI","cat":"man","placement":"curb","width_source":"gis"}},{"type":"Feature","geometry":{"type":"Polygon","coordinates":[[[-122.2940751076643,37.851008058377694],[-122.29405159955198,37.85101278235537],[-122.29404734409357,37.85099946791534],[-122.29407085220188,37.85099474393847],[-122.2940751076643,37.851008058377694]]]},"properties":{"face":"3495L","n":26,"street":"POTTER ST","side":"L","zone":"MULI","cat":"man","placement":"curb","width_source":"gis"}},{"type":"Feature","geometry":{"type":"Polygon","coordinates":[[[-122.29405159955198,37.85101278235537],[-122.29402809143674,37.851017506328304],[-122.29402383598232,37.85100419188747],[-122.29404734409357,37.85099946791534],[-122.29405159955198,37.85101278235537]]]},"properties":{"face":"3495L","n":27,"street":"POTTER ST","side":"L","zone":"MULI","cat":"man","placement":"curb","width_source":"gis"}},{"type":"Feature","geometry":{"type":"Polygon","coordinates":[[[-122.29402809143674,37.851017506328304],[-122.29400458331857,37.8510222302965],[-122.2940003278681,37.85100891585488],[-122.29402383598232,37.85100419188747],[-122.29402809143674,37.851017506328304]]]},"properties":{"face":"3495L","n":28,"street":"POTTER ST","side":"L","zone":"MULI","cat":"man","placement":"curb","width_source":"gis"}},{"type":"Feature","geometry":{"type":"Polygon","coordinates":[[[-122.29400458331857,37.8510222302965],[-122.29398107519746,37.851026954259986],[-122.293976819751,37.85101363981755],[-122.2940003278681,37.85100891585488],[-122.29400458331857,37.8510222302965]]]},"properties":{"face":"3495L","n":29,"street":"POTTER ST","side":"L","zone":"MULI","cat":"man","placement":"curb","width_source":"gis"}},{"type":"Feature","geometry":{"type":"Polygon","coordinates":[[[-122.29398107519746,37.851026954259986],[-122.29395756707343,37.851031678218746],[-122.29395331163096,37.85101836377551],[-122.293976819751,37.85101363981755],[-122.29398107519746,37.851026954259986]]]},"properties":{"face":"3495L","n":30,"street":"POTTER ST","side":"L","zone":"MULI","cat":"man","placement":"curb","width_source":"gis"}},{"type":"Feature","geometry":{"type":"Polygon","coordinates":[[[-122.29395756707343,37.851031678218746],[-122.29393405894648,37.85103640217277],[-122.29392980350798,37.85102308772874],[-122.29395331163096,37.85101836377551],[-122.29395756707343,37.851031678218746]]]},"properties":{"face":"3495L","n":31,"street":"POTTER ST","side":"L","zone":"MULI","cat":"man","placement":"curb","width_source":"gis"}},{"type":"Feature","geometry":{"type":"Polygon","coordinates":[[[-122.29393405894648,37.85103640217277],[-122.29391055081656,37.85104112612206],[-122.29390629538206,37.851027811677234],[-122.29392980350798,37.85102308772874],[-122.29393405894648,37.85103640217277]]]},"properties":{"face":"3495L","n":32,"street":"POTTER ST","side":"L","zone":"MULI","cat":"man","placement":"curb","width_source":"gis"}},{"type":"Feature","geometry":{"type":"Polygon","coordinates":[[[-122.29391055081656,37.85104112612206],[-122.29388704268376,37.85104585006664],[-122.29388278725322,37.851032535621016],[-122.29390629538206,37.851027811677234],[-122.29391055081656,37.85104112612206]]]},"properties":{"face":"3495L","n":33,"street":"POTTER ST","side":"L","zone":"MULI","cat":"man","placement":"curb","width_source":"gis"}},{"type":"Feature","geometry":{"type":"Polygon","coordinates":[[[-122.29388704268376,37.85104585006664],[-122.293863534548,37.85105057400647],[-122.29385927912145,37.85103725956005],[-122.29388278725322,37.851032535621016],[-122.29388704268376,37.85104585006664]]]},"properties":{"face":"3495L","n":34,"street":"POTTER ST","side":"L","zone":"MULI","cat":"man","placement":"curb","width_source":"gis"}},{"type":"Feature","geometry":{"type":"Polygon","coordinates":[[[-122.293863534548,37.85105057400647],[-122.29384002640931,37.851055297941606],[-122.29383577098673,37.85104198349438],[-122.29385927912145,37.85103725956005],[-122.293863534548,37.85105057400647]]]},"properties":{"face":"3495L","n":35,"street":"POTTER ST","side":"L","zone":"MULI","cat":"man","placement":"curb","width_source":"gis"}},{"type":"Feature","geometry":{"type":"Polygon","coordinates":[[[-122.29384002640931,37.851055297941606],[-122.2938165182677,37.85106002187201],[-122.29381226284912,37.851046707423976],[-122.29383577098673,37.85104198349438],[-122.29384002640931,37.851055297941606]]]},"properties":{"face":"3495L","n":36,"street":"POTTER ST","side":"L","zone":"MULI","cat":"man","placement":"curb","width_source":"gis"}},{"type":"Feature","geometry":{"type":"Polygon","coordinates":[[[-122.2938165182677,37.85106002187201],[-122.29379301012315,37.85106474579766],[-122.29378875470854,37.85105143134883],[-122.29381226284912,37.851046707423976],[-122.2938165182677,37.85106002187201]]]},"properties":{"face":"3495L","n":37,"street":"POTTER ST","side":"L","zone":"MULI","cat":"man","placement":"curb","width_source":"gis"}},{"type":"Feature","geometry":{"type":"Polygon","coordinates":[[[-122.29379301012315,37.85106474579766],[-122.29376950197566,37.8510694697186],[-122.29376524656504,37.85105615526898],[-122.29378875470854,37.85105143134883],[-122.29379301012315,37.85106474579766]]]},"properties":{"face":"3495L","n":38,"street":"POTTER ST","side":"L","zone":"MULI","cat":"man","placement":"curb","width_source":"gis"}},{"type":"Feature","geometry":{"type":"Polygon","coordinates":[[[-122.29376950197566,37.8510694697186],[-122.29374599382527,37.851074193634815],[-122.29374173841863,37.85106087918439],[-122.29376524656504,37.85105615526898],[-122.29376950197566,37.8510694697186]]]},"properties":{"face":"3495L","n":39,"street":"POTTER ST","side":"L","zone":"MULI","cat":"man","placement":"curb","width_source":"gis"}},{"type":"Feature","geometry":{"type":"Polygon","coordinates":[[[-122.29374599382527,37.851074193634815],[-122.29372248567194,37.851078917546296],[-122.29371823026928,37.851065603095066],[-122.29374173841863,37.85106087918439],[-122.29374599382527,37.851074193634815]]]},"properties":{"face":"3495L","n":40,"street":"POTTER ST","side":"L","zone":"MULI","cat":"man","placement":"curb","width_source":"gis"}},{"type":"Feature","geometry":{"type":"Polygon","coordinates":[[[-122.29372248567194,37.851078917546296],[-122.29369897751566,37.85108364145305],[-122.29369472211701,37.85107032700102],[-122.29371823026928,37.851065603095066],[-122.29372248567194,37.851078917546296]]]},"properties":{"face":"3495L","n":41,"street":"POTTER ST","side":"L","zone":"MULI","cat":"man","placement":"curb","width_source":"gis"}},{"type":"Feature","geometry":{"type":"Polygon","coordinates":[[[-122.29369897751566,37.85108364145305],[-122.29367546935647,37.85108836535508],[-122.29367121396177,37.85107505090225],[-122.29369472211701,37.85107032700102],[-122.29369897751566,37.85108364145305]]]},"properties":{"face":"3495L","n":42,"street":"POTTER ST","side":"L","zone":"MULI","cat":"man","placement":"curb","width_source":"gis"}},{"type":"Feature","geometry":{"type":"Polygon","coordinates":[[[-122.29501800213804,37.8506705980372],[-122.29499449419039,37.85067532220504],[-122.29499023858031,37.85066200779683],[-122.29501374652395,37.85065728362978],[-122.29501800213804,37.8506705980372]]]},"properties":{"face":"3495R","n":1,"street":"POTTER ST","side":"R","zone":"C-W","cat":"com","placement":"building","width_source":"gis"}},{"type":"Feature","geometry":{"type":"Polygon","coordinates":[[[-122.29499449419039,37.85067532220504],[-122.29497098623985,37.85068004636815],[-122.29496673063373,37.850666731959144],[-122.29499023858031,37.85066200779683],[-122.29499449419039,37.85067532220504]]]},"properties":{"face":"3495R","n":2,"street":"POTTER ST","side":"R","zone":"C-W","cat":"com","placement":"building","width_source":"gis"}},{"type":"Feature","geometry":{"type":"Polygon","coordinates":[[[-122.29497098623985,37.85068004636815],[-122.29494747828633,37.85068477052654],[-122.29494322268422,37.850671456116736],[-122.29496673063373,37.850666731959144],[-122.29497098623985,37.85068004636815]]]},"properties":{"face":"3495R","n":3,"street":"POTTER ST","side":"R","zone":"C-W","cat":"com","placement":"building","width_source":"gis"}},{"type":"Feature","geometry":{"type":"Polygon","coordinates":[[[-122.29494747828633,37.85068477052654],[-122.29492397032993,37.8506894946802],[-122.29491971473179,37.85067618026959],[-122.29494322268422,37.850671456116736],[-122.29494747828633,37.85068477052654]]]},"properties":{"face":"3495R","n":4,"street":"POTTER ST","side":"R","zone":"C-W","cat":"com","placement":"building","width_source":"gis"}},{"type":"Feature","geometry":{"type":"Polygon","coordinates":[[[-122.29492397032993,37.8506894946802],[-122.29490046237058,37.85069421882914],[-122.2948962067764,37.85068090441773],[-122.29491971473179,37.85067618026959],[-122.29492397032993,37.8506894946802]]]},"properties":{"face":"3495R","n":5,"street":"POTTER ST","side":"R","zone":"C-W","cat":"com","placement":"building","width_source":"gis"}},{"type":"Feature","geometry":{"type":"Polygon","coordinates":[[[-122.29490046237058,37.85069421882914],[-122.2948769544083,37.85069894297336],[-122.29487269881812,37.85068562856114],[-122.2948962067764,37.85068090441773],[-122.29490046237058,37.85069421882914]]]},"properties":{"face":"3495R","n":6,"street":"POTTER ST","side":"R","zone":"C-W","cat":"com","placement":"building","width_source":"gis"}},{"type":"Feature","geometry":{"type":"Polygon","coordinates":[[[-122.2948769544083,37.85069894297336],[-122.29485344644308,37.85070366711282],[-122.29484919085688,37.85069035269982],[-122.29487269881812,37.85068562856114],[-122.2948769544083,37.85069894297336]]]},"properties":{"face":"3495R","n":7,"street":"POTTER ST","side":"R","zone":"C-W","cat":"com","placement":"building","width_source":"gis"}},{"type":"Feature","geometry":{"type":"Polygon","coordinates":[[[-122.29485344644308,37.85070366711282],[-122.29482993847493,37.850708391247586],[-122.29482568289272,37.85069507683378],[-122.29484919085688,37.85069035269982],[-122.29485344644308,37.85070366711282]]]},"properties":{"face":"3495R","n":8,"street":"POTTER ST","side":"R","zone":"C-W","cat":"com","placement":"building","width_source":"gis"}},{"type":"Feature","geometry":{"type":"Polygon","coordinates":[[[-122.29482993847493,37.850708391247586],[-122.29480643050385,37.85071311537761],[-122.29480217492564,37.85069980096299],[-122.29482568289272,37.85069507683378],[-122.29482993847493,37.850708391247586]]]},"properties":{"face":"3495R","n":9,"street":"POTTER ST","side":"R","zone":"C-W","cat":"com","placement":"building","width_source":"gis"}},{"type":"Feature","geometry":{"type":"Polygon","coordinates":[[[-122.29480643050387,37.85071311537761],[-122.29478292252986,37.85071783950291],[-122.29477866695561,37.85070452508751],[-122.29480217492564,37.85069980096299],[-122.29480643050387,37.85071311537761]]]},"properties":{"face":"3495R","n":10,"street":"POTTER ST","side":"R","zone":"C-W","cat":"com","placement":"building","width_source":"gis"}},{"type":"Feature","geometry":{"type":"Polygon","coordinates":[[[-122.29478292252986,37.85071783950291],[-122.29475941455293,37.850722563623485],[-122.29475515898264,37.85070924920727],[-122.29477866695561,37.85070452508751],[-122.29478292252986,37.85071783950291]]]},"properties":{"face":"3495R","n":11,"street":"POTTER ST","side":"R","zone":"C-W","cat":"com","placement":"building","width_source":"gis"}},{"type":"Feature","geometry":{"type":"Polygon","coordinates":[[[-122.29475941455293,37.850722563623485],[-122.29473590657307,37.85072728773934],[-122.29473165100677,37.85071397332233],[-122.29475515898264,37.85070924920727],[-122.29475941455293,37.850722563623485]]]},"properties":{"face":"3495R","n":12,"street":"POTTER ST","side":"R","zone":"C-W","cat":"com","placement":"building","width_source":"gis"}},{"type":"Feature","geometry":{"type":"Polygon","coordinates":[[[-122.29473590657307,37.85072728773934],[-122.29471239859025,37.85073201185046],[-122.29470814302796,37.85071869743266],[-122.29473165100677,37.85071397332233],[-122.29473590657307,37.85072728773934]]]},"properties":{"face":"3495R","n":13,"street":"POTTER ST","side":"R","zone":"C-W","cat":"com","placement":"building","width_source":"gis"}},{"type":"Feature","geometry":{"type":"Polygon","coordinates":[[[-122.29471239859025,37.85073201185046],[-122.29468889060453,37.85073673595685],[-122.29468463504621,37.85072342153825],[-122.29470814302796,37.85071869743266],[-122.29471239859025,37.85073201185046]]]},"properties":{"face":"3495R","n":14,"street":"POTTER ST","side":"R","zone":"C-W","cat":"com","placement":"building","width_source":"gis"}},{"type":"Feature","geometry":{"type":"Polygon","coordinates":[[[-122.29468889060453,37.85073673595685],[-122.29466538261586,37.850741460058515],[-122.29466112706154,37.85072814563911],[-122.29468463504621,37.85072342153825],[-122.29468889060453,37.85073673595685]]]},"properties":{"face":"3495R","n":15,"street":"POTTER ST","side":"R","zone":"C-W","cat":"com","placement":"building","width_source":"gis"}},{"type":"Feature","geometry":{"type":"Polygon","coordinates":[[[-122.29466538261586,37.850741460058515],[-122.29464187462428,37.850746184155454],[-122.29463761907394,37.85073286973525],[-122.29466112706154,37.85072814563911],[-122.29466538261586,37.850741460058515]]]},"properties":{"face":"3495R","n":16,"street":"POTTER ST","side":"R","zone":"C-W","cat":"com","placement":"building","width_source":"gis"}},{"type":"Feature","geometry":{"type":"Polygon","coordinates":[[[-122.29464187462428,37.850746184155454],[-122.29461836662976,37.850750908247676],[-122.29461411108339,37.850737593826665],[-122.29463761907394,37.85073286973525],[-122.29464187462428,37.850746184155454]]]},"properties":{"face":"3495R","n":17,"street":"POTTER ST","side":"R","zone":"C-W","cat":"com","placement":"building","width_source":"gis"}},{"type":"Feature","geometry":{"type":"Polygon","coordinates":[[[-122.29461836662976,37.85075090824767],[-122.29459485863231,37.85075563233516],[-122.29459060308994,37.85074231791335],[-122.29461411108339,37.850737593826665],[-122.29461836662976,37.85075090824767]]]},"properties":{"face":"3495R","n":18,"street":"POTTER ST","side":"R","zone":"C-W","cat":"com","placement":"building","width_source":"gis"}},{"type":"Feature","geometry":{"type":"Polygon","coordinates":[[[-122.29459485863231,37.85075563233516],[-122.29457135063194,37.850760356417915],[-122.29456709509354,37.85074704199531],[-122.29459060308994,37.85074231791335],[-122.29459485863231,37.85075563233516]]]},"properties":{"face":"3495R","n":19,"street":"POTTER ST","side":"R","zone":"C-W","cat":"com","placement":"building","width_source":"gis"}},{"type":"Feature","geometry":{"type":"Polygon","coordinates":[[[-122.29457135063194,37.850760356417915],[-122.29454784262862,37.85076508049594],[-122.29454358709421,37.85075176607255],[-122.29456709509354,37.85074704199531],[-122.29457135063194,37.850760356417915]]]},"properties":{"face":"3495R","n":20,"street":"POTTER ST","side":"R","zone":"C-W","cat":"com","placement":"building","width_source":"gis"}},{"type":"Feature","geometry":{"type":"Polygon","coordinates":[[[-122.29454784262862,37.85076508049594],[-122.2945243346224,37.850769804569246],[-122.29452007909195,37.85075649014505],[-122.29454358709421,37.85075176607255],[-122.29454784262862,37.85076508049594]]]},"properties":{"face":"3495R","n":21,"street":"POTTER ST","side":"R","zone":"C-W","cat":"com","placement":"building","width_source":"gis"}},{"type":"Feature","geometry":{"type":"Polygon","coordinates":[[[-122.2945243346224,37.850769804569246],[-122.29450082661322,37.85077452863783],[-122.29449657108675,37.85076121421283],[-122.29452007909195,37.85075649014505],[-122.2945243346224,37.850769804569246]]]},"properties":{"face":"3495R","n":22,"street":"POTTER ST","side":"R","zone":"C-W","cat":"com","placement":"building","width_source":"gis"}},{"type":"Feature","geometry":{"type":"Polygon","coordinates":[[[-122.29450082661322,37.85077452863783],[-122.29447731860112,37.85077925270168],[-122.29447306307864,37.85076593827587],[-122.29449657108675,37.85076121421283],[-122.29450082661322,37.85077452863783]]]},"properties":{"face":"3495R","n":23,"street":"POTTER ST","side":"R","zone":"C-W","cat":"com","placement":"building","width_source":"gis"}},{"type":"Feature","geometry":{"type":"Polygon","coordinates":[[[-122.29447731860112,37.85077925270168],[-122.29445381058606,37.85078397676081],[-122.29444955506759,37.850770662334206],[-122.29447306307864,37.85076593827587],[-122.29447731860112,37.85077925270168]]]},"properties":{"face":"3495R","n":24,"street":"POTTER ST","side":"R","zone":"C-W","cat":"com","placement":"building","width_source":"gis"}},{"type":"Feature","geometry":{"type":"Polygon","coordinates":[[[-122.29445381058606,37.85078397676081],[-122.29443030256812,37.8507887008152],[-122.2944260470536,37.850775386387795],[-122.29444955506759,37.850770662334206],[-122.29445381058606,37.85078397676081]]]},"properties":{"face":"3495R","n":25,"street":"POTTER ST","side":"R","zone":"C-W","cat":"com","placement":"building","width_source":"gis"}},{"type":"Feature","geometry":{"type":"Polygon","coordinates":[[[-122.29443030256812,37.8507887008152],[-122.29440679454723,37.850793424864875],[-122.2944025390367,37.85078011043667],[-122.2944260470536,37.850775386387795],[-122.29443030256812,37.8507887008152]]]},"properties":{"face":"3495R","n":26,"street":"POTTER ST","side":"R","zone":"C-W","cat":"com","placement":"building","width_source":"gis"}},{"type":"Feature","geometry":{"type":"Polygon","coordinates":[[[-122.29440679454721,37.850793424864875],[-122.2943832865234,37.850798148909824],[-122.29437903101686,37.85078483448082],[-122.2944025390367,37.85078011043667],[-122.29440679454721,37.850793424864875]]]},"properties":{"face":"3495R","n":27,"street":"POTTER ST","side":"R","zone":"C-W","cat":"com","placement":"building","width_source":"gis"}},{"type":"Feature","geometry":{"type":"Polygon","coordinates":[[[-122.2943832865234,37.850798148909824],[-122.29435977849664,37.850802872950034],[-122.2943555229941,37.85078955852023],[-122.29437903101686,37.85078483448082],[-122.2943832865234,37.850798148909824]]]},"properties":{"face":"3495R","n":28,"street":"POTTER ST","side":"R","zone":"C-W","cat":"com","placement":"building","width_source":"gis"}},{"type":"Feature","geometry":{"type":"Polygon","coordinates":[[[-122.29435977849664,37.850802872950034],[-122.29433627046696,37.850807596985526],[-122.29433201496839,37.85079428255493],[-122.2943555229941,37.85078955852023],[-122.29435977849664,37.850802872950034]]]},"properties":{"face":"3495R","n":29,"street":"POTTER ST","side":"R","zone":"C-W","cat":"com","placement":"building","width_source":"gis"}},{"type":"Feature","geometry":{"type":"Polygon","coordinates":[[[-122.29433627046696,37.850807596985526],[-122.29431276243433,37.850812321016285],[-122.29430850693974,37.85079900658488],[-122.29433201496839,37.85079428255493],[-122.29433627046696,37.850807596985526]]]},"properties":{"face":"3495R","n":30,"street":"POTTER ST","side":"R","zone":"C-W","cat":"com","placement":"building","width_source":"gis"}},{"type":"Feature","geometry":{"type":"Polygon","coordinates":[[[-122.29431276243433,37.850812321016285],[-122.29428925439879,37.85081704504232],[-122.2942849989082,37.850803730610124],[-122.29430850693974,37.85079900658488],[-122.29431276243433,37.850812321016285]]]},"properties":{"face":"3495R","n":31,"street":"POTTER ST","side":"R","zone":"C-W","cat":"com","placement":"building","width_source":"gis"}},{"type":"Feature","geometry":{"type":"Polygon","coordinates":[[[-122.29428925439879,37.85081704504232],[-122.29426574636031,37.850821769063636],[-122.29426149087371,37.85080845463063],[-122.2942849989082,37.850803730610124],[-122.29428925439879,37.85081704504232]]]},"properties":{"face":"3495R","n":32,"street":"POTTER ST","side":"R","zone":"C-W","cat":"com","placement":"building","width_source":"gis"}},{"type":"Feature","geometry":{"type":"Polygon","coordinates":[[[-122.28613123139807,37.851004775078124],[-122.28612512688873,37.85098616478445],[-122.28614189143723,37.85098270733305],[-122.28614799595053,37.8510013176259],[-122.28613123139807,37.851004775078124]]]},"properties":{"face":"3632L","n":1,"street":"SAN PABLO AVE","side":"L","zone":"C-W","cat":"com","placement":"building","width_source":"default"}},{"type":"Feature","geometry":{"type":"Polygon","coordinates":[[[-122.28610681337872,37.85093033390137],[-122.28610070888136,37.850911723606316],[-122.28611747341405,37.85090826615819],[-122.28612357791535,37.85092687645241],[-122.28610681337872,37.85093033390137]]]},"properties":{"face":"3632L","n":2,"street":"SAN PABLO AVE","side":"L","zone":"C-W","cat":"com","placement":"building","width_source":"default"}},{"type":"Feature","geometry":{"type":"Polygon","coordinates":[[[-122.28610070888136,37.850911723606316],[-122.28609460438705,37.850893113310924],[-122.28611136891575,37.85088965586362],[-122.28611747341405,37.85090826615819],[-122.28610070888136,37.850911723606316]]]},"properties":{"face":"3632L","n":3,"street":"SAN PABLO AVE","side":"L","zone":"C-W","cat":"com","placement":"building","width_source":"default"}},{"type":"Feature","geometry":{"type":"Polygon","coordinates":[[[-122.28609460438705,37.850893113310924],[-122.2860884998957,37.85087450301519],[-122.28610526442047,37.8508710455687],[-122.28611136891575,37.85088965586362],[-122.28609460438705,37.850893113310924]]]},"properties":{"face":"3632L","n":4,"street":"SAN PABLO AVE","side":"L","zone":"C-W","cat":"com","placement":"building","width_source":"default"}},{"type":"Feature","geometry":{"type":"Polygon","coordinates":[[[-122.2860884998957,37.85087450301519],[-122.28608239540735,37.85085589271911],[-122.28609915992816,37.85085243527343],[-122.28610526442047,37.8508710455687],[-122.2860884998957,37.85087450301519]]]},"properties":{"face":"3632L","n":5,"street":"SAN PABLO AVE","side":"L","zone":"C-W","cat":"com","placement":"building","width_source":"default"}},{"type":"Feature","geometry":{"type":"Polygon","coordinates":[[[-122.28608239540735,37.85085589271911],[-122.28607629092201,37.85083728242268],[-122.28609305543887,37.850833824977826],[-122.28609915992816,37.85085243527343],[-122.28608239540735,37.85085589271911]]]},"properties":{"face":"3632L","n":6,"street":"SAN PABLO AVE","side":"L","zone":"C-W","cat":"com","placement":"building","width_source":"default"}},{"type":"Feature","geometry":{"type":"Polygon","coordinates":[[[-122.28633334803638,37.85066505207359],[-122.28632724350271,37.85064644178909],[-122.28634400796504,37.85064298430784],[-122.28635011250267,37.85066159459151],[-122.28633334803638,37.85066505207359]]]},"properties":{"face":"3632R","n":1,"street":"SAN PABLO AVE","side":"R","zone":"C-W","cat":"com","placement":"building","width_source":"default"}},{"type":"Feature","geometry":{"type":"Polygon","coordinates":[[[-122.28632724350271,37.85064644178909],[-122.28632113897203,37.850627831504255],[-122.28633790343042,37.85062437402383],[-122.28634400796504,37.85064298430784],[-122.28632724350271,37.85064644178909]]]},"properties":{"face":"3632R","n":2,"street":"SAN PABLO AVE","side":"R","zone":"C-W","cat":"com","placement":"building","width_source":"default"}},{"type":"Feature","geometry":{"type":"Polygon","coordinates":[[[-122.28632113897203,37.850627831504255],[-122.28631503444437,37.85060922121906],[-122.2863317988988,37.85060576373946],[-122.28633790343042,37.85062437402383],[-122.28632113897203,37.850627831504255]]]},"properties":{"face":"3632R","n":3,"street":"SAN PABLO AVE","side":"R","zone":"C-W","cat":"com","placement":"building","width_source":"default"}},{"type":"Feature","geometry":{"type":"Polygon","coordinates":[[[-122.28631503444437,37.85060922121906],[-122.2863089299197,37.85059061093355],[-122.28632569437018,37.85058715345475],[-122.2863317988988,37.85060576373946],[-122.28631503444437,37.85060922121906]]]},"properties":{"face":"3632R","n":4,"street":"SAN PABLO AVE","side":"R","zone":"C-W","cat":"com","placement":"building","width_source":"default"}},{"type":"Feature","geometry":{"type":"Polygon","coordinates":[[[-122.2863089299197,37.85059061093355],[-122.28630282539802,37.85057200064767],[-122.28631958984455,37.8505685431697],[-122.28632569437018,37.85058715345475],[-122.2863089299197,37.85059061093355]]]},"properties":{"face":"3632R","n":5,"street":"SAN PABLO AVE","side":"R","zone":"C-W","cat":"com","placement":"building","width_source":"default"}},{"type":"Feature","geometry":{"type":"Polygon","coordinates":[[[-122.28630282539802,37.85057200064767],[-122.28629672087935,37.85055339036146],[-122.28631348532191,37.85054993288431],[-122.28631958984455,37.8505685431697],[-122.28630282539802,37.85057200064767]]]},"properties":{"face":"3632R","n":6,"street":"SAN PABLO AVE","side":"R","zone":"C-W","cat":"com","placement":"building","width_source":"default"}},{"type":"Feature","geometry":{"type":"Polygon","coordinates":[[[-122.28629672087935,37.85055339036146],[-122.28629061636367,37.85053478007491],[-122.2863073808023,37.85053132259856],[-122.28631348532191,37.85054993288431],[-122.28629672087935,37.85055339036146]]]},"properties":{"face":"3632R","n":7,"street":"SAN PABLO AVE","side":"R","zone":"C-W","cat":"com","placement":"building","width_source":"default"}},{"type":"Feature","geometry":{"type":"Polygon","coordinates":[[[-122.29123882741052,37.850822943929074],[-122.29121729844432,37.850831795841124],[-122.29120932447327,37.85081960231168],[-122.29123085343682,37.85081075040106],[-122.29123882741052,37.850822943929074]]]},"properties":{"face":"3633R","n":1,"street":"ASHBY AVE","side":"R","zone":"MULI","cat":"man","placement":"building","width_source":"default"}},{"type":"Feature","geometry":{"type":"Polygon","coordinates":[[[-122.29121729844432,37.850831795841124],[-122.291195769473,37.85084064774916],[-122.2911877955046,37.8508284542183],[-122.29120932447327,37.85081960231168],[-122.29121729844432,37.850831795841124]]]},"properties":{"face":"3633R","n":2,"street":"ASHBY AVE","side":"R","zone":"MULI","cat":"man","placement":"building","width_source":"default"}},{"type":"Feature","geometry":{"type":"Polygon","coordinates":[[[-122.291195769473,37.85084064774916],[-122.29117424049662,37.85084949965319],[-122.29116626653085,37.85083730612092],[-122.2911877955046,37.8508284542183],[-122.291195769473,37.85084064774916]]]},"properties":{"face":"3633R","n":3,"street":"ASHBY AVE","side":"R","zone":"MULI","cat":"man","placement":"building","width_source":"default"}},{"type":"Feature","geometry":{"type":"Polygon","coordinates":[[[-122.2893324924005,37.85180734066509],[-122.2893090096315,37.8518121439694],[-122.28930468266663,37.8517988440286],[-122.28932816543168,37.8517940407251],[-122.2893324924005,37.85180734066509]]]},"properties":{"face":"3635L","n":1,"street":"ASHBY AVE","side":"L","zone":"C-W","cat":"com","placement":"building","width_source":"default"}},{"type":"Feature","geometry":{"type":"Polygon","coordinates":[[[-122.2893090096315,37.8518121439694],[-122.28928552685949,37.85181694726899],[-122.28928119989858,37.85180364732739],[-122.28930468266663,37.8517988440286],[-122.2893090096315,37.8518121439694]]]},"properties":{"face":"3635L","n":2,"street":"ASHBY AVE","side":"L","zone":"C-W","cat":"com","placement":"building","width_source":"default"}},{"type":"Feature","geometry":{"type":"Polygon","coordinates":[[[-122.28928552685949,37.85181694726899],[-122.28926204408451,37.85182175056387],[-122.28925771712757,37.851808450621434],[-122.28928119989858,37.85180364732739],[-122.28928552685949,37.85181694726899]]]},"properties":{"face":"3635L","n":3,"street":"ASHBY AVE","side":"L","zone":"C-W","cat":"com","placement":"building","width_source":"default"}},{"type":"Feature","geometry":{"type":"Polygon","coordinates":[[[-122.28926204408451,37.85182175056387],[-122.28923856130658,37.85182655385401],[-122.2892342343536,37.85181325391078],[-122.28925771712757,37.851808450621434],[-122.28926204408451,37.85182175056387]]]},"properties":{"face":"3635L","n":4,"street":"ASHBY AVE","side":"L","zone":"C-W","cat":"com","placement":"building","width_source":"default"}},{"type":"Feature","geometry":{"type":"Polygon","coordinates":[[[-122.28923856130658,37.85182655385401],[-122.28921507852563,37.851831357139446],[-122.28921075157663,37.8518180571954],[-122.2892342343536,37.85181325391078],[-122.28923856130658,37.85182655385401]]]},"properties":{"face":"3635L","n":5,"street":"ASHBY AVE","side":"L","zone":"C-W","cat":"com","placement":"building","width_source":"default"}},{"type":"Feature","geometry":{"type":"Polygon","coordinates":[[[-122.28921507852563,37.851831357139446],[-122.28919159574171,37.85183616042017],[-122.28918726879668,37.85182286047531],[-122.28921075157663,37.8518180571954],[-122.28921507852563,37.851831357139446]]]},"properties":{"face":"3635L","n":6,"street":"ASHBY AVE","side":"L","zone":"C-W","cat":"com","placement":"building","width_source":"default"}},{"type":"Feature","geometry":{"type":"Polygon","coordinates":[[[-122.28926498054228,37.85159982679474],[-122.28924149783512,37.85160463008637],[-122.28923717089397,37.85159133014287],[-122.28926065359714,37.85158652685205],[-122.28926498054228,37.85159982679474]]]},"properties":{"face":"3635R","n":1,"street":"ASHBY AVE","side":"R","zone":"MULI","cat":"man","placement":"curb","width_source":"default"}},{"type":"Feature","geometry":{"type":"Polygon","coordinates":[[[-122.28924149783512,37.85160463008637],[-122.289218015125,37.851609433373284],[-122.2892136881878,37.85159613342896],[-122.28923717089397,37.85159133014287],[-122.28924149783512,37.85160463008637]]]},"properties":{"face":"3635R","n":2,"street":"ASHBY AVE","side":"R","zone":"MULI","cat":"man","placement":"curb","width_source":"default"}},{"type":"Feature","geometry":{"type":"Polygon","coordinates":[[[-122.28917104969584,37.851619039932956],[-122.28914756697678,37.85162384320571],[-122.28914324005147,37.85161054325895],[-122.28916672276657,37.85160573998701],[-122.28917104969584,37.851619039932956]]]},"properties":{"face":"3635R","n":3,"street":"ASHBY AVE","side":"R","zone":"MULI","cat":"man","placement":"curb","width_source":"default"}},{"type":"Feature","geometry":{"type":"Polygon","coordinates":[[[-122.28914756697678,37.85162384320571],[-122.28912408425475,37.851628646473735],[-122.28911975733341,37.85161534652617],[-122.28914324005147,37.85161054325895],[-122.28914756697678,37.85162384320571]]]},"properties":{"face":"3635R","n":4,"street":"ASHBY AVE","side":"R","zone":"MULI","cat":"man","placement":"curb","width_source":"default"}},{"type":"Feature","geometry":{"type":"Polygon","coordinates":[[[-122.28912408425475,37.851628646473735],[-122.28910060152974,37.851633449737065],[-122.28909627461236,37.85162014978868],[-122.28911975733341,37.85161534652617],[-122.28912408425475,37.851628646473735]]]},"properties":{"face":"3635R","n":5,"street":"ASHBY AVE","side":"R","zone":"MULI","cat":"man","placement":"curb","width_source":"default"}},{"type":"Feature","geometry":{"type":"Polygon","coordinates":[[[-122.30085181632413,37.867165887657514],[-122.30087535640669,37.86716124838343],[-122.3008795364914,37.867174577983775],[-122.3008559964048,37.86717921725864],[-122.30085181632413,37.867165887657514]]]},"properties":{"face":"3652L","n":1,"street":"UNIVERSITY AVE OVERPASS","side":"L","zone":"MULI","cat":"man","placement":"building","width_source":"gis"}},{"type":"Feature","geometry":{"type":"Polygon","coordinates":[[[-122.30087535640669,37.86716124838343],[-122.3008988964864,37.86715660910463],[-122.3009030765751,37.86716993870417],[-122.3008795364914,37.867174577983775],[-122.30087535640669,37.86716124838343]]]},"properties":{"face":"3652L","n":2,"street":"UNIVERSITY AVE OVERPASS","side":"L","zone":"MULI","cat":"man","placement":"building","width_source":"gis"}},{"type":"Feature","geometry":{"type":"Polygon","coordinates":[[[-122.3008988964864,37.86715660910463],[-122.3009224365632,37.86715196982107],[-122.30092661665591,37.86716529941983],[-122.3009030765751,37.86716993870417],[-122.3008988964864,37.86715660910463]]]},"properties":{"face":"3652L","n":3,"street":"UNIVERSITY AVE OVERPASS","side":"L","zone":"MULI","cat":"man","placement":"building","width_source":"gis"}},{"type":"Feature","geometry":{"type":"Polygon","coordinates":[[[-122.3009224365632,37.86715196982107],[-122.30094597663712,37.867147330532774],[-122.30095015673383,37.86716066013076],[-122.30092661665591,37.86716529941983],[-122.3009224365632,37.86715196982107]]]},"properties":{"face":"3652L","n":4,"street":"UNIVERSITY AVE OVERPASS","side":"L","zone":"MULI","cat":"man","placement":"building","width_source":"gis"}},{"type":"Feature","geometry":{"type":"Polygon","coordinates":[[[-122.30094597663712,37.867147330532774],[-122.30096951670816,37.86714269123975],[-122.3009736968089,37.86715602083694],[-122.30095015673383,37.86716066013076],[-122.30094597663712,37.867147330532774]]]},"properties":{"face":"3652L","n":5,"street":"UNIVERSITY AVE OVERPASS","side":"L","zone":"MULI","cat":"man","placement":"building","width_source":"gis"}},{"type":"Feature","geometry":{"type":"Polygon","coordinates":[[[-122.30096951670816,37.86714269123975],[-122.30099305677635,37.86713805194198],[-122.30099723688107,37.867151381538385],[-122.3009736968089,37.86715602083694],[-122.30096951670816,37.86714269123975]]]},"properties":{"face":"3652L","n":6,"street":"UNIVERSITY AVE OVERPASS","side":"L","zone":"MULI","cat":"man","placement":"building","width_source":"gis"}},{"type":"Feature","geometry":{"type":"Polygon","coordinates":[[[-122.30099305677635,37.86713805194198],[-122.30101659684162,37.86713341263946],[-122.30102077695037,37.86714674223509],[-122.30099723688107,37.867151381538385],[-122.30099305677635,37.86713805194198]]]},"properties":{"face":"3652L","n":7,"street":"UNIVERSITY AVE OVERPASS","side":"L","zone":"MULI","cat":"man","placement":"building","width_source":"gis"}},{"type":"Feature","geometry":{"type":"Polygon","coordinates":[[[-122.30101659684162,37.86713341263946],[-122.30104013690402,37.86712877333221],[-122.30104431701676,37.86714210292705],[-122.30102077695037,37.86714674223509],[-122.30101659684162,37.86713341263946]]]},"properties":{"face":"3652L","n":8,"street":"UNIVERSITY AVE OVERPASS","side":"L","zone":"MULI","cat":"man","placement":"building","width_source":"gis"}},{"type":"Feature","geometry":{"type":"Polygon","coordinates":[[[-122.30095163323286,37.86748418630626],[-122.30097517341108,37.86747954701341],[-122.30097935353089,37.86749287660983],[-122.30095581334868,37.867497515903466],[-122.30095163323286,37.86748418630626]]]},"properties":{"face":"3652R","n":1,"street":"UNIVERSITY AVE OVERPASS","side":"R","zone":"MULI","cat":"man","placement":"building","width_source":"gis"}},{"type":"Feature","geometry":{"type":"Polygon","coordinates":[[[-122.30097517341108,37.86747954701341],[-122.3009987135864,37.86747490771583],[-122.30100289371023,37.86748823731147],[-122.30097935353089,37.86749287660983],[-122.30097517341108,37.86747954701341]]]},"properties":{"face":"3652R","n":2,"street":"UNIVERSITY AVE OVERPASS","side":"R","zone":"MULI","cat":"man","placement":"building","width_source":"gis"}},{"type":"Feature","geometry":{"type":"Polygon","coordinates":[[[-122.3009987135864,37.86747490771583],[-122.30102225375884,37.8674702684135],[-122.3010264338867,37.867483598008356],[-122.30100289371023,37.86748823731147],[-122.3009987135864,37.86747490771583]]]},"properties":{"face":"3652R","n":3,"street":"UNIVERSITY AVE OVERPASS","side":"R","zone":"MULI","cat":"man","placement":"building","width_source":"gis"}},{"type":"Feature","geometry":{"type":"Polygon","coordinates":[[[-122.30102225375884,37.8674702684135],[-122.30104579392841,37.86746562910644],[-122.30104997406026,37.86747895870051],[-122.3010264338867,37.867483598008356],[-122.30102225375884,37.8674702684135]]]},"properties":{"face":"3652R","n":4,"street":"UNIVERSITY AVE OVERPASS","side":"R","zone":"MULI","cat":"man","placement":"building","width_source":"gis"}},{"type":"Feature","geometry":{"type":"Polygon","coordinates":[[[-122.30104579392841,37.86746562910644],[-122.30106933409512,37.86746098979463],[-122.30107351423095,37.867474319387924],[-122.30104997406026,37.86747895870051],[-122.30104579392841,37.86746562910644]]]},"properties":{"face":"3652R","n":5,"street":"UNIVERSITY AVE OVERPASS","side":"R","zone":"MULI","cat":"man","placement":"building","width_source":"gis"}},{"type":"Feature","geometry":{"type":"Polygon","coordinates":[[[-122.30106933409512,37.86746098979463],[-122.3010928742589,37.867456350478086],[-122.30109705439874,37.867469680070585],[-122.30107351423095,37.867474319387924],[-122.30106933409512,37.86746098979463]]]},"properties":{"face":"3652R","n":6,"street":"UNIVERSITY AVE OVERPASS","side":"R","zone":"MULI","cat":"man","placement":"building","width_source":"gis"}},{"type":"Feature","geometry":{"type":"Polygon","coordinates":[[[-122.3010928742589,37.867456350478086],[-122.30111641441982,37.8674517111568],[-122.30112059456368,37.86746504074852],[-122.30109705439874,37.867469680070585],[-122.3010928742589,37.867456350478086]]]},"properties":{"face":"3652R","n":7,"street":"UNIVERSITY AVE OVERPASS","side":"R","zone":"MULI","cat":"man","placement":"building","width_source":"gis"}},{"type":"Feature","geometry":{"type":"Polygon","coordinates":[[[-122.29346708617784,37.85116519181507],[-122.29344360913724,37.85117001211256],[-122.2934392669025,37.851156715299375],[-122.29346274393914,37.8511518950027],[-122.29346708617784,37.85116519181507]]]},"properties":{"face":"4078L","n":1,"street":"POTTER ST","side":"L","zone":"C-W","cat":"com","placement":"building","width_source":"gis"}},{"type":"Feature","geometry":{"type":"Polygon","coordinates":[[[-122.29344360913724,37.85117001211256],[-122.29342013209366,37.851174832405356],[-122.29341578986289,37.851161535591366],[-122.2934392669025,37.851156715299375],[-122.29344360913724,37.85117001211256]]]},"properties":{"face":"4078L","n":2,"street":"POTTER ST","side":"L","zone":"C-W","cat":"com","placement":"building","width_source":"gis"}},{"type":"Feature","geometry":{"type":"Polygon","coordinates":[[[-122.29342013209364,37.851174832405356],[-122.29339665504709,37.85117965269342],[-122.29339231282027,37.851166355878604],[-122.29341578986289,37.851161535591366],[-122.29342013209364,37.851174832405356]]]},"properties":{"face":"4078L","n":3,"street":"POTTER ST","side":"L","zone":"C-W","cat":"com","placement":"building","width_source":"gis"}},{"type":"Feature","geometry":{"type":"Polygon","coordinates":[[[-122.29339665504709,37.85117965269342],[-122.29337317799751,37.85118447297677],[-122.29336883577467,37.85117117616114],[-122.29339231282026,37.851166355878604],[-122.29339665504709,37.85117965269342]]]},"properties":{"face":"4078L","n":4,"street":"POTTER ST","side":"L","zone":"C-W","cat":"com","placement":"building","width_source":"gis"}},{"type":"Feature","geometry":{"type":"Polygon","coordinates":[[[-122.29337317799751,37.85118447297677],[-122.29334970094497,37.851189293255395],[-122.29334535872609,37.85117599643896],[-122.29336883577467,37.85117117616114],[-122.29337317799751,37.85118447297677]]]},"properties":{"face":"4078L","n":5,"street":"POTTER ST","side":"L","zone":"C-W","cat":"com","placement":"building","width_source":"gis"}},{"type":"Feature","geometry":{"type":"Polygon","coordinates":[[[-122.29334970094497,37.851189293255395],[-122.29332622388945,37.851194113529324],[-122.29332188167452,37.851180816712066],[-122.29334535872609,37.85117599643896],[-122.29334970094497,37.851189293255395]]]},"properties":{"face":"4078L","n":6,"street":"POTTER ST","side":"L","zone":"C-W","cat":"com","placement":"building","width_source":"gis"}},{"type":"Feature","geometry":{"type":"Polygon","coordinates":[[[-122.29332622388945,37.851194113529324],[-122.2933027468309,37.851198933798514],[-122.29329840461995,37.851185636980446],[-122.29332188167452,37.851180816712066],[-122.29332622388945,37.851194113529324]]]},"properties":{"face":"4078L","n":7,"street":"POTTER ST","side":"L","zone":"C-W","cat":"com","placement":"building","width_source":"gis"}},{"type":"Feature","geometry":{"type":"Polygon","coordinates":[[[-122.2933027468309,37.851198933798514],[-122.2932792697694,37.851203754063015],[-122.29327492756238,37.85119045724412],[-122.29329840461995,37.851185636980446],[-122.2933027468309,37.851198933798514]]]},"properties":{"face":"4078L","n":8,"street":"POTTER ST","side":"L","zone":"C-W","cat":"com","placement":"building","width_source":"gis"}},{"type":"Feature","geometry":{"type":"Polygon","coordinates":[[[-122.2932792697694,37.851203754063015],[-122.29325579270491,37.85120857432279],[-122.29325145050186,37.85119527750308],[-122.29327492756238,37.85119045724412],[-122.2932792697694,37.851203754063015]]]},"properties":{"face":"4078L","n":9,"street":"POTTER ST","side":"L","zone":"C-W","cat":"com","placement":"building","width_source":"gis"}},{"type":"Feature","geometry":{"type":"Polygon","coordinates":[[[-122.29325579270491,37.85120857432279],[-122.29323231563741,37.85121339457785],[-122.29322797343833,37.85120009775732],[-122.29325145050186,37.85119527750308],[-122.29325579270491,37.85120857432279]]]},"properties":{"face":"4078L","n":10,"street":"POTTER ST","side":"L","zone":"C-W","cat":"com","placement":"building","width_source":"gis"}},{"type":"Feature","geometry":{"type":"Polygon","coordinates":[[[-122.29323231563741,37.85121339457785],[-122.29320883856694,37.85121821482818],[-122.29320449637181,37.85120491800685],[-122.29322797343833,37.85120009775732],[-122.29323231563741,37.85121339457785]]]},"properties":{"face":"4078L","n":11,"street":"POTTER ST","side":"L","zone":"C-W","cat":"com","placement":"building","width_source":"gis"}},{"type":"Feature","geometry":{"type":"Polygon","coordinates":[[[-122.29320883856694,37.85121821482818],[-122.29318536149347,37.851223035073815],[-122.29318101930231,37.85120973825166],[-122.29320449637181,37.85120491800685],[-122.29320883856694,37.85121821482818]]]},"properties":{"face":"4078L","n":12,"street":"POTTER ST","side":"L","zone":"C-W","cat":"com","placement":"building","width_source":"gis"}},{"type":"Feature","geometry":{"type":"Polygon","coordinates":[[[-122.29318536149347,37.851223035073815],[-122.29316188441703,37.85122785531472],[-122.29315754222984,37.85121455849176],[-122.29318101930231,37.85120973825166],[-122.29318536149347,37.851223035073815]]]},"properties":{"face":"4078L","n":13,"street":"POTTER ST","side":"L","zone":"C-W","cat":"com","placement":"building","width_source":"gis"}},{"type":"Feature","geometry":{"type":"Polygon","coordinates":[[[-122.29316188441703,37.85122785531472],[-122.29313840733758,37.851232675550925],[-122.29313406515435,37.85121937872714],[-122.29315754222984,37.85121455849176],[-122.29316188441703,37.85122785531472]]]},"properties":{"face":"4078L","n":14,"street":"POTTER ST","side":"L","zone":"C-W","cat":"com","placement":"building","width_source":"gis"}},{"type":"Feature","geometry":{"type":"Polygon","coordinates":[[[-122.29313840733758,37.851232675550925],[-122.29311493025514,37.85123749578241],[-122.29311058807586,37.8512241989578],[-122.29313406515435,37.85121937872714],[-122.29313840733758,37.851232675550925]]]},"properties":{"face":"4078L","n":15,"street":"POTTER ST","side":"L","zone":"C-W","cat":"com","placement":"building","width_source":"gis"}},{"type":"Feature","geometry":{"type":"Polygon","coordinates":[[[-122.29311493025514,37.85123749578241],[-122.29309145316974,37.85124231600916],[-122.29308711099443,37.851229019183755],[-122.29311058807586,37.8512241989578],[-122.29311493025514,37.85123749578241]]]},"properties":{"face":"4078L","n":16,"street":"POTTER ST","side":"L","zone":"C-W","cat":"com","placement":"building","width_source":"gis"}},{"type":"Feature","geometry":{"type":"Polygon","coordinates":[[[-122.29309145316974,37.85124231600916],[-122.29306797608133,37.85124713623121],[-122.29306363391,37.85123383940498],[-122.29308711099443,37.851229019183755],[-122.29309145316974,37.85124231600916]]]},"properties":{"face":"4078L","n":17,"street":"POTTER ST","side":"L","zone":"C-W","cat":"com","placement":"building","width_source":"gis"}},{"type":"Feature","geometry":{"type":"Polygon","coordinates":[[[-122.29306797608133,37.85124713623121],[-122.29304449898994,37.85125195644856],[-122.29304015682256,37.85123865962151],[-122.29306363391,37.85123383940498],[-122.29306797608133,37.85124713623121]]]},"properties":{"face":"4078L","n":18,"street":"POTTER ST","side":"L","zone":"C-W","cat":"com","placement":"building","width_source":"gis"}},{"type":"Feature","geometry":{"type":"Polygon","coordinates":[[[-122.29304449898994,37.85125195644856],[-122.29302102189556,37.851256776661174],[-122.29301667973213,37.85124347983331],[-122.29304015682256,37.85123865962151],[-122.29304449898994,37.85125195644856]]]},"properties":{"face":"4078L","n":19,"street":"POTTER ST","side":"L","zone":"C-W","cat":"com","placement":"building","width_source":"gis"}},{"type":"Feature","geometry":{"type":"Polygon","coordinates":[[[-122.29302102189556,37.851256776661174],[-122.2929975447982,37.85126159686907],[-122.29299320263874,37.8512483000404],[-122.29301667973213,37.85124347983331],[-122.29302102189556,37.851256776661174]]]},"properties":{"face":"4078L","n":20,"street":"POTTER ST","side":"L","zone":"C-W","cat":"com","placement":"building","width_source":"gis"}},{"type":"Feature","geometry":{"type":"Polygon","coordinates":[[[-122.2929975447982,37.85126159686907],[-122.29297406769786,37.85126641707227],[-122.29296972554235,37.85125312024277],[-122.29299320263874,37.8512483000404],[-122.2929975447982,37.85126159686907]]]},"properties":{"face":"4078L","n":21,"street":"POTTER ST","side":"L","zone":"C-W","cat":"com","placement":"building","width_source":"gis"}},{"type":"Feature","geometry":{"type":"Polygon","coordinates":[[[-122.29297406769786,37.85126641707227],[-122.29295059059451,37.85127123727074],[-122.29294624844297,37.851257940440426],[-122.29296972554235,37.85125312024277],[-122.29297406769786,37.85126641707227]]]},"properties":{"face":"4078L","n":22,"street":"POTTER ST","side":"L","zone":"C-W","cat":"com","placement":"building","width_source":"gis"}},{"type":"Feature","geometry":{"type":"Polygon","coordinates":[[[-122.29295059059449,37.85127123727074],[-122.29292711348816,37.8512760574645],[-122.2929227713406,37.85126276063337],[-122.29294624844297,37.851257940440426],[-122.29295059059449,37.85127123727074]]]},"properties":{"face":"4078L","n":23,"street":"POTTER ST","side":"L","zone":"C-W","cat":"com","placement":"building","width_source":"gis"}},{"type":"Feature","geometry":{"type":"Polygon","coordinates":[[[-122.29292711348816,37.8512760574645],[-122.29290363637884,37.851280877653544],[-122.29289929423524,37.8512675808216],[-122.2929227713406,37.85126276063337],[-122.29292711348816,37.8512760574645]]]},"properties":{"face":"4078L","n":24,"street":"POTTER ST","side":"L","zone":"C-W","cat":"com","placement":"building","width_source":"gis"}},{"type":"Feature","geometry":{"type":"Polygon","coordinates":[[[-122.29290363637884,37.851280877653544],[-122.29288015926655,37.85128569783787],[-122.29287581712688,37.85127240100511],[-122.29289929423524,37.8512675808216],[-122.29290363637884,37.851280877653544]]]},"properties":{"face":"4078L","n":25,"street":"POTTER ST","side":"L","zone":"C-W","cat":"com","placement":"building","width_source":"gis"}},{"type":"Feature","geometry":{"type":"Polygon","coordinates":[[[-122.29288015926655,37.85128569783787],[-122.29285668215124,37.85129051801748],[-122.29285234001556,37.85127722118391],[-122.29287581712688,37.85127240100511],[-122.29288015926655,37.85128569783787]]]},"properties":{"face":"4078L","n":26,"street":"POTTER ST","side":"L","zone":"C-W","cat":"com","placement":"building","width_source":"gis"}},{"type":"Feature","geometry":{"type":"Polygon","coordinates":[[[-122.29285668215124,37.85129051801748],[-122.29283320503296,37.85129533819238],[-122.29282886290125,37.85128204135799],[-122.29285234001556,37.85127722118391],[-122.29285668215124,37.85129051801748]]]},"properties":{"face":"4078L","n":27,"street":"POTTER ST","side":"L","zone":"C-W","cat":"com","placement":"building","width_source":"gis"}},{"type":"Feature","geometry":{"type":"Polygon","coordinates":[[[-122.29283320503296,37.85129533819238],[-122.2928097279117,37.851300158362555],[-122.29280538578392,37.851286861527356],[-122.29282886290125,37.85128204135799],[-122.29283320503296,37.85129533819238]]]},"properties":{"face":"4078L","n":28,"street":"POTTER ST","side":"L","zone":"C-W","cat":"com","placement":"building","width_source":"gis"}},{"type":"Feature","geometry":{"type":"Polygon","coordinates":[[[-122.2928097279117,37.851300158362555],[-122.29278625078744,37.851304978528034],[-122.29278190866364,37.851291681692004],[-122.29280538578392,37.851286861527356],[-122.2928097279117,37.851300158362555]]]},"properties":{"face":"4078L","n":29,"street":"POTTER ST","side":"L","zone":"C-W","cat":"com","placement":"building","width_source":"gis"}},{"type":"Feature","geometry":{"type":"Polygon","coordinates":[[[-122.29278625078744,37.851304978528034],[-122.29276277366021,37.851309798688774],[-122.29275843154035,37.851296501851934],[-122.29278190866364,37.851291681692004],[-122.29278625078744,37.851304978528034]]]},"properties":{"face":"4078L","n":30,"street":"POTTER ST","side":"L","zone":"C-W","cat":"com","placement":"building","width_source":"gis"}},{"type":"Feature","geometry":{"type":"Polygon","coordinates":[[[-122.29276277366019,37.851309798688774],[-122.29273929652997,37.85131461884481],[-122.29273495441407,37.85130132200716],[-122.29275843154035,37.851296501851934],[-122.29276277366019,37.851309798688774]]]},"properties":{"face":"4078L","n":31,"street":"POTTER ST","side":"L","zone":"C-W","cat":"com","placement":"building","width_source":"gis"}},{"type":"Feature","geometry":{"type":"Polygon","coordinates":[[[-122.29273929652997,37.85131461884481],[-122.29271581939676,37.85131943899613],[-122.29271147728481,37.85130614215766],[-122.29273495441407,37.85130132200716],[-122.29273929652997,37.85131461884481]]]},"properties":{"face":"4078L","n":32,"street":"POTTER ST","side":"L","zone":"C-W","cat":"com","placement":"building","width_source":"gis"}},{"type":"Feature","geometry":{"type":"Polygon","coordinates":[[[-122.29271581939676,37.85131943899613],[-122.29269234226054,37.85132425914272],[-122.29268800015255,37.851310962303444],[-122.29271147728481,37.85130614215766],[-122.29271581939676,37.85131943899613]]]},"properties":{"face":"4078L","n":33,"street":"POTTER ST","side":"L","zone":"C-W","cat":"com","placement":"building","width_source":"gis"}},{"type":"Feature","geometry":{"type":"Polygon","coordinates":[[[-122.29269234226054,37.85132425914272],[-122.29266886512134,37.85132907928461],[-122.29266452301734,37.85131578244451],[-122.29268800015255,37.851310962303444],[-122.29269234226054,37.85132425914272]]]},"properties":{"face":"4078L","n":34,"street":"POTTER ST","side":"L","zone":"C-W","cat":"com","placement":"building","width_source":"gis"}},{"type":"Feature","geometry":{"type":"Polygon","coordinates":[[[-122.29266886512134,37.85132907928461],[-122.29264538797915,37.85133389942178],[-122.29264104587911,37.85132060258087],[-122.29266452301734,37.85131578244451],[-122.29266886512134,37.85132907928461]]]},"properties":{"face":"4078L","n":35,"street":"POTTER ST","side":"L","zone":"C-W","cat":"com","placement":"building","width_source":"gis"}},{"type":"Feature","geometry":{"type":"Polygon","coordinates":[[[-122.29264538797915,37.85133389942178],[-122.29262191083397,37.85133871955425],[-122.2926175687379,37.85132542271251],[-122.29264104587911,37.85132060258087],[-122.29264538797915,37.85133389942178]]]},"properties":{"face":"4078L","n":36,"street":"POTTER ST","side":"L","zone":"C-W","cat":"com","placement":"building","width_source":"gis"}},{"type":"Feature","geometry":{"type":"Polygon","coordinates":[[[-122.29262191083397,37.85133871955425],[-122.29259843368582,37.851343539681984],[-122.2925940915937,37.851330242839445],[-122.2926175687379,37.85132542271251],[-122.29262191083397,37.85133871955425]]]},"properties":{"face":"4078L","n":37,"street":"POTTER ST","side":"L","zone":"C-W","cat":"com","placement":"building","width_source":"gis"}},{"type":"Feature","geometry":{"type":"Polygon","coordinates":[[[-122.29259843368582,37.851343539681984],[-122.29257495653466,37.85134835980501],[-122.2925706144465,37.85133506296165],[-122.2925940915937,37.851330242839445],[-122.29259843368582,37.851343539681984]]]},"properties":{"face":"4078L","n":38,"street":"POTTER ST","side":"L","zone":"C-W","cat":"com","placement":"building","width_source":"gis"}},{"type":"Feature","geometry":{"type":"Polygon","coordinates":[[[-122.29257495653466,37.85134835980501],[-122.29255147938053,37.85135317992332],[-122.29254713729635,37.85133988307915],[-122.29257061444653,37.85133506296165],[-122.29257495653466,37.85134835980501]]]},"properties":{"face":"4078L","n":39,"street":"POTTER ST","side":"L","zone":"C-W","cat":"com","placement":"building","width_source":"gis"}},{"type":"Feature","geometry":{"type":"Polygon","coordinates":[[[-122.2890302815859,37.85164783334069],[-122.28900680834523,37.8516526656806],[-122.2890024552337,37.85163937110737],[-122.28902592847037,37.85163453876828],[-122.2890302815859,37.85164783334069]]]},"properties":{"face":"4294R","n":1,"street":"ASHBY AVE","side":"R","zone":"MULI","cat":"man","placement":"curb","width_source":"osm-building"}},{"type":"Feature","geometry":{"type":"Polygon","coordinates":[[[-122.28900680834523,37.8516526656806],[-122.28898333510162,37.85165749801578],[-122.28897898199402,37.851644203441744],[-122.28900245523369,37.85163937110737],[-122.28900680834523,37.8516526656806]]]},"properties":{"face":"4294R","n":2,"street":"ASHBY AVE","side":"R","zone":"MULI","cat":"man","placement":"curb","width_source":"osm-building"}},{"type":"Feature","geometry":{"type":"Polygon","coordinates":[[[-122.28898333510162,37.85165749801578],[-122.28895986185499,37.85166233034626],[-122.28895550875137,37.8516490357714],[-122.28897898199402,37.851644203441744],[-122.28898333510162,37.85165749801578]]]},"properties":{"face":"4294R","n":3,"street":"ASHBY AVE","side":"R","zone":"MULI","cat":"man","placement":"curb","width_source":"osm-building"}},{"type":"Feature","geometry":{"type":"Polygon","coordinates":[[[-122.28895986185499,37.85166233034626],[-122.28893638860538,37.85166716267202],[-122.28893203550571,37.85165386809635],[-122.28895550875137,37.8516490357714],[-122.28895986185499,37.85166233034626]]]},"properties":{"face":"4294R","n":4,"street":"ASHBY AVE","side":"R","zone":"MULI","cat":"man","placement":"curb","width_source":"osm-building"}},{"type":"Feature","geometry":{"type":"Polygon","coordinates":[[[-122.28886596883855,37.85168165962102],[-122.28884249557696,37.85168649192793],[-122.2888381424931,37.851673197349],[-122.28886161575076,37.8516683650429],[-122.28886596883855,37.85168165962102]]]},"properties":{"face":"4294R","n":5,"street":"ASHBY AVE","side":"R","zone":"MULI","cat":"man","placement":"curb","width_source":"osm-building"}},{"type":"Feature","geometry":{"type":"Polygon","coordinates":[[[-122.28884249557696,37.85168649192793],[-122.28881902231237,37.85169132423012],[-122.28881466923247,37.85167802965036],[-122.2888381424931,37.851673197349],[-122.28884249557696,37.85168649192793]]]},"properties":{"face":"4294R","n":6,"street":"ASHBY AVE","side":"R","zone":"MULI","cat":"man","placement":"curb","width_source":"osm-building"}},{"type":"Feature","geometry":{"type":"Polygon","coordinates":[[[-122.28881902231237,37.85169132423012],[-122.28879554904478,37.8516961565276],[-122.28879119596884,37.85168286194703],[-122.28881466923247,37.85167802965036],[-122.28881902231237,37.85169132423012]]]},"properties":{"face":"4294R","n":7,"street":"ASHBY AVE","side":"R","zone":"MULI","cat":"man","placement":"curb","width_source":"osm-building"}},{"type":"Feature","geometry":{"type":"Polygon","coordinates":[[[-122.28879554904478,37.8516961565276],[-122.28877207577418,37.851700988820355],[-122.2887677227022,37.85168769423897],[-122.28879119596884,37.85168286194703],[-122.28879554904478,37.8516961565276]]]},"properties":{"face":"4294R","n":8,"street":"ASHBY AVE","side":"R","zone":"MULI","cat":"man","placement":"curb","width_source":"osm-building"}},{"type":"Feature","geometry":{"type":"Polygon","coordinates":[[[-122.28877207577418,37.851700988820355],[-122.2887486025006,37.8517058211084],[-122.28874424943261,37.8516925265262],[-122.2887677227022,37.85168769423897],[-122.28877207577418,37.851700988820355]]]},"properties":{"face":"4294R","n":9,"street":"ASHBY AVE","side":"R","zone":"MULI","cat":"man","placement":"curb","width_source":"osm-building"}},{"type":"Feature","geometry":{"type":"Polygon","coordinates":[[[-122.2887486025006,37.8517058211084],[-122.28872512922402,37.85171065339174],[-122.28872077616,37.851697358808714],[-122.28874424943261,37.8516925265262],[-122.2887486025006,37.8517058211084]]]},"properties":{"face":"4294R","n":10,"street":"ASHBY AVE","side":"R","zone":"MULI","cat":"man","placement":"curb","width_source":"osm-building"}},{"type":"Feature","geometry":{"type":"Polygon","coordinates":[[[-122.28872512922402,37.85171065339174],[-122.28870165594448,37.85171548567036],[-122.28869730288439,37.851702191086524],[-122.28872077616,37.851697358808714],[-122.28872512922402,37.85171065339174]]]},"properties":{"face":"4294R","n":11,"street":"ASHBY AVE","side":"R","zone":"MULI","cat":"man","placement":"curb","width_source":"osm-building"}},{"type":"Feature","geometry":{"type":"Polygon","coordinates":[[[-122.28870165594448,37.85171548567036],[-122.28867818266191,37.85172031794428],[-122.28867382960578,37.851707023359616],[-122.28869730288439,37.851702191086524],[-122.28870165594448,37.85171548567036]]]},"properties":{"face":"4294R","n":12,"street":"ASHBY AVE","side":"R","zone":"MULI","cat":"man","placement":"curb","width_source":"osm-building"}},{"type":"Feature","geometry":{"type":"Polygon","coordinates":[[[-122.28867818266191,37.85172031794428],[-122.28865470937636,37.85172515021347],[-122.28865035632418,37.85171185562799],[-122.28867382960578,37.851707023359616],[-122.28867818266191,37.85172031794428]]]},"properties":{"face":"4294R","n":13,"street":"ASHBY AVE","side":"R","zone":"MULI","cat":"man","placement":"curb","width_source":"osm-building"}},{"type":"Feature","geometry":{"type":"Polygon","coordinates":[[[-122.28865470937636,37.85172515021347],[-122.2886312360878,37.85172998247794],[-122.2886268830396,37.851716687891646],[-122.28865035632418,37.85171185562799],[-122.28865470937636,37.85172515021347]]]},"properties":{"face":"4294R","n":14,"street":"ASHBY AVE","side":"R","zone":"MULI","cat":"man","placement":"curb","width_source":"osm-building"}},{"type":"Feature","geometry":{"type":"Polygon","coordinates":[[[-122.2886312360878,37.85172998247794],[-122.28860776279626,37.85173481473771],[-122.288603409752,37.8517215201506],[-122.2886268830396,37.851716687891646],[-122.2886312360878,37.85172998247794]]]},"properties":{"face":"4294R","n":15,"street":"ASHBY AVE","side":"R","zone":"MULI","cat":"man","placement":"curb","width_source":"osm-building"}},{"type":"Feature","geometry":{"type":"Polygon","coordinates":[[[-122.28860776279626,37.85173481473771],[-122.28858428950173,37.85173964699276],[-122.28857993646143,37.85172635240484],[-122.288603409752,37.8517215201506],[-122.28860776279626,37.85173481473771]]]},"properties":{"face":"4294R","n":16,"street":"ASHBY AVE","side":"R","zone":"MULI","cat":"man","placement":"curb","width_source":"osm-building"}},{"type":"Feature","geometry":{"type":"Polygon","coordinates":[[[-122.28858428950173,37.85173964699276],[-122.28856081620418,37.8517444792431],[-122.28855646316784,37.85173118465435],[-122.28857993646143,37.85172635240484],[-122.28858428950173,37.85173964699276]]]},"properties":{"face":"4294R","n":17,"street":"ASHBY AVE","side":"R","zone":"MULI","cat":"man","placement":"curb","width_source":"osm-building"}},{"type":"Feature","geometry":{"type":"Polygon","coordinates":[[[-122.28856081620418,37.8517444792431],[-122.28853734290365,37.85174931148872],[-122.28853298987129,37.85173601689915],[-122.28855646316786,37.85173118465435],[-122.28856081620418,37.8517444792431]]]},"properties":{"face":"4294R","n":18,"street":"ASHBY AVE","side":"R","zone":"MULI","cat":"man","placement":"curb","width_source":"osm-building"}},{"type":"Feature","geometry":{"type":"Polygon","coordinates":[[[-122.28853734290365,37.85174931148872],[-122.28851386960014,37.85175414372963],[-122.28850951657171,37.85174084913925],[-122.28853298987129,37.85173601689915],[-122.28853734290365,37.85174931148872]]]},"properties":{"face":"4294R","n":19,"street":"ASHBY AVE","side":"R","zone":"MULI","cat":"man","placement":"curb","width_source":"osm-building"}},{"type":"Feature","geometry":{"type":"Polygon","coordinates":[[[-122.28851386960014,37.85175414372963],[-122.28849039629361,37.851758975965815],[-122.28848604326915,37.85174568137462],[-122.28850951657171,37.85174084913925],[-122.28851386960014,37.85175414372963]]]},"properties":{"face":"4294R","n":20,"street":"ASHBY AVE","side":"R","zone":"MULI","cat":"man","placement":"curb","width_source":"osm-building"}},{"type":"Feature","geometry":{"type":"Polygon","coordinates":[[[-122.28849039629361,37.851758975965815],[-122.28846692298409,37.8517638081973],[-122.2884625699636,37.85175051360529],[-122.28848604326915,37.85174568137462],[-122.28849039629361,37.851758975965815]]]},"properties":{"face":"4294R","n":21,"street":"ASHBY AVE","side":"R","zone":"MULI","cat":"man","placement":"curb","width_source":"osm-building"}},{"type":"Feature","geometry":{"type":"Polygon","coordinates":[[[-122.28846692298409,37.8517638081973],[-122.28844344967158,37.851768640424076],[-122.28843909665505,37.85175534583122],[-122.2884625699636,37.85175051360529],[-122.28846692298409,37.8517638081973]]]},"properties":{"face":"4294R","n":22,"street":"ASHBY AVE","side":"R","zone":"MULI","cat":"man","placement":"curb","width_source":"osm-building"}},{"type":"Feature","geometry":{"type":"Polygon","coordinates":[[[-122.28844344967158,37.851768640424076],[-122.28841997635608,37.85177347264612],[-122.2884156233435,37.851760178052466],[-122.28843909665505,37.85175534583122],[-122.28844344967158,37.851768640424076]]]},"properties":{"face":"4294R","n":23,"street":"ASHBY AVE","side":"R","zone":"MULI","cat":"man","placement":"curb","width_source":"osm-building"}},{"type":"Feature","geometry":{"type":"Polygon","coordinates":[[[-122.28841997635608,37.85177347264612],[-122.28839650303759,37.85177830486345],[-122.28839215002895,37.85176501026898],[-122.2884156233435,37.851760178052466],[-122.28841997635608,37.85177347264612]]]},"properties":{"face":"4294R","n":24,"street":"ASHBY AVE","side":"R","zone":"MULI","cat":"man","placement":"curb","width_source":"osm-building"}},{"type":"Feature","geometry":{"type":"Polygon","coordinates":[[[-122.28839650303759,37.85177830486345],[-122.28837302971611,37.85178313707608],[-122.28836867671144,37.85176984248079],[-122.28839215002895,37.85176501026898],[-122.28839650303759,37.85177830486345]]]},"properties":{"face":"4294R","n":25,"street":"ASHBY AVE","side":"R","zone":"MULI","cat":"man","placement":"curb","width_source":"osm-building"}},{"type":"Feature","geometry":{"type":"Polygon","coordinates":[[[-122.28837302971611,37.85178313707608],[-122.28834955639162,37.85178796928398],[-122.28834520339089,37.85177467468789],[-122.28836867671144,37.85176984248079],[-122.28837302971611,37.85178313707608]]]},"properties":{"face":"4294R","n":26,"street":"ASHBY AVE","side":"R","zone":"MULI","cat":"man","placement":"curb","width_source":"osm-building"}},{"type":"Feature","geometry":{"type":"Polygon","coordinates":[[[-122.28834955639162,37.85178796928398],[-122.28832608306412,37.851792801487186],[-122.28832173006738,37.85177950689025],[-122.28834520339089,37.85177467468789],[-122.28834955639162,37.85178796928398]]]},"properties":{"face":"4294R","n":27,"street":"ASHBY AVE","side":"R","zone":"MULI","cat":"man","placement":"curb","width_source":"osm-building"}},{"type":"Feature","geometry":{"type":"Polygon","coordinates":[[[-122.28832608306412,37.851792801487186],[-122.28830260973366,37.85179763368566],[-122.28829825674087,37.85178433908792],[-122.28832173006738,37.85177950689025],[-122.28832608306412,37.851792801487186]]]},"properties":{"face":"4294R","n":28,"street":"ASHBY AVE","side":"R","zone":"MULI","cat":"man","placement":"curb","width_source":"osm-building"}},{"type":"Feature","geometry":{"type":"Polygon","coordinates":[[[-122.28830260973366,37.85179763368566],[-122.28827913640019,37.85180246587943],[-122.28827478341135,37.851789171280856],[-122.28829825674087,37.85178433908792],[-122.28830260973366,37.85179763368566]]]},"properties":{"face":"4294R","n":29,"street":"ASHBY AVE","side":"R","zone":"MULI","cat":"man","placement":"curb","width_source":"osm-building"}},{"type":"Feature","geometry":{"type":"Polygon","coordinates":[[[-122.28827913640019,37.85180246587943],[-122.28825566306372,37.85180729806847],[-122.28825131007885,37.85179400346912],[-122.28827478341135,37.851789171280856],[-122.28827913640019,37.85180246587943]]]},"properties":{"face":"4294R","n":30,"street":"ASHBY AVE","side":"R","zone":"MULI","cat":"man","placement":"curb","width_source":"osm-building"}},{"type":"Feature","geometry":{"type":"Polygon","coordinates":[[[-122.28825566306372,37.85180729806847],[-122.28823218972424,37.85181213025281],[-122.28822783674335,37.85179883565263],[-122.28825131007885,37.85179400346912],[-122.28825566306372,37.85180729806847]]]},"properties":{"face":"4294R","n":31,"street":"ASHBY AVE","side":"R","zone":"MULI","cat":"man","placement":"curb","width_source":"osm-building"}},{"type":"Feature","geometry":{"type":"Polygon","coordinates":[[[-122.28823218972427,37.85181213025281],[-122.28820871638182,37.851816962432444],[-122.28820436340486,37.851803667831426],[-122.28822783674335,37.85179883565263],[-122.28823218972427,37.85181213025281]]]},"properties":{"face":"4294R","n":32,"street":"ASHBY AVE","side":"R","zone":"MULI","cat":"man","placement":"curb","width_source":"osm-building"}},{"type":"Feature","geometry":{"type":"Polygon","coordinates":[[[-122.28820871638179,37.851816962432444],[-122.28818524303637,37.851821794607346],[-122.28818089006337,37.851808500005525],[-122.28820436340486,37.851803667831426],[-122.28820871638179,37.851816962432444]]]},"properties":{"face":"4294R","n":33,"street":"ASHBY AVE","side":"R","zone":"MULI","cat":"man","placement":"curb","width_source":"osm-building"}},{"type":"Feature","geometry":{"type":"Polygon","coordinates":[[[-122.28818524303637,37.851821794607346],[-122.2881617696879,37.85182662677754],[-122.28815741671889,37.8518133321749],[-122.28818089006337,37.851808500005525],[-122.28818524303637,37.851821794607346]]]},"properties":{"face":"4294R","n":34,"street":"ASHBY AVE","side":"R","zone":"MULI","cat":"man","placement":"curb","width_source":"osm-building"}},{"type":"Feature","geometry":{"type":"Polygon","coordinates":[[[-122.2881617696879,37.85182662677754],[-122.28813829633647,37.85183145894302],[-122.28813394337139,37.85181816433956],[-122.28815741671889,37.8518133321749],[-122.2881617696879,37.85182662677754]]]},"properties":{"face":"4294R","n":35,"street":"ASHBY AVE","side":"R","zone":"MULI","cat":"man","placement":"curb","width_source":"osm-building"}},{"type":"Feature","geometry":{"type":"Polygon","coordinates":[[[-122.28813829633647,37.85183145894302],[-122.28811482298204,37.85183629110379],[-122.28811047002092,37.85182299649951],[-122.28813394337139,37.85181816433956],[-122.28813829633647,37.85183145894302]]]},"properties":{"face":"4294R","n":36,"street":"ASHBY AVE","side":"R","zone":"MULI","cat":"man","placement":"curb","width_source":"osm-building"}},{"type":"Feature","geometry":{"type":"Polygon","coordinates":[[[-122.28811482298204,37.85183629110379],[-122.28809134962462,37.85184112325984],[-122.28808699666746,37.85182782865474],[-122.28811047002092,37.85182299649951],[-122.28811482298204,37.85183629110379]]]},"properties":{"face":"4294R","n":37,"street":"ASHBY AVE","side":"R","zone":"MULI","cat":"man","placement":"curb","width_source":"osm-building"}},{"type":"Feature","geometry":{"type":"Polygon","coordinates":[[[-122.28809134962462,37.85184112325984],[-122.28806787626418,37.85184595541117],[-122.28806352331098,37.85183266080526],[-122.28808699666746,37.85182782865474],[-122.28809134962462,37.85184112325984]]]},"properties":{"face":"4294R","n":38,"street":"ASHBY AVE","side":"R","zone":"MULI","cat":"man","placement":"curb","width_source":"osm-building"}},{"type":"Feature","geometry":{"type":"Polygon","coordinates":[[[-122.28806787626418,37.85184595541117],[-122.28804440290078,37.851850787557794],[-122.28804004995153,37.85183749295108],[-122.28806352331098,37.85183266080526],[-122.28806787626418,37.85184595541117]]]},"properties":{"face":"4294R","n":39,"street":"ASHBY AVE","side":"R","zone":"MULI","cat":"man","placement":"curb","width_source":"osm-building"}},{"type":"Feature","geometry":{"type":"Polygon","coordinates":[[[-122.28804440290077,37.851850787557794],[-122.28802092953437,37.851855619699705],[-122.28801657658909,37.85184232509216],[-122.28804004995153,37.85183749295108],[-122.28804440290077,37.851850787557794]]]},"properties":{"face":"4294R","n":40,"street":"ASHBY AVE","side":"R","zone":"MULI","cat":"man","placement":"curb","width_source":"osm-building"}},{"type":"Feature","geometry":{"type":"Polygon","coordinates":[[[-122.28802092953437,37.851855619699705],[-122.28799745616497,37.8518604518369],[-122.28799310322363,37.85184715722854],[-122.28801657658909,37.85184232509216],[-122.28802092953437,37.851855619699705]]]},"properties":{"face":"4294R","n":41,"street":"ASHBY AVE","side":"R","zone":"MULI","cat":"man","placement":"curb","width_source":"osm-building"}},{"type":"Feature","geometry":{"type":"Polygon","coordinates":[[[-122.28799745616494,37.8518604518369],[-122.28797398279254,37.85186528396939],[-122.2879696298552,37.851851989360206],[-122.28799310322363,37.85184715722854],[-122.28799745616494,37.8518604518369]]]},"properties":{"face":"4294R","n":42,"street":"ASHBY AVE","side":"R","zone":"MULI","cat":"man","placement":"curb","width_source":"osm-building"}},{"type":"Feature","geometry":{"type":"Polygon","coordinates":[[[-122.28797398279254,37.85186528396939],[-122.28795050941717,37.851870116097146],[-122.28794615648377,37.85185682148715],[-122.2879696298552,37.851851989360206],[-122.28797398279254,37.85186528396939]]]},"properties":{"face":"4294R","n":43,"street":"ASHBY AVE","side":"R","zone":"MULI","cat":"man","placement":"curb","width_source":"osm-building"}},{"type":"Feature","geometry":{"type":"Polygon","coordinates":[[[-122.28795050941717,37.851870116097146],[-122.28792703603877,37.8518749482202],[-122.28792268310933,37.85186165360939],[-122.28794615648377,37.85185682148715],[-122.28795050941717,37.851870116097146]]]},"properties":{"face":"4294R","n":44,"street":"ASHBY AVE","side":"R","zone":"MULI","cat":"man","placement":"curb","width_source":"osm-building"}},{"type":"Feature","geometry":{"type":"Polygon","coordinates":[[[-122.28792703603877,37.8518749482202],[-122.28790356265738,37.85187978033853],[-122.28789920973189,37.85186648572691],[-122.28792268310933,37.85186165360939],[-122.28792703603877,37.8518749482202]]]},"properties":{"face":"4294R","n":45,"street":"ASHBY AVE","side":"R","zone":"MULI","cat":"man","placement":"curb","width_source":"osm-building"}},{"type":"Feature","geometry":{"type":"Polygon","coordinates":[[[-122.28790356265738,37.85187978033853],[-122.28788008927302,37.85188461245217],[-122.28787573635148,37.85187131783971],[-122.28789920973189,37.85186648572691],[-122.28790356265738,37.85187978033853]]]},"properties":{"face":"4294R","n":46,"street":"ASHBY AVE","side":"R","zone":"MULI","cat":"man","placement":"curb","width_source":"osm-building"}},{"type":"Feature","geometry":{"type":"Polygon","coordinates":[[[-122.28788008927302,37.85188461245217],[-122.28785661588563,37.85188944456107],[-122.28785226296806,37.851876149947806],[-122.28787573635148,37.85187131783971],[-122.28788008927302,37.85188461245217]]]},"properties":{"face":"4294R","n":47,"street":"ASHBY AVE","side":"R","zone":"MULI","cat":"man","placement":"curb","width_source":"osm-building"}},{"type":"Feature","geometry":{"type":"Polygon","coordinates":[[[-122.28785661588563,37.85188944456107],[-122.28783314249527,37.85189427666527],[-122.28782878958167,37.85188098205118],[-122.28785226296806,37.851876149947806],[-122.28785661588563,37.85188944456107]]]},"properties":{"face":"4294R","n":48,"street":"ASHBY AVE","side":"R","zone":"MULI","cat":"man","placement":"curb","width_source":"osm-building"}},{"type":"Feature","geometry":{"type":"Polygon","coordinates":[[[-122.28783314249527,37.85189427666527],[-122.2878096691019,37.85189910876474],[-122.28780531619228,37.85188581414984],[-122.28782878958167,37.85188098205118],[-122.28783314249527,37.85189427666527]]]},"properties":{"face":"4294R","n":49,"street":"ASHBY AVE","side":"R","zone":"MULI","cat":"man","placement":"curb","width_source":"osm-building"}},{"type":"Feature","geometry":{"type":"Polygon","coordinates":[[[-122.2878096691019,37.85189910876474],[-122.28778619570556,37.85190394085951],[-122.28778184279987,37.8518906462438],[-122.28780531619228,37.85188581414984],[-122.2878096691019,37.85189910876474]]]},"properties":{"face":"4294R","n":50,"street":"ASHBY AVE","side":"R","zone":"MULI","cat":"man","placement":"curb","width_source":"osm-building"}},{"type":"Feature","geometry":{"type":"Polygon","coordinates":[[[-122.28778619570556,37.85190394085951],[-122.28776272230618,37.851908772949564],[-122.28775836940447,37.851895478333034],[-122.28778184279987,37.8518906462438],[-122.28778619570556,37.85190394085951]]]},"properties":{"face":"4294R","n":51,"street":"ASHBY AVE","side":"R","zone":"MULI","cat":"man","placement":"curb","width_source":"osm-building"}},{"type":"Feature","geometry":{"type":"Polygon","coordinates":[[[-122.28776272230618,37.851908772949564],[-122.28773924890385,37.8519136050349],[-122.28773489600609,37.85190031041755],[-122.28775836940447,37.851895478333034],[-122.28776272230618,37.851908772949564]]]},"properties":{"face":"4294R","n":52,"street":"ASHBY AVE","side":"R","zone":"MULI","cat":"man","placement":"curb","width_source":"osm-building"}},{"type":"Feature","geometry":{"type":"Polygon","coordinates":[[[-122.28773924890386,37.8519136050349],[-122.28771577549851,37.85191843711553],[-122.28771142260472,37.85190514249735],[-122.28773489600609,37.85190031041755],[-122.28773924890386,37.8519136050349]]]},"properties":{"face":"4294R","n":53,"street":"ASHBY AVE","side":"R","zone":"MULI","cat":"man","placement":"curb","width_source":"osm-building"}},{"type":"Feature","geometry":{"type":"Polygon","coordinates":[[[-122.28771577549851,37.85191843711553],[-122.28769230209019,37.85192326919144],[-122.28768794920033,37.851909974572436],[-122.28771142260472,37.85190514249735],[-122.28771577549851,37.85191843711553]]]},"properties":{"face":"4294R","n":54,"street":"ASHBY AVE","side":"R","zone":"MULI","cat":"man","placement":"curb","width_source":"osm-building"}},{"type":"Feature","geometry":{"type":"Polygon","coordinates":[[[-122.28769230209019,37.85192326919144],[-122.28766882867886,37.85192810126263],[-122.28766447579297,37.85191480664283],[-122.28768794920033,37.851909974572436],[-122.28769230209019,37.85192326919144]]]},"properties":{"face":"4294R","n":55,"street":"ASHBY AVE","side":"R","zone":"MULI","cat":"man","placement":"curb","width_source":"osm-building"}},{"type":"Feature","geometry":{"type":"Polygon","coordinates":[[[-122.28766882867886,37.85192810126263],[-122.28764535526453,37.85193293332911],[-122.2876410023826,37.85191963870849],[-122.28766447579297,37.85191480664283],[-122.28766882867886,37.85192810126263]]]},"properties":{"face":"4294R","n":56,"street":"ASHBY AVE","side":"R","zone":"MULI","cat":"man","placement":"curb","width_source":"osm-building"}},{"type":"Feature","geometry":{"type":"Polygon","coordinates":[[[-122.28764535526453,37.85193293332911],[-122.28762188184722,37.85193776539088],[-122.28761752896924,37.85192447076944],[-122.2876410023826,37.85191963870849],[-122.28764535526453,37.85193293332911]]]},"properties":{"face":"4294R","n":57,"street":"ASHBY AVE","side":"R","zone":"MULI","cat":"man","placement":"curb","width_source":"osm-building"}},{"type":"Feature","geometry":{"type":"Polygon","coordinates":[[[-122.28762188184722,37.85193776539088],[-122.2875984084269,37.85194259744793],[-122.2875940555529,37.85192930282567],[-122.28761752896924,37.85192447076944],[-122.28762188184722,37.85193776539088]]]},"properties":{"face":"4294R","n":58,"street":"ASHBY AVE","side":"R","zone":"MULI","cat":"man","placement":"curb","width_source":"osm-building"}},{"type":"Feature","geometry":{"type":"Polygon","coordinates":[[[-122.2875984084269,37.85194259744793],[-122.28757493500359,37.85194742950027],[-122.28757058213353,37.8519341348772],[-122.28759405555287,37.85192930282567],[-122.2875984084269,37.85194259744793]]]},"properties":{"face":"4294R","n":59,"street":"ASHBY AVE","side":"R","zone":"MULI","cat":"man","placement":"curb","width_source":"osm-building"}},{"type":"Feature","geometry":{"type":"Polygon","coordinates":[[[-122.28757493500359,37.85194742950027],[-122.2875514615773,37.85195226154789],[-122.28754710871121,37.851938966923996],[-122.28757058213353,37.8519341348772],[-122.28757493500359,37.85194742950027]]]},"properties":{"face":"4294R","n":60,"street":"ASHBY AVE","side":"R","zone":"MULI","cat":"man","placement":"curb","width_source":"osm-building"}},{"type":"Feature","geometry":{"type":"Polygon","coordinates":[[[-122.2875514615773,37.85195226154789],[-122.28752798814799,37.85195709359079],[-122.28752363528585,37.85194379896608],[-122.28754710871121,37.851938966923996],[-122.2875514615773,37.85195226154789]]]},"properties":{"face":"4294R","n":61,"street":"ASHBY AVE","side":"R","zone":"MULI","cat":"man","placement":"curb","width_source":"osm-building"}},{"type":"Feature","geometry":{"type":"Polygon","coordinates":[[[-122.287527988148,37.85195709359079],[-122.2875045147157,37.851961925629],[-122.28750016185752,37.851948631003474],[-122.28752363528585,37.85194379896608],[-122.287527988148,37.85195709359079]]]},"properties":{"face":"4294R","n":62,"street":"ASHBY AVE","side":"R","zone":"MULI","cat":"man","placement":"curb","width_source":"osm-building"}},{"type":"Feature","geometry":{"type":"Polygon","coordinates":[[[-122.2875045147157,37.851961925629],[-122.28748104128042,37.851966757662474],[-122.2874766884262,37.85195346303613],[-122.28750016185752,37.851948631003474],[-122.2875045147157,37.851961925629]]]},"properties":{"face":"4294R","n":63,"street":"ASHBY AVE","side":"R","zone":"MULI","cat":"man","placement":"curb","width_source":"osm-building"}},{"type":"Feature","geometry":{"type":"Polygon","coordinates":[[[-122.28748104128042,37.851966757662474],[-122.28745756784214,37.851971589691246],[-122.28745321499187,37.851958295064094],[-122.2874766884262,37.85195346303613],[-122.28748104128042,37.851966757662474]]]},"properties":{"face":"4294R","n":64,"street":"ASHBY AVE","side":"R","zone":"MULI","cat":"man","placement":"curb","width_source":"osm-building"}},{"type":"Feature","geometry":{"type":"Polygon","coordinates":[[[-122.28745756784214,37.851971589691246],[-122.28743409440085,37.851976421715285],[-122.28742974155456,37.851963127087316],[-122.28745321499188,37.851958295064094],[-122.28745756784214,37.851971589691246]]]},"properties":{"face":"4294R","n":65,"street":"ASHBY AVE","side":"R","zone":"MULI","cat":"man","placement":"curb","width_source":"osm-building"}},{"type":"Feature","geometry":{"type":"Polygon","coordinates":[[[-122.28743409440085,37.851976421715285],[-122.2874106209566,37.85198125373463],[-122.28740626811424,37.85196795910584],[-122.28742974155456,37.851963127087316],[-122.28743409440085,37.851976421715285]]]},"properties":{"face":"4294R","n":66,"street":"ASHBY AVE","side":"R","zone":"MULI","cat":"man","placement":"curb","width_source":"osm-building"}},{"type":"Feature","geometry":{"type":"Polygon","coordinates":[[[-122.2874106209566,37.85198125373463],[-122.28738714750935,37.85198608574926],[-122.28738279467096,37.85197279111964],[-122.28740626811424,37.85196795910584],[-122.2874106209566,37.85198125373463]]]},"properties":{"face":"4294R","n":67,"street":"ASHBY AVE","side":"R","zone":"MULI","cat":"man","placement":"curb","width_source":"osm-building"}},{"type":"Feature","geometry":{"type":"Polygon","coordinates":[[[-122.28738714750935,37.85198608574926],[-122.28736367405908,37.851990917759174],[-122.28735932122464,37.85197762312873],[-122.28738279467096,37.85197279111964],[-122.28738714750935,37.85198608574926]]]},"properties":{"face":"4294R","n":68,"street":"ASHBY AVE","side":"R","zone":"MULI","cat":"man","placement":"curb","width_source":"osm-building"}},{"type":"Feature","geometry":{"type":"Polygon","coordinates":[[[-122.28736367405908,37.851990917759174],[-122.28734020060583,37.851995749764356],[-122.28733584777537,37.85198245513311],[-122.28735932122464,37.85197762312873],[-122.28736367405908,37.851990917759174]]]},"properties":{"face":"4294R","n":69,"street":"ASHBY AVE","side":"R","zone":"MULI","cat":"man","placement":"curb","width_source":"osm-building"}},{"type":"Feature","geometry":{"type":"Polygon","coordinates":[[[-122.28734020060583,37.851995749764356],[-122.28731672714959,37.852000581764834],[-122.28731237432308,37.85198728713278],[-122.28733584777537,37.85198245513311],[-122.28734020060583,37.851995749764356]]]},"properties":{"face":"4294R","n":70,"street":"ASHBY AVE","side":"R","zone":"MULI","cat":"man","placement":"curb","width_source":"osm-building"}},{"type":"Feature","geometry":{"type":"Polygon","coordinates":[[[-122.28731672714959,37.852000581764834],[-122.28729325369034,37.8520054137606],[-122.28728890086778,37.85199211912773],[-122.28731237432308,37.85198728713278],[-122.28731672714959,37.852000581764834]]]},"properties":{"face":"4294R","n":71,"street":"ASHBY AVE","side":"R","zone":"MULI","cat":"man","placement":"curb","width_source":"osm-building"}},{"type":"Feature","geometry":{"type":"Polygon","coordinates":[[[-122.28729325369034,37.8520054137606],[-122.2872697802281,37.85201024575166],[-122.28726542740952,37.851996951117954],[-122.28728890086781,37.85199211912773],[-122.28729325369034,37.8520054137606]]]},"properties":{"face":"4294R","n":72,"street":"ASHBY AVE","side":"R","zone":"MULI","cat":"man","placement":"curb","width_source":"osm-building"}},{"type":"Feature","geometry":{"type":"Polygon","coordinates":[[[-122.2872697802281,37.85201024575166],[-122.28724630676287,37.85201507773802],[-122.28724195394825,37.852001783103475],[-122.28726542740951,37.851996951117954],[-122.2872697802281,37.85201024575166]]]},"properties":{"face":"4294R","n":73,"street":"ASHBY AVE","side":"R","zone":"MULI","cat":"man","placement":"curb","width_source":"osm-building"}},{"type":"Feature","geometry":{"type":"Polygon","coordinates":[[[-122.28724630676287,37.85201507773802],[-122.28722283329465,37.852019909719615],[-122.28721848048397,37.85200661508428],[-122.28724195394825,37.852001783103475],[-122.28724630676287,37.85201507773802]]]},"properties":{"face":"4294R","n":74,"street":"ASHBY AVE","side":"R","zone":"MULI","cat":"man","placement":"curb","width_source":"osm-building"}},{"type":"Feature","geometry":{"type":"Polygon","coordinates":[[[-122.28722283329465,37.852019909719615],[-122.28719935982342,37.85202474169653],[-122.28719500701672,37.852011447060384],[-122.28721848048397,37.85200661508428],[-122.28722283329465,37.852019909719615]]]},"properties":{"face":"4294R","n":75,"street":"ASHBY AVE","side":"R","zone":"MULI","cat":"man","placement":"curb","width_source":"osm-building"}},{"type":"Feature","geometry":{"type":"Polygon","coordinates":[[[-122.28719935982342,37.85202474169653],[-122.28717588634922,37.852029573668716],[-122.28717153354648,37.85201627903175],[-122.28719500701672,37.852011447060384],[-122.28719935982342,37.85202474169653]]]},"properties":{"face":"4294R","n":76,"street":"ASHBY AVE","side":"R","zone":"MULI","cat":"man","placement":"curb","width_source":"osm-building"}},{"type":"Feature","geometry":{"type":"Polygon","coordinates":[[[-122.28717588634922,37.852029573668716],[-122.28715241287202,37.85203440563621],[-122.28714806007322,37.85202111099842],[-122.28717153354646,37.85201627903175],[-122.28717588634922,37.852029573668716]]]},"properties":{"face":"4294R","n":77,"street":"ASHBY AVE","side":"R","zone":"MULI","cat":"man","placement":"curb","width_source":"osm-building"}},{"type":"Feature","geometry":{"type":"Polygon","coordinates":[[[-122.28715241287202,37.85203440563621],[-122.2871289393918,37.852039237598966],[-122.28712458659697,37.85202594296037],[-122.28714806007322,37.85202111099842],[-122.28715241287202,37.85203440563621]]]},"properties":{"face":"4294R","n":78,"street":"ASHBY AVE","side":"R","zone":"MULI","cat":"man","placement":"curb","width_source":"osm-building"}},{"type":"Feature","geometry":{"type":"Polygon","coordinates":[[[-122.2871289393918,37.852039237598966],[-122.28710546590862,37.85204406955702],[-122.28710111311774,37.85203077491761],[-122.28712458659697,37.85202594296037],[-122.2871289393918,37.852039237598966]]]},"properties":{"face":"4294R","n":79,"street":"ASHBY AVE","side":"R","zone":"MULI","cat":"man","placement":"curb","width_source":"osm-building"}},{"type":"Feature","geometry":{"type":"Polygon","coordinates":[[[-122.28710546590862,37.85204406955702],[-122.28708199242243,37.852048901510365],[-122.28707763963553,37.85203560687012],[-122.28710111311774,37.85203077491761],[-122.28710546590862,37.85204406955702]]]},"properties":{"face":"4294R","n":80,"street":"ASHBY AVE","side":"R","zone":"MULI","cat":"man","placement":"curb","width_source":"osm-building"}},{"type":"Feature","geometry":{"type":"Polygon","coordinates":[[[-122.28708199242243,37.852048901510365],[-122.28705851893324,37.85205373345897],[-122.28705416615027,37.85204043881792],[-122.28707763963553,37.85203560687012],[-122.28708199242243,37.852048901510365]]]},"properties":{"face":"4294R","n":81,"street":"ASHBY AVE","side":"R","zone":"MULI","cat":"man","placement":"curb","width_source":"osm-building"}},{"type":"Feature","geometry":{"type":"Polygon","coordinates":[[[-122.28705851893324,37.85205373345897],[-122.28703504544104,37.852058565402885],[-122.28703069266206,37.85204527076102],[-122.28705416615027,37.85204043881792],[-122.28705851893324,37.85205373345897]]]},"properties":{"face":"4294R","n":82,"street":"ASHBY AVE","side":"R","zone":"MULI","cat":"man","placement":"curb","width_source":"osm-building"}},{"type":"Feature","geometry":{"type":"Polygon","coordinates":[[[-122.28703504544104,37.852058565402885],[-122.28701157194588,37.85206339734208],[-122.28700721917085,37.852050102699394],[-122.28703069266207,37.85204527076102],[-122.28703504544104,37.852058565402885]]]},"properties":{"face":"4294R","n":83,"street":"ASHBY AVE","side":"R","zone":"MULI","cat":"man","placement":"curb","width_source":"osm-building"}},{"type":"Feature","geometry":{"type":"Polygon","coordinates":[[[-122.28701157194588,37.85206339734208],[-122.28698809844771,37.85206822927657],[-122.28698374567665,37.85205493463306],[-122.28700721917085,37.852050102699394],[-122.28701157194588,37.85206339734208]]]},"properties":{"face":"4294R","n":84,"street":"ASHBY AVE","side":"R","zone":"MULI","cat":"man","placement":"curb","width_source":"osm-building"}},{"type":"Feature","geometry":{"type":"Polygon","coordinates":[[[-122.28698809844771,37.85206822927657],[-122.28696462494656,37.85207306120633],[-122.28696027217944,37.852059766562],[-122.28698374567665,37.85205493463306],[-122.28698809844771,37.85206822927657]]]},"properties":{"face":"4294R","n":85,"street":"ASHBY AVE","side":"R","zone":"MULI","cat":"man","placement":"curb","width_source":"osm-building"}},{"type":"Feature","geometry":{"type":"Polygon","coordinates":[[[-122.28696462494656,37.85207306120633],[-122.2869411514424,37.85207789313138],[-122.28693679867924,37.85206459848623],[-122.28696027217944,37.852059766562],[-122.28696462494656,37.85207306120633]]]},"properties":{"face":"4294R","n":86,"street":"ASHBY AVE","side":"R","zone":"MULI","cat":"man","placement":"curb","width_source":"osm-building"}},{"type":"Feature","geometry":{"type":"Polygon","coordinates":[[[-122.2869411514424,37.85207789313138],[-122.28691767793525,37.852082725051716],[-122.28691332517606,37.85206943040575],[-122.28693679867924,37.85206459848623],[-122.2869411514424,37.85207789313138]]]},"properties":{"face":"4294R","n":87,"street":"ASHBY AVE","side":"R","zone":"MULI","cat":"man","placement":"curb","width_source":"osm-building"}},{"type":"Feature","geometry":{"type":"Polygon","coordinates":[[[-122.28691767793525,37.852082725051716],[-122.2868942044251,37.85208755696734],[-122.28688985166987,37.852074262320556],[-122.28691332517606,37.85206943040575],[-122.28691767793525,37.852082725051716]]]},"properties":{"face":"4294R","n":88,"street":"ASHBY AVE","side":"R","zone":"MULI","cat":"man","placement":"curb","width_source":"osm-building"}},{"type":"Feature","geometry":{"type":"Polygon","coordinates":[[[-122.2868942044251,37.85208755696734],[-122.28687073091197,37.85209238887825],[-122.28686637816068,37.85207909423065],[-122.28688985166987,37.852074262320556],[-122.2868942044251,37.85208755696734]]]},"properties":{"face":"4294R","n":89,"street":"ASHBY AVE","side":"R","zone":"MULI","cat":"man","placement":"curb","width_source":"osm-building"}},{"type":"Feature","geometry":{"type":"Polygon","coordinates":[[[-122.28687002009013,37.85209251019588],[-122.28684629551063,37.85209573982035],[-122.2868433644071,37.852082202536955],[-122.28686708898238,37.85207897291302],[-122.28687002009013,37.85209251019588]]]},"properties":{"face":"4294R","n":90,"street":"ASHBY AVE","side":"R","zone":"MULI","cat":"man","placement":"curb","width_source":"osm-building"}},{"type":"Feature","geometry":{"type":"Polygon","coordinates":[[[-122.29098351582536,37.85094800599671],[-122.29096187891967,37.85095669091693],[-122.29095405536471,37.85094443627392],[-122.2909756922677,37.85093575135509],[-122.29098351582536,37.85094800599671]]]},"properties":{"face":"4312R","n":1,"street":"ASHBY AVE","side":"R","zone":"MULI","cat":"man","placement":"building","width_source":"default"}},{"type":"Feature","geometry":{"type":"Polygon","coordinates":[[[-122.29096187891967,37.85095669091693],[-122.29094024200894,37.85096537583313],[-122.29093241845669,37.85095312118871],[-122.29095405536471,37.85094443627392],[-122.29096187891967,37.85095669091693]]]},"properties":{"face":"4312R","n":2,"street":"ASHBY AVE","side":"R","zone":"MULI","cat":"man","placement":"building","width_source":"default"}},{"type":"Feature","geometry":{"type":"Polygon","coordinates":[[[-122.29094024200894,37.85096537583313],[-122.2909186050932,37.85097406074527],[-122.29091078154367,37.85096180609948],[-122.29093241845669,37.85095312118871],[-122.29094024200894,37.85096537583313]]]},"properties":{"face":"4312R","n":3,"street":"ASHBY AVE","side":"R","zone":"MULI","cat":"man","placement":"building","width_source":"default"}},{"type":"Feature","geometry":{"type":"Polygon","coordinates":[[[-122.2909186050932,37.85097406074527],[-122.29089696817243,37.85098274565337],[-122.29088914462561,37.85097049100618],[-122.29091078154367,37.85096180609948],[-122.2909186050932,37.85097406074527]]]},"properties":{"face":"4312R","n":4,"street":"ASHBY AVE","side":"R","zone":"MULI","cat":"man","placement":"building","width_source":"default"}},{"type":"Feature","geometry":{"type":"Polygon","coordinates":[[[-122.29089696817243,37.85098274565337],[-122.2908753312466,37.850991430557436],[-122.2908675077025,37.85097917590886],[-122.29088914462561,37.85097049100618],[-122.29089696817243,37.85098274565337]]]},"properties":{"face":"4312R","n":5,"street":"ASHBY AVE","side":"R","zone":"MULI","cat":"man","placement":"building","width_source":"default"}},{"type":"Feature","geometry":{"type":"Polygon","coordinates":[[[-122.2908753312466,37.850991430557436],[-122.29085369431576,37.85100011545747],[-122.29084587077436,37.85098786080749],[-122.2908675077025,37.85097917590886],[-122.2908753312466,37.850991430557436]]]},"properties":{"face":"4312R","n":6,"street":"ASHBY AVE","side":"R","zone":"MULI","cat":"man","placement":"building","width_source":"default"}},{"type":"Feature","geometry":{"type":"Polygon","coordinates":[[[-122.28994833038813,37.851367254833235],[-122.28992671866344,37.851375979268454],[-122.28991885946748,37.85136373895755],[-122.28994047118948,37.85135501452373],[-122.28994833038813,37.851367254833235]]]},"properties":{"face":"4313R","n":1,"street":"ASHBY AVE","side":"R","zone":"MULI","cat":"man","placement":"building","width_source":"default"}},{"type":"Feature","geometry":{"type":"Polygon","coordinates":[[[-122.28992671866344,37.851375979268454],[-122.28990510693369,37.85138470369963],[-122.28989724774043,37.851372463387335],[-122.28991885946748,37.85136373895755],[-122.28992671866344,37.851375979268454]]]},"properties":{"face":"4313R","n":2,"street":"ASHBY AVE","side":"R","zone":"MULI","cat":"man","placement":"building","width_source":"default"}},{"type":"Feature","geometry":{"type":"Polygon","coordinates":[[[-122.28990510693369,37.85138470369963],[-122.28988349519891,37.8513934281268],[-122.28987563600833,37.85138118781309],[-122.28989724774043,37.851372463387335],[-122.28990510693369,37.85138470369963]]]},"properties":{"face":"4313R","n":3,"street":"ASHBY AVE","side":"R","zone":"MULI","cat":"man","placement":"building","width_source":"default"}},{"type":"Feature","geometry":{"type":"Polygon","coordinates":[[[-122.28988322321626,37.85139353322119],[-122.28986127652158,37.85140164043561],[-122.2898539612992,37.8513891899318],[-122.28987590799092,37.8513810827187],[-122.28988322321626,37.85139353322119]]]},"properties":{"face":"4313R","n":4,"street":"ASHBY AVE","side":"R","zone":"MULI","cat":"man","placement":"building","width_source":"default"}},{"type":"Feature","geometry":{"type":"Polygon","coordinates":[[[-122.28986052210539,37.85140188555404],[-122.28983767367569,37.851408331178746],[-122.28983186728911,37.85139539043701],[-122.28985471571526,37.8513889448134],[-122.28986052210539,37.85140188555404]]]},"properties":{"face":"4313R","n":5,"street":"ASHBY AVE","side":"R","zone":"MULI","cat":"man","placement":"building","width_source":"default"}},{"type":"Feature","geometry":{"type":"Polygon","coordinates":[[[-122.28983767367569,37.851408331178746],[-122.28981482524212,37.85141477679896],[-122.28980901885905,37.85140183605617],[-122.28983186728911,37.85139539043701],[-122.28983767367569,37.851408331178746]]]},"properties":{"face":"4313R","n":6,"street":"ASHBY AVE","side":"R","zone":"MULI","cat":"man","placement":"building","width_source":"default"}},{"type":"Feature","geometry":{"type":"Polygon","coordinates":[[[-122.28981482524212,37.85141477679896],[-122.2897919768046,37.8514212224147],[-122.28978617042506,37.85140828167083],[-122.28980901885905,37.85140183605617],[-122.28981482524212,37.85141477679896]]]},"properties":{"face":"4313R","n":7,"street":"ASHBY AVE","side":"R","zone":"MULI","cat":"man","placement":"building","width_source":"default"}},{"type":"Feature","geometry":{"type":"Polygon","coordinates":[[[-122.2897919768046,37.8514212224147],[-122.28976912836315,37.85142766802596],[-122.28976332198712,37.85141472728101],[-122.28978617042506,37.85140828167083],[-122.2897919768046,37.8514212224147]]]},"properties":{"face":"4313R","n":8,"street":"ASHBY AVE","side":"R","zone":"MULI","cat":"man","placement":"building","width_source":"default"}},{"type":"Feature","geometry":{"type":"Polygon","coordinates":[[[-122.28976912836315,37.85142766802596],[-122.28974627991781,37.85143411363275],[-122.28974047354532,37.85142117288672],[-122.28976332198715,37.85141472728101],[-122.28976912836315,37.85142766802596]]]},"properties":{"face":"4313R","n":9,"street":"ASHBY AVE","side":"R","zone":"MULI","cat":"man","placement":"building","width_source":"default"}},{"type":"Feature","geometry":{"type":"Polygon","coordinates":[[[-122.28974627991781,37.85143411363275],[-122.28972343146853,37.85144055923504],[-122.28971762509958,37.851427618487925],[-122.28974047354532,37.85142117288672],[-122.28974627991781,37.85143411363275]]]},"properties":{"face":"4313R","n":10,"street":"ASHBY AVE","side":"R","zone":"MULI","cat":"man","placement":"building","width_source":"default"}},{"type":"Feature","geometry":{"type":"Polygon","coordinates":[[[-122.28972343146853,37.85144055923504],[-122.28970058301535,37.85144700483287],[-122.28969477664991,37.851434064084664],[-122.28971762509958,37.851427618487925],[-122.28972343146853,37.85144055923504]]]},"properties":{"face":"4313R","n":11,"street":"ASHBY AVE","side":"R","zone":"MULI","cat":"man","placement":"building","width_source":"default"}},{"type":"Feature","geometry":{"type":"Polygon","coordinates":[[[-122.28970058301535,37.85144700483287],[-122.28967773455825,37.85145345042619],[-122.28967192819633,37.85144050967692],[-122.28969477664991,37.851434064084664],[-122.28970058301535,37.85144700483287]]]},"properties":{"face":"4313R","n":12,"street":"ASHBY AVE","side":"R","zone":"MULI","cat":"man","placement":"building","width_source":"default"}},{"type":"Feature","geometry":{"type":"Polygon","coordinates":[[[-122.28967773455825,37.85145345042619],[-122.28965488609722,37.851459896015044],[-122.28964907973884,37.851446955264706],[-122.28967192819633,37.85144050967692],[-122.28967773455825,37.85145345042619]]]},"properties":{"face":"4313R","n":13,"street":"ASHBY AVE","side":"R","zone":"MULI","cat":"man","placement":"building","width_source":"default"}},{"type":"Feature","geometry":{"type":"Polygon","coordinates":[[[-122.28965488609722,37.851459896015044],[-122.28963203763229,37.85146634159942],[-122.28962623127741,37.85145340084801],[-122.28964907973884,37.851446955264706],[-122.28965488609722,37.851459896015044]]]},"properties":{"face":"4313R","n":14,"street":"ASHBY AVE","side":"R","zone":"MULI","cat":"man","placement":"building","width_source":"default"}},{"type":"Feature","geometry":{"type":"Polygon","coordinates":[[[-122.28963203763229,37.85146634159942],[-122.28960918916344,37.851472787179326],[-122.28960338281207,37.85145984642683],[-122.28962623127741,37.85145340084801],[-122.28963203763229,37.85146634159942]]]},"properties":{"face":"4313R","n":15,"street":"ASHBY AVE","side":"R","zone":"MULI","cat":"man","placement":"building","width_source":"default"}},{"type":"Feature","geometry":{"type":"Polygon","coordinates":[[[-122.28960918916344,37.851472787179326],[-122.28958634069068,37.851479232754734],[-122.28958053434285,37.85146629200116],[-122.2896033828121,37.85145984642683],[-122.28960918916344,37.851472787179326]]]},"properties":{"face":"4313R","n":16,"street":"ASHBY AVE","side":"R","zone":"MULI","cat":"man","placement":"building","width_source":"default"}},{"type":"Feature","geometry":{"type":"Polygon","coordinates":[[[-122.28958634069068,37.851479232754734],[-122.289563492214,37.85148567832567],[-122.28955768586968,37.85147273757101],[-122.28958053434285,37.85146629200116],[-122.28958634069068,37.851479232754734]]]},"properties":{"face":"4313R","n":17,"street":"ASHBY AVE","side":"R","zone":"MULI","cat":"man","placement":"building","width_source":"default"}},{"type":"Feature","geometry":{"type":"Polygon","coordinates":[[[-122.289563492214,37.85148567832567],[-122.28954064373339,37.851492123892115],[-122.28953483739261,37.851479183136384],[-122.28955768586968,37.85147273757101],[-122.289563492214,37.85148567832567]]]},"properties":{"face":"4313R","n":18,"street":"ASHBY AVE","side":"R","zone":"MULI","cat":"man","placement":"building","width_source":"default"}},{"type":"Feature","geometry":{"type":"Polygon","coordinates":[[[-122.28954064373339,37.851492123892115],[-122.28951779524887,37.85149856945409],[-122.28951198891163,37.85148562869729],[-122.28953483739261,37.851479183136384],[-122.28954064373339,37.851492123892115]]]},"properties":{"face":"4313R","n":19,"street":"ASHBY AVE","side":"R","zone":"MULI","cat":"man","placement":"building","width_source":"default"}},{"type":"Feature","geometry":{"type":"Polygon","coordinates":[[[-122.28951779524887,37.85149856945409],[-122.28949494676043,37.851505015011575],[-122.2894891404267,37.8514920742537],[-122.28951198891163,37.85148562869729],[-122.28951779524887,37.85149856945409]]]},"properties":{"face":"4313R","n":20,"street":"ASHBY AVE","side":"R","zone":"MULI","cat":"man","placement":"building","width_source":"default"}},{"type":"Feature","geometry":{"type":"Polygon","coordinates":[[[-122.28949494676043,37.851505015011575],[-122.28947209826808,37.851511460564595],[-122.28946629193787,37.85149851980563],[-122.2894891404267,37.8514920742537],[-122.28949494676043,37.851505015011575]]]},"properties":{"face":"4313R","n":21,"street":"ASHBY AVE","side":"R","zone":"MULI","cat":"man","placement":"building","width_source":"default"}},{"type":"Feature","geometry":{"type":"Polygon","coordinates":[[[-122.28947209826808,37.851511460564595],[-122.28944924977179,37.85151790611312],[-122.28944344344514,37.85150496535309],[-122.28946629193787,37.85149851980563],[-122.28947209826808,37.851511460564595]]]},"properties":{"face":"4313R","n":22,"street":"ASHBY AVE","side":"R","zone":"MULI","cat":"man","placement":"building","width_source":"default"}},{"type":"Feature","geometry":{"type":"Polygon","coordinates":[[[-122.28944924977179,37.85151790611312],[-122.28942640127163,37.85152435165718],[-122.28942059494848,37.851511410896066],[-122.28944344344514,37.85150496535309],[-122.28944924977179,37.85151790611312]]]},"properties":{"face":"4313R","n":23,"street":"ASHBY AVE","side":"R","zone":"MULI","cat":"man","placement":"building","width_source":"default"}},{"type":"Feature","geometry":{"type":"Polygon","coordinates":[[[-122.30114024195579,37.86741150257668],[-122.30111666729911,37.867416030438],[-122.3011125875911,37.86740268130481],[-122.30113616224378,37.86739815344425],[-122.30114024195579,37.86741150257668]]]},"properties":{"face":"4681L","n":1,"street":"UNIVERSITY AVE OVERPASS","side":"L","zone":"MULI","cat":"man","placement":"building","width_source":"default"}},{"type":"Feature","geometry":{"type":"Polygon","coordinates":[[[-122.30111666729911,37.867416030438],[-122.3010930926396,37.86742055829457],[-122.30108901293563,37.86740720916061],[-122.3011125875911,37.86740268130481],[-122.30111666729911,37.867416030438]]]},"properties":{"face":"4681L","n":2,"street":"UNIVERSITY AVE OVERPASS","side":"L","zone":"MULI","cat":"man","placement":"building","width_source":"default"}},{"type":"Feature","geometry":{"type":"Polygon","coordinates":[[[-122.3010930926396,37.86742055829457],[-122.3010695179773,37.86742508614639],[-122.30106543827735,37.867411737011665],[-122.30108901293563,37.86740720916061],[-122.3010930926396,37.86742055829457]]]},"properties":{"face":"4681L","n":3,"street":"UNIVERSITY AVE OVERPASS","side":"L","zone":"MULI","cat":"man","placement":"building","width_source":"default"}},{"type":"Feature","geometry":{"type":"Polygon","coordinates":[[[-122.3010695179773,37.86742508614639],[-122.30104594331218,37.867429613993465],[-122.30104186361623,37.867416264857965],[-122.30106543827735,37.867411737011665],[-122.3010695179773,37.86742508614639]]]},"properties":{"face":"4681L","n":4,"street":"UNIVERSITY AVE OVERPASS","side":"L","zone":"MULI","cat":"man","placement":"building","width_source":"default"}},{"type":"Feature","geometry":{"type":"Polygon","coordinates":[[[-122.30104594331218,37.867429613993465],[-122.30102236864423,37.86743414183578],[-122.30101828895233,37.86742079269952],[-122.30104186361623,37.867416264857965],[-122.30104594331218,37.867429613993465]]]},"properties":{"face":"4681L","n":5,"street":"UNIVERSITY AVE OVERPASS","side":"L","zone":"MULI","cat":"man","placement":"building","width_source":"default"}},{"type":"Feature","geometry":{"type":"Polygon","coordinates":[[[-122.30102236864423,37.86743414183578],[-122.30099879397345,37.86743866967334],[-122.3009947142856,37.867425320536306],[-122.30101828895233,37.86742079269952],[-122.30102236864423,37.86743414183578]]]},"properties":{"face":"4681L","n":6,"street":"UNIVERSITY AVE OVERPASS","side":"L","zone":"MULI","cat":"man","placement":"building","width_source":"default"}},{"type":"Feature","geometry":{"type":"Polygon","coordinates":[[[-122.30099879397345,37.86743866967334],[-122.30097521929987,37.86744319750615],[-122.30097113961604,37.86742984836835],[-122.3009947142856,37.867425320536306],[-122.30099879397345,37.86743866967334]]]},"properties":{"face":"4681L","n":7,"street":"UNIVERSITY AVE OVERPASS","side":"L","zone":"MULI","cat":"man","placement":"building","width_source":"default"}},{"type":"Feature","geometry":{"type":"Polygon","coordinates":[[[-122.30097521929987,37.86744319750615],[-122.30095164462347,37.86744772533421],[-122.30094756494368,37.86743437619564],[-122.30097113961604,37.86742984836835],[-122.30097521929987,37.86744319750615]]]},"properties":{"face":"4681L","n":8,"street":"UNIVERSITY AVE OVERPASS","side":"L","zone":"MULI","cat":"man","placement":"building","width_source":"default"}},{"type":"Feature","geometry":{"type":"Polygon","coordinates":[[[-122.30104597343392,37.86718471372966],[-122.30102239884422,37.86718924157293],[-122.30101831916514,37.86717589243626],[-122.30104189375079,37.86717136459373],[-122.30104597343392,37.86718471372966]]]},"properties":{"face":"4681R","n":1,"street":"UNIVERSITY AVE OVERPASS","side":"R","zone":"MULI","cat":"man","placement":"building","width_source":"default"}},{"type":"Feature","geometry":{"type":"Polygon","coordinates":[[[-122.30102239884422,37.86718924157293],[-122.30099882425172,37.86719376941145],[-122.30099474457667,37.86718042027402],[-122.30101831916514,37.86717589243626],[-122.30102239884422,37.86718924157293]]]},"properties":{"face":"4681R","n":2,"street":"UNIVERSITY AVE OVERPASS","side":"R","zone":"MULI","cat":"man","placement":"building","width_source":"default"}},{"type":"Feature","geometry":{"type":"Polygon","coordinates":[[[-122.30099882425172,37.86719376941145],[-122.3009752496564,37.86719829724524],[-122.30097116998537,37.86718494810702],[-122.30099474457667,37.86718042027402],[-122.30099882425172,37.86719376941145]]]},"properties":{"face":"4681R","n":3,"street":"UNIVERSITY AVE OVERPASS","side":"R","zone":"MULI","cat":"man","placement":"building","width_source":"default"}},{"type":"Feature","geometry":{"type":"Polygon","coordinates":[[[-122.3009752496564,37.86719829724524],[-122.30095167505827,37.867202825074266],[-122.30094759539129,37.86718947593526],[-122.30097116998537,37.86718494810702],[-122.3009752496564,37.86719829724524]]]},"properties":{"face":"4681R","n":4,"street":"UNIVERSITY AVE OVERPASS","side":"R","zone":"MULI","cat":"man","placement":"building","width_source":"default"}},{"type":"Feature","geometry":{"type":"Polygon","coordinates":[[[-122.30095167505827,37.867202825074266],[-122.30092810045734,37.867207352898525],[-122.30092402079438,37.86719400375877],[-122.30094759539129,37.86718947593526],[-122.30095167505827,37.867202825074266]]]},"properties":{"face":"4681R","n":5,"street":"UNIVERSITY AVE OVERPASS","side":"R","zone":"MULI","cat":"man","placement":"building","width_source":"default"}},{"type":"Feature","geometry":{"type":"Polygon","coordinates":[[[-122.30092810045734,37.867207352898525],[-122.30090452585358,37.86721188071804],[-122.30090044619465,37.86719853157752],[-122.30092402079438,37.86719400375877],[-122.30092810045734,37.867207352898525]]]},"properties":{"face":"4681R","n":6,"street":"UNIVERSITY AVE OVERPASS","side":"R","zone":"MULI","cat":"man","placement":"building","width_source":"default"}},{"type":"Feature","geometry":{"type":"Polygon","coordinates":[[[-122.30090452585358,37.86721188071804],[-122.30088095124701,37.867216408532805],[-122.30087687159211,37.86720305939151],[-122.30090044619465,37.86719853157752],[-122.30090452585358,37.86721188071804]]]},"properties":{"face":"4681R","n":7,"street":"UNIVERSITY AVE OVERPASS","side":"R","zone":"MULI","cat":"man","placement":"building","width_source":"default"}},{"type":"Feature","geometry":{"type":"Polygon","coordinates":[[[-122.28090161225622,37.86204908764185],[-122.28089700399927,37.862030208470145],[-122.28091401332844,37.86202759885506],[-122.2809186215896,37.862046478026166],[-122.28090161225622,37.86204908764185]]]},"properties":{"face":"5091L","n":1,"street":"SACRAMENTO ST","side":"L","zone":"C-SA","cat":"com","placement":"building","width_source":"osm-building"}},{"type":"Feature","geometry":{"type":"Polygon","coordinates":[[[-122.28089700399927,37.862030208470145],[-122.28089239574456,37.86201132929821],[-122.28090940506955,37.86200871968375],[-122.28091401332844,37.86202759885506],[-122.28089700399927,37.862030208470145]]]},"properties":{"face":"5091L","n":2,"street":"SACRAMENTO ST","side":"L","zone":"C-SA","cat":"com","placement":"building","width_source":"osm-building"}},{"type":"Feature","geometry":{"type":"Polygon","coordinates":[[[-122.28087754995092,37.86195533740526],[-122.28087139288915,37.86193673785875],[-122.28088815026638,37.86193325116521],[-122.28089430733212,37.861951850710916],[-122.28087754995092,37.86195533740526]]]},"properties":{"face":"5091L","n":3,"street":"SACRAMENTO ST","side":"L","zone":"C-SA","cat":"com","placement":"building","width_source":"osm-building"}},{"type":"Feature","geometry":{"type":"Polygon","coordinates":[[[-122.28087139288915,37.86193673785875],[-122.2808652358304,37.861918138311864],[-122.28088199320369,37.86191465161915],[-122.28088815026638,37.86193325116521],[-122.28087139288915,37.86193673785875]]]},"properties":{"face":"5091L","n":4,"street":"SACRAMENTO ST","side":"L","zone":"C-SA","cat":"com","placement":"building","width_source":"osm-building"}},{"type":"Feature","geometry":{"type":"Polygon","coordinates":[[[-122.2808652358304,37.861918138311864],[-122.28085907877467,37.861899538764646],[-122.280875836144,37.861896052072765],[-122.28088199320369,37.86191465161915],[-122.2808652358304,37.861918138311864]]]},"properties":{"face":"5091L","n":5,"street":"SACRAMENTO ST","side":"L","zone":"C-SA","cat":"com","placement":"building","width_source":"osm-building"}},{"type":"Feature","geometry":{"type":"Polygon","coordinates":[[[-122.28085907877467,37.861899538764646],[-122.28085292172199,37.86188093921707],[-122.28086967908736,37.861877452526016],[-122.280875836144,37.861896052072765],[-122.28085907877467,37.861899538764646]]]},"properties":{"face":"5091L","n":6,"street":"SACRAMENTO ST","side":"L","zone":"C-SA","cat":"com","placement":"building","width_source":"osm-building"}},{"type":"Feature","geometry":{"type":"Polygon","coordinates":[[[-122.28085292172199,37.86188093921707],[-122.2808467646723,37.86186233966915],[-122.28086352203373,37.861858852978926],[-122.28086967908736,37.861877452526016],[-122.28085292172199,37.86188093921707]]]},"properties":{"face":"5091L","n":7,"street":"SACRAMENTO ST","side":"L","zone":"C-SA","cat":"com","placement":"building","width_source":"osm-building"}},{"type":"Feature","geometry":{"type":"Polygon","coordinates":[[[-122.2808467646723,37.86186233966915],[-122.28084060762565,37.861843740120875],[-122.28085736498313,37.86184025343149],[-122.28086352203373,37.861858852978926],[-122.2808467646723,37.86186233966915]]]},"properties":{"face":"5091L","n":8,"street":"SACRAMENTO ST","side":"L","zone":"C-SA","cat":"com","placement":"building","width_source":"osm-building"}},{"type":"Feature","geometry":{"type":"Polygon","coordinates":[[[-122.28084069997657,37.86184399842619],[-122.28083363820319,37.86182562349903],[-122.28085021085501,37.86182162019999],[-122.28085727263216,37.86183999512618],[-122.28084069997657,37.86184399842619]]]},"properties":{"face":"5091L","n":9,"street":"SACRAMENTO ST","side":"L","zone":"C-SA","cat":"com","placement":"building","width_source":"osm-building"}},{"type":"Feature","geometry":{"type":"Polygon","coordinates":[[[-122.28083378821022,37.86182597876162],[-122.28082546420599,37.86180791721479],[-122.28084173684019,37.861803203391695],[-122.28085006084791,37.86182126493743],[-122.28083378821022,37.86182597876162]]]},"properties":{"face":"5091L","n":10,"street":"SACRAMENTO ST","side":"L","zone":"C-SA","cat":"com","placement":"building","width_source":"osm-building"}},{"type":"Feature","geometry":{"type":"Polygon","coordinates":[[[-122.28082546420599,37.86180791721479],[-122.28081714020574,37.861789855667375],[-122.2808334128365,37.86178514184538],[-122.28084173684019,37.861803203391695],[-122.28082546420599,37.86180791721479]]]},"properties":{"face":"5091L","n":11,"street":"SACRAMENTO ST","side":"L","zone":"C-SA","cat":"com","placement":"building","width_source":"osm-building"}},{"type":"Feature","geometry":{"type":"Polygon","coordinates":[[[-122.28081714020574,37.861789855667375],[-122.28080881620953,37.86177179411934],[-122.28082508883679,37.86176708029846],[-122.2808334128365,37.86178514184538],[-122.28081714020574,37.861789855667375]]]},"properties":{"face":"5091L","n":12,"street":"SACRAMENTO ST","side":"L","zone":"C-SA","cat":"com","placement":"building","width_source":"osm-building"}},{"type":"Feature","geometry":{"type":"Polygon","coordinates":[[[-122.28078384424485,37.86171760947164],[-122.28077552026464,37.86169954792121],[-122.28079179287798,37.86169483410472],[-122.28080011686168,37.86171289565406],[-122.28078384424485,37.86171760947164]]]},"properties":{"face":"5091L","n":13,"street":"SACRAMENTO ST","side":"L","zone":"C-SA","cat":"com","placement":"building","width_source":"osm-building"}},{"type":"Feature","geometry":{"type":"Polygon","coordinates":[[[-122.28077552026464,37.86169954792121],[-122.28076719628842,37.861681486370166],[-122.28078346889828,37.86167677255478],[-122.28079179287798,37.86169483410472],[-122.28077552026464,37.86169954792121]]]},"properties":{"face":"5091L","n":14,"street":"SACRAMENTO ST","side":"L","zone":"C-SA","cat":"com","placement":"building","width_source":"osm-building"}},{"type":"Feature","geometry":{"type":"Polygon","coordinates":[[[-122.28076719628842,37.861681486370166],[-122.2807588723162,37.86166342481854],[-122.2807751449226,37.86165871100425],[-122.28078346889828,37.86167677255478],[-122.28076719628842,37.861681486370166]]]},"properties":{"face":"5091L","n":15,"street":"SACRAMENTO ST","side":"L","zone":"C-SA","cat":"com","placement":"building","width_source":"osm-building"}},{"type":"Feature","geometry":{"type":"Polygon","coordinates":[[[-122.2807588723162,37.86166342481854],[-122.28075054834797,37.861645363266284],[-122.28076682095089,37.8616406494531],[-122.2807751449226,37.86165871100425],[-122.2807588723162,37.86166342481854]]]},"properties":{"face":"5091L","n":16,"street":"SACRAMENTO ST","side":"L","zone":"C-SA","cat":"com","placement":"building","width_source":"osm-building"}},{"type":"Feature","geometry":{"type":"Polygon","coordinates":[[[-122.28075054834797,37.861645363266284],[-122.28074222438377,37.86162730171345],[-122.2807584969832,37.861622587901365],[-122.28076682095089,37.8616406494531],[-122.28075054834797,37.861645363266284]]]},"properties":{"face":"5091L","n":17,"street":"SACRAMENTO ST","side":"L","zone":"C-SA","cat":"com","placement":"building","width_source":"osm-building"}},{"type":"Feature","geometry":{"type":"Polygon","coordinates":[[[-122.28074225596635,37.86162736914455],[-122.28073369635733,37.86160938295341],[-122.28074990578817,37.86160453428023],[-122.28075846540061,37.861622520470256],[-122.28074225596635,37.86162736914455]]]},"properties":{"face":"5091L","n":18,"street":"SACRAMENTO ST","side":"L","zone":"C-SA","cat":"com","placement":"building","width_source":"osm-building"}},{"type":"Feature","geometry":{"type":"Polygon","coordinates":[[[-122.28073387932508,37.86160973719995],[-122.28072406611636,37.86159215192031],[-122.28073990960861,37.86158659475538],[-122.28074972282037,37.86160418003373],[-122.28073387932508,37.86160973719995]]]},"properties":{"face":"5091L","n":19,"street":"SACRAMENTO ST","side":"L","zone":"C-SA","cat":"com","placement":"building","width_source":"osm-building"}},{"type":"Feature","geometry":{"type":"Polygon","coordinates":[[[-122.28072406611636,37.86159215192031],[-122.28071425291229,37.86157456663988],[-122.28073009640146,37.8615690094762],[-122.28073990960861,37.86158659475538],[-122.28072406611636,37.86159215192031]]]},"properties":{"face":"5091L","n":20,"street":"SACRAMENTO ST","side":"L","zone":"C-SA","cat":"com","placement":"building","width_source":"osm-building"}},{"type":"Feature","geometry":{"type":"Polygon","coordinates":[[[-122.28071425291229,37.86157456663988],[-122.28070443971279,37.8615569813586],[-122.2807202831989,37.861551424196215],[-122.28073009640146,37.8615690094762],[-122.28071425291229,37.86157456663988]]]},"properties":{"face":"5091L","n":21,"street":"SACRAMENTO ST","side":"L","zone":"C-SA","cat":"com","placement":"building","width_source":"osm-building"}},{"type":"Feature","geometry":{"type":"Polygon","coordinates":[[[-122.28070443971279,37.8615569813586],[-122.28069462651793,37.861539396076516],[-122.28071047000095,37.86153383891539],[-122.2807202831989,37.861551424196215],[-122.28070443971279,37.8615569813586]]]},"properties":{"face":"5091L","n":22,"street":"SACRAMENTO ST","side":"L","zone":"C-SA","cat":"com","placement":"building","width_source":"osm-building"}},{"type":"Feature","geometry":{"type":"Polygon","coordinates":[[[-122.28069462651793,37.861539396076516],[-122.28068481332767,37.861521810793604],[-122.28070065680761,37.86151625363375],[-122.28071047000095,37.86153383891539],[-122.28069462651793,37.861539396076516]]]},"properties":{"face":"5091L","n":23,"street":"SACRAMENTO ST","side":"L","zone":"C-SA","cat":"com","placement":"building","width_source":"osm-building"}},{"type":"Feature","geometry":{"type":"Polygon","coordinates":[[[-122.28068481332767,37.861521810793604],[-122.28067500014201,37.86150422550987],[-122.2806908436189,37.861498668351295],[-122.28070065680761,37.86151625363375],[-122.28068481332767,37.861521810793604]]]},"properties":{"face":"5091L","n":24,"street":"SACRAMENTO ST","side":"L","zone":"C-SA","cat":"com","placement":"building","width_source":"osm-building"}},{"type":"Feature","geometry":{"type":"Polygon","coordinates":[[[-122.28067500014201,37.86150422550987],[-122.28066518696097,37.86148664022531],[-122.28068103043478,37.86148108306801],[-122.2806908436189,37.861498668351295],[-122.28067500014201,37.86150422550987]]]},"properties":{"face":"5091L","n":25,"street":"SACRAMENTO ST","side":"L","zone":"C-SA","cat":"com","placement":"building","width_source":"osm-building"}},{"type":"Feature","geometry":{"type":"Polygon","coordinates":[[[-122.28066518696097,37.86148664022531],[-122.28065537378453,37.861469054939924],[-122.28067121725527,37.861463497783895],[-122.28068103043478,37.86148108306801],[-122.28066518696097,37.86148664022531]]]},"properties":{"face":"5091L","n":26,"street":"SACRAMENTO ST","side":"L","zone":"C-SA","cat":"com","placement":"building","width_source":"osm-building"}},{"type":"Feature","geometry":{"type":"Polygon","coordinates":[[[-122.28065537378453,37.861469054939924],[-122.28064556061271,37.86145146965372],[-122.28066140408038,37.861445912498965],[-122.28067121725527,37.861463497783895],[-122.28065537378453,37.861469054939924]]]},"properties":{"face":"5091L","n":27,"street":"SACRAMENTO ST","side":"L","zone":"C-SA","cat":"com","placement":"building","width_source":"osm-building"}},{"type":"Feature","geometry":{"type":"Polygon","coordinates":[[[-122.28064556061271,37.86145146965372],[-122.28063574744552,37.86143388436668],[-122.2806515909101,37.861428327213204],[-122.28066140408038,37.861445912498965],[-122.28064556061271,37.86145146965372]]]},"properties":{"face":"5091L","n":28,"street":"SACRAMENTO ST","side":"L","zone":"C-SA","cat":"com","placement":"building","width_source":"osm-building"}},{"type":"Feature","geometry":{"type":"Polygon","coordinates":[[[-122.29570907703429,37.880721241241694],[-122.29570295623341,37.88070263387222],[-122.29571972496512,37.88069916860306],[-122.29572584576994,37.88071777597172],[-122.29570907703429,37.880721241241694]]]},"properties":{"face":"5634L","n":1,"street":"SAN PABLO AVE","side":"L","zone":"C-W","cat":"com","placement":"building","width_source":"default"}},{"type":"Feature","geometry":{"type":"Polygon","coordinates":[[[-122.29570295623341,37.88070263387222],[-122.29569683543554,37.88068402650239],[-122.29571360416328,37.880680561234044],[-122.29571972496512,37.88069916860306],[-122.29570295623341,37.88070263387222]]]},"properties":{"face":"5634L","n":2,"street":"SAN PABLO AVE","side":"L","zone":"C-W","cat":"com","placement":"building","width_source":"default"}},{"type":"Feature","geometry":{"type":"Polygon","coordinates":[[[-122.29569683543554,37.88068402650239],[-122.2956907146407,37.880665419132214],[-122.29570748336447,37.880661953864696],[-122.29571360416328,37.880680561234044],[-122.29569683543554,37.88068402650239]]]},"properties":{"face":"5634L","n":3,"street":"SAN PABLO AVE","side":"L","zone":"C-W","cat":"com","placement":"building","width_source":"default"}},{"type":"Feature","geometry":{"type":"Polygon","coordinates":[[[-122.2956907146407,37.880665419132214],[-122.29568459384885,37.880646811761686],[-122.29570136256868,37.88064334649499],[-122.29570748336447,37.880661953864696],[-122.2956907146407,37.880665419132214]]]},"properties":{"face":"5634L","n":4,"street":"SAN PABLO AVE","side":"L","zone":"C-W","cat":"com","placement":"building","width_source":"default"}},{"type":"Feature","geometry":{"type":"Polygon","coordinates":[[[-122.29568459384885,37.880646811761686],[-122.29567847306001,37.88062820439082],[-122.29569524177587,37.88062473912495],[-122.29570136256868,37.88064334649499],[-122.29568459384885,37.880646811761686]]]},"properties":{"face":"5634L","n":5,"street":"SAN PABLO AVE","side":"L","zone":"C-W","cat":"com","placement":"building","width_source":"default"}},{"type":"Feature","geometry":{"type":"Polygon","coordinates":[[[-122.29567847306001,37.88062820439082],[-122.29567235227421,37.8806095970196],[-122.29568912098608,37.880606131754554],[-122.29569524177587,37.88062473912495],[-122.29567847306001,37.88062820439082]]]},"properties":{"face":"5634L","n":6,"street":"SAN PABLO AVE","side":"L","zone":"C-W","cat":"com","placement":"building","width_source":"default"}},{"type":"Feature","geometry":{"type":"Polygon","coordinates":[[[-122.29601542293031,37.880657934236204],[-122.29600930205707,37.88063932688173],[-122.29602607076072,37.880635861568614],[-122.29603219163789,37.880654468922266],[-122.29601542293031,37.880657934236204]]]},"properties":{"face":"5634R","n":1,"street":"SAN PABLO AVE","side":"R","zone":"C-W","cat":"com","placement":"building","width_source":"default"}},{"type":"Feature","geometry":{"type":"Polygon","coordinates":[[[-122.29600930205707,37.88063932688173],[-122.29600318118686,37.88062071952692],[-122.29601994988656,37.88061725421461],[-122.29602607076072,37.880635861568614],[-122.29600930205707,37.88063932688173]]]},"properties":{"face":"5634R","n":2,"street":"SAN PABLO AVE","side":"R","zone":"C-W","cat":"com","placement":"building","width_source":"default"}},{"type":"Feature","geometry":{"type":"Polygon","coordinates":[[[-122.29600318118686,37.88062071952692],[-122.29599706031968,37.88060211217176],[-122.29601382901541,37.88059864686027],[-122.29601994988656,37.88061725421461],[-122.29600318118686,37.88062071952692]]]},"properties":{"face":"5634R","n":3,"street":"SAN PABLO AVE","side":"R","zone":"C-W","cat":"com","placement":"building","width_source":"default"}},{"type":"Feature","geometry":{"type":"Polygon","coordinates":[[[-122.29599706031968,37.88060211217176],[-122.29599093945549,37.88058350481625],[-122.29600770814726,37.880580039505595],[-122.29601382901541,37.88059864686027],[-122.29599706031968,37.88060211217176]]]},"properties":{"face":"5634R","n":4,"street":"SAN PABLO AVE","side":"R","zone":"C-W","cat":"com","placement":"building","width_source":"default"}},{"type":"Feature","geometry":{"type":"Polygon","coordinates":[[[-122.29599093945549,37.88058350481625],[-122.29598481859432,37.880564897460395],[-122.2960015872821,37.88056143215056],[-122.29600770814726,37.880580039505595],[-122.29599093945549,37.88058350481625]]]},"properties":{"face":"5634R","n":5,"street":"SAN PABLO AVE","side":"R","zone":"C-W","cat":"com","placement":"building","width_source":"default"}},{"type":"Feature","geometry":{"type":"Polygon","coordinates":[[[-122.29381993025066,37.87486026344051],[-122.29381453613773,37.87484151541083],[-122.29383143027515,37.87483846130823],[-122.29383682439214,37.87485720933717],[-122.29381993025066,37.87486026344051]]]},"properties":{"face":"5658L","n":1,"street":"SAN PABLO AVE","side":"L","zone":"C-W","cat":"com","placement":"building","width_source":"default"}},{"type":"Feature","geometry":{"type":"Polygon","coordinates":[[[-122.29381453613773,37.87484151541083],[-122.29380914202747,37.87482276738089],[-122.29382603616078,37.874819713278995],[-122.29383143027515,37.87483846130823],[-122.29381453613773,37.87484151541083]]]},"properties":{"face":"5658L","n":2,"street":"SAN PABLO AVE","side":"L","zone":"C-W","cat":"com","placement":"building","width_source":"default"}},{"type":"Feature","geometry":{"type":"Polygon","coordinates":[[[-122.29380914202747,37.87482276738089],[-122.29380374791985,37.874804019350655],[-122.2938206420491,37.87480096524949],[-122.29382603616078,37.874819713278995],[-122.29380914202747,37.87482276738089]]]},"properties":{"face":"5658L","n":3,"street":"SAN PABLO AVE","side":"L","zone":"C-W","cat":"com","placement":"building","width_source":"default"}},{"type":"Feature","geometry":{"type":"Polygon","coordinates":[[[-122.29380374791985,37.874804019350655],[-122.2937983538149,37.874785271320135],[-122.29381524794009,37.87478221721969],[-122.2938206420491,37.87480096524949],[-122.29380374791985,37.874804019350655]]]},"properties":{"face":"5658L","n":4,"street":"SAN PABLO AVE","side":"L","zone":"C-W","cat":"com","placement":"building","width_source":"default"}},{"type":"Feature","geometry":{"type":"Polygon","coordinates":[[[-122.2937983538149,37.874785271320135],[-122.29379295971263,37.87476652328935],[-122.29380985383372,37.87476346918963],[-122.29381524794009,37.87478221721969],[-122.2937983538149,37.874785271320135]]]},"properties":{"face":"5658L","n":5,"street":"SAN PABLO AVE","side":"L","zone":"C-W","cat":"com","placement":"building","width_source":"default"}},{"type":"Feature","geometry":{"type":"Polygon","coordinates":[[[-122.29379295971263,37.87476652328935],[-122.29378756561302,37.874747775258285],[-122.29380445973003,37.874744721159296],[-122.29380985383372,37.87476346918963],[-122.29379295971263,37.87476652328935]]]},"properties":{"face":"5658L","n":6,"street":"SAN PABLO AVE","side":"L","zone":"C-W","cat":"com","placement":"building","width_source":"default"}},{"type":"Feature","geometry":{"type":"Polygon","coordinates":[[[-122.29378756561302,37.874747775258285],[-122.29378217151606,37.87472902722693],[-122.29379906562897,37.87472597312867],[-122.29380445973003,37.874744721159296],[-122.29378756561302,37.874747775258285]]]},"properties":{"face":"5658L","n":7,"street":"SAN PABLO AVE","side":"L","zone":"C-W","cat":"com","placement":"building","width_source":"default"}},{"type":"Feature","geometry":{"type":"Polygon","coordinates":[[[-122.29378217151606,37.87472902722693],[-122.29377677742178,37.8747102791953],[-122.2937936715306,37.87470722509776],[-122.29379906562897,37.87472597312867],[-122.29378217151606,37.87472902722693]]]},"properties":{"face":"5658L","n":8,"street":"SAN PABLO AVE","side":"L","zone":"C-W","cat":"com","placement":"building","width_source":"default"}},{"type":"Feature","geometry":{"type":"Polygon","coordinates":[[[-122.29377677742178,37.8747102791953],[-122.29377138333015,37.87469153116339],[-122.29378827743489,37.87468847706656],[-122.2937936715306,37.87470722509776],[-122.29377677742178,37.8747102791953]]]},"properties":{"face":"5658L","n":9,"street":"SAN PABLO AVE","side":"L","zone":"C-W","cat":"com","placement":"building","width_source":"default"}},{"type":"Feature","geometry":{"type":"Polygon","coordinates":[[[-122.29377138333015,37.87469153116339],[-122.29376598924118,37.8746727831312],[-122.29378288334183,37.874669729035105],[-122.29378827743489,37.87468847706656],[-122.29377138333015,37.87469153116339]]]},"properties":{"face":"5658L","n":10,"street":"SAN PABLO AVE","side":"L","zone":"C-W","cat":"com","placement":"building","width_source":"default"}},{"type":"Feature","geometry":{"type":"Polygon","coordinates":[[[-122.29421194752045,37.87510496536715],[-122.29420655329102,37.87508621735504],[-122.2942234474692,37.8750831631967],[-122.2942288417027,37.875101911208084],[-122.29421194752045,37.87510496536715]]]},"properties":{"face":"5658R","n":1,"street":"SAN PABLO AVE","side":"R","zone":"C-W","cat":"com","placement":"building","width_source":"default"}},{"type":"Feature","geometry":{"type":"Polygon","coordinates":[[[-122.2941903706187,37.87502997331707],[-122.29418497639989,37.87501122530384],[-122.29420187056174,37.87500817114839],[-122.2942072647846,37.87502691916089],[-122.2941903706187,37.87502997331707]]]},"properties":{"face":"5658R","n":2,"street":"SAN PABLO AVE","side":"R","zone":"C-W","cat":"com","placement":"building","width_source":"default"}},{"type":"Feature","geometry":{"type":"Polygon","coordinates":[[[-122.29418497639989,37.87501122530384],[-122.29417958218377,37.87499247729035],[-122.29419647634153,37.87498942313561],[-122.29420187056174,37.87500817114839],[-122.29418497639989,37.87501122530384]]]},"properties":{"face":"5658R","n":3,"street":"SAN PABLO AVE","side":"R","zone":"C-W","cat":"com","placement":"building","width_source":"default"}},{"type":"Feature","geometry":{"type":"Polygon","coordinates":[[[-122.29417958218377,37.87499247729035],[-122.29417418797031,37.87497372927656],[-122.29419108212396,37.87497067512256],[-122.29419647634153,37.87498942313561],[-122.29417958218377,37.87499247729035]]]},"properties":{"face":"5658R","n":4,"street":"SAN PABLO AVE","side":"R","zone":"C-W","cat":"com","placement":"building","width_source":"default"}},{"type":"Feature","geometry":{"type":"Polygon","coordinates":[[[-122.29417418797031,37.87497372927656],[-122.29416879375952,37.874954981262505],[-122.2941856879091,37.87495192710923],[-122.29419108212396,37.87497067512256],[-122.29417418797031,37.87497372927656]]]},"properties":{"face":"5658R","n":5,"street":"SAN PABLO AVE","side":"R","zone":"C-W","cat":"com","placement":"building","width_source":"default"}},{"type":"Feature","geometry":{"type":"Polygon","coordinates":[[[-122.29416879375952,37.874954981262505],[-122.29416339955138,37.87493623324817],[-122.29418029369688,37.87493317909561],[-122.2941856879091,37.87495192710923],[-122.29416879375952,37.874954981262505]]]},"properties":{"face":"5658R","n":6,"street":"SAN PABLO AVE","side":"R","zone":"C-W","cat":"com","placement":"building","width_source":"default"}},{"type":"Feature","geometry":{"type":"Polygon","coordinates":[[[-122.29416339955138,37.87493623324817],[-122.2941580053459,37.87491748523356],[-122.29417489948732,37.874914431081734],[-122.29418029369688,37.87493317909561],[-122.29416339955138,37.87493623324817]]]},"properties":{"face":"5658R","n":7,"street":"SAN PABLO AVE","side":"R","zone":"C-W","cat":"com","placement":"building","width_source":"default"}},{"type":"Feature","geometry":{"type":"Polygon","coordinates":[[[-122.2941580053459,37.87491748523356],[-122.2941526111431,37.874898737218665],[-122.29416950528042,37.87489568306755],[-122.29417489948732,37.874914431081734],[-122.2941580053459,37.87491748523356]]]},"properties":{"face":"5658R","n":8,"street":"SAN PABLO AVE","side":"R","zone":"C-W","cat":"com","placement":"building","width_source":"default"}},{"type":"Feature","geometry":{"type":"Polygon","coordinates":[[[-122.29245516730926,37.86962601408159],[-122.29243355759073,37.86961727824535],[-122.29244142902475,37.869605042127624],[-122.2924630387407,37.869613777962414],[-122.29245516730926,37.86962601408159]]]},"properties":{"face":"5670R","n":1,"street":"SAN PABLO AVE","side":"R","zone":"C-W","cat":"com","placement":"building","width_source":"default"}},{"type":"Feature","geometry":{"type":"Polygon","coordinates":[[[-122.29243355759073,37.86961727824535],[-122.29241194787734,37.86960854240518],[-122.29241981931396,37.86959630628891],[-122.29244142902475,37.869605042127624],[-122.29243355759073,37.86961727824535]]]},"properties":{"face":"5670R","n":2,"street":"SAN PABLO AVE","side":"R","zone":"C-W","cat":"com","placement":"building","width_source":"default"}},{"type":"Feature","geometry":{"type":"Polygon","coordinates":[[[-122.29241194787734,37.86960854240518],[-122.2923903381691,37.86959980656108],[-122.29239820960834,37.86958757044625],[-122.29241981931396,37.86959630628891],[-122.29241194787734,37.86960854240518]]]},"properties":{"face":"5670R","n":3,"street":"SAN PABLO AVE","side":"R","zone":"C-W","cat":"com","placement":"building","width_source":"default"}},{"type":"Feature","geometry":{"type":"Polygon","coordinates":[[[-122.29216209768552,37.86971361961683],[-122.29215551925007,37.86969511080689],[-122.29217219664804,37.86969138588848],[-122.29217877508735,37.869709894697536],[-122.29216209768552,37.86971361961683]]]},"properties":{"face":"5671L","n":1,"street":"SAN PABLO AVE","side":"L","zone":"C-W","cat":"com","placement":"building","width_source":"default"}},{"type":"Feature","geometry":{"type":"Polygon","coordinates":[[[-122.29215551925007,37.86969511080689],[-122.29214894081787,37.86967660199655],[-122.29216561821195,37.869672877079026],[-122.29217219664804,37.86969138588848],[-122.29215551925007,37.86969511080689]]]},"properties":{"face":"5671L","n":2,"street":"SAN PABLO AVE","side":"L","zone":"C-W","cat":"com","placement":"building","width_source":"default"}},{"type":"Feature","geometry":{"type":"Polygon","coordinates":[[[-122.29214894081787,37.86967660199655],[-122.29214236238886,37.86965809318583],[-122.29215903977908,37.86965436826919],[-122.29216561821195,37.869672877079026],[-122.29214894081787,37.86967660199655]]]},"properties":{"face":"5671L","n":3,"street":"SAN PABLO AVE","side":"L","zone":"C-W","cat":"com","placement":"building","width_source":"default"}},{"type":"Feature","geometry":{"type":"Polygon","coordinates":[[[-122.29214236238886,37.86965809318583],[-122.29213578396312,37.86963958437471],[-122.29215246134945,37.869635859458946],[-122.29215903977908,37.86965436826919],[-122.29214236238886,37.86965809318583]]]},"properties":{"face":"5671L","n":4,"street":"SAN PABLO AVE","side":"L","zone":"C-W","cat":"com","placement":"building","width_source":"default"}},{"type":"Feature","geometry":{"type":"Polygon","coordinates":[[[-122.29213578396312,37.86963958437471],[-122.29212920554055,37.8696210755632],[-122.29214588292304,37.86961735064831],[-122.29215246134945,37.869635859458946],[-122.29213578396312,37.86963958437471]]]},"properties":{"face":"5671L","n":5,"street":"SAN PABLO AVE","side":"L","zone":"C-W","cat":"com","placement":"building","width_source":"default"}},{"type":"Feature","geometry":{"type":"Polygon","coordinates":[[[-122.29212920554055,37.8696210755632],[-122.29212262712123,37.8696025667513],[-122.29213930449986,37.86959884183729],[-122.29214588292304,37.86961735064831],[-122.29212920554055,37.8696210755632]]]},"properties":{"face":"5671L","n":6,"street":"SAN PABLO AVE","side":"L","zone":"C-W","cat":"com","placement":"building","width_source":"default"}},{"type":"Feature","geometry":{"type":"Polygon","coordinates":[[[-122.29212262712123,37.8696025667513],[-122.29211604870515,37.869584057939],[-122.29213272607988,37.86958033302587],[-122.29213930449986,37.86959884183729],[-122.29212262712123,37.8696025667513]]]},"properties":{"face":"5671L","n":7,"street":"SAN PABLO AVE","side":"L","zone":"C-W","cat":"com","placement":"building","width_source":"default"}},{"type":"Feature","geometry":{"type":"Polygon","coordinates":[[[-122.29211604870515,37.869584057939],[-122.29210947029227,37.869565549126314],[-122.29212614766314,37.869561824214074],[-122.29213272607988,37.86958033302587],[-122.29211604870515,37.869584057939]]]},"properties":{"face":"5671L","n":8,"street":"SAN PABLO AVE","side":"L","zone":"C-W","cat":"com","placement":"building","width_source":"default"}},{"type":"Feature","geometry":{"type":"Polygon","coordinates":[[[-122.29210947029227,37.869565549126314],[-122.2921028918826,37.86954704031323],[-122.29211956924964,37.86954331540187],[-122.29212614766314,37.869561824214074],[-122.29210947029227,37.869565549126314]]]},"properties":{"face":"5671L","n":9,"street":"SAN PABLO AVE","side":"L","zone":"C-W","cat":"com","placement":"building","width_source":"default"}},{"type":"Feature","geometry":{"type":"Polygon","coordinates":[[[-122.2921028918826,37.86954704031323],[-122.29209631347621,37.86952853149976],[-122.29211299083933,37.86952480658928],[-122.29211956924964,37.86954331540187],[-122.2921028918826,37.86954704031323]]]},"properties":{"face":"5671L","n":10,"street":"SAN PABLO AVE","side":"L","zone":"C-W","cat":"com","placement":"building","width_source":"default"}},{"type":"Feature","geometry":{"type":"Polygon","coordinates":[[[-122.29237095989862,37.86934731976165],[-122.29236438144184,37.86932881096204],[-122.29238105874688,37.86932508601287],[-122.29238763720751,37.8693435948116],[-122.29237095989862,37.86934731976165]]]},"properties":{"face":"5671R","n":1,"street":"SAN PABLO AVE","side":"R","zone":"C-W","cat":"com","placement":"building","width_source":"default"}},{"type":"Feature","geometry":{"type":"Polygon","coordinates":[[[-122.29236438144184,37.86932881096204],[-122.2923578029883,37.869310302162035],[-122.29237448028948,37.86930657721375],[-122.29238105874688,37.86932508601287],[-122.29236438144184,37.86932881096204]]]},"properties":{"face":"5671R","n":2,"street":"SAN PABLO AVE","side":"R","zone":"C-W","cat":"com","placement":"building","width_source":"default"}},{"type":"Feature","geometry":{"type":"Polygon","coordinates":[[[-122.2923578029883,37.869310302162035],[-122.29235122453798,37.86929179336164],[-122.29236790183529,37.869288068414235],[-122.29237448028948,37.86930657721375],[-122.2923578029883,37.869310302162035]]]},"properties":{"face":"5671R","n":3,"street":"SAN PABLO AVE","side":"R","zone":"C-W","cat":"com","placement":"building","width_source":"default"}},{"type":"Feature","geometry":{"type":"Polygon","coordinates":[[[-122.29235122453798,37.86929179336164],[-122.29234464609088,37.86927328456085],[-122.29236132338434,37.86926955961433],[-122.29236790183529,37.869288068414235],[-122.29235122453798,37.86929179336164]]]},"properties":{"face":"5671R","n":4,"street":"SAN PABLO AVE","side":"R","zone":"C-W","cat":"com","placement":"building","width_source":"default"}},{"type":"Feature","geometry":{"type":"Polygon","coordinates":[[[-122.29234464609088,37.86927328456085],[-122.29233806764702,37.869254775759664],[-122.29235474493659,37.86925105081403],[-122.29236132338434,37.86926955961433],[-122.29234464609088,37.86927328456085]]]},"properties":{"face":"5671R","n":5,"street":"SAN PABLO AVE","side":"R","zone":"C-W","cat":"com","placement":"building","width_source":"default"}},{"type":"Feature","geometry":{"type":"Polygon","coordinates":[[[-122.29233806764702,37.869254775759664],[-122.29233148920639,37.8692362669581],[-122.29234816649209,37.86923254201333],[-122.29235474493659,37.86925105081403],[-122.29233806764702,37.869254775759664]]]},"properties":{"face":"5671R","n":6,"street":"SAN PABLO AVE","side":"R","zone":"C-W","cat":"com","placement":"building","width_source":"default"}},{"type":"Feature","geometry":{"type":"Polygon","coordinates":[[[-122.29233148920639,37.8692362669581],[-122.29232491076897,37.869217758156125],[-122.29234158805079,37.86921403321226],[-122.29234816649209,37.86923254201333],[-122.29233148920639,37.8692362669581]]]},"properties":{"face":"5671R","n":7,"street":"SAN PABLO AVE","side":"R","zone":"C-W","cat":"com","placement":"building","width_source":"default"}},{"type":"Feature","geometry":{"type":"Polygon","coordinates":[[[-122.29193465548894,37.86897158194747],[-122.29192945428467,37.868952799757196],[-122.2919463778407,37.86894985464045],[-122.2919515790491,37.86896863683003],[-122.29193465548894,37.86897158194747]]]},"properties":{"face":"5672L","n":1,"street":"SAN PABLO AVE","side":"L","zone":"C-W","cat":"com","placement":"building","width_source":"osm-building"}},{"type":"Feature","geometry":{"type":"Polygon","coordinates":[[[-122.29192945428467,37.868952799757196],[-122.29192425308294,37.86893401756662],[-122.29194117663486,37.86893107245061],[-122.2919463778407,37.86894985464045],[-122.29192945428467,37.868952799757196]]]},"properties":{"face":"5672L","n":2,"street":"SAN PABLO AVE","side":"L","zone":"C-W","cat":"com","placement":"building","width_source":"osm-building"}},{"type":"Feature","geometry":{"type":"Polygon","coordinates":[[[-122.29192425308294,37.86893401756662],[-122.29191905188381,37.86891523537582],[-122.29193597543158,37.8689122902605],[-122.29194117663486,37.86893107245061],[-122.29192425308294,37.86893401756662]]]},"properties":{"face":"5672L","n":3,"street":"SAN PABLO AVE","side":"L","zone":"C-W","cat":"com","placement":"building","width_source":"osm-building"}},{"type":"Feature","geometry":{"type":"Polygon","coordinates":[[[-122.29191905188381,37.86891523537582],[-122.29191385068722,37.86889645318476],[-122.2919307742309,37.868893508070116],[-122.29193597543158,37.8689122902605],[-122.29191905188381,37.86891523537582]]]},"properties":{"face":"5672L","n":4,"street":"SAN PABLO AVE","side":"L","zone":"C-W","cat":"com","placement":"building","width_source":"osm-building"}},{"type":"Feature","geometry":{"type":"Polygon","coordinates":[[[-122.29191385068722,37.86889645318476],[-122.2919086494932,37.86887767099343],[-122.29192557303278,37.868874725879486],[-122.2919307742309,37.868893508070116],[-122.29191385068722,37.86889645318476]]]},"properties":{"face":"5672L","n":5,"street":"SAN PABLO AVE","side":"L","zone":"C-W","cat":"com","placement":"building","width_source":"osm-building"}},{"type":"Feature","geometry":{"type":"Polygon","coordinates":[[[-122.2919086494932,37.86887767099343],[-122.29190344830175,37.86885888880183],[-122.29192037183721,37.86885594368859],[-122.29192557303278,37.868874725879486],[-122.2919086494932,37.86887767099343]]]},"properties":{"face":"5672L","n":6,"street":"SAN PABLO AVE","side":"L","zone":"C-W","cat":"com","placement":"building","width_source":"osm-building"}},{"type":"Feature","geometry":{"type":"Polygon","coordinates":[[[-122.29190344830175,37.86885888880183],[-122.29189824711287,37.86884010660997],[-122.29191517064423,37.86883716149742],[-122.29192037183721,37.86885594368859],[-122.29190344830175,37.86885888880183]]]},"properties":{"face":"5672L","n":7,"street":"SAN PABLO AVE","side":"L","zone":"C-W","cat":"com","placement":"building","width_source":"osm-building"}},{"type":"Feature","geometry":{"type":"Polygon","coordinates":[[[-122.29189824711287,37.86884010660997],[-122.29189304592656,37.868821324417844],[-122.2919099694538,37.868818379306],[-122.29191517064423,37.86883716149742],[-122.29189824711287,37.86884010660997]]]},"properties":{"face":"5672L","n":8,"street":"SAN PABLO AVE","side":"L","zone":"C-W","cat":"com","placement":"building","width_source":"osm-building"}},{"type":"Feature","geometry":{"type":"Polygon","coordinates":[[[-122.29189304592656,37.868821324417844],[-122.29188784474283,37.86880254222545],[-122.29190476826594,37.86879959711432],[-122.2919099694538,37.868818379306],[-122.29189304592656,37.868821324417844]]]},"properties":{"face":"5672L","n":9,"street":"SAN PABLO AVE","side":"L","zone":"C-W","cat":"com","placement":"building","width_source":"osm-building"}},{"type":"Feature","geometry":{"type":"Polygon","coordinates":[[[-122.29188784474283,37.86880254222545],[-122.29188264356164,37.86878376003282],[-122.29189956708066,37.86878081492236],[-122.29190476826594,37.86879959711432],[-122.29188784474283,37.86880254222545]]]},"properties":{"face":"5672L","n":10,"street":"SAN PABLO AVE","side":"L","zone":"C-W","cat":"com","placement":"building","width_source":"osm-building"}},{"type":"Feature","geometry":{"type":"Polygon","coordinates":[[[-122.29188264356164,37.86878376003282],[-122.29187744238304,37.8687649778399],[-122.29189436589795,37.868762032730146],[-122.29189956708066,37.86878081492236],[-122.29188264356164,37.86878376003282]]]},"properties":{"face":"5672L","n":11,"street":"SAN PABLO AVE","side":"L","zone":"C-W","cat":"com","placement":"building","width_source":"osm-building"}},{"type":"Feature","geometry":{"type":"Polygon","coordinates":[[[-122.29187744238304,37.8687649778399],[-122.291872241207,37.86874619564672],[-122.29188916471779,37.86874325053767],[-122.29189436589795,37.868762032730146],[-122.29187744238304,37.8687649778399]]]},"properties":{"face":"5672L","n":12,"street":"SAN PABLO AVE","side":"L","zone":"C-W","cat":"com","placement":"building","width_source":"osm-building"}},{"type":"Feature","geometry":{"type":"Polygon","coordinates":[[[-122.291872241207,37.86874619564672],[-122.29186704003355,37.868727413453286],[-122.29188396354023,37.86872446834493],[-122.29188916471779,37.86874325053767],[-122.291872241207,37.86874619564672]]]},"properties":{"face":"5672L","n":13,"street":"SAN PABLO AVE","side":"L","zone":"C-W","cat":"com","placement":"building","width_source":"osm-building"}},{"type":"Feature","geometry":{"type":"Polygon","coordinates":[[[-122.29186704003355,37.868727413453286],[-122.29186183886266,37.86870863125958],[-122.29187876236522,37.86870568615191],[-122.29188396354023,37.86872446834493],[-122.29186704003355,37.868727413453286]]]},"properties":{"face":"5672L","n":14,"street":"SAN PABLO AVE","side":"L","zone":"C-W","cat":"com","placement":"building","width_source":"osm-building"}},{"type":"Feature","geometry":{"type":"Polygon","coordinates":[[[-122.29186183886266,37.86870863125958],[-122.29185663769432,37.868689849065625],[-122.29187356119277,37.868686903958654],[-122.29187876236522,37.86870568615191],[-122.29186183886266,37.86870863125958]]]},"properties":{"face":"5672L","n":15,"street":"SAN PABLO AVE","side":"L","zone":"C-W","cat":"com","placement":"building","width_source":"osm-building"}},{"type":"Feature","geometry":{"type":"Polygon","coordinates":[[[-122.29185663769432,37.868689849065625],[-122.29185143652855,37.86867106687141],[-122.29186836002289,37.868668121765126],[-122.29187356119277,37.868686903958654],[-122.29185663769432,37.868689849065625]]]},"properties":{"face":"5672L","n":16,"street":"SAN PABLO AVE","side":"L","zone":"C-W","cat":"com","placement":"building","width_source":"osm-building"}},{"type":"Feature","geometry":{"type":"Polygon","coordinates":[[[-122.29185143652855,37.86867106687141],[-122.29184623536537,37.868652284676905],[-122.29186315885559,37.86864933957134],[-122.29186836002289,37.868668121765126],[-122.29185143652855,37.86867106687141]]]},"properties":{"face":"5672L","n":17,"street":"SAN PABLO AVE","side":"L","zone":"C-W","cat":"com","placement":"building","width_source":"osm-building"}},{"type":"Feature","geometry":{"type":"Polygon","coordinates":[[[-122.29184623536537,37.868652284676905],[-122.29184103420475,37.86863350248215],[-122.29185795769085,37.86863055737728],[-122.29186315885559,37.86864933957134],[-122.29184623536537,37.868652284676905]]]},"properties":{"face":"5672L","n":18,"street":"SAN PABLO AVE","side":"L","zone":"C-W","cat":"com","placement":"building","width_source":"osm-building"}},{"type":"Feature","geometry":{"type":"Polygon","coordinates":[[[-122.29184103420475,37.86863350248215],[-122.29183583304669,37.868614720287134],[-122.2918527565287,37.868611775182956],[-122.29185795769085,37.86863055737728],[-122.29184103420475,37.86863350248215]]]},"properties":{"face":"5672L","n":19,"street":"SAN PABLO AVE","side":"L","zone":"C-W","cat":"com","placement":"building","width_source":"osm-building"}},{"type":"Feature","geometry":{"type":"Polygon","coordinates":[[[-122.29183583304669,37.868614720287134],[-122.29183063189122,37.86859593809186],[-122.2918475553691,37.868592992988376],[-122.2918527565287,37.868611775182956],[-122.29183583304669,37.868614720287134]]]},"properties":{"face":"5672L","n":20,"street":"SAN PABLO AVE","side":"L","zone":"C-W","cat":"com","placement":"building","width_source":"osm-building"}},{"type":"Feature","geometry":{"type":"Polygon","coordinates":[[[-122.29183063189122,37.86859593809186],[-122.29182543073829,37.86857715589631],[-122.29184235421205,37.86857421079353],[-122.2918475553691,37.868592992988376],[-122.29183063189122,37.86859593809186]]]},"properties":{"face":"5672L","n":21,"street":"SAN PABLO AVE","side":"L","zone":"C-W","cat":"com","placement":"building","width_source":"osm-building"}},{"type":"Feature","geometry":{"type":"Polygon","coordinates":[[[-122.29222647593741,37.86894048494998],[-122.2922212746609,37.86892170277178],[-122.29223819819886,37.868918757612896],[-122.29224339947949,37.86893753979041],[-122.29222647593741,37.86894048494998]]]},"properties":{"face":"5672R","n":1,"street":"SAN PABLO AVE","side":"R","zone":"C-W","cat":"com","placement":"building","width_source":"default"}},{"type":"Feature","geometry":{"type":"Polygon","coordinates":[[[-122.2922212746609,37.86892170277178],[-122.29221607338695,37.86890292059331],[-122.29223299692079,37.86889997543512],[-122.29223819819886,37.868918757612896],[-122.2922212746609,37.86892170277178]]]},"properties":{"face":"5672R","n":2,"street":"SAN PABLO AVE","side":"R","zone":"C-W","cat":"com","placement":"building","width_source":"default"}},{"type":"Feature","geometry":{"type":"Polygon","coordinates":[[[-122.29221607338695,37.86890292059331],[-122.29221087211559,37.86888413841457],[-122.2922277956453,37.86888119325709],[-122.29223299692079,37.86889997543512],[-122.29221607338695,37.86890292059331]]]},"properties":{"face":"5672R","n":3,"street":"SAN PABLO AVE","side":"R","zone":"C-W","cat":"com","placement":"building","width_source":"default"}},{"type":"Feature","geometry":{"type":"Polygon","coordinates":[[[-122.29221087211559,37.86888413841457],[-122.29220567084676,37.86886535623558],[-122.29222259437238,37.86886241107879],[-122.2922277956453,37.86888119325709],[-122.29221087211559,37.86888413841457]]]},"properties":{"face":"5672R","n":4,"street":"SAN PABLO AVE","side":"R","zone":"C-W","cat":"com","placement":"building","width_source":"default"}},{"type":"Feature","geometry":{"type":"Polygon","coordinates":[[[-122.29220567084676,37.86886535623558],[-122.29220046958052,37.86884657405632],[-122.29221739310202,37.86884362890023],[-122.29222259437238,37.86886241107879],[-122.29220567084676,37.86886535623558]]]},"properties":{"face":"5672R","n":5,"street":"SAN PABLO AVE","side":"R","zone":"C-W","cat":"com","placement":"building","width_source":"default"}},{"type":"Feature","geometry":{"type":"Polygon","coordinates":[[[-122.29220046958052,37.86884657405632],[-122.29219526831683,37.868827791876804],[-122.29221219183424,37.86882484672141],[-122.29221739310202,37.86884362890023],[-122.29220046958052,37.86884657405632]]]},"properties":{"face":"5672R","n":6,"street":"SAN PABLO AVE","side":"R","zone":"C-W","cat":"com","placement":"building","width_source":"default"}},{"type":"Feature","geometry":{"type":"Polygon","coordinates":[[[-122.29219526831683,37.868827791876804],[-122.29219006705574,37.86880900969702],[-122.29220699056901,37.86880606454232],[-122.29221219183424,37.86882484672141],[-122.29219526831683,37.868827791876804]]]},"properties":{"face":"5672R","n":7,"street":"SAN PABLO AVE","side":"R","zone":"C-W","cat":"com","placement":"building","width_source":"default"}},{"type":"Feature","geometry":{"type":"Polygon","coordinates":[[[-122.288308193066,37.8567662239138],[-122.28830161739852,37.856747714712604],[-122.28831829219477,37.85674399070183],[-122.28832486786614,37.85676249990214],[-122.288308193066,37.8567662239138]]]},"properties":{"face":"5713R","n":1,"street":"SAN PABLO AVE","side":"R","zone":"C-W","cat":"com","placement":"building","width_source":"default"}},{"type":"Feature","geometry":{"type":"Polygon","coordinates":[[[-122.301984046791,37.881063934107175],[-122.30197784294417,37.881045344002025],[-122.30199459619607,37.881041831733185],[-122.30200080004687,37.88106042183751],[-122.301984046791,37.881063934107175]]]},"properties":{"face":"6736R","n":1,"street":"SIXTH ST","side":"R","zone":"MULI","cat":"man","placement":"building","width_source":"gis"}},{"type":"Feature","geometry":{"type":"Polygon","coordinates":[[[-122.30197784294417,37.881045344002025],[-122.30197163910036,37.8810267538965],[-122.30198839234833,37.88102324162848],[-122.30199459619607,37.881041831733185],[-122.30197784294417,37.881045344002025]]]},"properties":{"face":"6736R","n":2,"street":"SIXTH ST","side":"R","zone":"MULI","cat":"man","placement":"building","width_source":"gis"}},{"type":"Feature","geometry":{"type":"Polygon","coordinates":[[[-122.30197163910036,37.8810267538965],[-122.3019654352596,37.881008163790625],[-122.30198218850364,37.881004651523455],[-122.30198839234833,37.88102324162848],[-122.30197163910036,37.8810267538965]]]},"properties":{"face":"6736R","n":3,"street":"SIXTH ST","side":"R","zone":"MULI","cat":"man","placement":"building","width_source":"gis"}},{"type":"Feature","geometry":{"type":"Polygon","coordinates":[[[-122.3019654352596,37.881008163790625],[-122.30195923142193,37.8809895736844],[-122.301975984662,37.88098606141806],[-122.30198218850364,37.881004651523455],[-122.3019654352596,37.881008163790625]]]},"properties":{"face":"6736R","n":4,"street":"SIXTH ST","side":"R","zone":"MULI","cat":"man","placement":"building","width_source":"gis"}},{"type":"Feature","geometry":{"type":"Polygon","coordinates":[[[-122.30195923142193,37.8809895736844],[-122.30195302758727,37.880970983577825],[-122.3019697808234,37.88096747131232],[-122.301975984662,37.88098606141806],[-122.30195923142193,37.8809895736844]]]},"properties":{"face":"6736R","n":5,"street":"SIXTH ST","side":"R","zone":"MULI","cat":"man","placement":"building","width_source":"gis"}},{"type":"Feature","geometry":{"type":"Polygon","coordinates":[[[-122.30195302758727,37.880970983577825],[-122.30194682375569,37.88095239347088],[-122.30196357698786,37.880948881206216],[-122.3019697808234,37.88096747131232],[-122.30195302758727,37.880970983577825]]]},"properties":{"face":"6736R","n":6,"street":"SIXTH ST","side":"R","zone":"MULI","cat":"man","placement":"building","width_source":"gis"}},{"type":"Feature","geometry":{"type":"Polygon","coordinates":[[[-122.30194682375569,37.88095239347088],[-122.30194061992714,37.88093380336359],[-122.30195737315537,37.880930291099745],[-122.30196357698786,37.880948881206216],[-122.30194682375569,37.88095239347088]]]},"properties":{"face":"6736R","n":7,"street":"SIXTH ST","side":"R","zone":"MULI","cat":"man","placement":"building","width_source":"gis"}},{"type":"Feature","geometry":{"type":"Polygon","coordinates":[[[-122.30194061992714,37.88093380336359],[-122.30193441610163,37.88091521325593],[-122.30195116932595,37.88091170099293],[-122.30195737315537,37.880930291099745],[-122.30194061992714,37.88093380336359]]]},"properties":{"face":"6736R","n":8,"street":"SIXTH ST","side":"R","zone":"MULI","cat":"man","placement":"building","width_source":"gis"}},{"type":"Feature","geometry":{"type":"Polygon","coordinates":[[[-122.30193441610163,37.88091521325593],[-122.3019282122792,37.88089662314794],[-122.30194496549956,37.880893110885765],[-122.30195116932595,37.88091170099293],[-122.30193441610163,37.88091521325593]]]},"properties":{"face":"6736R","n":9,"street":"SIXTH ST","side":"R","zone":"MULI","cat":"man","placement":"building","width_source":"gis"}},{"type":"Feature","geometry":{"type":"Polygon","coordinates":[[[-122.3019282122792,37.88089662314794],[-122.30192200845981,37.88087803303958],[-122.30193876167621,37.88087452077824],[-122.30194496549956,37.880893110885765],[-122.3019282122792,37.88089662314794]]]},"properties":{"face":"6736R","n":10,"street":"SIXTH ST","side":"R","zone":"MULI","cat":"man","placement":"building","width_source":"gis"}},{"type":"Feature","geometry":{"type":"Polygon","coordinates":[[[-122.30192200845981,37.88087803303958],[-122.30191580464346,37.88085944293087],[-122.30193255785593,37.880855930670364],[-122.30193876167621,37.88087452077824],[-122.30192200845981,37.88087803303958]]]},"properties":{"face":"6736R","n":11,"street":"SIXTH ST","side":"R","zone":"MULI","cat":"man","placement":"building","width_source":"gis"}},{"type":"Feature","geometry":{"type":"Polygon","coordinates":[[[-122.30191580464346,37.88085944293087],[-122.30190960083019,37.8808408528218],[-122.3019263540387,37.88083734056213],[-122.30193255785593,37.880855930670364],[-122.30191580464346,37.88085944293087]]]},"properties":{"face":"6736R","n":12,"street":"SIXTH ST","side":"R","zone":"MULI","cat":"man","placement":"building","width_source":"gis"}},{"type":"Feature","geometry":{"type":"Polygon","coordinates":[[[-122.30190960083019,37.8808408528218],[-122.30190339701993,37.880822262712385],[-122.30192015022453,37.88081875045355],[-122.3019263540387,37.88083734056213],[-122.30190960083019,37.8808408528218]]]},"properties":{"face":"6736R","n":13,"street":"SIXTH ST","side":"R","zone":"MULI","cat":"man","placement":"building","width_source":"gis"}},{"type":"Feature","geometry":{"type":"Polygon","coordinates":[[[-122.30190339701993,37.880822262712385],[-122.30189719321274,37.88080367260261],[-122.30191394641339,37.880800160344606],[-122.30192015022453,37.88081875045355],[-122.30190339701993,37.880822262712385]]]},"properties":{"face":"6736R","n":14,"street":"SIXTH ST","side":"R","zone":"MULI","cat":"man","placement":"building","width_source":"gis"}},{"type":"Feature","geometry":{"type":"Polygon","coordinates":[[[-122.30189719321274,37.88080367260261],[-122.30189098940862,37.88078508249247],[-122.30190774260531,37.880781570235314],[-122.30191394641339,37.880800160344606],[-122.30189719321274,37.88080367260261]]]},"properties":{"face":"6736R","n":15,"street":"SIXTH ST","side":"R","zone":"MULI","cat":"man","placement":"building","width_source":"gis"}},{"type":"Feature","geometry":{"type":"Polygon","coordinates":[[[-122.30189098940862,37.88078508249247],[-122.30188478560754,37.880766492382],[-122.30190153880028,37.88076298012566],[-122.30190774260531,37.880781570235314],[-122.30189098940862,37.88078508249247]]]},"properties":{"face":"6736R","n":16,"street":"SIXTH ST","side":"R","zone":"MULI","cat":"man","placement":"building","width_source":"gis"}},{"type":"Feature","geometry":{"type":"Polygon","coordinates":[[[-122.30188478560754,37.880766492382],[-122.3018785818095,37.88074790227116],[-122.30189533499829,37.88074439001565],[-122.30190153880028,37.88076298012566],[-122.30188478560754,37.880766492382]]]},"properties":{"face":"6736R","n":17,"street":"SIXTH ST","side":"R","zone":"MULI","cat":"man","placement":"building","width_source":"gis"}},{"type":"Feature","geometry":{"type":"Polygon","coordinates":[[[-122.3018785818095,37.88074790227116],[-122.30187237801452,37.88072931215996],[-122.30188913119937,37.880725799905285],[-122.30189533499829,37.88074439001565],[-122.3018785818095,37.88074790227116]]]},"properties":{"face":"6736R","n":18,"street":"SIXTH ST","side":"R","zone":"MULI","cat":"man","placement":"building","width_source":"gis"}},{"type":"Feature","geometry":{"type":"Polygon","coordinates":[[[-122.30162422871688,37.87998570742138],[-122.30161802504696,37.879967117295664],[-122.30163477807011,37.879963605075154],[-122.30164098174394,37.879982195200064],[-122.30162422871688,37.87998570742138]]]},"properties":{"face":"6736R","n":19,"street":"SIXTH ST","side":"R","zone":"MULI","cat":"man","placement":"building","width_source":"gis"}},{"type":"Feature","geometry":{"type":"Polygon","coordinates":[[[-122.30161802504696,37.879967117295664],[-122.3016118213801,37.87994852716957],[-122.30162857439932,37.879945014949904],[-122.30163477807011,37.879963605075154],[-122.30161802504696,37.879967117295664]]]},"properties":{"face":"6736R","n":20,"street":"SIXTH ST","side":"R","zone":"MULI","cat":"man","placement":"building","width_source":"gis"}},{"type":"Feature","geometry":{"type":"Polygon","coordinates":[[[-122.3016118213801,37.87994852716957],[-122.30160561771632,37.879929937043116],[-122.3016223707316,37.879926424824276],[-122.30162857439932,37.879945014949904],[-122.3016118213801,37.87994852716957]]]},"properties":{"face":"6736R","n":21,"street":"SIXTH ST","side":"R","zone":"MULI","cat":"man","placement":"building","width_source":"gis"}},{"type":"Feature","geometry":{"type":"Polygon","coordinates":[[[-122.30160561771632,37.879929937043116],[-122.30159941405556,37.879911346916316],[-122.30161616706688,37.87990783469832],[-122.3016223707316,37.879926424824276],[-122.30160561771632,37.879929937043116]]]},"properties":{"face":"6736R","n":22,"street":"SIXTH ST","side":"R","zone":"MULI","cat":"man","placement":"building","width_source":"gis"}},{"type":"Feature","geometry":{"type":"Polygon","coordinates":[[[-122.30159941405556,37.879911346916316],[-122.30159321039788,37.879892756789175],[-122.30160996340526,37.87988924457199],[-122.30161616706688,37.87990783469832],[-122.30159941405556,37.879911346916316]]]},"properties":{"face":"6736R","n":23,"street":"SIXTH ST","side":"R","zone":"MULI","cat":"man","placement":"building","width_source":"gis"}},{"type":"Feature","geometry":{"type":"Polygon","coordinates":[[[-122.3015311739887,37.87970685549814],[-122.30152497036455,37.879688265367086],[-122.30154172332855,37.87968475315907],[-122.30154792695662,37.87970334328929],[-122.3015311739887,37.87970685549814]]]},"properties":{"face":"6736R","n":24,"street":"SIXTH ST","side":"R","zone":"MULI","cat":"man","placement":"building","width_source":"gis"}},{"type":"Feature","geometry":{"type":"Polygon","coordinates":[[[-122.30152497036455,37.879688265367086],[-122.30151876674347,37.87966967523567],[-122.30153551970352,37.879666163028496],[-122.30154172332855,37.87968475315907],[-122.30152497036455,37.879688265367086]]]},"properties":{"face":"6736R","n":25,"street":"SIXTH ST","side":"R","zone":"MULI","cat":"man","placement":"building","width_source":"gis"}},{"type":"Feature","geometry":{"type":"Polygon","coordinates":[[[-122.30151876674347,37.87966967523567],[-122.30151256312543,37.87965108510391],[-122.30152931608153,37.87964757289757],[-122.30153551970352,37.879666163028496],[-122.30151876674347,37.87966967523567]]]},"properties":{"face":"6736R","n":26,"street":"SIXTH ST","side":"R","zone":"MULI","cat":"man","placement":"building","width_source":"gis"}},{"type":"Feature","geometry":{"type":"Polygon","coordinates":[[[-122.30151256312543,37.87965108510391],[-122.30150635951044,37.87963249497179],[-122.3015231124626,37.87962898276628],[-122.30152931608153,37.87964757289757],[-122.30151256312543,37.87965108510391]]]},"properties":{"face":"6736R","n":27,"street":"SIXTH ST","side":"R","zone":"MULI","cat":"man","placement":"building","width_source":"gis"}},{"type":"Feature","geometry":{"type":"Polygon","coordinates":[[[-122.30150635951044,37.87963249497179],[-122.30150015589851,37.879613904839324],[-122.30151690884672,37.879610392634646],[-122.3015231124626,37.87962898276628],[-122.30150635951044,37.87963249497179]]]},"properties":{"face":"6736R","n":28,"street":"SIXTH ST","side":"R","zone":"MULI","cat":"man","placement":"building","width_source":"gis"}},{"type":"Feature","geometry":{"type":"Polygon","coordinates":[[[-122.30150015589851,37.879613904839324],[-122.30149395228962,37.87959531470649],[-122.3015107052339,37.87959180250265],[-122.30151690884672,37.879610392634646],[-122.30150015589851,37.879613904839324]]]},"properties":{"face":"6736R","n":29,"street":"SIXTH ST","side":"R","zone":"MULI","cat":"man","placement":"building","width_source":"gis"}},{"type":"Feature","geometry":{"type":"Polygon","coordinates":[[[-122.30149395228962,37.87959531470649],[-122.3014877486838,37.879576724573305],[-122.3015045016241,37.8795732123703],[-122.3015107052339,37.87959180250265],[-122.30149395228962,37.87959531470649]]]},"properties":{"face":"6736R","n":30,"street":"SIXTH ST","side":"R","zone":"MULI","cat":"man","placement":"building","width_source":"gis"}},{"type":"Feature","geometry":{"type":"Polygon","coordinates":[[[-122.3014877486838,37.879576724573305],[-122.301481545081,37.879558134439776],[-122.30149829801738,37.8795546222376],[-122.3015045016241,37.8795732123703],[-122.3014877486838,37.879576724573305]]]},"properties":{"face":"6736R","n":31,"street":"SIXTH ST","side":"R","zone":"MULI","cat":"man","placement":"building","width_source":"gis"}},{"type":"Feature","geometry":{"type":"Polygon","coordinates":[[[-122.301481545081,37.879558134439776],[-122.30147534148128,37.87953954430588],[-122.30149209441369,37.87953603210454],[-122.30149829801738,37.8795546222376],[-122.301481545081,37.879558134439776]]]},"properties":{"face":"6736R","n":32,"street":"SIXTH ST","side":"R","zone":"MULI","cat":"man","placement":"building","width_source":"gis"}},{"type":"Feature","geometry":{"type":"Polygon","coordinates":[[[-122.30147534148128,37.87953954430588],[-122.30146913788458,37.87952095417163],[-122.30148589081308,37.879517441971124],[-122.30149209441369,37.87953603210454],[-122.30147534148128,37.87953954430588]]]},"properties":{"face":"6736R","n":33,"street":"SIXTH ST","side":"R","zone":"MULI","cat":"man","placement":"building","width_source":"gis"}},{"type":"Feature","geometry":{"type":"Polygon","coordinates":[[[-122.30146913788458,37.87952095417163],[-122.30146293429097,37.87950236403704],[-122.3014796872155,37.87949885183735],[-122.30148589081308,37.879517441971124],[-122.30146913788458,37.87952095417163]]]},"properties":{"face":"6736R","n":34,"street":"SIXTH ST","side":"R","zone":"MULI","cat":"man","placement":"building","width_source":"gis"}},{"type":"Feature","geometry":{"type":"Polygon","coordinates":[[[-122.30146293429097,37.87950236403704],[-122.30145673070038,37.87948377390207],[-122.30147348362097,37.87948026170323],[-122.3014796872155,37.87949885183735],[-122.30146293429097,37.87950236403704]]]},"properties":{"face":"6736R","n":35,"street":"SIXTH ST","side":"R","zone":"MULI","cat":"man","placement":"building","width_source":"gis"}},{"type":"Feature","geometry":{"type":"Polygon","coordinates":[[[-122.30145673070038,37.87948377390207],[-122.30145052711285,37.879465183766754],[-122.3014672800295,37.87946167156876],[-122.30147348362097,37.87948026170323],[-122.30145673070038,37.87948377390207]]]},"properties":{"face":"6736R","n":36,"street":"SIXTH ST","side":"R","zone":"MULI","cat":"man","placement":"building","width_source":"gis"}},{"type":"Feature","geometry":{"type":"Polygon","coordinates":[[[-122.30145052711285,37.879465183766754],[-122.30144432352837,37.87944659363111],[-122.30146107644107,37.879443081433934],[-122.3014672800295,37.87946167156876],[-122.30145052711285,37.879465183766754]]]},"properties":{"face":"6736R","n":37,"street":"SIXTH ST","side":"R","zone":"MULI","cat":"man","placement":"building","width_source":"gis"}},{"type":"Feature","geometry":{"type":"Polygon","coordinates":[[[-122.30144432352837,37.87944659363111],[-122.30143811994695,37.879428003495086],[-122.3014548728557,37.87942449129874],[-122.30146107644107,37.879443081433934],[-122.30144432352837,37.87944659363111]]]},"properties":{"face":"6736R","n":38,"street":"SIXTH ST","side":"R","zone":"MULI","cat":"man","placement":"building","width_source":"gis"}},{"type":"Feature","geometry":{"type":"Polygon","coordinates":[[[-122.30220572421644,37.881724867130245],[-122.30219947555277,37.88170628644682],[-122.30221622046543,37.88170274883723],[-122.30222246913304,37.88172132951983],[-122.30220572421644,37.881724867130245]]]},"properties":{"face":"6737R","n":1,"street":"SIXTH ST","side":"R","zone":"MULI","cat":"man","placement":"building","width_source":"gis"}},{"type":"Feature","geometry":{"type":"Polygon","coordinates":[[[-122.30219947555277,37.88170628644682],[-122.30219322689217,37.88168770576302],[-122.30220997180088,37.88168416815427],[-122.30221622046543,37.88170274883723],[-122.30219947555277,37.88170628644682]]]},"properties":{"face":"6737R","n":2,"street":"SIXTH ST","side":"R","zone":"MULI","cat":"man","placement":"building","width_source":"gis"}},{"type":"Feature","geometry":{"type":"Polygon","coordinates":[[[-122.30219322689217,37.88168770576302],[-122.30218697823462,37.88166912507887],[-122.30220372313941,37.881665587470955],[-122.30220997180088,37.88168416815427],[-122.30219322689217,37.88168770576302]]]},"properties":{"face":"6737R","n":3,"street":"SIXTH ST","side":"R","zone":"MULI","cat":"man","placement":"building","width_source":"gis"}},{"type":"Feature","geometry":{"type":"Polygon","coordinates":[[[-122.30218697823462,37.88166912507887],[-122.30218072958016,37.881650544394354],[-122.302197474481,37.88164700678729],[-122.30220372313941,37.881665587470955],[-122.30218697823462,37.88166912507887]]]},"properties":{"face":"6737R","n":4,"street":"SIXTH ST","side":"R","zone":"MULI","cat":"man","placement":"building","width_source":"gis"}},{"type":"Feature","geometry":{"type":"Polygon","coordinates":[[[-122.30218072958016,37.881650544394354],[-122.30217448092877,37.88163196370949],[-122.30219122582568,37.88162842610326],[-122.302197474481,37.88164700678729],[-122.30218072958016,37.881650544394354]]]},"properties":{"face":"6737R","n":5,"street":"SIXTH ST","side":"R","zone":"MULI","cat":"man","placement":"building","width_source":"gis"}},{"type":"Feature","geometry":{"type":"Polygon","coordinates":[[[-122.30217448092877,37.88163196370949],[-122.30216823228047,37.88161338302426],[-122.30218497717343,37.881609845418865],[-122.30219122582568,37.88162842610326],[-122.30217448092877,37.88163196370949]]]},"properties":{"face":"6737R","n":6,"street":"SIXTH ST","side":"R","zone":"MULI","cat":"man","placement":"building","width_source":"gis"}},{"type":"Feature","geometry":{"type":"Polygon","coordinates":[[[-122.30216823228047,37.88161338302426],[-122.3021619836352,37.881594802338675],[-122.30217872852425,37.88159126473412],[-122.30218497717343,37.881609845418865],[-122.30216823228047,37.88161338302426]]]},"properties":{"face":"6737R","n":7,"street":"SIXTH ST","side":"R","zone":"MULI","cat":"man","placement":"building","width_source":"gis"}},{"type":"Feature","geometry":{"type":"Polygon","coordinates":[[[-122.3021619836352,37.881594802338675],[-122.30215573499305,37.881576221652715],[-122.30217247987814,37.88157268404901],[-122.30217872852425,37.88159126473412],[-122.3021619836352,37.881594802338675]]]},"properties":{"face":"6737R","n":8,"street":"SIXTH ST","side":"R","zone":"MULI","cat":"man","placement":"building","width_source":"gis"}},{"type":"Feature","geometry":{"type":"Polygon","coordinates":[[[-122.30215573499305,37.881576221652715],[-122.30214948635394,37.8815576409664],[-122.30216623123512,37.88155410336355],[-122.30217247987814,37.88157268404901],[-122.30215573499305,37.881576221652715]]]},"properties":{"face":"6737R","n":9,"street":"SIXTH ST","side":"R","zone":"MULI","cat":"man","placement":"building","width_source":"gis"}},{"type":"Feature","geometry":{"type":"Polygon","coordinates":[[[-122.30214948635394,37.8815576409664],[-122.30214323771791,37.88153906027974],[-122.30215998259513,37.88153552267772],[-122.30216623123512,37.88155410336355],[-122.30214948635394,37.8815576409664]]]},"properties":{"face":"6737R","n":10,"street":"SIXTH ST","side":"R","zone":"MULI","cat":"man","placement":"building","width_source":"gis"}},{"type":"Feature","geometry":{"type":"Polygon","coordinates":[[[-122.30214323771791,37.88153906027974],[-122.30213698908494,37.88152047959272],[-122.30215373395825,37.88151694199154],[-122.30215998259513,37.88153552267772],[-122.30214323771791,37.88153906027974]]]},"properties":{"face":"6737R","n":11,"street":"SIXTH ST","side":"R","zone":"MULI","cat":"man","placement":"building","width_source":"gis"}},{"type":"Feature","geometry":{"type":"Polygon","coordinates":[[[-122.30213698908494,37.88152047959272],[-122.30213074045507,37.881501898905334],[-122.30214748532444,37.88149836130498],[-122.30215373395825,37.88151694199154],[-122.30213698908494,37.88152047959272]]]},"properties":{"face":"6737R","n":12,"street":"SIXTH ST","side":"R","zone":"MULI","cat":"man","placement":"building","width_source":"gis"}},{"type":"Feature","geometry":{"type":"Polygon","coordinates":[[[-122.30213074045507,37.881501898905334],[-122.30212449182825,37.88148331821758],[-122.30214123669369,37.881479780618086],[-122.30214748532444,37.88149836130498],[-122.30213074045507,37.881501898905334]]]},"properties":{"face":"6737R","n":13,"street":"SIXTH ST","side":"R","zone":"MULI","cat":"man","placement":"building","width_source":"gis"}},{"type":"Feature","geometry":{"type":"Polygon","coordinates":[[[-122.30212449182825,37.88148331821758],[-122.30211824320453,37.881464737529484],[-122.30213498806602,37.88146119993082],[-122.30214123669369,37.881479780618086],[-122.30212449182825,37.88148331821758]]]},"properties":{"face":"6737R","n":14,"street":"SIXTH ST","side":"R","zone":"MULI","cat":"man","placement":"building","width_source":"gis"}},{"type":"Feature","geometry":{"type":"Polygon","coordinates":[[[-122.30211824320453,37.881464737529484],[-122.30211199458385,37.881446156841015],[-122.3021287394414,37.8814426192432],[-122.30213498806602,37.88146119993082],[-122.30211824320453,37.881464737529484]]]},"properties":{"face":"6737R","n":15,"street":"SIXTH ST","side":"R","zone":"MULI","cat":"man","placement":"building","width_source":"gis"}},{"type":"Feature","geometry":{"type":"Polygon","coordinates":[[[-122.30211199458385,37.881446156841015],[-122.30210574596626,37.881427576152205],[-122.30212249081985,37.88142403855521],[-122.3021287394414,37.8814426192432],[-122.30211199458385,37.881446156841015]]]},"properties":{"face":"6737R","n":16,"street":"SIXTH ST","side":"R","zone":"MULI","cat":"man","placement":"building","width_source":"gis"}},{"type":"Feature","geometry":{"type":"Polygon","coordinates":[[[-122.30210574596626,37.881427576152205],[-122.30209949735173,37.88140899546303],[-122.30211624220142,37.881405457866876],[-122.30212249081985,37.88142403855521],[-122.30210574596626,37.881427576152205]]]},"properties":{"face":"6737R","n":17,"street":"SIXTH ST","side":"R","zone":"MULI","cat":"man","placement":"building","width_source":"gis"}},{"type":"Feature","geometry":{"type":"Polygon","coordinates":[[[-122.30209949735173,37.88140899546303],[-122.30209324874029,37.88139041477348],[-122.30210999358601,37.88138687717817],[-122.30211624220142,37.881405457866876],[-122.30209949735173,37.88140899546303]]]},"properties":{"face":"6737R","n":18,"street":"SIXTH ST","side":"R","zone":"MULI","cat":"man","placement":"building","width_source":"gis"}},{"type":"Feature","geometry":{"type":"Polygon","coordinates":[[[-122.30209324874029,37.88139041477348],[-122.30208700013192,37.88137183408359],[-122.3021037449737,37.881368296489114],[-122.30210999358601,37.88138687717817],[-122.30209324874029,37.88139041477348]]]},"properties":{"face":"6737R","n":19,"street":"SIXTH ST","side":"R","zone":"MULI","cat":"man","placement":"building","width_source":"gis"}},{"type":"Feature","geometry":{"type":"Polygon","coordinates":[[[-122.30208700013192,37.88137183408359],[-122.3020807515266,37.88135325339333],[-122.30209749636445,37.88134971579969],[-122.3021037449737,37.881368296489114],[-122.30208700013192,37.88137183408359]]]},"properties":{"face":"6737R","n":20,"street":"SIXTH ST","side":"R","zone":"MULI","cat":"man","placement":"building","width_source":"gis"}},{"type":"Feature","geometry":{"type":"Polygon","coordinates":[[[-122.3020807515266,37.88135325339333],[-122.30207450292438,37.881334672702714],[-122.30209124775828,37.88133113510992],[-122.30209749636445,37.88134971579969],[-122.3020807515266,37.88135325339333]]]},"properties":{"face":"6737R","n":21,"street":"SIXTH ST","side":"R","zone":"MULI","cat":"man","placement":"building","width_source":"gis"}},{"type":"Feature","geometry":{"type":"Polygon","coordinates":[[[-122.30207450292438,37.881334672702714],[-122.3020682543252,37.88131609201174],[-122.3020849991552,37.88131255441978],[-122.30209124775828,37.88133113510992],[-122.30207450292438,37.881334672702714]]]},"properties":{"face":"6737R","n":22,"street":"SIXTH ST","side":"R","zone":"MULI","cat":"man","placement":"building","width_source":"gis"}},{"type":"Feature","geometry":{"type":"Polygon","coordinates":[[[-122.3020682543252,37.88131609201174],[-122.30206200572911,37.8812975113204],[-122.30207875055518,37.881293973729285],[-122.3020849991552,37.88131255441978],[-122.3020682543252,37.88131609201174]]]},"properties":{"face":"6737R","n":23,"street":"SIXTH ST","side":"R","zone":"MULI","cat":"man","placement":"building","width_source":"gis"}},{"type":"Feature","geometry":{"type":"Polygon","coordinates":[[[-122.30206200572911,37.8812975113204],[-122.30205575713609,37.881278930628696],[-122.30207250195822,37.88127539303842],[-122.30207875055518,37.881293973729285],[-122.30206200572911,37.8812975113204]]]},"properties":{"face":"6737R","n":24,"street":"SIXTH ST","side":"R","zone":"MULI","cat":"man","placement":"building","width_source":"gis"}},{"type":"Feature","geometry":{"type":"Polygon","coordinates":[[[-122.30205575713609,37.881278930628696],[-122.30204950854615,37.881260349936646],[-122.30206625336433,37.88125681234721],[-122.30207250195822,37.88127539303842],[-122.30205575713609,37.881278930628696]]]},"properties":{"face":"6737R","n":25,"street":"SIXTH ST","side":"R","zone":"MULI","cat":"man","placement":"building","width_source":"gis"}},{"type":"Feature","geometry":{"type":"Polygon","coordinates":[[[-122.30204950854615,37.881260349936646],[-122.30204325995926,37.88124176924424],[-122.30206000477354,37.88123823165564],[-122.30206625336433,37.88125681234721],[-122.30204950854615,37.881260349936646]]]},"properties":{"face":"6737R","n":26,"street":"SIXTH ST","side":"R","zone":"MULI","cat":"man","placement":"building","width_source":"gis"}},{"type":"Feature","geometry":{"type":"Polygon","coordinates":[[[-122.30204325995926,37.88124176924424],[-122.30203701137546,37.88122318855146],[-122.30205375618579,37.8812196509637],[-122.30206000477354,37.88123823165564],[-122.30204325995926,37.88124176924424]]]},"properties":{"face":"6737R","n":27,"street":"SIXTH ST","side":"R","zone":"MULI","cat":"man","placement":"building","width_source":"gis"}},{"type":"Feature","geometry":{"type":"Polygon","coordinates":[[[-122.30203701137546,37.88122318855146],[-122.30203076279473,37.881204607858336],[-122.30204750760112,37.88120107027141],[-122.30205375618579,37.8812196509637],[-122.30203701137546,37.88122318855146]]]},"properties":{"face":"6737R","n":28,"street":"SIXTH ST","side":"R","zone":"MULI","cat":"man","placement":"building","width_source":"gis"}},{"type":"Feature","geometry":{"type":"Polygon","coordinates":[[[-122.30203076279473,37.881204607858336],[-122.30202451421708,37.881186027164844],[-122.30204125901952,37.88118248957876],[-122.30204750760112,37.88120107027141],[-122.30203076279473,37.881204607858336]]]},"properties":{"face":"6737R","n":29,"street":"SIXTH ST","side":"R","zone":"MULI","cat":"man","placement":"building","width_source":"gis"}},{"type":"Feature","geometry":{"type":"Polygon","coordinates":[[[-122.29121467176161,37.85088650323108],[-122.29120850339369,37.85086790616891],[-122.29122525599588,37.85086441254385],[-122.29123142436775,37.85088300960521],[-122.29121467176161,37.85088650323108]]]},"properties":{"face":"6770R","n":1,"street":"SEVENTH ST","side":"R","zone":"MULI","cat":"man","placement":"building","width_source":"gis"}},{"type":"Feature","geometry":{"type":"Polygon","coordinates":[[[-122.29120850339369,37.85086790616891],[-122.29120233502879,37.85084930910639],[-122.29121908762704,37.85084581548215],[-122.29122525599588,37.85086441254385],[-122.29120850339369,37.85086790616891]]]},"properties":{"face":"6770R","n":2,"street":"SEVENTH ST","side":"R","zone":"MULI","cat":"man","placement":"building","width_source":"gis"}},{"type":"Feature","geometry":{"type":"Polygon","coordinates":[[[-122.298501589202,37.88159914413147],[-122.2984954017219,37.88158055060147],[-122.29851215818303,37.881577047624226],[-122.2985183456671,37.8815956411534],[-122.298501589202,37.88159914413147]]]},"properties":{"face":"6800L","n":1,"street":"NINTH ST","side":"L","zone":"C-W","cat":"com","placement":"curb","width_source":"gis"}},{"type":"Feature","geometry":{"type":"Polygon","coordinates":[[[-122.29847065183189,37.88150617647793],[-122.298464464367,37.881487582946164],[-122.29848122080841,37.88148407997306],[-122.29848740827724,37.881502673504016],[-122.29847065183189,37.88150617647793]]]},"properties":{"face":"6800L","n":2,"street":"NINTH ST","side":"L","zone":"C-W","cat":"com","placement":"curb","width_source":"gis"}},{"type":"Feature","geometry":{"type":"Polygon","coordinates":[[[-122.298464464367,37.881487582946164],[-122.29845827690514,37.881468989414046],[-122.2984750333426,37.88146548644178],[-122.29848122080841,37.88148407997306],[-122.298464464367,37.881487582946164]]]},"properties":{"face":"6800L","n":3,"street":"NINTH ST","side":"L","zone":"C-W","cat":"com","placement":"curb","width_source":"gis"}},{"type":"Feature","geometry":{"type":"Polygon","coordinates":[[[-122.29843352708815,37.881394615282034],[-122.29842733964152,37.881376021748146],[-122.29844409605924,37.88137251878004],[-122.29845028350981,37.88139111231309],[-122.29843352708815,37.881394615282034]]]},"properties":{"face":"6800L","n":4,"street":"NINTH ST","side":"L","zone":"C-W","cat":"com","placement":"curb","width_source":"gis"}},{"type":"Feature","geometry":{"type":"Polygon","coordinates":[[[-122.29842115219793,37.8813574282139],[-122.29841496475738,37.88133883467931],[-122.29843172116719,37.88133533171287],[-122.2984379086117,37.881353925246636],[-122.29842115219793,37.8813574282139]]]},"properties":{"face":"6800L","n":5,"street":"NINTH ST","side":"L","zone":"C-W","cat":"com","placement":"curb","width_source":"gis"}},{"type":"Feature","geometry":{"type":"Polygon","coordinates":[[[-122.29840877731986,37.881320241144365],[-122.29840258988541,37.88130164760908],[-122.29841934628733,37.8812981446443],[-122.29842553372576,37.88131673817876],[-122.29840877731986,37.881320241144365]]]},"properties":{"face":"6800L","n":6,"street":"NINTH ST","side":"L","zone":"C-W","cat":"com","placement":"curb","width_source":"gis"}},{"type":"Feature","geometry":{"type":"Polygon","coordinates":[[[-122.29839021502562,37.881264460537416],[-122.29838402760026,37.88124586700108],[-122.29840078399035,37.88124236403878],[-122.29840697141962,37.88126095757431],[-122.29839021502562,37.881264460537416]]]},"properties":{"face":"6800L","n":7,"street":"NINTH ST","side":"L","zone":"C-W","cat":"com","placement":"curb","width_source":"gis"}},{"type":"Feature","geometry":{"type":"Polygon","coordinates":[[[-122.29838402760026,37.88124586700108],[-122.29837784017796,37.88122727346436],[-122.29839459656411,37.881223770502906],[-122.29840078399035,37.88124236403878],[-122.29838402760026,37.88124586700108]]]},"properties":{"face":"6800L","n":8,"street":"NINTH ST","side":"L","zone":"C-W","cat":"com","placement":"curb","width_source":"gis"}},{"type":"Feature","geometry":{"type":"Polygon","coordinates":[[[-122.29834071570811,37.8811157122367],[-122.29833452830714,37.88109711869752],[-122.29835128466561,37.88109361574188],[-122.29835747207056,37.88111220928024],[-122.29834071570811,37.8811157122367]]]},"properties":{"face":"6800L","n":9,"street":"NINTH ST","side":"L","zone":"C-W","cat":"com","placement":"curb","width_source":"gis"}},{"type":"Feature","geometry":{"type":"Polygon","coordinates":[[[-122.29833452830714,37.88109711869752],[-122.29832834090918,37.881078525157996],[-122.29834509726372,37.88107502220318],[-122.29835128466561,37.88109361574188],[-122.29833452830714,37.88109711869752]]]},"properties":{"face":"6800L","n":10,"street":"NINTH ST","side":"L","zone":"C-W","cat":"com","placement":"curb","width_source":"gis"}},{"type":"Feature","geometry":{"type":"Polygon","coordinates":[[[-122.29832215351426,37.881059931618104],[-122.29831596612239,37.88104133807788],[-122.29833272246907,37.88103783512473],[-122.29833890986488,37.88105642866414],[-122.29832215351426,37.881059931618104]]]},"properties":{"face":"6800L","n":11,"street":"NINTH ST","side":"L","zone":"C-W","cat":"com","placement":"curb","width_source":"gis"}},{"type":"Feature","geometry":{"type":"Polygon","coordinates":[[[-122.29831596612239,37.88104133807788],[-122.29830977873358,37.881022744537276],[-122.29832653507628,37.88101924158496],[-122.29833272246907,37.88103783512473],[-122.29831596612239,37.88104133807788]]]},"properties":{"face":"6800L","n":12,"street":"NINTH ST","side":"L","zone":"C-W","cat":"com","placement":"curb","width_source":"gis"}},{"type":"Feature","geometry":{"type":"Polygon","coordinates":[[[-122.29830977873358,37.881022744537276],[-122.29830359134782,37.88100415099634],[-122.29832034768656,37.881000648044854],[-122.29832653507628,37.88101924158496],[-122.29830977873358,37.881022744537276]]]},"properties":{"face":"6800L","n":13,"street":"NINTH ST","side":"L","zone":"C-W","cat":"com","placement":"curb","width_source":"gis"}},{"type":"Feature","geometry":{"type":"Polygon","coordinates":[[[-122.29830359134782,37.88100415099634],[-122.29829740396507,37.88098555745505],[-122.29831416029988,37.880982054504386],[-122.29832034768656,37.881000648044854],[-122.29830359134782,37.88100415099634]]]},"properties":{"face":"6800L","n":14,"street":"NINTH ST","side":"L","zone":"C-W","cat":"com","placement":"curb","width_source":"gis"}},{"type":"Feature","geometry":{"type":"Polygon","coordinates":[[[-122.29826027973255,37.88087399619985],[-122.29825409237111,37.880855402656096],[-122.2982708486783,37.880851899711246],[-122.29827703604369,37.880870493254186],[-122.29826027973255,37.88087399619985]]]},"properties":{"face":"6800L","n":15,"street":"NINTH ST","side":"L","zone":"C-W","cat":"com","placement":"curb","width_source":"gis"}},{"type":"Feature","geometry":{"type":"Polygon","coordinates":[[[-122.29825409237111,37.880855402656096],[-122.29824790501273,37.88083680911197],[-122.29826466131597,37.88083330616796],[-122.2982708486783,37.880851899711246],[-122.29825409237111,37.880855402656096]]]},"properties":{"face":"6800L","n":16,"street":"NINTH ST","side":"L","zone":"C-W","cat":"com","placement":"curb","width_source":"gis"}},{"type":"Feature","geometry":{"type":"Polygon","coordinates":[[[-122.29824790501273,37.88083680911197],[-122.29824171765738,37.8808182155675],[-122.29825847395668,37.88081471262432],[-122.29826466131597,37.88083330616796],[-122.29824790501273,37.88083680911197]]]},"properties":{"face":"6800L","n":17,"street":"NINTH ST","side":"L","zone":"C-W","cat":"com","placement":"curb","width_source":"gis"}},{"type":"Feature","geometry":{"type":"Polygon","coordinates":[[[-122.29824171765738,37.8808182155675],[-122.29823553030508,37.88079962202268],[-122.2982522866004,37.88079611908034],[-122.29825847395668,37.88081471262432],[-122.29824171765738,37.8808182155675]]]},"properties":{"face":"6800L","n":18,"street":"NINTH ST","side":"L","zone":"C-W","cat":"com","placement":"curb","width_source":"gis"}},{"type":"Feature","geometry":{"type":"Polygon","coordinates":[[[-122.29823553030508,37.88079962202268],[-122.29822934295579,37.88078102847751],[-122.29824609924721,37.88077752553598],[-122.2982522866004,37.88079611908034],[-122.29823553030508,37.88079962202268]]]},"properties":{"face":"6800L","n":19,"street":"NINTH ST","side":"L","zone":"C-W","cat":"com","placement":"curb","width_source":"gis"}},{"type":"Feature","geometry":{"type":"Polygon","coordinates":[[[-122.29822934295579,37.88078102847751],[-122.29822315560958,37.880762434931974],[-122.29823991189701,37.88075893199129],[-122.29824609924721,37.88077752553598],[-122.29822934295579,37.88078102847751]]]},"properties":{"face":"6800L","n":20,"street":"NINTH ST","side":"L","zone":"C-W","cat":"com","placement":"curb","width_source":"gis"}},{"type":"Feature","geometry":{"type":"Polygon","coordinates":[[[-122.29822315560958,37.880762434931974],[-122.2982169682664,37.880743841386085],[-122.2982337245499,37.88074033844624],[-122.29823991189701,37.88075893199129],[-122.29822315560958,37.880762434931974]]]},"properties":{"face":"6800L","n":21,"street":"NINTH ST","side":"L","zone":"C-W","cat":"com","placement":"curb","width_source":"gis"}},{"type":"Feature","geometry":{"type":"Polygon","coordinates":[[[-122.29819840625512,37.880688060746316],[-122.29819221892411,37.88066946719902],[-122.29820897519181,37.88066596426249],[-122.29821516252679,37.88068455780897],[-122.29819840625512,37.880688060746316]]]},"properties":{"face":"6800L","n":22,"street":"NINTH ST","side":"L","zone":"C-W","cat":"com","placement":"curb","width_source":"gis"}},{"type":"Feature","geometry":{"type":"Polygon","coordinates":[[[-122.29819221892411,37.88066946719902],[-122.29818603159617,37.88065087365137],[-122.29820278785992,37.88064737071568],[-122.29820897519181,37.88066596426249],[-122.29819221892411,37.88066946719902]]]},"properties":{"face":"6800L","n":23,"street":"NINTH ST","side":"L","zone":"C-W","cat":"com","placement":"curb","width_source":"gis"}},{"type":"Feature","geometry":{"type":"Polygon","coordinates":[[[-122.29818603159617,37.88065087365137],[-122.29817984427125,37.880632280103384],[-122.29819660053106,37.8806287771685],[-122.29820278785992,37.88064737071568],[-122.29818603159617,37.88065087365137]]]},"properties":{"face":"6800L","n":24,"street":"NINTH ST","side":"L","zone":"C-W","cat":"com","placement":"curb","width_source":"gis"}},{"type":"Feature","geometry":{"type":"Polygon","coordinates":[[[-122.29817984427125,37.880632280103384],[-122.29817365694934,37.88061368655503],[-122.29819041320522,37.88061018362099],[-122.29819660053106,37.8806287771685],[-122.29817984427125,37.880632280103384]]]},"properties":{"face":"6800L","n":25,"street":"NINTH ST","side":"L","zone":"C-W","cat":"com","placement":"curb","width_source":"gis"}},{"type":"Feature","geometry":{"type":"Polygon","coordinates":[[[-122.29817365694934,37.88061368655503],[-122.29816746963053,37.88059509300632],[-122.29818422588242,37.88059159007312],[-122.29819041320522,37.88061018362099],[-122.29817365694934,37.88061368655503]]]},"properties":{"face":"6800L","n":26,"street":"NINTH ST","side":"L","zone":"C-W","cat":"com","placement":"curb","width_source":"gis"}},{"type":"Feature","geometry":{"type":"Polygon","coordinates":[[[-122.29816746963053,37.88059509300632],[-122.29816128231472,37.88057649945726],[-122.2981780385627,37.88057299652488],[-122.29818422588242,37.88059159007312],[-122.29816746963053,37.88059509300632]]]},"properties":{"face":"6800L","n":27,"street":"NINTH ST","side":"L","zone":"C-W","cat":"com","placement":"curb","width_source":"gis"}},{"type":"Feature","geometry":{"type":"Polygon","coordinates":[[[-122.29816128231472,37.88057649945726],[-122.29815509500197,37.88055790590785],[-122.298171851246,37.8805544029763],[-122.2981780385627,37.88057299652488],[-122.29816128231472,37.88057649945726]]]},"properties":{"face":"6800L","n":28,"street":"NINTH ST","side":"L","zone":"C-W","cat":"com","placement":"curb","width_source":"gis"}},{"type":"Feature","geometry":{"type":"Polygon","coordinates":[[[-122.29815509500197,37.88055790590785],[-122.29814890769227,37.880539312358096],[-122.29816566393234,37.88053580942738],[-122.298171851246,37.8805544029763],[-122.29815509500197,37.88055790590785]]]},"properties":{"face":"6800L","n":29,"street":"NINTH ST","side":"L","zone":"C-W","cat":"com","placement":"curb","width_source":"gis"}},{"type":"Feature","geometry":{"type":"Polygon","coordinates":[[[-122.29814890769227,37.880539312358096],[-122.2981427203856,37.880520718807965],[-122.29815947662172,37.880517215878086],[-122.29816566393234,37.88053580942738],[-122.29814890769227,37.880539312358096]]]},"properties":{"face":"6800L","n":30,"street":"NINTH ST","side":"L","zone":"C-W","cat":"com","placement":"curb","width_source":"gis"}},{"type":"Feature","geometry":{"type":"Polygon","coordinates":[[[-122.2981427203856,37.880520718807965],[-122.29813653308199,37.88050212525749],[-122.29815328931417,37.880498622328446],[-122.29815947662172,37.880517215878086],[-122.2981427203856,37.880520718807965]]]},"properties":{"face":"6800L","n":31,"street":"NINTH ST","side":"L","zone":"C-W","cat":"com","placement":"curb","width_source":"gis"}},{"type":"Feature","geometry":{"type":"Polygon","coordinates":[[[-122.29813653308199,37.88050212525749],[-122.29813034578139,37.88048353170667],[-122.29814710200962,37.88048002877845],[-122.29815328931417,37.880498622328446],[-122.29813653308199,37.88050212525749]]]},"properties":{"face":"6800L","n":32,"street":"NINTH ST","side":"L","zone":"C-W","cat":"com","placement":"curb","width_source":"gis"}},{"type":"Feature","geometry":{"type":"Polygon","coordinates":[[[-122.29813034578139,37.88048353170667],[-122.29812415848387,37.88046493815548],[-122.29814091470814,37.880461435228106],[-122.29814710200962,37.88048002877845],[-122.29813034578139,37.88048353170667]]]},"properties":{"face":"6800L","n":33,"street":"NINTH ST","side":"L","zone":"C-W","cat":"com","placement":"curb","width_source":"gis"}},{"type":"Feature","geometry":{"type":"Polygon","coordinates":[[[-122.29808703476255,37.88035337684103],[-122.29808084748629,37.88033478328738],[-122.29809760368295,37.880331280365816],[-122.29810379096314,37.88034987391863],[-122.29808703476255,37.88035337684103]]]},"properties":{"face":"6800L","n":34,"street":"NINTH ST","side":"L","zone":"C-W","cat":"com","placement":"curb","width_source":"gis"}},{"type":"Feature","geometry":{"type":"Polygon","coordinates":[[[-122.29808084748629,37.88033478328738],[-122.2980746602131,37.880316189733385],[-122.29809141640581,37.88031268681265],[-122.29809760368295,37.880331280365816],[-122.29808084748629,37.88033478328738]]]},"properties":{"face":"6800L","n":35,"street":"NINTH ST","side":"L","zone":"C-W","cat":"com","placement":"curb","width_source":"gis"}},{"type":"Feature","geometry":{"type":"Polygon","coordinates":[[[-122.2980746602131,37.880316189733385],[-122.29806847294296,37.88029759617903],[-122.2980852291317,37.88029409325912],[-122.29809141640581,37.88031268681265],[-122.2980746602131,37.880316189733385]]]},"properties":{"face":"6800L","n":36,"street":"NINTH ST","side":"L","zone":"C-W","cat":"com","placement":"curb","width_source":"gis"}},{"type":"Feature","geometry":{"type":"Polygon","coordinates":[[[-122.29806847294296,37.88029759617903],[-122.29806228567584,37.88027900262433],[-122.29807904186065,37.88027549970525],[-122.2980852291317,37.88029409325912],[-122.29806847294296,37.88029759617903]]]},"properties":{"face":"6800L","n":37,"street":"NINTH ST","side":"L","zone":"C-W","cat":"com","placement":"curb","width_source":"gis"}},{"type":"Feature","geometry":{"type":"Polygon","coordinates":[[[-122.29806228567584,37.88027900262433],[-122.29805609841178,37.880260409069265],[-122.29807285459263,37.88025690615103],[-122.29807904186065,37.88027549970525],[-122.29806228567584,37.88027900262433]]]},"properties":{"face":"6800L","n":38,"street":"NINTH ST","side":"L","zone":"C-W","cat":"com","placement":"curb","width_source":"gis"}},{"type":"Feature","geometry":{"type":"Polygon","coordinates":[[[-122.29859490374882,37.88134099195899],[-122.29858871626577,37.88132239843307],[-122.298605472664,37.881318895441765],[-122.29861166015102,37.881337488966864],[-122.29859490374882,37.88134099195899]]]},"properties":{"face":"6800R","n":1,"street":"NINTH ST","side":"R","zone":"MULI","cat":"man","placement":"curb","width_source":"gis"}},{"type":"Feature","geometry":{"type":"Polygon","coordinates":[[[-122.29853921651073,37.88117365021294],[-122.29853302905505,37.88115505668384],[-122.29854978541776,37.881151553700015],[-122.2985559728774,37.88117014722828],[-122.29853921651073,37.88117365021294]]]},"properties":{"face":"6800R","n":2,"street":"NINTH ST","side":"R","zone":"MULI","cat":"man","placement":"curb","width_source":"gis"}},{"type":"Feature","geometry":{"type":"Polygon","coordinates":[[[-122.29853302905505,37.88115505668384],[-122.2985268416024,37.88113646315438],[-122.29854359796119,37.881132960171385],[-122.29854978541776,37.881151553700015],[-122.29853302905505,37.88115505668384]]]},"properties":{"face":"6800R","n":3,"street":"NINTH ST","side":"R","zone":"MULI","cat":"man","placement":"curb","width_source":"gis"}},{"type":"Feature","geometry":{"type":"Polygon","coordinates":[[[-122.29845877982419,37.88093193430706],[-122.29845259240807,37.88091334077337],[-122.29846934871945,37.88090983780035],[-122.29847553613953,37.88092843133322],[-122.29845877982419,37.88093193430706]]]},"properties":{"face":"6800R","n":4,"street":"NINTH ST","side":"R","zone":"MULI","cat":"man","placement":"curb","width_source":"gis"}},{"type":"Feature","geometry":{"type":"Polygon","coordinates":[[[-122.29845259240807,37.88091334077337],[-122.29844640499498,37.880894747239324],[-122.29846316130242,37.88089124426714],[-122.29846934871945,37.88090983780035],[-122.29845259240807,37.88091334077337]]]},"properties":{"face":"6800R","n":5,"street":"NINTH ST","side":"R","zone":"MULI","cat":"man","placement":"curb","width_source":"gis"}},{"type":"Feature","geometry":{"type":"Polygon","coordinates":[[[-122.29819272367845,37.880132412039664],[-122.29818653639317,37.88011381849079],[-122.29820329253482,37.88011031555351],[-122.29820947982407,37.88012890910154],[-122.29819272367845,37.880132412039664]]]},"properties":{"face":"6800R","n":6,"street":"NINTH ST","side":"R","zone":"MULI","cat":"man","placement":"curb","width_source":"gis"}},{"type":"Feature","geometry":{"type":"Polygon","coordinates":[[[-122.29052392848807,37.85698193166431],[-122.2905179876309,37.85696328801273],[-122.29053478360204,37.856959923525146],[-122.29054072446318,37.85697856717592],[-122.29052392848807,37.85698193166431]]]},"properties":{"face":"6804L","n":1,"street":"NINTH ST","side":"L","zone":"MUR","cat":"mixres","placement":"building","width_source":"gis"}},{"type":"Feature","geometry":{"type":"Polygon","coordinates":[[[-122.2905179876309,37.85696328801273],[-122.29051204677668,37.85694464436084],[-122.29052884274381,37.85694127987404],[-122.29053478360204,37.856959923525146],[-122.2905179876309,37.85696328801273]]]},"properties":{"face":"6804L","n":2,"street":"NINTH ST","side":"L","zone":"MUR","cat":"mixres","placement":"building","width_source":"gis"}},{"type":"Feature","geometry":{"type":"Polygon","coordinates":[[[-122.29051204677668,37.85694464436084],[-122.29050610592536,37.85692600070861],[-122.29052290188852,37.85692263622262],[-122.29052884274381,37.85694127987404],[-122.29051204677668,37.85694464436084]]]},"properties":{"face":"6804L","n":3,"street":"NINTH ST","side":"L","zone":"MUR","cat":"mixres","placement":"building","width_source":"gis"}},{"type":"Feature","geometry":{"type":"Polygon","coordinates":[[[-122.29050610592536,37.85692600070861],[-122.29050016507699,37.856907357056066],[-122.29051696103616,37.856903992570864],[-122.29052290188852,37.85692263622262],[-122.29050610592536,37.85692600070861]]]},"properties":{"face":"6804L","n":4,"street":"NINTH ST","side":"L","zone":"MUR","cat":"mixres","placement":"building","width_source":"gis"}},{"type":"Feature","geometry":{"type":"Polygon","coordinates":[[[-122.29050016507699,37.856907357056066],[-122.29049422423152,37.85688871340318],[-122.29051102018668,37.85688534891879],[-122.29051696103616,37.856903992570864],[-122.29050016507699,37.856907357056066]]]},"properties":{"face":"6804L","n":5,"street":"NINTH ST","side":"L","zone":"MUR","cat":"mixres","placement":"building","width_source":"gis"}},{"type":"Feature","geometry":{"type":"Polygon","coordinates":[[[-122.29049422423152,37.85688871340318],[-122.29048828338897,37.85687006974999],[-122.29050507934016,37.856866705266356],[-122.29051102018668,37.85688534891879],[-122.29049422423152,37.85688871340318]]]},"properties":{"face":"6804L","n":6,"street":"NINTH ST","side":"L","zone":"MUR","cat":"mixres","placement":"building","width_source":"gis"}},{"type":"Feature","geometry":{"type":"Polygon","coordinates":[[[-122.29048828338897,37.85687006974999],[-122.29048234254935,37.85685142609644],[-122.29049913849656,37.856848061613626],[-122.29050507934016,37.856866705266356],[-122.29048828338897,37.85687006974999]]]},"properties":{"face":"6804L","n":7,"street":"NINTH ST","side":"L","zone":"MUR","cat":"mixres","placement":"building","width_source":"gis"}},{"type":"Feature","geometry":{"type":"Polygon","coordinates":[[[-122.29048234254935,37.85685142609644],[-122.29047640171265,37.85683278244257],[-122.29049319765586,37.856829417960554],[-122.29049913849656,37.856848061613626],[-122.29048234254935,37.85685142609644]]]},"properties":{"face":"6804L","n":8,"street":"NINTH ST","side":"L","zone":"MUR","cat":"mixres","placement":"building","width_source":"gis"}},{"type":"Feature","geometry":{"type":"Polygon","coordinates":[[[-122.29047640171265,37.85683278244257],[-122.2904704608789,37.856814138788366],[-122.29048725681811,37.856810774307164],[-122.29049319765586,37.856829417960554],[-122.29047640171265,37.85683278244257]]]},"properties":{"face":"6804L","n":9,"street":"NINTH ST","side":"L","zone":"MUR","cat":"mixres","placement":"building","width_source":"gis"}},{"type":"Feature","geometry":{"type":"Polygon","coordinates":[[[-122.2904704608789,37.856814138788366],[-122.29046452004805,37.85679549513385],[-122.29048131598327,37.85679213065343],[-122.29048725681811,37.856810774307164],[-122.2904704608789,37.856814138788366]]]},"properties":{"face":"6804L","n":10,"street":"NINTH ST","side":"L","zone":"MUR","cat":"mixres","placement":"building","width_source":"gis"}},{"type":"Feature","geometry":{"type":"Polygon","coordinates":[[[-122.29046452004805,37.85679549513385],[-122.2904585792201,37.856776851479],[-122.29047537515136,37.85677348699938],[-122.29048131598327,37.85679213065343],[-122.29046452004805,37.85679549513385]]]},"properties":{"face":"6804L","n":11,"street":"NINTH ST","side":"L","zone":"MUR","cat":"mixres","placement":"building","width_source":"gis"}},{"type":"Feature","geometry":{"type":"Polygon","coordinates":[[[-122.2904585792201,37.856776851479],[-122.2904526383951,37.856758207823816],[-122.29046943432238,37.85675484334499],[-122.29047537515136,37.85677348699938],[-122.2904585792201,37.856776851479]]]},"properties":{"face":"6804L","n":12,"street":"NINTH ST","side":"L","zone":"MUR","cat":"mixres","placement":"building","width_source":"gis"}},{"type":"Feature","geometry":{"type":"Polygon","coordinates":[[[-122.2904526383951,37.856758207823816],[-122.29044669757303,37.85673956416831],[-122.29046349349629,37.85673619969029],[-122.29046943432238,37.85675484334499],[-122.2904526383951,37.856758207823816]]]},"properties":{"face":"6804L","n":13,"street":"NINTH ST","side":"L","zone":"MUR","cat":"mixres","placement":"building","width_source":"gis"}},{"type":"Feature","geometry":{"type":"Polygon","coordinates":[[[-122.29810952984325,37.879878285256915],[-122.29810352615972,37.87985965393685],[-122.29812031628165,37.87985625493401],[-122.29812631996914,37.87987488625328],[-122.29810952984325,37.879878285256915]]]},"properties":{"face":"6805R","n":1,"street":"NINTH ST","side":"R","zone":"MULI","cat":"man","placement":"curb","width_source":"gis"}},{"type":"Feature","geometry":{"type":"Polygon","coordinates":[[[-122.29807951145524,37.87978512865321],[-122.29807350778651,37.879766497331474],[-122.29809029788852,37.87976309833267],[-122.29809630156124,37.8797817296536],[-122.29807951145524,37.87978512865321]]]},"properties":{"face":"6805R","n":2,"street":"NINTH ST","side":"R","zone":"MULI","cat":"man","placement":"curb","width_source":"gis"}},{"type":"Feature","geometry":{"type":"Polygon","coordinates":[[[-122.29806150045793,37.87972923468698],[-122.29805549679806,37.87971060336423],[-122.29807228688813,37.87970720436783],[-122.29807829055197,37.87972583568978],[-122.29806150045793,37.87972923468698]]]},"properties":{"face":"6805R","n":3,"street":"NINTH ST","side":"R","zone":"MULI","cat":"man","placement":"curb","width_source":"gis"}},{"type":"Feature","geometry":{"type":"Polygon","coordinates":[[[-122.29804348948721,37.87967334071771],[-122.29803748583622,37.87965470939396],[-122.29805427591432,37.87965131040001],[-122.29806027956933,37.879669941722945],[-122.29804348948721,37.87967334071771]]]},"properties":{"face":"6805R","n":4,"street":"NINTH ST","side":"R","zone":"MULI","cat":"man","placement":"curb","width_source":"gis"}},{"type":"Feature","geometry":{"type":"Polygon","coordinates":[[[-122.29803748583622,37.87965470939396],[-122.29803148218816,37.87963607806987],[-122.29804827226232,37.879632679076714],[-122.29805427591432,37.87965131040001],[-122.29803748583622,37.87965470939396]]]},"properties":{"face":"6805R","n":5,"street":"NINTH ST","side":"R","zone":"MULI","cat":"man","placement":"curb","width_source":"gis"}},{"type":"Feature","geometry":{"type":"Polygon","coordinates":[[[-122.29801347126178,37.87958018409559],[-122.29800746762557,37.87956155277016],[-122.29802425768378,37.87955815378023],[-122.29803026132399,37.87957678510485],[-122.29801347126178,37.87958018409559]]]},"properties":{"face":"6805R","n":6,"street":"NINTH ST","side":"R","zone":"MULI","cat":"man","placement":"curb","width_source":"gis"}},{"type":"Feature","geometry":{"type":"Polygon","coordinates":[[[-122.29798345311026,37.879487027465096],[-122.29797744948883,37.879468396137995],[-122.29799423952714,37.87946499715209],[-122.29800024315254,37.87948362847839],[-122.29798345311026,37.879487027465096]]]},"properties":{"face":"6805R","n":7,"street":"NINTH ST","side":"R","zone":"MULI","cat":"man","placement":"curb","width_source":"gis"}},{"type":"Feature","geometry":{"type":"Polygon","coordinates":[[[-122.29794743142598,37.879375239497456],[-122.29794142782227,37.87935660816834],[-122.2979582178367,37.87935320918728],[-122.29796422144437,37.879371840515574],[-122.29794743142598,37.879375239497456]]]},"properties":{"face":"6805R","n":8,"street":"NINTH ST","side":"R","zone":"MULI","cat":"man","placement":"curb","width_source":"gis"}},{"type":"Feature","geometry":{"type":"Polygon","coordinates":[[[-122.29794142782227,37.87935660816834],[-122.29793542422152,37.87933797683889],[-122.29795221423198,37.87933457785862],[-122.2979582178367,37.87935320918728],[-122.29794142782227,37.87935660816834]]]},"properties":{"face":"6805R","n":9,"street":"NINTH ST","side":"R","zone":"MULI","cat":"man","placement":"curb","width_source":"gis"}},{"type":"Feature","geometry":{"type":"Polygon","coordinates":[[[-122.29791741343703,37.87928208284853],[-122.2979114098481,37.87926345151775],[-122.29792819984262,37.879260052540715],[-122.29793420343553,37.879278683870695],[-122.29791741343703,37.87928208284853]]]},"properties":{"face":"6805R","n":10,"street":"NINTH ST","side":"R","zone":"MULI","cat":"man","placement":"curb","width_source":"gis"}},{"type":"Feature","geometry":{"type":"Polygon","coordinates":[[[-122.2979114098481,37.87926345151775],[-122.29790540626213,37.87924482018662],[-122.29792219625267,37.87924142121039],[-122.29792819984262,37.879260052540715],[-122.2979114098481,37.87926345151775]]]},"properties":{"face":"6805R","n":11,"street":"NINTH ST","side":"R","zone":"MULI","cat":"man","placement":"curb","width_source":"gis"}},{"type":"Feature","geometry":{"type":"Polygon","coordinates":[[[-122.2978693848084,37.87913303219285],[-122.29786338124312,37.879114400859386],[-122.29788017120579,37.87911100188881],[-122.29788617477506,37.87912963322145],[-122.2978693848084,37.87913303219285]]]},"properties":{"face":"6805R","n":12,"street":"NINTH ST","side":"R","zone":"MULI","cat":"man","placement":"curb","width_source":"gis"}},{"type":"Feature","geometry":{"type":"Polygon","coordinates":[[[-122.29786338124312,37.879114400859386],[-122.2978573776808,37.87909576952557],[-122.29787416763949,37.87909237055581],[-122.29788017120579,37.87911100188881],[-122.29786338124312,37.879114400859386]]]},"properties":{"face":"6805R","n":13,"street":"NINTH ST","side":"R","zone":"MULI","cat":"man","placement":"curb","width_source":"gis"}},{"type":"Feature","geometry":{"type":"Polygon","coordinates":[[[-122.2978573776808,37.87909576952557],[-122.29785137412142,37.87907713819144],[-122.29786816407614,37.87907373922247],[-122.29787416763949,37.87909237055581],[-122.2978573776808,37.87909576952557]]]},"properties":{"face":"6805R","n":14,"street":"NINTH ST","side":"R","zone":"MULI","cat":"man","placement":"curb","width_source":"gis"}},{"type":"Feature","geometry":{"type":"Polygon","coordinates":[[[-122.29785137412142,37.87907713819144],[-122.29784537056503,37.87905850685697],[-122.29786216051575,37.8790551078888],[-122.29786816407614,37.87907373922247],[-122.29785137412142,37.87907713819144]]]},"properties":{"face":"6805R","n":15,"street":"NINTH ST","side":"R","zone":"MULI","cat":"man","placement":"curb","width_source":"gis"}},{"type":"Feature","geometry":{"type":"Polygon","coordinates":[[[-122.29784537056503,37.87905850685697],[-122.29783936701156,37.87903987552215],[-122.2978561569583,37.87903647655481],[-122.29786216051575,37.8790551078888],[-122.29784537056503,37.87905850685697]]]},"properties":{"face":"6805R","n":16,"street":"NINTH ST","side":"R","zone":"MULI","cat":"man","placement":"curb","width_source":"gis"}},{"type":"Feature","geometry":{"type":"Polygon","coordinates":[[[-122.29783936701156,37.87903987552215],[-122.29783336346108,37.879021244187015],[-122.29785015340384,37.879017845220474],[-122.2978561569583,37.87903647655481],[-122.29783936701156,37.87903987552215]]]},"properties":{"face":"6805R","n":17,"street":"NINTH ST","side":"R","zone":"MULI","cat":"man","placement":"curb","width_source":"gis"}},{"type":"Feature","geometry":{"type":"Polygon","coordinates":[[[-122.29783336346108,37.879021244187015],[-122.29782735991351,37.87900261285155],[-122.29784414985232,37.8789992138858],[-122.29785015340384,37.879017845220474],[-122.29783336346108,37.879021244187015]]]},"properties":{"face":"6805R","n":18,"street":"NINTH ST","side":"R","zone":"MULI","cat":"man","placement":"curb","width_source":"gis"}},{"type":"Feature","geometry":{"type":"Polygon","coordinates":[[[-122.29782735991351,37.87900261285155],[-122.29782135636893,37.87898398151573],[-122.29783814630373,37.87898058255079],[-122.29784414985232,37.8789992138858],[-122.29782735991351,37.87900261285155]]]},"properties":{"face":"6805R","n":19,"street":"NINTH ST","side":"R","zone":"MULI","cat":"man","placement":"curb","width_source":"gis"}},{"type":"Feature","geometry":{"type":"Polygon","coordinates":[[[-122.29782135636893,37.87898398151573],[-122.29781535282731,37.878965350179584],[-122.29783214275812,37.87896195121546],[-122.29783814630373,37.87898058255079],[-122.29782135636893,37.87898398151573]]]},"properties":{"face":"6805R","n":20,"street":"NINTH ST","side":"R","zone":"MULI","cat":"man","placement":"curb","width_source":"gis"}},{"type":"Feature","geometry":{"type":"Polygon","coordinates":[[[-122.29781535282731,37.878965350179584],[-122.29780934928863,37.87894671884311],[-122.29782613921547,37.87894331987978],[-122.29783214275812,37.87896195121546],[-122.29781535282731,37.878965350179584]]]},"properties":{"face":"6805R","n":21,"street":"NINTH ST","side":"R","zone":"MULI","cat":"man","placement":"curb","width_source":"gis"}},{"type":"Feature","geometry":{"type":"Polygon","coordinates":[[[-122.29780934928863,37.87894671884311],[-122.2978033457529,37.87892808750628],[-122.29782013567578,37.87892468854376],[-122.29782613921547,37.87894331987978],[-122.29780934928863,37.87894671884311]]]},"properties":{"face":"6805R","n":22,"street":"NINTH ST","side":"R","zone":"MULI","cat":"man","placement":"curb","width_source":"gis"}},{"type":"Feature","geometry":{"type":"Polygon","coordinates":[[[-122.2978033457529,37.87892808750628],[-122.29779734222015,37.87890945616914],[-122.29781413213902,37.87890605720742],[-122.29782013567578,37.87892468854376],[-122.2978033457529,37.87892808750628]]]},"properties":{"face":"6805R","n":23,"street":"NINTH ST","side":"R","zone":"MULI","cat":"man","placement":"curb","width_source":"gis"}},{"type":"Feature","geometry":{"type":"Polygon","coordinates":[[[-122.29779734222015,37.87890945616914],[-122.29779133869035,37.878890824831636],[-122.29780812860523,37.878887425870744],[-122.29781413213902,37.87890605720742],[-122.29779734222015,37.87890945616914]]]},"properties":{"face":"6805R","n":24,"street":"NINTH ST","side":"R","zone":"MULI","cat":"man","placement":"curb","width_source":"gis"}},{"type":"Feature","geometry":{"type":"Polygon","coordinates":[[[-122.29779133869035,37.878890824831636],[-122.29778533516348,37.87887219349383],[-122.29780212507441,37.87886879453373],[-122.29780812860523,37.878887425870744],[-122.29779133869035,37.878890824831636]]]},"properties":{"face":"6805R","n":25,"street":"NINTH ST","side":"R","zone":"MULI","cat":"man","placement":"curb","width_source":"gis"}},{"type":"Feature","geometry":{"type":"Polygon","coordinates":[[[-122.29778533516348,37.87887219349383],[-122.29777933163959,37.87885356215567],[-122.29779612154651,37.87885016319638],[-122.29780212507441,37.87886879453373],[-122.29778533516348,37.87887219349383]]]},"properties":{"face":"6805R","n":26,"street":"NINTH ST","side":"R","zone":"MULI","cat":"man","placement":"curb","width_source":"gis"}},{"type":"Feature","geometry":{"type":"Polygon","coordinates":[[[-122.29777933163959,37.87885356215567],[-122.29777332811864,37.87883493081718],[-122.2977901180216,37.878831531858694],[-122.29779612154651,37.87885016319638],[-122.29777933163959,37.87885356215567]]]},"properties":{"face":"6805R","n":27,"street":"NINTH ST","side":"R","zone":"MULI","cat":"man","placement":"curb","width_source":"gis"}},{"type":"Feature","geometry":{"type":"Polygon","coordinates":[[[-122.29777332811864,37.87883493081718],[-122.29776732460064,37.87881629947835],[-122.29778411449963,37.87881290052067],[-122.2977901180216,37.878831531858694],[-122.29777332811864,37.87883493081718]]]},"properties":{"face":"6805R","n":28,"street":"NINTH ST","side":"R","zone":"MULI","cat":"man","placement":"curb","width_source":"gis"}},{"type":"Feature","geometry":{"type":"Polygon","coordinates":[[[-122.29774931406443,37.878760405459865],[-122.29774331055827,37.8787417741197],[-122.29776010044132,37.87873837516525],[-122.29776610395146,37.87875700650461],[-122.29774931406443,37.878760405459865]]]},"properties":{"face":"6805R","n":29,"street":"NINTH ST","side":"R","zone":"MULI","cat":"man","placement":"curb","width_source":"gis"}},{"type":"Feature","geometry":{"type":"Polygon","coordinates":[[[-122.29774331055827,37.8787417741197],[-122.29773730705506,37.878723142779194],[-122.29775409693414,37.87871974382554],[-122.29776010044132,37.87873837516525],[-122.29774331055827,37.8787417741197]]]},"properties":{"face":"6805R","n":30,"street":"NINTH ST","side":"R","zone":"MULI","cat":"man","placement":"curb","width_source":"gis"}},{"type":"Feature","geometry":{"type":"Polygon","coordinates":[[[-122.29773730705506,37.878723142779194],[-122.2977313035548,37.878704511438364],[-122.29774809342989,37.87870111248552],[-122.29775409693414,37.87871974382554],[-122.29773730705506,37.878723142779194]]]},"properties":{"face":"6805R","n":31,"street":"NINTH ST","side":"R","zone":"MULI","cat":"man","placement":"curb","width_source":"gis"}},{"type":"Feature","geometry":{"type":"Polygon","coordinates":[[[-122.29772530005751,37.87868588009719],[-122.29771929656314,37.87866724875568],[-122.2977360864303,37.878663849804454],[-122.29774208992863,37.87868248114516],[-122.29772530005751,37.87868588009719]]]},"properties":{"face":"6805R","n":32,"street":"NINTH ST","side":"R","zone":"MULI","cat":"man","placement":"curb","width_source":"gis"}},{"type":"Feature","geometry":{"type":"Polygon","coordinates":[[[-122.29771929656314,37.87866724875568],[-122.29771329307177,37.87864861741385],[-122.29773008293493,37.878645218463426],[-122.2977360864303,37.878663849804454],[-122.29771929656314,37.87866724875568]]]},"properties":{"face":"6805R","n":33,"street":"NINTH ST","side":"R","zone":"MULI","cat":"man","placement":"curb","width_source":"gis"}},{"type":"Feature","geometry":{"type":"Polygon","coordinates":[[[-122.29771329307177,37.87864861741385],[-122.29770728958334,37.87862998607167],[-122.29772407944253,37.878626587122056],[-122.29773008293493,37.878645218463426],[-122.29771329307177,37.87864861741385]]]},"properties":{"face":"6805R","n":34,"street":"NINTH ST","side":"R","zone":"MULI","cat":"man","placement":"curb","width_source":"gis"}},{"type":"Feature","geometry":{"type":"Polygon","coordinates":[[[-122.29770728958334,37.87862998607167],[-122.29770128609789,37.87861135472915],[-122.29771807595309,37.87860795578035],[-122.29772407944253,37.878626587122056],[-122.29770728958334,37.87862998607167]]]},"properties":{"face":"6805R","n":35,"street":"NINTH ST","side":"R","zone":"MULI","cat":"man","placement":"curb","width_source":"gis"}},{"type":"Feature","geometry":{"type":"Polygon","coordinates":[[[-122.29770128609789,37.87861135472915],[-122.29769528261535,37.87859272338631],[-122.29771207246655,37.87858932443832],[-122.29771807595309,37.87860795578035],[-122.29770128609789,37.87861135472915]]]},"properties":{"face":"6805R","n":36,"street":"NINTH ST","side":"R","zone":"MULI","cat":"man","placement":"curb","width_source":"gis"}},{"type":"Feature","geometry":{"type":"Polygon","coordinates":[[[-122.29769528261535,37.87859272338631],[-122.29768927913578,37.87857409204313],[-122.29770606898302,37.878570693095945],[-122.29771207246655,37.87858932443832],[-122.29769528261535,37.87859272338631]]]},"properties":{"face":"6805R","n":37,"street":"NINTH ST","side":"R","zone":"MULI","cat":"man","placement":"curb","width_source":"gis"}},{"type":"Feature","geometry":{"type":"Polygon","coordinates":[[[-122.29768927913578,37.87857409204313],[-122.29768327565918,37.878555460699616],[-122.29770006550244,37.87855206175323],[-122.29770606898302,37.878570693095945],[-122.29768927913578,37.87857409204313]]]},"properties":{"face":"6805R","n":38,"street":"NINTH ST","side":"R","zone":"MULI","cat":"man","placement":"curb","width_source":"gis"}},{"type":"Feature","geometry":{"type":"Polygon","coordinates":[[[-122.29768327565918,37.878555460699616],[-122.29767727218554,37.878536829355774],[-122.2976940620248,37.87853343041019],[-122.29770006550244,37.87855206175323],[-122.29768327565918,37.878555460699616]]]},"properties":{"face":"6805R","n":39,"street":"NINTH ST","side":"R","zone":"MULI","cat":"man","placement":"curb","width_source":"gis"}},{"type":"Feature","geometry":{"type":"Polygon","coordinates":[[[-122.29767727218554,37.878536829355774],[-122.29767126871484,37.87851819801158],[-122.29768805855014,37.878514799066814],[-122.2976940620248,37.87853343041019],[-122.29767727218554,37.878536829355774]]]},"properties":{"face":"6805R","n":40,"street":"NINTH ST","side":"R","zone":"MULI","cat":"man","placement":"curb","width_source":"gis"}},{"type":"Feature","geometry":{"type":"Polygon","coordinates":[[[-122.29767126871484,37.87851819801158],[-122.29766526524709,37.87849956666706],[-122.2976820550784,37.8784961677231],[-122.29768805855014,37.878514799066814],[-122.29767126871484,37.87851819801158]]]},"properties":{"face":"6805R","n":41,"street":"NINTH ST","side":"R","zone":"MULI","cat":"man","placement":"curb","width_source":"gis"}},{"type":"Feature","geometry":{"type":"Polygon","coordinates":[[[-122.29766526524709,37.87849956666706],[-122.2976592617823,37.87848093532221],[-122.29767605160964,37.87847753637905],[-122.2976820550784,37.8784961677231],[-122.29766526524709,37.87849956666706]]]},"properties":{"face":"6805R","n":42,"street":"NINTH ST","side":"R","zone":"MULI","cat":"man","placement":"curb","width_source":"gis"}},{"type":"Feature","geometry":{"type":"Polygon","coordinates":[[[-122.2976592617823,37.87848093532221],[-122.29765325832048,37.87846230397702],[-122.29767004814383,37.87845890503467],[-122.29767605160964,37.87847753637905],[-122.2976592617823,37.87848093532221]]]},"properties":{"face":"6805R","n":43,"street":"NINTH ST","side":"R","zone":"MULI","cat":"man","placement":"curb","width_source":"gis"}},{"type":"Feature","geometry":{"type":"Polygon","coordinates":[[[-122.29765325832048,37.87846230397702],[-122.2976472548616,37.8784436726315],[-122.29766404468097,37.87844027368994],[-122.29767004814383,37.87845890503467],[-122.29765325832048,37.87846230397702]]]},"properties":{"face":"6805R","n":44,"street":"NINTH ST","side":"R","zone":"MULI","cat":"man","placement":"curb","width_source":"gis"}},{"type":"Feature","geometry":{"type":"Polygon","coordinates":[[[-122.2976472548616,37.8784436726315],[-122.29764125140568,37.878425041285645],[-122.29765804122108,37.878421642344904],[-122.29766404468097,37.87844027368994],[-122.2976472548616,37.8784436726315]]]},"properties":{"face":"6805R","n":45,"street":"NINTH ST","side":"R","zone":"MULI","cat":"man","placement":"curb","width_source":"gis"}},{"type":"Feature","geometry":{"type":"Polygon","coordinates":[[[-122.29764125140568,37.878425041285645],[-122.29763524795273,37.878406409939444],[-122.29765203776412,37.87840301099951],[-122.29765804122108,37.878421642344904],[-122.29764125140568,37.878425041285645]]]},"properties":{"face":"6805R","n":46,"street":"NINTH ST","side":"R","zone":"MULI","cat":"man","placement":"curb","width_source":"gis"}},{"type":"Feature","geometry":{"type":"Polygon","coordinates":[[[-122.29763524795273,37.878406409939444],[-122.29762924450272,37.878387778592916],[-122.29764603431015,37.878384379653795],[-122.29765203776412,37.87840301099951],[-122.29763524795273,37.878406409939444]]]},"properties":{"face":"6805R","n":47,"street":"NINTH ST","side":"R","zone":"MULI","cat":"man","placement":"curb","width_source":"gis"}},{"type":"Feature","geometry":{"type":"Polygon","coordinates":[[[-122.29762924450272,37.878387778592916],[-122.29762324105566,37.87836914724604],[-122.29764003085913,37.878365748307736],[-122.29764603431015,37.878384379653795],[-122.29762924450272,37.878387778592916]]]},"properties":{"face":"6805R","n":48,"street":"NINTH ST","side":"R","zone":"MULI","cat":"man","placement":"curb","width_source":"gis"}},{"type":"Feature","geometry":{"type":"Polygon","coordinates":[[[-122.29114117161575,37.858802689364055],[-122.29113521470241,37.85878404890804],[-122.29115200821296,37.8587806754114],[-122.29115796513025,37.85879931586661],[-122.29114117161575,37.858802689364055]]]},"properties":{"face":"6809L","n":1,"street":"NINTH ST","side":"L","zone":"MULI","cat":"man","placement":"curb","width_source":"gis"}},{"type":"Feature","geometry":{"type":"Polygon","coordinates":[[[-122.29112925779204,37.8587654084517],[-122.29112330088458,37.858746767995044],[-122.29114009438716,37.85874339449999],[-122.29114605129858,37.858762034955866],[-122.29112925779204,37.8587654084517]]]},"properties":{"face":"6809L","n":2,"street":"NINTH ST","side":"L","zone":"MULI","cat":"man","placement":"curb","width_source":"gis"}},{"type":"Feature","geometry":{"type":"Polygon","coordinates":[[[-122.29112330088458,37.858746767995044],[-122.29111734398006,37.85872812753803],[-122.29113413747865,37.85872475404379],[-122.29114009438716,37.85874339449999],[-122.29112330088458,37.858746767995044]]]},"properties":{"face":"6809L","n":3,"street":"NINTH ST","side":"L","zone":"MULI","cat":"man","placement":"curb","width_source":"gis"}},{"type":"Feature","geometry":{"type":"Polygon","coordinates":[[[-122.29111734398006,37.85872812753803],[-122.29111138707846,37.85870948708071],[-122.29112818057307,37.85870611358725],[-122.29113413747865,37.85872475404379],[-122.29111734398006,37.85872812753803]]]},"properties":{"face":"6809L","n":4,"street":"NINTH ST","side":"L","zone":"MULI","cat":"man","placement":"curb","width_source":"gis"}},{"type":"Feature","geometry":{"type":"Polygon","coordinates":[[[-122.29111138707846,37.85870948708071],[-122.29110543017978,37.85869084662304],[-122.29112222367043,37.858687473130395],[-122.29112818057307,37.85870611358725],[-122.29111138707846,37.85870948708071]]]},"properties":{"face":"6809L","n":5,"street":"NINTH ST","side":"L","zone":"MULI","cat":"man","placement":"curb","width_source":"gis"}},{"type":"Feature","geometry":{"type":"Polygon","coordinates":[[[-122.29110543017978,37.85869084662304],[-122.29109947328406,37.858672206165046],[-122.29111626677069,37.8586688326732],[-122.29112222367043,37.858687473130395],[-122.29110543017978,37.85869084662304]]]},"properties":{"face":"6809L","n":6,"street":"NINTH ST","side":"L","zone":"MULI","cat":"man","placement":"curb","width_source":"gis"}},{"type":"Feature","geometry":{"type":"Polygon","coordinates":[[[-122.29109947328406,37.858672206165046],[-122.29109351639127,37.85865356570673],[-122.29111030987393,37.858650192215684],[-122.29111626677069,37.8586688326732],[-122.29109947328406,37.858672206165046]]]},"properties":{"face":"6809L","n":7,"street":"NINTH ST","side":"L","zone":"MULI","cat":"man","placement":"curb","width_source":"gis"}},{"type":"Feature","geometry":{"type":"Polygon","coordinates":[[[-122.29109351639127,37.85865356570673],[-122.29108755950139,37.85863492524808],[-122.29110435298006,37.85863155175782],[-122.29111030987393,37.858650192215684],[-122.29109351639127,37.85865356570673]]]},"properties":{"face":"6809L","n":8,"street":"NINTH ST","side":"L","zone":"MULI","cat":"man","placement":"curb","width_source":"gis"}},{"type":"Feature","geometry":{"type":"Polygon","coordinates":[[[-122.29108755950139,37.85863492524808],[-122.29108160261445,37.858616284789086],[-122.29109839608913,37.85861291129964],[-122.29110435298006,37.85863155175782],[-122.29108755950139,37.85863492524808]]]},"properties":{"face":"6809L","n":9,"street":"NINTH ST","side":"L","zone":"MULI","cat":"man","placement":"curb","width_source":"gis"}},{"type":"Feature","geometry":{"type":"Polygon","coordinates":[[[-122.29108160261445,37.858616284789086],[-122.29107564573044,37.858597644329784],[-122.29109243920114,37.85859427084113],[-122.29109839608913,37.85861291129964],[-122.29108160261445,37.858616284789086]]]},"properties":{"face":"6809L","n":10,"street":"NINTH ST","side":"L","zone":"MULI","cat":"man","placement":"curb","width_source":"gis"}},{"type":"Feature","geometry":{"type":"Polygon","coordinates":[[[-122.29107564573044,37.858597644329784],[-122.29106968884938,37.85857900387015],[-122.29108648231608,37.85857563038228],[-122.29109243920114,37.85859427084113],[-122.29107564573044,37.858597644329784]]]},"properties":{"face":"6809L","n":11,"street":"NINTH ST","side":"L","zone":"MULI","cat":"man","placement":"curb","width_source":"gis"}},{"type":"Feature","geometry":{"type":"Polygon","coordinates":[[[-122.29106968884938,37.85857900387015],[-122.2910637319712,37.85856036341016],[-122.29108052543394,37.858556989923116],[-122.29108648231608,37.85857563038228],[-122.29106968884938,37.85857900387015]]]},"properties":{"face":"6809L","n":12,"street":"NINTH ST","side":"L","zone":"MULI","cat":"man","placement":"curb","width_source":"gis"}},{"type":"Feature","geometry":{"type":"Polygon","coordinates":[[[-122.2910637319712,37.85856036341016],[-122.291057775096,37.85854172294987],[-122.29107456855473,37.858538349463615],[-122.29108052543394,37.858556989923116],[-122.2910637319712,37.85856036341016]]]},"properties":{"face":"6809L","n":13,"street":"NINTH ST","side":"L","zone":"MULI","cat":"man","placement":"curb","width_source":"gis"}},{"type":"Feature","geometry":{"type":"Polygon","coordinates":[[[-122.291057775096,37.85854172294987],[-122.2910518182237,37.85852308248924],[-122.29106861167847,37.85851970900379],[-122.29107456855473,37.858538349463615],[-122.291057775096,37.85854172294987]]]},"properties":{"face":"6809L","n":14,"street":"NINTH ST","side":"L","zone":"MULI","cat":"man","placement":"curb","width_source":"gis"}},{"type":"Feature","geometry":{"type":"Polygon","coordinates":[[[-122.2910518182237,37.85852308248924],[-122.29104586135435,37.85850444202827],[-122.29106265480512,37.85850106854362],[-122.29106861167847,37.85851970900379],[-122.2910518182237,37.85852308248924]]]},"properties":{"face":"6809L","n":15,"street":"NINTH ST","side":"L","zone":"MULI","cat":"man","placement":"curb","width_source":"gis"}},{"type":"Feature","geometry":{"type":"Polygon","coordinates":[[[-122.29104586135435,37.85850444202827],[-122.29103990448793,37.85848580156698],[-122.29105669793472,37.85848242808313],[-122.29106265480512,37.85850106854362],[-122.29104586135435,37.85850444202827]]]},"properties":{"face":"6809L","n":16,"street":"NINTH ST","side":"L","zone":"MULI","cat":"man","placement":"curb","width_source":"gis"}},{"type":"Feature","geometry":{"type":"Polygon","coordinates":[[[-122.29103990448793,37.85848580156698],[-122.29103394762443,37.85846716110535],[-122.29105074106724,37.858463787622306],[-122.29105669793472,37.85848242808313],[-122.29103990448793,37.85848580156698]]]},"properties":{"face":"6809L","n":17,"street":"NINTH ST","side":"L","zone":"MULI","cat":"man","placement":"curb","width_source":"gis"}},{"type":"Feature","geometry":{"type":"Polygon","coordinates":[[[-122.29103394762443,37.85846716110535],[-122.29102799076387,37.85844852064341],[-122.29104478420268,37.858445147161156],[-122.29105074106724,37.858463787622306],[-122.29103394762443,37.85846716110535]]]},"properties":{"face":"6809L","n":18,"street":"NINTH ST","side":"L","zone":"MULI","cat":"man","placement":"curb","width_source":"gis"}},{"type":"Feature","geometry":{"type":"Polygon","coordinates":[[[-122.29102799076387,37.85844852064341],[-122.29102203390623,37.85842988018113],[-122.29103882734105,37.85842650669967],[-122.29104478420268,37.858445147161156],[-122.29102799076387,37.85844852064341]]]},"properties":{"face":"6809L","n":19,"street":"NINTH ST","side":"L","zone":"MULI","cat":"man","placement":"curb","width_source":"gis"}},{"type":"Feature","geometry":{"type":"Polygon","coordinates":[[[-122.29102203390623,37.85842988018113],[-122.29101607705154,37.858411239718514],[-122.29103287048238,37.85840786623786],[-122.29103882734105,37.85842650669967],[-122.29102203390623,37.85842988018113]]]},"properties":{"face":"6809L","n":20,"street":"NINTH ST","side":"L","zone":"MULI","cat":"man","placement":"curb","width_source":"gis"}},{"type":"Feature","geometry":{"type":"Polygon","coordinates":[[[-122.29101607705154,37.858411239718514],[-122.29101012019976,37.858392599255566],[-122.29102691362664,37.85838922577571],[-122.29103287048238,37.85840786623786],[-122.29101607705154,37.858411239718514]]]},"properties":{"face":"6809L","n":21,"street":"NINTH ST","side":"L","zone":"MULI","cat":"man","placement":"curb","width_source":"gis"}},{"type":"Feature","geometry":{"type":"Polygon","coordinates":[[[-122.29101012019976,37.858392599255566],[-122.29100416335092,37.85837395879229],[-122.29102095677379,37.85837058531324],[-122.29102691362664,37.85838922577571],[-122.29101012019976,37.858392599255566]]]},"properties":{"face":"6809L","n":22,"street":"NINTH ST","side":"L","zone":"MULI","cat":"man","placement":"curb","width_source":"gis"}},{"type":"Feature","geometry":{"type":"Polygon","coordinates":[[[-122.29100416335092,37.85837395879229],[-122.290998206505,37.8583553183287],[-122.29101499992389,37.85835194485043],[-122.29102095677379,37.85837058531324],[-122.29100416335092,37.85837395879229]]]},"properties":{"face":"6809L","n":23,"street":"NINTH ST","side":"L","zone":"MULI","cat":"man","placement":"curb","width_source":"gis"}},{"type":"Feature","geometry":{"type":"Polygon","coordinates":[[[-122.290998206505,37.8583553183287],[-122.29099224966203,37.858336677864756],[-122.29100904307693,37.8583333043873],[-122.29101499992389,37.85835194485043],[-122.290998206505,37.8583553183287]]]},"properties":{"face":"6809L","n":24,"street":"NINTH ST","side":"L","zone":"MULI","cat":"man","placement":"curb","width_source":"gis"}},{"type":"Feature","geometry":{"type":"Polygon","coordinates":[[[-122.29099224966203,37.858336677864756],[-122.29098629282197,37.85831803740051],[-122.2910030862329,37.85831466392385],[-122.29100904307693,37.8583333043873],[-122.29099224966203,37.858336677864756]]]},"properties":{"face":"6809L","n":25,"street":"NINTH ST","side":"L","zone":"MULI","cat":"man","placement":"curb","width_source":"gis"}},{"type":"Feature","geometry":{"type":"Polygon","coordinates":[[[-122.29098629282197,37.85831803740051],[-122.29098033598486,37.85829939693591],[-122.29099712939178,37.85829602346005],[-122.2910030862329,37.85831466392385],[-122.29098629282197,37.85831803740051]]]},"properties":{"face":"6809L","n":26,"street":"NINTH ST","side":"L","zone":"MULI","cat":"man","placement":"curb","width_source":"gis"}},{"type":"Feature","geometry":{"type":"Polygon","coordinates":[[[-122.29098033598486,37.85829939693591],[-122.29097437915068,37.85828075647099],[-122.29099117255362,37.85827738299592],[-122.29099712939178,37.85829602346005],[-122.29098033598486,37.85829939693591]]]},"properties":{"face":"6809L","n":27,"street":"NINTH ST","side":"L","zone":"MULI","cat":"man","placement":"curb","width_source":"gis"}},{"type":"Feature","geometry":{"type":"Polygon","coordinates":[[[-122.29097437915068,37.85828075647099],[-122.29096842231941,37.85826211600574],[-122.29098521571838,37.85825874253146],[-122.29099117255362,37.85827738299592],[-122.29097437915068,37.85828075647099]]]},"properties":{"face":"6809L","n":28,"street":"NINTH ST","side":"L","zone":"MULI","cat":"man","placement":"curb","width_source":"gis"}},{"type":"Feature","geometry":{"type":"Polygon","coordinates":[[[-122.29096842231941,37.85826211600574],[-122.29096246549109,37.85824347554015],[-122.29097925888607,37.85824010206668],[-122.29098521571838,37.85825874253146],[-122.29096842231941,37.85826211600574]]]},"properties":{"face":"6809L","n":29,"street":"NINTH ST","side":"L","zone":"MULI","cat":"man","placement":"curb","width_source":"gis"}},{"type":"Feature","geometry":{"type":"Polygon","coordinates":[[[-122.29096246549109,37.85824347554015],[-122.29095650866569,37.85822483507424],[-122.29097330205667,37.85822146160158],[-122.29097925888607,37.85824010206668],[-122.29096246549109,37.85824347554015]]]},"properties":{"face":"6809L","n":30,"street":"NINTH ST","side":"L","zone":"MULI","cat":"man","placement":"curb","width_source":"gis"}},{"type":"Feature","geometry":{"type":"Polygon","coordinates":[[[-122.29095650866569,37.85822483507424],[-122.29095055184322,37.858206194607995],[-122.29096734523024,37.85820282113613],[-122.29097330205667,37.85822146160158],[-122.29095650866569,37.85822483507424]]]},"properties":{"face":"6809L","n":31,"street":"NINTH ST","side":"L","zone":"MULI","cat":"man","placement":"curb","width_source":"gis"}},{"type":"Feature","geometry":{"type":"Polygon","coordinates":[[[-122.29095055184322,37.858206194607995],[-122.29094459502369,37.858187554141416],[-122.2909613884067,37.858184180670364],[-122.29096734523024,37.85820282113613],[-122.29095055184322,37.858206194607995]]]},"properties":{"face":"6809L","n":32,"street":"NINTH ST","side":"L","zone":"MULI","cat":"man","placement":"curb","width_source":"gis"}},{"type":"Feature","geometry":{"type":"Polygon","coordinates":[[[-122.29094459502369,37.858187554141416],[-122.29093863820707,37.85816891367452],[-122.29095543158611,37.858165540204254],[-122.2909613884067,37.858184180670364],[-122.29094459502369,37.858187554141416]]]},"properties":{"face":"6809L","n":33,"street":"NINTH ST","side":"L","zone":"MULI","cat":"man","placement":"curb","width_source":"gis"}},{"type":"Feature","geometry":{"type":"Polygon","coordinates":[[[-122.29093863820707,37.85816891367452],[-122.2909326813934,37.85815027320729],[-122.29094947476845,37.85814689973782],[-122.29095543158611,37.858165540204254],[-122.29093863820707,37.85816891367452]]]},"properties":{"face":"6809L","n":34,"street":"NINTH ST","side":"L","zone":"MULI","cat":"man","placement":"curb","width_source":"gis"}},{"type":"Feature","geometry":{"type":"Polygon","coordinates":[[[-122.2909326813934,37.85815027320729],[-122.29092672458265,37.85813163273972],[-122.29094351795372,37.858128259271055],[-122.29094947476845,37.85814689973782],[-122.2909326813934,37.85815027320729]]]},"properties":{"face":"6809L","n":35,"street":"NINTH ST","side":"L","zone":"MULI","cat":"man","placement":"curb","width_source":"gis"}},{"type":"Feature","geometry":{"type":"Polygon","coordinates":[[[-122.29092672458265,37.85813163273972],[-122.29092076777484,37.85811299227182],[-122.29093756114192,37.85810961880395],[-122.29094351795372,37.858128259271055],[-122.29092672458265,37.85813163273972]]]},"properties":{"face":"6809L","n":36,"street":"NINTH ST","side":"L","zone":"MULI","cat":"man","placement":"curb","width_source":"gis"}},{"type":"Feature","geometry":{"type":"Polygon","coordinates":[[[-122.29092076777484,37.85811299227182],[-122.29091481096995,37.8580943518036],[-122.29093160433307,37.858090978336534],[-122.29093756114192,37.85810961880395],[-122.29092076777484,37.85811299227182]]]},"properties":{"face":"6809L","n":37,"street":"NINTH ST","side":"L","zone":"MULI","cat":"man","placement":"curb","width_source":"gis"}},{"type":"Feature","geometry":{"type":"Polygon","coordinates":[[[-122.29091481096995,37.8580943518036],[-122.29090885416801,37.858075711335054],[-122.29092564752712,37.858072337868784],[-122.29093160433307,37.858090978336534],[-122.29091481096995,37.8580943518036]]]},"properties":{"face":"6809L","n":38,"street":"NINTH ST","side":"L","zone":"MULI","cat":"man","placement":"curb","width_source":"gis"}},{"type":"Feature","geometry":{"type":"Polygon","coordinates":[[[-122.29090885416801,37.858075711335054],[-122.29090289736898,37.858057070866174],[-122.29091969072411,37.85805369740071],[-122.29092564752712,37.858072337868784],[-122.29090885416801,37.858075711335054]]]},"properties":{"face":"6809L","n":39,"street":"NINTH ST","side":"L","zone":"MULI","cat":"man","placement":"curb","width_source":"gis"}},{"type":"Feature","geometry":{"type":"Polygon","coordinates":[[[-122.29090289736898,37.858057070866174],[-122.29089694057289,37.85803843039695],[-122.29091373392403,37.85803505693229],[-122.29091969072411,37.85805369740071],[-122.29090289736898,37.858057070866174]]]},"properties":{"face":"6809L","n":40,"street":"NINTH ST","side":"L","zone":"MULI","cat":"man","placement":"curb","width_source":"gis"}},{"type":"Feature","geometry":{"type":"Polygon","coordinates":[[[-122.29089694057289,37.85803843039695],[-122.29089098377972,37.85801978992742],[-122.29090777712689,37.858016416463535],[-122.29091373392403,37.85803505693229],[-122.29089694057289,37.85803843039695]]]},"properties":{"face":"6809L","n":41,"street":"NINTH ST","side":"L","zone":"MULI","cat":"man","placement":"curb","width_source":"gis"}},{"type":"Feature","geometry":{"type":"Polygon","coordinates":[[[-122.29089098377972,37.85801978992742],[-122.29088502698949,37.85800114945755],[-122.29090182033269,37.85799777599446],[-122.29090777712689,37.858016416463535],[-122.29089098377972,37.85801978992742]]]},"properties":{"face":"6809L","n":42,"street":"NINTH ST","side":"L","zone":"MULI","cat":"man","placement":"curb","width_source":"gis"}},{"type":"Feature","geometry":{"type":"Polygon","coordinates":[[[-122.29088502698949,37.85800114945755],[-122.29087907020218,37.857982508987334],[-122.2908958635414,37.85797913552506],[-122.29090182033269,37.85799777599446],[-122.29088502698949,37.85800114945755]]]},"properties":{"face":"6809L","n":43,"street":"NINTH ST","side":"L","zone":"MULI","cat":"man","placement":"curb","width_source":"gis"}},{"type":"Feature","geometry":{"type":"Polygon","coordinates":[[[-122.29087907020218,37.857982508987334],[-122.29087311341783,37.857963868516805],[-122.29088990675304,37.85796049505532],[-122.2908958635414,37.85797913552506],[-122.29087907020218,37.857982508987334]]]},"properties":{"face":"6809L","n":44,"street":"NINTH ST","side":"L","zone":"MULI","cat":"man","placement":"curb","width_source":"gis"}},{"type":"Feature","geometry":{"type":"Polygon","coordinates":[[[-122.29087311341783,37.857963868516805],[-122.29086715663638,37.85794522804594],[-122.29088394996762,37.85794185458526],[-122.29088990675304,37.85796049505532],[-122.29087311341783,37.857963868516805]]]},"properties":{"face":"6809L","n":45,"street":"NINTH ST","side":"L","zone":"MULI","cat":"man","placement":"curb","width_source":"gis"}},{"type":"Feature","geometry":{"type":"Polygon","coordinates":[[[-122.29086715663638,37.85794522804594],[-122.29086119985789,37.857926587574745],[-122.29087799318512,37.85792321411487],[-122.29088394996762,37.85794185458526],[-122.29086715663638,37.85794522804594]]]},"properties":{"face":"6809L","n":46,"street":"NINTH ST","side":"L","zone":"MULI","cat":"man","placement":"curb","width_source":"gis"}},{"type":"Feature","geometry":{"type":"Polygon","coordinates":[[[-122.29086119985789,37.857926587574745],[-122.2908552430823,37.857907947103214],[-122.29087203640556,37.85790457364414],[-122.29087799318512,37.85792321411487],[-122.29086119985789,37.857926587574745]]]},"properties":{"face":"6809L","n":47,"street":"NINTH ST","side":"L","zone":"MULI","cat":"man","placement":"curb","width_source":"gis"}},{"type":"Feature","geometry":{"type":"Polygon","coordinates":[[[-122.2908552430823,37.857907947103214],[-122.29084928630967,37.857889306631364],[-122.29086607962891,37.85788593317309],[-122.29087203640556,37.85790457364414],[-122.2908552430823,37.857907947103214]]]},"properties":{"face":"6809L","n":48,"street":"NINTH ST","side":"L","zone":"MULI","cat":"man","placement":"curb","width_source":"gis"}},{"type":"Feature","geometry":{"type":"Polygon","coordinates":[[[-122.29084928630967,37.857889306631364],[-122.29084332953994,37.85787066615918],[-122.29086012285522,37.857867292701705],[-122.29086607962891,37.85788593317309],[-122.29084928630967,37.857889306631364]]]},"properties":{"face":"6809L","n":49,"street":"NINTH ST","side":"L","zone":"MULI","cat":"man","placement":"curb","width_source":"gis"}},{"type":"Feature","geometry":{"type":"Polygon","coordinates":[[[-122.29082545924837,37.857814744740644],[-122.29081950249036,37.85779610426715],[-122.2908362957897,37.857792730812854],[-122.29084225255168,37.85781137128558],[-122.29082545924837,37.857814744740644]]]},"properties":{"face":"6809L","n":50,"street":"NINTH ST","side":"L","zone":"MULI","cat":"man","placement":"curb","width_source":"gis"}},{"type":"Feature","geometry":{"type":"Polygon","coordinates":[[[-122.29081950249036,37.85779610426715],[-122.2908135457353,37.85777746379332],[-122.29083033903066,37.85777409033983],[-122.2908362957897,37.857792730812854],[-122.29081950249036,37.85779610426715]]]},"properties":{"face":"6809L","n":51,"street":"NINTH ST","side":"L","zone":"MULI","cat":"man","placement":"curb","width_source":"gis"}},{"type":"Feature","geometry":{"type":"Polygon","coordinates":[[[-122.2908135457353,37.85777746379332],[-122.29080758898317,37.857758823319145],[-122.29082438227454,37.857755449866474],[-122.29083033903066,37.85777409033983],[-122.2908135457353,37.85777746379332]]]},"properties":{"face":"6809L","n":52,"street":"NINTH ST","side":"L","zone":"MULI","cat":"man","placement":"curb","width_source":"gis"}},{"type":"Feature","geometry":{"type":"Polygon","coordinates":[[[-122.29080758898317,37.857758823319145],[-122.29080163223395,37.85774018284465],[-122.29081842552135,37.857736809392776],[-122.29082438227454,37.857755449866474],[-122.29080758898317,37.857758823319145]]]},"properties":{"face":"6809L","n":53,"street":"NINTH ST","side":"L","zone":"MULI","cat":"man","placement":"curb","width_source":"gis"}},{"type":"Feature","geometry":{"type":"Polygon","coordinates":[[[-122.29080163223395,37.85774018284465],[-122.2907956754877,37.85772154236983],[-122.2908124687711,37.85771816891875],[-122.29081842552135,37.857736809392776],[-122.29080163223395,37.85774018284465]]]},"properties":{"face":"6809L","n":54,"street":"NINTH ST","side":"L","zone":"MULI","cat":"man","placement":"curb","width_source":"gis"}},{"type":"Feature","geometry":{"type":"Polygon","coordinates":[[[-122.2907956754877,37.85772154236983],[-122.29078971874436,37.857702901894676],[-122.29080651202376,37.8576995284444],[-122.2908124687711,37.85771816891875],[-122.2907956754877,37.85772154236983]]]},"properties":{"face":"6809L","n":55,"street":"NINTH ST","side":"L","zone":"MULI","cat":"man","placement":"curb","width_source":"gis"}},{"type":"Feature","geometry":{"type":"Polygon","coordinates":[[[-122.29078971874436,37.857702901894676],[-122.29078376200395,37.857684261419195],[-122.29080055527936,37.85768088796971],[-122.29080651202376,37.8576995284444],[-122.29078971874436,37.857702901894676]]]},"properties":{"face":"6809L","n":56,"street":"NINTH ST","side":"L","zone":"MULI","cat":"man","placement":"curb","width_source":"gis"}},{"type":"Feature","geometry":{"type":"Polygon","coordinates":[[[-122.29078376200395,37.857684261419195],[-122.29077780526647,37.85766562094338],[-122.29079459853791,37.85766224749469],[-122.29080055527936,37.85768088796971],[-122.29078376200395,37.857684261419195]]]},"properties":{"face":"6809L","n":57,"street":"NINTH ST","side":"L","zone":"MULI","cat":"man","placement":"curb","width_source":"gis"}},{"type":"Feature","geometry":{"type":"Polygon","coordinates":[[[-122.29077780526647,37.85766562094338],[-122.2907718485319,37.85764698046723],[-122.29078864179935,37.857643607019355],[-122.29079459853791,37.85766224749469],[-122.29077780526647,37.85766562094338]]]},"properties":{"face":"6809L","n":58,"street":"NINTH ST","side":"L","zone":"MULI","cat":"man","placement":"curb","width_source":"gis"}},{"type":"Feature","geometry":{"type":"Polygon","coordinates":[[[-122.2907718485319,37.85764698046723],[-122.29076589180028,37.85762833999076],[-122.29078268506376,37.85762496654368],[-122.29078864179935,37.857643607019355],[-122.2907718485319,37.85764698046723]]]},"properties":{"face":"6809L","n":59,"street":"NINTH ST","side":"L","zone":"MULI","cat":"man","placement":"curb","width_source":"gis"}},{"type":"Feature","geometry":{"type":"Polygon","coordinates":[[[-122.29076589180028,37.85762833999076],[-122.2907599350716,37.85760969951396],[-122.29077672833108,37.857606326067675],[-122.29078268506376,37.85762496654368],[-122.29076589180028,37.85762833999076]]]},"properties":{"face":"6809L","n":60,"street":"NINTH ST","side":"L","zone":"MULI","cat":"man","placement":"curb","width_source":"gis"}},{"type":"Feature","geometry":{"type":"Polygon","coordinates":[[[-122.29131246539382,37.858768279576886],[-122.29130650843986,37.85874963912904],[-122.29132330193517,37.85874626560777],[-122.2913292588931,37.85876490605483],[-122.29131246539382,37.858768279576886]]]},"properties":{"face":"6809R","n":1,"street":"NINTH ST","side":"R","zone":"MULI","cat":"man","placement":"curb","width_source":"gis"}},{"type":"Feature","geometry":{"type":"Polygon","coordinates":[[[-122.29130055148882,37.85873099868085],[-122.29129459454073,37.858712358232324],[-122.29131138802805,37.85870898471267],[-122.29131734498013,37.8587276251604],[-122.29130055148882,37.85873099868085]]]},"properties":{"face":"6809R","n":2,"street":"NINTH ST","side":"R","zone":"MULI","cat":"man","placement":"curb","width_source":"gis"}},{"type":"Feature","geometry":{"type":"Polygon","coordinates":[[[-122.29129459454073,37.858712358232324],[-122.29128863759554,37.85869371778349],[-122.2913054310789,37.85869034426463],[-122.29131138802805,37.85870898471267],[-122.29129459454073,37.858712358232324]]]},"properties":{"face":"6809R","n":3,"street":"NINTH ST","side":"R","zone":"MULI","cat":"man","placement":"curb","width_source":"gis"}},{"type":"Feature","geometry":{"type":"Polygon","coordinates":[[[-122.29128863759554,37.85869371778349],[-122.29128268065331,37.858675077334304],[-122.29129947413266,37.85867170381625],[-122.2913054310789,37.85869034426463],[-122.29128863759554,37.85869371778349]]]},"properties":{"face":"6809R","n":4,"street":"NINTH ST","side":"R","zone":"MULI","cat":"man","placement":"curb","width_source":"gis"}},{"type":"Feature","geometry":{"type":"Polygon","coordinates":[[[-122.29128268065331,37.858675077334304],[-122.291276723714,37.8586564368848],[-122.29129351718936,37.858653063367534],[-122.29129947413266,37.85867170381625],[-122.29128268065331,37.858675077334304]]]},"properties":{"face":"6809R","n":5,"street":"NINTH ST","side":"R","zone":"MULI","cat":"man","placement":"curb","width_source":"gis"}},{"type":"Feature","geometry":{"type":"Polygon","coordinates":[[[-122.291276723714,37.8586564368848],[-122.29127076677763,37.85863779643496],[-122.291287560249,37.8586344229185],[-122.29129351718936,37.858653063367534],[-122.291276723714,37.8586564368848]]]},"properties":{"face":"6809R","n":6,"street":"NINTH ST","side":"R","zone":"MULI","cat":"man","placement":"curb","width_source":"gis"}},{"type":"Feature","geometry":{"type":"Polygon","coordinates":[[[-122.29127076677763,37.85863779643496],[-122.29126480984417,37.85861915598479],[-122.29128160331159,37.85861578246914],[-122.291287560249,37.8586344229185],[-122.29127076677763,37.85863779643496]]]},"properties":{"face":"6809R","n":7,"street":"NINTH ST","side":"R","zone":"MULI","cat":"man","placement":"curb","width_source":"gis"}},{"type":"Feature","geometry":{"type":"Polygon","coordinates":[[[-122.29126480984417,37.85861915598479],[-122.29125885291366,37.8586005155343],[-122.29127564637706,37.858597142019434],[-122.29128160331159,37.85861578246914],[-122.29126480984417,37.85861915598479]]]},"properties":{"face":"6809R","n":8,"street":"NINTH ST","side":"R","zone":"MULI","cat":"man","placement":"curb","width_source":"gis"}},{"type":"Feature","geometry":{"type":"Polygon","coordinates":[[[-122.29125885291366,37.8586005155343],[-122.29125289598606,37.858581875083466],[-122.29126968944549,37.85857850156941],[-122.29127564637706,37.858597142019434],[-122.29125885291366,37.8586005155343]]]},"properties":{"face":"6809R","n":9,"street":"NINTH ST","side":"R","zone":"MULI","cat":"man","placement":"curb","width_source":"gis"}},{"type":"Feature","geometry":{"type":"Polygon","coordinates":[[[-122.29125289598606,37.858581875083466],[-122.29124693906141,37.85856323463231],[-122.29126373251687,37.85855986111905],[-122.29126968944549,37.85857850156941],[-122.29125289598606,37.858581875083466]]]},"properties":{"face":"6809R","n":10,"street":"NINTH ST","side":"R","zone":"MULI","cat":"man","placement":"curb","width_source":"gis"}},{"type":"Feature","geometry":{"type":"Polygon","coordinates":[[[-122.29124693906141,37.85856323463231],[-122.29124098213968,37.85854459418083],[-122.29125777559115,37.85854122066836],[-122.29126373251687,37.85855986111905],[-122.29124693906141,37.85856323463231]]]},"properties":{"face":"6809R","n":11,"street":"NINTH ST","side":"R","zone":"MULI","cat":"man","placement":"curb","width_source":"gis"}},{"type":"Feature","geometry":{"type":"Polygon","coordinates":[[[-122.29124098213968,37.85854459418083],[-122.29123502522089,37.85852595372901],[-122.29125181866834,37.85852258021734],[-122.29125777559115,37.85854122066836],[-122.29124098213968,37.85854459418083]]]},"properties":{"face":"6809R","n":12,"street":"NINTH ST","side":"R","zone":"MULI","cat":"man","placement":"curb","width_source":"gis"}},{"type":"Feature","geometry":{"type":"Polygon","coordinates":[[[-122.29123502522089,37.85852595372901],[-122.29122906830501,37.858507313276846],[-122.29124586174851,37.858503939765995],[-122.29125181866834,37.85852258021734],[-122.29123502522089,37.85852595372901]]]},"properties":{"face":"6809R","n":13,"street":"NINTH ST","side":"R","zone":"MULI","cat":"man","placement":"curb","width_source":"gis"}},{"type":"Feature","geometry":{"type":"Polygon","coordinates":[[[-122.29122906830501,37.858507313276846],[-122.29122311139209,37.85848867282438],[-122.29123990483158,37.858485299314324],[-122.29124586174851,37.858503939765995],[-122.29122906830501,37.858507313276846]]]},"properties":{"face":"6809R","n":14,"street":"NINTH ST","side":"R","zone":"MULI","cat":"man","placement":"curb","width_source":"gis"}},{"type":"Feature","geometry":{"type":"Polygon","coordinates":[[[-122.29122311139209,37.85848867282438],[-122.29121715448208,37.85847003237157],[-122.2912339479176,37.85846665886232],[-122.29123990483158,37.858485299314324],[-122.29122311139209,37.85848867282438]]]},"properties":{"face":"6809R","n":15,"street":"NINTH ST","side":"R","zone":"MULI","cat":"man","placement":"curb","width_source":"gis"}},{"type":"Feature","geometry":{"type":"Polygon","coordinates":[[[-122.29121715448208,37.85847003237157],[-122.291211197575,37.858451391918436],[-122.29122799100654,37.85844801840997],[-122.2912339479176,37.85846665886232],[-122.29121715448208,37.85847003237157]]]},"properties":{"face":"6809R","n":16,"street":"NINTH ST","side":"R","zone":"MULI","cat":"man","placement":"curb","width_source":"gis"}},{"type":"Feature","geometry":{"type":"Polygon","coordinates":[[[-122.291211197575,37.858451391918436],[-122.29120524067088,37.85843275146497],[-122.29122203409842,37.85842937795731],[-122.29122799100654,37.85844801840997],[-122.291211197575,37.858451391918436]]]},"properties":{"face":"6809R","n":17,"street":"NINTH ST","side":"R","zone":"MULI","cat":"man","placement":"curb","width_source":"gis"}},{"type":"Feature","geometry":{"type":"Polygon","coordinates":[[[-122.29120524067088,37.85843275146497],[-122.29119928376966,37.85841411101116],[-122.29121607719321,37.8584107375043],[-122.29122203409842,37.85842937795731],[-122.29120524067088,37.85843275146497]]]},"properties":{"face":"6809R","n":18,"street":"NINTH ST","side":"R","zone":"MULI","cat":"man","placement":"curb","width_source":"gis"}},{"type":"Feature","geometry":{"type":"Polygon","coordinates":[[[-122.29119928376966,37.85841411101116],[-122.29119332687137,37.85839547055703],[-122.29121012029094,37.85839209705097],[-122.29121607719321,37.8584107375043],[-122.29119928376966,37.85841411101116]]]},"properties":{"face":"6809R","n":19,"street":"NINTH ST","side":"R","zone":"MULI","cat":"man","placement":"curb","width_source":"gis"}},{"type":"Feature","geometry":{"type":"Polygon","coordinates":[[[-122.29119332687137,37.85839547055703],[-122.29118736997603,37.85837683010258],[-122.29120416339161,37.85837345659732],[-122.29121012029094,37.85839209705097],[-122.29119332687137,37.85839547055703]]]},"properties":{"face":"6809R","n":20,"street":"NINTH ST","side":"R","zone":"MULI","cat":"man","placement":"curb","width_source":"gis"}},{"type":"Feature","geometry":{"type":"Polygon","coordinates":[[[-122.29118736997603,37.85837683010258],[-122.2911814130836,37.85835818964779],[-122.2911982064952,37.85835481614333],[-122.29120416339161,37.85837345659732],[-122.29118736997603,37.85837683010258]]]},"properties":{"face":"6809R","n":21,"street":"NINTH ST","side":"R","zone":"MULI","cat":"man","placement":"curb","width_source":"gis"}},{"type":"Feature","geometry":{"type":"Polygon","coordinates":[[[-122.2911814130836,37.85835818964779],[-122.2911754561941,37.85833954919268],[-122.29119224960175,37.858336175689004],[-122.2911982064952,37.85835481614333],[-122.2911814130836,37.85835818964779]]]},"properties":{"face":"6809R","n":22,"street":"NINTH ST","side":"R","zone":"MULI","cat":"man","placement":"curb","width_source":"gis"}},{"type":"Feature","geometry":{"type":"Polygon","coordinates":[[[-122.2911754561941,37.85833954919268],[-122.29116949930756,37.85832090873722],[-122.29118629271119,37.85831753523436],[-122.29119224960175,37.858336175689004],[-122.2911754561941,37.85833954919268]]]},"properties":{"face":"6809R","n":23,"street":"NINTH ST","side":"R","zone":"MULI","cat":"man","placement":"curb","width_source":"gis"}},{"type":"Feature","geometry":{"type":"Polygon","coordinates":[[[-122.29116949930756,37.85832090873722],[-122.29116354242393,37.85830226828144],[-122.29118033582358,37.85829889477938],[-122.29118629271119,37.85831753523436],[-122.29116949930756,37.85832090873722]]]},"properties":{"face":"6809R","n":24,"street":"NINTH ST","side":"R","zone":"MULI","cat":"man","placement":"curb","width_source":"gis"}},{"type":"Feature","geometry":{"type":"Polygon","coordinates":[[[-122.29116354242393,37.85830226828144],[-122.29115758554322,37.85828362782534],[-122.2911743789389,37.85828025432407],[-122.29118033582358,37.85829889477938],[-122.29116354242393,37.85830226828144]]]},"properties":{"face":"6809R","n":25,"street":"NINTH ST","side":"R","zone":"MULI","cat":"man","placement":"curb","width_source":"gis"}},{"type":"Feature","geometry":{"type":"Polygon","coordinates":[[[-122.29115758554322,37.85828362782534],[-122.29115162866546,37.8582649873689],[-122.29116842205715,37.858261613868436],[-122.2911743789389,37.85828025432407],[-122.29115758554322,37.85828362782534]]]},"properties":{"face":"6809R","n":26,"street":"NINTH ST","side":"R","zone":"MULI","cat":"man","placement":"curb","width_source":"gis"}},{"type":"Feature","geometry":{"type":"Polygon","coordinates":[[[-122.29115162866546,37.8582649873689],[-122.29114567179063,37.85824634691213],[-122.29116246517833,37.858242973412466],[-122.29116842205715,37.858261613868436],[-122.29115162866546,37.8582649873689]]]},"properties":{"face":"6809R","n":27,"street":"NINTH ST","side":"R","zone":"MULI","cat":"man","placement":"curb","width_source":"gis"}},{"type":"Feature","geometry":{"type":"Polygon","coordinates":[[[-122.29114567179063,37.85824634691213],[-122.29113971491873,37.85822770645503],[-122.29115650830242,37.85822433295616],[-122.29116246517833,37.858242973412466],[-122.29114567179063,37.85824634691213]]]},"properties":{"face":"6809R","n":28,"street":"NINTH ST","side":"R","zone":"MULI","cat":"man","placement":"curb","width_source":"gis"}},{"type":"Feature","geometry":{"type":"Polygon","coordinates":[[[-122.29113971491873,37.85822770645503],[-122.29113375804974,37.858209065997606],[-122.29115055142948,37.85820569249953],[-122.29115650830242,37.85822433295616],[-122.29113971491873,37.85822770645503]]]},"properties":{"face":"6809R","n":29,"street":"NINTH ST","side":"R","zone":"MULI","cat":"man","placement":"curb","width_source":"gis"}},{"type":"Feature","geometry":{"type":"Polygon","coordinates":[[[-122.29113375804974,37.858209065997606],[-122.29112780118369,37.858190425539846],[-122.29114459455946,37.85818705204256],[-122.29115055142948,37.85820569249953],[-122.29113375804974,37.858209065997606]]]},"properties":{"face":"6809R","n":30,"street":"NINTH ST","side":"R","zone":"MULI","cat":"man","placement":"curb","width_source":"gis"}},{"type":"Feature","geometry":{"type":"Polygon","coordinates":[[[-122.29112780118369,37.858190425539846],[-122.29112184432059,37.85817178508175],[-122.29113863769236,37.858168411585275],[-122.29114459455946,37.85818705204256],[-122.29112780118369,37.858190425539846]]]},"properties":{"face":"6809R","n":31,"street":"NINTH ST","side":"R","zone":"MULI","cat":"man","placement":"curb","width_source":"gis"}},{"type":"Feature","geometry":{"type":"Polygon","coordinates":[[[-122.29112184432059,37.85817178508175],[-122.2911158874604,37.85815314462333],[-122.29113268082818,37.858149771127664],[-122.29113863769236,37.858168411585275],[-122.29112184432059,37.85817178508175]]]},"properties":{"face":"6809R","n":32,"street":"NINTH ST","side":"R","zone":"MULI","cat":"man","placement":"curb","width_source":"gis"}},{"type":"Feature","geometry":{"type":"Polygon","coordinates":[[[-122.2911158874604,37.85815314462333],[-122.29110993060316,37.85813450416458],[-122.29112672396694,37.858131130669726],[-122.29113268082818,37.858149771127664],[-122.2911158874604,37.85815314462333]]]},"properties":{"face":"6809R","n":33,"street":"NINTH ST","side":"R","zone":"MULI","cat":"man","placement":"curb","width_source":"gis"}},{"type":"Feature","geometry":{"type":"Polygon","coordinates":[[[-122.29110993060316,37.85813450416458],[-122.29110397374883,37.8581158637055],[-122.29112076710862,37.85811249021143],[-122.29112672396694,37.858131130669726],[-122.29110993060316,37.85813450416458]]]},"properties":{"face":"6809R","n":34,"street":"NINTH ST","side":"R","zone":"MULI","cat":"man","placement":"curb","width_source":"gis"}},{"type":"Feature","geometry":{"type":"Polygon","coordinates":[[[-122.29110397374883,37.8581158637055],[-122.29109801689744,37.8580972232461],[-122.29111481025326,37.85809384975283],[-122.29112076710862,37.85811249021143],[-122.29110397374883,37.8581158637055]]]},"properties":{"face":"6809R","n":35,"street":"NINTH ST","side":"R","zone":"MULI","cat":"man","placement":"curb","width_source":"gis"}},{"type":"Feature","geometry":{"type":"Polygon","coordinates":[[[-122.29109801689744,37.8580972232461],[-122.29109206004897,37.85807858278635],[-122.29110885340081,37.85807520929389],[-122.29111481025326,37.85809384975283],[-122.29109801689744,37.8580972232461]]]},"properties":{"face":"6809R","n":36,"street":"NINTH ST","side":"R","zone":"MULI","cat":"man","placement":"curb","width_source":"gis"}},{"type":"Feature","geometry":{"type":"Polygon","coordinates":[[[-122.29109206004897,37.85807858278635],[-122.29108610320345,37.85805994232629],[-122.2911028965513,37.858056568834606],[-122.29110885340081,37.85807520929389],[-122.29109206004897,37.85807858278635]]]},"properties":{"face":"6809R","n":37,"street":"NINTH ST","side":"R","zone":"MULI","cat":"man","placement":"curb","width_source":"gis"}},{"type":"Feature","geometry":{"type":"Polygon","coordinates":[[[-122.29108610320345,37.85805994232629],[-122.29108014636085,37.85804130186589],[-122.29109693970472,37.85803792837502],[-122.2911028965513,37.858056568834606],[-122.29108610320345,37.85805994232629]]]},"properties":{"face":"6809R","n":38,"street":"NINTH ST","side":"R","zone":"MULI","cat":"man","placement":"curb","width_source":"gis"}},{"type":"Feature","geometry":{"type":"Polygon","coordinates":[[[-122.29108014636085,37.85804130186589],[-122.29107418952118,37.858022661405165],[-122.29109098286105,37.858019287915084],[-122.29109693970472,37.85803792837502],[-122.29108014636085,37.85804130186589]]]},"properties":{"face":"6809R","n":39,"street":"NINTH ST","side":"R","zone":"MULI","cat":"man","placement":"curb","width_source":"gis"}},{"type":"Feature","geometry":{"type":"Polygon","coordinates":[[[-122.29107418952118,37.858022661405165],[-122.29106823268444,37.85800402094411],[-122.29108502602034,37.85800064745482],[-122.29109098286105,37.858019287915084],[-122.29107418952118,37.858022661405165]]]},"properties":{"face":"6809R","n":40,"street":"NINTH ST","side":"R","zone":"MULI","cat":"man","placement":"curb","width_source":"gis"}},{"type":"Feature","geometry":{"type":"Polygon","coordinates":[[[-122.29106823268444,37.85800402094411],[-122.29106227585063,37.85798538048271],[-122.29107906918253,37.85798200699424],[-122.29108502602034,37.85800064745482],[-122.29106823268444,37.85800402094411]]]},"properties":{"face":"6809R","n":41,"street":"NINTH ST","side":"R","zone":"MULI","cat":"man","placement":"curb","width_source":"gis"}},{"type":"Feature","geometry":{"type":"Polygon","coordinates":[[[-122.29106227585063,37.85798538048271],[-122.29105631901975,37.857966740021],[-122.29107311234768,37.85796336653331],[-122.29107906918253,37.85798200699424],[-122.29106227585063,37.85798538048271]]]},"properties":{"face":"6809R","n":42,"street":"NINTH ST","side":"R","zone":"MULI","cat":"man","placement":"curb","width_source":"gis"}},{"type":"Feature","geometry":{"type":"Polygon","coordinates":[[[-122.29105631901975,37.857966740021],[-122.2910503621918,37.85794809955894],[-122.29106715551573,37.857944726072056],[-122.29107311234768,37.85796336653331],[-122.29105631901975,37.857966740021]]]},"properties":{"face":"6809R","n":43,"street":"NINTH ST","side":"R","zone":"MULI","cat":"man","placement":"curb","width_source":"gis"}},{"type":"Feature","geometry":{"type":"Polygon","coordinates":[[[-122.2910503621918,37.85794809955894],[-122.29104440536679,37.85792945909657],[-122.29106119868673,37.85792608561048],[-122.29106715551573,37.857944726072056],[-122.2910503621918,37.85794809955894]]]},"properties":{"face":"6809R","n":44,"street":"NINTH ST","side":"R","zone":"MULI","cat":"man","placement":"curb","width_source":"gis"}},{"type":"Feature","geometry":{"type":"Polygon","coordinates":[[[-122.29104440536679,37.85792945909657],[-122.29103844854471,37.85791081863385],[-122.29105524186068,37.85790744514857],[-122.29106119868673,37.85792608561048],[-122.29104440536679,37.85792945909657]]]},"properties":{"face":"6809R","n":45,"street":"NINTH ST","side":"R","zone":"MULI","cat":"man","placement":"curb","width_source":"gis"}},{"type":"Feature","geometry":{"type":"Polygon","coordinates":[[[-122.29103844854471,37.85791081863385],[-122.29103249172555,37.85789217817081],[-122.29104928503752,37.85788880468633],[-122.29105524186068,37.85790744514857],[-122.29103844854471,37.85791081863385]]]},"properties":{"face":"6809R","n":46,"street":"NINTH ST","side":"R","zone":"MULI","cat":"man","placement":"curb","width_source":"gis"}},{"type":"Feature","geometry":{"type":"Polygon","coordinates":[[[-122.29103249172555,37.85789217817081],[-122.2910265349093,37.85787353770745],[-122.29104332821731,37.85787016422377],[-122.29104928503752,37.85788880468633],[-122.29103249172555,37.85789217817081]]]},"properties":{"face":"6809R","n":47,"street":"NINTH ST","side":"R","zone":"MULI","cat":"man","placement":"curb","width_source":"gis"}},{"type":"Feature","geometry":{"type":"Polygon","coordinates":[[[-122.2910265349093,37.85787353770745],[-122.29102057809602,37.85785489724373],[-122.29103737140004,37.85785152376084],[-122.29104332821731,37.85787016422377],[-122.2910265349093,37.85787353770745]]]},"properties":{"face":"6809R","n":48,"street":"NINTH ST","side":"R","zone":"MULI","cat":"man","placement":"curb","width_source":"gis"}},{"type":"Feature","geometry":{"type":"Polygon","coordinates":[[[-122.29102057809602,37.85785489724373],[-122.29101462128565,37.85783625677971],[-122.29103141458569,37.857832883297625],[-122.29103737140004,37.85785152376084],[-122.29102057809602,37.85785489724373]]]},"properties":{"face":"6809R","n":49,"street":"NINTH ST","side":"R","zone":"MULI","cat":"man","placement":"curb","width_source":"gis"}},{"type":"Feature","geometry":{"type":"Polygon","coordinates":[[[-122.29100866447821,37.857817616315344],[-122.29100270767371,37.857798975850656],[-122.29101950096579,37.857795602370174],[-122.29102545777427,37.85781424283406],[-122.29100866447821,37.857817616315344]]]},"properties":{"face":"6809R","n":50,"street":"NINTH ST","side":"R","zone":"MULI","cat":"man","placement":"curb","width_source":"gis"}},{"type":"Feature","geometry":{"type":"Polygon","coordinates":[[[-122.29100270767371,37.857798975850656],[-122.29099675087214,37.85778033538564],[-122.29101354416022,37.857776961905955],[-122.29101950096579,37.857795602370174],[-122.29100270767371,37.857798975850656]]]},"properties":{"face":"6809R","n":51,"street":"NINTH ST","side":"R","zone":"MULI","cat":"man","placement":"curb","width_source":"gis"}},{"type":"Feature","geometry":{"type":"Polygon","coordinates":[[[-122.29099675087214,37.85778033538564],[-122.29099079407351,37.85776169492028],[-122.2910075873576,37.85775832144141],[-122.29101354416022,37.857776961905955],[-122.29099675087214,37.85778033538564]]]},"properties":{"face":"6809R","n":52,"street":"NINTH ST","side":"R","zone":"MULI","cat":"man","placement":"curb","width_source":"gis"}},{"type":"Feature","geometry":{"type":"Polygon","coordinates":[[[-122.29099079407351,37.85776169492028],[-122.29098483727779,37.85774305445461],[-122.2910016305579,37.857739680976515],[-122.2910075873576,37.85775832144141],[-122.29099079407351,37.85776169492028]]]},"properties":{"face":"6809R","n":53,"street":"NINTH ST","side":"R","zone":"MULI","cat":"man","placement":"curb","width_source":"gis"}},{"type":"Feature","geometry":{"type":"Polygon","coordinates":[[[-122.29098483727779,37.85774305445461],[-122.29097888048501,37.8577244139886],[-122.29099567376115,37.85772104051131],[-122.2910016305579,37.857739680976515],[-122.29098483727779,37.85774305445461]]]},"properties":{"face":"6809R","n":54,"street":"NINTH ST","side":"R","zone":"MULI","cat":"man","placement":"curb","width_source":"gis"}},{"type":"Feature","geometry":{"type":"Polygon","coordinates":[[[-122.29097888048501,37.8577244139886],[-122.29097292369516,37.857705773522255],[-122.2909897169673,37.857702400045774],[-122.29099567376115,37.85772104051131],[-122.29097888048501,37.8577244139886]]]},"properties":{"face":"6809R","n":55,"street":"NINTH ST","side":"R","zone":"MULI","cat":"man","placement":"curb","width_source":"gis"}},{"type":"Feature","geometry":{"type":"Polygon","coordinates":[[[-122.29097292369516,37.857705773522255],[-122.29096696690824,37.857687133055585],[-122.2909837601764,37.857683759579885],[-122.2909897169673,37.857702400045774],[-122.29097292369516,37.857705773522255]]]},"properties":{"face":"6809R","n":56,"street":"NINTH ST","side":"R","zone":"MULI","cat":"man","placement":"curb","width_source":"gis"}},{"type":"Feature","geometry":{"type":"Polygon","coordinates":[[[-122.29096696690824,37.857687133055585],[-122.29096101012425,37.85766849258858],[-122.29097780338842,37.8576651191137],[-122.2909837601764,37.857683759579885],[-122.29096696690824,37.857687133055585]]]},"properties":{"face":"6809R","n":57,"street":"NINTH ST","side":"R","zone":"MULI","cat":"man","placement":"curb","width_source":"gis"}},{"type":"Feature","geometry":{"type":"Polygon","coordinates":[[[-122.29096101012425,37.85766849258858],[-122.29095505334321,37.85764985212125],[-122.29097184660338,37.85764647864717],[-122.29097780338842,37.8576651191137],[-122.29096101012425,37.85766849258858]]]},"properties":{"face":"6809R","n":58,"street":"NINTH ST","side":"R","zone":"MULI","cat":"man","placement":"curb","width_source":"gis"}},{"type":"Feature","geometry":{"type":"Polygon","coordinates":[[[-122.29095505334321,37.85764985212125],[-122.29094909656506,37.8576312116536],[-122.29096588982127,37.8576278381803],[-122.29097184660338,37.85764647864717],[-122.29095505334321,37.85764985212125]]]},"properties":{"face":"6809R","n":59,"street":"NINTH ST","side":"R","zone":"MULI","cat":"man","placement":"curb","width_source":"gis"}},{"type":"Feature","geometry":{"type":"Polygon","coordinates":[[[-122.29094909656506,37.8576312116536],[-122.29094313978987,37.857612571185605],[-122.29095993304207,37.85760919771311],[-122.29096588982127,37.8576278381803],[-122.29094909656506,37.8576312116536]]]},"properties":{"face":"6809R","n":60,"street":"NINTH ST","side":"R","zone":"MULI","cat":"man","placement":"curb","width_source":"gis"}},{"type":"Feature","geometry":{"type":"Polygon","coordinates":[[[-122.29094313978987,37.857612571185605],[-122.2909371830176,37.85759393071728],[-122.29095397626584,37.85759055724559],[-122.29095993304207,37.85760919771311],[-122.29094313978987,37.857612571185605]]]},"properties":{"face":"6809R","n":61,"street":"NINTH ST","side":"R","zone":"MULI","cat":"man","placement":"curb","width_source":"gis"}},{"type":"Feature","geometry":{"type":"Polygon","coordinates":[[[-122.2909371830176,37.85759393071728],[-122.29093122624826,37.857575290248626],[-122.2909480194925,37.857571916777744],[-122.29095397626584,37.85759055724559],[-122.2909371830176,37.85759393071728]]]},"properties":{"face":"6809R","n":62,"street":"NINTH ST","side":"R","zone":"MULI","cat":"man","placement":"curb","width_source":"gis"}}]}