{"type":"FeatureCollection","features":[
{"type":"Feature","geometry":{"type":"Polygon","coordinates":[[[-122.291911,37.863614],[-122.291914,37.863624],[-122.291806,37.863647],[-122.291785,37.863584],[-122.291893,37.863561],[-122.291898,37.863577],[-122.291925,37.863571],[-122.291938,37.863609],[-122.291911,37.863614]]]},"properties":{"id":"w824217437","b":"detached","lv":null,"n":null}},
{"type":"Feature","geometry":{"type":"Polygon","coordinates":[[[-122.291741,37.863468],[-122.291734,37.863444],[-122.291726,37.863446],[-122.291721,37.863431],[-122.29173,37.863429],[-122.291719,37.863392],[-122.291855,37.863367],[-122.291877,37.863443],[-122.291741,37.863468]]]},"properties":{"id":"w824217438","b":"house","lv":null,"n":null}},
{"type":"Feature","geometry":{"type":"Polygon","coordinates":[[[-122.292079,37.864256],[-122.292074,37.864244],[-122.292001,37.864258],[-122.292005,37.864269],[-122.291958,37.864278],[-122.29192,37.864159],[-122.292091,37.864125],[-122.29213,37.864246],[-122.292079,37.864256]]]},"properties":{"id":"w824217439","b":"house","lv":null,"n":null}},
{"type":"Feature","geometry":{"type":"Polygon","coordinates":[[[-122.292045,37.863872],[-122.29205,37.863886],[-122.291898,37.863915],[-122.29189,37.863889],[-122.291881,37.86389],[-122.291867,37.863846],[-122.292027,37.863815],[-122.292033,37.863832],[-122.292058,37.863827],[-122.292071,37.863867],[-122.292045,37.863872]]]},"properties":{"id":"w824217442","b":"detached","lv":null,"n":null}},
{"type":"Feature","geometry":{"type":"Polygon","coordinates":[[[-122.292021,37.863978],[-122.292025,37.863992],[-122.291923,37.86401],[-122.291904,37.863946],[-122.292008,37.863928],[-122.292012,37.863942],[-122.292037,37.863937],[-122.292047,37.863973],[-122.292021,37.863978]]]},"properties":{"id":"w824217443","b":"detached","lv":null,"n":null}},
{"type":"Feature","geometry":{"type":"Polygon","coordinates":[[[-122.291903,37.864118],[-122.291887,37.864065],[-122.291901,37.864062],[-122.291893,37.864033],[-122.292023,37.864008],[-122.292031,37.864034],[-122.292043,37.864032],[-122.29206,37.864088],[-122.291903,37.864118]]]},"properties":{"id":"w824217444","b":"detached","lv":null,"n":null}},
{"type":"Feature","geometry":{"type":"Polygon","coordinates":[[[-122.292361,37.864193],[-122.292359,37.864186],[-122.292335,37.864191],[-122.29228,37.864013],[-122.292335,37.864003],[-122.292332,37.863994],[-122.292349,37.863991],[-122.292329,37.863924],[-122.292387,37.863913],[-122.292414,37.864],[-122.292368,37.864009],[-122.292378,37.86404],[-122.292394,37.864037],[-122.292437,37.864179],[-122.292361,37.864193]]]},"properties":{"id":"w824217445","b":"yes","lv":null,"n":null}},
{"type":"Feature","geometry":{"type":"Polygon","coordinates":[[[-122.292222,37.864202],[-122.292226,37.864216],[-122.292196,37.864222],[-122.292193,37.864213],[-122.292144,37.864223],[-122.292105,37.864098],[-122.292151,37.864089],[-122.292162,37.864124],[-122.292257,37.864105],[-122.292272,37.864152],[-122.292261,37.864154],[-122.292273,37.864192],[-122.292222,37.864202]]]},"properties":{"id":"w824217446","b":"yes","lv":null,"n":null}},
{"type":"Feature","geometry":{"type":"Polygon","coordinates":[[[-122.291615,37.862928],[-122.291616,37.862934],[-122.291535,37.862948],[-122.291518,37.86289],[-122.291627,37.86287],[-122.291642,37.862923],[-122.291615,37.862928]]]},"properties":{"id":"w824217448","b":"garage","lv":null,"n":null}},
{"type":"Feature","geometry":{"type":"Polygon","coordinates":[[[-122.291773,37.863557],[-122.291752,37.863493],[-122.291935,37.863455],[-122.291957,37.863519],[-122.291773,37.863557]]]},"properties":{"id":"w824217450","b":"house","lv":null,"n":null}},
{"type":"Feature","geometry":{"type":"Polygon","coordinates":[[[-122.291912,37.862769],[-122.291907,37.862752],[-122.291899,37.862753],[-122.291865,37.862639],[-122.291973,37.862619],[-122.292013,37.86275],[-122.291912,37.862769]]]},"properties":{"id":"w824217451","b":"yes","lv":null,"n":null}},
{"type":"Feature","geometry":{"type":"Polygon","coordinates":[[[-122.292056,37.862792],[-122.292015,37.862665],[-122.292033,37.862662],[-122.29202,37.862621],[-122.292043,37.862616],[-122.292041,37.862608],[-122.292088,37.862599],[-122.292101,37.862639],[-122.292109,37.862637],[-122.292121,37.862676],[-122.292115,37.862677],[-122.292145,37.862774],[-122.292056,37.862792]]]},"properties":{"id":"w824217452","b":"yes","lv":null,"n":null}},
{"type":"Feature","geometry":{"type":"Polygon","coordinates":[[[-122.291622,37.862826],[-122.291628,37.862843],[-122.291518,37.862865],[-122.291474,37.862728],[-122.291541,37.862715],[-122.29154,37.86271],[-122.291584,37.862701],[-122.291616,37.862804],[-122.291626,37.862802],[-122.291633,37.862824],[-122.291622,37.862826]]]},"properties":{"id":"w824217453","b":"apartments","lv":null,"n":null}},
{"type":"Feature","geometry":{"type":"Polygon","coordinates":[[[-122.292387,37.862892],[-122.292397,37.862924],[-122.292227,37.862958],[-122.292218,37.862929],[-122.292191,37.862935],[-122.292177,37.86289],[-122.292373,37.86285],[-122.292382,37.862877],[-122.29241,37.862872],[-122.292415,37.862886],[-122.292387,37.862892]]]},"properties":{"id":"w824217455","b":"yes","lv":null,"n":null}},
{"type":"Feature","geometry":{"type":"Polygon","coordinates":[[[-122.292213,37.862814],[-122.292194,37.862752],[-122.292279,37.862736],[-122.29227,37.862706],[-122.292312,37.862697],[-122.292297,37.862649],[-122.29232,37.862645],[-122.292317,37.862635],[-122.292281,37.862642],[-122.292244,37.862522],[-122.292321,37.862507],[-122.292405,37.862778],[-122.292213,37.862814]]]},"properties":{"id":"w824217456","b":"yes","lv":null,"n":null}},
{"type":"Feature","geometry":{"type":"Polygon","coordinates":[[[-122.292187,37.862689],[-122.292147,37.862566],[-122.292203,37.862555],[-122.292201,37.862546],[-122.292237,37.862539],[-122.292279,37.86267],[-122.292187,37.862689]]]},"properties":{"id":"w824217457","b":"yes","lv":null,"n":null}},
{"type":"Feature","geometry":{"type":"Polygon","coordinates":[[[-122.292352,37.863415],[-122.292346,37.863395],[-122.29232,37.8634],[-122.292311,37.863372],[-122.292338,37.863367],[-122.292328,37.863335],[-122.292525,37.863297],[-122.292549,37.863378],[-122.292352,37.863415]]]},"properties":{"id":"w824217458","b":"house","lv":null,"n":null}},
{"type":"Feature","geometry":{"type":"Polygon","coordinates":[[[-122.292363,37.863049],[-122.292356,37.863027],[-122.292256,37.863046],[-122.292264,37.863071],[-122.292173,37.863088],[-122.292141,37.862985],[-122.292404,37.862934],[-122.292435,37.863035],[-122.292363,37.863049]]]},"properties":{"id":"w824217459","b":"yes","lv":null,"n":null}},
{"type":"Feature","geometry":{"type":"Polygon","coordinates":[[[-122.292449,37.863264],[-122.292453,37.863274],[-122.292301,37.863304],[-122.292274,37.863221],[-122.292338,37.863208],[-122.292342,37.863223],[-122.292408,37.86321],[-122.292404,37.863197],[-122.292479,37.863181],[-122.292502,37.863254],[-122.292449,37.863264]]]},"properties":{"id":"w824217460","b":"house","lv":null,"n":null}},
{"type":"Feature","geometry":{"type":"Polygon","coordinates":[[[-122.292605,37.863568],[-122.292611,37.863588],[-122.292456,37.863616],[-122.292449,37.863592],[-122.292409,37.863599],[-122.292396,37.863555],[-122.292436,37.863548],[-122.292433,37.863538],[-122.292588,37.86351],[-122.292599,37.86355],[-122.292649,37.863541],[-122.292654,37.863559],[-122.292605,37.863568]]]},"properties":{"id":"w824217462","b":"apartments","lv":null,"n":null}},
{"type":"Feature","geometry":{"type":"Polygon","coordinates":[[[-122.292273,37.863512],[-122.292253,37.863447],[-122.29246,37.863406],[-122.292469,37.863434],[-122.292509,37.863426],[-122.29252,37.863463],[-122.292273,37.863512]]]},"properties":{"id":"w824217463","b":"house","lv":null,"n":null}},
{"type":"Feature","geometry":{"type":"Polygon","coordinates":[[[-122.29265,37.864135],[-122.292637,37.864093],[-122.292714,37.864078],[-122.29269,37.864],[-122.292675,37.864003],[-122.292661,37.863958],[-122.29264,37.863962],[-122.292632,37.863937],[-122.292591,37.863945],[-122.292575,37.863893],[-122.292645,37.86388],[-122.29266,37.863929],[-122.292755,37.863911],[-122.292815,37.864103],[-122.29265,37.864135]]]},"properties":{"id":"w824217465","b":"terrace","lv":null,"n":null}},
{"type":"Feature","geometry":{"type":"Polygon","coordinates":[[[-122.291056,37.864814],[-122.29103,37.864732],[-122.29101,37.864671],[-122.291113,37.864651],[-122.291132,37.864711],[-122.291159,37.864794],[-122.291056,37.864814]]]},"properties":{"id":"w824217466","b":"yes","lv":null,"n":null}},
{"type":"Feature","geometry":{"type":"Polygon","coordinates":[[[-122.292593,37.86367],[-122.29261,37.863724],[-122.292312,37.863782],[-122.292278,37.863673],[-122.292371,37.863655],[-122.292385,37.863701],[-122.292535,37.863671],[-122.292531,37.863657],[-122.292616,37.86364],[-122.292624,37.863664],[-122.292593,37.86367]]]},"properties":{"id":"w824217467","b":"apartments","lv":null,"n":null}},
{"type":"Feature","geometry":{"type":"Polygon","coordinates":[[[-122.292466,37.86415],[-122.292425,37.864021],[-122.292504,37.864006],[-122.292545,37.864134],[-122.292466,37.86415]]]},"properties":{"id":"w824217468","b":"yes","lv":null,"n":null}},
{"type":"Feature","geometry":{"type":"Polygon","coordinates":[[[-122.291358,37.86586],[-122.291356,37.865854],[-122.291288,37.865868],[-122.291268,37.865804],[-122.291485,37.865762],[-122.291507,37.865831],[-122.291358,37.86586]]]},"properties":{"id":"w824217469","b":"yes","lv":null,"n":null}},
{"type":"Feature","geometry":{"type":"Polygon","coordinates":[[[-122.291988,37.866127],[-122.29199,37.866136],[-122.291959,37.866141],[-122.291957,37.866133],[-122.291936,37.866137],[-122.291896,37.866003],[-122.292004,37.865983],[-122.292044,37.866117],[-122.291988,37.866127]]]},"properties":{"id":"w824217470","b":"yes","lv":null,"n":null}},
{"type":"Feature","geometry":{"type":"Polygon","coordinates":[[[-122.291495,37.865609],[-122.291518,37.865677],[-122.291417,37.865698],[-122.291438,37.865762],[-122.291266,37.865798],[-122.291239,37.865719],[-122.291267,37.865682],[-122.291296,37.865676],[-122.291287,37.865653],[-122.291495,37.865609]]]},"properties":{"id":"w824217472","b":"yes","lv":null,"n":null}},
{"type":"Feature","geometry":{"type":"Polygon","coordinates":[[[-122.292188,37.866102],[-122.292156,37.865988],[-122.292258,37.86597],[-122.292277,37.866036],[-122.292269,37.866037],[-122.292283,37.866086],[-122.292188,37.866102]]]},"properties":{"id":"w824217473","b":"house","lv":null,"n":null}},
{"type":"Feature","geometry":{"type":"Polygon","coordinates":[[[-122.292146,37.865964],[-122.292117,37.865873],[-122.29221,37.865855],[-122.292239,37.865946],[-122.292146,37.865964]]]},"properties":{"id":"w824217474","b":"house","lv":null,"n":null}},
{"type":"Feature","geometry":{"type":"Polygon","coordinates":[[[-122.292127,37.86614],[-122.292107,37.866071],[-122.292066,37.866078],[-122.29206,37.866057],[-122.292048,37.866059],[-122.292041,37.866034],[-122.292052,37.866032],[-122.292033,37.865967],[-122.292056,37.865963],[-122.292043,37.865916],[-122.292109,37.865904],[-122.292123,37.865951],[-122.292131,37.86595],[-122.292184,37.866129],[-122.292127,37.86614]]]},"properties":{"id":"w824217475","b":"yes","lv":null,"n":null}},
{"type":"Feature","geometry":{"type":"Polygon","coordinates":[[[-122.29192,37.865655],[-122.291895,37.865578],[-122.292002,37.865557],[-122.291998,37.865544],[-122.292053,37.865533],[-122.292058,37.865546],[-122.29211,37.865536],[-122.292135,37.865612],[-122.29192,37.865655]]]},"properties":{"id":"w824217476","b":"house","lv":null,"n":null}},
{"type":"Feature","geometry":{"type":"Polygon","coordinates":[[[-122.291944,37.865541],[-122.29192,37.865458],[-122.292031,37.865438],[-122.292055,37.865521],[-122.291944,37.865541]]]},"properties":{"id":"w824217477","b":"house","lv":null,"n":null}},
{"type":"Feature","geometry":{"type":"Polygon","coordinates":[[[-122.291996,37.865861],[-122.291969,37.865775],[-122.292153,37.865738],[-122.292181,37.865824],[-122.291996,37.865861]]]},"properties":{"id":"w824217478","b":"house","lv":null,"n":null}},
{"type":"Feature","geometry":{"type":"Polygon","coordinates":[[[-122.291799,37.865348],[-122.291801,37.865354],[-122.291744,37.865364],[-122.291735,37.865329],[-122.291749,37.865327],[-122.291741,37.865299],[-122.291989,37.865255],[-122.291993,37.86527],[-122.292013,37.865266],[-122.292025,37.865308],[-122.291799,37.865348]]]},"properties":{"id":"w824217481","b":"house","lv":null,"n":null}},
{"type":"Feature","geometry":{"type":"Polygon","coordinates":[[[-122.291986,37.865339],[-122.291981,37.865323],[-122.292036,37.865313],[-122.29204,37.865329],[-122.291986,37.865339]]]},"properties":{"id":"w824217482","b":"yes","lv":null,"n":null}},
{"type":"Feature","geometry":{"type":"Polygon","coordinates":[[[-122.292001,37.865406],[-122.292005,37.865421],[-122.291894,37.865442],[-122.291869,37.865362],[-122.292036,37.86533],[-122.292055,37.865396],[-122.292001,37.865406]]]},"properties":{"id":"w824217483","b":"house","lv":null,"n":null}},
{"type":"Feature","geometry":{"type":"Polygon","coordinates":[[[-122.291996,37.865202],[-122.291998,37.865211],[-122.291726,37.865263],[-122.291708,37.865205],[-122.291795,37.865188],[-122.291789,37.865169],[-122.291974,37.865133],[-122.29199,37.865185],[-122.292018,37.865179],[-122.292024,37.865197],[-122.291996,37.865202]]]},"properties":{"id":"w824217484","b":"house","lv":null,"n":null}},
{"type":"Feature","geometry":{"type":"Polygon","coordinates":[[[-122.291347,37.864752],[-122.291343,37.864737],[-122.291294,37.864746],[-122.291262,37.864633],[-122.291345,37.864618],[-122.291381,37.864747],[-122.291347,37.864752]]]},"properties":{"id":"w824217486","b":"yes","lv":null,"n":null}},
{"type":"Feature","geometry":{"type":"Polygon","coordinates":[[[-122.291489,37.864686],[-122.291482,37.864668],[-122.291476,37.864669],[-122.291448,37.864587],[-122.291536,37.864569],[-122.29157,37.864669],[-122.291489,37.864686]]]},"properties":{"id":"w824217487","b":"yes","lv":null,"n":null}},
{"type":"Feature","geometry":{"type":"Polygon","coordinates":[[[-122.291822,37.865138],[-122.291795,37.865055],[-122.291929,37.865028],[-122.291955,37.865112],[-122.291822,37.865138]]]},"properties":{"id":"w824217489","b":"house","lv":null,"n":null}},
{"type":"Feature","geometry":{"type":"Polygon","coordinates":[[[-122.291822,37.864771],[-122.291801,37.864702],[-122.291754,37.864712],[-122.291715,37.864589],[-122.29169,37.864511],[-122.291778,37.864493],[-122.291808,37.864488],[-122.291892,37.864757],[-122.291822,37.864771]]]},"properties":{"id":"w824217490","b":"terrace","lv":null,"n":null}},
{"type":"Feature","geometry":{"type":"Polygon","coordinates":[[[-122.292558,37.866046],[-122.292534,37.865967],[-122.292701,37.865936],[-122.292725,37.866015],[-122.292558,37.866046]]]},"properties":{"id":"w824217491","b":"detached","lv":null,"n":null}},
{"type":"Feature","geometry":{"type":"Polygon","coordinates":[[[-122.291685,37.864902],[-122.291668,37.864845],[-122.291842,37.864811],[-122.29186,37.864869],[-122.291685,37.864902]]]},"properties":{"id":"w824217493","b":"house","lv":null,"n":null}},
{"type":"Feature","geometry":{"type":"Polygon","coordinates":[[[-122.292564,37.865752],[-122.292567,37.865762],[-122.292477,37.865779],[-122.292454,37.865706],[-122.29247,37.865703],[-122.292467,37.865693],[-122.292556,37.865676],[-122.292579,37.865749],[-122.292564,37.865752]]]},"properties":{"id":"w824217494","b":"detached","lv":null,"n":null}},
{"type":"Feature","geometry":{"type":"Polygon","coordinates":[[[-122.292532,37.865941],[-122.292508,37.865861],[-122.292663,37.865831],[-122.292687,37.865911],[-122.292532,37.865941]]]},"properties":{"id":"w824217495","b":"detached","lv":null,"n":null}},
{"type":"Feature","geometry":{"type":"Polygon","coordinates":[[[-122.292488,37.865858],[-122.292473,37.86581],[-122.292482,37.865808],[-122.292477,37.865792],[-122.292599,37.865768],[-122.292602,37.865778],[-122.292625,37.865773],[-122.292643,37.865828],[-122.292488,37.865858]]]},"properties":{"id":"w824217496","b":"detached","lv":null,"n":null}},
{"type":"Feature","geometry":{"type":"Polygon","coordinates":[[[-122.292563,37.865412],[-122.29239,37.865446],[-122.29236,37.865352],[-122.292533,37.865317],[-122.292563,37.865412]]]},"properties":{"id":"w824217498","b":"detached","lv":null,"n":null}},
{"type":"Feature","geometry":{"type":"Polygon","coordinates":[[[-122.292386,37.865332],[-122.292365,37.86526],[-122.29247,37.865241],[-122.292491,37.865313],[-122.292386,37.865332]]]},"properties":{"id":"w824217499","b":"detached","lv":null,"n":null}},
{"type":"Feature","geometry":{"type":"Polygon","coordinates":[[[-122.292589,37.86551],[-122.292593,37.865522],[-122.292425,37.865556],[-122.292415,37.865524],[-122.292408,37.865526],[-122.292405,37.865517],[-122.292412,37.865515],[-122.292402,37.865484],[-122.292571,37.865451],[-122.292579,37.865478],[-122.29259,37.865476],[-122.2926,37.865508],[-122.292589,37.86551]]]},"properties":{"id":"w824217500","b":"detached","lv":null,"n":null}},
{"type":"Feature","geometry":{"type":"Polygon","coordinates":[[[-122.292315,37.864951],[-122.292312,37.864941],[-122.292226,37.864956],[-122.2922,37.864866],[-122.292218,37.864863],[-122.292215,37.864853],[-122.292334,37.864831],[-122.292347,37.864875],[-122.292299,37.864884],[-122.292301,37.86489],[-122.29237,37.864878],[-122.292387,37.864938],[-122.292315,37.864951]]]},"properties":{"id":"w824217501","b":"detached","lv":null,"n":null}},
{"type":"Feature","geometry":{"type":"Polygon","coordinates":[[[-122.292419,37.865172],[-122.292418,37.865166],[-122.292307,37.865187],[-122.292287,37.865123],[-122.292422,37.865096],[-122.292444,37.865167],[-122.292419,37.865172]]]},"properties":{"id":"w824217503","b":"yes","lv":null,"n":null}},
{"type":"Feature","geometry":{"type":"Polygon","coordinates":[[[-122.292269,37.865098],[-122.292249,37.865029],[-122.292385,37.865004],[-122.292405,37.865073],[-122.292269,37.865098]]]},"properties":{"id":"w824217504","b":"detached","lv":null,"n":null}},
{"type":"Feature","geometry":{"type":"Polygon","coordinates":[[[-122.292166,37.864574],[-122.292171,37.864588],[-122.29208,37.864606],[-122.292073,37.864586],[-122.292064,37.864556],[-122.292051,37.864513],[-122.292042,37.864486],[-122.292036,37.864464],[-122.292127,37.864447],[-122.292164,37.864565],[-122.292172,37.864563],[-122.292175,37.864573],[-122.292166,37.864574]]]},"properties":{"id":"w824217505","b":"house","lv":null,"n":null}},
{"type":"Feature","geometry":{"type":"Polygon","coordinates":[[[-122.292197,37.864519],[-122.292175,37.864447],[-122.292353,37.864415],[-122.292374,37.864487],[-122.292197,37.864519]]]},"properties":{"id":"w824217506","b":"yes","lv":null,"n":null}},
{"type":"Feature","geometry":{"type":"Polygon","coordinates":[[[-122.292162,37.864777],[-122.292148,37.864734],[-122.292241,37.864714],[-122.292237,37.864702],[-122.29236,37.864676],[-122.292379,37.864732],[-122.292162,37.864777]]]},"properties":{"id":"w824217507","b":"detached","lv":null,"n":null}},
{"type":"Feature","geometry":{"type":"Polygon","coordinates":[[[-122.292104,37.864698],[-122.292082,37.864622],[-122.292176,37.864605],[-122.292198,37.864681],[-122.292104,37.864698]]]},"properties":{"id":"w824217508","b":"house","lv":null,"n":null}},
{"type":"Feature","geometry":{"type":"Polygon","coordinates":[[[-122.292877,37.864358],[-122.292886,37.864384],[-122.292744,37.864413],[-122.292741,37.864403],[-122.292722,37.864407],[-122.292727,37.864421],[-122.292707,37.864425],[-122.292682,37.864348],[-122.29281,37.864322],[-122.292804,37.864304],[-122.292856,37.864294],[-122.292867,37.864328],[-122.29289,37.864323],[-122.2929,37.864353],[-122.292877,37.864358]]]},"properties":{"id":"w824217509","b":"detached","lv":null,"n":null}},
{"type":"Feature","geometry":{"type":"Polygon","coordinates":[[[-122.292818,37.864704],[-122.292816,37.864697],[-122.292616,37.864734],[-122.292588,37.864641],[-122.292787,37.864604],[-122.292782,37.864588],[-122.292865,37.864572],[-122.292899,37.864689],[-122.292818,37.864704]]]},"properties":{"id":"w824217510","b":"apartments","lv":null,"n":null}},
{"type":"Feature","geometry":{"type":"Polygon","coordinates":[[[-122.292433,37.864539],[-122.292389,37.864402],[-122.29248,37.864384],[-122.292495,37.864429],[-122.292515,37.864425],[-122.292526,37.864458],[-122.292507,37.864462],[-122.292525,37.864521],[-122.292433,37.864539]]]},"properties":{"id":"w824217511","b":"yes","lv":null,"n":null}},
{"type":"Feature","geometry":{"type":"Polygon","coordinates":[[[-122.292639,37.864432],[-122.292658,37.864493],[-122.292565,37.86451],[-122.292524,37.864374],[-122.292616,37.864357],[-122.29263,37.864401],[-122.29265,37.864397],[-122.292659,37.864428],[-122.292639,37.864432]]]},"properties":{"id":"w824217512","b":"yes","lv":null,"n":null}},
{"type":"Feature","geometry":{"type":"Polygon","coordinates":[[[-122.292845,37.864949],[-122.292822,37.864875],[-122.293012,37.864838],[-122.293035,37.864912],[-122.292845,37.864949]]]},"properties":{"id":"w824217513","b":"house","lv":null,"n":null}},
{"type":"Feature","geometry":{"type":"Polygon","coordinates":[[[-122.29282,37.864837],[-122.292808,37.864797],[-122.292836,37.864792],[-122.292826,37.864756],[-122.292893,37.864744],[-122.292882,37.864703],[-122.29299,37.864684],[-122.293023,37.864802],[-122.29282,37.864837]]]},"properties":{"id":"w824217515","b":"house","lv":null,"n":null}},
{"type":"Feature","geometry":{"type":"Polygon","coordinates":[[[-122.293088,37.865071],[-122.292938,37.8651],[-122.29294,37.865106],[-122.292808,37.865132],[-122.292791,37.865076],[-122.292917,37.865052],[-122.292909,37.865025],[-122.293064,37.864994],[-122.293088,37.865071]]]},"properties":{"id":"w824217517","b":"house","lv":null,"n":null}},
{"type":"Feature","geometry":{"type":"Polygon","coordinates":[[[-122.293127,37.865288],[-122.293131,37.865301],[-122.293093,37.865309],[-122.293088,37.865295],[-122.293016,37.86531],[-122.293001,37.865263],[-122.292973,37.865269],[-122.292967,37.865249],[-122.292994,37.865243],[-122.292993,37.865237],[-122.293132,37.865209],[-122.293155,37.865282],[-122.293127,37.865288]]]},"properties":{"id":"w824217521","b":"house","lv":null,"n":null}},
{"type":"Feature","geometry":{"type":"Polygon","coordinates":[[[-122.292979,37.865214],[-122.292969,37.865179],[-122.29298,37.865178],[-122.292968,37.865136],[-122.292988,37.865132],[-122.292987,37.865127],[-122.293097,37.865107],[-122.293121,37.865188],[-122.292979,37.865214]]]},"properties":{"id":"w824217525","b":"house","lv":null,"n":null}},
{"type":"Feature","geometry":{"type":"Polygon","coordinates":[[[-122.293071,37.865519],[-122.293047,37.865442],[-122.293202,37.865412],[-122.293226,37.865489],[-122.293071,37.865519]]]},"properties":{"id":"w824217528","b":"house","lv":null,"n":null}},
{"type":"Feature","geometry":{"type":"Polygon","coordinates":[[[-122.292965,37.865924],[-122.292931,37.86582],[-122.29301,37.865804],[-122.293044,37.865908],[-122.292965,37.865924]]]},"properties":{"id":"w824217530","b":"house","lv":null,"n":null}},
{"type":"Feature","geometry":{"type":"Polygon","coordinates":[[[-122.292798,37.865962],[-122.292787,37.865919],[-122.292832,37.865912],[-122.292843,37.865955],[-122.292798,37.865962]]]},"properties":{"id":"w824217533","b":"garage","lv":null,"n":null}},
{"type":"Feature","geometry":{"type":"Polygon","coordinates":[[[-122.292915,37.86593],[-122.292849,37.865944],[-122.292814,37.86584],[-122.29288,37.865826],[-122.292915,37.86593]]]},"properties":{"id":"w824217534","b":"house","lv":null,"n":null}},
{"type":"Feature","geometry":{"type":"Polygon","coordinates":[[[-122.291882,37.865006],[-122.291789,37.865025],[-122.291791,37.865032],[-122.291733,37.865044],[-122.291712,37.864982],[-122.291742,37.864975],[-122.291734,37.864951],[-122.291876,37.864922],[-122.291893,37.864973],[-122.291872,37.864977],[-122.291882,37.865006]]]},"properties":{"id":"w824217535","b":"house","lv":null,"n":null}},
{"type":"Feature","geometry":{"type":"Polygon","coordinates":[[[-122.293244,37.865714],[-122.293248,37.865726],[-122.293177,37.865739],[-122.29315,37.865653],[-122.293295,37.865625],[-122.293318,37.865699],[-122.293244,37.865714]]]},"properties":{"id":"w824217536","b":"apartments","lv":null,"n":null}},
{"type":"Feature","geometry":{"type":"Polygon","coordinates":[[[-122.293353,37.865848],[-122.293356,37.86586],[-122.293309,37.865869],[-122.293264,37.865722],[-122.29331,37.865713],[-122.293314,37.865727],[-122.293355,37.865719],[-122.293391,37.865841],[-122.293353,37.865848]]]},"properties":{"id":"w824217537","b":"apartments","lv":null,"n":null}},
{"type":"Feature","geometry":{"type":"Polygon","coordinates":[[[-122.293087,37.865646],[-122.293061,37.865558],[-122.293169,37.865538],[-122.293179,37.865571],[-122.293228,37.865562],[-122.293244,37.865617],[-122.293087,37.865646]]]},"properties":{"id":"w824217538","b":"apartments","lv":null,"n":null}},
{"type":"Feature","geometry":{"type":"Polygon","coordinates":[[[-122.293152,37.865869],[-122.293154,37.865874],[-122.293098,37.865886],[-122.293052,37.865749],[-122.293069,37.865746],[-122.293054,37.865703],[-122.293139,37.865685],[-122.293198,37.86586],[-122.293152,37.865869]]]},"properties":{"id":"w824217539","b":"house","lv":null,"n":null}},
{"type":"Feature","geometry":{"type":"Polygon","coordinates":[[[-122.293205,37.865809],[-122.293199,37.865792],[-122.293236,37.865784],[-122.293241,37.865802],[-122.293205,37.865809]]]},"properties":{"id":"w824217541","b":"shed","lv":null,"n":null}},
{"type":"Feature","geometry":{"type":"Polygon","coordinates":[[[-122.291136,37.865367],[-122.291326,37.865331],[-122.291341,37.865379],[-122.291291,37.865389],[-122.291298,37.865411],[-122.291252,37.86542],[-122.291254,37.865427],[-122.29122,37.865434],[-122.291218,37.865426],[-122.291158,37.865438],[-122.291136,37.865367]]]},"properties":{"id":"w824217542","b":"yes","lv":null,"n":"Quince Cafe & Grill"}},
{"type":"Feature","geometry":{"type":"Polygon","coordinates":[[[-122.292726,37.861967],[-122.292498,37.862014],[-122.292464,37.861913],[-122.292693,37.861866],[-122.292726,37.861967]]]},"properties":{"id":"w824217544","b":"yes","lv":null,"n":null}},
{"type":"Feature","geometry":{"type":"Polygon","coordinates":[[[-122.29219,37.863194],[-122.29217,37.863128],[-122.292452,37.863073],[-122.292473,37.863139],[-122.29219,37.863194]]]},"properties":{"id":"w824217554","b":"terrace","lv":null,"n":null}},
{"type":"Feature","geometry":{"type":"Polygon","coordinates":[[[-122.283789,37.858097],[-122.283799,37.858096],[-122.283805,37.858125],[-122.283696,37.858139],[-122.283661,37.857969],[-122.28376,37.857957],[-122.283789,37.858097]]]},"properties":{"id":"w824298405","b":"yes","lv":null,"n":null}},
{"type":"Feature","geometry":{"type":"Polygon","coordinates":[[[-122.282063,37.858355],[-122.282066,37.85837],[-122.282019,37.858376],[-122.281992,37.858251],[-122.28208,37.858239],[-122.282104,37.858349],[-122.282063,37.858355]]]},"properties":{"id":"w824298423","b":"yes","lv":null,"n":null}},
{"type":"Feature","geometry":{"type":"Polygon","coordinates":[[[-122.28194,37.858369],[-122.281944,37.858391],[-122.281904,37.858396],[-122.281873,37.858246],[-122.281962,37.858234],[-122.281989,37.858363],[-122.28194,37.858369]]]},"properties":{"id":"w824298425","b":"yes","lv":null,"n":null}},
{"type":"Feature","geometry":{"type":"Polygon","coordinates":[[[-122.280375,37.858607],[-122.280309,37.858318],[-122.280418,37.858302],[-122.280484,37.858591],[-122.280375,37.858607]]]},"properties":{"id":"w824298429","b":"yes","lv":null,"n":null}},
{"type":"Feature","geometry":{"type":"Polygon","coordinates":[[[-122.281834,37.858388],[-122.281838,37.858401],[-122.28179,37.858408],[-122.281759,37.858283],[-122.281791,37.858278],[-122.281789,37.85827],[-122.2818,37.858269],[-122.281788,37.858223],[-122.281836,37.858215],[-122.281878,37.858381],[-122.281834,37.858388]]]},"properties":{"id":"w824298432","b":"yes","lv":null,"n":null}},
{"type":"Feature","geometry":{"type":"Polygon","coordinates":[[[-122.28223,37.858183],[-122.282223,37.858155],[-122.282267,37.858148],[-122.282274,37.858176],[-122.28223,37.858183]]]},"properties":{"id":"w824298434","b":"yes","lv":null,"n":null}},
{"type":"Feature","geometry":{"type":"Polygon","coordinates":[[[-122.281197,37.858475],[-122.281171,37.858367],[-122.281247,37.858355],[-122.281273,37.858464],[-122.281197,37.858475]]]},"properties":{"id":"w824298436","b":"yes","lv":null,"n":null}},
{"type":"Feature","geometry":{"type":"Polygon","coordinates":[[[-122.281451,37.858396],[-122.281459,37.858429],[-122.281436,37.858432],[-122.281439,37.858446],[-122.281422,37.858448],[-122.281424,37.858454],[-122.281384,37.85846],[-122.281357,37.858342],[-122.281462,37.858327],[-122.281477,37.858392],[-122.281451,37.858396]]]},"properties":{"id":"w824298438","b":"yes","lv":null,"n":null}},
{"type":"Feature","geometry":{"type":"Polygon","coordinates":[[[-122.280355,37.857965],[-122.280339,37.8579],[-122.280423,37.857887],[-122.28044,37.857952],[-122.280355,37.857965]]]},"properties":{"id":"w824298440","b":"yes","lv":null,"n":null}},
{"type":"Feature","geometry":{"type":"Polygon","coordinates":[[[-122.281111,37.85848],[-122.281086,37.858367],[-122.281152,37.858358],[-122.281157,37.85838],[-122.281169,37.858378],[-122.28119,37.858469],[-122.281111,37.85848]]]},"properties":{"id":"w824298443","b":"yes","lv":null,"n":null}},
{"type":"Feature","geometry":{"type":"Polygon","coordinates":[[[-122.280901,37.858512],[-122.280872,37.858385],[-122.280946,37.858374],[-122.280974,37.858502],[-122.280901,37.858512]]]},"properties":{"id":"w824298446","b":"yes","lv":null,"n":null}},
{"type":"Feature","geometry":{"type":"Polygon","coordinates":[[[-122.281286,37.858478],[-122.281254,37.858334],[-122.281325,37.858325],[-122.281357,37.858468],[-122.281286,37.858478]]]},"properties":{"id":"w824298448","b":"yes","lv":null,"n":null}},
{"type":"Feature","geometry":{"type":"Polygon","coordinates":[[[-122.28105,37.858474],[-122.281053,37.858485],[-122.281032,37.858488],[-122.281034,37.858496],[-122.280995,37.858501],[-122.280966,37.858369],[-122.281059,37.858356],[-122.281084,37.858469],[-122.28105,37.858474]]]},"properties":{"id":"w824298450","b":"yes","lv":null,"n":null}},
{"type":"Feature","geometry":{"type":"Polygon","coordinates":[[[-122.280341,37.858226],[-122.280336,37.858204],[-122.28031,37.858207],[-122.280288,37.858101],[-122.28037,37.858091],[-122.280386,37.858164],[-122.280437,37.858157],[-122.280449,37.858212],[-122.280341,37.858226]]]},"properties":{"id":"w824298452","b":"yes","lv":null,"n":null}},
{"type":"Feature","geometry":{"type":"Polygon","coordinates":[[[-122.280733,37.858531],[-122.280701,37.858381],[-122.280795,37.858368],[-122.280827,37.858519],[-122.280733,37.858531]]]},"properties":{"id":"w824298456","b":"yes","lv":null,"n":null}},
{"type":"Feature","geometry":{"type":"Polygon","coordinates":[[[-122.280597,37.858472],[-122.280548,37.858252],[-122.280653,37.858237],[-122.280703,37.858458],[-122.280597,37.858472]]]},"properties":{"id":"w824298458","b":"yes","lv":null,"n":null}},
{"type":"Feature","geometry":{"type":"Polygon","coordinates":[[[-122.280336,37.858304],[-122.280324,37.858243],[-122.280401,37.858233],[-122.280414,37.858294],[-122.280336,37.858304]]]},"properties":{"id":"w824298466","b":"yes","lv":null,"n":null}},
{"type":"Feature","geometry":{"type":"Polygon","coordinates":[[[-122.282002,37.85792],[-122.282005,37.857931],[-122.281969,37.857935],[-122.281939,37.85779],[-122.281985,37.857783],[-122.281984,37.857776],[-122.282029,37.85777],[-122.282059,37.857912],[-122.282002,37.85792]]]},"properties":{"id":"w824298469","b":"yes","lv":null,"n":null}},
{"type":"Feature","geometry":{"type":"Polygon","coordinates":[[[-122.281514,37.858035],[-122.281506,37.858006],[-122.281497,37.858007],[-122.281488,37.857976],[-122.281476,37.857978],[-122.281466,37.857944],[-122.281479,37.857942],[-122.281455,37.857855],[-122.281538,37.857841],[-122.281588,37.858023],[-122.281514,37.858035]]]},"properties":{"id":"w824298471","b":"yes","lv":null,"n":null}},
{"type":"Feature","geometry":{"type":"Polygon","coordinates":[[[-122.282086,37.857906],[-122.28206,37.857777],[-122.282154,37.857765],[-122.28218,37.857894],[-122.282086,37.857906]]]},"properties":{"id":"w824298473","b":"yes","lv":null,"n":null}},
{"type":"Feature","geometry":{"type":"Polygon","coordinates":[[[-122.281596,37.857985],[-122.281564,37.857838],[-122.281666,37.857824],[-122.281698,37.857972],[-122.281596,37.857985]]]},"properties":{"id":"w824298475","b":"yes","lv":null,"n":null}},
{"type":"Feature","geometry":{"type":"Polygon","coordinates":[[[-122.28186,37.857966],[-122.281824,37.857806],[-122.281924,37.857792],[-122.281959,37.857953],[-122.28186,37.857966]]]},"properties":{"id":"w824298479","b":"yes","lv":null,"n":null}},
{"type":"Feature","geometry":{"type":"Polygon","coordinates":[[[-122.281731,37.857963],[-122.281702,37.857819],[-122.281809,37.857806],[-122.281832,37.857924],[-122.281781,37.857931],[-122.281786,37.857956],[-122.281731,37.857963]]]},"properties":{"id":"w824298481","b":"yes","lv":null,"n":null}},
{"type":"Feature","geometry":{"type":"Polygon","coordinates":[[[-122.282233,37.85784],[-122.282239,37.857862],[-122.282196,37.857869],[-122.282188,37.857835],[-122.282205,37.857832],[-122.282201,37.857818],[-122.282187,37.85782],[-122.282182,37.857799],[-122.282198,37.857796],[-122.28219,37.857763],[-122.282235,37.857756],[-122.282233,37.85775],[-122.282261,37.857745],[-122.282275,37.857803],[-122.282291,37.857801],[-122.282299,37.85783],[-122.282233,37.85784]]]},"properties":{"id":"w824298485","b":"yes","lv":null,"n":null}},
{"type":"Feature","geometry":{"type":"Polygon","coordinates":[[[-122.28215,37.858004],[-122.282137,37.857951],[-122.282203,37.857942],[-122.282215,37.857994],[-122.28215,37.858004]]]},"properties":{"id":"w824298489","b":"yes","lv":null,"n":null}},
{"type":"Feature","geometry":{"type":"Polygon","coordinates":[[[-122.282151,37.858344],[-122.282126,37.858228],[-122.282162,37.858223],[-122.282157,37.858197],[-122.282216,37.858189],[-122.282246,37.858331],[-122.282151,37.858344]]]},"properties":{"id":"w824298491","b":"yes","lv":null,"n":null}},
{"type":"Feature","geometry":{"type":"Polygon","coordinates":[[[-122.282257,37.857985],[-122.282235,37.857876],[-122.2823,37.857868],[-122.282307,37.8579],[-122.282293,37.857902],[-122.282302,37.857947],[-122.282313,37.857946],[-122.282319,37.857977],[-122.282257,37.857985]]]},"properties":{"id":"w824298493","b":"yes","lv":null,"n":null}},
{"type":"Feature","geometry":{"type":"Polygon","coordinates":[[[-122.282273,37.858337],[-122.282246,37.858206],[-122.282325,37.858196],[-122.282352,37.858327],[-122.282273,37.858337]]]},"properties":{"id":"w824298508","b":"yes","lv":null,"n":null}},
{"type":"Feature","geometry":{"type":"Polygon","coordinates":[[[-122.286698,37.8576],[-122.286683,37.857524],[-122.286844,37.857504],[-122.286859,37.85758],[-122.286698,37.8576]]]},"properties":{"id":"w824298512","b":"yes","lv":null,"n":null}},
{"type":"Feature","geometry":{"type":"Polygon","coordinates":[[[-122.286858,37.857724],[-122.286865,37.857762],[-122.286736,37.857776],[-122.286722,37.857698],[-122.286897,37.857679],[-122.286904,37.857719],[-122.286858,37.857724]]]},"properties":{"id":"w824298513","b":"yes","lv":null,"n":null}},
{"type":"Feature","geometry":{"type":"Polygon","coordinates":[[[-122.286726,37.857691],[-122.286711,37.85762],[-122.28682,37.857606],[-122.286835,37.857676],[-122.286726,37.857691]]]},"properties":{"id":"w824298514","b":"yes","lv":null,"n":null}},
{"type":"Feature","geometry":{"type":"Polygon","coordinates":[[[-122.287407,37.857662],[-122.287385,37.857545],[-122.28742,37.857541],[-122.287418,37.857527],[-122.28745,37.857523],[-122.287453,37.857536],[-122.287487,37.857532],[-122.287509,37.857651],[-122.287407,37.857662]]]},"properties":{"id":"w824298515","b":"yes","lv":null,"n":null}},
{"type":"Feature","geometry":{"type":"Polygon","coordinates":[[[-122.287318,37.857668],[-122.287316,37.857655],[-122.287263,37.857662],[-122.287233,37.857512],[-122.287296,37.857504],[-122.287299,37.857515],[-122.287342,37.85751],[-122.287372,37.857662],[-122.287318,37.857668]]]},"properties":{"id":"w824298517","b":"yes","lv":null,"n":null}},
{"type":"Feature","geometry":{"type":"Polygon","coordinates":[[[-122.280905,37.857971],[-122.280878,37.857831],[-122.28097,37.85782],[-122.280997,37.85796],[-122.280905,37.857971]]]},"properties":{"id":"w824298520","b":"yes","lv":null,"n":null}},
{"type":"Feature","geometry":{"type":"Polygon","coordinates":[[[-122.283781,37.857693],[-122.283783,37.857701],[-122.283769,37.857702],[-122.283767,37.857696],[-122.283727,37.857701],[-122.283697,37.857552],[-122.283729,37.857548],[-122.283732,37.857563],[-122.283784,37.857556],[-122.283811,37.857689],[-122.283781,37.857693]]]},"properties":{"id":"w824298525","b":"yes","lv":null,"n":null}},
{"type":"Feature","geometry":{"type":"Polygon","coordinates":[[[-122.281102,37.857971],[-122.281108,37.857993],[-122.281052,37.858002],[-122.281002,37.857818],[-122.28109,37.857805],[-122.281133,37.857966],[-122.281102,37.857971]]]},"properties":{"id":"w824298527","b":"yes","lv":null,"n":null}},
{"type":"Feature","geometry":{"type":"Polygon","coordinates":[[[-122.280483,37.858051],[-122.28045,37.857905],[-122.280527,37.857893],[-122.280561,37.85804],[-122.280483,37.858051]]]},"properties":{"id":"w824298530","b":"yes","lv":null,"n":null}},
{"type":"Feature","geometry":{"type":"Polygon","coordinates":[[[-122.280719,37.858008],[-122.280732,37.85807],[-122.280619,37.858085],[-122.280601,37.858005],[-122.280615,37.858003],[-122.280586,37.857869],[-122.280706,37.857853],[-122.28074,37.858005],[-122.280719,37.858008]]]},"properties":{"id":"w824298533","b":"yes","lv":null,"n":null}},
{"type":"Feature","geometry":{"type":"Polygon","coordinates":[[[-122.280278,37.858039],[-122.280256,37.857934],[-122.280296,37.857928],[-122.280291,37.857905],[-122.280321,37.857901],[-122.280326,37.857924],[-122.280338,37.857923],[-122.28036,37.858028],[-122.280278,37.858039]]]},"properties":{"id":"w824298536","b":"yes","lv":null,"n":null}},
{"type":"Feature","geometry":{"type":"Polygon","coordinates":[[[-122.28085,37.857973],[-122.280852,37.857985],[-122.280819,37.85799],[-122.280821,37.858001],[-122.280807,37.858003],[-122.280813,37.858025],[-122.28077,37.858032],[-122.280738,37.857893],[-122.280838,37.857878],[-122.280859,37.857971],[-122.28085,37.857973]]]},"properties":{"id":"w824298541","b":"yes","lv":null,"n":null}},
{"type":"Feature","geometry":{"type":"Polygon","coordinates":[[[-122.284014,37.858112],[-122.284011,37.858097],[-122.28397,37.858102],[-122.283944,37.857971],[-122.284,37.857964],[-122.284005,37.857987],[-122.284045,37.857982],[-122.28407,37.858105],[-122.284014,37.858112]]]},"properties":{"id":"w824298550","b":"yes","lv":null,"n":null}},
{"type":"Feature","geometry":{"type":"Polygon","coordinates":[[[-122.284345,37.858071],[-122.284298,37.858077],[-122.284296,37.858066],[-122.284245,37.858072],[-122.284209,37.85789],[-122.284263,37.857884],[-122.284274,37.857935],[-122.284317,37.85793],[-122.284345,37.858071]]]},"properties":{"id":"w824298552","b":"yes","lv":null,"n":null}},
{"type":"Feature","geometry":{"type":"Polygon","coordinates":[[[-122.283418,37.858176],[-122.283411,37.858147],[-122.28342,37.858146],[-122.283397,37.858047],[-122.283499,37.858032],[-122.283529,37.85816],[-122.283418,37.858176]]]},"properties":{"id":"w824298553","b":"yes","lv":null,"n":null}},
{"type":"Feature","geometry":{"type":"Polygon","coordinates":[[[-122.283561,37.858164],[-122.283535,37.85805],[-122.283588,37.858042],[-122.28358,37.858006],[-122.28363,37.857999],[-122.283664,37.85815],[-122.283561,37.858164]]]},"properties":{"id":"w824298554","b":"yes","lv":null,"n":null}},
{"type":"Feature","geometry":{"type":"Polygon","coordinates":[[[-122.28315,37.85821],[-122.283117,37.858061],[-122.283125,37.85806],[-122.283118,37.858026],[-122.283166,37.85802],[-122.283176,37.858065],[-122.283221,37.858058],[-122.283252,37.858196],[-122.28315,37.85821]]]},"properties":{"id":"w824298555","b":"yes","lv":null,"n":null}},
{"type":"Feature","geometry":{"type":"Polygon","coordinates":[[[-122.283018,37.858228],[-122.282985,37.858073],[-122.283051,37.858065],[-122.283055,37.858081],[-122.283086,37.858076],[-122.283116,37.858215],[-122.283018,37.858228]]]},"properties":{"id":"w824298556","b":"yes","lv":null,"n":null}},
{"type":"Feature","geometry":{"type":"Polygon","coordinates":[[[-122.284158,37.858093],[-122.284155,37.85808],[-122.284109,37.858086],[-122.28409,37.857994],[-122.284128,37.857989],[-122.284123,37.857968],[-122.284164,37.857962],[-122.284169,37.857984],[-122.284185,37.857982],[-122.284207,37.858087],[-122.284158,37.858093]]]},"properties":{"id":"w824298558","b":"yes","lv":null,"n":null}},
{"type":"Feature","geometry":{"type":"Polygon","coordinates":[[[-122.28389,37.858111],[-122.283891,37.858118],[-122.283826,37.858125],[-122.28382,37.858093],[-122.283827,37.858092],[-122.283796,37.857917],[-122.283913,37.857904],[-122.283926,37.857982],[-122.28391,37.857983],[-122.283932,37.858107],[-122.28389,37.858111]]]},"properties":{"id":"w824298560","b":"yes","lv":null,"n":null}},
{"type":"Feature","geometry":{"type":"Polygon","coordinates":[[[-122.28339,37.858178],[-122.283281,37.858193],[-122.283275,37.858166],[-122.283285,37.858164],[-122.283259,37.85805],[-122.283358,37.858036],[-122.28339,37.858178]]]},"properties":{"id":"w824298562","b":"yes","lv":null,"n":null}},
{"type":"Feature","geometry":{"type":"Polygon","coordinates":[[[-122.284389,37.857803],[-122.28438,37.857762],[-122.28433,37.857768],[-122.284323,37.857733],[-122.284529,37.857706],[-122.284544,37.857783],[-122.284389,37.857803]]]},"properties":{"id":"w824298566","b":"yes","lv":null,"n":null}},
{"type":"Feature","geometry":{"type":"Polygon","coordinates":[[[-122.284801,37.85766],[-122.284789,37.857605],[-122.284852,37.857596],[-122.284864,37.857651],[-122.284801,37.85766]]]},"properties":{"id":"w824298567","b":"yes","lv":null,"n":null}},
{"type":"Feature","geometry":{"type":"Polygon","coordinates":[[[-122.284422,37.857989],[-122.284408,37.857923],[-122.28452,37.857908],[-122.284519,37.857901],[-122.284576,37.857894],[-122.284591,37.857965],[-122.284422,37.857989]]]},"properties":{"id":"w824298568","b":"yes","lv":null,"n":null}},
{"type":"Feature","geometry":{"type":"Polygon","coordinates":[[[-122.284457,37.857888],[-122.284452,37.857866],[-122.284427,37.857869],[-122.28442,37.857836],[-122.284446,37.857833],[-122.284442,37.857815],[-122.284575,37.857798],[-122.28459,37.857871],[-122.284457,37.857888]]]},"properties":{"id":"w824298570","b":"yes","lv":null,"n":null}},
{"type":"Feature","geometry":{"type":"Polygon","coordinates":[[[-122.284856,37.857935],[-122.284841,37.85786],[-122.285007,37.857839],[-122.285022,37.857914],[-122.284856,37.857935]]]},"properties":{"id":"w824298571","b":"yes","lv":null,"n":null}},
{"type":"Feature","geometry":{"type":"Polygon","coordinates":[[[-122.284877,37.858032],[-122.284859,37.85795],[-122.285018,37.857929],[-122.285036,37.858011],[-122.284877,37.858032]]]},"properties":{"id":"w824298572","b":"yes","lv":null,"n":null}},
{"type":"Feature","geometry":{"type":"Polygon","coordinates":[[[-122.284991,37.857724],[-122.284992,37.857728],[-122.28482,37.857752],[-122.284803,37.857675],[-122.284975,37.857651],[-122.284987,37.857703],[-122.284996,37.857701],[-122.285,37.857722],[-122.284991,37.857724]]]},"properties":{"id":"w824298575","b":"yes","lv":null,"n":null}},
{"type":"Feature","geometry":{"type":"Polygon","coordinates":[[[-122.284495,37.857693],[-122.284484,37.857643],[-122.284565,37.857633],[-122.284575,37.857683],[-122.284495,37.857693]]]},"properties":{"id":"w824298576","b":"yes","lv":null,"n":null}},
{"type":"Feature","geometry":{"type":"Polygon","coordinates":[[[-122.284832,37.857846],[-122.284815,37.857766],[-122.284982,37.857743],[-122.284999,37.857823],[-122.284832,37.857846]]]},"properties":{"id":"w824298577","b":"yes","lv":null,"n":null}},
{"type":"Feature","geometry":{"type":"Polygon","coordinates":[[[-122.285464,37.857906],[-122.285466,37.857915],[-122.28541,37.857921],[-122.285382,37.857779],[-122.285479,37.857767],[-122.285505,37.857901],[-122.285464,37.857906]]]},"properties":{"id":"w824298580","b":"yes","lv":null,"n":null}},
{"type":"Feature","geometry":{"type":"Polygon","coordinates":[[[-122.285582,37.857893],[-122.285584,37.857902],[-122.285545,37.857907],[-122.285518,37.857762],[-122.28557,37.857755],[-122.285568,37.857742],[-122.285596,37.857739],[-122.285599,37.857752],[-122.285618,37.85775],[-122.285643,37.857886],[-122.285582,37.857893]]]},"properties":{"id":"w824298581","b":"yes","lv":null,"n":null}},
{"type":"Feature","geometry":{"type":"Polygon","coordinates":[[[-122.285231,37.857944],[-122.285132,37.857955],[-122.285102,37.857785],[-122.285201,37.857774],[-122.285231,37.857944]]]},"properties":{"id":"w824298582","b":"yes","lv":null,"n":null}},
{"type":"Feature","geometry":{"type":"Polygon","coordinates":[[[-122.285325,37.857925],[-122.285327,37.857934],[-122.285273,37.857941],[-122.285246,37.857806],[-122.285238,37.857807],[-122.285227,37.857755],[-122.285291,37.857747],[-122.285298,37.857779],[-122.285336,37.857774],[-122.285366,37.85792],[-122.285325,37.857925]]]},"properties":{"id":"w824298584","b":"yes","lv":null,"n":null}},
{"type":"Feature","geometry":{"type":"Polygon","coordinates":[[[-122.283849,37.857691],[-122.283816,37.857537],[-122.283852,37.857532],[-122.283855,37.857547],[-122.283907,37.85754],[-122.283936,37.857679],[-122.283849,37.857691]]]},"properties":{"id":"w824298587","b":"yes","lv":null,"n":null}},
{"type":"Feature","geometry":{"type":"Polygon","coordinates":[[[-122.283708,37.857698],[-122.283713,37.857725],[-122.28367,37.857731],[-122.283665,37.857704],[-122.283616,37.857711],[-122.283588,37.857579],[-122.283652,37.85757],[-122.283655,37.857583],[-122.283691,37.857579],[-122.283716,37.857696],[-122.283708,37.857698]]]},"properties":{"id":"w824298594","b":"yes","lv":null,"n":null}},
{"type":"Feature","geometry":{"type":"Polygon","coordinates":[[[-122.283186,37.857837],[-122.283176,37.857788],[-122.283144,37.857792],[-122.283113,37.857638],[-122.283206,37.857626],[-122.283247,37.85783],[-122.283186,37.857837]]]},"properties":{"id":"w824298596","b":"yes","lv":null,"n":null}},
{"type":"Feature","geometry":{"type":"Polygon","coordinates":[[[-122.283977,37.857702],[-122.283943,37.857531],[-122.284029,37.85752],[-122.284064,37.857691],[-122.283977,37.857702]]]},"properties":{"id":"w824298599","b":"yes","lv":null,"n":null}},
{"type":"Feature","geometry":{"type":"Polygon","coordinates":[[[-122.28616,37.857841],[-122.286158,37.857828],[-122.286115,37.857834],[-122.286095,37.857737],[-122.28619,37.857725],[-122.286212,37.857835],[-122.28616,37.857841]]]},"properties":{"id":"w824298601","b":"yes","lv":null,"n":null}},
{"type":"Feature","geometry":{"type":"Polygon","coordinates":[[[-122.28326,37.857759],[-122.283251,37.857717],[-122.283242,37.857718],[-122.283222,37.857619],[-122.283309,37.857607],[-122.283339,37.857749],[-122.28326,37.857759]]]},"properties":{"id":"w824298602","b":"yes","lv":null,"n":null}},
{"type":"Feature","geometry":{"type":"Polygon","coordinates":[[[-122.285916,37.857856],[-122.285874,37.857861],[-122.285876,37.85787],[-122.285817,37.857877],[-122.285785,37.857713],[-122.28585,37.857705],[-122.285857,37.857743],[-122.285894,37.857739],[-122.285916,37.857856]]]},"properties":{"id":"w824298604","b":"yes","lv":null,"n":null}},
{"type":"Feature","geometry":{"type":"Polygon","coordinates":[[[-122.283494,37.857714],[-122.283467,37.857595],[-122.283571,37.857581],[-122.283597,37.8577],[-122.283494,37.857714]]]},"properties":{"id":"w824298605","b":"yes","lv":null,"n":null}},
{"type":"Feature","geometry":{"type":"Polygon","coordinates":[[[-122.283366,37.857708],[-122.283345,37.857605],[-122.283441,37.857593],[-122.283462,37.857696],[-122.283366,37.857708]]]},"properties":{"id":"w824298606","b":"yes","lv":null,"n":null}},
{"type":"Feature","geometry":{"type":"Polygon","coordinates":[[[-122.285974,37.857856],[-122.285951,37.857741],[-122.286045,37.857729],[-122.286068,37.857845],[-122.285974,37.857856]]]},"properties":{"id":"w824298607","b":"yes","lv":null,"n":null}},
{"type":"Feature","geometry":{"type":"Polygon","coordinates":[[[-122.282787,37.85782],[-122.282759,37.857689],[-122.282843,37.857678],[-122.282871,37.857809],[-122.282787,37.85782]]]},"properties":{"id":"w824298608","b":"yes","lv":null,"n":null}},
{"type":"Feature","geometry":{"type":"Polygon","coordinates":[[[-122.286295,37.857746],[-122.28629,37.857718],[-122.286209,37.857727],[-122.286199,37.857674],[-122.286438,37.857646],[-122.286453,37.857728],[-122.286295,37.857746]]]},"properties":{"id":"w824298610","b":"yes","lv":null,"n":null}},
{"type":"Feature","geometry":{"type":"Polygon","coordinates":[[[-122.282643,37.857801],[-122.282619,37.857691],[-122.282714,37.857678],[-122.282738,37.857789],[-122.282643,37.857801]]]},"properties":{"id":"w824298611","b":"yes","lv":null,"n":null}},
{"type":"Feature","geometry":{"type":"Polygon","coordinates":[[[-122.286306,37.857649],[-122.286292,37.857576],[-122.286411,37.857562],[-122.286425,37.857635],[-122.286306,37.857649]]]},"properties":{"id":"w824298612","b":"yes","lv":null,"n":null}},
{"type":"Feature","geometry":{"type":"Polygon","coordinates":[[[-122.28302,37.857785],[-122.282993,37.85766],[-122.283079,37.857649],[-122.283105,37.857774],[-122.28302,37.857785]]]},"properties":{"id":"w824298613","b":"yes","lv":null,"n":null}},
{"type":"Feature","geometry":{"type":"Polygon","coordinates":[[[-122.286314,37.857832],[-122.286311,37.857818],[-122.286295,37.85782],[-122.286282,37.857757],[-122.286436,37.857737],[-122.286452,37.857814],[-122.286314,37.857832]]]},"properties":{"id":"w824298616","b":"yes","lv":null,"n":null}},
{"type":"Feature","geometry":{"type":"Polygon","coordinates":[[[-122.282976,37.857764],[-122.28298,37.857778],[-122.282901,37.857789],[-122.282874,37.857671],[-122.282968,37.857658],[-122.282991,37.857762],[-122.282976,37.857764]]]},"properties":{"id":"w824298617","b":"yes","lv":null,"n":null}},
{"type":"Feature","geometry":{"type":"Polygon","coordinates":[[[-122.282527,37.857952],[-122.282517,37.857909],[-122.282579,37.857901],[-122.282572,37.857868],[-122.282535,37.857873],[-122.282524,37.857825],[-122.282613,37.857813],[-122.28264,37.857937],[-122.282527,37.857952]]]},"properties":{"id":"w824298620","b":"yes","lv":null,"n":null}},
{"type":"Feature","geometry":{"type":"Polygon","coordinates":[[[-122.282874,37.858246],[-122.282843,37.858111],[-122.28285,37.85811],[-122.282846,37.858091],[-122.282893,37.858084],[-122.282897,37.858104],[-122.282948,37.858096],[-122.282979,37.858231],[-122.282874,37.858246]]]},"properties":{"id":"w824298623","b":"yes","lv":null,"n":null}},
{"type":"Feature","geometry":{"type":"Polygon","coordinates":[[[-122.282709,37.858102],[-122.282808,37.85809],[-122.282841,37.858251],[-122.282732,37.858264],[-122.282726,37.858237],[-122.282736,37.858236],[-122.282709,37.858102]]]},"properties":{"id":"w824298624","b":"yes","lv":null,"n":null}},
{"type":"Feature","geometry":{"type":"Polygon","coordinates":[[[-122.282563,37.858106],[-122.28254,37.858009],[-122.28263,37.857996],[-122.282637,37.858023],[-122.282629,37.858024],[-122.282645,37.858094],[-122.282563,37.858106]]]},"properties":{"id":"w824298625","b":"yes","lv":null,"n":null}},
{"type":"Feature","geometry":{"type":"Polygon","coordinates":[[[-122.28264,37.858131],[-122.282632,37.858097],[-122.282693,37.858088],[-122.282701,37.858121],[-122.28264,37.858131]]]},"properties":{"id":"w824298626","b":"yes","lv":null,"n":null}},
{"type":"Feature","geometry":{"type":"Polygon","coordinates":[[[-122.282705,37.858127],[-122.282714,37.858163],[-122.282659,37.858172],[-122.282678,37.858246],[-122.282684,37.858245],[-122.28269,37.85827],[-122.282603,37.858283],[-122.28258,37.858187],[-122.282634,37.858179],[-122.282624,37.85814],[-122.282705,37.858127]]]},"properties":{"id":"w824298632","b":"yes","lv":null,"n":null}},
{"type":"Feature","geometry":{"type":"Polygon","coordinates":[[[-122.28267,37.857925],[-122.282654,37.857856],[-122.282749,37.857843],[-122.282765,37.857912],[-122.28267,37.857925]]]},"properties":{"id":"w824298633","b":"yes","lv":null,"n":null}},
{"type":"Feature","geometry":{"type":"Polygon","coordinates":[[[-122.284427,37.858076],[-122.284411,37.858003],[-122.284572,37.857981],[-122.284588,37.858054],[-122.284427,37.858076]]]},"properties":{"id":"w824298669","b":"yes","lv":null,"n":null}},
{"type":"Feature","geometry":{"type":"Polygon","coordinates":[[[-122.280375,37.857605],[-122.280371,37.857587],[-122.280398,37.857584],[-122.280401,37.857602],[-122.280474,37.857593],[-122.280488,37.857659],[-122.28031,37.857682],[-122.280296,37.857615],[-122.280375,37.857605]]]},"properties":{"id":"w824298688","b":"yes","lv":null,"n":null}},
{"type":"Feature","geometry":{"type":"Polygon","coordinates":[[[-122.281267,37.857664],[-122.281217,37.857589],[-122.281279,37.857575],[-122.28132,37.857626],[-122.281325,37.857626],[-122.281332,37.857656],[-122.281267,37.857664]]]},"properties":{"id":"w824298689","b":"yes","lv":null,"n":null}},
{"type":"Feature","geometry":{"type":"Polygon","coordinates":[[[-122.280167,37.857559],[-122.280258,37.857546],[-122.28029,37.857691],[-122.280199,37.857704],[-122.280167,37.857559]]]},"properties":{"id":"w824298690","b":"yes","lv":null,"n":null}},
{"type":"Feature","geometry":{"type":"Polygon","coordinates":[[[-122.28135,37.857657],[-122.281342,37.85762],[-122.281358,37.857619],[-122.281351,37.857588],[-122.281509,37.857568],[-122.281514,37.857595],[-122.281527,37.857593],[-122.281535,37.857633],[-122.28135,37.857657]]]},"properties":{"id":"w824298692","b":"yes","lv":null,"n":null}},
{"type":"Feature","geometry":{"type":"Polygon","coordinates":[[[-122.285781,37.857868],[-122.285735,37.857874],[-122.285737,37.85788],[-122.285681,37.857887],[-122.285653,37.857746],[-122.285753,37.857733],[-122.285781,37.857868]]]},"properties":{"id":"w824298694","b":"yes","lv":null,"n":null}},
{"type":"Feature","geometry":{"type":"Polygon","coordinates":[[[-122.279924,37.861778],[-122.279893,37.861598],[-122.279923,37.861595],[-122.279921,37.861587],[-122.279966,37.861582],[-122.27998,37.861658],[-122.280011,37.861655],[-122.28002,37.861703],[-122.279979,37.861707],[-122.27999,37.861771],[-122.279924,37.861778]]]},"properties":{"id":"w824683171","b":"detached","lv":null,"n":null}},
{"type":"Feature","geometry":{"type":"Polygon","coordinates":[[[-122.282184,37.858744],[-122.282068,37.85876],[-122.282056,37.858704],[-122.282085,37.8587],[-122.28207,37.858633],[-122.282086,37.858631],[-122.28208,37.858601],[-122.28215,37.858591],[-122.282184,37.858744]]]},"properties":{"id":"w824683176","b":"yes","lv":null,"n":null}},
{"type":"Feature","geometry":{"type":"Polygon","coordinates":[[[-122.28045,37.861282],[-122.280441,37.861245],[-122.280406,37.86125],[-122.280391,37.861186],[-122.280411,37.861183],[-122.280405,37.861162],[-122.280415,37.86116],[-122.280411,37.861143],[-122.280425,37.861141],[-122.28042,37.86112],[-122.280384,37.861126],[-122.280351,37.860986],[-122.28041,37.860978],[-122.280432,37.861072],[-122.28048,37.861065],[-122.280528,37.86127],[-122.28045,37.861282]]]},"properties":{"id":"w824683177","b":"detached","lv":null,"n":null}},
{"type":"Feature","geometry":{"type":"Polygon","coordinates":[[[-122.28027,37.860764],[-122.280257,37.8607],[-122.28025,37.8607],[-122.280237,37.860635],[-122.28029,37.860628],[-122.280295,37.860653],[-122.280334,37.860648],[-122.280356,37.860753],[-122.28027,37.860764]]]},"properties":{"id":"w824683184","b":"yes","lv":null,"n":null}},
{"type":"Feature","geometry":{"type":"Polygon","coordinates":[[[-122.280107,37.860774],[-122.280125,37.860859],[-122.280047,37.860869],[-122.280005,37.860671],[-122.280082,37.860661],[-122.280091,37.860701],[-122.280108,37.860699],[-122.280113,37.860721],[-122.280141,37.860718],[-122.280152,37.860768],[-122.280107,37.860774]]]},"properties":{"id":"w824683186","b":"yes","lv":null,"n":null}},
{"type":"Feature","geometry":{"type":"Polygon","coordinates":[[[-122.28016,37.860713],[-122.280147,37.860648],[-122.280202,37.860641],[-122.280215,37.860706],[-122.28016,37.860713]]]},"properties":{"id":"w824683187","b":"yes","lv":null,"n":null}},
{"type":"Feature","geometry":{"type":"Polygon","coordinates":[[[-122.280233,37.861307],[-122.280132,37.86132],[-122.280127,37.861293],[-122.280134,37.861292],[-122.280114,37.861189],[-122.280208,37.861178],[-122.280233,37.861307]]]},"properties":{"id":"w824683188","b":"detached","lv":null,"n":null}},
{"type":"Feature","geometry":{"type":"Polygon","coordinates":[[[-122.280284,37.861299],[-122.280255,37.861169],[-122.28035,37.861156],[-122.280379,37.861286],[-122.280284,37.861299]]]},"properties":{"id":"w824683198","b":"detached","lv":null,"n":null}},
{"type":"Feature","geometry":{"type":"Polygon","coordinates":[[[-122.280007,37.86133],[-122.279982,37.861206],[-122.28002,37.861201],[-122.280002,37.861112],[-122.280051,37.861105],[-122.280094,37.861319],[-122.280007,37.86133]]]},"properties":{"id":"w824683199","b":"detached","lv":null,"n":null}},
{"type":"Feature","geometry":{"type":"Polygon","coordinates":[[[-122.280302,37.861082],[-122.280293,37.861048],[-122.280262,37.861053],[-122.28025,37.861005],[-122.280327,37.860993],[-122.280348,37.861074],[-122.280302,37.861082]]]},"properties":{"id":"w824683202","b":"yes","lv":null,"n":null}},
{"type":"Feature","geometry":{"type":"Polygon","coordinates":[[[-122.280351,37.860922],[-122.280355,37.860943],[-122.280279,37.860954],[-122.28027,37.860917],[-122.280289,37.860914],[-122.280282,37.860885],[-122.280293,37.860884],[-122.280279,37.860824],[-122.280363,37.860811],[-122.280387,37.860916],[-122.280351,37.860922]]]},"properties":{"id":"w824683203","b":"yes","lv":null,"n":null}},
{"type":"Feature","geometry":{"type":"Polygon","coordinates":[[[-122.281366,37.859737],[-122.281371,37.859759],[-122.281315,37.859767],[-122.28128,37.859614],[-122.281378,37.8596],[-122.281408,37.85973],[-122.281366,37.859737]]]},"properties":{"id":"w824683229","b":"yes","lv":null,"n":null}},
{"type":"Feature","geometry":{"type":"Polygon","coordinates":[[[-122.280848,37.859912],[-122.280791,37.859646],[-122.28089,37.859633],[-122.280947,37.859899],[-122.280848,37.859912]]]},"properties":{"id":"w824683232","b":"yes","lv":null,"n":null}},
{"type":"Feature","geometry":{"type":"Polygon","coordinates":[[[-122.280858,37.860792],[-122.280849,37.860744],[-122.281059,37.860719],[-122.281069,37.860766],[-122.280858,37.860792]]]},"properties":{"id":"w824683233","b":"yes","lv":null,"n":null}},
{"type":"Feature","geometry":{"type":"Polygon","coordinates":[[[-122.281467,37.859714],[-122.281454,37.859654],[-122.281439,37.859656],[-122.281435,37.859637],[-122.281451,37.859635],[-122.28144,37.859583],[-122.281512,37.859574],[-122.281515,37.859588],[-122.281522,37.859587],[-122.281548,37.859703],[-122.281467,37.859714]]]},"properties":{"id":"w824683236","b":"yes","lv":null,"n":null}},
{"type":"Feature","geometry":{"type":"Polygon","coordinates":[[[-122.282166,37.860562],[-122.282132,37.860396],[-122.282189,37.860389],[-122.282201,37.860449],[-122.282225,37.860446],[-122.282239,37.860515],[-122.282261,37.860513],[-122.282268,37.860549],[-122.282166,37.860562]]]},"properties":{"id":"w824683238","b":"yes","lv":null,"n":null}},
{"type":"Feature","geometry":{"type":"Polygon","coordinates":[[[-122.282097,37.860534],[-122.282099,37.860543],[-122.282059,37.860548],[-122.282057,37.86054],[-122.282014,37.860546],[-122.281987,37.860427],[-122.282085,37.860414],[-122.282111,37.860532],[-122.282097,37.860534]]]},"properties":{"id":"w824683239","b":"yes","lv":null,"n":null}},
{"type":"Feature","geometry":{"type":"Polygon","coordinates":[[[-122.281655,37.860632],[-122.281636,37.860529],[-122.281591,37.860534],[-122.281584,37.860496],[-122.281627,37.860491],[-122.281625,37.860481],[-122.281684,37.860474],[-122.281712,37.860626],[-122.281655,37.860632]]]},"properties":{"id":"w824683240","b":"yes","lv":null,"n":null}},
{"type":"Feature","geometry":{"type":"Polygon","coordinates":[[[-122.284018,37.859414],[-122.284023,37.859434],[-122.283963,37.859442],[-122.283925,37.859273],[-122.284027,37.859258],[-122.284061,37.859408],[-122.284018,37.859414]]]},"properties":{"id":"w824683241","b":"yes","lv":null,"n":null}},
{"type":"Feature","geometry":{"type":"Polygon","coordinates":[[[-122.283344,37.859498],[-122.283353,37.859543],[-122.283284,37.859553],[-122.283243,37.859363],[-122.283329,37.859351],[-122.28336,37.859496],[-122.283344,37.859498]]]},"properties":{"id":"w824683242","b":"yes","lv":null,"n":null}},
{"type":"Feature","geometry":{"type":"Polygon","coordinates":[[[-122.283497,37.85948],[-122.283475,37.859483],[-122.283478,37.859499],[-122.283413,37.859508],[-122.283377,37.859345],[-122.283464,37.859332],[-122.283497,37.85948]]]},"properties":{"id":"w824683243","b":"yes","lv":null,"n":null}},
{"type":"Feature","geometry":{"type":"Polygon","coordinates":[[[-122.283009,37.859888],[-122.283005,37.859865],[-122.28297,37.859869],[-122.282964,37.859836],[-122.283042,37.859827],[-122.283052,37.859883],[-122.283009,37.859888]]]},"properties":{"id":"w824683248","b":"yes","lv":null,"n":null}},
{"type":"Feature","geometry":{"type":"Polygon","coordinates":[[[-122.284645,37.859177],[-122.284639,37.85915],[-122.284684,37.859144],[-122.284689,37.859172],[-122.284645,37.859177]]]},"properties":{"id":"w824683249","b":"yes","lv":null,"n":null}},
{"type":"Feature","geometry":{"type":"Polygon","coordinates":[[[-122.284737,37.85948],[-122.28473,37.859445],[-122.28474,37.859444],[-122.284735,37.85942],[-122.28475,37.859418],[-122.284747,37.859406],[-122.284905,37.859385],[-122.28492,37.859456],[-122.284737,37.85948]]]},"properties":{"id":"w824683250","b":"yes","lv":null,"n":null}},
{"type":"Feature","geometry":{"type":"Polygon","coordinates":[[[-122.280467,37.859125],[-122.280394,37.858778],[-122.280497,37.858765],[-122.280569,37.859111],[-122.280467,37.859125]]]},"properties":{"id":"w824683252","b":"terrace","lv":null,"n":null}},
{"type":"Feature","geometry":{"type":"Polygon","coordinates":[[[-122.284367,37.859377],[-122.284334,37.859212],[-122.28439,37.859205],[-122.284393,37.859219],[-122.284439,37.859214],[-122.28447,37.859364],[-122.284367,37.859377]]]},"properties":{"id":"w824683253","b":"yes","lv":null,"n":null}},
{"type":"Feature","geometry":{"type":"Polygon","coordinates":[[[-122.282386,37.858699],[-122.282383,37.858682],[-122.282348,37.858687],[-122.282323,37.85857],[-122.282368,37.858564],[-122.282365,37.858548],[-122.282414,37.858542],[-122.282447,37.858691],[-122.282386,37.858699]]]},"properties":{"id":"w824683254","b":"yes","lv":null,"n":null}},
{"type":"Feature","geometry":{"type":"Polygon","coordinates":[[[-122.282283,37.858709],[-122.282284,37.858715],[-122.282226,37.858723],[-122.282195,37.858583],[-122.282247,37.858576],[-122.282243,37.858557],[-122.282288,37.858551],[-122.282322,37.858703],[-122.282283,37.858709]]]},"properties":{"id":"w824683255","b":"yes","lv":null,"n":null}},
{"type":"Feature","geometry":{"type":"Polygon","coordinates":[[[-122.282326,37.858986],[-122.282316,37.858935],[-122.282372,37.858928],[-122.282367,37.858908],[-122.282484,37.858893],[-122.282498,37.858965],[-122.282326,37.858986]]]},"properties":{"id":"w824683256","b":"yes","lv":null,"n":null}},
{"type":"Feature","geometry":{"type":"Polygon","coordinates":[[[-122.282343,37.859051],[-122.282333,37.859008],[-122.2824,37.858999],[-122.28241,37.859041],[-122.282343,37.859051]]]},"properties":{"id":"w824683257","b":"yes","lv":null,"n":null}},
{"type":"Feature","geometry":{"type":"Polygon","coordinates":[[[-122.282457,37.859198],[-122.282411,37.858995],[-122.282493,37.858983],[-122.282539,37.859186],[-122.282457,37.859198]]]},"properties":{"id":"w824683259","b":"yes","lv":null,"n":null}},
{"type":"Feature","geometry":{"type":"Polygon","coordinates":[[[-122.280725,37.859441],[-122.280703,37.859331],[-122.280808,37.859318],[-122.28083,37.859428],[-122.280725,37.859441]]]},"properties":{"id":"w824683260","b":"yes","lv":null,"n":null}},
{"type":"Feature","geometry":{"type":"Polygon","coordinates":[[[-122.281396,37.859342],[-122.281355,37.859196],[-122.281387,37.85919],[-122.281369,37.859126],[-122.281395,37.859122],[-122.281391,37.859106],[-122.281423,37.859101],[-122.281427,37.859116],[-122.281437,37.859115],[-122.281463,37.859211],[-122.281454,37.859213],[-122.281483,37.859319],[-122.281455,37.859324],[-122.281457,37.859331],[-122.281396,37.859342]]]},"properties":{"id":"w824683262","b":"yes","lv":null,"n":null}},
{"type":"Feature","geometry":{"type":"Polygon","coordinates":[[[-122.281638,37.858803],[-122.281633,37.858783],[-122.281601,37.858787],[-122.281604,37.8588],[-122.281543,37.858809],[-122.28151,37.858668],[-122.281567,37.85866],[-122.28158,37.858715],[-122.281613,37.85871],[-122.281617,37.858729],[-122.28165,37.858724],[-122.281667,37.858799],[-122.281638,37.858803]]]},"properties":{"id":"w824683263","b":"yes","lv":null,"n":null}},
{"type":"Feature","geometry":{"type":"Polygon","coordinates":[[[-122.28095,37.859389],[-122.280951,37.859396],[-122.280902,37.859402],[-122.280901,37.859396],[-122.280893,37.859397],[-122.280876,37.859307],[-122.280913,37.859302],[-122.280915,37.859309],[-122.280952,37.859305],[-122.280947,37.859278],[-122.280997,37.859272],[-122.281018,37.85938],[-122.28095,37.859389]]]},"properties":{"id":"w824683266","b":"yes","lv":null,"n":null}},
{"type":"Feature","geometry":{"type":"Polygon","coordinates":[[[-122.281872,37.859301],[-122.281864,37.859282],[-122.281826,37.859292],[-122.281787,37.859196],[-122.281798,37.859193],[-122.281775,37.859136],[-122.281834,37.859121],[-122.281847,37.859155],[-122.281856,37.859153],[-122.281865,37.859175],[-122.28188,37.859171],[-122.281927,37.859287],[-122.281872,37.859301]]]},"properties":{"id":"w824683267","b":"yes","lv":null,"n":null}},
{"type":"Feature","geometry":{"type":"Polygon","coordinates":[[[-122.281991,37.859284],[-122.281989,37.859278],[-122.281954,37.859288],[-122.281902,37.859175],[-122.281955,37.859159],[-122.281942,37.859133],[-122.281974,37.859124],[-122.282041,37.859269],[-122.281991,37.859284]]]},"properties":{"id":"w824683268","b":"yes","lv":null,"n":null}},
{"type":"Feature","geometry":{"type":"Polygon","coordinates":[[[-122.28127,37.859358],[-122.281268,37.85935],[-122.281209,37.859357],[-122.281175,37.859184],[-122.281265,37.859173],[-122.281273,37.859213],[-122.281284,37.859211],[-122.281311,37.859353],[-122.28127,37.859358]]]},"properties":{"id":"w824683269","b":"yes","lv":null,"n":null}},
{"type":"Feature","geometry":{"type":"Polygon","coordinates":[[[-122.281071,37.859354],[-122.281062,37.859316],[-122.281038,37.85932],[-122.28103,37.859287],[-122.281054,37.859283],[-122.281045,37.859247],[-122.281052,37.859246],[-122.281046,37.859223],[-122.281133,37.85921],[-122.281165,37.859339],[-122.281071,37.859354]]]},"properties":{"id":"w824683270","b":"yes","lv":null,"n":null}},
{"type":"Feature","geometry":{"type":"Polygon","coordinates":[[[-122.281514,37.859337],[-122.281469,37.859133],[-122.281553,37.859121],[-122.281598,37.859325],[-122.281514,37.859337]]]},"properties":{"id":"w824683275","b":"yes","lv":null,"n":null}},
{"type":"Feature","geometry":{"type":"Polygon","coordinates":[[[-122.281418,37.85883],[-122.281408,37.858788],[-122.281401,37.858789],[-122.28141,37.858826],[-122.281384,37.85883],[-122.281353,37.858694],[-122.281393,37.858688],[-122.28139,37.858676],[-122.281439,37.858669],[-122.281474,37.858822],[-122.281418,37.85883]]]},"properties":{"id":"w824683276","b":"yes","lv":null,"n":null}},
{"type":"Feature","geometry":{"type":"Polygon","coordinates":[[[-122.281639,37.859312],[-122.281603,37.859148],[-122.281713,37.859133],[-122.281726,37.859194],[-122.281711,37.859196],[-122.281733,37.859299],[-122.281639,37.859312]]]},"properties":{"id":"w824683279","b":"yes","lv":null,"n":null}},
{"type":"Feature","geometry":{"type":"Polygon","coordinates":[[[-122.281226,37.858851],[-122.281232,37.858882],[-122.281183,37.858888],[-122.281182,37.858883],[-122.281139,37.858889],[-122.281105,37.858725],[-122.28116,37.858717],[-122.281159,37.85871],[-122.281203,37.858704],[-122.281234,37.85885],[-122.281226,37.858851]]]},"properties":{"id":"w824683282","b":"yes","lv":null,"n":null}},
{"type":"Feature","geometry":{"type":"Polygon","coordinates":[[[-122.281262,37.858853],[-122.28123,37.858708],[-122.281332,37.858693],[-122.281364,37.858839],[-122.281262,37.858853]]]},"properties":{"id":"w824683283","b":"yes","lv":null,"n":null}},
{"type":"Feature","geometry":{"type":"Polygon","coordinates":[[[-122.280617,37.859002],[-122.280571,37.858791],[-122.280609,37.858786],[-122.280606,37.85877],[-122.280662,37.858763],[-122.280712,37.858989],[-122.280617,37.859002]]]},"properties":{"id":"w824683284","b":"yes","lv":null,"n":null}},
{"type":"Feature","geometry":{"type":"Polygon","coordinates":[[[-122.280819,37.858898],[-122.280822,37.858912],[-122.280837,37.85891],[-122.28085,37.858964],[-122.280788,37.858973],[-122.280741,37.85877],[-122.280842,37.858755],[-122.280873,37.85889],[-122.280819,37.858898]]]},"properties":{"id":"w824683285","b":"yes","lv":null,"n":null}},
{"type":"Feature","geometry":{"type":"Polygon","coordinates":[[[-122.281593,37.860214],[-122.281596,37.860228],[-122.281545,37.860235],[-122.281513,37.860081],[-122.281615,37.860068],[-122.281644,37.860207],[-122.281593,37.860214]]]},"properties":{"id":"w824683288","b":"yes","lv":null,"n":null}},
{"type":"Feature","geometry":{"type":"Polygon","coordinates":[[[-122.281439,37.860254],[-122.281436,37.860237],[-122.281397,37.860242],[-122.281367,37.860099],[-122.281444,37.860089],[-122.281456,37.860144],[-122.281469,37.860142],[-122.281491,37.860247],[-122.281439,37.860254]]]},"properties":{"id":"w824683289","b":"yes","lv":null,"n":null}},
{"type":"Feature","geometry":{"type":"Polygon","coordinates":[[[-122.280543,37.85949],[-122.280471,37.859144],[-122.280574,37.85913],[-122.280647,37.859477],[-122.280543,37.85949]]]},"properties":{"id":"w824683290","b":"terrace","lv":null,"n":null}},
{"type":"Feature","geometry":{"type":"Polygon","coordinates":[[[-122.282751,37.860771],[-122.282743,37.860741],[-122.282771,37.860737],[-122.282779,37.860767],[-122.282751,37.860771]]]},"properties":{"id":"w824683294","b":"yes","lv":null,"n":null}},
{"type":"Feature","geometry":{"type":"Polygon","coordinates":[[[-122.280843,37.860888],[-122.280834,37.860841],[-122.28081,37.860844],[-122.280804,37.860812],[-122.280993,37.860788],[-122.281009,37.860867],[-122.280843,37.860888]]]},"properties":{"id":"w824683295","b":"yes","lv":null,"n":null}},
{"type":"Feature","geometry":{"type":"Polygon","coordinates":[[[-122.282551,37.85958],[-122.282522,37.859446],[-122.282614,37.859434],[-122.282643,37.859567],[-122.282551,37.85958]]]},"properties":{"id":"w824683300","b":"yes","lv":null,"n":null}},
{"type":"Feature","geometry":{"type":"Polygon","coordinates":[[[-122.281998,37.860173],[-122.281987,37.860125],[-122.281969,37.860127],[-122.28195,37.860042],[-122.281988,37.860037],[-122.281986,37.860025],[-122.281973,37.860027],[-122.28197,37.860013],[-122.282034,37.860004],[-122.282069,37.860163],[-122.281998,37.860173]]]},"properties":{"id":"w824683301","b":"yes","lv":null,"n":null}},
{"type":"Feature","geometry":{"type":"Polygon","coordinates":[[[-122.281855,37.860183],[-122.281824,37.860041],[-122.281927,37.860027],[-122.281958,37.860169],[-122.281855,37.860183]]]},"properties":{"id":"w824683302","b":"yes","lv":null,"n":null}},
{"type":"Feature","geometry":{"type":"Polygon","coordinates":[[[-122.281741,37.860197],[-122.281744,37.860212],[-122.281695,37.860218],[-122.281662,37.860065],[-122.281764,37.860051],[-122.281794,37.86019],[-122.281741,37.860197]]]},"properties":{"id":"w824683303","b":"yes","lv":null,"n":null}},
{"type":"Feature","geometry":{"type":"Polygon","coordinates":[[[-122.282276,37.860121],[-122.282278,37.860128],[-122.28225,37.860132],[-122.282249,37.860124],[-122.282214,37.860129],[-122.282178,37.859974],[-122.282219,37.859968],[-122.282229,37.860011],[-122.282289,37.860002],[-122.282315,37.860115],[-122.282276,37.860121]]]},"properties":{"id":"w824683305","b":"yes","lv":null,"n":null}},
{"type":"Feature","geometry":{"type":"Polygon","coordinates":[[[-122.282603,37.860076],[-122.282562,37.86008],[-122.282553,37.860027],[-122.282593,37.860022],[-122.282603,37.860076]]]},"properties":{"id":"w824683306","b":"yes","lv":null,"n":null}},
{"type":"Feature","geometry":{"type":"Polygon","coordinates":[[[-122.282414,37.860122],[-122.282398,37.860043],[-122.282424,37.86004],[-122.282411,37.859971],[-122.282434,37.859968],[-122.282429,37.859941],[-122.282506,37.859932],[-122.282508,37.859939],[-122.282527,37.859937],[-122.28256,37.860104],[-122.282414,37.860122]]]},"properties":{"id":"w824683307","b":"yes","lv":null,"n":null}},
{"type":"Feature","geometry":{"type":"Polygon","coordinates":[[[-122.282098,37.860158],[-122.282065,37.859958],[-122.282101,37.859954],[-122.282097,37.859927],[-122.282143,37.859921],[-122.282189,37.860144],[-122.282098,37.860158]]]},"properties":{"id":"w824683308","b":"yes","lv":null,"n":null}},
{"type":"Feature","geometry":{"type":"Polygon","coordinates":[[[-122.282072,37.859789],[-122.282016,37.859505],[-122.282103,37.859494],[-122.282159,37.859778],[-122.282072,37.859789]]]},"properties":{"id":"w824683309","b":"yes","lv":null,"n":null}},
{"type":"Feature","geometry":{"type":"Polygon","coordinates":[[[-122.281886,37.85969],[-122.281879,37.859665],[-122.281872,37.859666],[-122.28185,37.859576],[-122.281858,37.859575],[-122.281851,37.85955],[-122.281955,37.859534],[-122.28199,37.859673],[-122.281886,37.85969]]]},"properties":{"id":"w824683313","b":"yes","lv":null,"n":null}},
{"type":"Feature","geometry":{"type":"Polygon","coordinates":[[[-122.284066,37.858559],[-122.28402,37.858338],[-122.284123,37.858325],[-122.284168,37.858545],[-122.284066,37.858559]]]},"properties":{"id":"w824683314","b":"yes","lv":null,"n":null}},
{"type":"Feature","geometry":{"type":"Polygon","coordinates":[[[-122.283616,37.859062],[-122.283586,37.858922],[-122.283621,37.858917],[-122.283622,37.858922],[-122.283658,37.858917],[-122.283662,37.858936],[-122.283685,37.858933],[-122.283708,37.85904],[-122.283652,37.859047],[-122.283654,37.859057],[-122.283616,37.859062]]]},"properties":{"id":"w824683316","b":"yes","lv":null,"n":null}},
{"type":"Feature","geometry":{"type":"Polygon","coordinates":[[[-122.282327,37.859763],[-122.282155,37.859507],[-122.282234,37.859474],[-122.282405,37.85973],[-122.282327,37.859763]]]},"properties":{"id":"w824683317","b":"yes","lv":null,"n":null}},
{"type":"Feature","geometry":{"type":"Polygon","coordinates":[[[-122.281181,37.861614],[-122.281173,37.861578],[-122.281193,37.861575],[-122.281183,37.861529],[-122.281247,37.861521],[-122.281249,37.861532],[-122.281328,37.861521],[-122.281344,37.861593],[-122.281181,37.861614]]]},"properties":{"id":"w824683319","b":"yes","lv":null,"n":null}},
{"type":"Feature","geometry":{"type":"Polygon","coordinates":[[[-122.283292,37.859099],[-122.283251,37.859105],[-122.283252,37.859111],[-122.2832,37.859119],[-122.283156,37.85892],[-122.28319,37.858915],[-122.283192,37.858921],[-122.283209,37.858919],[-122.283211,37.858931],[-122.283226,37.858929],[-122.283231,37.858951],[-122.283258,37.858947],[-122.283292,37.859099]]]},"properties":{"id":"w824683321","b":"yes","lv":null,"n":null}},
{"type":"Feature","geometry":{"type":"Polygon","coordinates":[[[-122.28463,37.858783],[-122.284625,37.858761],[-122.284613,37.858762],[-122.284601,37.858709],[-122.284748,37.858689],[-122.284756,37.858724],[-122.284773,37.858721],[-122.284782,37.858761],[-122.28463,37.858783]]]},"properties":{"id":"w824683329","b":"yes","lv":null,"n":null}},
{"type":"Feature","geometry":{"type":"Polygon","coordinates":[[[-122.284772,37.858842],[-122.284773,37.858851],[-122.284633,37.858869],[-122.284619,37.858801],[-122.284781,37.85878],[-122.284793,37.858839],[-122.284772,37.858842]]]},"properties":{"id":"w824683330","b":"yes","lv":null,"n":null}},
{"type":"Feature","geometry":{"type":"Polygon","coordinates":[[[-122.284754,37.858945],[-122.28475,37.858928],[-122.284682,37.858937],[-122.284685,37.858952],[-122.284614,37.858962],[-122.284599,37.858896],[-122.284813,37.858866],[-122.284828,37.858935],[-122.284754,37.858945]]]},"properties":{"id":"w824683331","b":"yes","lv":null,"n":null}},
{"type":"Feature","geometry":{"type":"Polygon","coordinates":[[[-122.283892,37.859024],[-122.283861,37.858884],[-122.283898,37.858879],[-122.283889,37.858838],[-122.283945,37.85883],[-122.283984,37.859003],[-122.283942,37.859009],[-122.283944,37.859017],[-122.283892,37.859024]]]},"properties":{"id":"w824683332","b":"yes","lv":null,"n":null}},
{"type":"Feature","geometry":{"type":"Polygon","coordinates":[[[-122.284288,37.85896],[-122.284263,37.858842],[-122.284359,37.858829],[-122.284384,37.858947],[-122.284288,37.85896]]]},"properties":{"id":"w824683333","b":"yes","lv":null,"n":null}},
{"type":"Feature","geometry":{"type":"Polygon","coordinates":[[[-122.284476,37.858952],[-122.284473,37.858936],[-122.284421,37.858943],[-122.284393,37.858805],[-122.284492,37.858793],[-122.284523,37.858946],[-122.284476,37.858952]]]},"properties":{"id":"w824683334","b":"yes","lv":null,"n":null}},
{"type":"Feature","geometry":{"type":"Polygon","coordinates":[[[-122.284614,37.85869],[-122.284598,37.858617],[-122.284729,37.858599],[-122.284736,37.858632],[-122.284753,37.85863],[-122.284762,37.85867],[-122.284614,37.85869]]]},"properties":{"id":"w824683336","b":"yes","lv":null,"n":null}},
{"type":"Feature","geometry":{"type":"Polygon","coordinates":[[[-122.283494,37.859083],[-122.283463,37.858938],[-122.283518,37.85893],[-122.283523,37.858954],[-122.283546,37.858951],[-122.28355,37.858969],[-122.283568,37.858967],[-122.28359,37.85907],[-122.283494,37.859083]]]},"properties":{"id":"w824683337","b":"yes","lv":null,"n":null}},
{"type":"Feature","geometry":{"type":"Polygon","coordinates":[[[-122.283764,37.859037],[-122.283728,37.85887],[-122.283818,37.858858],[-122.283854,37.859025],[-122.283764,37.859037]]]},"properties":{"id":"w824683338","b":"yes","lv":null,"n":null}},
{"type":"Feature","geometry":{"type":"Polygon","coordinates":[[[-122.284109,37.858988],[-122.284069,37.858993],[-122.284071,37.859001],[-122.284015,37.859009],[-122.283984,37.858867],[-122.284021,37.858862],[-122.284016,37.858842],[-122.284075,37.858834],[-122.284109,37.858988]]]},"properties":{"id":"w824683339","b":"yes","lv":null,"n":null}},
{"type":"Feature","geometry":{"type":"Polygon","coordinates":[[[-122.284213,37.858975],[-122.284216,37.858991],[-122.284161,37.858998],[-122.284127,37.858834],[-122.284166,37.858829],[-122.284158,37.858789],[-122.284212,37.858781],[-122.284252,37.85897],[-122.284213,37.858975]]]},"properties":{"id":"w824683340","b":"yes","lv":null,"n":null}},
{"type":"Feature","geometry":{"type":"Polygon","coordinates":[[[-122.282736,37.85893],[-122.282719,37.858854],[-122.282886,37.858831],[-122.282902,37.858907],[-122.282736,37.85893]]]},"properties":{"id":"w824683341","b":"yes","lv":null,"n":null}},
{"type":"Feature","geometry":{"type":"Polygon","coordinates":[[[-122.28293,37.859152],[-122.282908,37.859046],[-122.283,37.859034],[-122.283023,37.85914],[-122.28293,37.859152]]]},"properties":{"id":"w824683342","b":"yes","lv":null,"n":null}},
{"type":"Feature","geometry":{"type":"Polygon","coordinates":[[[-122.282868,37.859157],[-122.282869,37.859162],[-122.282852,37.859164],[-122.282851,37.859158],[-122.28279,37.859165],[-122.282771,37.85906],[-122.282807,37.859056],[-122.282801,37.859024],[-122.282838,37.85902],[-122.282844,37.859052],[-122.282861,37.859049],[-122.282881,37.859155],[-122.282868,37.859157]]]},"properties":{"id":"w824683343","b":"yes","lv":null,"n":null}},
{"type":"Feature","geometry":{"type":"Polygon","coordinates":[[[-122.283147,37.859088],[-122.283151,37.859109],[-122.283128,37.859112],[-122.283131,37.859126],[-122.28308,37.859133],[-122.283077,37.859118],[-122.283058,37.859121],[-122.283027,37.858975],[-122.283101,37.858965],[-122.28311,37.859009],[-122.28313,37.859007],[-122.283145,37.859078],[-122.283151,37.859077],[-122.283153,37.859088],[-122.283147,37.859088]]]},"properties":{"id":"w824683344","b":"yes","lv":null,"n":null}},
{"type":"Feature","geometry":{"type":"Polygon","coordinates":[[[-122.282704,37.858719],[-122.282691,37.858648],[-122.282805,37.858634],[-122.282818,37.858705],[-122.282704,37.858719]]]},"properties":{"id":"w824683345","b":"yes","lv":null,"n":null}},
{"type":"Feature","geometry":{"type":"Polygon","coordinates":[[[-122.282892,37.858626],[-122.282897,37.858649],[-122.282861,37.858654],[-122.282862,37.85866],[-122.282817,37.858667],[-122.28281,37.858635],[-122.282822,37.858634],[-122.282794,37.858504],[-122.282885,37.858491],[-122.282914,37.858623],[-122.282892,37.858626]]]},"properties":{"id":"w824683346","b":"yes","lv":null,"n":null}},
{"type":"Feature","geometry":{"type":"Polygon","coordinates":[[[-122.282861,37.858775],[-122.282869,37.858813],[-122.282734,37.858832],[-122.282727,37.858801],[-122.28276,37.858797],[-122.282747,37.858737],[-122.282878,37.858719],[-122.28289,37.858771],[-122.282861,37.858775]]]},"properties":{"id":"w824683347","b":"yes","lv":null,"n":null}},
{"type":"Feature","geometry":{"type":"Polygon","coordinates":[[[-122.282685,37.858629],[-122.282657,37.858505],[-122.282757,37.858491],[-122.282784,37.858615],[-122.282685,37.858629]]]},"properties":{"id":"w824683351","b":"yes","lv":null,"n":null}},
{"type":"Feature","geometry":{"type":"Polygon","coordinates":[[[-122.282298,37.860528],[-122.282266,37.86038],[-122.282368,37.860366],[-122.2824,37.860514],[-122.282298,37.860528]]]},"properties":{"id":"w824683352","b":"yes","lv":null,"n":null}},
{"type":"Feature","geometry":{"type":"Polygon","coordinates":[[[-122.281064,37.860662],[-122.281037,37.860528],[-122.281106,37.86052],[-122.281108,37.860531],[-122.281139,37.860527],[-122.281163,37.86065],[-122.281064,37.860662]]]},"properties":{"id":"w824683356","b":"yes","lv":null,"n":null}},
{"type":"Feature","geometry":{"type":"Polygon","coordinates":[[[-122.281352,37.860649],[-122.281327,37.860519],[-122.281424,37.860507],[-122.281449,37.860637],[-122.281352,37.860649]]]},"properties":{"id":"w824683357","b":"yes","lv":null,"n":null}},
{"type":"Feature","geometry":{"type":"Polygon","coordinates":[[[-122.281872,37.86054],[-122.281853,37.860436],[-122.281959,37.860424],[-122.281978,37.860527],[-122.281872,37.86054]]]},"properties":{"id":"w824683361","b":"yes","lv":null,"n":null}},
{"type":"Feature","geometry":{"type":"Polygon","coordinates":[[[-122.28175,37.860628],[-122.281714,37.860457],[-122.28181,37.860444],[-122.281829,37.860533],[-122.281854,37.86053],[-122.281864,37.86058],[-122.2818,37.860589],[-122.281807,37.86062],[-122.28175,37.860628]]]},"properties":{"id":"w824683363","b":"yes","lv":null,"n":null}},
{"type":"Feature","geometry":{"type":"Polygon","coordinates":[[[-122.281089,37.861204],[-122.281085,37.861187],[-122.281044,37.861192],[-122.281021,37.861075],[-122.281117,37.861063],[-122.281143,37.861197],[-122.281089,37.861204]]]},"properties":{"id":"w824683364","b":"detached","lv":null,"n":null}},
{"type":"Feature","geometry":{"type":"Polygon","coordinates":[[[-122.282701,37.860471],[-122.282671,37.860333],[-122.282774,37.860319],[-122.282781,37.860351],[-122.282772,37.860352],[-122.28278,37.860391],[-122.282788,37.86039],[-122.282793,37.860416],[-122.282802,37.860415],[-122.282811,37.860456],[-122.282701,37.860471]]]},"properties":{"id":"w824683366","b":"yes","lv":null,"n":null}},
{"type":"Feature","geometry":{"type":"Polygon","coordinates":[[[-122.282843,37.86068],[-122.282849,37.860708],[-122.282754,37.860721],[-122.282742,37.860665],[-122.28277,37.860661],[-122.282769,37.860655],[-122.282843,37.860645],[-122.282851,37.860679],[-122.282843,37.86068]]]},"properties":{"id":"w824683367","b":"yes","lv":null,"n":null}},
{"type":"Feature","geometry":{"type":"Polygon","coordinates":[[[-122.281704,37.861109],[-122.281679,37.860985],[-122.281785,37.860971],[-122.281811,37.861095],[-122.281704,37.861109]]]},"properties":{"id":"w824683368","b":"detached","lv":null,"n":null}},
{"type":"Feature","geometry":{"type":"Polygon","coordinates":[[[-122.281652,37.861115],[-122.281656,37.861132],[-122.281596,37.86114],[-122.281591,37.861119],[-122.28157,37.861122],[-122.281546,37.861015],[-122.281652,37.861001],[-122.281676,37.861112],[-122.281652,37.861115]]]},"properties":{"id":"w824683369","b":"detached","lv":null,"n":null}},
{"type":"Feature","geometry":{"type":"Polygon","coordinates":[[[-122.281365,37.861165],[-122.281361,37.861149],[-122.2813,37.861157],[-122.281274,37.861044],[-122.281297,37.861041],[-122.281294,37.861026],[-122.281329,37.861021],[-122.281333,37.861036],[-122.281379,37.861029],[-122.281409,37.861159],[-122.281365,37.861165]]]},"properties":{"id":"w824683370","b":"detached","lv":null,"n":null}},
{"type":"Feature","geometry":{"type":"Polygon","coordinates":[[[-122.281233,37.861165],[-122.281237,37.861183],[-122.281194,37.861189],[-122.28119,37.861172],[-122.281163,37.861176],[-122.281128,37.861029],[-122.28119,37.86102],[-122.281193,37.861035],[-122.281209,37.861032],[-122.281215,37.861061],[-122.281242,37.861057],[-122.281266,37.86116],[-122.281233,37.861165]]]},"properties":{"id":"w824683371","b":"detached","lv":null,"n":null}},
{"type":"Feature","geometry":{"type":"Polygon","coordinates":[[[-122.282037,37.861062],[-122.282037,37.861066],[-122.282002,37.86107],[-122.281998,37.861049],[-122.281978,37.861052],[-122.281946,37.860891],[-122.282043,37.860879],[-122.282079,37.861057],[-122.282037,37.861062]]]},"properties":{"id":"w824683374","b":"detached","lv":null,"n":null}},
{"type":"Feature","geometry":{"type":"Polygon","coordinates":[[[-122.281883,37.861086],[-122.281879,37.861067],[-122.28184,37.861072],[-122.281815,37.86095],[-122.281879,37.860942],[-122.281878,37.860936],[-122.281917,37.860931],[-122.281947,37.861078],[-122.281883,37.861086]]]},"properties":{"id":"w824683375","b":"detached","lv":null,"n":null}},
{"type":"Feature","geometry":{"type":"Polygon","coordinates":[[[-122.282613,37.860989],[-122.282617,37.861006],[-122.282557,37.861014],[-122.282553,37.860997],[-122.28253,37.861],[-122.282506,37.860893],[-122.282514,37.860892],[-122.282502,37.860839],[-122.282545,37.860833],[-122.28254,37.86081],[-122.282532,37.860811],[-122.282518,37.860748],[-122.282605,37.860736],[-122.282619,37.860799],[-122.282558,37.860807],[-122.282565,37.860841],[-122.282596,37.860837],[-122.282629,37.860987],[-122.282613,37.860989]]]},"properties":{"id":"w824683376","b":"yes","lv":null,"n":null}},
{"type":"Feature","geometry":{"type":"Polygon","coordinates":[[[-122.282436,37.86103],[-122.282432,37.861012],[-122.282394,37.861017],[-122.28235,37.860825],[-122.282431,37.860813],[-122.282429,37.860805],[-122.282438,37.860804],[-122.282432,37.860778],[-122.282473,37.860772],[-122.282494,37.860862],[-122.28245,37.860868],[-122.282454,37.860885],[-122.282462,37.860884],[-122.282486,37.860989],[-122.282493,37.860988],[-122.282501,37.861021],[-122.282436,37.86103]]]},"properties":{"id":"w824683377","b":"detached","lv":null,"n":null}},
{"type":"Feature","geometry":{"type":"Polygon","coordinates":[[[-122.282295,37.861048],[-122.282291,37.861031],[-122.282255,37.861036],[-122.282221,37.860881],[-122.282283,37.860873],[-122.282287,37.860893],[-122.282319,37.860889],[-122.282351,37.86104],[-122.282295,37.861048]]]},"properties":{"id":"w824683378","b":"yes","lv":null,"n":null}},
{"type":"Feature","geometry":{"type":"Polygon","coordinates":[[[-122.282155,37.86105],[-122.282152,37.861033],[-122.282115,37.861038],[-122.282081,37.86087],[-122.282141,37.860863],[-122.282143,37.860874],[-122.282185,37.860869],[-122.282193,37.860911],[-122.282186,37.860912],[-122.282212,37.861043],[-122.282155,37.86105]]]},"properties":{"id":"w824683379","b":"detached","lv":null,"n":null}},
{"type":"Feature","geometry":{"type":"Polygon","coordinates":[[[-122.281461,37.86182],[-122.281451,37.861779],[-122.28142,37.861783],[-122.281418,37.861777],[-122.281401,37.86178],[-122.281409,37.86181],[-122.281398,37.861812],[-122.281401,37.861825],[-122.281276,37.861844],[-122.281267,37.861804],[-122.281276,37.861803],[-122.281268,37.861771],[-122.281339,37.86176],[-122.281336,37.861748],[-122.281499,37.861723],[-122.281521,37.861811],[-122.281461,37.86182]]]},"properties":{"id":"w824683380","b":"yes","lv":null,"n":null}},
{"type":"Feature","geometry":{"type":"Polygon","coordinates":[[[-122.282799,37.860965],[-122.282771,37.860831],[-122.282883,37.860816],[-122.282892,37.86086],[-122.282877,37.860862],[-122.28289,37.860923],[-122.282898,37.860922],[-122.282904,37.860951],[-122.282799,37.860965]]]},"properties":{"id":"w824683381","b":"yes","lv":null,"n":null}},
{"type":"Feature","geometry":{"type":"Polygon","coordinates":[[[-122.281433,37.861141],[-122.281406,37.86101],[-122.281511,37.860997],[-122.281538,37.861128],[-122.281433,37.861141]]]},"properties":{"id":"w824683382","b":"detached","lv":null,"n":null}},
{"type":"Feature","geometry":{"type":"Polygon","coordinates":[[[-122.2827,37.86098],[-122.282696,37.860961],[-122.282661,37.860966],[-122.282633,37.860838],[-122.28264,37.860837],[-122.282634,37.860807],[-122.28269,37.860799],[-122.282696,37.86083],[-122.282728,37.860826],[-122.28276,37.860972],[-122.2827,37.86098]]]},"properties":{"id":"w824683383","b":"yes","lv":null,"n":null}},
{"type":"Feature","geometry":{"type":"Polygon","coordinates":[[[-122.281463,37.861568],[-122.28145,37.86151],[-122.281441,37.861511],[-122.281418,37.861402],[-122.281495,37.861392],[-122.281531,37.861559],[-122.281463,37.861568]]]},"properties":{"id":"w824683384","b":"detached","lv":null,"n":null}},
{"type":"Feature","geometry":{"type":"Polygon","coordinates":[[[-122.281121,37.861489],[-122.281108,37.86142],[-122.281153,37.861415],[-122.281149,37.861399],[-122.281187,37.861394],[-122.281189,37.861404],[-122.281218,37.861401],[-122.281219,37.861407],[-122.281276,37.8614],[-122.281289,37.861468],[-122.281121,37.861489]]]},"properties":{"id":"w824683386","b":"detached","lv":null,"n":null}},
{"type":"Feature","geometry":{"type":"Polygon","coordinates":[[[-122.28181,37.861535],[-122.281793,37.861462],[-122.281798,37.861461],[-122.281774,37.861355],[-122.281851,37.861344],[-122.281875,37.861448],[-122.281882,37.861447],[-122.281899,37.861523],[-122.28181,37.861535]]]},"properties":{"id":"w824683387","b":"detached","lv":null,"n":null}},
{"type":"Feature","geometry":{"type":"Polygon","coordinates":[[[-122.281426,37.862049],[-122.281429,37.862061],[-122.2814,37.862065],[-122.281396,37.862049],[-122.281351,37.862056],[-122.281336,37.861995],[-122.281397,37.861986],[-122.281394,37.861975],[-122.281421,37.861971],[-122.281424,37.861982],[-122.281493,37.861972],[-122.281508,37.862037],[-122.281426,37.862049]]]},"properties":{"id":"w824683388","b":"yes","lv":null,"n":null}},
{"type":"Feature","geometry":{"type":"Polygon","coordinates":[[[-122.281748,37.861468],[-122.281763,37.861538],[-122.281705,37.861546],[-122.281691,37.861479],[-122.281678,37.861481],[-122.281654,37.861372],[-122.281736,37.861361],[-122.281759,37.861467],[-122.281748,37.861468]]]},"properties":{"id":"w824683389","b":"detached","lv":null,"n":null}},
{"type":"Feature","geometry":{"type":"Polygon","coordinates":[[[-122.281576,37.861507],[-122.281573,37.861493],[-122.281561,37.861495],[-122.281535,37.861383],[-122.281614,37.861372],[-122.281643,37.861498],[-122.281576,37.861507]]]},"properties":{"id":"w824683390","b":"detached","lv":null,"n":null}},
{"type":"Feature","geometry":{"type":"Polygon","coordinates":[[[-122.282223,37.861406],[-122.282226,37.861421],[-122.282199,37.861425],[-122.282196,37.861413],[-122.282157,37.861419],[-122.282132,37.861308],[-122.282211,37.861296],[-122.282236,37.861405],[-122.282223,37.861406]]]},"properties":{"id":"w824683391","b":"detached","lv":null,"n":null}},
{"type":"Feature","geometry":{"type":"Polygon","coordinates":[[[-122.282046,37.861505],[-122.282029,37.861429],[-122.282034,37.861428],[-122.28201,37.861323],[-122.28209,37.861312],[-122.282122,37.861457],[-122.282111,37.861458],[-122.28212,37.861495],[-122.282046,37.861505]]]},"properties":{"id":"w824683392","b":"detached","lv":null,"n":null}},
{"type":"Feature","geometry":{"type":"Polygon","coordinates":[[[-122.281928,37.861505],[-122.281894,37.861337],[-122.281974,37.861327],[-122.281996,37.861435],[-122.281983,37.861437],[-122.281995,37.861497],[-122.281928,37.861505]]]},"properties":{"id":"w824683394","b":"detached","lv":null,"n":null}},
{"type":"Feature","geometry":{"type":"Polygon","coordinates":[[[-122.282625,37.861316],[-122.28261,37.861243],[-122.282647,37.861238],[-122.282646,37.861232],[-122.282721,37.861223],[-122.282722,37.861229],[-122.282747,37.861226],[-122.282762,37.861298],[-122.282625,37.861316]]]},"properties":{"id":"w824683395","b":"yes","lv":null,"n":null}},
{"type":"Feature","geometry":{"type":"Polygon","coordinates":[[[-122.282531,37.861448],[-122.282489,37.861247],[-122.282518,37.861243],[-122.282521,37.861256],[-122.282572,37.861249],[-122.282594,37.861358],[-122.282595,37.861358],[-122.282611,37.861438],[-122.282531,37.861448]]]},"properties":{"id":"w824683396","b":"detached","lv":null,"n":null}},
{"type":"Feature","geometry":{"type":"Polygon","coordinates":[[[-122.282441,37.861395],[-122.282438,37.861383],[-122.282396,37.861388],[-122.282373,37.861276],[-122.282454,37.861265],[-122.28248,37.86139],[-122.282441,37.861395]]]},"properties":{"id":"w824683397","b":"detached","lv":null,"n":null}},
{"type":"Feature","geometry":{"type":"Polygon","coordinates":[[[-122.282343,37.861391],[-122.282347,37.861406],[-122.282319,37.86141],[-122.282316,37.861396],[-122.282277,37.861402],[-122.282252,37.861291],[-122.282332,37.86128],[-122.282357,37.861389],[-122.282343,37.861391]]]},"properties":{"id":"w824683398","b":"detached","lv":null,"n":null}},
{"type":"Feature","geometry":{"type":"Polygon","coordinates":[[[-122.282844,37.861551],[-122.282827,37.861477],[-122.283005,37.861452],[-122.283022,37.861526],[-122.282844,37.861551]]]},"properties":{"id":"w824683399","b":"yes","lv":null,"n":null}},
{"type":"Feature","geometry":{"type":"Polygon","coordinates":[[[-122.282834,37.861451],[-122.282832,37.861444],[-122.282754,37.861455],[-122.282746,37.861415],[-122.282824,37.861405],[-122.282816,37.861371],[-122.282975,37.86135],[-122.282985,37.861392],[-122.282995,37.861391],[-122.283003,37.861428],[-122.282834,37.861451]]]},"properties":{"id":"w824683400","b":"yes","lv":null,"n":null}},
{"type":"Feature","geometry":{"type":"Polygon","coordinates":[[[-122.282885,37.861332],[-122.282869,37.861253],[-122.282807,37.861261],[-122.282795,37.861207],[-122.282866,37.861197],[-122.282866,37.861193],[-122.282965,37.86118],[-122.282972,37.861216],[-122.282962,37.861217],[-122.282969,37.861248],[-122.282976,37.861247],[-122.28298,37.861265],[-122.282987,37.861264],[-122.282998,37.861317],[-122.282885,37.861332]]]},"properties":{"id":"w824683404","b":"yes","lv":null,"n":null}},
{"type":"Feature","geometry":{"type":"Polygon","coordinates":[[[-122.282951,37.861667],[-122.282947,37.861649],[-122.282975,37.861646],[-122.282979,37.861663],[-122.282951,37.861667]]]},"properties":{"id":"w824683406","b":"yes","lv":null,"n":null}},
{"type":"Feature","geometry":{"type":"Polygon","coordinates":[[[-122.282808,37.861657],[-122.282796,37.861598],[-122.28285,37.861591],[-122.282847,37.861576],[-122.283006,37.861556],[-122.283021,37.86163],[-122.282808,37.861657]]]},"properties":{"id":"w824683407","b":"yes","lv":null,"n":null}},
{"type":"Feature","geometry":{"type":"Polygon","coordinates":[[[-122.282914,37.8617],[-122.282903,37.861655],[-122.282942,37.861649],[-122.282952,37.861694],[-122.282914,37.8617]]]},"properties":{"id":"w824683408","b":"yes","lv":null,"n":null}},
{"type":"Feature","geometry":{"type":"Polygon","coordinates":[[[-122.28221,37.861921],[-122.282195,37.861837],[-122.282216,37.861834],[-122.282215,37.861827],[-122.282294,37.861818],[-122.282313,37.861918],[-122.282257,37.861925],[-122.282255,37.861916],[-122.28221,37.861921]]]},"properties":{"id":"w824683411","b":"yes","lv":null,"n":null}},
{"type":"Feature","geometry":{"type":"Polygon","coordinates":[[[-122.283359,37.858562],[-122.283331,37.858431],[-122.283436,37.858418],[-122.283464,37.858548],[-122.283359,37.858562]]]},"properties":{"id":"w824683412","b":"yes","lv":null,"n":null}},
{"type":"Feature","geometry":{"type":"Polygon","coordinates":[[[-122.283252,37.858577],[-122.283258,37.858603],[-122.283229,37.858607],[-122.283197,37.858449],[-122.283297,37.858436],[-122.283324,37.858567],[-122.283252,37.858577]]]},"properties":{"id":"w824683413","b":"yes","lv":null,"n":null}},
{"type":"Feature","geometry":{"type":"Polygon","coordinates":[[[-122.283085,37.858594],[-122.283059,37.858468],[-122.283155,37.858455],[-122.28317,37.858527],[-122.283195,37.858523],[-122.283207,37.858578],[-122.283085,37.858594]]]},"properties":{"id":"w824683414","b":"yes","lv":null,"n":null}},
{"type":"Feature","geometry":{"type":"Polygon","coordinates":[[[-122.28301,37.858613],[-122.283017,37.858644],[-122.282965,37.858651],[-122.282927,37.858481],[-122.28302,37.858468],[-122.283051,37.858608],[-122.28301,37.858613]]]},"properties":{"id":"w824683415","b":"yes","lv":null,"n":null}},
{"type":"Feature","geometry":{"type":"Polygon","coordinates":[[[-122.283791,37.858505],[-122.283762,37.858375],[-122.283861,37.858361],[-122.283891,37.858491],[-122.283791,37.858505]]]},"properties":{"id":"w824683416","b":"yes","lv":null,"n":null}},
{"type":"Feature","geometry":{"type":"Polygon","coordinates":[[[-122.283689,37.858553],[-122.283658,37.858385],[-122.283734,37.858376],[-122.283765,37.858544],[-122.283689,37.858553]]]},"properties":{"id":"w824683417","b":"yes","lv":null,"n":null}},
{"type":"Feature","geometry":{"type":"Polygon","coordinates":[[[-122.283594,37.858554],[-122.283565,37.858402],[-122.283644,37.858393],[-122.283672,37.858544],[-122.283594,37.858554]]]},"properties":{"id":"w824683418","b":"yes","lv":null,"n":null}},
{"type":"Feature","geometry":{"type":"Polygon","coordinates":[[[-122.283498,37.858563],[-122.283466,37.858412],[-122.283542,37.858402],[-122.283574,37.858553],[-122.283498,37.858563]]]},"properties":{"id":"w824683419","b":"yes","lv":null,"n":null}},
{"type":"Feature","geometry":{"type":"Polygon","coordinates":[[[-122.28463,37.858533],[-122.284578,37.858275],[-122.284675,37.858263],[-122.284727,37.858521],[-122.28463,37.858533]]]},"properties":{"id":"w824683420","b":"yes","lv":null,"n":null}},
{"type":"Feature","geometry":{"type":"Polygon","coordinates":[[[-122.284476,37.858387],[-122.284455,37.858288],[-122.284558,37.858275],[-122.284578,37.858374],[-122.284476,37.858387]]]},"properties":{"id":"w824683421","b":"yes","lv":null,"n":null}},
{"type":"Feature","geometry":{"type":"Polygon","coordinates":[[[-122.284176,37.858447],[-122.284149,37.858318],[-122.284255,37.858304],[-122.284282,37.858433],[-122.284176,37.858447]]]},"properties":{"id":"w824683422","b":"yes","lv":null,"n":null}},
{"type":"Feature","geometry":{"type":"Polygon","coordinates":[[[-122.283919,37.858491],[-122.283888,37.858354],[-122.283935,37.858348],[-122.283936,37.858353],[-122.283989,37.858345],[-122.284019,37.858477],[-122.283919,37.858491]]]},"properties":{"id":"w824683423","b":"yes","lv":null,"n":null}},
{"type":"Feature","geometry":{"type":"Polygon","coordinates":[[[-122.284937,37.859555],[-122.284942,37.859579],[-122.284849,37.859592],[-122.284827,37.85949],[-122.284872,37.859484],[-122.284876,37.859504],[-122.284925,37.859497],[-122.284931,37.859523],[-122.28495,37.85952],[-122.284957,37.859552],[-122.284937,37.859555]]]},"properties":{"id":"w824683425","b":"yes","lv":null,"n":null}},
{"type":"Feature","geometry":{"type":"Polygon","coordinates":[[[-122.284575,37.859338],[-122.284579,37.85936],[-122.284523,37.859367],[-122.284519,37.859345],[-122.284503,37.859347],[-122.284475,37.859206],[-122.284559,37.859196],[-122.284587,37.859336],[-122.284575,37.859338]]]},"properties":{"id":"w824683434","b":"yes","lv":null,"n":null}},
{"type":"Feature","geometry":{"type":"Polygon","coordinates":[[[-122.284623,37.859279],[-122.284604,37.859187],[-122.284647,37.859182],[-122.284666,37.859274],[-122.284623,37.859279]]]},"properties":{"id":"w824683435","b":"yes","lv":null,"n":null}},
{"type":"Feature","geometry":{"type":"Polygon","coordinates":[[[-122.284701,37.859356],[-122.284686,37.859283],[-122.284876,37.859258],[-122.284891,37.859331],[-122.284701,37.859356]]]},"properties":{"id":"w824683436","b":"yes","lv":null,"n":null}},
{"type":"Feature","geometry":{"type":"Polygon","coordinates":[[[-122.28471,37.859226],[-122.284695,37.859157],[-122.284859,37.859136],[-122.284873,37.859204],[-122.28471,37.859226]]]},"properties":{"id":"w824683437","b":"yes","lv":null,"n":null}},
{"type":"Feature","geometry":{"type":"Polygon","coordinates":[[[-122.283779,37.859448],[-122.283782,37.859465],[-122.283715,37.859474],[-122.283711,37.859457],[-122.283683,37.859461],[-122.28365,37.859306],[-122.28371,37.859299],[-122.283712,37.859306],[-122.283755,37.859301],[-122.283786,37.859447],[-122.283779,37.859448]]]},"properties":{"id":"w824683438","b":"yes","lv":null,"n":null}},
{"type":"Feature","geometry":{"type":"Polygon","coordinates":[[[-122.283817,37.859442],[-122.283789,37.859289],[-122.283838,37.859283],[-122.283839,37.85929],[-122.283891,37.859284],[-122.283918,37.859431],[-122.283817,37.859442]]]},"properties":{"id":"w824683439","b":"yes","lv":null,"n":null}},
{"type":"Feature","geometry":{"type":"Polygon","coordinates":[[[-122.284092,37.859404],[-122.284061,37.859253],[-122.284112,37.859247],[-122.284115,37.85926],[-122.284163,37.859254],[-122.284192,37.859391],[-122.284092,37.859404]]]},"properties":{"id":"w824683440","b":"yes","lv":null,"n":null}},
{"type":"Feature","geometry":{"type":"Polygon","coordinates":[[[-122.284223,37.85933],[-122.284202,37.859224],[-122.284301,37.859211],[-122.284322,37.859318],[-122.284223,37.85933]]]},"properties":{"id":"w824683441","b":"yes","lv":null,"n":null}},
{"type":"Feature","geometry":{"type":"Polygon","coordinates":[[[-122.283133,37.859493],[-122.28311,37.85938],[-122.283159,37.859374],[-122.283156,37.859358],[-122.283198,37.859353],[-122.283201,37.859369],[-122.283213,37.859367],[-122.283235,37.85948],[-122.283133,37.859493]]]},"properties":{"id":"w824683442","b":"yes","lv":null,"n":null}},
{"type":"Feature","geometry":{"type":"Polygon","coordinates":[[[-122.283639,37.859455],[-122.283641,37.859465],[-122.283581,37.859472],[-122.283579,37.859462],[-122.283545,37.859466],[-122.283518,37.859332],[-122.28362,37.859319],[-122.283647,37.859454],[-122.283639,37.859455]]]},"properties":{"id":"w824683444","b":"yes","lv":null,"n":null}},
{"type":"Feature","geometry":{"type":"Polygon","coordinates":[[[-122.284628,37.859831],[-122.284589,37.859643],[-122.284688,37.85963],[-122.284723,37.859801],[-122.284688,37.859805],[-122.284692,37.859823],[-122.284628,37.859831]]]},"properties":{"id":"w824683445","b":"yes","lv":null,"n":null}},
{"type":"Feature","geometry":{"type":"Polygon","coordinates":[[[-122.284487,37.859824],[-122.284464,37.859713],[-122.284505,37.859708],[-122.284501,37.85969],[-122.284559,37.859683],[-122.284586,37.859812],[-122.284487,37.859824]]]},"properties":{"id":"w824683446","b":"yes","lv":null,"n":null}},
{"type":"Feature","geometry":{"type":"Polygon","coordinates":[[[-122.284813,37.859791],[-122.284817,37.859808],[-122.284752,37.859817],[-122.284715,37.859662],[-122.284722,37.859661],[-122.284715,37.859632],[-122.284741,37.859628],[-122.284736,37.859606],[-122.284808,37.859596],[-122.284852,37.859785],[-122.284813,37.859791]]]},"properties":{"id":"w824683447","b":"yes","lv":null,"n":null}},
{"type":"Feature","geometry":{"type":"Polygon","coordinates":[[[-122.282919,37.859546],[-122.282908,37.859491],[-122.282853,37.859498],[-122.282834,37.859408],[-122.282863,37.859405],[-122.28286,37.859388],[-122.282904,37.859383],[-122.282907,37.859399],[-122.282936,37.859395],[-122.282967,37.85954],[-122.282919,37.859546]]]},"properties":{"id":"w824683448","b":"yes","lv":null,"n":null}},
{"type":"Feature","geometry":{"type":"Polygon","coordinates":[[[-122.284065,37.859903],[-122.284029,37.859733],[-122.284108,37.859722],[-122.28412,37.859777],[-122.284129,37.859776],[-122.284154,37.859891],[-122.284065,37.859903]]]},"properties":{"id":"w824683449","b":"yes","lv":null,"n":null}},
{"type":"Feature","geometry":{"type":"Polygon","coordinates":[[[-122.284191,37.859888],[-122.284167,37.859776],[-122.284183,37.859774],[-122.284173,37.859726],[-122.284219,37.85972],[-122.28423,37.859768],[-122.284247,37.859766],[-122.28427,37.859877],[-122.284191,37.859888]]]},"properties":{"id":"w824683450","b":"yes","lv":null,"n":null}},
{"type":"Feature","geometry":{"type":"Polygon","coordinates":[[[-122.284288,37.859874],[-122.284256,37.85972],[-122.284323,37.859711],[-122.284332,37.859755],[-122.284345,37.859754],[-122.284368,37.859864],[-122.284288,37.859874]]]},"properties":{"id":"w824683451","b":"yes","lv":null,"n":null}},
{"type":"Feature","geometry":{"type":"Polygon","coordinates":[[[-122.284383,37.859864],[-122.284345,37.859695],[-122.284421,37.859685],[-122.284459,37.859853],[-122.284383,37.859864]]]},"properties":{"id":"w824683452","b":"yes","lv":null,"n":null}},
{"type":"Feature","geometry":{"type":"Polygon","coordinates":[[[-122.283451,37.859983],[-122.283448,37.85997],[-122.283405,37.859976],[-122.283391,37.859915],[-122.283378,37.859916],[-122.283374,37.859897],[-122.283387,37.859895],[-122.283382,37.859874],[-122.283467,37.859862],[-122.283494,37.859977],[-122.283451,37.859983]]]},"properties":{"id":"w824683453","b":"yes","lv":null,"n":null}},
{"type":"Feature","geometry":{"type":"Polygon","coordinates":[[[-122.283721,37.859929],[-122.283724,37.859944],[-122.283668,37.859951],[-122.283641,37.859814],[-122.283675,37.85981],[-122.283671,37.85979],[-122.283735,37.859782],[-122.283764,37.859923],[-122.283721,37.859929]]]},"properties":{"id":"w824683454","b":"yes","lv":null,"n":null}},
{"type":"Feature","geometry":{"type":"Polygon","coordinates":[[[-122.283845,37.859924],[-122.283842,37.859908],[-122.283814,37.859912],[-122.283806,37.859874],[-122.283792,37.859875],[-122.283787,37.859847],[-122.283801,37.859846],[-122.283791,37.859798],[-122.283818,37.859795],[-122.283811,37.859763],[-122.283761,37.85977],[-122.283747,37.859699],[-122.2838,37.859693],[-122.283803,37.859711],[-122.283862,37.859703],[-122.283873,37.859757],[-122.283865,37.859758],[-122.283897,37.859917],[-122.283845,37.859924]]]},"properties":{"id":"w824683455","b":"yes","lv":null,"n":null}},
{"type":"Feature","geometry":{"type":"Polygon","coordinates":[[[-122.283939,37.859915],[-122.283908,37.85976],[-122.284005,37.859748],[-122.284011,37.859778],[-122.284019,37.859777],[-122.284046,37.859907],[-122.283999,37.859913],[-122.283998,37.859908],[-122.283939,37.859915]]]},"properties":{"id":"w824683456","b":"yes","lv":null,"n":null}},
{"type":"Feature","geometry":{"type":"Polygon","coordinates":[[[-122.283236,37.860001],[-122.283207,37.859862],[-122.283311,37.859848],[-122.283341,37.859988],[-122.283236,37.860001]]]},"properties":{"id":"w824683457","b":"yes","lv":null,"n":null}},
{"type":"Feature","geometry":{"type":"Polygon","coordinates":[[[-122.283153,37.860013],[-122.283155,37.860022],[-122.283112,37.860028],[-122.28307,37.859832],[-122.283134,37.859823],[-122.283136,37.859832],[-122.283171,37.859827],[-122.28321,37.860006],[-122.283153,37.860013]]]},"properties":{"id":"w824683458","b":"yes","lv":null,"n":null}},
{"type":"Feature","geometry":{"type":"Polygon","coordinates":[[[-122.283036,37.860019],[-122.283039,37.860031],[-122.282981,37.860038],[-122.282957,37.85991],[-122.283054,37.859899],[-122.283076,37.860014],[-122.283036,37.860019]]]},"properties":{"id":"w824683459","b":"yes","lv":null,"n":null}},
{"type":"Feature","geometry":{"type":"Polygon","coordinates":[[[-122.283575,37.860866],[-122.283569,37.86084],[-122.283563,37.860841],[-122.283544,37.860749],[-122.283578,37.860745],[-122.28356,37.860661],[-122.283628,37.860652],[-122.283647,37.860742],[-122.283638,37.860743],[-122.283653,37.860811],[-122.283646,37.860811],[-122.283656,37.860856],[-122.283575,37.860866]]]},"properties":{"id":"w824683463","b":"yes","lv":null,"n":null}},
{"type":"Feature","geometry":{"type":"Polygon","coordinates":[[[-122.284742,37.860194],[-122.284753,37.860251],[-122.284693,37.860259],[-122.284658,37.860082],[-122.284761,37.860069],[-122.284784,37.860188],[-122.284742,37.860194]]]},"properties":{"id":"w824683464","b":"yes","lv":null,"n":null}},
{"type":"Feature","geometry":{"type":"Polygon","coordinates":[[[-122.283753,37.860355],[-122.283748,37.860335],[-122.283735,37.860337],[-122.283699,37.860179],[-122.283784,37.860167],[-122.283813,37.860297],[-122.283835,37.860293],[-122.283846,37.860342],[-122.283753,37.860355]]]},"properties":{"id":"w824683465","b":"yes","lv":null,"n":null}},
{"type":"Feature","geometry":{"type":"Polygon","coordinates":[[[-122.283328,37.860369],[-122.283301,37.860247],[-122.283396,37.860234],[-122.283422,37.860356],[-122.283328,37.860369]]]},"properties":{"id":"w824683467","b":"yes","lv":null,"n":null}},
{"type":"Feature","geometry":{"type":"Polygon","coordinates":[[[-122.284834,37.86022],[-122.284829,37.860196],[-122.284821,37.860197],[-122.284787,37.860028],[-122.284869,37.860018],[-122.284873,37.860034],[-122.284887,37.860033],[-122.284923,37.860209],[-122.284834,37.86022]]]},"properties":{"id":"w824683468","b":"yes","lv":null,"n":null}},
{"type":"Feature","geometry":{"type":"Polygon","coordinates":[[[-122.284392,37.8603],[-122.284349,37.860098],[-122.284433,37.860087],[-122.284476,37.860289],[-122.284392,37.8603]]]},"properties":{"id":"w824683469","b":"yes","lv":null,"n":null}},
{"type":"Feature","geometry":{"type":"Polygon","coordinates":[[[-122.283697,37.860325],[-122.283704,37.860358],[-122.283695,37.860359],[-122.283699,37.860375],[-122.283629,37.860385],[-122.283626,37.86037],[-122.283617,37.860371],[-122.283598,37.860284],[-122.283575,37.860288],[-122.283566,37.860248],[-122.283589,37.860245],[-122.283582,37.860215],[-122.283652,37.860205],[-122.283654,37.860214],[-122.283694,37.860208],[-122.28372,37.860322],[-122.283697,37.860325]]]},"properties":{"id":"w824683470","b":"yes","lv":null,"n":null}},
{"type":"Feature","geometry":{"type":"Polygon","coordinates":[[[-122.284574,37.860277],[-122.284531,37.860075],[-122.284616,37.860064],[-122.28466,37.860266],[-122.284574,37.860277]]]},"properties":{"id":"w824683471","b":"yes","lv":null,"n":null}},
{"type":"Feature","geometry":{"type":"Polygon","coordinates":[[[-122.284985,37.860229],[-122.284944,37.860026],[-122.28503,37.860015],[-122.285038,37.860056],[-122.28506,37.860053],[-122.285094,37.860216],[-122.284985,37.860229]]]},"properties":{"id":"w824683472","b":"yes","lv":null,"n":null}},
{"type":"Feature","geometry":{"type":"Polygon","coordinates":[[[-122.283968,37.860323],[-122.283938,37.860188],[-122.283972,37.860183],[-122.283969,37.860166],[-122.284039,37.860156],[-122.284072,37.860309],[-122.283968,37.860323]]]},"properties":{"id":"w824683473","b":"yes","lv":null,"n":null}},
{"type":"Feature","geometry":{"type":"Polygon","coordinates":[[[-122.283486,37.860894],[-122.283483,37.860878],[-122.283442,37.860883],[-122.283418,37.860763],[-122.283447,37.86076],[-122.283448,37.860765],[-122.283514,37.860757],[-122.28354,37.860887],[-122.283486,37.860894]]]},"properties":{"id":"w824683474","b":"yes","lv":null,"n":null}},
{"type":"Feature","geometry":{"type":"Polygon","coordinates":[[[-122.28413,37.860383],[-122.284119,37.86033],[-122.284144,37.860327],[-122.284128,37.860242],[-122.284094,37.860246],[-122.284075,37.86015],[-122.284169,37.860138],[-122.284214,37.860373],[-122.28413,37.860383]]]},"properties":{"id":"w824683475","b":"yes","lv":null,"n":null}},
{"type":"Feature","geometry":{"type":"Polygon","coordinates":[[[-122.284233,37.860319],[-122.284191,37.860116],[-122.284276,37.860105],[-122.284317,37.860308],[-122.284233,37.860319]]]},"properties":{"id":"w824683476","b":"yes","lv":null,"n":null}},
{"type":"Feature","geometry":{"type":"Polygon","coordinates":[[[-122.283224,37.860518],[-122.283214,37.860478],[-122.283252,37.860472],[-122.283222,37.860348],[-122.283193,37.860352],[-122.283197,37.860367],[-122.283147,37.860375],[-122.283143,37.860358],[-122.283096,37.860365],[-122.283077,37.860287],[-122.283127,37.860279],[-122.283123,37.860261],[-122.283189,37.860252],[-122.283194,37.860272],[-122.283242,37.860265],[-122.283251,37.860301],[-122.283276,37.860297],[-122.283309,37.860434],[-122.283303,37.860435],[-122.283319,37.860504],[-122.283224,37.860518]]]},"properties":{"id":"w824683478","b":"yes","lv":null,"n":null}},
{"type":"Feature","geometry":{"type":"Polygon","coordinates":[[[-122.283455,37.860351],[-122.283429,37.860232],[-122.283492,37.860223],[-122.283494,37.860233],[-122.283521,37.86023],[-122.283529,37.860267],[-122.283522,37.860268],[-122.283538,37.86034],[-122.283455,37.860351]]]},"properties":{"id":"w824683479","b":"yes","lv":null,"n":null}},
{"type":"Feature","geometry":{"type":"Polygon","coordinates":[[[-122.283891,37.860345],[-122.283853,37.860164],[-122.283913,37.860156],[-122.283952,37.860337],[-122.283891,37.860345]]]},"properties":{"id":"w824683480","b":"yes","lv":null,"n":null}},
{"type":"Feature","geometry":{"type":"Polygon","coordinates":[[[-122.28496,37.860535],[-122.284941,37.860452],[-122.284997,37.860444],[-122.285015,37.860527],[-122.28496,37.860535]]]},"properties":{"id":"w824683481","b":"yes","lv":null,"n":null}},
{"type":"Feature","geometry":{"type":"Polygon","coordinates":[[[-122.285034,37.860479],[-122.285026,37.860442],[-122.285123,37.860428],[-122.285131,37.860466],[-122.285034,37.860479]]]},"properties":{"id":"w824683482","b":"yes","lv":null,"n":null}},
{"type":"Feature","geometry":{"type":"Polygon","coordinates":[[[-122.283803,37.860834],[-122.28374,37.860842],[-122.283736,37.860826],[-122.283696,37.860831],[-122.283672,37.860712],[-122.283696,37.860709],[-122.283691,37.860688],[-122.283763,37.860679],[-122.283767,37.860701],[-122.283776,37.8607],[-122.283803,37.860834]]]},"properties":{"id":"w824683485","b":"yes","lv":null,"n":null}},
{"type":"Feature","geometry":{"type":"Polygon","coordinates":[[[-122.28392,37.860821],[-122.283922,37.860827],[-122.283892,37.860831],[-122.283891,37.860824],[-122.283847,37.860831],[-122.283809,37.860658],[-122.283862,37.860651],[-122.28387,37.860688],[-122.283924,37.860681],[-122.283954,37.860816],[-122.28392,37.860821]]]},"properties":{"id":"w824683486","b":"yes","lv":null,"n":null}},
{"type":"Feature","geometry":{"type":"Polygon","coordinates":[[[-122.284338,37.860785],[-122.284334,37.860766],[-122.284287,37.860772],[-122.284259,37.860634],[-122.284296,37.860629],[-122.284299,37.860645],[-122.28433,37.860641],[-122.284329,37.860633],[-122.284371,37.860628],[-122.284401,37.860776],[-122.284338,37.860785]]]},"properties":{"id":"w824683490","b":"yes","lv":null,"n":null}},
{"type":"Feature","geometry":{"type":"Polygon","coordinates":[[[-122.28422,37.860781],[-122.284224,37.860798],[-122.284166,37.860805],[-122.284163,37.860787],[-122.284139,37.86079],[-122.284117,37.86068],[-122.284221,37.860667],[-122.284243,37.860778],[-122.28422,37.860781]]]},"properties":{"id":"w824683491","b":"yes","lv":null,"n":null}},
{"type":"Feature","geometry":{"type":"Polygon","coordinates":[[[-122.284035,37.860806],[-122.284031,37.860788],[-122.283991,37.860793],[-122.283965,37.860674],[-122.284035,37.860665],[-122.284034,37.860659],[-122.284068,37.860654],[-122.284098,37.860798],[-122.284035,37.860806]]]},"properties":{"id":"w824683492","b":"yes","lv":null,"n":null}},
{"type":"Feature","geometry":{"type":"Polygon","coordinates":[[[-122.284672,37.860737],[-122.28463,37.860533],[-122.284732,37.86052],[-122.284774,37.860724],[-122.284672,37.860737]]]},"properties":{"id":"w824683493","b":"yes","lv":null,"n":null}},
{"type":"Feature","geometry":{"type":"Polygon","coordinates":[[[-122.284573,37.860733],[-122.28455,37.860624],[-122.284575,37.86062],[-122.28457,37.8606],[-122.284613,37.860594],[-122.28464,37.860724],[-122.284573,37.860733]]]},"properties":{"id":"w824683494","b":"yes","lv":null,"n":null}},
{"type":"Feature","geometry":{"type":"Polygon","coordinates":[[[-122.284453,37.860755],[-122.284449,37.860734],[-122.284431,37.860736],[-122.284398,37.860586],[-122.284503,37.860571],[-122.284541,37.860743],[-122.284453,37.860755]]]},"properties":{"id":"w824683495","b":"yes","lv":null,"n":null}},
{"type":"Feature","geometry":{"type":"Polygon","coordinates":[[[-122.284615,37.86112],[-122.284628,37.861177],[-122.284568,37.861185],[-122.284528,37.861008],[-122.284582,37.861001],[-122.28458,37.860993],[-122.284617,37.860988],[-122.284646,37.861116],[-122.284615,37.86112]]]},"properties":{"id":"w824683497","b":"yes","lv":null,"n":null}},
{"type":"Feature","geometry":{"type":"Polygon","coordinates":[[[-122.285072,37.860667],[-122.285044,37.860537],[-122.285152,37.860522],[-122.28518,37.860653],[-122.285072,37.860667]]]},"properties":{"id":"w824683498","b":"yes","lv":null,"n":null}},
{"type":"Feature","geometry":{"type":"Polygon","coordinates":[[[-122.284958,37.860687],[-122.284962,37.860706],[-122.284912,37.860713],[-122.284884,37.860573],[-122.284994,37.860559],[-122.285018,37.86068],[-122.284958,37.860687]]]},"properties":{"id":"w824683499","b":"yes","lv":null,"n":null}},
{"type":"Feature","geometry":{"type":"Polygon","coordinates":[[[-122.284841,37.860719],[-122.284837,37.860702],[-122.284799,37.860707],[-122.28477,37.860573],[-122.284854,37.860562],[-122.284887,37.860713],[-122.284841,37.860719]]]},"properties":{"id":"w824683500","b":"yes","lv":null,"n":null}},
{"type":"Feature","geometry":{"type":"Polygon","coordinates":[[[-122.285167,37.861302],[-122.285165,37.861293],[-122.285145,37.861295],[-122.285138,37.861261],[-122.285267,37.861245],[-122.285272,37.861271],[-122.285289,37.861269],[-122.285292,37.861287],[-122.285167,37.861302]]]},"properties":{"id":"w824683513","b":"yes","lv":null,"n":null}},
{"type":"Feature","geometry":{"type":"Polygon","coordinates":[[[-122.285196,37.861008],[-122.285194,37.860998],[-122.285162,37.861003],[-122.285139,37.860898],[-122.285166,37.860895],[-122.285163,37.860879],[-122.285202,37.860873],[-122.285205,37.860889],[-122.285225,37.860887],[-122.285244,37.86097],[-122.285238,37.860971],[-122.285244,37.861002],[-122.285196,37.861008]]]},"properties":{"id":"w824683519","b":"yes","lv":null,"n":null}},
{"type":"Feature","geometry":{"type":"Polygon","coordinates":[[[-122.285174,37.86114],[-122.285163,37.861083],[-122.285235,37.861074],[-122.285246,37.861131],[-122.285174,37.86114]]]},"properties":{"id":"w824683520","b":"yes","lv":null,"n":null}},
{"type":"Feature","geometry":{"type":"Polygon","coordinates":[[[-122.28292,37.859707],[-122.282905,37.859627],[-122.283019,37.859613],[-122.283034,37.859694],[-122.28292,37.859707]]]},"properties":{"id":"w824683521","b":"yes","lv":null,"n":null}},
{"type":"Feature","geometry":{"type":"Polygon","coordinates":[[[-122.285107,37.861231],[-122.285095,37.86117],[-122.285118,37.861167],[-122.285117,37.861162],[-122.285257,37.861145],[-122.285262,37.861173],[-122.285255,37.861174],[-122.285262,37.861212],[-122.285107,37.861231]]]},"properties":{"id":"w824683522","b":"yes","lv":null,"n":null}},
{"type":"Feature","geometry":{"type":"Polygon","coordinates":[[[-122.284703,37.861169],[-122.284691,37.861114],[-122.284683,37.861116],[-122.284672,37.861066],[-122.284664,37.861067],[-122.284653,37.861022],[-122.284661,37.86102],[-122.284654,37.860991],[-122.284743,37.860978],[-122.284772,37.861102],[-122.284764,37.861104],[-122.284777,37.861158],[-122.284703,37.861169]]]},"properties":{"id":"w824683523","b":"yes","lv":null,"n":null}},
{"type":"Feature","geometry":{"type":"Polygon","coordinates":[[[-122.284841,37.861109],[-122.284836,37.861086],[-122.284808,37.861089],[-122.284784,37.86097],[-122.284809,37.860967],[-122.284807,37.860958],[-122.28487,37.86095],[-122.284901,37.861101],[-122.284841,37.861109]]]},"properties":{"id":"w824683524","b":"yes","lv":null,"n":null}},
{"type":"Feature","geometry":{"type":"Polygon","coordinates":[[[-122.284912,37.861073],[-122.284885,37.860938],[-122.284941,37.860931],[-122.28494,37.860924],[-122.284981,37.860919],[-122.28501,37.86106],[-122.284912,37.861073]]]},"properties":{"id":"w824683525","b":"yes","lv":null,"n":null}},
{"type":"Feature","geometry":{"type":"Polygon","coordinates":[[[-122.285036,37.861029],[-122.285012,37.860907],[-122.285072,37.860899],[-122.285075,37.860913],[-122.285109,37.860909],[-122.28513,37.861018],[-122.285036,37.861029]]]},"properties":{"id":"w824683526","b":"yes","lv":null,"n":null}},
{"type":"Feature","geometry":{"type":"Polygon","coordinates":[[[-122.283948,37.86123],[-122.283917,37.861081],[-122.283989,37.861072],[-122.283987,37.861059],[-122.284012,37.861055],[-122.284046,37.861218],[-122.283948,37.86123]]]},"properties":{"id":"w824683527","b":"yes","lv":null,"n":null}},
{"type":"Feature","geometry":{"type":"Polygon","coordinates":[[[-122.284096,37.861193],[-122.284091,37.861171],[-122.284079,37.861172],[-122.284055,37.861048],[-122.284109,37.861041],[-122.284112,37.861055],[-122.284156,37.86105],[-122.284183,37.861182],[-122.284096,37.861193]]]},"properties":{"id":"w824683528","b":"yes","lv":null,"n":null}},
{"type":"Feature","geometry":{"type":"Polygon","coordinates":[[[-122.284411,37.861248],[-122.284392,37.86116],[-122.284383,37.861161],[-122.28439,37.861195],[-122.284325,37.861204],[-122.284288,37.861028],[-122.284337,37.861022],[-122.284339,37.861031],[-122.284382,37.861026],[-122.28441,37.861158],[-122.28443,37.861155],[-122.284449,37.861243],[-122.284411,37.861248]]]},"properties":{"id":"w824683529","b":"yes","lv":null,"n":null}},
{"type":"Feature","geometry":{"type":"Polygon","coordinates":[[[-122.28444,37.861154],[-122.284411,37.861014],[-122.28445,37.861009],[-122.284453,37.86102],[-122.284508,37.861013],[-122.284535,37.861141],[-122.28444,37.861154]]]},"properties":{"id":"w824683530","b":"yes","lv":null,"n":null}},
{"type":"Feature","geometry":{"type":"Polygon","coordinates":[[[-122.28325,37.861399],[-122.283236,37.861334],[-122.283313,37.861324],[-122.283311,37.861313],[-122.283397,37.861302],[-122.283401,37.861318],[-122.283458,37.86131],[-122.283491,37.861368],[-122.28325,37.861399]]]},"properties":{"id":"w824683531","b":"yes","lv":null,"n":null}},
{"type":"Feature","geometry":{"type":"Polygon","coordinates":[[[-122.283681,37.861223],[-122.283674,37.861185],[-122.283657,37.861187],[-122.283641,37.861108],[-122.28373,37.861097],[-122.283754,37.861213],[-122.283681,37.861223]]]},"properties":{"id":"w824683533","b":"yes","lv":null,"n":null}},
{"type":"Feature","geometry":{"type":"Polygon","coordinates":[[[-122.283782,37.861212],[-122.283752,37.861088],[-122.283819,37.861078],[-122.283823,37.861094],[-122.283863,37.861088],[-122.283889,37.861196],[-122.283782,37.861212]]]},"properties":{"id":"w824683534","b":"yes","lv":null,"n":null}},
{"type":"Feature","geometry":{"type":"Polygon","coordinates":[[[-122.283803,37.861713],[-122.283794,37.861668],[-122.283776,37.861671],[-122.283765,37.861619],[-122.283837,37.86161],[-122.28384,37.861625],[-122.283856,37.861706],[-122.283803,37.861713]]]},"properties":{"id":"w824683535","b":"yes","lv":null,"n":null}},
{"type":"Feature","geometry":{"type":"Polygon","coordinates":[[[-122.283904,37.861675],[-122.283909,37.861699],[-122.283856,37.861706],[-122.28384,37.861625],[-122.283912,37.861616],[-122.283923,37.861673],[-122.283904,37.861675]]]},"properties":{"id":"w824683536","b":"yes","lv":null,"n":null}},
{"type":"Feature","geometry":{"type":"Polygon","coordinates":[[[-122.283298,37.861574],[-122.283288,37.861528],[-122.283379,37.861517],[-122.283388,37.861563],[-122.283298,37.861574]]]},"properties":{"id":"w824683537","b":"yes","lv":null,"n":null}},
{"type":"Feature","geometry":{"type":"Polygon","coordinates":[[[-122.283482,37.861451],[-122.283488,37.861482],[-122.283305,37.861504],[-122.283292,37.861439],[-122.283474,37.861417],[-122.283475,37.861423],[-122.283486,37.861422],[-122.283491,37.86145],[-122.283482,37.861451]]]},"properties":{"id":"w824683538","b":"yes","lv":null,"n":null}},
{"type":"Feature","geometry":{"type":"Polygon","coordinates":[[[-122.283542,37.859961],[-122.283518,37.859857],[-122.283543,37.859854],[-122.283533,37.859813],[-122.28359,37.859805],[-122.283623,37.859949],[-122.283542,37.859961]]]},"properties":{"id":"w824683539","b":"yes","lv":null,"n":null}},
{"type":"Feature","geometry":{"type":"Polygon","coordinates":[[[-122.284485,37.861629],[-122.284484,37.861623],[-122.284426,37.861631],[-122.284404,37.861524],[-122.284448,37.861518],[-122.284433,37.861447],[-122.284484,37.86144],[-122.284522,37.861624],[-122.284485,37.861629]]]},"properties":{"id":"w824683540","b":"yes","lv":null,"n":null}},
{"type":"Feature","geometry":{"type":"Polygon","coordinates":[[[-122.285635,37.859203],[-122.285548,37.859212],[-122.285547,37.859202],[-122.285526,37.859204],[-122.2855,37.859055],[-122.28558,37.859047],[-122.285585,37.859079],[-122.285614,37.859076],[-122.285635,37.859203]]]},"properties":{"id":"w824683545","b":"yes","lv":null,"n":null}},
{"type":"Feature","geometry":{"type":"Polygon","coordinates":[[[-122.280959,37.860648],[-122.280951,37.860596],[-122.281017,37.860589],[-122.281026,37.860642],[-122.280959,37.860648]]]},"properties":{"id":"w824683546","b":"yes","lv":null,"n":null}},
{"type":"Feature","geometry":{"type":"Polygon","coordinates":[[[-122.286755,37.860809],[-122.286735,37.860709],[-122.28683,37.860697],[-122.28685,37.860797],[-122.286755,37.860809]]]},"properties":{"id":"w824683551","b":"yes","lv":null,"n":null}},
{"type":"Feature","geometry":{"type":"Polygon","coordinates":[[[-122.285508,37.861066],[-122.285496,37.861001],[-122.285592,37.86099],[-122.285604,37.861055],[-122.285508,37.861066]]]},"properties":{"id":"w824683552","b":"yes","lv":null,"n":null}},
{"type":"Feature","geometry":{"type":"Polygon","coordinates":[[[-122.286647,37.860872],[-122.286616,37.860721],[-122.286646,37.860717],[-122.286643,37.860701],[-122.286708,37.860693],[-122.286743,37.86086],[-122.286647,37.860872]]]},"properties":{"id":"w824683553","b":"yes","lv":null,"n":null}},
{"type":"Feature","geometry":{"type":"Polygon","coordinates":[[[-122.286581,37.86086],[-122.286583,37.860867],[-122.286518,37.860876],[-122.28649,37.860739],[-122.286592,37.860726],[-122.286618,37.860855],[-122.286581,37.86086]]]},"properties":{"id":"w824683560","b":"yes","lv":null,"n":null}},
{"type":"Feature","geometry":{"type":"Polygon","coordinates":[[[-122.286279,37.86091],[-122.286247,37.860764],[-122.286353,37.86075],[-122.286384,37.860896],[-122.286279,37.86091]]]},"properties":{"id":"w824683561","b":"yes","lv":null,"n":null}},
{"type":"Feature","geometry":{"type":"Polygon","coordinates":[[[-122.286412,37.860928],[-122.286378,37.860762],[-122.286473,37.86075],[-122.286507,37.860915],[-122.286412,37.860928]]]},"properties":{"id":"w824683562","b":"yes","lv":null,"n":null}},
{"type":"Feature","geometry":{"type":"Polygon","coordinates":[[[-122.286028,37.860952],[-122.286,37.860816],[-122.286104,37.860802],[-122.286133,37.860938],[-122.286028,37.860952]]]},"properties":{"id":"w824683565","b":"yes","lv":null,"n":null}},
{"type":"Feature","geometry":{"type":"Polygon","coordinates":[[[-122.286182,37.86093],[-122.286175,37.860895],[-122.286161,37.860896],[-122.286144,37.86081],[-122.28624,37.860798],[-122.286263,37.86092],[-122.286182,37.86093]]]},"properties":{"id":"w824683569","b":"yes","lv":null,"n":null}},
{"type":"Feature","geometry":{"type":"Polygon","coordinates":[[[-122.285659,37.860969],[-122.285656,37.860955],[-122.285615,37.86096],[-122.28559,37.86084],[-122.285643,37.860833],[-122.285646,37.860851],[-122.285688,37.860846],[-122.285712,37.860962],[-122.285659,37.860969]]]},"properties":{"id":"w824683570","b":"yes","lv":null,"n":null}},
{"type":"Feature","geometry":{"type":"Polygon","coordinates":[[[-122.285759,37.860996],[-122.285729,37.860823],[-122.285788,37.860817],[-122.285791,37.860831],[-122.285828,37.860827],[-122.285855,37.860985],[-122.285759,37.860996]]]},"properties":{"id":"w824683573","b":"yes","lv":null,"n":null}},
{"type":"Feature","geometry":{"type":"Polygon","coordinates":[[[-122.285577,37.861245],[-122.285569,37.861205],[-122.285681,37.861191],[-122.285689,37.861231],[-122.285577,37.861245]]]},"properties":{"id":"w824683574","b":"yes","lv":null,"n":null}},
{"type":"Feature","geometry":{"type":"Polygon","coordinates":[[[-122.285718,37.861497],[-122.285692,37.86136],[-122.285772,37.86135],[-122.285795,37.86147],[-122.285767,37.861473],[-122.28577,37.86149],[-122.285718,37.861497]]]},"properties":{"id":"w824683576","b":"yes","lv":null,"n":null}},
{"type":"Feature","geometry":{"type":"Polygon","coordinates":[[[-122.285574,37.861511],[-122.285544,37.861362],[-122.285645,37.86135],[-122.285652,37.861386],[-122.285674,37.861383],[-122.285683,37.861427],[-122.28566,37.86143],[-122.285674,37.861499],[-122.285574,37.861511]]]},"properties":{"id":"w824683577","b":"yes","lv":null,"n":null}},
{"type":"Feature","geometry":{"type":"Polygon","coordinates":[[[-122.285529,37.861302],[-122.285522,37.861265],[-122.285599,37.861256],[-122.285606,37.861293],[-122.285529,37.861302]]]},"properties":{"id":"w824683578","b":"yes","lv":null,"n":null}},
{"type":"Feature","geometry":{"type":"Polygon","coordinates":[[[-122.285538,37.861177],[-122.285524,37.861106],[-122.28568,37.861086],[-122.285694,37.861157],[-122.285538,37.861177]]]},"properties":{"id":"w824683579","b":"yes","lv":null,"n":null}},
{"type":"Feature","geometry":{"type":"Polygon","coordinates":[[[-122.286269,37.861404],[-122.286247,37.861286],[-122.286277,37.861283],[-122.286273,37.861264],[-122.286329,37.861257],[-122.286355,37.861393],[-122.286269,37.861404]]]},"properties":{"id":"w824683580","b":"yes","lv":null,"n":null}},
{"type":"Feature","geometry":{"type":"Polygon","coordinates":[[[-122.286247,37.861413],[-122.286172,37.861422],[-122.286176,37.861439],[-122.286139,37.861444],[-122.286113,37.861315],[-122.286225,37.861301],[-122.286247,37.861413]]]},"properties":{"id":"w824683581","b":"yes","lv":null,"n":null}},
{"type":"Feature","geometry":{"type":"Polygon","coordinates":[[[-122.285991,37.861445],[-122.285982,37.861403],[-122.285974,37.861404],[-122.285965,37.861364],[-122.285974,37.861363],[-122.285963,37.861311],[-122.286063,37.861298],[-122.286091,37.861431],[-122.285991,37.861445]]]},"properties":{"id":"w824683582","b":"yes","lv":null,"n":null}},
{"type":"Feature","geometry":{"type":"Polygon","coordinates":[[[-122.285878,37.861458],[-122.285852,37.861333],[-122.285914,37.861325],[-122.285916,37.861335],[-122.285945,37.861331],[-122.285969,37.861446],[-122.285878,37.861458]]]},"properties":{"id":"w824683583","b":"yes","lv":null,"n":null}},
{"type":"Feature","geometry":{"type":"Polygon","coordinates":[[[-122.286755,37.861345],[-122.286727,37.861209],[-122.286765,37.861204],[-122.286757,37.861164],[-122.28681,37.861157],[-122.286847,37.861333],[-122.286755,37.861345]]]},"properties":{"id":"w824683584","b":"yes","lv":null,"n":null}},
{"type":"Feature","geometry":{"type":"Polygon","coordinates":[[[-122.286702,37.861375],[-122.286698,37.861356],[-122.286643,37.861363],[-122.286616,37.861237],[-122.28663,37.861236],[-122.286624,37.861204],[-122.286622,37.861205],[-122.286622,37.861205],[-122.286708,37.861193],[-122.286746,37.86137],[-122.286702,37.861375]]]},"properties":{"id":"w824683585","b":"yes","lv":null,"n":null}},
{"type":"Feature","geometry":{"type":"Polygon","coordinates":[[[-122.2866,37.861364],[-122.286515,37.861374],[-122.286495,37.861264],[-122.286519,37.861261],[-122.28651,37.861212],[-122.286571,37.861206],[-122.2866,37.861364]]]},"properties":{"id":"w824683586","b":"yes","lv":null,"n":null}},
{"type":"Feature","geometry":{"type":"Polygon","coordinates":[[[-122.286439,37.86139],[-122.286437,37.861375],[-122.286393,37.86138],[-122.286374,37.861268],[-122.286398,37.861265],[-122.286391,37.861225],[-122.286428,37.861221],[-122.286435,37.861262],[-122.286462,37.861259],[-122.286484,37.861385],[-122.286439,37.86139]]]},"properties":{"id":"w824683587","b":"yes","lv":null,"n":null}},
{"type":"Feature","geometry":{"type":"Polygon","coordinates":[[[-122.286992,37.861084],[-122.286999,37.861114],[-122.286927,37.861124],[-122.286913,37.861058],[-122.286969,37.86105],[-122.286964,37.861026],[-122.286991,37.861022],[-122.286987,37.861003],[-122.287115,37.860985],[-122.287132,37.861066],[-122.286992,37.861084]]]},"properties":{"id":"w824683589","b":"yes","lv":null,"n":null}},
{"type":"Feature","geometry":{"type":"Polygon","coordinates":[[[-122.287031,37.860775],[-122.287032,37.860781],[-122.287008,37.860785],[-122.286979,37.860644],[-122.287029,37.860638],[-122.287033,37.860656],[-122.287081,37.86065],[-122.287105,37.860766],[-122.287031,37.860775]]]},"properties":{"id":"w824683591","b":"yes","lv":null,"n":null}},
{"type":"Feature","geometry":{"type":"Polygon","coordinates":[[[-122.286916,37.860782],[-122.286918,37.860791],[-122.286884,37.860795],[-122.286861,37.860672],[-122.286956,37.860661],[-122.286977,37.860775],[-122.286916,37.860782]]]},"properties":{"id":"w824683592","b":"yes","lv":null,"n":null}},
{"type":"Feature","geometry":{"type":"Polygon","coordinates":[[[-122.287171,37.861303],[-122.287115,37.86131],[-122.287118,37.861326],[-122.287048,37.861335],[-122.287031,37.861247],[-122.287085,37.861241],[-122.287083,37.861231],[-122.287097,37.861229],[-122.287099,37.861241],[-122.287158,37.861233],[-122.287171,37.861303]]]},"properties":{"id":"w824683593","b":"yes","lv":null,"n":null}},
{"type":"Feature","geometry":{"type":"Polygon","coordinates":[[[-122.287163,37.861213],[-122.287024,37.861231],[-122.287022,37.861224],[-122.287008,37.861226],[-122.286997,37.861173],[-122.287012,37.861171],[-122.287008,37.86115],[-122.287018,37.861149],[-122.287012,37.861124],[-122.287084,37.861114],[-122.287089,37.86114],[-122.287147,37.861133],[-122.287163,37.861213]]]},"properties":{"id":"w824683594","b":"yes","lv":null,"n":null}},
{"type":"Feature","geometry":{"type":"Polygon","coordinates":[[[-122.286924,37.86134],[-122.286921,37.861327],[-122.286867,37.861333],[-122.286839,37.86119],[-122.286916,37.86118],[-122.286923,37.861212],[-122.286944,37.86121],[-122.286969,37.861335],[-122.286924,37.86134]]]},"properties":{"id":"w824683595","b":"yes","lv":null,"n":null}},
{"type":"Feature","geometry":{"type":"Polygon","coordinates":[[[-122.287115,37.860957],[-122.287118,37.860968],[-122.286914,37.860993],[-122.286902,37.86093],[-122.287033,37.860915],[-122.287031,37.860906],[-122.287101,37.860897],[-122.287107,37.860929],[-122.287124,37.860927],[-122.28713,37.860955],[-122.287115,37.860957]]]},"properties":{"id":"w824683596","b":"yes","lv":null,"n":null}},
{"type":"Feature","geometry":{"type":"Polygon","coordinates":[[[-122.28756,37.860662],[-122.287547,37.860601],[-122.28763,37.860591],[-122.287642,37.860651],[-122.28756,37.860662]]]},"properties":{"id":"w824683597","b":"yes","lv":null,"n":null}},
{"type":"Feature","geometry":{"type":"Polygon","coordinates":[[[-122.287591,37.860724],[-122.28758,37.860668],[-122.287651,37.86066],[-122.287661,37.860716],[-122.287591,37.860724]]]},"properties":{"id":"w824683598","b":"yes","lv":null,"n":null}},
{"type":"Feature","geometry":{"type":"Polygon","coordinates":[[[-122.288224,37.860652],[-122.288229,37.860675],[-122.288176,37.860681],[-122.28815,37.860546],[-122.288198,37.86054],[-122.288195,37.860526],[-122.288222,37.860523],[-122.288246,37.860649],[-122.288224,37.860652]]]},"properties":{"id":"w824683601","b":"yes","lv":null,"n":null}},
{"type":"Feature","geometry":{"type":"Polygon","coordinates":[[[-122.28804,37.860667],[-122.288008,37.860532],[-122.288109,37.860517],[-122.288141,37.860652],[-122.28804,37.860667]]]},"properties":{"id":"w824683602","b":"yes","lv":null,"n":null}},
{"type":"Feature","geometry":{"type":"Polygon","coordinates":[[[-122.287904,37.860724],[-122.287883,37.860609],[-122.287915,37.860606],[-122.287912,37.860587],[-122.287962,37.860581],[-122.287966,37.8606],[-122.287998,37.860596],[-122.288019,37.860711],[-122.287904,37.860724]]]},"properties":{"id":"w824683603","b":"yes","lv":null,"n":null}},
{"type":"Feature","geometry":{"type":"Polygon","coordinates":[[[-122.287804,37.860829],[-122.287724,37.860838],[-122.287688,37.860647],[-122.287755,37.860639],[-122.287761,37.860673],[-122.287775,37.860671],[-122.287804,37.860829]]]},"properties":{"id":"w824683604","b":"yes","lv":null,"n":null}},
{"type":"Feature","geometry":{"type":"Polygon","coordinates":[[[-122.288451,37.860623],[-122.288424,37.860484],[-122.288495,37.860476],[-122.288493,37.860468],[-122.288531,37.860463],[-122.288559,37.86061],[-122.288451,37.860623]]]},"properties":{"id":"w824683605","b":"yes","lv":null,"n":null}},
{"type":"Feature","geometry":{"type":"Polygon","coordinates":[[[-122.288311,37.860618],[-122.288289,37.860504],[-122.288393,37.860492],[-122.288415,37.860605],[-122.288311,37.860618]]]},"properties":{"id":"w824683608","b":"yes","lv":null,"n":null}},
{"type":"Feature","geometry":{"type":"Polygon","coordinates":[[[-122.288675,37.860603],[-122.288672,37.860588],[-122.288593,37.860597],[-122.288571,37.860477],[-122.2886,37.860474],[-122.288597,37.860457],[-122.288645,37.860452],[-122.288648,37.860468],[-122.288677,37.860464],[-122.288693,37.860554],[-122.288704,37.860552],[-122.288713,37.860599],[-122.288675,37.860603]]]},"properties":{"id":"w824683612","b":"yes","lv":null,"n":null}},
{"type":"Feature","geometry":{"type":"Polygon","coordinates":[[[-122.289207,37.86074],[-122.289212,37.860764],[-122.288984,37.860792],[-122.28897,37.860718],[-122.289268,37.860682],[-122.289278,37.860732],[-122.289207,37.86074]]]},"properties":{"id":"w824683613","b":"yes","lv":null,"n":null}},
{"type":"Feature","geometry":{"type":"Polygon","coordinates":[[[-122.28856,37.861123],[-122.288519,37.86091],[-122.288597,37.860901],[-122.288639,37.861113],[-122.28856,37.861123]]]},"properties":{"id":"w824683617","b":"yes","lv":null,"n":null}},
{"type":"Feature","geometry":{"type":"Polygon","coordinates":[[[-122.28867,37.861109],[-122.288625,37.860901],[-122.288708,37.860889],[-122.288753,37.861097],[-122.28867,37.861109]]]},"properties":{"id":"w824683620","b":"yes","lv":null,"n":null}},
{"type":"Feature","geometry":{"type":"Polygon","coordinates":[[[-122.288763,37.861082],[-122.288742,37.860962],[-122.288783,37.860958],[-122.28878,37.860938],[-122.288825,37.860933],[-122.288849,37.861073],[-122.288763,37.861082]]]},"properties":{"id":"w824683621","b":"yes","lv":null,"n":null}},
{"type":"Feature","geometry":{"type":"Polygon","coordinates":[[[-122.288877,37.861067],[-122.288852,37.860928],[-122.28894,37.860919],[-122.288965,37.861057],[-122.288877,37.861067]]]},"properties":{"id":"w824683622","b":"yes","lv":null,"n":null}},
{"type":"Feature","geometry":{"type":"Polygon","coordinates":[[[-122.288027,37.861103],[-122.288034,37.861152],[-122.287925,37.861163],[-122.287907,37.86105],[-122.287935,37.861047],[-122.287934,37.861036],[-122.288021,37.861027],[-122.288023,37.861039],[-122.288016,37.861039],[-122.288022,37.861074],[-122.288039,37.861072],[-122.288044,37.861101],[-122.288027,37.861103]]]},"properties":{"id":"w824683623","b":"yes","lv":null,"n":null}},
{"type":"Feature","geometry":{"type":"Polygon","coordinates":[[[-122.28813,37.861151],[-122.288134,37.861168],[-122.288079,37.861175],[-122.288047,37.86102],[-122.288144,37.861008],[-122.288172,37.861145],[-122.28813,37.861151]]]},"properties":{"id":"w824683625","b":"yes","lv":null,"n":null}},
{"type":"Feature","geometry":{"type":"Polygon","coordinates":[[[-122.288191,37.861179],[-122.288178,37.861111],[-122.288185,37.861111],[-122.288137,37.86087],[-122.28822,37.86086],[-122.288226,37.860892],[-122.288244,37.86089],[-122.288247,37.860904],[-122.288228,37.860907],[-122.288243,37.860982],[-122.288257,37.860981],[-122.288259,37.860991],[-122.288245,37.860993],[-122.288266,37.8611],[-122.288328,37.861092],[-122.28829,37.8609],[-122.288281,37.860901],[-122.288278,37.860884],[-122.288286,37.860883],[-122.28828,37.860851],[-122.288362,37.86084],[-122.288424,37.86115],[-122.288191,37.861179]]]},"properties":{"id":"w824683626","b":"yes","lv":null,"n":null}},
{"type":"Feature","geometry":{"type":"Polygon","coordinates":[[[-122.288447,37.861142],[-122.288438,37.86109],[-122.288449,37.861089],[-122.288433,37.861002],[-122.288414,37.861004],[-122.288406,37.860958],[-122.288503,37.860948],[-122.288518,37.861031],[-122.288528,37.86103],[-122.288531,37.86105],[-122.288523,37.861051],[-122.288537,37.861132],[-122.288447,37.861142]]]},"properties":{"id":"w824683628","b":"yes","lv":null,"n":null}},
{"type":"Feature","geometry":{"type":"Polygon","coordinates":[[[-122.287511,37.861088],[-122.287504,37.861055],[-122.287566,37.861048],[-122.287572,37.86108],[-122.287511,37.861088]]]},"properties":{"id":"w824683629","b":"yes","lv":null,"n":null}},
{"type":"Feature","geometry":{"type":"Polygon","coordinates":[[[-122.287549,37.861265],[-122.287547,37.861251],[-122.287495,37.861258],[-122.287471,37.861141],[-122.287483,37.86114],[-122.28748,37.861128],[-122.287521,37.861123],[-122.287523,37.861134],[-122.287572,37.861127],[-122.287599,37.861259],[-122.287549,37.861265]]]},"properties":{"id":"w824683630","b":"yes","lv":null,"n":null}},
{"type":"Feature","geometry":{"type":"Polygon","coordinates":[[[-122.28764,37.861238],[-122.287612,37.861095],[-122.287704,37.861084],[-122.287732,37.861227],[-122.28764,37.861238]]]},"properties":{"id":"w824683631","b":"yes","lv":null,"n":null}},
{"type":"Feature","geometry":{"type":"Polygon","coordinates":[[[-122.287767,37.86122],[-122.287737,37.861064],[-122.287842,37.861052],[-122.287871,37.861207],[-122.287767,37.86122]]]},"properties":{"id":"w824683632","b":"yes","lv":null,"n":null}},
{"type":"Feature","geometry":{"type":"Polygon","coordinates":[[[-122.287307,37.860697],[-122.287291,37.860609],[-122.28735,37.860602],[-122.287351,37.860608],[-122.287415,37.860601],[-122.287419,37.860623],[-122.287446,37.86062],[-122.287457,37.86068],[-122.287307,37.860697]]]},"properties":{"id":"w824683633","b":"yes","lv":null,"n":null}},
{"type":"Feature","geometry":{"type":"Polygon","coordinates":[[[-122.287496,37.860767],[-122.287501,37.860794],[-122.287353,37.860812],[-122.287344,37.860766],[-122.287323,37.860768],[-122.287317,37.860737],[-122.287486,37.860716],[-122.287489,37.860728],[-122.287507,37.860726],[-122.287515,37.860765],[-122.287496,37.860767]]]},"properties":{"id":"w824683634","b":"yes","lv":null,"n":null}},
{"type":"Feature","geometry":{"type":"Polygon","coordinates":[[[-122.287379,37.860934],[-122.28737,37.860893],[-122.287347,37.860896],[-122.287339,37.860858],[-122.287509,37.860835],[-122.287526,37.860914],[-122.287379,37.860934]]]},"properties":{"id":"w824683635","b":"yes","lv":null,"n":null}},
{"type":"Feature","geometry":{"type":"Polygon","coordinates":[[[-122.287404,37.861041],[-122.287384,37.860951],[-122.287515,37.860933],[-122.287534,37.861023],[-122.287404,37.861041]]]},"properties":{"id":"w824683636","b":"yes","lv":null,"n":null}},
{"type":"Feature","geometry":{"type":"Polygon","coordinates":[[[-122.287344,37.859851],[-122.287348,37.859866],[-122.287282,37.859875],[-122.28725,37.859727],[-122.287313,37.859719],[-122.287316,37.859733],[-122.287351,37.859728],[-122.287376,37.859847],[-122.287344,37.859851]]]},"properties":{"id":"w824683637","b":"yes","lv":null,"n":null}},
{"type":"Feature","geometry":{"type":"Polygon","coordinates":[[[-122.287727,37.85979],[-122.287734,37.859828],[-122.287671,37.859836],[-122.287664,37.859797],[-122.287645,37.859799],[-122.287623,37.859678],[-122.287713,37.859668],[-122.287735,37.859789],[-122.287727,37.85979]]]},"properties":{"id":"w824683641","b":"yes","lv":null,"n":null}},
{"type":"Feature","geometry":{"type":"Polygon","coordinates":[[[-122.287411,37.859856],[-122.287385,37.85971],[-122.287438,37.859704],[-122.28744,37.859718],[-122.287482,37.859713],[-122.287505,37.859845],[-122.287411,37.859856]]]},"properties":{"id":"w824683644","b":"yes","lv":null,"n":null}},
{"type":"Feature","geometry":{"type":"Polygon","coordinates":[[[-122.288865,37.859751],[-122.288858,37.859713],[-122.288933,37.859703],[-122.288941,37.859742],[-122.288865,37.859751]]]},"properties":{"id":"w824683647","b":"yes","lv":null,"n":null}},
{"type":"Feature","geometry":{"type":"Polygon","coordinates":[[[-122.287801,37.859869],[-122.287761,37.859666],[-122.287817,37.859659],[-122.287815,37.859651],[-122.287855,37.859646],[-122.287882,37.859785],[-122.287898,37.859783],[-122.287912,37.859855],[-122.287801,37.859869]]]},"properties":{"id":"w824683648","b":"yes","lv":null,"n":null}},
{"type":"Feature","geometry":{"type":"Polygon","coordinates":[[[-122.288343,37.86026],[-122.2883,37.860036],[-122.288362,37.860028],[-122.288393,37.860025],[-122.288436,37.860249],[-122.288343,37.86026]]]},"properties":{"id":"w824683649","b":"yes","lv":null,"n":null}},
{"type":"Feature","geometry":{"type":"Polygon","coordinates":[[[-122.287763,37.860324],[-122.287766,37.860336],[-122.28771,37.860343],[-122.287681,37.860195],[-122.287746,37.860187],[-122.287752,37.860216],[-122.28779,37.860211],[-122.287811,37.860318],[-122.287763,37.860324]]]},"properties":{"id":"w824683653","b":"yes","lv":null,"n":null}},
{"type":"Feature","geometry":{"type":"Polygon","coordinates":[[[-122.287902,37.860308],[-122.287904,37.860318],[-122.287841,37.860326],[-122.28781,37.86017],[-122.287894,37.86016],[-122.287897,37.860174],[-122.287918,37.860172],[-122.287945,37.860303],[-122.287902,37.860308]]]},"properties":{"id":"w824683654","b":"yes","lv":null,"n":null}},
{"type":"Feature","geometry":{"type":"Polygon","coordinates":[[[-122.288027,37.860293],[-122.288029,37.860302],[-122.287969,37.860309],[-122.287945,37.860187],[-122.287978,37.860183],[-122.287974,37.860163],[-122.288043,37.860154],[-122.28807,37.860287],[-122.288027,37.860293]]]},"properties":{"id":"w824683655","b":"yes","lv":null,"n":null}},
{"type":"Feature","geometry":{"type":"Polygon","coordinates":[[[-122.288226,37.860261],[-122.288203,37.860154],[-122.288254,37.860147],[-122.288248,37.860119],[-122.288277,37.860115],[-122.288295,37.8602],[-122.288303,37.860199],[-122.288314,37.860249],[-122.288226,37.860261]]]},"properties":{"id":"w824683656","b":"yes","lv":null,"n":null}},
{"type":"Feature","geometry":{"type":"Polygon","coordinates":[[[-122.287424,37.860384],[-122.287412,37.860385],[-122.287415,37.860397],[-122.28727,37.860415],[-122.287255,37.860336],[-122.287399,37.860319],[-122.287407,37.860359],[-122.287419,37.860358],[-122.287424,37.860384]]]},"properties":{"id":"w824683658","b":"yes","lv":null,"n":null}},
{"type":"Feature","geometry":{"type":"Polygon","coordinates":[[[-122.287504,37.860381],[-122.287493,37.860324],[-122.28756,37.860316],[-122.287571,37.860373],[-122.287504,37.860381]]]},"properties":{"id":"w824683659","b":"yes","lv":null,"n":null}},
{"type":"Feature","geometry":{"type":"Polygon","coordinates":[[[-122.287642,37.86034],[-122.287644,37.860349],[-122.28759,37.860355],[-122.287561,37.860197],[-122.287663,37.860186],[-122.28769,37.860334],[-122.287642,37.86034]]]},"properties":{"id":"w824683660","b":"yes","lv":null,"n":null}},
{"type":"Feature","geometry":{"type":"Polygon","coordinates":[[[-122.287208,37.859958],[-122.287203,37.859934],[-122.287173,37.859938],[-122.28714,37.859785],[-122.287127,37.859787],[-122.287117,37.859742],[-122.287157,37.859737],[-122.287155,37.859729],[-122.287229,37.859719],[-122.287259,37.859864],[-122.287236,37.859867],[-122.28724,37.859886],[-122.287253,37.859885],[-122.287267,37.85995],[-122.287208,37.859958]]]},"properties":{"id":"w824683661","b":"yes","lv":null,"n":null}},
{"type":"Feature","geometry":{"type":"Polygon","coordinates":[[[-122.287199,37.860059],[-122.287185,37.860001],[-122.287271,37.859988],[-122.287285,37.860047],[-122.287199,37.860059]]]},"properties":{"id":"w824683662","b":"yes","lv":null,"n":null}},
{"type":"Feature","geometry":{"type":"Polygon","coordinates":[[[-122.287217,37.860156],[-122.287202,37.86008],[-122.287384,37.860057],[-122.287399,37.860133],[-122.287217,37.860156]]]},"properties":{"id":"w824683663","b":"yes","lv":null,"n":null}},
{"type":"Feature","geometry":{"type":"Polygon","coordinates":[[[-122.287391,37.860223],[-122.287394,37.860237],[-122.287384,37.860238],[-122.287388,37.860257],[-122.28724,37.860277],[-122.287223,37.860198],[-122.287405,37.860174],[-122.287415,37.86022],[-122.287391,37.860223]]]},"properties":{"id":"w824683664","b":"yes","lv":null,"n":null}},
{"type":"Feature","geometry":{"type":"Polygon","coordinates":[[[-122.287015,37.859175],[-122.286999,37.859096],[-122.287143,37.859078],[-122.287158,37.859158],[-122.287015,37.859175]]]},"properties":{"id":"w824683665","b":"yes","lv":null,"n":null}},
{"type":"Feature","geometry":{"type":"Polygon","coordinates":[[[-122.287131,37.859025],[-122.286991,37.859042],[-122.286975,37.858961],[-122.287115,37.858944],[-122.287126,37.859001],[-122.287131,37.859025]]]},"properties":{"id":"w824683666","b":"yes","lv":null,"n":null}},
{"type":"Feature","geometry":{"type":"Polygon","coordinates":[[[-122.287096,37.858921],[-122.287094,37.858913],[-122.287083,37.858914],[-122.287085,37.858926],[-122.287063,37.858928],[-122.287061,37.858919],[-122.287042,37.858922],[-122.287044,37.85893],[-122.287026,37.858933],[-122.287024,37.858924],[-122.286964,37.858932],[-122.286949,37.858853],[-122.287021,37.858844],[-122.287018,37.858829],[-122.287036,37.858827],[-122.287038,37.858842],[-122.287045,37.858841],[-122.287041,37.858818],[-122.28709,37.858812],[-122.287102,37.858872],[-122.287157,37.858865],[-122.287166,37.858912],[-122.287096,37.858921]]]},"properties":{"id":"w824683667","b":"yes","lv":null,"n":null}},
{"type":"Feature","geometry":{"type":"Polygon","coordinates":[[[-122.287223,37.859483],[-122.287211,37.859422],[-122.287197,37.859424],[-122.287194,37.859407],[-122.287206,37.859405],[-122.287192,37.859333],[-122.287173,37.859336],[-122.287166,37.859304],[-122.287215,37.859298],[-122.287221,37.859329],[-122.287283,37.859321],[-122.287313,37.859471],[-122.287223,37.859483]]]},"properties":{"id":"w824683669","b":"yes","lv":null,"n":null}},
{"type":"Feature","geometry":{"type":"Polygon","coordinates":[[[-122.287145,37.859516],[-122.287142,37.859506],[-122.287076,37.859515],[-122.28705,37.859389],[-122.287098,37.859383],[-122.28715,37.859376],[-122.287178,37.859512],[-122.287145,37.859516]]]},"properties":{"id":"w824683670","b":"yes","lv":null,"n":null}},
{"type":"Feature","geometry":{"type":"Polygon","coordinates":[[[-122.287096,37.859371],[-122.287098,37.859383],[-122.28705,37.859389],[-122.287045,37.859364],[-122.287031,37.859366],[-122.287024,37.859329],[-122.287152,37.859312],[-122.287163,37.859362],[-122.287096,37.859371]]]},"properties":{"id":"w824683671","b":"yes","lv":null,"n":null}},
{"type":"Feature","geometry":{"type":"Polygon","coordinates":[[[-122.287015,37.859315],[-122.286995,37.859213],[-122.28704,37.859208],[-122.287038,37.859199],[-122.287098,37.859191],[-122.28712,37.859302],[-122.287015,37.859315]]]},"properties":{"id":"w824683672","b":"yes","lv":null,"n":null}},
{"type":"Feature","geometry":{"type":"Polygon","coordinates":[[[-122.28775,37.859433],[-122.287726,37.859309],[-122.287804,37.859299],[-122.287811,37.859336],[-122.287833,37.859333],[-122.287853,37.859436],[-122.287801,37.859442],[-122.287798,37.859427],[-122.28775,37.859433]]]},"properties":{"id":"w824683673","b":"yes","lv":null,"n":null}},
{"type":"Feature","geometry":{"type":"Polygon","coordinates":[[[-122.287625,37.85944],[-122.287601,37.859309],[-122.287712,37.859296],[-122.287736,37.859428],[-122.287625,37.85944]]]},"properties":{"id":"w824683674","b":"yes","lv":null,"n":null}},
{"type":"Feature","geometry":{"type":"Polygon","coordinates":[[[-122.287478,37.859466],[-122.287447,37.859325],[-122.287559,37.85931],[-122.28759,37.859451],[-122.287478,37.859466]]]},"properties":{"id":"w824683675","b":"yes","lv":null,"n":null}},
{"type":"Feature","geometry":{"type":"Polygon","coordinates":[[[-122.287362,37.859482],[-122.287309,37.859232],[-122.287409,37.859219],[-122.287462,37.859468],[-122.287362,37.859482]]]},"properties":{"id":"w824683676","b":"yes","lv":null,"n":null}},
{"type":"Feature","geometry":{"type":"Polygon","coordinates":[[[-122.288089,37.859383],[-122.288093,37.859404],[-122.288041,37.85941],[-122.288012,37.859261],[-122.28802,37.85926],[-122.28801,37.859211],[-122.288089,37.859202],[-122.288095,37.859231],[-122.288104,37.85923],[-122.288118,37.859297],[-122.288124,37.859296],[-122.288139,37.859377],[-122.288089,37.859383]]]},"properties":{"id":"w824683681","b":"yes","lv":null,"n":null}},
{"type":"Feature","geometry":{"type":"Polygon","coordinates":[[[-122.288015,37.859408],[-122.287977,37.859413],[-122.287976,37.859404],[-122.287912,37.859411],[-122.287878,37.859225],[-122.287971,37.859214],[-122.287981,37.859271],[-122.28799,37.85927],[-122.288015,37.859408]]]},"properties":{"id":"w824683682","b":"yes","lv":null,"n":null}},
{"type":"Feature","geometry":{"type":"Polygon","coordinates":[[[-122.288592,37.859204],[-122.288541,37.858993],[-122.288702,37.85897],[-122.288774,37.859177],[-122.288592,37.859204]]]},"properties":{"id":"w824683685","b":"yes","lv":null,"n":null}},
{"type":"Feature","geometry":{"type":"Polygon","coordinates":[[[-122.288535,37.859304],[-122.288542,37.859344],[-122.2885,37.859349],[-122.288498,37.859338],[-122.288431,37.859345],[-122.288417,37.859266],[-122.288479,37.859259],[-122.288477,37.859247],[-122.288532,37.859241],[-122.288536,37.859265],[-122.28853,37.859266],[-122.288532,37.85928],[-122.288549,37.859278],[-122.288553,37.859302],[-122.288535,37.859304]]]},"properties":{"id":"w824683686","b":"yes","lv":null,"n":null}},
{"type":"Feature","geometry":{"type":"Polygon","coordinates":[[[-122.288373,37.859359],[-122.288371,37.85935],[-122.2883,37.85936],[-122.288297,37.859344],[-122.288282,37.859346],[-122.288261,37.859249],[-122.288275,37.859248],[-122.288259,37.859172],[-122.288362,37.859159],[-122.288404,37.859355],[-122.288373,37.859359]]]},"properties":{"id":"w824683687","b":"yes","lv":null,"n":null}},
{"type":"Feature","geometry":{"type":"Polygon","coordinates":[[[-122.288153,37.859385],[-122.288127,37.859251],[-122.288139,37.85925],[-122.288133,37.859223],[-122.288217,37.859212],[-122.288223,37.859238],[-122.28823,37.859237],[-122.288257,37.859372],[-122.288153,37.859385]]]},"properties":{"id":"w824683688","b":"yes","lv":null,"n":null}},
{"type":"Feature","geometry":{"type":"Polygon","coordinates":[[[-122.288129,37.858841],[-122.288132,37.858855],[-122.288086,37.858861],[-122.288082,37.858847],[-122.288052,37.858851],[-122.288026,37.858728],[-122.288082,37.85872],[-122.288078,37.858699],[-122.288121,37.858694],[-122.288152,37.858838],[-122.288129,37.858841]]]},"properties":{"id":"w824683689","b":"yes","lv":null,"n":null}},
{"type":"Feature","geometry":{"type":"Polygon","coordinates":[[[-122.288193,37.858751],[-122.288187,37.858723],[-122.288171,37.858725],[-122.288162,37.85868],[-122.288327,37.858659],[-122.288334,37.858694],[-122.288355,37.858692],[-122.288362,37.85873],[-122.288193,37.858751]]]},"properties":{"id":"w824683691","b":"yes","lv":null,"n":null}},
{"type":"Feature","geometry":{"type":"Polygon","coordinates":[[[-122.288554,37.858963],[-122.288535,37.858881],[-122.288676,37.85886],[-122.288695,37.858943],[-122.288554,37.858963]]]},"properties":{"id":"w824683692","b":"yes","lv":null,"n":null}},
{"type":"Feature","geometry":{"type":"Polygon","coordinates":[[[-122.287741,37.858905],[-122.287702,37.858909],[-122.287711,37.858953],[-122.287654,37.85896],[-122.287615,37.858763],[-122.287711,37.858752],[-122.287741,37.858905]]]},"properties":{"id":"w824683693","b":"yes","lv":null,"n":null}},
{"type":"Feature","geometry":{"type":"Polygon","coordinates":[[[-122.287854,37.858867],[-122.287859,37.858888],[-122.28785,37.858889],[-122.28786,37.858931],[-122.287826,37.858936],[-122.287833,37.858966],[-122.2878,37.858971],[-122.287749,37.85875],[-122.287799,37.858742],[-122.287802,37.858754],[-122.287849,37.858748],[-122.287876,37.858863],[-122.287854,37.858867]]]},"properties":{"id":"w824683694","b":"yes","lv":null,"n":null}},
{"type":"Feature","geometry":{"type":"Polygon","coordinates":[[[-122.287997,37.858968],[-122.287994,37.858954],[-122.287932,37.858962],[-122.287889,37.858732],[-122.287937,37.858727],[-122.287938,37.858733],[-122.28799,37.858727],[-122.288012,37.858845],[-122.287985,37.858848],[-122.28799,37.858874],[-122.288039,37.858868],[-122.288057,37.858961],[-122.287997,37.858968]]]},"properties":{"id":"w824683695","b":"yes","lv":null,"n":null}},
{"type":"Feature","geometry":{"type":"Polygon","coordinates":[[[-122.287274,37.858959],[-122.28727,37.858941],[-122.287227,37.858946],[-122.287205,37.858829],[-122.287311,37.858816],[-122.287336,37.858952],[-122.287274,37.858959]]]},"properties":{"id":"w824683698","b":"yes","lv":null,"n":null}},
{"type":"Feature","geometry":{"type":"Polygon","coordinates":[[[-122.287427,37.858908],[-122.287433,37.858941],[-122.287372,37.858949],[-122.287344,37.858813],[-122.287382,37.858808],[-122.287379,37.858793],[-122.287437,37.858786],[-122.287461,37.858903],[-122.287427,37.858908]]]},"properties":{"id":"w824683699","b":"yes","lv":null,"n":null}},
{"type":"Feature","geometry":{"type":"Polygon","coordinates":[[[-122.28752,37.858999],[-122.28748,37.858797],[-122.287535,37.85879],[-122.287533,37.858782],[-122.287584,37.858775],[-122.287594,37.858825],[-122.287588,37.858826],[-122.287603,37.858904],[-122.287618,37.858903],[-122.287634,37.858985],[-122.28752,37.858999]]]},"properties":{"id":"w824683700","b":"yes","lv":null,"n":null}},
{"type":"Feature","geometry":{"type":"Polygon","coordinates":[[[-122.286887,37.858369],[-122.286875,37.858305],[-122.286947,37.858297],[-122.286958,37.858361],[-122.286887,37.858369]]]},"properties":{"id":"w824683701","b":"yes","lv":null,"n":null}},
{"type":"Feature","geometry":{"type":"Polygon","coordinates":[[[-122.28681,37.858307],[-122.286802,37.858261],[-122.28694,37.858245],[-122.286949,37.858291],[-122.28681,37.858307]]]},"properties":{"id":"w824683702","b":"yes","lv":null,"n":null}},
{"type":"Feature","geometry":{"type":"Polygon","coordinates":[[[-122.287402,37.858582],[-122.287351,37.858588],[-122.287348,37.858577],[-122.287308,37.858582],[-122.28729,37.858488],[-122.287283,37.858489],[-122.287265,37.8584],[-122.287364,37.858387],[-122.287402,37.858582]]]},"properties":{"id":"w824683705","b":"yes","lv":null,"n":null}},
{"type":"Feature","geometry":{"type":"Polygon","coordinates":[[[-122.287196,37.858567],[-122.287199,37.858582],[-122.28715,37.858587],[-122.287142,37.85854],[-122.287168,37.858537],[-122.287144,37.858398],[-122.287238,37.858388],[-122.287268,37.858559],[-122.287196,37.858567]]]},"properties":{"id":"w824683706","b":"yes","lv":null,"n":null}},
{"type":"Feature","geometry":{"type":"Polygon","coordinates":[[[-122.287096,37.858483],[-122.287117,37.858599],[-122.287017,37.858611],[-122.286988,37.858448],[-122.287048,37.858441],[-122.287045,37.858421],[-122.287069,37.858418],[-122.28706,37.858366],[-122.287102,37.858361],[-122.287124,37.85848],[-122.287096,37.858483]]]},"properties":{"id":"w824683707","b":"yes","lv":null,"n":null}},
{"type":"Feature","geometry":{"type":"Polygon","coordinates":[[[-122.286993,37.858619],[-122.286937,37.858626],[-122.286934,37.85861],[-122.286883,37.858616],[-122.286853,37.85846],[-122.28696,37.858447],[-122.286993,37.858619]]]},"properties":{"id":"w824683708","b":"yes","lv":null,"n":null}},
{"type":"Feature","geometry":{"type":"Polygon","coordinates":[[[-122.287696,37.858528],[-122.28768,37.858453],[-122.287686,37.858452],[-122.287678,37.858413],[-122.287711,37.858408],[-122.287715,37.858425],[-122.287763,37.858419],[-122.287768,37.85844],[-122.28779,37.858437],[-122.287806,37.858513],[-122.287696,37.858528]]]},"properties":{"id":"w824683709","b":"yes","lv":null,"n":null}},
{"type":"Feature","geometry":{"type":"Polygon","coordinates":[[[-122.28766,37.858493],[-122.287667,37.858529],[-122.287612,37.858536],[-122.287616,37.858554],[-122.287575,37.858559],[-122.28756,37.85848],[-122.287553,37.858481],[-122.287546,37.858448],[-122.287554,37.858447],[-122.287541,37.858382],[-122.287637,37.85837],[-122.287652,37.858447],[-122.287659,37.858447],[-122.287668,37.858493],[-122.28766,37.858493]]]},"properties":{"id":"w824683710","b":"yes","lv":null,"n":null}},
{"type":"Feature","geometry":{"type":"Polygon","coordinates":[[[-122.287431,37.858567],[-122.287404,37.858431],[-122.287427,37.858428],[-122.287426,37.858419],[-122.287455,37.858415],[-122.287457,37.858424],[-122.287512,37.858417],[-122.287539,37.858553],[-122.287431,37.858567]]]},"properties":{"id":"w824683712","b":"yes","lv":null,"n":null}},
{"type":"Feature","geometry":{"type":"Polygon","coordinates":[[[-122.288034,37.858485],[-122.288037,37.858501],[-122.287978,37.858509],[-122.28795,37.85837],[-122.288019,37.858361],[-122.288025,37.858389],[-122.288059,37.858384],[-122.288079,37.858479],[-122.288034,37.858485]]]},"properties":{"id":"w824683714","b":"yes","lv":null,"n":null}},
{"type":"Feature","geometry":{"type":"Polygon","coordinates":[[[-122.287894,37.858503],[-122.287897,37.858519],[-122.287849,37.858525],[-122.287823,37.858383],[-122.287921,37.858372],[-122.287943,37.858498],[-122.287894,37.858503]]]},"properties":{"id":"w824683715","b":"yes","lv":null,"n":null}},
{"type":"Feature","geometry":{"type":"Polygon","coordinates":[[[-122.288355,37.858439],[-122.288364,37.858467],[-122.288271,37.858486],[-122.288262,37.858459],[-122.288198,37.858472],[-122.288107,37.858203],[-122.28828,37.858184],[-122.288365,37.858437],[-122.288355,37.858439]]]},"properties":{"id":"w824683717","b":"yes","lv":null,"n":null}},
{"type":"Feature","geometry":{"type":"Polygon","coordinates":[[[-122.288184,37.858483],[-122.288173,37.858484],[-122.288176,37.858502],[-122.288127,37.858508],[-122.288124,37.85849],[-122.288116,37.858491],[-122.288113,37.858473],[-122.288091,37.858476],[-122.288072,37.858374],[-122.288095,37.858371],[-122.288091,37.858351],[-122.288129,37.858346],[-122.288136,37.858381],[-122.288164,37.858377],[-122.288184,37.858483]]]},"properties":{"id":"w824683718","b":"yes","lv":null,"n":null}},
{"type":"Feature","geometry":{"type":"Polygon","coordinates":[[[-122.287952,37.858033],[-122.287932,37.857939],[-122.287903,37.857943],[-122.287875,37.857815],[-122.287927,37.857808],[-122.28793,37.857822],[-122.287973,37.857816],[-122.287996,37.857918],[-122.288011,37.857916],[-122.288034,37.858022],[-122.287952,37.858033]]]},"properties":{"id":"w824683721","b":"yes","lv":null,"n":null}},
{"type":"Feature","geometry":{"type":"Polygon","coordinates":[[[-122.288148,37.857848],[-122.288147,37.857844],[-122.288076,37.857852],[-122.288073,37.857836],[-122.288076,37.857836],[-122.288065,37.85778],[-122.288275,37.857755],[-122.28828,37.85778],[-122.288299,37.857777],[-122.288309,37.857828],[-122.288148,37.857848]]]},"properties":{"id":"w824683722","b":"yes","lv":null,"n":null}},
{"type":"Feature","geometry":{"type":"Polygon","coordinates":[[[-122.288309,37.85788],[-122.288317,37.857916],[-122.288159,37.857938],[-122.28815,37.857896],[-122.288173,37.857893],[-122.288168,37.857871],[-122.288321,37.85785],[-122.288327,37.857877],[-122.288309,37.85788]]]},"properties":{"id":"w824683723","b":"yes","lv":null,"n":null}},
{"type":"Feature","geometry":{"type":"Polygon","coordinates":[[[-122.288334,37.857975],[-122.288342,37.85801],[-122.28806,37.858051],[-122.28804,37.857963],[-122.288186,37.857942],[-122.28819,37.857962],[-122.288347,37.857939],[-122.288355,37.857972],[-122.288334,37.857975]]]},"properties":{"id":"w824683724","b":"yes","lv":null,"n":null}},
{"type":"Feature","geometry":{"type":"Polygon","coordinates":[[[-122.287333,37.858074],[-122.287301,37.857914],[-122.287395,37.857902],[-122.287427,37.858062],[-122.287333,37.858074]]]},"properties":{"id":"w824683725","b":"yes","lv":null,"n":null}},
{"type":"Feature","geometry":{"type":"Polygon","coordinates":[[[-122.287469,37.858033],[-122.287459,37.857984],[-122.287489,37.857979],[-122.28747,37.857893],[-122.287554,37.857881],[-122.287561,37.857911],[-122.287555,37.857911],[-122.287578,37.858018],[-122.287469,37.858033]]]},"properties":{"id":"w824683726","b":"yes","lv":null,"n":null}},
{"type":"Feature","geometry":{"type":"Polygon","coordinates":[[[-122.287668,37.858047],[-122.28766,37.858006],[-122.287618,37.858011],[-122.28759,37.857868],[-122.287633,37.857863],[-122.287634,37.857871],[-122.287696,37.857863],[-122.28773,37.85804],[-122.287668,37.858047]]]},"properties":{"id":"w824683727","b":"yes","lv":null,"n":null}},
{"type":"Feature","geometry":{"type":"Polygon","coordinates":[[[-122.287772,37.858008],[-122.28776,37.857946],[-122.287746,37.857948],[-122.287726,37.85784],[-122.287829,37.857828],[-122.287861,37.857998],[-122.287772,37.858008]]]},"properties":{"id":"w824683728","b":"yes","lv":null,"n":null}},
{"type":"Feature","geometry":{"type":"Polygon","coordinates":[[[-122.286817,37.858243],[-122.286757,37.85795],[-122.286842,37.857939],[-122.286902,37.858232],[-122.286817,37.858243]]]},"properties":{"id":"w824683729","b":"yes","lv":null,"n":null}},
{"type":"Feature","geometry":{"type":"Polygon","coordinates":[[[-122.286971,37.858096],[-122.286969,37.858086],[-122.286916,37.858093],[-122.286891,37.857964],[-122.286981,37.857953],[-122.287008,37.858092],[-122.286971,37.858096]]]},"properties":{"id":"w824683730","b":"yes","lv":null,"n":null}},
{"type":"Feature","geometry":{"type":"Polygon","coordinates":[[[-122.287119,37.858094],[-122.287118,37.858086],[-122.287061,37.858094],[-122.287029,37.857948],[-122.287117,37.857937],[-122.28715,37.85809],[-122.287119,37.858094]]]},"properties":{"id":"w824683731","b":"yes","lv":null,"n":null}},
{"type":"Feature","geometry":{"type":"Polygon","coordinates":[[[-122.287218,37.858073],[-122.287213,37.858052],[-122.287189,37.858055],[-122.287161,37.857922],[-122.287207,37.857916],[-122.287209,37.857929],[-122.287256,37.857923],[-122.287281,37.858043],[-122.287275,37.858044],[-122.28728,37.858065],[-122.287218,37.858073]]]},"properties":{"id":"w824683732","b":"yes","lv":null,"n":null}},
{"type":"Feature","geometry":{"type":"Polygon","coordinates":[[[-122.286822,37.860462],[-122.286818,37.860444],[-122.286785,37.860448],[-122.286762,37.86034],[-122.286822,37.860333],[-122.286819,37.860319],[-122.286858,37.860314],[-122.286861,37.860328],[-122.286867,37.860327],[-122.286894,37.860453],[-122.286822,37.860462]]]},"properties":{"id":"w824683733","b":"yes","lv":null,"n":null}},
{"type":"Feature","geometry":{"type":"Polygon","coordinates":[[[-122.286922,37.860451],[-122.286899,37.860332],[-122.286883,37.860334],[-122.286874,37.860288],[-122.28695,37.860279],[-122.286957,37.860316],[-122.287002,37.86031],[-122.287027,37.860438],[-122.286922,37.860451]]]},"properties":{"id":"w824683734","b":"yes","lv":null,"n":null}},
{"type":"Feature","geometry":{"type":"Polygon","coordinates":[[[-122.286808,37.860212],[-122.28679,37.860126],[-122.286852,37.860118],[-122.286856,37.860137],[-122.286947,37.860125],[-122.286961,37.860192],[-122.286808,37.860212]]]},"properties":{"id":"w824683735","b":"yes","lv":null,"n":null}},
{"type":"Feature","geometry":{"type":"Polygon","coordinates":[[[-122.286429,37.860508],[-122.286432,37.860523],[-122.286388,37.860529],[-122.286384,37.860512],[-122.28636,37.860515],[-122.286329,37.860379],[-122.286433,37.860364],[-122.286464,37.860503],[-122.286429,37.860508]]]},"properties":{"id":"w824683737","b":"yes","lv":null,"n":null}},
{"type":"Feature","geometry":{"type":"Polygon","coordinates":[[[-122.286551,37.860496],[-122.286548,37.86048],[-122.286514,37.860484],[-122.286496,37.86039],[-122.286526,37.860387],[-122.286522,37.860362],[-122.286592,37.860353],[-122.286618,37.860488],[-122.286551,37.860496]]]},"properties":{"id":"w824683738","b":"yes","lv":null,"n":null}},
{"type":"Feature","geometry":{"type":"Polygon","coordinates":[[[-122.286682,37.860484],[-122.286678,37.860465],[-122.286645,37.860469],[-122.286624,37.86037],[-122.286636,37.860369],[-122.286621,37.860299],[-122.286635,37.860298],[-122.286624,37.860248],[-122.2867,37.860238],[-122.28675,37.860475],[-122.286682,37.860484]]]},"properties":{"id":"w824683739","b":"yes","lv":null,"n":null}},
{"type":"Feature","geometry":{"type":"Polygon","coordinates":[[[-122.285896,37.86056],[-122.2859,37.860577],[-122.285842,37.860586],[-122.285801,37.860412],[-122.28585,37.860405],[-122.285852,37.860413],[-122.285869,37.86041],[-122.285868,37.860404],[-122.285884,37.860402],[-122.285885,37.860407],[-122.285902,37.860404],[-122.285937,37.860554],[-122.285896,37.86056]]]},"properties":{"id":"w824683745","b":"yes","lv":null,"n":null}},
{"type":"Feature","geometry":{"type":"Polygon","coordinates":[[[-122.286067,37.860544],[-122.285975,37.860555],[-122.285942,37.860379],[-122.285966,37.860377],[-122.285962,37.860357],[-122.28603,37.860349],[-122.286067,37.860544]]]},"properties":{"id":"w824683746","b":"yes","lv":null,"n":null}},
{"type":"Feature","geometry":{"type":"Polygon","coordinates":[[[-122.286178,37.860529],[-122.2861,37.86054],[-122.286071,37.860408],[-122.286097,37.860404],[-122.286096,37.860399],[-122.286147,37.860392],[-122.286178,37.860529]]]},"properties":{"id":"w824683747","b":"yes","lv":null,"n":null}},
{"type":"Feature","geometry":{"type":"Polygon","coordinates":[[[-122.286281,37.860527],[-122.286284,37.860542],[-122.286225,37.86055],[-122.286194,37.860406],[-122.286239,37.8604],[-122.286238,37.860392],[-122.28627,37.860388],[-122.286271,37.860395],[-122.286295,37.860392],[-122.286322,37.860522],[-122.286281,37.860527]]]},"properties":{"id":"w824683748","b":"yes","lv":null,"n":null}},
{"type":"Feature","geometry":{"type":"Polygon","coordinates":[[[-122.28534,37.8603],[-122.285305,37.860146],[-122.285394,37.860133],[-122.285429,37.860287],[-122.28534,37.8603]]]},"properties":{"id":"w824683749","b":"yes","lv":null,"n":null}},
{"type":"Feature","geometry":{"type":"Polygon","coordinates":[[[-122.285366,37.860417],[-122.285346,37.860319],[-122.285443,37.860306],[-122.285463,37.860405],[-122.285366,37.860417]]]},"properties":{"id":"w824683750","b":"yes","lv":null,"n":null}},
{"type":"Feature","geometry":{"type":"Polygon","coordinates":[[[-122.285761,37.860581],[-122.285764,37.860597],[-122.285705,37.860604],[-122.285679,37.860464],[-122.285775,37.860453],[-122.285777,37.860465],[-122.285771,37.860466],[-122.285774,37.860478],[-122.28578,37.860478],[-122.285799,37.860577],[-122.285761,37.860581]]]},"properties":{"id":"w824683752","b":"yes","lv":null,"n":null}},
{"type":"Feature","geometry":{"type":"Polygon","coordinates":[[[-122.285674,37.860072],[-122.285569,37.860084],[-122.285548,37.859967],[-122.285602,37.859961],[-122.285598,37.859942],[-122.28565,37.859936],[-122.285674,37.860072]]]},"properties":{"id":"w824683753","b":"yes","lv":null,"n":null}},
{"type":"Feature","geometry":{"type":"Polygon","coordinates":[[[-122.285434,37.860125],[-122.285403,37.859986],[-122.285461,37.859978],[-122.285456,37.859958],[-122.285512,37.859951],[-122.285553,37.860138],[-122.285477,37.860149],[-122.285471,37.86012],[-122.285434,37.860125]]]},"properties":{"id":"w824683755","b":"yes","lv":null,"n":null}},
{"type":"Feature","geometry":{"type":"Polygon","coordinates":[[[-122.285299,37.86013],[-122.285273,37.860003],[-122.285315,37.859997],[-122.285313,37.859986],[-122.285365,37.859979],[-122.285394,37.860117],[-122.285299,37.86013]]]},"properties":{"id":"w824683756","b":"yes","lv":null,"n":null}},
{"type":"Feature","geometry":{"type":"Polygon","coordinates":[[[-122.285912,37.860023],[-122.285914,37.860032],[-122.285839,37.860042],[-122.285811,37.859915],[-122.285912,37.859901],[-122.285938,37.860019],[-122.285912,37.860023]]]},"properties":{"id":"w824683757","b":"yes","lv":null,"n":null}},
{"type":"Feature","geometry":{"type":"Polygon","coordinates":[[[-122.285797,37.860043],[-122.285802,37.860067],[-122.285769,37.860072],[-122.285778,37.860118],[-122.285719,37.860125],[-122.285681,37.859932],[-122.285735,37.859925],[-122.285737,37.859939],[-122.285784,37.859933],[-122.285806,37.860042],[-122.285797,37.860043]]]},"properties":{"id":"w824683758","b":"yes","lv":null,"n":null}},
{"type":"Feature","geometry":{"type":"Polygon","coordinates":[[[-122.28626,37.860042],[-122.286222,37.859859],[-122.286278,37.859852],[-122.286279,37.859858],[-122.286307,37.859854],[-122.286323,37.859931],[-122.286282,37.859937],[-122.286289,37.859973],[-122.286353,37.859965],[-122.286366,37.860028],[-122.28626,37.860042]]]},"properties":{"id":"w824683761","b":"yes","lv":null,"n":null}},
{"type":"Feature","geometry":{"type":"Polygon","coordinates":[[[-122.285613,37.860598],[-122.285615,37.86061],[-122.285564,37.860616],[-122.285534,37.860465],[-122.285633,37.860452],[-122.285661,37.860592],[-122.285613,37.860598]]]},"properties":{"id":"w824683763","b":"yes","lv":null,"n":null}},
{"type":"Feature","geometry":{"type":"Polygon","coordinates":[[[-122.286114,37.860065],[-122.286055,37.860073],[-122.28607,37.860141],[-122.285995,37.860151],[-122.285979,37.860079],[-122.286016,37.860074],[-122.285978,37.859894],[-122.286075,37.859881],[-122.286114,37.860065]]]},"properties":{"id":"w824683764","b":"yes","lv":null,"n":null}},
{"type":"Feature","geometry":{"type":"Polygon","coordinates":[[[-122.286845,37.860106],[-122.286824,37.860005],[-122.2869,37.859995],[-122.286902,37.860006],[-122.286933,37.860002],[-122.286952,37.860093],[-122.286845,37.860106]]]},"properties":{"id":"w824683765","b":"yes","lv":null,"n":null}},
{"type":"Feature","geometry":{"type":"Polygon","coordinates":[[[-122.286748,37.860048],[-122.286735,37.859982],[-122.286808,37.859973],[-122.286821,37.860039],[-122.286748,37.860048]]]},"properties":{"id":"w824683766","b":"yes","lv":null,"n":null}},
{"type":"Feature","geometry":{"type":"Polygon","coordinates":[[[-122.286806,37.859931],[-122.286796,37.859883],[-122.286804,37.859882],[-122.286781,37.859777],[-122.286837,37.859769],[-122.286839,37.859779],[-122.2869,37.859771],[-122.28693,37.859915],[-122.286806,37.859931]]]},"properties":{"id":"w824683769","b":"yes","lv":null,"n":null}},
{"type":"Feature","geometry":{"type":"Polygon","coordinates":[[[-122.286663,37.859942],[-122.286635,37.859812],[-122.286738,37.859798],[-122.286767,37.859928],[-122.286663,37.859942]]]},"properties":{"id":"w824683770","b":"yes","lv":null,"n":null}},
{"type":"Feature","geometry":{"type":"Polygon","coordinates":[[[-122.286569,37.859959],[-122.286566,37.859946],[-122.286527,37.859951],[-122.2865,37.859814],[-122.286553,37.859807],[-122.286556,37.859823],[-122.286599,37.859818],[-122.286626,37.859952],[-122.286569,37.859959]]]},"properties":{"id":"w824683771","b":"yes","lv":null,"n":null}},
{"type":"Feature","geometry":{"type":"Polygon","coordinates":[[[-122.285191,37.859553],[-122.285168,37.859443],[-122.285273,37.85943],[-122.285296,37.859539],[-122.285191,37.859553]]]},"properties":{"id":"w824683774","b":"yes","lv":null,"n":null}},
{"type":"Feature","geometry":{"type":"Polygon","coordinates":[[[-122.285223,37.85974],[-122.285213,37.859685],[-122.285205,37.859685],[-122.285195,37.859631],[-122.285216,37.859629],[-122.28521,37.859597],[-122.28524,37.859593],[-122.285238,37.859582],[-122.285261,37.859579],[-122.285263,37.859591],[-122.285305,37.859586],[-122.285331,37.859728],[-122.285223,37.85974]]]},"properties":{"id":"w824683775","b":"yes","lv":null,"n":null}},
{"type":"Feature","geometry":{"type":"Polygon","coordinates":[[[-122.285512,37.859728],[-122.285488,37.85959],[-122.285497,37.859589],[-122.285494,37.859574],[-122.285571,37.859566],[-122.285574,37.859579],[-122.285585,37.859578],[-122.285594,37.859626],[-122.285602,37.859625],[-122.285611,37.859675],[-122.285604,37.859676],[-122.28561,37.859709],[-122.285566,37.859714],[-122.285568,37.859721],[-122.285512,37.859728]]]},"properties":{"id":"w824683779","b":"yes","lv":null,"n":null}},
{"type":"Feature","geometry":{"type":"Polygon","coordinates":[[[-122.285428,37.859739],[-122.285425,37.859723],[-122.28537,37.85973],[-122.285344,37.859602],[-122.285384,37.859597],[-122.285372,37.859541],[-122.285437,37.859533],[-122.285478,37.859733],[-122.285428,37.859739]]]},"properties":{"id":"w824683780","b":"yes","lv":null,"n":null}},
{"type":"Feature","geometry":{"type":"Polygon","coordinates":[[[-122.286101,37.859626],[-122.286104,37.859643],[-122.286051,37.859649],[-122.286027,37.859521],[-122.286139,37.859508],[-122.28616,37.859619],[-122.286101,37.859626]]]},"properties":{"id":"w824683781","b":"yes","lv":null,"n":null}},
{"type":"Feature","geometry":{"type":"Polygon","coordinates":[[[-122.285963,37.859646],[-122.285966,37.859662],[-122.285916,37.859668],[-122.285891,37.859538],[-122.286005,37.859525],[-122.286027,37.859638],[-122.285963,37.859646]]]},"properties":{"id":"w824683782","b":"yes","lv":null,"n":null}},
{"type":"Feature","geometry":{"type":"Polygon","coordinates":[[[-122.285829,37.859683],[-122.285827,37.85967],[-122.285768,37.859678],[-122.285734,37.859513],[-122.285792,37.859505],[-122.285795,37.85952],[-122.285834,37.859515],[-122.285868,37.859678],[-122.285829,37.859683]]]},"properties":{"id":"w824683783","b":"yes","lv":null,"n":null}},
{"type":"Feature","geometry":{"type":"Polygon","coordinates":[[[-122.285676,37.859674],[-122.285678,37.859686],[-122.285633,37.859691],[-122.285595,37.859502],[-122.285669,37.859492],[-122.285672,37.859509],[-122.285687,37.859507],[-122.285719,37.859669],[-122.285676,37.859674]]]},"properties":{"id":"w824683784","b":"yes","lv":null,"n":null}},
{"type":"Feature","geometry":{"type":"Polygon","coordinates":[[[-122.28623,37.859628],[-122.286227,37.859616],[-122.286177,37.859622],[-122.286158,37.85953],[-122.286189,37.859526],[-122.286184,37.859498],[-122.286228,37.859493],[-122.286234,37.859519],[-122.286263,37.859515],[-122.286269,37.859543],[-122.286262,37.859543],[-122.286278,37.859622],[-122.28623,37.859628]]]},"properties":{"id":"w824683787","b":"yes","lv":null,"n":null}},
{"type":"Feature","geometry":{"type":"Polygon","coordinates":[[[-122.286584,37.859504],[-122.286566,37.859422],[-122.2867,37.859404],[-122.286696,37.859386],[-122.286783,37.859374],[-122.286804,37.859474],[-122.286584,37.859504]]]},"properties":{"id":"w824683788","b":"yes","lv":null,"n":null}},
{"type":"Feature","geometry":{"type":"Polygon","coordinates":[[[-122.28664,37.859594],[-122.286623,37.859511],[-122.286805,37.859487],[-122.286823,37.85957],[-122.28664,37.859594]]]},"properties":{"id":"w824683789","b":"yes","lv":null,"n":null}},
{"type":"Feature","geometry":{"type":"Polygon","coordinates":[[[-122.286517,37.859625],[-122.286507,37.859566],[-122.286557,37.859561],[-122.286567,37.85962],[-122.286517,37.859625]]]},"properties":{"id":"w824683790","b":"yes","lv":null,"n":null}},
{"type":"Feature","geometry":{"type":"Polygon","coordinates":[[[-122.286315,37.859602],[-122.286279,37.859422],[-122.286376,37.859409],[-122.286412,37.85959],[-122.286315,37.859602]]]},"properties":{"id":"w824683791","b":"yes","lv":null,"n":null}},
{"type":"Feature","geometry":{"type":"Polygon","coordinates":[[[-122.286666,37.859056],[-122.28667,37.859071],[-122.286538,37.859089],[-122.286522,37.859012],[-122.286698,37.858989],[-122.286711,37.85905],[-122.286666,37.859056]]]},"properties":{"id":"w824683792","b":"yes","lv":null,"n":null}},
{"type":"Feature","geometry":{"type":"Polygon","coordinates":[[[-122.286726,37.859122],[-122.286736,37.859167],[-122.286528,37.859194],[-122.286512,37.859116],[-122.286737,37.859087],[-122.286744,37.85912],[-122.286726,37.859122]]]},"properties":{"id":"w824683793","b":"yes","lv":null,"n":null}},
{"type":"Feature","geometry":{"type":"Polygon","coordinates":[[[-122.286747,37.859232],[-122.286755,37.859266],[-122.286598,37.859288],[-122.286581,37.859209],[-122.286665,37.859198],[-122.286663,37.859188],[-122.286686,37.859185],[-122.286688,37.859194],[-122.286756,37.859185],[-122.286765,37.859229],[-122.286747,37.859232]]]},"properties":{"id":"w824683794","b":"yes","lv":null,"n":null}},
{"type":"Feature","geometry":{"type":"Polygon","coordinates":[[[-122.286566,37.8594],[-122.286554,37.859349],[-122.286607,37.859342],[-122.286602,37.859318],[-122.286769,37.859294],[-122.286785,37.859369],[-122.286566,37.8594]]]},"properties":{"id":"w824683795","b":"yes","lv":null,"n":null}},
{"type":"Feature","geometry":{"type":"Polygon","coordinates":[[[-122.286299,37.859007],[-122.286287,37.858948],[-122.286361,37.858939],[-122.286373,37.858997],[-122.286299,37.859007]]]},"properties":{"id":"w824683796","b":"yes","lv":null,"n":null}},
{"type":"Feature","geometry":{"type":"Polygon","coordinates":[[[-122.286396,37.859003],[-122.286387,37.858951],[-122.286427,37.858946],[-122.286437,37.858998],[-122.286396,37.859003]]]},"properties":{"id":"w824683798","b":"yes","lv":null,"n":null}},
{"type":"Feature","geometry":{"type":"Polygon","coordinates":[[[-122.286529,37.858984],[-122.286522,37.858953],[-122.286512,37.858954],[-122.286507,37.858932],[-122.286517,37.858931],[-122.286512,37.858911],[-122.286674,37.858888],[-122.28669,37.858961],[-122.286529,37.858984]]]},"properties":{"id":"w824683799","b":"yes","lv":null,"n":null}},
{"type":"Feature","geometry":{"type":"Polygon","coordinates":[[[-122.286175,37.859044],[-122.286181,37.859069],[-122.286115,37.859078],[-122.28611,37.859053],[-122.286086,37.859057],[-122.28607,37.858979],[-122.286169,37.858967],[-122.286185,37.859043],[-122.286175,37.859044]]]},"properties":{"id":"w824683802","b":"yes","lv":null,"n":null}},
{"type":"Feature","geometry":{"type":"Polygon","coordinates":[[[-122.286268,37.859102],[-122.286266,37.859095],[-122.286212,37.859102],[-122.286208,37.859085],[-122.286198,37.859087],[-122.286173,37.85897],[-122.286276,37.858956],[-122.286306,37.859097],[-122.286268,37.859102]]]},"properties":{"id":"w824683803","b":"yes","lv":null,"n":null}},
{"type":"Feature","geometry":{"type":"Polygon","coordinates":[[[-122.285428,37.860642],[-122.285394,37.860484],[-122.285485,37.860472],[-122.285518,37.86063],[-122.285428,37.860642]]]},"properties":{"id":"w824683804","b":"yes","lv":null,"n":null}},
{"type":"Feature","geometry":{"type":"Polygon","coordinates":[[[-122.285397,37.859219],[-122.285372,37.859075],[-122.285458,37.859066],[-122.285484,37.859209],[-122.285397,37.859219]]]},"properties":{"id":"w824683805","b":"yes","lv":null,"n":null}},
{"type":"Feature","geometry":{"type":"Polygon","coordinates":[[[-122.285673,37.859163],[-122.285647,37.859041],[-122.285721,37.859032],[-122.285722,37.859037],[-122.285742,37.859034],[-122.285767,37.85915],[-122.285673,37.859163]]]},"properties":{"id":"w824683806","b":"yes","lv":null,"n":null}},
{"type":"Feature","geometry":{"type":"Polygon","coordinates":[[[-122.285915,37.859272],[-122.285911,37.859254],[-122.285889,37.859257],[-122.285876,37.859193],[-122.285848,37.859196],[-122.285849,37.859204],[-122.285807,37.859209],[-122.28577,37.859022],[-122.285886,37.859007],[-122.285921,37.859189],[-122.285938,37.859187],[-122.28595,37.85925],[-122.285938,37.859251],[-122.285941,37.859269],[-122.285915,37.859272]]]},"properties":{"id":"w824683807","b":"yes","lv":null,"n":null}},
{"type":"Feature","geometry":{"type":"Polygon","coordinates":[[[-122.285336,37.859262],[-122.285328,37.859227],[-122.28527,37.859235],[-122.285243,37.859111],[-122.285324,37.8591],[-122.285331,37.85913],[-122.285357,37.859126],[-122.285385,37.859256],[-122.285336,37.859262]]]},"properties":{"id":"w824683811","b":"yes","lv":null,"n":null}},
{"type":"Feature","geometry":{"type":"Polygon","coordinates":[[[-122.285266,37.859335],[-122.285258,37.859285],[-122.285311,37.859279],[-122.285319,37.859329],[-122.285266,37.859335]]]},"properties":{"id":"w824683812","b":"yes","lv":null,"n":null}},
{"type":"Feature","geometry":{"type":"Polygon","coordinates":[[[-122.28513,37.859278],[-122.285123,37.859246],[-122.285105,37.859249],[-122.2851,37.859224],[-122.285115,37.859222],[-122.285094,37.859125],[-122.285214,37.859109],[-122.285247,37.859262],[-122.28513,37.859278]]]},"properties":{"id":"w824683819","b":"yes","lv":null,"n":null}},
{"type":"Feature","geometry":{"type":"Polygon","coordinates":[[[-122.285248,37.858848],[-122.285247,37.858842],[-122.285194,37.858849],[-122.285173,37.858744],[-122.285143,37.858748],[-122.285134,37.858703],[-122.285173,37.858698],[-122.285174,37.858706],[-122.285262,37.858695],[-122.285293,37.858843],[-122.285248,37.858848]]]},"properties":{"id":"w824683820","b":"yes","lv":null,"n":null}},
{"type":"Feature","geometry":{"type":"Polygon","coordinates":[[[-122.285039,37.85887],[-122.285009,37.85872],[-122.285074,37.858712],[-122.285071,37.858694],[-122.285117,37.858688],[-122.285151,37.858856],[-122.285039,37.85887]]]},"properties":{"id":"w824683821","b":"yes","lv":null,"n":null}},
{"type":"Feature","geometry":{"type":"Polygon","coordinates":[[[-122.284978,37.858541],[-122.284957,37.858439],[-122.285056,37.858426],[-122.285077,37.858528],[-122.284978,37.858541]]]},"properties":{"id":"w824683822","b":"yes","lv":null,"n":null}},
{"type":"Feature","geometry":{"type":"Polygon","coordinates":[[[-122.28499,37.858604],[-122.284981,37.858553],[-122.285108,37.858539],[-122.285117,37.858589],[-122.28499,37.858604]]]},"properties":{"id":"w824683823","b":"yes","lv":null,"n":null}},
{"type":"Feature","geometry":{"type":"Polygon","coordinates":[[[-122.285779,37.858785],[-122.285777,37.858778],[-122.285721,37.858785],[-122.2857,37.858672],[-122.285796,37.85866],[-122.285812,37.858745],[-122.285822,37.858744],[-122.285829,37.858779],[-122.285779,37.858785]]]},"properties":{"id":"w824683824","b":"yes","lv":null,"n":null}},
{"type":"Feature","geometry":{"type":"Polygon","coordinates":[[[-122.285631,37.858812],[-122.285628,37.858797],[-122.285584,37.858802],[-122.28556,37.858682],[-122.285659,37.85867],[-122.285686,37.858805],[-122.285631,37.858812]]]},"properties":{"id":"w824683825","b":"yes","lv":null,"n":null}},
{"type":"Feature","geometry":{"type":"Polygon","coordinates":[[[-122.285503,37.8588],[-122.285506,37.858815],[-122.285477,37.858819],[-122.285453,37.858689],[-122.285537,37.858679],[-122.285558,37.858794],[-122.285503,37.8588]]]},"properties":{"id":"w824683826","b":"yes","lv":null,"n":null}},
{"type":"Feature","geometry":{"type":"Polygon","coordinates":[[[-122.285335,37.85884],[-122.285306,37.858696],[-122.285339,37.858692],[-122.285332,37.858654],[-122.285395,37.858646],[-122.285403,37.858684],[-122.285412,37.858683],[-122.285438,37.858813],[-122.285379,37.85882],[-122.285381,37.858834],[-122.285335,37.85884]]]},"properties":{"id":"w824683827","b":"yes","lv":null,"n":null}},
{"type":"Feature","geometry":{"type":"Polygon","coordinates":[[[-122.286029,37.858737],[-122.286033,37.858752],[-122.285999,37.858756],[-122.285963,37.858596],[-122.286056,37.858583],[-122.286089,37.858728],[-122.286029,37.858737]]]},"properties":{"id":"w824683829","b":"yes","lv":null,"n":null}},
{"type":"Feature","geometry":{"type":"Polygon","coordinates":[[[-122.285865,37.858769],[-122.285835,37.858622],[-122.285913,37.858613],[-122.285915,37.858626],[-122.285931,37.858624],[-122.285959,37.858757],[-122.285865,37.858769]]]},"properties":{"id":"w824683831","b":"yes","lv":null,"n":null}},
{"type":"Feature","geometry":{"type":"Polygon","coordinates":[[[-122.286449,37.858517],[-122.286438,37.858463],[-122.286489,37.858456],[-122.2865,37.85851],[-122.286449,37.858517]]]},"properties":{"id":"w824683836","b":"yes","lv":null,"n":null}},
{"type":"Feature","geometry":{"type":"Polygon","coordinates":[[[-122.286598,37.858687],[-122.286601,37.858701],[-122.28656,37.858706],[-122.286529,37.858552],[-122.286559,37.858548],[-122.286555,37.858528],[-122.286632,37.858518],[-122.286636,37.858539],[-122.286648,37.858537],[-122.286659,37.858593],[-122.286653,37.858594],[-122.28667,37.858678],[-122.286598,37.858687]]]},"properties":{"id":"w824683837","b":"yes","lv":null,"n":null}},
{"type":"Feature","geometry":{"type":"Polygon","coordinates":[[[-122.286274,37.858711],[-122.286245,37.858567],[-122.286304,37.85856],[-122.28631,37.858588],[-122.286347,37.858584],[-122.28637,37.858699],[-122.286274,37.858711]]]},"properties":{"id":"w824683838","b":"yes","lv":null,"n":null}},
{"type":"Feature","geometry":{"type":"Polygon","coordinates":[[[-122.28657,37.858309],[-122.286577,37.85834],[-122.286396,37.858362],[-122.286394,37.85835],[-122.28641,37.858348],[-122.286405,37.858323],[-122.286419,37.858321],[-122.286413,37.858288],[-122.286562,37.85827],[-122.286563,37.858277],[-122.286579,37.858275],[-122.286585,37.858308],[-122.28657,37.858309]]]},"properties":{"id":"w824683840","b":"yes","lv":null,"n":null}},
{"type":"Feature","geometry":{"type":"Polygon","coordinates":[[[-122.286578,37.858399],[-122.286574,37.858377],[-122.286532,37.858382],[-122.286525,37.85835],[-122.286604,37.858341],[-122.286615,37.858394],[-122.286578,37.858399]]]},"properties":{"id":"w824683841","b":"yes","lv":null,"n":null}},
{"type":"Feature","geometry":{"type":"Polygon","coordinates":[[[-122.286501,37.858497],[-122.286485,37.858416],[-122.286603,37.858401],[-122.286619,37.858482],[-122.286501,37.858497]]]},"properties":{"id":"w824683842","b":"yes","lv":null,"n":null}},
{"type":"Feature","geometry":{"type":"Polygon","coordinates":[[[-122.286458,37.858685],[-122.286462,37.858706],[-122.286408,37.858712],[-122.286369,37.858502],[-122.286442,37.858494],[-122.286454,37.858555],[-122.286485,37.858552],[-122.286509,37.85868],[-122.286458,37.858685]]]},"properties":{"id":"w824683843","b":"yes","lv":null,"n":null}},
{"type":"Feature","geometry":{"type":"Polygon","coordinates":[[[-122.286336,37.858103],[-122.28634,37.858126],[-122.286283,37.858131],[-122.286274,37.85807],[-122.286342,37.858063],[-122.286348,37.858102],[-122.286336,37.858103]]]},"properties":{"id":"w824683844","b":"yes","lv":null,"n":null}},
{"type":"Feature","geometry":{"type":"Polygon","coordinates":[[[-122.286384,37.858087],[-122.286378,37.858059],[-122.286371,37.85806],[-122.286368,37.858046],[-122.286408,37.858041],[-122.286401,37.858006],[-122.286514,37.857992],[-122.286529,37.85807],[-122.286384,37.858087]]]},"properties":{"id":"w824683845","b":"yes","lv":null,"n":null}},
{"type":"Feature","geometry":{"type":"Polygon","coordinates":[[[-122.286356,37.858181],[-122.286347,37.858141],[-122.286368,37.858139],[-122.286365,37.858123],[-122.286419,37.858116],[-122.286414,37.858095],[-122.28653,37.858079],[-122.286546,37.858156],[-122.286356,37.858181]]]},"properties":{"id":"w824683846","b":"yes","lv":null,"n":null}},
{"type":"Feature","geometry":{"type":"Polygon","coordinates":[[[-122.286412,37.858268],[-122.286411,37.858262],[-122.286392,37.858264],[-122.286385,37.85823],[-122.286402,37.858228],[-122.286395,37.858197],[-122.286545,37.858177],[-122.286547,37.858186],[-122.286558,37.858185],[-122.286566,37.858222],[-122.286555,37.858224],[-122.28656,37.858248],[-122.286412,37.858268]]]},"properties":{"id":"w824683847","b":"yes","lv":null,"n":null}},
{"type":"Feature","geometry":{"type":"Polygon","coordinates":[[[-122.285845,37.858255],[-122.285849,37.858271],[-122.285796,37.858278],[-122.285793,37.858261],[-122.285763,37.858265],[-122.285743,37.858167],[-122.285765,37.858164],[-122.285755,37.858113],[-122.285845,37.858102],[-122.285875,37.858251],[-122.285845,37.858255]]]},"properties":{"id":"w824683848","b":"yes","lv":null,"n":null}},
{"type":"Feature","geometry":{"type":"Polygon","coordinates":[[[-122.285901,37.858231],[-122.285875,37.858097],[-122.285985,37.858083],[-122.286011,37.858218],[-122.285901,37.858231]]]},"properties":{"id":"w824683849","b":"yes","lv":null,"n":null}},
{"type":"Feature","geometry":{"type":"Polygon","coordinates":[[[-122.286082,37.858224],[-122.286085,37.85824],[-122.286033,37.858246],[-122.286,37.858067],[-122.286041,37.858062],[-122.286044,37.858077],[-122.286103,37.85807],[-122.286131,37.858219],[-122.286082,37.858224]]]},"properties":{"id":"w824683850","b":"yes","lv":null,"n":null}},
{"type":"Feature","geometry":{"type":"Polygon","coordinates":[[[-122.286166,37.858214],[-122.286133,37.858058],[-122.286189,37.85805],[-122.28619,37.858056],[-122.286237,37.85805],[-122.286268,37.858201],[-122.286166,37.858214]]]},"properties":{"id":"w824683851","b":"yes","lv":null,"n":null}},
{"type":"Feature","geometry":{"type":"Polygon","coordinates":[[[-122.285448,37.858285],[-122.285394,37.858293],[-122.285396,37.858306],[-122.28535,37.858312],[-122.285347,37.858299],[-122.285339,37.8583],[-122.285312,37.858177],[-122.285358,37.85817],[-122.285357,37.858164],[-122.285419,37.858155],[-122.285448,37.858285]]]},"properties":{"id":"w824683852","b":"yes","lv":null,"n":null}},
{"type":"Feature","geometry":{"type":"Polygon","coordinates":[[[-122.285516,37.858291],[-122.285513,37.858276],[-122.285504,37.858277],[-122.285481,37.858165],[-122.285576,37.858153],[-122.285602,37.85828],[-122.285516,37.858291]]]},"properties":{"id":"w824683854","b":"yes","lv":null,"n":null}},
{"type":"Feature","geometry":{"type":"Polygon","coordinates":[[[-122.285633,37.858304],[-122.285605,37.858159],[-122.285626,37.858157],[-122.285622,37.858134],[-122.285715,37.858122],[-122.285748,37.85829],[-122.285633,37.858304]]]},"properties":{"id":"w824683855","b":"yes","lv":null,"n":null}},
{"type":"Feature","geometry":{"type":"Polygon","coordinates":[[[-122.284955,37.858372],[-122.28492,37.858194],[-122.285014,37.858183],[-122.285049,37.85836],[-122.284955,37.858372]]]},"properties":{"id":"w824683856","b":"yes","lv":null,"n":null}},
{"type":"Feature","geometry":{"type":"Polygon","coordinates":[[[-122.285128,37.858375],[-122.285096,37.858208],[-122.285211,37.858194],[-122.285243,37.858361],[-122.285128,37.858375]]]},"properties":{"id":"w824683857","b":"yes","lv":null,"n":null}},
{"type":"Feature","geometry":{"type":"Polygon","coordinates":[[[-122.282982,37.859394],[-122.283063,37.859383],[-122.283087,37.859497],[-122.283047,37.859503],[-122.283052,37.859523],[-122.28301,37.859529],[-122.282982,37.859394]]]},"properties":{"id":"w824683861","b":"yes","lv":null,"n":null}},
{"type":"Feature","geometry":{"type":"Polygon","coordinates":[[[-122.28263,37.860075],[-122.282597,37.860029],[-122.282622,37.860018],[-122.282655,37.860064],[-122.28263,37.860075]]]},"properties":{"id":"w824683862","b":"yes","lv":null,"n":null}},
{"type":"Feature","geometry":{"type":"Polygon","coordinates":[[[-122.286871,37.860284],[-122.286861,37.860227],[-122.286938,37.860219],[-122.286948,37.860276],[-122.286871,37.860284]]]},"properties":{"id":"w824683866","b":"yes","lv":null,"n":null}},
{"type":"Feature","geometry":{"type":"Polygon","coordinates":[[[-122.285922,37.860846],[-122.285986,37.860838],[-122.285999,37.860902],[-122.285935,37.86091],[-122.285922,37.860846]]]},"properties":{"id":"w824683870","b":"yes","lv":null,"n":null}},
{"type":"Feature","geometry":{"type":"Polygon","coordinates":[[[-122.288055,37.860152],[-122.28817,37.860138],[-122.28818,37.86019],[-122.288158,37.860193],[-122.288174,37.860273],[-122.288082,37.860285],[-122.288055,37.860152]]]},"properties":{"id":"w824683874","b":"yes","lv":null,"n":null}},
{"type":"Feature","geometry":{"type":"Polygon","coordinates":[[[-122.284207,37.861165],[-122.284182,37.861048],[-122.284273,37.861036],[-122.284298,37.861153],[-122.284207,37.861165]]]},"properties":{"id":"w824683887","b":"yes","lv":null,"n":null}},
{"type":"Feature","geometry":{"type":"Polygon","coordinates":[[[-122.283415,37.861206],[-122.28342,37.861233],[-122.283323,37.861245],[-122.283329,37.861272],[-122.283221,37.861285],[-122.283208,37.861214],[-122.28322,37.861212],[-122.283209,37.861149],[-122.283309,37.861137],[-122.283307,37.86113],[-122.283387,37.861121],[-122.283404,37.861208],[-122.283415,37.861206]]]},"properties":{"id":"w824683888","b":"yes","lv":null,"n":null}},
{"type":"Feature","geometry":{"type":"Polygon","coordinates":[[[-122.28122,37.861728],[-122.281205,37.861645],[-122.28134,37.86163],[-122.281354,37.861713],[-122.28122,37.861728]]]},"properties":{"id":"w824683889","b":"yes","lv":null,"n":null}},
{"type":"Feature","geometry":{"type":"Polygon","coordinates":[[[-122.281614,37.86201],[-122.281591,37.861897],[-122.281713,37.861882],[-122.281736,37.861994],[-122.281614,37.86201]]]},"properties":{"id":"w824683890","b":"yes","lv":null,"n":null}},
{"type":"Feature","geometry":{"type":"Polygon","coordinates":[[[-122.28176,37.861991],[-122.281717,37.861785],[-122.281782,37.861776],[-122.281801,37.861871],[-122.281859,37.861864],[-122.281882,37.861976],[-122.28176,37.861991]]]},"properties":{"id":"w824683891","b":"yes","lv":null,"n":null}},
{"type":"Feature","geometry":{"type":"Polygon","coordinates":[[[-122.28191,37.861969],[-122.281882,37.861834],[-122.282004,37.861818],[-122.282032,37.861954],[-122.28191,37.861969]]]},"properties":{"id":"w824683892","b":"yes","lv":null,"n":null}},
{"type":"Feature","geometry":{"type":"Polygon","coordinates":[[[-122.280649,37.860002],[-122.280577,37.859656],[-122.280678,37.859643],[-122.280751,37.859989],[-122.280649,37.860002]]]},"properties":{"id":"w824683893","b":"terrace","lv":null,"n":null}},
{"type":"Feature","geometry":{"type":"Polygon","coordinates":[[[-122.281031,37.858839],[-122.281026,37.858816],[-122.280928,37.858828],[-122.280911,37.858746],[-122.281023,37.858732],[-122.281028,37.858751],[-122.281046,37.858749],[-122.281063,37.858835],[-122.281031,37.858839]]]},"properties":{"id":"w824683894","b":"yes","lv":null,"n":null}},
{"type":"Feature","geometry":{"type":"Polygon","coordinates":[[[-122.280737,37.860377],[-122.280734,37.860367],[-122.280723,37.860369],[-122.280719,37.860356],[-122.280703,37.860358],[-122.280699,37.860343],[-122.280716,37.86034],[-122.280703,37.860292],[-122.280754,37.860284],[-122.280758,37.860297],[-122.280782,37.860293],[-122.280802,37.860366],[-122.280737,37.860377]]]},"properties":{"id":"w824683897","b":"yes","lv":null,"n":null}},
{"type":"Feature","geometry":{"type":"Polygon","coordinates":[[[-122.280841,37.860273],[-122.280834,37.86024],[-122.280843,37.860239],[-122.280841,37.860228],[-122.28089,37.860222],[-122.280892,37.860229],[-122.280944,37.860223],[-122.280952,37.860258],[-122.280841,37.860273]]]},"properties":{"id":"w824683899","b":"yes","lv":null,"n":null}},
{"type":"Feature","geometry":{"type":"Polygon","coordinates":[[[-122.280825,37.860241],[-122.280829,37.860257],[-122.280708,37.860273],[-122.280705,37.860258],[-122.280683,37.860261],[-122.280676,37.860224],[-122.280697,37.860222],[-122.280693,37.860203],[-122.280832,37.860185],[-122.280841,37.860228],[-122.280843,37.860239],[-122.280834,37.86024],[-122.280825,37.860241]]]},"properties":{"id":"w824683900","b":"yes","lv":null,"n":null}},
{"type":"Feature","geometry":{"type":"Polygon","coordinates":[[[-122.28067,37.860088],[-122.280668,37.860074],[-122.280643,37.860077],[-122.280636,37.860038],[-122.280659,37.860036],[-122.280656,37.860019],[-122.280745,37.860009],[-122.280744,37.860003],[-122.280793,37.859997],[-122.280807,37.860072],[-122.28067,37.860088]]]},"properties":{"id":"w824683901","b":"yes","lv":null,"n":null}},
{"type":"Feature","geometry":{"type":"Polygon","coordinates":[[[-122.28069,37.860181],[-122.280688,37.860167],[-122.280663,37.86017],[-122.280655,37.86013],[-122.280679,37.860126],[-122.280676,37.860111],[-122.2808,37.860095],[-122.280814,37.860164],[-122.28069,37.860181]]]},"properties":{"id":"w824683902","b":"yes","lv":null,"n":null}},
{"type":"Feature","geometry":{"type":"Polygon","coordinates":[[[-122.28088,37.860341],[-122.280865,37.860279],[-122.280884,37.860276],[-122.280885,37.860282],[-122.280951,37.860272],[-122.280955,37.860287],[-122.280966,37.860286],[-122.280976,37.860327],[-122.28088,37.860341]]]},"properties":{"id":"w824683903","b":"yes","lv":null,"n":null}},
{"type":"Feature","geometry":{"type":"Polygon","coordinates":[[[-122.280812,37.86035],[-122.280802,37.860301],[-122.280862,37.860294],[-122.280872,37.860343],[-122.280812,37.86035]]]},"properties":{"id":"w824683904","b":"yes","lv":null,"n":null}},
{"type":"Feature","geometry":{"type":"Polygon","coordinates":[[[-122.281255,37.860668],[-122.28125,37.860646],[-122.28121,37.860651],[-122.281182,37.860522],[-122.281227,37.860516],[-122.281223,37.8605],[-122.281286,37.860492],[-122.281322,37.860659],[-122.281255,37.860668]]]},"properties":{"id":"w824683905","b":"yes","lv":null,"n":null}},
{"type":"Feature","geometry":{"type":"Polygon","coordinates":[[[-122.281514,37.860626],[-122.281517,37.860637],[-122.281474,37.860643],[-122.281441,37.860493],[-122.281537,37.86048],[-122.281567,37.860619],[-122.281514,37.860626]]]},"properties":{"id":"w824683906","b":"yes","lv":null,"n":null}},
{"type":"Feature","geometry":{"type":"Polygon","coordinates":[[[-122.280941,37.861245],[-122.280937,37.861228],[-122.280948,37.861227],[-122.280929,37.861175],[-122.280921,37.861146],[-122.280906,37.861149],[-122.280902,37.861135],[-122.280913,37.861133],[-122.2809,37.861085],[-122.280884,37.861088],[-122.280877,37.861064],[-122.280888,37.861062],[-122.280875,37.861016],[-122.280858,37.861019],[-122.280851,37.860993],[-122.280863,37.860991],[-122.28085,37.860945],[-122.280833,37.860948],[-122.280826,37.860923],[-122.280838,37.860921],[-122.280832,37.860898],[-122.280951,37.860881],[-122.281019,37.861165],[-122.281034,37.861233],[-122.280941,37.861245]]]},"properties":{"id":"w824683907","b":"terrace","lv":null,"n":null}},
{"type":"Feature","geometry":{"type":"Polygon","coordinates":[[[-122.28246,37.860537],[-122.282423,37.860363],[-122.282511,37.860351],[-122.282548,37.860525],[-122.28246,37.860537]]]},"properties":{"id":"w824683911","b":"yes","lv":null,"n":null}},
{"type":"Feature","geometry":{"type":"Polygon","coordinates":[[[-122.282578,37.860468],[-122.282552,37.860351],[-122.282655,37.860336],[-122.282682,37.860453],[-122.282578,37.860468]]]},"properties":{"id":"w824683912","b":"yes","lv":null,"n":null}},
{"type":"Feature","geometry":{"type":"Polygon","coordinates":[[[-122.281308,37.860269],[-122.281305,37.860253],[-122.281259,37.860259],[-122.28121,37.860033],[-122.281268,37.860025],[-122.281276,37.860064],[-122.281289,37.860063],[-122.281298,37.860104],[-122.281321,37.860101],[-122.281356,37.860263],[-122.281308,37.860269]]]},"properties":{"id":"w824683913","b":"yes","lv":null,"n":null}},
{"type":"Feature","geometry":{"type":"Polygon","coordinates":[[[-122.281001,37.860292],[-122.280994,37.860264],[-122.281,37.860264],[-122.280981,37.860179],[-122.280996,37.860177],[-122.280978,37.860103],[-122.281059,37.860092],[-122.281102,37.860277],[-122.281001,37.860292]]]},"properties":{"id":"w824683914","b":"yes","lv":null,"n":null}},
{"type":"Feature","geometry":{"type":"Polygon","coordinates":[[[-122.281164,37.860285],[-122.281161,37.86027],[-122.281121,37.860274],[-122.281082,37.860072],[-122.281137,37.860065],[-122.281148,37.860122],[-122.281186,37.860117],[-122.281217,37.860279],[-122.281164,37.860285]]]},"properties":{"id":"w824683915","b":"yes","lv":null,"n":null}},
{"type":"Feature","geometry":{"type":"Polygon","coordinates":[[[-122.281026,37.859786],[-122.281035,37.859832],[-122.28098,37.859839],[-122.280944,37.859656],[-122.281033,37.859645],[-122.281036,37.859664],[-122.281045,37.859663],[-122.281068,37.859781],[-122.281026,37.859786]]]},"properties":{"id":"w824683918","b":"yes","lv":null,"n":null}},
{"type":"Feature","geometry":{"type":"Polygon","coordinates":[[[-122.283151,37.860932],[-122.283122,37.860801],[-122.283137,37.860799],[-122.283218,37.860923],[-122.283151,37.860932]]]},"properties":{"id":"w824683920","b":"yes","lv":null,"n":null}},
{"type":"Feature","geometry":{"type":"Polygon","coordinates":[[[-122.284937,37.860354],[-122.284935,37.860347],[-122.284927,37.860348],[-122.284924,37.860334],[-122.284895,37.860337],[-122.284892,37.860324],[-122.284862,37.860328],[-122.284846,37.860256],[-122.284866,37.860253],[-122.284862,37.860236],[-122.284919,37.860229],[-122.284935,37.860304],[-122.28497,37.8603],[-122.28498,37.860348],[-122.284937,37.860354]]]},"properties":{"id":"w824683921","b":"yes","lv":null,"n":null}},
{"type":"Feature","geometry":{"type":"Polygon","coordinates":[[[-122.281603,37.859737],[-122.281571,37.859576],[-122.281599,37.859573],[-122.281597,37.859561],[-122.281624,37.859557],[-122.281626,37.859571],[-122.281652,37.859567],[-122.281684,37.859727],[-122.281603,37.859737]]]},"properties":{"id":"w824683922","b":"yes","lv":null,"n":null}},
{"type":"Feature","geometry":{"type":"Polygon","coordinates":[[[-122.281166,37.859744],[-122.281163,37.85973],[-122.281131,37.859734],[-122.281109,37.859629],[-122.281201,37.859617],[-122.281217,37.859698],[-122.281227,37.859697],[-122.281235,37.859735],[-122.281166,37.859744]]]},"properties":{"id":"w824683923","b":"yes","lv":null,"n":null}},
{"type":"Feature","geometry":{"type":"Polygon","coordinates":[[[-122.283359,37.859086],[-122.283332,37.858951],[-122.283422,37.858939],[-122.283449,37.859075],[-122.283428,37.859078],[-122.283431,37.859093],[-122.283386,37.859099],[-122.283383,37.859083],[-122.283359,37.859086]]]},"properties":{"id":"w824683925","b":"yes","lv":null,"n":null}},
{"type":"Feature","geometry":{"type":"Polygon","coordinates":[[[-122.282873,37.859606],[-122.282867,37.859576],[-122.282952,37.859565],[-122.282959,37.859594],[-122.282873,37.859606]]]},"properties":{"id":"w824683926","b":"yes","lv":null,"n":null}},
{"type":"Feature","geometry":{"type":"Polygon","coordinates":[[[-122.284885,37.859801],[-122.284874,37.85975],[-122.284881,37.859749],[-122.284868,37.859688],[-122.284961,37.859677],[-122.284967,37.859706],[-122.284957,37.859707],[-122.284963,37.859735],[-122.284977,37.859733],[-122.284988,37.859788],[-122.284885,37.859801]]]},"properties":{"id":"w824683927","b":"yes","lv":null,"n":null}},
{"type":"Feature","geometry":{"type":"Polygon","coordinates":[[[-122.284559,37.858488],[-122.284543,37.858404],[-122.284585,37.8584],[-122.284601,37.858483],[-122.284559,37.858488]]]},"properties":{"id":"w824683928","b":"yes","lv":null,"n":null}},
{"type":"Feature","geometry":{"type":"Polygon","coordinates":[[[-122.282741,37.858981],[-122.282733,37.858943],[-122.282855,37.858927],[-122.282863,37.858965],[-122.282741,37.858981]]]},"properties":{"id":"w824683929","b":"yes","lv":null,"n":null}},
{"type":"Feature","geometry":{"type":"Polygon","coordinates":[[[-122.283532,37.86175],[-122.283535,37.86176],[-122.283515,37.861763],[-122.283517,37.861772],[-122.283468,37.861779],[-122.283447,37.861681],[-122.283492,37.861675],[-122.283488,37.861655],[-122.283551,37.861646],[-122.283572,37.861745],[-122.283532,37.86175]]]},"properties":{"id":"w824683930","b":"yes","lv":null,"n":null}},
{"type":"Feature","geometry":{"type":"Polygon","coordinates":[[[-122.284968,37.861502],[-122.284983,37.861576],[-122.28496,37.861579],[-122.284961,37.861586],[-122.284897,37.861594],[-122.284871,37.861463],[-122.284879,37.861462],[-122.284864,37.861389],[-122.284927,37.861381],[-122.284941,37.861453],[-122.28498,37.861448],[-122.28499,37.861499],[-122.284968,37.861502]]]},"properties":{"id":"w824683931","b":"detached","lv":null,"n":null}},
{"type":"Feature","geometry":{"type":"Polygon","coordinates":[[[-122.282361,37.861912],[-122.282338,37.861807],[-122.282354,37.861805],[-122.282338,37.861732],[-122.282376,37.861727],[-122.282385,37.861765],[-122.282377,37.861766],[-122.28238,37.86178],[-122.282398,37.861777],[-122.282401,37.86179],[-122.282423,37.861787],[-122.282435,37.861842],[-122.282423,37.861843],[-122.282425,37.861853],[-122.282433,37.861852],[-122.282444,37.861901],[-122.282361,37.861912]]]},"properties":{"id":"w824683932","b":"yes","lv":null,"n":null}},
{"type":"Feature","geometry":{"type":"Polygon","coordinates":[[[-122.284244,37.861654],[-122.284246,37.861666],[-122.284222,37.861669],[-122.284223,37.861675],[-122.284185,37.86168],[-122.284143,37.861469],[-122.284233,37.861458],[-122.284271,37.86165],[-122.284244,37.861654]]]},"properties":{"id":"w824683933","b":"yes","lv":null,"n":null}},
{"type":"Feature","geometry":{"type":"Polygon","coordinates":[[[-122.282997,37.861855],[-122.282968,37.861714],[-122.283003,37.861709],[-122.283,37.861695],[-122.28304,37.86169],[-122.283043,37.861704],[-122.283061,37.861702],[-122.28307,37.861748],[-122.283078,37.861747],[-122.283085,37.861783],[-122.283077,37.861784],[-122.283089,37.861843],[-122.282997,37.861855]]]},"properties":{"id":"w824683935","b":"yes","lv":null,"n":null}},
{"type":"Feature","geometry":{"type":"Polygon","coordinates":[[[-122.284669,37.861634],[-122.284642,37.861507],[-122.284666,37.861504],[-122.284661,37.861482],[-122.284635,37.861486],[-122.284623,37.861434],[-122.284721,37.86142],[-122.284765,37.861622],[-122.284669,37.861634]]]},"properties":{"id":"w824683936","b":"yes","lv":null,"n":null}},
{"type":"Feature","geometry":{"type":"Polygon","coordinates":[[[-122.284304,37.861661],[-122.284269,37.86149],[-122.284355,37.861479],[-122.28439,37.861649],[-122.284304,37.861661]]]},"properties":{"id":"w824683937","b":"yes","lv":null,"n":null}},
{"type":"Feature","geometry":{"type":"Polygon","coordinates":[[[-122.282869,37.861872],[-122.282838,37.86173],[-122.282872,37.861725],[-122.28287,37.861716],[-122.282906,37.861711],[-122.282909,37.861721],[-122.28293,37.861718],[-122.282961,37.86186],[-122.282869,37.861872]]]},"properties":{"id":"w824683938","b":"yes","lv":null,"n":null}},
{"type":"Feature","geometry":{"type":"Polygon","coordinates":[[[-122.282489,37.861898],[-122.282463,37.861792],[-122.282483,37.861789],[-122.282476,37.861762],[-122.282498,37.861759],[-122.2825,37.861768],[-122.282528,37.861763],[-122.282531,37.861773],[-122.282555,37.86177],[-122.282561,37.861794],[-122.282549,37.861796],[-122.282556,37.861824],[-122.282568,37.861822],[-122.282581,37.861876],[-122.282547,37.861882],[-122.282548,37.861889],[-122.282489,37.861898]]]},"properties":{"id":"w824683940","b":"yes","lv":null,"n":null}},
{"type":"Feature","geometry":{"type":"Polygon","coordinates":[[[-122.283641,37.861743],[-122.283644,37.861755],[-122.283604,37.861761],[-122.283577,37.861641],[-122.283675,37.861627],[-122.283677,37.861637],[-122.283693,37.861635],[-122.283712,37.861721],[-122.283674,37.861727],[-122.283676,37.861738],[-122.283641,37.861743]]]},"properties":{"id":"w824683941","b":"yes","lv":null,"n":null}},
{"type":"Feature","geometry":{"type":"Polygon","coordinates":[[[-122.28213,37.861875],[-122.282137,37.861903],[-122.282128,37.861904],[-122.282132,37.86192],[-122.282108,37.861924],[-122.282113,37.861943],[-122.282062,37.861951],[-122.282036,37.861851],[-122.282063,37.861847],[-122.282061,37.861839],[-122.282092,37.861833],[-122.282087,37.861815],[-122.28214,37.861806],[-122.282157,37.861871],[-122.28213,37.861875]]]},"properties":{"id":"w824683942","b":"yes","lv":null,"n":null}},
{"type":"Feature","geometry":{"type":"Polygon","coordinates":[[[-122.284034,37.861699],[-122.284009,37.861589],[-122.283964,37.861595],[-122.283943,37.8615],[-122.284014,37.86149],[-122.284021,37.861522],[-122.284095,37.861512],[-122.284134,37.861685],[-122.284034,37.861699]]]},"properties":{"id":"w824683943","b":"yes","lv":null,"n":null}},
{"type":"Feature","geometry":{"type":"Polygon","coordinates":[[[-122.280833,37.86185],[-122.280821,37.86185],[-122.280677,37.861866],[-122.280447,37.861888],[-122.280415,37.861731],[-122.280565,37.861714],[-122.280555,37.861667],[-122.280399,37.861685],[-122.280366,37.861519],[-122.280419,37.861513],[-122.280417,37.861501],[-122.280529,37.861488],[-122.280528,37.861497],[-122.280563,37.861494],[-122.280586,37.861456],[-122.280663,37.86148],[-122.280661,37.861488],[-122.280673,37.861517],[-122.28069,37.861513],[-122.280725,37.86159],[-122.280712,37.861592],[-122.28073,37.861635],[-122.280746,37.86163],[-122.280778,37.861705],[-122.280763,37.861709],[-122.280784,37.861751],[-122.280798,37.861748],[-122.280834,37.861819],[-122.280818,37.861824],[-122.280833,37.86185]]]},"properties":{"id":"w824683944","b":"yes","lv":null,"n":null}},
{"type":"Feature","geometry":{"type":"Polygon","coordinates":[[[-122.283366,37.861789],[-122.283356,37.861737],[-122.283339,37.861739],[-122.283334,37.86171],[-122.283326,37.861711],[-122.283314,37.861648],[-122.283406,37.861636],[-122.283435,37.861781],[-122.283366,37.861789]]]},"properties":{"id":"w824683945","b":"yes","lv":null,"n":null}},
{"type":"Feature","geometry":{"type":"Polygon","coordinates":[[[-122.282789,37.861883],[-122.282785,37.861865],[-122.282733,37.861872],[-122.282706,37.861749],[-122.282802,37.861736],[-122.282832,37.861877],[-122.282789,37.861883]]]},"properties":{"id":"w824683946","b":"yes","lv":null,"n":null}},
{"type":"Feature","geometry":{"type":"Polygon","coordinates":[[[-122.282688,37.861823],[-122.282696,37.861869],[-122.28261,37.861879],[-122.282592,37.861779],[-122.282607,37.861777],[-122.282604,37.861758],[-122.282627,37.861756],[-122.282626,37.86175],[-122.282652,37.861747],[-122.282654,37.861758],[-122.282677,37.861755],[-122.282686,37.861804],[-122.282698,37.861802],[-122.282702,37.861822],[-122.282688,37.861823]]]},"properties":{"id":"w824683947","b":"yes","lv":null,"n":null}},
{"type":"Feature","geometry":{"type":"Polygon","coordinates":[[[-122.280246,37.862183],[-122.280244,37.862174],[-122.280203,37.862181],[-122.280181,37.862092],[-122.280212,37.862087],[-122.28021,37.86208],[-122.280266,37.862072],[-122.280272,37.862096],[-122.280305,37.862091],[-122.280325,37.86217],[-122.280246,37.862183]]]},"properties":{"id":"w824683948","b":"yes","lv":null,"n":null}},
{"type":"Feature","geometry":{"type":"Polygon","coordinates":[[[-122.281426,37.861921],[-122.28143,37.861941],[-122.281317,37.861957],[-122.281304,37.861902],[-122.281338,37.861897],[-122.281331,37.861866],[-122.28143,37.861852],[-122.281436,37.861877],[-122.281428,37.861878],[-122.281438,37.86192],[-122.281426,37.861921]]]},"properties":{"id":"w824683950","b":"yes","lv":null,"n":null}},
{"type":"Feature","geometry":{"type":"Polygon","coordinates":[[[-122.280334,37.861756],[-122.280332,37.861749],[-122.280306,37.861753],[-122.280304,37.861746],[-122.280283,37.861749],[-122.280291,37.861784],[-122.280225,37.861794],[-122.280175,37.861577],[-122.280323,37.861555],[-122.280369,37.861751],[-122.280334,37.861756]]]},"properties":{"id":"w824683951","b":"detached","lv":null,"n":null}},
{"type":"Feature","geometry":{"type":"Polygon","coordinates":[[[-122.280357,37.862168],[-122.280335,37.862063],[-122.280354,37.862061],[-122.28035,37.862039],[-122.280397,37.862033],[-122.2804,37.862046],[-122.280422,37.862043],[-122.280433,37.862095],[-122.28042,37.862097],[-122.280433,37.862158],[-122.280357,37.862168]]]},"properties":{"id":"w824683952","b":"yes","lv":null,"n":null}},
{"type":"Feature","geometry":{"type":"Polygon","coordinates":[[[-122.280081,37.862205],[-122.280041,37.862024],[-122.280127,37.862013],[-122.280153,37.862131],[-122.280142,37.862132],[-122.280144,37.862142],[-122.280151,37.862141],[-122.280162,37.862193],[-122.280081,37.862205]]]},"properties":{"id":"w824683953","b":"yes","lv":null,"n":null}},
{"type":"Feature","geometry":{"type":"Polygon","coordinates":[[[-122.27997,37.862217],[-122.279968,37.86221],[-122.279923,37.862215],[-122.279906,37.862129],[-122.279927,37.862126],[-122.279922,37.862097],[-122.279971,37.862091],[-122.279976,37.862119],[-122.280021,37.862113],[-122.280034,37.862178],[-122.280043,37.862177],[-122.280049,37.862207],[-122.27997,37.862217]]]},"properties":{"id":"w824683954","b":"yes","lv":null,"n":null}},
{"type":"Feature","geometry":{"type":"Polygon","coordinates":[[[-122.285364,37.86152],[-122.285315,37.861527],[-122.285319,37.861549],[-122.28527,37.861555],[-122.28523,37.861372],[-122.285329,37.861358],[-122.285364,37.86152]]]},"properties":{"id":"w824683965","b":"yes","lv":null,"n":null}},
{"type":"Feature","geometry":{"type":"Polygon","coordinates":[[[-122.28483,37.861617],[-122.284826,37.8616],[-122.284788,37.861605],[-122.284752,37.861439],[-122.284808,37.861432],[-122.284814,37.861457],[-122.284855,37.861451],[-122.284888,37.861609],[-122.28483,37.861617]]]},"properties":{"id":"w824683966","b":"yes","lv":null,"n":null}},
{"type":"Feature","geometry":{"type":"Polygon","coordinates":[[[-122.285139,37.861578],[-122.285106,37.861416],[-122.285199,37.861405],[-122.285232,37.861566],[-122.285139,37.861578]]]},"properties":{"id":"w824683967","b":"yes","lv":null,"n":null}},
{"type":"Feature","geometry":{"type":"Polygon","coordinates":[[[-122.280041,37.861734],[-122.280011,37.861574],[-122.280111,37.861562],[-122.280142,37.861722],[-122.280041,37.861734]]]},"properties":{"id":"w824683968","b":"detached","lv":null,"n":null}},
{"type":"Feature","geometry":{"type":"Polygon","coordinates":[[[-122.285069,37.861587],[-122.285065,37.861568],[-122.285015,37.861575],[-122.284988,37.861452],[-122.284995,37.861451],[-122.284988,37.861417],[-122.285049,37.861408],[-122.285056,37.861443],[-122.285082,37.861439],[-122.285114,37.861581],[-122.285069,37.861587]]]},"properties":{"id":"w824683969","b":"yes","lv":null,"n":null}},
{"type":"Feature","geometry":{"type":"Polygon","coordinates":[[[-122.280065,37.859899],[-122.280066,37.859904],[-122.280035,37.859907],[-122.280034,37.859902],[-122.280003,37.859906],[-122.279983,37.859806],[-122.28003,37.8598],[-122.280026,37.859781],[-122.280082,37.859774],[-122.280106,37.859894],[-122.280065,37.859899]]]},"properties":{"id":"w824734649","b":"yes","lv":null,"n":null}},
{"type":"Feature","geometry":{"type":"Polygon","coordinates":[[[-122.2801,37.860075],[-122.280099,37.86007],[-122.279955,37.86009],[-122.279934,37.859997],[-122.280163,37.859965],[-122.280166,37.859977],[-122.280227,37.859969],[-122.280246,37.860055],[-122.2801,37.860075]]]},"properties":{"id":"w824734652","b":"yes","lv":null,"n":null}},
{"type":"Feature","geometry":{"type":"Polygon","coordinates":[[[-122.280297,37.86042],[-122.280299,37.860426],[-122.28025,37.860433],[-122.280249,37.860427],[-122.280192,37.860435],[-122.280182,37.860389],[-122.280196,37.860387],[-122.280141,37.860142],[-122.280256,37.860126],[-122.280321,37.860416],[-122.280297,37.86042]]]},"properties":{"id":"w824734654","b":"yes","lv":null,"n":null}},
{"type":"Feature","geometry":{"type":"Polygon","coordinates":[[[-122.280012,37.860417],[-122.279916,37.86043],[-122.279886,37.860293],[-122.279982,37.86028],[-122.280012,37.860417]]]},"properties":{"id":"w824734661","b":"yes","lv":null,"n":null}},
{"type":"Feature","geometry":{"type":"Polygon","coordinates":[[[-122.280035,37.860411],[-122.279971,37.860111],[-122.280038,37.860102],[-122.280058,37.860195],[-122.280099,37.86019],[-122.280143,37.860397],[-122.280035,37.860411]]]},"properties":{"id":"w824734662","b":"yes","lv":null,"n":null}},
{"type":"Feature","geometry":{"type":"Polygon","coordinates":[[[-122.27994,37.859194],[-122.27988,37.858895],[-122.279968,37.858884],[-122.280029,37.859183],[-122.27994,37.859194]]]},"properties":{"id":"w824734689","b":"yes","lv":null,"n":null}},
{"type":"Feature","geometry":{"type":"Polygon","coordinates":[[[-122.280102,37.8595],[-122.280082,37.859503],[-122.280084,37.859509],[-122.280066,37.859511],[-122.280075,37.859553],[-122.27999,37.859564],[-122.279981,37.85952],[-122.28001,37.859516],[-122.279944,37.859214],[-122.280037,37.859201],[-122.280102,37.8595]]]},"properties":{"id":"w824734690","b":"yes","lv":null,"n":null}},
{"type":"Feature","geometry":{"type":"Polygon","coordinates":[[[-122.283701,37.863614],[-122.283633,37.863623],[-122.283622,37.86357],[-122.28369,37.863561],[-122.283701,37.863614]]]},"properties":{"id":"w824953458","b":"yes","lv":null,"n":null}},
{"type":"Feature","geometry":{"type":"Polygon","coordinates":[[[-122.28291,37.863684],[-122.282901,37.863633],[-122.282935,37.863629],[-122.282945,37.86368],[-122.28291,37.863684]]]},"properties":{"id":"w824953461","b":"yes","lv":null,"n":null}},
{"type":"Feature","geometry":{"type":"Polygon","coordinates":[[[-122.287747,37.861702],[-122.287684,37.86171],[-122.287678,37.861684],[-122.287742,37.861676],[-122.287747,37.861702]]]},"properties":{"id":"w824953470","b":"yes","lv":null,"n":null}},
{"type":"Feature","geometry":{"type":"Polygon","coordinates":[[[-122.283732,37.862106],[-122.283665,37.862114],[-122.283643,37.862005],[-122.28371,37.861996],[-122.283732,37.862106]]]},"properties":{"id":"w824953472","b":"yes","lv":null,"n":null}},
{"type":"Feature","geometry":{"type":"Polygon","coordinates":[[[-122.282825,37.862639],[-122.282991,37.862628],[-122.282992,37.862634],[-122.283007,37.862633],[-122.283011,37.862673],[-122.282997,37.862673],[-122.282998,37.862683],[-122.282807,37.862696],[-122.282801,37.862644],[-122.282743,37.862648],[-122.28274,37.862616],[-122.282822,37.86261],[-122.282825,37.862639]]]},"properties":{"id":"w824953478","b":"yes","lv":null,"n":null}},
{"type":"Feature","geometry":{"type":"Polygon","coordinates":[[[-122.287373,37.862862],[-122.28738,37.862893],[-122.287304,37.862903],[-122.287297,37.86287],[-122.287311,37.862868],[-122.287302,37.862826],[-122.287291,37.862827],[-122.287284,37.862794],[-122.2875,37.862766],[-122.287516,37.862844],[-122.287373,37.862862]]]},"properties":{"id":"w824953483","b":"yes","lv":null,"n":null}},
{"type":"Feature","geometry":{"type":"Polygon","coordinates":[[[-122.286817,37.862821],[-122.286796,37.862716],[-122.286959,37.862695],[-122.286972,37.862758],[-122.286997,37.862754],[-122.287005,37.862796],[-122.286817,37.862821]]]},"properties":{"id":"w824953484","b":"yes","lv":null,"n":null}},
{"type":"Feature","geometry":{"type":"Polygon","coordinates":[[[-122.287008,37.862834],[-122.287019,37.862884],[-122.286964,37.862891],[-122.286965,37.862896],[-122.286812,37.862916],[-122.286795,37.862838],[-122.287014,37.86281],[-122.287019,37.862832],[-122.287008,37.862834]]]},"properties":{"id":"w824953485","b":"yes","lv":null,"n":null}},
{"type":"Feature","geometry":{"type":"Polygon","coordinates":[[[-122.286963,37.862963],[-122.286955,37.862925],[-122.287025,37.862916],[-122.287033,37.862954],[-122.286963,37.862963]]]},"properties":{"id":"w824953486","b":"yes","lv":null,"n":null}},
{"type":"Feature","geometry":{"type":"Polygon","coordinates":[[[-122.286935,37.862414],[-122.286919,37.862416],[-122.286925,37.862449],[-122.286773,37.862469],[-122.286758,37.862396],[-122.286927,37.862374],[-122.286935,37.862414]]]},"properties":{"id":"w824953487","b":"yes","lv":null,"n":null}},
{"type":"Feature","geometry":{"type":"Polygon","coordinates":[[[-122.286938,37.862515],[-122.286945,37.862549],[-122.286794,37.862569],[-122.286793,37.862567],[-122.286759,37.862571],[-122.286751,37.862531],[-122.286786,37.862527],[-122.286779,37.862494],[-122.286945,37.862473],[-122.286953,37.862513],[-122.286938,37.862515]]]},"properties":{"id":"w824953488","b":"yes","lv":null,"n":null}},
{"type":"Feature","geometry":{"type":"Polygon","coordinates":[[[-122.286815,37.862668],[-122.286799,37.862592],[-122.286964,37.86257],[-122.286973,37.862613],[-122.286959,37.862615],[-122.286966,37.862649],[-122.286815,37.862668]]]},"properties":{"id":"w824953489","b":"yes","lv":null,"n":null}},
{"type":"Feature","geometry":{"type":"Polygon","coordinates":[[[-122.286716,37.862276],[-122.286699,37.862197],[-122.286882,37.862174],[-122.286899,37.862253],[-122.286716,37.862276]]]},"properties":{"id":"w824953492","b":"yes","lv":null,"n":null}},
{"type":"Feature","geometry":{"type":"Polygon","coordinates":[[[-122.286897,37.86232],[-122.286903,37.862352],[-122.286755,37.862372],[-122.286751,37.862352],[-122.286675,37.862362],[-122.286667,37.862326],[-122.286745,37.862316],[-122.28674,37.862294],[-122.286904,37.862273],[-122.286913,37.862318],[-122.286897,37.86232]]]},"properties":{"id":"w824953493","b":"yes","lv":null,"n":null}},
{"type":"Feature","geometry":{"type":"Polygon","coordinates":[[[-122.286694,37.861739],[-122.286666,37.861606],[-122.286705,37.8616],[-122.286702,37.861583],[-122.286747,37.861577],[-122.286751,37.861594],[-122.286786,37.861589],[-122.286795,37.861636],[-122.286772,37.861639],[-122.286779,37.86167],[-122.2868,37.861667],[-122.286812,37.861724],[-122.286694,37.861739]]]},"properties":{"id":"w824953494","b":"yes","lv":null,"n":null}},
{"type":"Feature","geometry":{"type":"Polygon","coordinates":[[[-122.286612,37.861978],[-122.286598,37.86191],[-122.28664,37.861904],[-122.286637,37.86189],[-122.286816,37.861867],[-122.286833,37.861949],[-122.286612,37.861978]]]},"properties":{"id":"w824953495","b":"yes","lv":null,"n":null}},
{"type":"Feature","geometry":{"type":"Polygon","coordinates":[[[-122.286838,37.862035],[-122.28682,37.862037],[-122.286824,37.862055],[-122.286814,37.862056],[-122.286815,37.862062],[-122.286679,37.86208],[-122.286677,37.862074],[-122.286652,37.862077],[-122.286645,37.862046],[-122.286664,37.862043],[-122.286659,37.862023],[-122.286679,37.86202],[-122.286673,37.861993],[-122.286825,37.861972],[-122.286838,37.862035]]]},"properties":{"id":"w824953496","b":"yes","lv":null,"n":null}},
{"type":"Feature","geometry":{"type":"Polygon","coordinates":[[[-122.286664,37.862178],[-122.286649,37.862105],[-122.286855,37.86208],[-122.286864,37.862126],[-122.286873,37.862125],[-122.286879,37.862152],[-122.286664,37.862178]]]},"properties":{"id":"w824953497","b":"yes","lv":null,"n":null}},
{"type":"Feature","geometry":{"type":"Polygon","coordinates":[[[-122.28649,37.861755],[-122.286492,37.861766],[-122.28642,37.861775],[-122.286393,37.861638],[-122.286441,37.861632],[-122.286438,37.861614],[-122.286482,37.861609],[-122.286511,37.861753],[-122.28649,37.861755]]]},"properties":{"id":"w824953498","b":"yes","lv":null,"n":null}},
{"type":"Feature","geometry":{"type":"Polygon","coordinates":[[[-122.28663,37.861742],[-122.286623,37.861708],[-122.286556,37.861716],[-122.286537,37.861625],[-122.286645,37.861611],[-122.286671,37.861737],[-122.28663,37.861742]]]},"properties":{"id":"w824953500","b":"yes","lv":null,"n":null}},
{"type":"Feature","geometry":{"type":"Polygon","coordinates":[[[-122.287097,37.861896],[-122.28709,37.861863],[-122.287098,37.861862],[-122.287088,37.861814],[-122.287259,37.861791],[-122.287263,37.861811],[-122.287305,37.861805],[-122.287318,37.861866],[-122.287097,37.861896]]]},"properties":{"id":"w824953501","b":"yes","lv":null,"n":null}},
{"type":"Feature","geometry":{"type":"Polygon","coordinates":[[[-122.286216,37.861815],[-122.286222,37.861844],[-122.286155,37.861853],[-122.286117,37.861673],[-122.286169,37.861667],[-122.286166,37.86165],[-122.286209,37.861645],[-122.286243,37.861811],[-122.286216,37.861815]]]},"properties":{"id":"w824953502","b":"yes","lv":null,"n":null}},
{"type":"Feature","geometry":{"type":"Polygon","coordinates":[[[-122.286072,37.86183],[-122.286068,37.86181],[-122.286031,37.861815],[-122.286005,37.86169],[-122.286062,37.861682],[-122.286059,37.861665],[-122.286103,37.861659],[-122.286137,37.861821],[-122.286072,37.86183]]]},"properties":{"id":"w824953503","b":"yes","lv":null,"n":null}},
{"type":"Feature","geometry":{"type":"Polygon","coordinates":[[[-122.286318,37.861853],[-122.286312,37.861823],[-122.286305,37.861824],[-122.286296,37.861783],[-122.286274,37.861786],[-122.286266,37.861748],[-122.286299,37.861743],[-122.286289,37.861692],[-122.286274,37.861694],[-122.286269,37.861669],[-122.286282,37.861667],[-122.286276,37.861636],[-122.286362,37.861625],[-122.286375,37.861689],[-122.286392,37.861687],[-122.2864,37.861724],[-122.286393,37.861724],[-122.286417,37.86184],[-122.286318,37.861853]]]},"properties":{"id":"w824953505","b":"yes","lv":null,"n":null}},
{"type":"Feature","geometry":{"type":"Polygon","coordinates":[[[-122.286254,37.861985],[-122.286255,37.861991],[-122.286081,37.862014],[-122.286075,37.861985],[-122.286081,37.861984],[-122.286071,37.861934],[-122.286239,37.861912],[-122.286243,37.861932],[-122.286287,37.861926],[-122.286298,37.861979],[-122.286254,37.861985]]]},"properties":{"id":"w824953507","b":"yes","lv":null,"n":null}},
{"type":"Feature","geometry":{"type":"Polygon","coordinates":[[[-122.286148,37.861901],[-122.286028,37.861916],[-122.286019,37.861876],[-122.286091,37.861867],[-122.286088,37.861851],[-122.286136,37.861845],[-122.286148,37.861901]]]},"properties":{"id":"w824953509","b":"yes","lv":null,"n":null}},
{"type":"Feature","geometry":{"type":"Polygon","coordinates":[[[-122.286122,37.862237],[-122.286116,37.862205],[-122.286125,37.862204],[-122.286116,37.86216],[-122.286274,37.86214],[-122.28629,37.862215],[-122.286122,37.862237]]]},"properties":{"id":"w824953510","b":"yes","lv":null,"n":null}},
{"type":"Feature","geometry":{"type":"Polygon","coordinates":[[[-122.286284,37.86207],[-122.286268,37.862072],[-122.286278,37.862118],[-122.286104,37.862141],[-122.286095,37.862099],[-122.286107,37.862097],[-122.2861,37.86206],[-122.286277,37.862037],[-122.286284,37.86207]]]},"properties":{"id":"w824953512","b":"yes","lv":null,"n":null}},
{"type":"Feature","geometry":{"type":"Polygon","coordinates":[[[-122.286178,37.862546],[-122.286169,37.862507],[-122.28619,37.862504],[-122.286183,37.862473],[-122.286413,37.862442],[-122.286428,37.862512],[-122.286178,37.862546]]]},"properties":{"id":"w824953515","b":"yes","lv":null,"n":null}},
{"type":"Feature","geometry":{"type":"Polygon","coordinates":[[[-122.286334,37.862427],[-122.286167,37.862449],[-122.286152,37.862373],[-122.286318,37.862351],[-122.286334,37.862427]]]},"properties":{"id":"w824953516","b":"yes","lv":null,"n":null}},
{"type":"Feature","geometry":{"type":"Polygon","coordinates":[[[-122.286155,37.862347],[-122.286139,37.86227],[-122.286333,37.862245],[-122.286349,37.862322],[-122.286155,37.862347]]]},"properties":{"id":"w824953517","b":"yes","lv":null,"n":null}},
{"type":"Feature","geometry":{"type":"Polygon","coordinates":[[[-122.286264,37.862825],[-122.28626,37.862806],[-122.286246,37.862807],[-122.286236,37.86276],[-122.28641,37.862737],[-122.286414,37.862759],[-122.286409,37.86276],[-122.286418,37.862805],[-122.286264,37.862825]]]},"properties":{"id":"w824953518","b":"yes","lv":null,"n":null}},
{"type":"Feature","geometry":{"type":"Polygon","coordinates":[[[-122.286237,37.862732],[-122.286222,37.862657],[-122.286392,37.862636],[-122.286407,37.862711],[-122.286237,37.862732]]]},"properties":{"id":"w824953519","b":"yes","lv":null,"n":null}},
{"type":"Feature","geometry":{"type":"Polygon","coordinates":[[[-122.286311,37.86263],[-122.286312,37.862634],[-122.286279,37.862638],[-122.286278,37.862633],[-122.286215,37.862641],[-122.286199,37.862567],[-122.286365,37.862546],[-122.286369,37.862564],[-122.286411,37.862559],[-122.286422,37.862615],[-122.286311,37.86263]]]},"properties":{"id":"w824953520","b":"yes","lv":null,"n":null}},
{"type":"Feature","geometry":{"type":"Polygon","coordinates":[[[-122.286424,37.863051],[-122.286428,37.863071],[-122.286289,37.863089],[-122.286273,37.863012],[-122.286392,37.862997],[-122.286396,37.863019],[-122.286468,37.863009],[-122.286475,37.863044],[-122.286424,37.863051]]]},"properties":{"id":"w824953522","b":"yes","lv":null,"n":null}},
{"type":"Feature","geometry":{"type":"Polygon","coordinates":[[[-122.286262,37.863009],[-122.286251,37.862958],[-122.286269,37.862956],[-122.286266,37.86294],[-122.286404,37.862922],[-122.286418,37.862989],[-122.286262,37.863009]]]},"properties":{"id":"w824953524","b":"yes","lv":null,"n":null}},
{"type":"Feature","geometry":{"type":"Polygon","coordinates":[[[-122.28639,37.862873],[-122.286395,37.862895],[-122.286267,37.862911],[-122.286252,37.862843],[-122.286414,37.862822],[-122.286423,37.862869],[-122.28639,37.862873]]]},"properties":{"id":"w824953525","b":"yes","lv":null,"n":null}},
{"type":"Feature","geometry":{"type":"Polygon","coordinates":[[[-122.286329,37.863266],[-122.286312,37.863192],[-122.286425,37.863176],[-122.286426,37.863181],[-122.286458,37.863177],[-122.286474,37.863246],[-122.286329,37.863266]]]},"properties":{"id":"w824953526","b":"yes","lv":null,"n":null}},
{"type":"Feature","geometry":{"type":"Polygon","coordinates":[[[-122.286459,37.863115],[-122.286415,37.86312],[-122.286423,37.863161],[-122.286308,37.863175],[-122.286294,37.8631],[-122.286452,37.863081],[-122.286459,37.863115]]]},"properties":{"id":"w824953527","b":"yes","lv":null,"n":null}},
{"type":"Feature","geometry":{"type":"Polygon","coordinates":[[[-122.286531,37.863231],[-122.286497,37.863065],[-122.28654,37.863059],[-122.286537,37.863046],[-122.28659,37.863039],[-122.286627,37.863218],[-122.286531,37.863231]]]},"properties":{"id":"w824953528","b":"yes","lv":null,"n":null}},
{"type":"Feature","geometry":{"type":"Polygon","coordinates":[[[-122.286816,37.863184],[-122.286818,37.863192],[-122.286759,37.8632],[-122.286733,37.863075],[-122.28677,37.86307],[-122.286767,37.863054],[-122.286829,37.863046],[-122.286857,37.863178],[-122.286816,37.863184]]]},"properties":{"id":"w824953529","b":"yes","lv":null,"n":null}},
{"type":"Feature","geometry":{"type":"Polygon","coordinates":[[[-122.287058,37.863151],[-122.287061,37.863163],[-122.287023,37.863168],[-122.28702,37.863154],[-122.286999,37.863157],[-122.286974,37.863036],[-122.28698,37.863035],[-122.286969,37.862981],[-122.287026,37.862974],[-122.287031,37.862995],[-122.287066,37.86299],[-122.287073,37.863025],[-122.287081,37.863024],[-122.287106,37.863145],[-122.287058,37.863151]]]},"properties":{"id":"w824953530","b":"yes","lv":null,"n":null}},
{"type":"Feature","geometry":{"type":"Polygon","coordinates":[[[-122.286908,37.86299],[-122.286895,37.862928],[-122.286949,37.862921],[-122.286962,37.862983],[-122.286908,37.86299]]]},"properties":{"id":"w824953531","b":"yes","lv":null,"n":null}},
{"type":"Feature","geometry":{"type":"Polygon","coordinates":[[[-122.286937,37.863165],[-122.286939,37.863174],[-122.286879,37.863182],[-122.286854,37.863059],[-122.286887,37.863055],[-122.286883,37.863037],[-122.286953,37.863028],[-122.28698,37.863159],[-122.286937,37.863165]]]},"properties":{"id":"w824953532","b":"yes","lv":null,"n":null}},
{"type":"Feature","geometry":{"type":"Polygon","coordinates":[[[-122.286647,37.863212],[-122.286623,37.863097],[-122.286645,37.863094],[-122.286642,37.863079],[-122.286677,37.863075],[-122.28668,37.863089],[-122.28672,37.863084],[-122.286744,37.8632],[-122.286647,37.863212]]]},"properties":{"id":"w824953533","b":"yes","lv":null,"n":null}},
{"type":"Feature","geometry":{"type":"Polygon","coordinates":[[[-122.287343,37.86311],[-122.287316,37.862977],[-122.287353,37.862973],[-122.287348,37.862951],[-122.287408,37.862943],[-122.28744,37.863098],[-122.287343,37.86311]]]},"properties":{"id":"w824953535","b":"yes","lv":null,"n":null}},
{"type":"Feature","geometry":{"type":"Polygon","coordinates":[[[-122.287482,37.863097],[-122.287453,37.862959],[-122.287485,37.862955],[-122.287478,37.862921],[-122.287549,37.862911],[-122.28757,37.863009],[-122.287575,37.863008],[-122.287584,37.863051],[-122.287578,37.863052],[-122.287584,37.863084],[-122.287482,37.863097]]]},"properties":{"id":"w824953536","b":"yes","lv":null,"n":null}},
{"type":"Feature","geometry":{"type":"Polygon","coordinates":[[[-122.287641,37.863088],[-122.287612,37.862947],[-122.287707,37.862934],[-122.287736,37.863076],[-122.287641,37.863088]]]},"properties":{"id":"w824953537","b":"yes","lv":null,"n":null}},
{"type":"Feature","geometry":{"type":"Polygon","coordinates":[[[-122.287344,37.862678],[-122.287346,37.862689],[-122.287316,37.862692],[-122.287315,37.862686],[-122.287305,37.862687],[-122.2873,37.86266],[-122.287251,37.862666],[-122.287244,37.862629],[-122.287399,37.862609],[-122.287412,37.862669],[-122.287344,37.862678]]]},"properties":{"id":"w824953539","b":"yes","lv":null,"n":null}},
{"type":"Feature","geometry":{"type":"Polygon","coordinates":[[[-122.287275,37.862779],[-122.287267,37.862741],[-122.287282,37.862739],[-122.287275,37.862705],[-122.2875,37.862676],[-122.28751,37.862723],[-122.287463,37.862729],[-122.287468,37.862754],[-122.287275,37.862779]]]},"properties":{"id":"w824953540","b":"yes","lv":null,"n":null}},
{"type":"Feature","geometry":{"type":"Polygon","coordinates":[[[-122.287781,37.863069],[-122.287752,37.862929],[-122.28777,37.862926],[-122.287757,37.862864],[-122.287836,37.862854],[-122.287879,37.863057],[-122.287781,37.863069]]]},"properties":{"id":"w824953541","b":"yes","lv":null,"n":null}},
{"type":"Feature","geometry":{"type":"Polygon","coordinates":[[[-122.287358,37.862494],[-122.287356,37.862484],[-122.287324,37.862488],[-122.287326,37.862498],[-122.287284,37.862504],[-122.287282,37.862493],[-122.287243,37.862498],[-122.287228,37.862428],[-122.287342,37.862413],[-122.287344,37.862422],[-122.287383,37.862417],[-122.287381,37.862406],[-122.287428,37.8624],[-122.28743,37.862412],[-122.287449,37.862409],[-122.287464,37.862481],[-122.287358,37.862494]]]},"properties":{"id":"w824953542","b":"yes","lv":null,"n":null}},
{"type":"Feature","geometry":{"type":"Polygon","coordinates":[[[-122.287245,37.862601],[-122.287235,37.862556],[-122.287252,37.862554],[-122.287245,37.862519],[-122.287524,37.862481],[-122.287542,37.862561],[-122.287245,37.862601]]]},"properties":{"id":"w824953543","b":"yes","lv":null,"n":null}},
{"type":"Feature","geometry":{"type":"Polygon","coordinates":[[[-122.287186,37.862303],[-122.287179,37.862265],[-122.287191,37.862264],[-122.287182,37.862223],[-122.287399,37.862195],[-122.287416,37.862273],[-122.287186,37.862303]]]},"properties":{"id":"w824953545","b":"yes","lv":null,"n":null}},
{"type":"Feature","geometry":{"type":"Polygon","coordinates":[[[-122.287225,37.862412],[-122.287209,37.862333],[-122.287324,37.862318],[-122.287322,37.86231],[-122.28735,37.862307],[-122.287352,37.862315],[-122.287431,37.862305],[-122.287447,37.862383],[-122.287225,37.862412]]]},"properties":{"id":"w824953546","b":"yes","lv":null,"n":null}},
{"type":"Feature","geometry":{"type":"Polygon","coordinates":[[[-122.287843,37.862535],[-122.287842,37.862528],[-122.287796,37.862534],[-122.287789,37.8625],[-122.28782,37.862496],[-122.287813,37.862459],[-122.287831,37.862457],[-122.287829,37.86245],[-122.287976,37.862431],[-122.287993,37.862516],[-122.287843,37.862535]]]},"properties":{"id":"w824953547","b":"yes","lv":null,"n":null}},
{"type":"Feature","geometry":{"type":"Polygon","coordinates":[[[-122.287281,37.861961],[-122.287286,37.861985],[-122.287119,37.862007],[-122.28711,37.861962],[-122.287128,37.861959],[-122.287122,37.861927],[-122.28727,37.861908],[-122.287274,37.861929],[-122.287292,37.861926],[-122.287299,37.861959],[-122.287281,37.861961]]]},"properties":{"id":"w824953548","b":"yes","lv":null,"n":null}},
{"type":"Feature","geometry":{"type":"Polygon","coordinates":[[[-122.287197,37.862102],[-122.287195,37.862092],[-122.287157,37.862096],[-122.287144,37.862032],[-122.287271,37.862016],[-122.287286,37.86209],[-122.287197,37.862102]]]},"properties":{"id":"w824953549","b":"yes","lv":null,"n":null}},
{"type":"Feature","geometry":{"type":"Polygon","coordinates":[[[-122.287151,37.862206],[-122.287143,37.862166],[-122.287168,37.862163],[-122.28716,37.862127],[-122.287321,37.862106],[-122.287328,37.862143],[-122.28735,37.86214],[-122.287358,37.86218],[-122.287151,37.862206]]]},"properties":{"id":"w824953550","b":"yes","lv":null,"n":null}},
{"type":"Feature","geometry":{"type":"Polygon","coordinates":[[[-122.287031,37.861648],[-122.287019,37.861592],[-122.287029,37.861591],[-122.287019,37.861544],[-122.287128,37.86153],[-122.287149,37.861633],[-122.287031,37.861648]]]},"properties":{"id":"w824953552","b":"yes","lv":null,"n":null}},
{"type":"Feature","geometry":{"type":"Polygon","coordinates":[[[-122.287172,37.861717],[-122.287166,37.86169],[-122.287206,37.861685],[-122.287211,37.861712],[-122.287172,37.861717]]]},"properties":{"id":"w824953553","b":"yes","lv":null,"n":null}},
{"type":"Feature","geometry":{"type":"Polygon","coordinates":[[[-122.287315,37.861651],[-122.287289,37.861525],[-122.287378,37.861513],[-122.287404,37.86164],[-122.287315,37.861651]]]},"properties":{"id":"w824953557","b":"yes","lv":null,"n":null}},
{"type":"Feature","geometry":{"type":"Polygon","coordinates":[[[-122.287808,37.861807],[-122.287806,37.8618],[-122.287711,37.861812],[-122.287713,37.861821],[-122.287656,37.861828],[-122.287654,37.86182],[-122.287631,37.861823],[-122.287615,37.861746],[-122.28785,37.861716],[-122.287867,37.8618],[-122.287808,37.861807]]]},"properties":{"id":"w824953558","b":"yes","lv":null,"n":null}},
{"type":"Feature","geometry":{"type":"Polygon","coordinates":[[[-122.287191,37.861671],[-122.287164,37.86154],[-122.287252,37.861528],[-122.287279,37.86166],[-122.287191,37.861671]]]},"properties":{"id":"w824953559","b":"yes","lv":null,"n":null}},
{"type":"Feature","geometry":{"type":"Polygon","coordinates":[[[-122.287692,37.861522],[-122.287694,37.861532],[-122.287649,37.861538],[-122.287637,37.861483],[-122.287684,37.861477],[-122.287678,37.861445],[-122.287761,37.861434],[-122.287767,37.861463],[-122.287806,37.861458],[-122.287816,37.861506],[-122.287692,37.861522]]]},"properties":{"id":"w824953560","b":"yes","lv":null,"n":null}},
{"type":"Feature","geometry":{"type":"Polygon","coordinates":[[[-122.287441,37.861636],[-122.287418,37.86152],[-122.287446,37.861516],[-122.287444,37.861503],[-122.287507,37.861495],[-122.287533,37.861625],[-122.287441,37.861636]]]},"properties":{"id":"w824953561","b":"yes","lv":null,"n":null}},
{"type":"Feature","geometry":{"type":"Polygon","coordinates":[[[-122.287086,37.861786],[-122.287075,37.861733],[-122.287166,37.861721],[-122.287177,37.861774],[-122.287086,37.861786]]]},"properties":{"id":"w824953565","b":"yes","lv":null,"n":null}},
{"type":"Feature","geometry":{"type":"Polygon","coordinates":[[[-122.287691,37.861679],[-122.287666,37.86156],[-122.287754,37.861549],[-122.287755,37.861555],[-122.287763,37.861554],[-122.287786,37.861667],[-122.287691,37.861679]]]},"properties":{"id":"w824953567","b":"apartments","lv":"2","n":null}},
{"type":"Feature","geometry":{"type":"Polygon","coordinates":[[[-122.287551,37.861603],[-122.287528,37.861491],[-122.287628,37.861478],[-122.287651,37.86159],[-122.287551,37.861603]]]},"properties":{"id":"w824953568","b":"yes","lv":null,"n":null}},
{"type":"Feature","geometry":{"type":"Polygon","coordinates":[[[-122.287761,37.862132],[-122.287747,37.862067],[-122.287899,37.862047],[-122.287912,37.862113],[-122.287761,37.862132]]]},"properties":{"id":"w824953569","b":"yes","lv":null,"n":null}},
{"type":"Feature","geometry":{"type":"Polygon","coordinates":[[[-122.287741,37.862034],[-122.287728,37.861971],[-122.287873,37.861953],[-122.287877,37.861976],[-122.287886,37.861975],[-122.287894,37.862014],[-122.287741,37.862034]]]},"properties":{"id":"w824953570","b":"yes","lv":null,"n":null}},
{"type":"Feature","geometry":{"type":"Polygon","coordinates":[[[-122.288327,37.862166],[-122.288325,37.862153],[-122.288276,37.862159],[-122.288274,37.86215],[-122.288225,37.862156],[-122.288212,37.862093],[-122.28838,37.862072],[-122.288392,37.862131],[-122.288425,37.862126],[-122.28843,37.862152],[-122.288327,37.862166]]]},"properties":{"id":"w824953571","b":"yes","lv":null,"n":null}},
{"type":"Feature","geometry":{"type":"Polygon","coordinates":[[[-122.28769,37.861935],[-122.287674,37.861859],[-122.287862,37.861835],[-122.287878,37.86191],[-122.28769,37.861935]]]},"properties":{"id":"w824953572","b":"yes","lv":null,"n":null}},
{"type":"Feature","geometry":{"type":"Polygon","coordinates":[[[-122.28778,37.862229],[-122.287766,37.862164],[-122.28791,37.862145],[-122.287915,37.86217],[-122.287923,37.862169],[-122.287932,37.862209],[-122.28778,37.862229]]]},"properties":{"id":"w824953574","b":"yes","lv":null,"n":null}},
{"type":"Feature","geometry":{"type":"Polygon","coordinates":[[[-122.288033,37.86263],[-122.287824,37.862656],[-122.287806,37.862571],[-122.288015,37.862545],[-122.288033,37.86263]]]},"properties":{"id":"w824953577","b":"yes","lv":null,"n":null}},
{"type":"Feature","geometry":{"type":"Polygon","coordinates":[[[-122.288337,37.862732],[-122.288321,37.862657],[-122.288535,37.862629],[-122.288539,37.86265],[-122.288567,37.862647],[-122.288578,37.862701],[-122.288337,37.862732]]]},"properties":{"id":"w824953578","b":"yes","lv":null,"n":null}},
{"type":"Feature","geometry":{"type":"Polygon","coordinates":[[[-122.287942,37.862391],[-122.287944,37.862404],[-122.287813,37.862421],[-122.287801,37.86236],[-122.28796,37.862339],[-122.28797,37.862388],[-122.287942,37.862391]]]},"properties":{"id":"w824953579","b":"yes","lv":null,"n":null}},
{"type":"Feature","geometry":{"type":"Polygon","coordinates":[[[-122.287802,37.862327],[-122.287788,37.862262],[-122.287941,37.862242],[-122.287954,37.862308],[-122.287802,37.862327]]]},"properties":{"id":"w824953580","b":"yes","lv":null,"n":null}},
{"type":"Feature","geometry":{"type":"Polygon","coordinates":[[[-122.287895,37.863049],[-122.287868,37.862918],[-122.287883,37.862916],[-122.28788,37.862902],[-122.287908,37.862899],[-122.287911,37.862913],[-122.287918,37.862912],[-122.287921,37.862927],[-122.287952,37.862923],[-122.287976,37.863038],[-122.287895,37.863049]]]},"properties":{"id":"w824953581","b":"yes","lv":null,"n":null}},
{"type":"Feature","geometry":{"type":"Polygon","coordinates":[[[-122.288033,37.862816],[-122.288026,37.862782],[-122.288092,37.862774],[-122.288099,37.862808],[-122.288033,37.862816]]]},"properties":{"id":"w824953582","b":"yes","lv":null,"n":null}},
{"type":"Feature","geometry":{"type":"Polygon","coordinates":[[[-122.287836,37.862778],[-122.287819,37.862696],[-122.288031,37.862668],[-122.288038,37.8627],[-122.288058,37.862698],[-122.288068,37.862748],[-122.287836,37.862778]]]},"properties":{"id":"w824953583","b":"yes","lv":null,"n":null}},
{"type":"Feature","geometry":{"type":"Polygon","coordinates":[[[-122.288087,37.863027],[-122.288089,37.863039],[-122.288059,37.863043],[-122.288056,37.86303],[-122.288013,37.863036],[-122.28799,37.862922],[-122.288109,37.862907],[-122.288132,37.863021],[-122.288087,37.863027]]]},"properties":{"id":"w824953584","b":"yes","lv":null,"n":null}},
{"type":"Feature","geometry":{"type":"Polygon","coordinates":[[[-122.285018,37.862195],[-122.285017,37.862188],[-122.284951,37.862196],[-122.284946,37.862171],[-122.284861,37.862182],[-122.284848,37.862116],[-122.285,37.862096],[-122.285009,37.862139],[-122.285025,37.862137],[-122.285027,37.862148],[-122.28509,37.862139],[-122.2851,37.862184],[-122.285018,37.862195]]]},"properties":{"id":"w824953588","b":"yes","lv":null,"n":null}},
{"type":"Feature","geometry":{"type":"Polygon","coordinates":[[[-122.285114,37.862286],[-122.28491,37.862312],[-122.284906,37.862291],[-122.28489,37.862293],[-122.284876,37.862226],[-122.285096,37.862198],[-122.285114,37.862286]]]},"properties":{"id":"w824953589","b":"yes","lv":null,"n":null}},
{"type":"Feature","geometry":{"type":"Polygon","coordinates":[[[-122.284995,37.862414],[-122.28499,37.862391],[-122.284902,37.862402],[-122.284888,37.862333],[-122.285046,37.862312],[-122.285059,37.862376],[-122.285105,37.86237],[-122.285111,37.862399],[-122.284995,37.862414]]]},"properties":{"id":"w824953590","b":"yes","lv":null,"n":null}},
{"type":"Feature","geometry":{"type":"Polygon","coordinates":[[[-122.28592,37.863111],[-122.28591,37.863062],[-122.28594,37.863058],[-122.28595,37.863107],[-122.28592,37.863111]]]},"properties":{"id":"w824953591","b":"yes","lv":null,"n":null}},
{"type":"Feature","geometry":{"type":"Polygon","coordinates":[[[-122.285486,37.86251],[-122.285481,37.862462],[-122.285472,37.862463],[-122.285468,37.862432],[-122.285477,37.862432],[-122.285466,37.862335],[-122.285456,37.862336],[-122.285453,37.862308],[-122.285463,37.862307],[-122.285452,37.86221],[-122.285443,37.862211],[-122.28544,37.862182],[-122.285449,37.862182],[-122.285437,37.862073],[-122.28543,37.862073],[-122.285427,37.862045],[-122.285434,37.862044],[-122.285423,37.861946],[-122.285415,37.861947],[-122.285412,37.861917],[-122.285421,37.861916],[-122.28541,37.86182],[-122.285402,37.86182],[-122.285399,37.861791],[-122.285408,37.86179],[-122.285402,37.861739],[-122.285497,37.861732],[-122.285582,37.862504],[-122.285558,37.862506],[-122.285561,37.862533],[-122.285515,37.862536],[-122.285512,37.862509],[-122.285486,37.86251]]]},"properties":{"id":"w824953592","b":"yes","lv":null,"n":null}},
{"type":"Feature","geometry":{"type":"Polygon","coordinates":[[[-122.285362,37.86253],[-122.285204,37.861765],[-122.285299,37.861753],[-122.28531,37.861807],[-122.285319,37.861805],[-122.285325,37.861833],[-122.285315,37.861835],[-122.285335,37.86193],[-122.285344,37.861929],[-122.285349,37.861956],[-122.285341,37.861957],[-122.285361,37.862055],[-122.285371,37.862054],[-122.285377,37.862081],[-122.285366,37.862082],[-122.285388,37.862186],[-122.285396,37.862185],[-122.285402,37.862214],[-122.285394,37.862215],[-122.285414,37.862311],[-122.285424,37.86231],[-122.285432,37.862346],[-122.285421,37.862347],[-122.28544,37.862437],[-122.285449,37.862436],[-122.285455,37.862465],[-122.285446,37.862466],[-122.285457,37.862518],[-122.285362,37.86253]]]},"properties":{"id":"w824953593","b":"yes","lv":null,"n":null}},
{"type":"Feature","geometry":{"type":"Polygon","coordinates":[[[-122.285097,37.86195],[-122.285085,37.861894],[-122.285115,37.861891],[-122.285099,37.861813],[-122.285184,37.861802],[-122.285211,37.861935],[-122.285097,37.86195]]]},"properties":{"id":"w824953594","b":"yes","lv":null,"n":null}},
{"type":"Feature","geometry":{"type":"Polygon","coordinates":[[[-122.28496,37.861965],[-122.284949,37.861909],[-122.284978,37.861906],[-122.284961,37.861827],[-122.285047,37.861816],[-122.285075,37.86195],[-122.28496,37.861965]]]},"properties":{"id":"w824953595","b":"yes","lv":null,"n":null}},
{"type":"Feature","geometry":{"type":"Polygon","coordinates":[[[-122.28569,37.861941],[-122.28564,37.861695],[-122.285735,37.861683],[-122.285786,37.861928],[-122.28569,37.861941]]]},"properties":{"id":"w824953596","b":"yes","lv":null,"n":null}},
{"type":"Feature","geometry":{"type":"Polygon","coordinates":[[[-122.285558,37.86188],[-122.285528,37.861735],[-122.285618,37.861723],[-122.285648,37.861869],[-122.285558,37.86188]]]},"properties":{"id":"w824953597","b":"yes","lv":null,"n":null}},
{"type":"Feature","geometry":{"type":"Polygon","coordinates":[[[-122.285015,37.862524],[-122.28501,37.8625],[-122.284929,37.86251],[-122.284915,37.862441],[-122.285062,37.862422],[-122.285081,37.862515],[-122.285015,37.862524]]]},"properties":{"id":"w824953598","b":"yes","lv":null,"n":null}},
{"type":"Feature","geometry":{"type":"Polygon","coordinates":[[[-122.28585,37.862338],[-122.285857,37.862373],[-122.285713,37.862392],[-122.285697,37.862317],[-122.285852,37.862297],[-122.28586,37.862336],[-122.28585,37.862338]]]},"properties":{"id":"w824953600","b":"yes","lv":null,"n":null}},
{"type":"Feature","geometry":{"type":"Polygon","coordinates":[[[-122.285681,37.862294],[-122.285665,37.862217],[-122.285827,37.862197],[-122.285843,37.862273],[-122.285681,37.862294]]]},"properties":{"id":"w824953601","b":"yes","lv":null,"n":null}},
{"type":"Feature","geometry":{"type":"Polygon","coordinates":[[[-122.28563,37.862214],[-122.285622,37.862172],[-122.285655,37.862168],[-122.285648,37.862137],[-122.285811,37.862116],[-122.285826,37.862189],[-122.28563,37.862214]]]},"properties":{"id":"w824953602","b":"yes","lv":null,"n":null}},
{"type":"Feature","geometry":{"type":"Polygon","coordinates":[[[-122.285658,37.862108],[-122.285635,37.861995],[-122.285744,37.861981],[-122.285752,37.862017],[-122.2858,37.862011],[-122.285806,37.862043],[-122.2858,37.862044],[-122.285809,37.862089],[-122.285658,37.862108]]]},"properties":{"id":"w824953603","b":"yes","lv":null,"n":null}},
{"type":"Feature","geometry":{"type":"Polygon","coordinates":[[[-122.285781,37.862789],[-122.285766,37.862716],[-122.285923,37.862696],[-122.285932,37.862738],[-122.285943,37.862736],[-122.28595,37.862767],[-122.285781,37.862789]]]},"properties":{"id":"w824953604","b":"yes","lv":null,"n":null}},
{"type":"Feature","geometry":{"type":"Polygon","coordinates":[[[-122.285895,37.862652],[-122.285903,37.86269],[-122.285772,37.862707],[-122.285758,37.86264],[-122.28575,37.862641],[-122.285749,37.862635],[-122.285757,37.862634],[-122.285755,37.862624],[-122.285904,37.862605],[-122.285914,37.86265],[-122.285895,37.862652]]]},"properties":{"id":"w824953605","b":"yes","lv":null,"n":null}},
{"type":"Feature","geometry":{"type":"Polygon","coordinates":[[[-122.285743,37.862592],[-122.285728,37.86252],[-122.285882,37.8625],[-122.285896,37.862572],[-122.285743,37.862592]]]},"properties":{"id":"w824953606","b":"yes","lv":null,"n":null}},
{"type":"Feature","geometry":{"type":"Polygon","coordinates":[[[-122.285844,37.862496],[-122.285843,37.862489],[-122.28573,37.862503],[-122.285714,37.862424],[-122.285865,37.862404],[-122.285877,37.862464],[-122.285886,37.862463],[-122.285891,37.86249],[-122.285844,37.862496]]]},"properties":{"id":"w824953607","b":"yes","lv":null,"n":null}},
{"type":"Feature","geometry":{"type":"Polygon","coordinates":[[[-122.284983,37.862757],[-122.284981,37.862749],[-122.284965,37.862751],[-122.284961,37.862731],[-122.284976,37.862729],[-122.284967,37.862686],[-122.284986,37.862684],[-122.284985,37.862678],[-122.285001,37.862675],[-122.285003,37.862682],[-122.285026,37.862679],[-122.285025,37.862672],[-122.285051,37.862668],[-122.285052,37.862675],[-122.285139,37.862664],[-122.285154,37.862735],[-122.284983,37.862757]]]},"properties":{"id":"w824953610","b":"yes","lv":null,"n":null}},
{"type":"Feature","geometry":{"type":"Polygon","coordinates":[[[-122.284962,37.862648],[-122.284957,37.86262],[-122.284945,37.862621],[-122.284941,37.862602],[-122.284962,37.8626],[-122.284957,37.862577],[-122.285146,37.862553],[-122.28516,37.862623],[-122.284962,37.862648]]]},"properties":{"id":"w824953613","b":"yes","lv":null,"n":null}},
{"type":"Feature","geometry":{"type":"Polygon","coordinates":[[[-122.280872,37.863245],[-122.280864,37.863177],[-122.281034,37.863165],[-122.281042,37.863233],[-122.280872,37.863245]]]},"properties":{"id":"w824953616","b":"yes","lv":null,"n":null}},
{"type":"Feature","geometry":{"type":"Polygon","coordinates":[[[-122.284995,37.862862],[-122.284987,37.862827],[-122.284996,37.862826],[-122.284989,37.862794],[-122.285015,37.86279],[-122.285014,37.862785],[-122.285026,37.862783],[-122.285027,37.862789],[-122.285134,37.862775],[-122.285148,37.862842],[-122.284995,37.862862]]]},"properties":{"id":"w824953618","b":"yes","lv":null,"n":null}},
{"type":"Feature","geometry":{"type":"Polygon","coordinates":[[[-122.285819,37.862864],[-122.285823,37.862884],[-122.285705,37.862899],[-122.285701,37.862878],[-122.285685,37.86288],[-122.28568,37.862854],[-122.285697,37.862852],[-122.285692,37.862829],[-122.285864,37.862807],[-122.285874,37.862857],[-122.285819,37.862864]]]},"properties":{"id":"w824953619","b":"yes","lv":null,"n":null}},
{"type":"Feature","geometry":{"type":"Polygon","coordinates":[[[-122.285208,37.863123],[-122.285214,37.863152],[-122.285061,37.863172],[-122.285056,37.863148],[-122.285038,37.86315],[-122.285031,37.863116],[-122.285049,37.863114],[-122.285044,37.863089],[-122.285197,37.863069],[-122.285201,37.863088],[-122.285233,37.863084],[-122.28524,37.863119],[-122.285208,37.863123]]]},"properties":{"id":"w824953621","b":"yes","lv":null,"n":null}},
{"type":"Feature","geometry":{"type":"Polygon","coordinates":[[[-122.285036,37.863052],[-122.285028,37.863016],[-122.285035,37.863016],[-122.285028,37.862983],[-122.285174,37.862964],[-122.285188,37.863033],[-122.285036,37.863052]]]},"properties":{"id":"w824953622","b":"yes","lv":null,"n":null}},
{"type":"Feature","geometry":{"type":"Polygon","coordinates":[[[-122.285015,37.862957],[-122.285008,37.862923],[-122.285017,37.862922],[-122.28501,37.862889],[-122.285034,37.862886],[-122.285032,37.86288],[-122.285049,37.862878],[-122.28505,37.862884],[-122.285154,37.862871],[-122.285167,37.862937],[-122.285015,37.862957]]]},"properties":{"id":"w824953623","b":"yes","lv":null,"n":null}},
{"type":"Feature","geometry":{"type":"Polygon","coordinates":[[[-122.285982,37.863049],[-122.28598,37.863037],[-122.285829,37.863056],[-122.285818,37.863002],[-122.285841,37.862999],[-122.285836,37.862974],[-122.285993,37.862954],[-122.286002,37.862999],[-122.285988,37.863001],[-122.285992,37.863024],[-122.286037,37.863018],[-122.286042,37.863041],[-122.285982,37.863049]]]},"properties":{"id":"w824953624","b":"yes","lv":null,"n":null}},
{"type":"Feature","geometry":{"type":"Polygon","coordinates":[[[-122.285958,37.862916],[-122.285964,37.862947],[-122.285812,37.862967],[-122.285797,37.862892],[-122.285962,37.862871],[-122.285971,37.862915],[-122.285958,37.862916]]]},"properties":{"id":"w824953626","b":"yes","lv":null,"n":null}},
{"type":"Feature","geometry":{"type":"Polygon","coordinates":[[[-122.286801,37.861816],[-122.286704,37.861829],[-122.286696,37.861788],[-122.286793,37.861775],[-122.286801,37.861816]]]},"properties":{"id":"w824953628","b":"yes","lv":null,"n":null}},
{"type":"Feature","geometry":{"type":"Polygon","coordinates":[[[-122.285896,37.863323],[-122.285893,37.863307],[-122.285852,37.863312],[-122.285822,37.863164],[-122.285916,37.863152],[-122.28595,37.863316],[-122.285896,37.863323]]]},"properties":{"id":"w824953632","b":"yes","lv":null,"n":null}},
{"type":"Feature","geometry":{"type":"Polygon","coordinates":[[[-122.286027,37.86329],[-122.286028,37.863297],[-122.28598,37.863303],[-122.285942,37.863119],[-122.286044,37.863105],[-122.286081,37.863283],[-122.286027,37.86329]]]},"properties":{"id":"w824953633","b":"yes","lv":null,"n":null}},
{"type":"Feature","geometry":{"type":"Polygon","coordinates":[[[-122.285639,37.863333],[-122.285591,37.863339],[-122.285595,37.863358],[-122.285568,37.863361],[-122.285564,37.863343],[-122.285555,37.863344],[-122.285527,37.863208],[-122.285597,37.863199],[-122.285602,37.86322],[-122.285616,37.863218],[-122.285639,37.863333]]]},"properties":{"id":"w824953636","b":"yes","lv":null,"n":null}},
{"type":"Feature","geometry":{"type":"Polygon","coordinates":[[[-122.288567,37.862942],[-122.288569,37.86295],[-122.28851,37.862957],[-122.288479,37.862809],[-122.288586,37.862795],[-122.288615,37.862936],[-122.288567,37.862942]]]},"properties":{"id":"w824953637","b":"yes","lv":null,"n":null}},
{"type":"Feature","geometry":{"type":"Polygon","coordinates":[[[-122.285699,37.863329],[-122.285667,37.863172],[-122.285676,37.86317],[-122.285673,37.863152],[-122.285735,37.863144],[-122.285739,37.863162],[-122.285759,37.863159],[-122.285766,37.863197],[-122.285773,37.863196],[-122.285783,37.863248],[-122.285778,37.863249],[-122.285792,37.863317],[-122.285699,37.863329]]]},"properties":{"id":"w824953639","b":"yes","lv":null,"n":null}},
{"type":"Feature","geometry":{"type":"Polygon","coordinates":[[[-122.288693,37.862925],[-122.288694,37.862932],[-122.288639,37.86294],[-122.288609,37.862798],[-122.288714,37.862785],[-122.288742,37.862919],[-122.288693,37.862925]]]},"properties":{"id":"w824953640","b":"yes","lv":null,"n":null}},
{"type":"Feature","geometry":{"type":"Polygon","coordinates":[[[-122.288813,37.862909],[-122.288816,37.862922],[-122.28877,37.862928],[-122.288737,37.862764],[-122.288796,37.862757],[-122.288802,37.86279],[-122.288842,37.862785],[-122.288866,37.862903],[-122.288813,37.862909]]]},"properties":{"id":"w824953641","b":"yes","lv":null,"n":null}},
{"type":"Feature","geometry":{"type":"Polygon","coordinates":[[[-122.285139,37.863228],[-122.285128,37.863178],[-122.285211,37.863168],[-122.285221,37.863217],[-122.285139,37.863228]]]},"properties":{"id":"w824953642","b":"yes","lv":null,"n":null}},
{"type":"Feature","geometry":{"type":"Polygon","coordinates":[[[-122.284213,37.86204],[-122.284197,37.86196],[-122.284179,37.861962],[-122.284167,37.8619],[-122.284218,37.861894],[-122.284218,37.861897],[-122.284262,37.861892],[-122.284265,37.861903],[-122.284292,37.8619],[-122.284316,37.862027],[-122.284213,37.86204]]]},"properties":{"id":"w824953645","b":"yes","lv":null,"n":null}},
{"type":"Feature","geometry":{"type":"Polygon","coordinates":[[[-122.288469,37.862606],[-122.288472,37.86262],[-122.288319,37.862639],[-122.288305,37.86257],[-122.288459,37.86255],[-122.288465,37.862579],[-122.288484,37.862577],[-122.28849,37.862604],[-122.288469,37.862606]]]},"properties":{"id":"w824953647","b":"yes","lv":null,"n":null}},
{"type":"Feature","geometry":{"type":"Polygon","coordinates":[[[-122.285253,37.863384],[-122.285257,37.8634],[-122.285232,37.863404],[-122.285228,37.863387],[-122.285172,37.863394],[-122.285147,37.863273],[-122.285165,37.863271],[-122.285159,37.863243],[-122.285204,37.863237],[-122.28521,37.863266],[-122.285238,37.863262],[-122.285263,37.863382],[-122.285253,37.863384]]]},"properties":{"id":"w824953649","b":"yes","lv":null,"n":null}},
{"type":"Feature","geometry":{"type":"Polygon","coordinates":[[[-122.285386,37.863369],[-122.285306,37.863379],[-122.285282,37.863264],[-122.285295,37.863262],[-122.285285,37.863213],[-122.285352,37.863205],[-122.285386,37.863369]]]},"properties":{"id":"w824953650","b":"yes","lv":null,"n":null}},
{"type":"Feature","geometry":{"type":"Polygon","coordinates":[[[-122.288389,37.862783],[-122.28838,37.862739],[-122.288454,37.86273],[-122.288463,37.862773],[-122.288389,37.862783]]]},"properties":{"id":"w824953651","b":"yes","lv":null,"n":null}},
{"type":"Feature","geometry":{"type":"Polygon","coordinates":[[[-122.285415,37.863362],[-122.285391,37.863243],[-122.285479,37.863231],[-122.285503,37.86335],[-122.285415,37.863362]]]},"properties":{"id":"w824953652","b":"yes","lv":null,"n":null}},
{"type":"Feature","geometry":{"type":"Polygon","coordinates":[[[-122.288433,37.862975],[-122.28843,37.862958],[-122.288381,37.862965],[-122.288354,37.862833],[-122.288375,37.86283],[-122.288373,37.86282],[-122.288414,37.862814],[-122.288416,37.862825],[-122.288456,37.86282],[-122.288487,37.862968],[-122.288433,37.862975]]]},"properties":{"id":"w824953653","b":"yes","lv":null,"n":null}},
{"type":"Feature","geometry":{"type":"Polygon","coordinates":[[[-122.284718,37.863385],[-122.284708,37.86333],[-122.28477,37.863322],[-122.28478,37.863377],[-122.284718,37.863385]]]},"properties":{"id":"w824953655","b":"yes","lv":null,"n":null}},
{"type":"Feature","geometry":{"type":"Polygon","coordinates":[[[-122.288261,37.862486],[-122.28825,37.862431],[-122.288268,37.862428],[-122.288264,37.862407],[-122.288445,37.862384],[-122.288461,37.86246],[-122.288261,37.862486]]]},"properties":{"id":"w824953656","b":"yes","lv":null,"n":null}},
{"type":"Feature","geometry":{"type":"Polygon","coordinates":[[[-122.284259,37.863199],[-122.284255,37.863175],[-122.28424,37.863176],[-122.28423,37.863123],[-122.284365,37.863106],[-122.28438,37.863184],[-122.284259,37.863199]]]},"properties":{"id":"w824953659","b":"yes","lv":null,"n":null}},
{"type":"Feature","geometry":{"type":"Polygon","coordinates":[[[-122.284219,37.862512],[-122.284228,37.862563],[-122.284103,37.862578],[-122.284083,37.862475],[-122.28419,37.862462],[-122.2842,37.862515],[-122.284219,37.862512]]]},"properties":{"id":"w824953661","b":"yes","lv":null,"n":null}},
{"type":"Feature","geometry":{"type":"Polygon","coordinates":[[[-122.288299,37.862551],[-122.288294,37.862526],[-122.288276,37.862529],[-122.288269,37.862493],[-122.288451,37.862469],[-122.288463,37.86253],[-122.288299,37.862551]]]},"properties":{"id":"w824953662","b":"yes","lv":null,"n":null}},
{"type":"Feature","geometry":{"type":"Polygon","coordinates":[[[-122.284184,37.862825],[-122.284178,37.862797],[-122.284163,37.862799],[-122.284152,37.862741],[-122.284263,37.862728],[-122.284271,37.862771],[-122.284348,37.862762],[-122.284356,37.862804],[-122.284184,37.862825]]]},"properties":{"id":"w824953663","b":"yes","lv":null,"n":null}},
{"type":"Feature","geometry":{"type":"Polygon","coordinates":[[[-122.284332,37.863058],[-122.284337,37.863081],[-122.284241,37.863093],[-122.284236,37.863064],[-122.284219,37.863066],[-122.284208,37.863006],[-122.284319,37.862993],[-122.284327,37.863034],[-122.284347,37.863032],[-122.284352,37.863055],[-122.284332,37.863058]]]},"properties":{"id":"w824953665","b":"yes","lv":null,"n":null}},
{"type":"Feature","geometry":{"type":"Polygon","coordinates":[[[-122.288254,37.862273],[-122.288238,37.862198],[-122.288408,37.862177],[-122.288422,37.862246],[-122.28829,37.862264],[-122.288291,37.862268],[-122.288254,37.862273]]]},"properties":{"id":"w824953666","b":"yes","lv":null,"n":null}},
{"type":"Feature","geometry":{"type":"Polygon","coordinates":[[[-122.288256,37.862367],[-122.28824,37.862291],[-122.288421,37.862268],[-122.288437,37.862344],[-122.288256,37.862367]]]},"properties":{"id":"w824953667","b":"yes","lv":null,"n":null}},
{"type":"Feature","geometry":{"type":"Polygon","coordinates":[[[-122.284197,37.862977],[-122.28418,37.862891],[-122.284222,37.862886],[-122.28422,37.862873],[-122.284252,37.862869],[-122.284254,37.862882],[-122.284313,37.862875],[-122.284315,37.862884],[-122.284325,37.862883],[-122.284328,37.862896],[-122.284319,37.862898],[-122.284321,37.862911],[-122.284353,37.862907],[-122.284363,37.862957],[-122.284197,37.862977]]]},"properties":{"id":"w824953668","b":"yes","lv":null,"n":null}},
{"type":"Feature","geometry":{"type":"Polygon","coordinates":[[[-122.284423,37.863267],[-122.284391,37.863271],[-122.284393,37.863284],[-122.284343,37.86329],[-122.28434,37.863278],[-122.284261,37.863287],[-122.284248,37.863219],[-122.28441,37.8632],[-122.284423,37.863267]]]},"properties":{"id":"w824953669","b":"yes","lv":null,"n":null}},
{"type":"Feature","geometry":{"type":"Polygon","coordinates":[[[-122.284551,37.862541],[-122.284556,37.862568],[-122.284481,37.862577],[-122.28447,37.862523],[-122.284556,37.862512],[-122.284557,37.862518],[-122.284564,37.862517],[-122.284568,37.862534],[-122.284569,37.862539],[-122.284551,37.862541]]]},"properties":{"id":"w824953671","b":"yes","lv":null,"n":null}},
{"type":"Feature","geometry":{"type":"Polygon","coordinates":[[[-122.288215,37.862066],[-122.288209,37.862038],[-122.288188,37.862041],[-122.288181,37.862002],[-122.288203,37.861999],[-122.288203,37.861996],[-122.28842,37.861968],[-122.288435,37.862038],[-122.288215,37.862066]]]},"properties":{"id":"w824953672","b":"yes","lv":null,"n":null}},
{"type":"Feature","geometry":{"type":"Polygon","coordinates":[[[-122.284613,37.862346],[-122.284619,37.86238],[-122.284508,37.862393],[-122.284505,37.862378],[-122.28449,37.86238],[-122.284476,37.862308],[-122.284512,37.862304],[-122.284511,37.862297],[-122.2846,37.862286],[-122.284603,37.862302],[-122.28462,37.862299],[-122.284629,37.862344],[-122.284613,37.862346]]]},"properties":{"id":"w824953673","b":"yes","lv":null,"n":null}},
{"type":"Feature","geometry":{"type":"Polygon","coordinates":[[[-122.288854,37.862271],[-122.288861,37.862303],[-122.288693,37.862325],[-122.288677,37.862247],[-122.288854,37.862225],[-122.288863,37.86227],[-122.288854,37.862271]]]},"properties":{"id":"w824953674","b":"yes","lv":null,"n":null}},
{"type":"Feature","geometry":{"type":"Polygon","coordinates":[[[-122.284025,37.862101],[-122.284011,37.862026],[-122.284019,37.862025],[-122.284007,37.861963],[-122.284087,37.861953],[-122.284113,37.862091],[-122.284025,37.862101]]]},"properties":{"id":"w824953675","b":"yes","lv":null,"n":null}},
{"type":"Feature","geometry":{"type":"Polygon","coordinates":[[[-122.284125,37.862294],[-122.284142,37.862383],[-122.284131,37.862384],[-122.284138,37.862418],[-122.284051,37.862429],[-122.284012,37.862229],[-122.283994,37.862231],[-122.283984,37.862179],[-122.283991,37.862178],[-122.283986,37.862151],[-122.284048,37.862144],[-122.284053,37.86217],[-122.284089,37.862166],[-122.284099,37.862217],[-122.284128,37.862214],[-122.284143,37.862292],[-122.284125,37.862294]]]},"properties":{"id":"w824953677","b":"yes","lv":null,"n":null}},
{"type":"Feature","geometry":{"type":"Polygon","coordinates":[[[-122.288129,37.86176],[-122.288113,37.86168],[-122.288225,37.861665],[-122.28822,37.861642],[-122.28825,37.861638],[-122.288256,37.861667],[-122.288292,37.861663],[-122.288308,37.861737],[-122.288129,37.86176]]]},"properties":{"id":"w824953678","b":"yes","lv":null,"n":null}},
{"type":"Feature","geometry":{"type":"Polygon","coordinates":[[[-122.284452,37.862265],[-122.284432,37.862162],[-122.284498,37.862154],[-122.284501,37.862172],[-122.284593,37.86216],[-122.28461,37.862246],[-122.284452,37.862265]]]},"properties":{"id":"w824953679","b":"yes","lv":null,"n":null}},
{"type":"Feature","geometry":{"type":"Polygon","coordinates":[[[-122.284694,37.862734],[-122.284614,37.862623],[-122.284663,37.862617],[-122.284661,37.862606],[-122.284675,37.862604],[-122.284678,37.862616],[-122.284694,37.862614],[-122.2847,37.862643],[-122.28471,37.862642],[-122.284713,37.862657],[-122.284706,37.862658],[-122.284718,37.862724],[-122.284694,37.862734]]]},"properties":{"id":"w824953680","b":"yes","lv":null,"n":null}},
{"type":"Feature","geometry":{"type":"Polygon","coordinates":[[[-122.288176,37.861868],[-122.28817,37.861836],[-122.288151,37.861839],[-122.288143,37.861799],[-122.288198,37.861792],[-122.288197,37.861787],[-122.288316,37.861772],[-122.288323,37.861807],[-122.288337,37.861805],[-122.288345,37.861846],[-122.288176,37.861868]]]},"properties":{"id":"w824953681","b":"yes","lv":null,"n":null}},
{"type":"Feature","geometry":{"type":"Polygon","coordinates":[[[-122.28463,37.862573],[-122.284634,37.862595],[-122.284599,37.862599],[-122.284595,37.86258],[-122.284582,37.862581],[-122.284576,37.862551],[-122.284651,37.862542],[-122.284656,37.86257],[-122.28463,37.862573]]]},"properties":{"id":"w824953682","b":"yes","lv":null,"n":null}},
{"type":"Feature","geometry":{"type":"Polygon","coordinates":[[[-122.284637,37.862497],[-122.284643,37.862524],[-122.284568,37.862534],[-122.284564,37.862517],[-122.284557,37.862518],[-122.284556,37.862512],[-122.284552,37.862489],[-122.284541,37.86249],[-122.284537,37.862469],[-122.284528,37.86247],[-122.284518,37.862421],[-122.284601,37.862411],[-122.284607,37.86244],[-122.28465,37.862435],[-122.284662,37.862494],[-122.284637,37.862497]]]},"properties":{"id":"w824953684","b":"yes","lv":null,"n":null}},
{"type":"Feature","geometry":{"type":"Polygon","coordinates":[[[-122.288194,37.861967],[-122.288189,37.86194],[-122.288169,37.861943],[-122.288161,37.861901],[-122.288181,37.861898],[-122.288181,37.861895],[-122.288356,37.861872],[-122.288371,37.861944],[-122.288194,37.861967]]]},"properties":{"id":"w824953685","b":"yes","lv":null,"n":null}},
{"type":"Feature","geometry":{"type":"Polygon","coordinates":[[[-122.288127,37.861554],[-122.288125,37.86154],[-122.288084,37.861545],[-122.288058,37.861419],[-122.288106,37.861413],[-122.288101,37.861391],[-122.288149,37.861385],[-122.288182,37.861547],[-122.288127,37.861554]]]},"properties":{"id":"w824953687","b":"yes","lv":null,"n":null}},
{"type":"Feature","geometry":{"type":"Polygon","coordinates":[[[-122.288222,37.861525],[-122.288196,37.861397],[-122.28824,37.861391],[-122.288238,37.861378],[-122.288292,37.861371],[-122.288321,37.861512],[-122.288222,37.861525]]]},"properties":{"id":"w824953688","b":"yes","lv":null,"n":null}},
{"type":"Feature","geometry":{"type":"Polygon","coordinates":[[[-122.284401,37.861991],[-122.284393,37.861951],[-122.284377,37.861953],[-122.284365,37.86189],[-122.28451,37.861873],[-122.28453,37.861976],[-122.284401,37.861991]]]},"properties":{"id":"w824953689","b":"yes","lv":null,"n":null}},
{"type":"Feature","geometry":{"type":"Polygon","coordinates":[[[-122.288646,37.86141],[-122.288643,37.861395],[-122.288597,37.861401],[-122.2886,37.861415],[-122.288486,37.86143],[-122.288482,37.861413],[-122.288432,37.86142],[-122.288436,37.861438],[-122.288376,37.861446],[-122.288373,37.861436],[-122.28833,37.861441],[-122.288315,37.861367],[-122.2884,37.861356],[-122.288398,37.86135],[-122.288483,37.861339],[-122.288485,37.861348],[-122.288561,37.861338],[-122.28856,37.861329],[-122.288646,37.861318],[-122.288648,37.861327],[-122.288688,37.861322],[-122.288705,37.861402],[-122.288646,37.86141]]]},"properties":{"id":"w824953690","b":"yes","lv":null,"n":null}},
{"type":"Feature","geometry":{"type":"Polygon","coordinates":[[[-122.28868,37.861683],[-122.288685,37.861706],[-122.288607,37.861716],[-122.288603,37.8617],[-122.288587,37.861702],[-122.288579,37.861663],[-122.288596,37.861661],[-122.288592,37.861643],[-122.288632,37.861638],[-122.288629,37.861622],[-122.28872,37.86161],[-122.288733,37.861676],[-122.28868,37.861683]]]},"properties":{"id":"w824953691","b":"yes","lv":null,"n":null}},
{"type":"Feature","geometry":{"type":"Polygon","coordinates":[[[-122.284466,37.86212],[-122.284447,37.862019],[-122.284543,37.862008],[-122.284562,37.862108],[-122.284466,37.86212]]]},"properties":{"id":"w824953692","b":"yes","lv":null,"n":null}},
{"type":"Feature","geometry":{"type":"Polygon","coordinates":[[[-122.284771,37.863479],[-122.284757,37.863407],[-122.284811,37.8634],[-122.284807,37.86338],[-122.284857,37.863374],[-122.284875,37.863466],[-122.284771,37.863479]]]},"properties":{"id":"w824953693","b":"yes","lv":null,"n":null}},
{"type":"Feature","geometry":{"type":"Polygon","coordinates":[[[-122.288747,37.861773],[-122.288754,37.861809],[-122.288613,37.861827],[-122.28861,37.86181],[-122.288586,37.861813],[-122.288574,37.861754],[-122.288754,37.861731],[-122.288762,37.861771],[-122.288747,37.861773]]]},"properties":{"id":"w824953694","b":"yes","lv":null,"n":null}},
{"type":"Feature","geometry":{"type":"Polygon","coordinates":[[[-122.284532,37.863511],[-122.284515,37.863427],[-122.284622,37.863413],[-122.284614,37.863374],[-122.284699,37.863363],[-122.284707,37.863403],[-122.284721,37.863401],[-122.284739,37.863484],[-122.284532,37.863511]]]},"properties":{"id":"w824953695","b":"yes","lv":null,"n":null}},
{"type":"Feature","geometry":{"type":"Polygon","coordinates":[[[-122.288487,37.861572],[-122.288469,37.861481],[-122.288693,37.861452],[-122.288712,37.861544],[-122.288487,37.861572]]]},"properties":{"id":"w824953696","b":"yes","lv":null,"n":null}},
{"type":"Feature","geometry":{"type":"Polygon","coordinates":[[[-122.284371,37.863387],[-122.284399,37.863528],[-122.284255,37.863546],[-122.284213,37.863327],[-122.284456,37.863298],[-122.284471,37.863375],[-122.284371,37.863387]]]},"properties":{"id":"w824953698","b":"yes","lv":null,"n":null}},
{"type":"Feature","geometry":{"type":"Polygon","coordinates":[[[-122.288212,37.861637],[-122.288201,37.861585],[-122.288258,37.861578],[-122.288268,37.86163],[-122.288212,37.861637]]]},"properties":{"id":"w824953699","b":"yes","lv":null,"n":null}},
{"type":"Feature","geometry":{"type":"Polygon","coordinates":[[[-122.289292,37.862306],[-122.289298,37.862331],[-122.289125,37.862353],[-122.289111,37.862285],[-122.289289,37.862262],[-122.289292,37.86228],[-122.289304,37.862278],[-122.289309,37.862304],[-122.289292,37.862306]]]},"properties":{"id":"w824953701","b":"yes","lv":null,"n":null}},
{"type":"Feature","geometry":{"type":"Polygon","coordinates":[[[-122.288784,37.862002],[-122.288785,37.862007],[-122.28863,37.862027],[-122.288623,37.86199],[-122.288603,37.861993],[-122.288598,37.861966],[-122.288617,37.861964],[-122.288614,37.861947],[-122.288784,37.861925],[-122.288792,37.861965],[-122.288799,37.861964],[-122.288807,37.861999],[-122.288784,37.862002]]]},"properties":{"id":"w824953703","b":"yes","lv":null,"n":null}},
{"type":"Feature","geometry":{"type":"Polygon","coordinates":[[[-122.284234,37.862658],[-122.284242,37.862701],[-122.284169,37.86271],[-122.284163,37.862679],[-122.284145,37.862681],[-122.284139,37.86265],[-122.28413,37.862651],[-122.284121,37.862603],[-122.284256,37.862587],[-122.284255,37.86258],[-122.284319,37.862572],[-122.284333,37.862646],[-122.284234,37.862658]]]},"properties":{"id":"w824953704","b":"yes","lv":null,"n":null}},
{"type":"Feature","geometry":{"type":"Polygon","coordinates":[[[-122.288594,37.861895],[-122.288596,37.861906],[-122.288566,37.86191],[-122.28857,37.86193],[-122.288501,37.861938],[-122.288486,37.86187],[-122.288515,37.861866],[-122.28851,37.861847],[-122.288686,37.861824],[-122.288698,37.861882],[-122.288594,37.861895]]]},"properties":{"id":"w824953705","b":"yes","lv":null,"n":null}},
{"type":"Feature","geometry":{"type":"Polygon","coordinates":[[[-122.288663,37.862226],[-122.288662,37.862219],[-122.288639,37.862222],[-122.288629,37.862172],[-122.288649,37.86217],[-122.288645,37.862152],[-122.288826,37.862128],[-122.288841,37.862204],[-122.288663,37.862226]]]},"properties":{"id":"w824953708","b":"yes","lv":null,"n":null}},
{"type":"Feature","geometry":{"type":"Polygon","coordinates":[[[-122.28433,37.862014],[-122.28432,37.861962],[-122.28436,37.861957],[-122.28437,37.862009],[-122.28433,37.862014]]]},"properties":{"id":"w824953709","b":"yes","lv":null,"n":null}},
{"type":"Feature","geometry":{"type":"Polygon","coordinates":[[[-122.288656,37.86212],[-122.288639,37.862037],[-122.28878,37.862019],[-122.288786,37.86205],[-122.288811,37.862047],[-122.288822,37.862099],[-122.288656,37.86212]]]},"properties":{"id":"w824953711","b":"yes","lv":null,"n":null}},
{"type":"Feature","geometry":{"type":"Polygon","coordinates":[[[-122.288898,37.862489],[-122.288824,37.862498],[-122.288822,37.862487],[-122.288722,37.862499],[-122.288724,37.862508],[-122.288672,37.862514],[-122.288659,37.862448],[-122.288866,37.862422],[-122.288871,37.862446],[-122.288888,37.862443],[-122.288898,37.862489]]]},"properties":{"id":"w824953714","b":"yes","lv":null,"n":null}},
{"type":"Feature","geometry":{"type":"Polygon","coordinates":[[[-122.288714,37.862423],[-122.288699,37.862349],[-122.288855,37.862329],[-122.288871,37.862403],[-122.288714,37.862423]]]},"properties":{"id":"w824953715","b":"yes","lv":null,"n":null}},
{"type":"Feature","geometry":{"type":"Polygon","coordinates":[[[-122.288872,37.862747],[-122.288857,37.862674],[-122.288964,37.86266],[-122.288974,37.86271],[-122.288982,37.862709],[-122.288987,37.862733],[-122.288872,37.862747]]]},"properties":{"id":"w824953716","b":"yes","lv":null,"n":null}},
{"type":"Feature","geometry":{"type":"Polygon","coordinates":[[[-122.288767,37.86268],[-122.288751,37.862603],[-122.288923,37.862581],[-122.288932,37.862624],[-122.288945,37.862622],[-122.288952,37.862657],[-122.288767,37.86268]]]},"properties":{"id":"w824953717","b":"yes","lv":null,"n":null}},
{"type":"Feature","geometry":{"type":"Polygon","coordinates":[[[-122.288786,37.86258],[-122.288771,37.86251],[-122.288903,37.862493],[-122.288918,37.862563],[-122.288786,37.86258]]]},"properties":{"id":"w824953718","b":"yes","lv":null,"n":null}},
{"type":"Feature","geometry":{"type":"Polygon","coordinates":[[[-122.289334,37.862468],[-122.289331,37.862455],[-122.289185,37.862473],[-122.28917,37.862402],[-122.289325,37.862382],[-122.289334,37.862425],[-122.289346,37.862423],[-122.289348,37.862433],[-122.289362,37.862431],[-122.289368,37.862464],[-122.289334,37.862468]]]},"properties":{"id":"w824953719","b":"yes","lv":null,"n":null}},
{"type":"Feature","geometry":{"type":"Polygon","coordinates":[[[-122.289183,37.862623],[-122.289175,37.862587],[-122.289184,37.862586],[-122.289175,37.862542],[-122.289224,37.862536],[-122.289224,37.862537],[-122.289343,37.862522],[-122.28935,37.862557],[-122.28937,37.862555],[-122.289379,37.862598],[-122.289183,37.862623]]]},"properties":{"id":"w824953721","b":"yes","lv":null,"n":null}},
{"type":"Feature","geometry":{"type":"Polygon","coordinates":[[[-122.288909,37.86293],[-122.28888,37.862787],[-122.288986,37.862773],[-122.288997,37.862826],[-122.288987,37.862827],[-122.288994,37.862865],[-122.289005,37.862864],[-122.289016,37.862917],[-122.288909,37.86293]]]},"properties":{"id":"w824953722","b":"yes","lv":null,"n":null}},
{"type":"Feature","geometry":{"type":"Polygon","coordinates":[[[-122.289062,37.861958],[-122.289055,37.861926],[-122.289035,37.861929],[-122.289027,37.861889],[-122.289178,37.86187],[-122.289193,37.861941],[-122.289062,37.861958]]]},"properties":{"id":"w824953723","b":"yes","lv":null,"n":null}},
{"type":"Feature","geometry":{"type":"Polygon","coordinates":[[[-122.28907,37.862059],[-122.289067,37.862042],[-122.289074,37.862042],[-122.289062,37.861985],[-122.289164,37.861972],[-122.289173,37.862017],[-122.289188,37.862016],[-122.289193,37.862043],[-122.28907,37.862059]]]},"properties":{"id":"w824953724","b":"yes","lv":null,"n":null}},
{"type":"Feature","geometry":{"type":"Polygon","coordinates":[[[-122.289081,37.862158],[-122.289076,37.862134],[-122.289084,37.862133],[-122.289074,37.862085],[-122.28924,37.862063],[-122.289254,37.862135],[-122.289081,37.862158]]]},"properties":{"id":"w824953725","b":"yes","lv":null,"n":null}},
{"type":"Feature","geometry":{"type":"Polygon","coordinates":[[[-122.2891,37.862256],[-122.289095,37.862233],[-122.289102,37.862232],[-122.289092,37.862182],[-122.289262,37.86216],[-122.289277,37.862233],[-122.2891,37.862256]]]},"properties":{"id":"w824953726","b":"yes","lv":null,"n":null}},
{"type":"Feature","geometry":{"type":"Polygon","coordinates":[[[-122.289102,37.86176],[-122.289087,37.861688],[-122.289168,37.861677],[-122.289183,37.861749],[-122.289102,37.86176]]]},"properties":{"id":"w824953727","b":"yes","lv":null,"n":null}},
{"type":"Feature","geometry":{"type":"Polygon","coordinates":[[[-122.289019,37.861771],[-122.289017,37.861759],[-122.28897,37.861765],[-122.288967,37.86175],[-122.288997,37.861746],[-122.288994,37.861733],[-122.28901,37.861731],[-122.289003,37.861701],[-122.289074,37.861691],[-122.289089,37.861762],[-122.289019,37.861771]]]},"properties":{"id":"w824953728","b":"yes","lv":null,"n":null}},
{"type":"Feature","geometry":{"type":"Polygon","coordinates":[[[-122.289043,37.86186],[-122.289036,37.861827],[-122.28902,37.861829],[-122.289011,37.861785],[-122.289193,37.861761],[-122.289209,37.861838],[-122.289043,37.86186]]]},"properties":{"id":"w824953729","b":"yes","lv":null,"n":null}},
{"type":"Feature","geometry":{"type":"Polygon","coordinates":[[[-122.289073,37.86143],[-122.289071,37.861423],[-122.288939,37.86144],[-122.288925,37.861372],[-122.289059,37.861355],[-122.289069,37.861403],[-122.28912,37.861397],[-122.289125,37.861423],[-122.289073,37.86143]]]},"properties":{"id":"w824953731","b":"yes","lv":null,"n":null}},
{"type":"Feature","geometry":{"type":"Polygon","coordinates":[[[-122.288999,37.861533],[-122.288984,37.861459],[-122.289081,37.861446],[-122.289096,37.86152],[-122.288999,37.861533]]]},"properties":{"id":"w824953732","b":"yes","lv":null,"n":null}},
{"type":"Feature","geometry":{"type":"Polygon","coordinates":[[[-122.289083,37.861569],[-122.289076,37.861536],[-122.289147,37.861527],[-122.289154,37.86156],[-122.289083,37.861569]]]},"properties":{"id":"w824953733","b":"yes","lv":null,"n":null}},
{"type":"Feature","geometry":{"type":"Polygon","coordinates":[[[-122.288997,37.861674],[-122.288991,37.861643],[-122.288973,37.861645],[-122.288965,37.861609],[-122.288983,37.861607],[-122.288977,37.861575],[-122.289074,37.861563],[-122.289094,37.861661],[-122.288997,37.861674]]]},"properties":{"id":"w824953734","b":"yes","lv":null,"n":null}},
{"type":"Feature","geometry":{"type":"Polygon","coordinates":[[[-122.289539,37.862196],[-122.289514,37.862117],[-122.289682,37.862084],[-122.289707,37.862163],[-122.289539,37.862196]]]},"properties":{"id":"w824953736","b":"yes","lv":null,"n":null}},
{"type":"Feature","geometry":{"type":"Polygon","coordinates":[[[-122.289487,37.862024],[-122.289462,37.861944],[-122.289629,37.861911],[-122.289655,37.86199],[-122.289487,37.862024]]]},"properties":{"id":"w824953737","b":"yes","lv":null,"n":null}},
{"type":"Feature","geometry":{"type":"Polygon","coordinates":[[[-122.288922,37.861345],[-122.288909,37.86128],[-122.289042,37.861262],[-122.289056,37.861328],[-122.288922,37.861345]]]},"properties":{"id":"w824953738","b":"yes","lv":null,"n":null}},
{"type":"Feature","geometry":{"type":"Polygon","coordinates":[[[-122.289358,37.862872],[-122.289347,37.862819],[-122.289341,37.86282],[-122.289307,37.862655],[-122.289404,37.862642],[-122.289418,37.862712],[-122.28943,37.862711],[-122.289436,37.862742],[-122.289421,37.862744],[-122.289445,37.862861],[-122.289358,37.862872]]]},"properties":{"id":"w824953739","b":"yes","lv":null,"n":null}},
{"type":"Feature","geometry":{"type":"Polygon","coordinates":[[[-122.289212,37.862875],[-122.289186,37.862747],[-122.289282,37.862735],[-122.289308,37.862863],[-122.289212,37.862875]]]},"properties":{"id":"w824953740","b":"yes","lv":null,"n":null}},
{"type":"Feature","geometry":{"type":"Polygon","coordinates":[[[-122.289247,37.862695],[-122.289248,37.8627],[-122.289221,37.862704],[-122.28921,37.862653],[-122.289287,37.862644],[-122.289297,37.862689],[-122.289247,37.862695]]]},"properties":{"id":"w824953741","b":"yes","lv":null,"n":null}},
{"type":"Feature","geometry":{"type":"Polygon","coordinates":[[[-122.289529,37.862834],[-122.289525,37.862815],[-122.289478,37.862821],[-122.289458,37.862722],[-122.289487,37.862718],[-122.289484,37.862701],[-122.289502,37.862699],[-122.289497,37.862672],[-122.289538,37.862667],[-122.289545,37.862701],[-122.289554,37.8627],[-122.28958,37.862828],[-122.289529,37.862834]]]},"properties":{"id":"w824953746","b":"yes","lv":null,"n":null}},
{"type":"Feature","geometry":{"type":"Polygon","coordinates":[[[-122.283634,37.862725],[-122.283616,37.862636],[-122.283812,37.86261],[-122.283815,37.862623],[-122.283824,37.862622],[-122.28384,37.862698],[-122.283634,37.862725]]]},"properties":{"id":"w824953772","b":"yes","lv":null,"n":null}},
{"type":"Feature","geometry":{"type":"Polygon","coordinates":[[[-122.283525,37.863287],[-122.283522,37.86325],[-122.283477,37.863253],[-122.283479,37.863279],[-122.28344,37.863281],[-122.283438,37.863256],[-122.283412,37.863257],[-122.283409,37.863218],[-122.283523,37.863212],[-122.283524,37.863218],[-122.283566,37.863216],[-122.283572,37.863285],[-122.283525,37.863287]]]},"properties":{"id":"w824953773","b":"yes","lv":null,"n":null}},
{"type":"Feature","geometry":{"type":"Polygon","coordinates":[[[-122.283855,37.863369],[-122.283848,37.863337],[-122.283805,37.863342],[-122.283797,37.863302],[-122.283891,37.86329],[-122.283888,37.863276],[-122.283921,37.863271],[-122.283924,37.863285],[-122.283947,37.863282],[-122.283962,37.863356],[-122.283855,37.863369]]]},"properties":{"id":"w824953774","b":"yes","lv":null,"n":null}},
{"type":"Feature","geometry":{"type":"Polygon","coordinates":[[[-122.28348,37.863029],[-122.283491,37.86308],[-122.283363,37.863096],[-122.283346,37.863016],[-122.283451,37.863002],[-122.28345,37.862994],[-122.283498,37.862988],[-122.283506,37.863026],[-122.28348,37.863029]]]},"properties":{"id":"w824953775","b":"yes","lv":null,"n":null}},
{"type":"Feature","geometry":{"type":"Polygon","coordinates":[[[-122.28391,37.863102],[-122.283918,37.863139],[-122.283784,37.863156],[-122.283766,37.863067],[-122.283921,37.863047],[-122.283931,37.863099],[-122.28391,37.863102]]]},"properties":{"id":"w824953776","b":"yes","lv":null,"n":null}},
{"type":"Feature","geometry":{"type":"Polygon","coordinates":[[[-122.283712,37.863519],[-122.283703,37.863472],[-122.283689,37.863474],[-122.283683,37.863448],[-122.283697,37.863446],[-122.283693,37.863426],[-122.283746,37.863419],[-122.283747,37.863424],[-122.283784,37.863419],[-122.283802,37.863508],[-122.283712,37.863519]]]},"properties":{"id":"w824953777","b":"yes","lv":null,"n":null}},
{"type":"Feature","geometry":{"type":"Polygon","coordinates":[[[-122.283568,37.863475],[-122.283577,37.863516],[-122.283398,37.863539],[-122.283393,37.863515],[-122.2834,37.863514],[-122.283388,37.863456],[-122.28356,37.863434],[-122.283564,37.863451],[-122.283576,37.86345],[-122.283581,37.863473],[-122.283568,37.863475]]]},"properties":{"id":"w824953778","b":"yes","lv":null,"n":null}},
{"type":"Feature","geometry":{"type":"Polygon","coordinates":[[[-122.283842,37.862781],[-122.283847,37.862803],[-122.283839,37.862804],[-122.283841,37.862813],[-122.2837,37.862831],[-122.283694,37.8628],[-122.283684,37.862801],[-122.283673,37.86275],[-122.283718,37.862744],[-122.283719,37.86275],[-122.283848,37.862733],[-122.283857,37.862779],[-122.283842,37.862781]]]},"properties":{"id":"w824953781","b":"yes","lv":null,"n":null}},
{"type":"Feature","geometry":{"type":"Polygon","coordinates":[[[-122.283833,37.862863],[-122.283844,37.86292],[-122.283713,37.862937],[-122.283703,37.862888],[-122.283731,37.862884],[-122.283723,37.862845],[-122.283861,37.862827],[-122.283867,37.862859],[-122.283833,37.862863]]]},"properties":{"id":"w824953782","b":"yes","lv":null,"n":null}},
{"type":"Feature","geometry":{"type":"Polygon","coordinates":[[[-122.283866,37.863476],[-122.283852,37.86341],[-122.283965,37.863395],[-122.283979,37.863461],[-122.283866,37.863476]]]},"properties":{"id":"w824953783","b":"yes","lv":null,"n":null}},
{"type":"Feature","geometry":{"type":"Polygon","coordinates":[[[-122.28377,37.863264],[-122.283752,37.863177],[-122.283814,37.863169],[-122.283818,37.863186],[-122.283864,37.86318],[-122.283861,37.863165],[-122.283926,37.863157],[-122.283943,37.863241],[-122.28377,37.863264]]]},"properties":{"id":"w824953784","b":"yes","lv":null,"n":null}},
{"type":"Feature","geometry":{"type":"Polygon","coordinates":[[[-122.283351,37.862989],[-122.283335,37.862913],[-122.283475,37.862895],[-122.283477,37.862909],[-122.283514,37.862904],[-122.283526,37.862967],[-122.283351,37.862989]]]},"properties":{"id":"w824953788","b":"yes","lv":null,"n":null}},
{"type":"Feature","geometry":{"type":"Polygon","coordinates":[[[-122.283765,37.863042],[-122.283756,37.863001],[-122.283728,37.863005],[-122.283718,37.862954],[-122.283849,37.862938],[-122.283861,37.862995],[-122.283894,37.86299],[-122.283901,37.863024],[-122.283765,37.863042]]]},"properties":{"id":"w824953789","b":"yes","lv":null,"n":null}},
{"type":"Feature","geometry":{"type":"Polygon","coordinates":[[[-122.283743,37.86249],[-122.283742,37.862485],[-122.283668,37.862494],[-122.283666,37.862484],[-122.283617,37.86249],[-122.283601,37.862415],[-122.283729,37.862399],[-122.283733,37.86242],[-122.283751,37.862418],[-122.283759,37.862454],[-122.283783,37.862451],[-122.28379,37.862484],[-122.283743,37.86249]]]},"properties":{"id":"w824953792","b":"yes","lv":null,"n":null}},
{"type":"Feature","geometry":{"type":"Polygon","coordinates":[[[-122.283671,37.862603],[-122.283663,37.862567],[-122.283565,37.86258],[-122.283554,37.862525],[-122.283656,37.862512],[-122.28366,37.862531],[-122.283799,37.862513],[-122.283814,37.862585],[-122.283671,37.862603]]]},"properties":{"id":"w824953795","b":"yes","lv":null,"n":null}},
{"type":"Feature","geometry":{"type":"Polygon","coordinates":[[[-122.283723,37.86228],[-122.283721,37.862271],[-122.28365,37.86228],[-122.283631,37.862187],[-122.28367,37.862182],[-122.283673,37.862198],[-122.283725,37.862192],[-122.283727,37.862203],[-122.283769,37.862198],[-122.283785,37.862272],[-122.283723,37.86228]]]},"properties":{"id":"w824953796","b":"yes","lv":null,"n":null}},
{"type":"Feature","geometry":{"type":"Polygon","coordinates":[[[-122.283267,37.86222],[-122.283263,37.862205],[-122.283248,37.862207],[-122.283236,37.862149],[-122.283257,37.862146],[-122.283255,37.862139],[-122.283296,37.862134],[-122.283297,37.862138],[-122.283368,37.862129],[-122.283384,37.862205],[-122.283267,37.86222]]]},"properties":{"id":"w824953799","b":"yes","lv":null,"n":null}},
{"type":"Feature","geometry":{"type":"Polygon","coordinates":[[[-122.283564,37.862137],[-122.283556,37.862097],[-122.283601,37.862091],[-122.283609,37.862131],[-122.283564,37.862137]]]},"properties":{"id":"w824953802","b":"yes","lv":null,"n":null}},
{"type":"Feature","geometry":{"type":"Polygon","coordinates":[[[-122.283596,37.862402],[-122.283581,37.862331],[-122.283758,37.862308],[-122.283773,37.862379],[-122.283596,37.862402]]]},"properties":{"id":"w824953805","b":"yes","lv":null,"n":null}},
{"type":"Feature","geometry":{"type":"Polygon","coordinates":[[[-122.283437,37.862733],[-122.28344,37.862749],[-122.283341,37.862761],[-122.283331,37.862713],[-122.283314,37.862715],[-122.283307,37.862678],[-122.283418,37.862664],[-122.283427,37.862706],[-122.283448,37.862703],[-122.283454,37.862731],[-122.283437,37.862733]]]},"properties":{"id":"w824953806","b":"yes","lv":null,"n":null}},
{"type":"Feature","geometry":{"type":"Polygon","coordinates":[[[-122.283381,37.862074],[-122.283384,37.862089],[-122.283241,37.862107],[-122.283237,37.862086],[-122.283244,37.862085],[-122.283235,37.862041],[-122.28337,37.862023],[-122.283368,37.862013],[-122.283411,37.862007],[-122.283424,37.862068],[-122.283381,37.862074]]]},"properties":{"id":"w824953808","b":"yes","lv":null,"n":null}},
{"type":"Feature","geometry":{"type":"Polygon","coordinates":[[[-122.28352,37.862292],[-122.283503,37.86221],[-122.283561,37.862203],[-122.283558,37.862189],[-122.283619,37.862181],[-122.283638,37.862276],[-122.28352,37.862292]]]},"properties":{"id":"w824953812","b":"yes","lv":null,"n":null}},
{"type":"Feature","geometry":{"type":"Polygon","coordinates":[[[-122.28352,37.862808],[-122.28353,37.862855],[-122.283324,37.862882],[-122.283308,37.862805],[-122.283484,37.862783],[-122.283479,37.862759],[-122.283573,37.862747],[-122.283584,37.862799],[-122.28352,37.862808]]]},"properties":{"id":"w824953813","b":"yes","lv":null,"n":null}},
{"type":"Feature","geometry":{"type":"Polygon","coordinates":[[[-122.283291,37.862443],[-122.283288,37.862425],[-122.28327,37.862427],[-122.283261,37.862383],[-122.283278,37.862381],[-122.283274,37.862364],[-122.28339,37.862349],[-122.283406,37.862428],[-122.283291,37.862443]]]},"properties":{"id":"w824953815","b":"yes","lv":null,"n":null}},
{"type":"Feature","geometry":{"type":"Polygon","coordinates":[[[-122.289445,37.861902],[-122.28942,37.861823],[-122.289588,37.86179],[-122.289614,37.861869],[-122.289445,37.861902]]]},"properties":{"id":"w824953817","b":"yes","lv":null,"n":null}},
{"type":"Feature","geometry":{"type":"Polygon","coordinates":[[[-122.283302,37.862654],[-122.283294,37.862615],[-122.28331,37.862613],[-122.283301,37.862568],[-122.283411,37.862554],[-122.28342,37.862599],[-122.28343,37.862598],[-122.283438,37.862637],[-122.283302,37.862654]]]},"properties":{"id":"w824953820","b":"yes","lv":null,"n":null}},
{"type":"Feature","geometry":{"type":"Polygon","coordinates":[[[-122.283386,37.862276],[-122.283394,37.862314],[-122.283278,37.862329],[-122.283275,37.862316],[-122.283255,37.862319],[-122.283251,37.862299],[-122.283258,37.862298],[-122.28325,37.862261],[-122.283267,37.862259],[-122.283265,37.86225],[-122.283307,37.862244],[-122.283309,37.862252],[-122.283345,37.862248],[-122.283344,37.86224],[-122.283405,37.862232],[-122.283413,37.862272],[-122.283386,37.862276]]]},"properties":{"id":"w824953822","b":"yes","lv":null,"n":null}},
{"type":"Feature","geometry":{"type":"Polygon","coordinates":[[[-122.28327,37.862554],[-122.28326,37.862506],[-122.283284,37.862502],[-122.283277,37.86247],[-122.283457,37.862447],[-122.283474,37.862528],[-122.28327,37.862554]]]},"properties":{"id":"w824953823","b":"yes","lv":null,"n":null}},
{"type":"Feature","geometry":{"type":"Polygon","coordinates":[[[-122.283398,37.863428],[-122.283394,37.86341],[-122.283377,37.863413],[-122.283369,37.863374],[-122.283386,37.863371],[-122.283382,37.863353],[-122.283538,37.863333],[-122.283544,37.86336],[-122.283612,37.863352],[-122.283622,37.8634],[-122.283398,37.863428]]]},"properties":{"id":"w824953826","b":"yes","lv":null,"n":null}},
{"type":"Feature","geometry":{"type":"Polygon","coordinates":[[[-122.283534,37.862091],[-122.283513,37.861989],[-122.283546,37.861984],[-122.283549,37.861998],[-122.283585,37.861994],[-122.283604,37.862082],[-122.283534,37.862091]]]},"properties":{"id":"w824953832","b":"yes","lv":null,"n":null}},
{"type":"Feature","geometry":{"type":"Polygon","coordinates":[[[-122.282372,37.862442],[-122.282369,37.862412],[-122.282378,37.862411],[-122.282377,37.862403],[-122.282383,37.862403],[-122.282377,37.86235],[-122.282427,37.862347],[-122.282436,37.862438],[-122.282372,37.862442]]]},"properties":{"id":"w824953834","b":"yes","lv":null,"n":null}},
{"type":"Feature","geometry":{"type":"Polygon","coordinates":[[[-122.282381,37.86227],[-122.282376,37.862225],[-122.282409,37.862223],[-122.282414,37.862268],[-122.282381,37.86227]]]},"properties":{"id":"w824953835","b":"yes","lv":null,"n":null}},
{"type":"Feature","geometry":{"type":"Polygon","coordinates":[[[-122.282445,37.862398],[-122.28244,37.862352],[-122.282456,37.862351],[-122.282439,37.862188],[-122.282496,37.862184],[-122.282497,37.862191],[-122.282562,37.862187],[-122.282568,37.862243],[-122.282577,37.862242],[-122.282592,37.862388],[-122.282445,37.862398]]]},"properties":{"id":"w824953838","b":"yes","lv":null,"n":null}},
{"type":"Feature","geometry":{"type":"Polygon","coordinates":[[[-122.28357,37.863605],[-122.283574,37.863625],[-122.283421,37.863645],[-122.283404,37.86356],[-122.283577,37.863538],[-122.28359,37.863602],[-122.28357,37.863605]]]},"properties":{"id":"w824953840","b":"yes","lv":null,"n":null}},
{"type":"Feature","geometry":{"type":"Polygon","coordinates":[[[-122.282352,37.86219],[-122.28236,37.862272],[-122.282263,37.862279],[-122.282256,37.862214],[-122.282241,37.862215],[-122.282236,37.862168],[-122.282273,37.862166],[-122.282273,37.862161],[-122.282294,37.862159],[-122.282292,37.862135],[-122.282345,37.862131],[-122.282346,37.862137],[-122.282375,37.862135],[-122.282381,37.862188],[-122.282352,37.86219]]]},"properties":{"id":"w824953841","b":"yes","lv":null,"n":null}},
{"type":"Feature","geometry":{"type":"Polygon","coordinates":[[[-122.282263,37.862425],[-122.282252,37.862319],[-122.282267,37.862318],[-122.282264,37.862293],[-122.282357,37.862287],[-122.282364,37.862356],[-122.282357,37.862356],[-122.282364,37.862418],[-122.282263,37.862425]]]},"properties":{"id":"w824953844","b":"yes","lv":null,"n":null}},
{"type":"Feature","geometry":{"type":"Polygon","coordinates":[[[-122.282549,37.862463],[-122.282554,37.862519],[-122.28231,37.862534],[-122.282303,37.862468],[-122.282482,37.862457],[-122.282479,37.862429],[-122.28259,37.862422],[-122.282594,37.862461],[-122.282549,37.862463]]]},"properties":{"id":"w824953845","b":"yes","lv":null,"n":null}},
{"type":"Feature","geometry":{"type":"Polygon","coordinates":[[[-122.282877,37.862222],[-122.282872,37.86218],[-122.282887,37.862179],[-122.282881,37.862117],[-122.282862,37.862118],[-122.282858,37.862077],[-122.282954,37.862071],[-122.282969,37.862216],[-122.282877,37.862222]]]},"properties":{"id":"w824953848","b":"yes","lv":null,"n":null}},
{"type":"Feature","geometry":{"type":"Polygon","coordinates":[[[-122.282896,37.862385],[-122.282892,37.862343],[-122.282908,37.862342],[-122.282902,37.86228],[-122.282885,37.862281],[-122.282881,37.862241],[-122.282975,37.862235],[-122.282989,37.862379],[-122.282896,37.862385]]]},"properties":{"id":"w824953850","b":"yes","lv":null,"n":null}},
{"type":"Feature","geometry":{"type":"Polygon","coordinates":[[[-122.282507,37.862966],[-122.282511,37.862999],[-122.282361,37.863008],[-122.282353,37.862935],[-122.28253,37.862923],[-122.282534,37.862964],[-122.282507,37.862966]]]},"properties":{"id":"w824953852","b":"yes","lv":null,"n":null}},
{"type":"Feature","geometry":{"type":"Polygon","coordinates":[[[-122.282751,37.862372],[-122.282743,37.862291],[-122.282761,37.86229],[-122.282747,37.862147],[-122.282846,37.86214],[-122.282869,37.862365],[-122.282751,37.862372]]]},"properties":{"id":"w824953853","b":"yes","lv":null,"n":null}},
{"type":"Feature","geometry":{"type":"Polygon","coordinates":[[[-122.282608,37.862326],[-122.282588,37.862127],[-122.282677,37.862122],[-122.282697,37.86232],[-122.282608,37.862326]]]},"properties":{"id":"w824953856","b":"yes","lv":null,"n":null}},
{"type":"Feature","geometry":{"type":"Polygon","coordinates":[[[-122.282821,37.862604],[-122.282817,37.86256],[-122.282809,37.86256],[-122.282807,37.862537],[-122.282815,37.862536],[-122.282814,37.86253],[-122.282988,37.862519],[-122.282993,37.86256],[-122.283006,37.862559],[-122.28301,37.862592],[-122.282821,37.862604]]]},"properties":{"id":"w824953860","b":"yes","lv":null,"n":null}},
{"type":"Feature","geometry":{"type":"Polygon","coordinates":[[[-122.28284,37.862503],[-122.282838,37.862479],[-122.282763,37.862483],[-122.282758,37.862437],[-122.282978,37.862423],[-122.282982,37.862464],[-122.282993,37.862463],[-122.282996,37.862494],[-122.28284,37.862503]]]},"properties":{"id":"w824953861","b":"yes","lv":null,"n":null}},
{"type":"Feature","geometry":{"type":"Polygon","coordinates":[[[-122.282373,37.86321],[-122.282365,37.863135],[-122.282535,37.863124],[-122.282537,37.863144],[-122.282595,37.863141],[-122.282601,37.863196],[-122.282373,37.86321]]]},"properties":{"id":"w824953863","b":"yes","lv":null,"n":null}},
{"type":"Feature","geometry":{"type":"Polygon","coordinates":[[[-122.28255,37.862618],[-122.282547,37.862591],[-122.282476,37.862596],[-122.282477,37.862611],[-122.282324,37.86262],[-122.282317,37.862553],[-122.282543,37.862539],[-122.282548,37.862589],[-122.282624,37.862584],[-122.282627,37.862613],[-122.28255,37.862618]]]},"properties":{"id":"w824953866","b":"yes","lv":null,"n":null}},
{"type":"Feature","geometry":{"type":"Polygon","coordinates":[[[-122.282503,37.862782],[-122.282506,37.862808],[-122.282339,37.862818],[-122.282335,37.86278],[-122.282343,37.86278],[-122.282339,37.862739],[-122.282572,37.862724],[-122.282577,37.862777],[-122.282503,37.862782]]]},"properties":{"id":"w824953868","b":"yes","lv":null,"n":null}},
{"type":"Feature","geometry":{"type":"Polygon","coordinates":[[[-122.282482,37.862692],[-122.282484,37.862707],[-122.282332,37.862717],[-122.282325,37.86265],[-122.282512,37.862638],[-122.282518,37.862689],[-122.282482,37.862692]]]},"properties":{"id":"w824953869","b":"yes","lv":null,"n":null}},
{"type":"Feature","geometry":{"type":"Polygon","coordinates":[[[-122.28288,37.862978],[-122.282878,37.862964],[-122.282819,37.862968],[-122.282815,37.862923],[-122.282872,37.862919],[-122.282871,37.862905],[-122.283025,37.862896],[-122.283032,37.862968],[-122.28288,37.862978]]]},"properties":{"id":"w824953872","b":"yes","lv":null,"n":null}},
{"type":"Feature","geometry":{"type":"Polygon","coordinates":[[[-122.282358,37.862913],[-122.282356,37.862896],[-122.282345,37.862897],[-122.282339,37.862837],[-122.282505,37.862827],[-122.282513,37.862903],[-122.282358,37.862913]]]},"properties":{"id":"w824953874","b":"yes","lv":null,"n":null}},
{"type":"Feature","geometry":{"type":"Polygon","coordinates":[[[-122.282554,37.863273],[-122.282555,37.863291],[-122.282394,37.863301],[-122.282386,37.863228],[-122.282547,37.863218],[-122.28255,37.863253],[-122.282563,37.863252],[-122.282565,37.863273],[-122.282554,37.863273]]]},"properties":{"id":"w824953878","b":"yes","lv":null,"n":null}},
{"type":"Feature","geometry":{"type":"Polygon","coordinates":[[[-122.283045,37.863035],[-122.283049,37.863069],[-122.282881,37.86308],[-122.282873,37.863004],[-122.283056,37.862992],[-122.28306,37.863034],[-122.283045,37.863035]]]},"properties":{"id":"w824953880","b":"yes","lv":null,"n":null}},
{"type":"Feature","geometry":{"type":"Polygon","coordinates":[[[-122.283014,37.862845],[-122.283017,37.862879],[-122.282854,37.86289],[-122.282846,37.862813],[-122.283031,37.862801],[-122.283035,37.862844],[-122.283014,37.862845]]]},"properties":{"id":"w824953881","b":"yes","lv":null,"n":null}},
{"type":"Feature","geometry":{"type":"Polygon","coordinates":[[[-122.283025,37.86275],[-122.283005,37.862751],[-122.283009,37.862784],[-122.282781,37.862798],[-122.282775,37.862744],[-122.282795,37.862742],[-122.282847,37.862739],[-122.282845,37.862716],[-122.28302,37.862704],[-122.283025,37.86275]]]},"properties":{"id":"w824953885","b":"yes","lv":null,"n":null}},
{"type":"Feature","geometry":{"type":"Polygon","coordinates":[[[-122.282603,37.863382],[-122.282603,37.863389],[-122.282412,37.863401],[-122.282404,37.863315],[-122.282595,37.863303],[-122.2826,37.863358],[-122.282623,37.863356],[-122.282625,37.863381],[-122.282603,37.863382]]]},"properties":{"id":"w824953888","b":"yes","lv":null,"n":null}},
{"type":"Feature","geometry":{"type":"Polygon","coordinates":[[[-122.283053,37.863126],[-122.283057,37.863164],[-122.282875,37.863176],[-122.28287,37.863124],[-122.282932,37.86312],[-122.28293,37.863096],[-122.283064,37.863087],[-122.283068,37.863125],[-122.283053,37.863126]]]},"properties":{"id":"w824953894","b":"yes","lv":null,"n":null}},
{"type":"Feature","geometry":{"type":"Polygon","coordinates":[[[-122.282404,37.863499],[-122.282398,37.863446],[-122.282413,37.863445],[-122.28241,37.863414],[-122.282563,37.863404],[-122.282572,37.863489],[-122.282404,37.863499]]]},"properties":{"id":"w824953901","b":"yes","lv":null,"n":null}},
{"type":"Feature","geometry":{"type":"Polygon","coordinates":[[[-122.283083,37.863443],[-122.283085,37.863466],[-122.282918,37.863476],[-122.282916,37.863459],[-122.282884,37.863461],[-122.282879,37.863416],[-122.282911,37.863414],[-122.282909,37.863396],[-122.283077,37.863385],[-122.283078,37.863396],[-122.283102,37.863394],[-122.283107,37.863442],[-122.283083,37.863443]]]},"properties":{"id":"w824953903","b":"yes","lv":null,"n":null}},
{"type":"Feature","geometry":{"type":"Polygon","coordinates":[[[-122.282935,37.863363],[-122.282928,37.863292],[-122.283083,37.863282],[-122.28309,37.863353],[-122.282935,37.863363]]]},"properties":{"id":"w824953907","b":"yes","lv":null,"n":null}},
{"type":"Feature","geometry":{"type":"Polygon","coordinates":[[[-122.282884,37.863274],[-122.282877,37.863199],[-122.283068,37.863187],[-122.283076,37.863262],[-122.282884,37.863274]]]},"properties":{"id":"w824953908","b":"yes","lv":null,"n":null}},
{"type":"Feature","geometry":{"type":"Polygon","coordinates":[[[-122.282666,37.86374],[-122.28266,37.863678],[-122.282689,37.863676],[-122.282687,37.863656],[-122.282729,37.863653],[-122.282738,37.863735],[-122.282666,37.86374]]]},"properties":{"id":"w824953910","b":"yes","lv":null,"n":null}},
{"type":"Feature","geometry":{"type":"Polygon","coordinates":[[[-122.282866,37.863716],[-122.282869,37.86373],[-122.282825,37.863735],[-122.282822,37.863723],[-122.282792,37.863726],[-122.282781,37.86367],[-122.282751,37.863674],[-122.282739,37.86361],[-122.282777,37.863605],[-122.282783,37.863634],[-122.282875,37.863623],[-122.282893,37.863713],[-122.282866,37.863716]]]},"properties":{"id":"w824953915","b":"yes","lv":null,"n":null}},
{"type":"Feature","geometry":{"type":"Polygon","coordinates":[[[-122.2831,37.86355],[-122.283102,37.863577],[-122.282935,37.863587],[-122.282926,37.8635],[-122.283093,37.863489],[-122.283096,37.863515],[-122.283121,37.863513],[-122.283125,37.863548],[-122.2831,37.86355]]]},"properties":{"id":"w824953916","b":"yes","lv":null,"n":null}},
{"type":"Feature","geometry":{"type":"Polygon","coordinates":[[[-122.282603,37.863729],[-122.282606,37.863754],[-122.282424,37.863765],[-122.282415,37.86368],[-122.282596,37.863669],[-122.282601,37.863713],[-122.282619,37.863712],[-122.282621,37.863728],[-122.282603,37.863729]]]},"properties":{"id":"w824953919","b":"yes","lv":null,"n":null}},
{"type":"Feature","geometry":{"type":"Polygon","coordinates":[[[-122.282439,37.863664],[-122.282431,37.863592],[-122.28263,37.863579],[-122.282637,37.863651],[-122.282439,37.863664]]]},"properties":{"id":"w824953922","b":"yes","lv":null,"n":null}},
{"type":"Feature","geometry":{"type":"Polygon","coordinates":[[[-122.282557,37.863545],[-122.282559,37.86357],[-122.282429,37.863578],[-122.282422,37.863509],[-122.282578,37.863499],[-122.282583,37.863544],[-122.282557,37.863545]]]},"properties":{"id":"w824953924","b":"yes","lv":null,"n":null}},
{"type":"Feature","geometry":{"type":"Polygon","coordinates":[[[-122.284992,37.862556],[-122.284988,37.862533],[-122.285025,37.862528],[-122.28503,37.862551],[-122.284992,37.862556]]]},"properties":{"id":"w824953928","b":"yes","lv":null,"n":null}},
{"type":"Feature","geometry":{"type":"Polygon","coordinates":[[[-122.283057,37.863672],[-122.283059,37.863681],[-122.283007,37.863687],[-122.283002,37.863657],[-122.28298,37.86366],[-122.282977,37.863641],[-122.283001,37.863638],[-122.282995,37.863607],[-122.283107,37.863594],[-122.283121,37.863664],[-122.283057,37.863672]]]},"properties":{"id":"w824953932","b":"yes","lv":null,"n":null}},
{"type":"Feature","geometry":{"type":"Polygon","coordinates":[[[-122.280396,37.863364],[-122.280387,37.863287],[-122.280591,37.863273],[-122.280597,37.863325],[-122.280554,37.863328],[-122.280557,37.863352],[-122.280396,37.863364]]]},"properties":{"id":"w824953958","b":"yes","lv":null,"n":null}},
{"type":"Feature","geometry":{"type":"Polygon","coordinates":[[[-122.280505,37.862938],[-122.280445,37.862942],[-122.280445,37.862938],[-122.280346,37.862945],[-122.280339,37.862883],[-122.280439,37.862876],[-122.280436,37.862856],[-122.280496,37.862852],[-122.280505,37.862938]]]},"properties":{"id":"w824953961","b":"yes","lv":null,"n":null}},
{"type":"Feature","geometry":{"type":"Polygon","coordinates":[[[-122.281743,37.8622],[-122.281751,37.862271],[-122.28173,37.862272],[-122.281744,37.862399],[-122.281637,37.862407],[-122.281629,37.862333],[-122.281661,37.862331],[-122.281648,37.862214],[-122.281696,37.86221],[-122.281696,37.862203],[-122.281743,37.8622]]]},"properties":{"id":"w824953963","b":"yes","lv":null,"n":null}},
{"type":"Feature","geometry":{"type":"Polygon","coordinates":[[[-122.281925,37.862948],[-122.281917,37.862878],[-122.281939,37.862876],[-122.281938,37.862867],[-122.281985,37.862864],[-122.281985,37.862871],[-122.282057,37.862866],[-122.282065,37.862938],[-122.281925,37.862948]]]},"properties":{"id":"w824953965","b":"yes","lv":null,"n":null}},
{"type":"Feature","geometry":{"type":"Polygon","coordinates":[[[-122.281669,37.863159],[-122.281478,37.863173],[-122.281473,37.863132],[-122.281449,37.863134],[-122.281445,37.863097],[-122.281661,37.863082],[-122.281669,37.863159]]]},"properties":{"id":"w824953966","b":"yes","lv":null,"n":null}},
{"type":"Feature","geometry":{"type":"Polygon","coordinates":[[[-122.281659,37.863251],[-122.281487,37.863262],[-122.281483,37.863224],[-122.281466,37.863225],[-122.281463,37.863197],[-122.281627,37.863185],[-122.281629,37.863207],[-122.281654,37.863205],[-122.281659,37.863251]]]},"properties":{"id":"w824953967","b":"yes","lv":null,"n":null}},
{"type":"Feature","geometry":{"type":"Polygon","coordinates":[[[-122.281665,37.863346],[-122.281664,37.863341],[-122.281597,37.863345],[-122.281597,37.86335],[-122.281545,37.863354],[-122.281536,37.863279],[-122.281709,37.863267],[-122.281717,37.863343],[-122.281665,37.863346]]]},"properties":{"id":"w824953968","b":"yes","lv":null,"n":null}},
{"type":"Feature","geometry":{"type":"Polygon","coordinates":[[[-122.281898,37.863042],[-122.281891,37.862977],[-122.282047,37.862966],[-122.282049,37.862983],[-122.28206,37.862982],[-122.282065,37.86303],[-122.281898,37.863042]]]},"properties":{"id":"w824953969","b":"yes","lv":null,"n":null}},
{"type":"Feature","geometry":{"type":"Polygon","coordinates":[[[-122.281867,37.862758],[-122.281863,37.862722],[-122.281844,37.862723],[-122.28184,37.862683],[-122.282036,37.862669],[-122.28204,37.862705],[-122.282048,37.862705],[-122.282053,37.862745],[-122.281867,37.862758]]]},"properties":{"id":"w824953970","b":"yes","lv":null,"n":null}},
{"type":"Feature","geometry":{"type":"Polygon","coordinates":[[[-122.281936,37.862858],[-122.281935,37.862853],[-122.281911,37.862855],[-122.281902,37.862779],[-122.281927,37.862777],[-122.281926,37.862768],[-122.282043,37.86276],[-122.282053,37.86285],[-122.281936,37.862858]]]},"properties":{"id":"w824953973","b":"yes","lv":null,"n":null}},
{"type":"Feature","geometry":{"type":"Polygon","coordinates":[[[-122.28202,37.862415],[-122.282001,37.862416],[-122.282005,37.862455],[-122.281866,37.862465],[-122.281865,37.862459],[-122.281823,37.862461],[-122.281815,37.862393],[-122.281869,37.862389],[-122.281868,37.862385],[-122.281994,37.862376],[-122.281995,37.862381],[-122.282016,37.86238],[-122.28202,37.862415]]]},"properties":{"id":"w824953975","b":"yes","lv":null,"n":null}},
{"type":"Feature","geometry":{"type":"Polygon","coordinates":[[[-122.28195,37.86266],[-122.281949,37.862648],[-122.281871,37.862653],[-122.281863,37.862583],[-122.282018,37.862572],[-122.282027,37.862655],[-122.28195,37.86266]]]},"properties":{"id":"w824953976","b":"yes","lv":null,"n":null}},
{"type":"Feature","geometry":{"type":"Polygon","coordinates":[[[-122.281856,37.86257],[-122.281848,37.862497],[-122.28201,37.862486],[-122.282018,37.862558],[-122.281856,37.86257]]]},"properties":{"id":"w824953977","b":"yes","lv":null,"n":null}},
{"type":"Feature","geometry":{"type":"Polygon","coordinates":[[[-122.281658,37.862933],[-122.281662,37.862961],[-122.281634,37.862963],[-122.281635,37.862968],[-122.281439,37.862982],[-122.281435,37.862951],[-122.281454,37.86295],[-122.281449,37.862907],[-122.281654,37.862892],[-122.281657,37.862924],[-122.281678,37.862923],[-122.281679,37.862932],[-122.281658,37.862933]]]},"properties":{"id":"w824953978","b":"yes","lv":null,"n":null}},
{"type":"Feature","geometry":{"type":"Polygon","coordinates":[[[-122.281427,37.862886],[-122.281419,37.86281],[-122.281548,37.8628],[-122.281549,37.862806],[-122.28159,37.862803],[-122.281594,37.862836],[-122.281608,37.862835],[-122.281613,37.862873],[-122.281427,37.862886]]]},"properties":{"id":"w824953979","b":"yes","lv":null,"n":null}},
{"type":"Feature","geometry":{"type":"Polygon","coordinates":[[[-122.281477,37.862781],[-122.281477,37.862786],[-122.281463,37.862787],[-122.281462,37.862781],[-122.281438,37.862783],[-122.28143,37.862716],[-122.281596,37.862705],[-122.281603,37.862772],[-122.281477,37.862781]]]},"properties":{"id":"w824953980","b":"yes","lv":null,"n":null}},
{"type":"Feature","geometry":{"type":"Polygon","coordinates":[[[-122.281629,37.863033],[-122.281633,37.863064],[-122.281465,37.863076],[-122.281457,37.863003],[-122.28165,37.86299],[-122.281655,37.863031],[-122.281629,37.863033]]]},"properties":{"id":"w824953983","b":"yes","lv":null,"n":null}},
{"type":"Feature","geometry":{"type":"Polygon","coordinates":[[[-122.281867,37.862376],[-122.281858,37.862297],[-122.282008,37.862286],[-122.282017,37.862366],[-122.281867,37.862376]]]},"properties":{"id":"w824953984","b":"yes","lv":null,"n":null}},
{"type":"Feature","geometry":{"type":"Polygon","coordinates":[[[-122.282092,37.863303],[-122.282069,37.863304],[-122.282071,37.863326],[-122.281937,37.863335],[-122.281928,37.863257],[-122.282062,37.863247],[-122.282064,37.863267],[-122.282088,37.863266],[-122.282092,37.863303]]]},"properties":{"id":"w824953988","b":"yes","lv":null,"n":null}},
{"type":"Feature","geometry":{"type":"Polygon","coordinates":[[[-122.282089,37.863226],[-122.281915,37.863238],[-122.281906,37.863162],[-122.28208,37.86315],[-122.282089,37.863226]]]},"properties":{"id":"w824953989","b":"yes","lv":null,"n":null}},
{"type":"Feature","geometry":{"type":"Polygon","coordinates":[[[-122.281878,37.863147],[-122.281872,37.863094],[-122.281896,37.863092],[-122.281894,37.863066],[-122.282059,37.863055],[-122.282068,37.863134],[-122.281878,37.863147]]]},"properties":{"id":"w824953990","b":"yes","lv":null,"n":null}},
{"type":"Feature","geometry":{"type":"Polygon","coordinates":[[[-122.28184,37.862279],[-122.281833,37.862217],[-122.281855,37.862215],[-122.281854,37.862206],[-122.282015,37.862195],[-122.282023,37.862267],[-122.28184,37.862279]]]},"properties":{"id":"w824953991","b":"yes","lv":null,"n":null}},
{"type":"Feature","geometry":{"type":"Polygon","coordinates":[[[-122.282161,37.863678],[-122.282165,37.86371],[-122.28202,37.86372],[-122.28202,37.863713],[-122.281997,37.863714],[-122.281992,37.86367],[-122.282006,37.863669],[-122.282005,37.863655],[-122.282012,37.863655],[-122.282011,37.863641],[-122.282171,37.86363],[-122.282177,37.863677],[-122.282161,37.863678]]]},"properties":{"id":"w824953992","b":"yes","lv":null,"n":null}},
{"type":"Feature","geometry":{"type":"Polygon","coordinates":[[[-122.281987,37.863626],[-122.281977,37.863539],[-122.282127,37.863529],[-122.282137,37.863616],[-122.281987,37.863626]]]},"properties":{"id":"w824953993","b":"yes","lv":null,"n":null}},
{"type":"Feature","geometry":{"type":"Polygon","coordinates":[[[-122.281988,37.863519],[-122.281981,37.863453],[-122.28211,37.863444],[-122.282113,37.863474],[-122.282122,37.863473],[-122.282126,37.863509],[-122.281988,37.863519]]]},"properties":{"id":"w824953994","b":"yes","lv":null,"n":null}},
{"type":"Feature","geometry":{"type":"Polygon","coordinates":[[[-122.282071,37.863386],[-122.282073,37.863408],[-122.281982,37.863415],[-122.281975,37.863349],[-122.282098,37.86334],[-122.282103,37.863384],[-122.282071,37.863386]]]},"properties":{"id":"w824953995","b":"yes","lv":null,"n":null}},
{"type":"Feature","geometry":{"type":"Polygon","coordinates":[[[-122.282094,37.863805],[-122.282095,37.863813],[-122.282079,37.863815],[-122.282078,37.863807],[-122.281971,37.863815],[-122.281967,37.863779],[-122.281975,37.863778],[-122.281971,37.863743],[-122.28216,37.86373],[-122.282168,37.8638],[-122.282094,37.863805]]]},"properties":{"id":"w824953996","b":"yes","lv":null,"n":null}},
{"type":"Feature","geometry":{"type":"Polygon","coordinates":[[[-122.281684,37.863537],[-122.281685,37.863543],[-122.281519,37.863555],[-122.28151,37.86347],[-122.281676,37.863459],[-122.281679,37.863482],[-122.281698,37.863481],[-122.281705,37.863536],[-122.281684,37.863537]]]},"properties":{"id":"w824953997","b":"yes","lv":null,"n":null}},
{"type":"Feature","geometry":{"type":"Polygon","coordinates":[[[-122.281625,37.863456],[-122.281624,37.863446],[-122.281507,37.863454],[-122.281502,37.863414],[-122.281517,37.863412],[-122.281516,37.863398],[-122.281533,37.863397],[-122.281533,37.863387],[-122.281661,37.863378],[-122.281669,37.863453],[-122.281625,37.863456]]]},"properties":{"id":"w824953998","b":"yes","lv":null,"n":null}},
{"type":"Feature","geometry":{"type":"Polygon","coordinates":[[[-122.281519,37.863756],[-122.281515,37.863722],[-122.281526,37.863721],[-122.281521,37.863678],[-122.281667,37.863668],[-122.281676,37.863745],[-122.281519,37.863756]]]},"properties":{"id":"w824954000","b":"yes","lv":null,"n":null}},
{"type":"Feature","geometry":{"type":"Polygon","coordinates":[[[-122.281526,37.863659],[-122.281522,37.86363],[-122.281516,37.863631],[-122.281515,37.863617],[-122.281521,37.863617],[-122.281518,37.863587],[-122.281707,37.863574],[-122.281715,37.863646],[-122.281526,37.863659]]]},"properties":{"id":"w824954001","b":"yes","lv":null,"n":null}},
{"type":"Feature","geometry":{"type":"Polygon","coordinates":[[[-122.2818,37.863857],[-122.281801,37.863867],[-122.281766,37.86387],[-122.281765,37.863859],[-122.281713,37.863862],[-122.281705,37.863792],[-122.281765,37.863787],[-122.281763,37.863768],[-122.281842,37.863762],[-122.281845,37.863795],[-122.281838,37.863796],[-122.281845,37.863853],[-122.2818,37.863857]]]},"properties":{"id":"w824954002","b":"yes","lv":null,"n":null}},
{"type":"Feature","geometry":{"type":"Polygon","coordinates":[[[-122.280546,37.863241],[-122.280548,37.863267],[-122.280388,37.863278],[-122.280378,37.863195],[-122.280539,37.863183],[-122.28054,37.863197],[-122.280559,37.863196],[-122.280564,37.86324],[-122.280546,37.863241]]]},"properties":{"id":"w824954004","b":"yes","lv":null,"n":null}},
{"type":"Feature","geometry":{"type":"Polygon","coordinates":[[[-122.28045,37.862587],[-122.280455,37.862616],[-122.280299,37.862634],[-122.280279,37.862528],[-122.28039,37.862515],[-122.280392,37.862522],[-122.280436,37.862516],[-122.280445,37.862559],[-122.280494,37.862553],[-122.280499,37.862581],[-122.28045,37.862587]]]},"properties":{"id":"w824954005","b":"yes","lv":null,"n":null}},
{"type":"Feature","geometry":{"type":"Polygon","coordinates":[[[-122.281591,37.863874],[-122.281592,37.863885],[-122.281552,37.863888],[-122.281551,37.863877],[-122.281509,37.86388],[-122.281501,37.863808],[-122.281622,37.863799],[-122.28163,37.863871],[-122.281591,37.863874]]]},"properties":{"id":"w824954006","b":"yes","lv":null,"n":null}},
{"type":"Feature","geometry":{"type":"Polygon","coordinates":[[[-122.281795,37.863754],[-122.281737,37.863758],[-122.281733,37.863724],[-122.281791,37.86372],[-122.281795,37.863754]]]},"properties":{"id":"w824954007","b":"yes","lv":null,"n":null}},
{"type":"Feature","geometry":{"type":"Polygon","coordinates":[[[-122.280343,37.863171],[-122.280333,37.86308],[-122.280609,37.86306],[-122.280619,37.863151],[-122.280343,37.863171]]]},"properties":{"id":"w824954008","b":"yes","lv":null,"n":null}},
{"type":"Feature","geometry":{"type":"Polygon","coordinates":[[[-122.280354,37.863057],[-122.280348,37.863008],[-122.28034,37.863008],[-122.280336,37.862976],[-122.280526,37.862962],[-122.280536,37.863044],[-122.280354,37.863057]]]},"properties":{"id":"w824954012","b":"yes","lv":null,"n":null}},
{"type":"Feature","geometry":{"type":"Polygon","coordinates":[[[-122.280494,37.862837],[-122.280434,37.862841],[-122.280433,37.862837],[-122.280335,37.862844],[-122.280328,37.862781],[-122.280427,37.862774],[-122.280425,37.862755],[-122.280484,37.862751],[-122.280494,37.862837]]]},"properties":{"id":"w824954013","b":"yes","lv":null,"n":null}},
{"type":"Feature","geometry":{"type":"Polygon","coordinates":[[[-122.280626,37.863535],[-122.280628,37.863546],[-122.280564,37.863551],[-122.280564,37.863555],[-122.280405,37.863566],[-122.280396,37.863485],[-122.280549,37.863474],[-122.280548,37.863467],[-122.280633,37.863461],[-122.280641,37.863534],[-122.280626,37.863535]]]},"properties":{"id":"w824954014","b":"yes","lv":null,"n":null}},
{"type":"Feature","geometry":{"type":"Polygon","coordinates":[[[-122.280403,37.863466],[-122.280398,37.863426],[-122.280385,37.863427],[-122.280381,37.863391],[-122.280575,37.863377],[-122.28058,37.863421],[-122.280594,37.86342],[-122.280598,37.863452],[-122.280403,37.863466]]]},"properties":{"id":"w824954015","b":"yes","lv":null,"n":null}},
{"type":"Feature","geometry":{"type":"Polygon","coordinates":[[[-122.281637,37.863847],[-122.281628,37.863773],[-122.28169,37.863769],[-122.281699,37.863842],[-122.281637,37.863847]]]},"properties":{"id":"w824954017","b":"yes","lv":null,"n":null}},
{"type":"Feature","geometry":{"type":"Polygon","coordinates":[[[-122.280932,37.86397],[-122.280798,37.863988],[-122.280783,37.863917],[-122.28082,37.863912],[-122.280821,37.863918],[-122.280918,37.863905],[-122.280932,37.86397]]]},"properties":{"id":"w824954018","b":"yes","lv":null,"n":null}},
{"type":"Feature","geometry":{"type":"Polygon","coordinates":[[[-122.280661,37.863897],[-122.280654,37.863836],[-122.280755,37.863829],[-122.280762,37.86389],[-122.280661,37.863897]]]},"properties":{"id":"w824954020","b":"yes","lv":null,"n":null}},
{"type":"Feature","geometry":{"type":"Polygon","coordinates":[[[-122.280656,37.864008],[-122.280653,37.863993],[-122.280461,37.864018],[-122.280453,37.863981],[-122.280443,37.863982],[-122.280434,37.863939],[-122.280615,37.863915],[-122.280614,37.86391],[-122.280675,37.863902],[-122.280676,37.863908],[-122.28072,37.863902],[-122.280739,37.863997],[-122.280656,37.864008]]]},"properties":{"id":"w824954021","b":"yes","lv":null,"n":null}},
{"type":"Feature","geometry":{"type":"Polygon","coordinates":[[[-122.280628,37.863874],[-122.280459,37.863886],[-122.280453,37.863833],[-122.280445,37.863833],[-122.280441,37.863797],[-122.280485,37.863794],[-122.280487,37.863811],[-122.28052,37.863809],[-122.280518,37.863792],[-122.280554,37.863789],[-122.280555,37.863804],[-122.28062,37.8638],[-122.280628,37.863874]]]},"properties":{"id":"w824954022","b":"yes","lv":null,"n":null}},
{"type":"Feature","geometry":{"type":"Polygon","coordinates":[[[-122.280895,37.863743],[-122.280886,37.863661],[-122.281076,37.863648],[-122.281081,37.863692],[-122.281088,37.863692],[-122.281093,37.863729],[-122.280895,37.863743]]]},"properties":{"id":"w824954023","b":"yes","lv":null,"n":null}},
{"type":"Feature","geometry":{"type":"Polygon","coordinates":[[[-122.280847,37.863857],[-122.280847,37.863856],[-122.28082,37.863858],[-122.280812,37.863793],[-122.280837,37.863791],[-122.280835,37.863768],[-122.280936,37.863761],[-122.280937,37.86377],[-122.281075,37.86376],[-122.281085,37.863841],[-122.280847,37.863857]]]},"properties":{"id":"w824954024","b":"apartments","lv":"2","n":null}},
{"type":"Feature","geometry":{"type":"Polygon","coordinates":[[[-122.281097,37.863911],[-122.281104,37.863948],[-122.281003,37.863961],[-122.280984,37.863872],[-122.28102,37.863867],[-122.281022,37.863875],[-122.281102,37.863865],[-122.281111,37.863909],[-122.281097,37.863911]]]},"properties":{"id":"w824954025","b":"yes","lv":null,"n":null}},
{"type":"Feature","geometry":{"type":"Polygon","coordinates":[[[-122.280721,37.863759],[-122.280613,37.863765],[-122.280609,37.86373],[-122.280593,37.863731],[-122.280591,37.863716],[-122.280583,37.863716],[-122.280587,37.863761],[-122.280448,37.863769],[-122.280442,37.863709],[-122.280523,37.863704],[-122.280521,37.863682],[-122.280576,37.863679],[-122.280577,37.863698],[-122.280607,37.863696],[-122.280604,37.863671],[-122.280712,37.863664],[-122.280721,37.863759]]]},"properties":{"id":"w824954027","b":"yes","lv":null,"n":null}},
{"type":"Feature","geometry":{"type":"Polygon","coordinates":[[[-122.280642,37.863653],[-122.28042,37.863668],[-122.280417,37.863639],[-122.2804,37.86364],[-122.280397,37.863612],[-122.280414,37.86361],[-122.280411,37.863585],[-122.280632,37.86357],[-122.280642,37.863653]]]},"properties":{"id":"w824954028","b":"yes","lv":null,"n":null}},
{"type":"Feature","geometry":{"type":"Polygon","coordinates":[[[-122.280904,37.863646],[-122.280895,37.863565],[-122.281066,37.863553],[-122.281072,37.8636],[-122.28108,37.8636],[-122.281084,37.863633],[-122.280904,37.863646]]]},"properties":{"id":"w824954029","b":"yes","lv":null,"n":null}},
{"type":"Feature","geometry":{"type":"Polygon","coordinates":[[[-122.280487,37.862735],[-122.280427,37.862742],[-122.280426,37.862738],[-122.280329,37.86275],[-122.280317,37.862688],[-122.280415,37.862676],[-122.280412,37.862657],[-122.28047,37.86265],[-122.280487,37.862735]]]},"properties":{"id":"w824954030","b":"yes","lv":null,"n":null}},
{"type":"Feature","geometry":{"type":"Polygon","coordinates":[[[-122.280871,37.863348],[-122.280869,37.863324],[-122.280839,37.863326],[-122.280834,37.863281],[-122.280864,37.863279],[-122.280863,37.86327],[-122.281032,37.863258],[-122.281037,37.8633],[-122.281046,37.8633],[-122.28105,37.863335],[-122.280871,37.863348]]]},"properties":{"id":"w824954031","b":"yes","lv":null,"n":null}},
{"type":"Feature","geometry":{"type":"Polygon","coordinates":[[[-122.280877,37.863447],[-122.280868,37.863369],[-122.281037,37.863357],[-122.281042,37.8634],[-122.281054,37.863399],[-122.281058,37.863434],[-122.280877,37.863447]]]},"properties":{"id":"w824954032","b":"yes","lv":null,"n":null}},
{"type":"Feature","geometry":{"type":"Polygon","coordinates":[[[-122.280893,37.863545],[-122.280892,37.863529],[-122.280877,37.86353],[-122.280871,37.863475],[-122.280886,37.863474],[-122.280884,37.863461],[-122.281053,37.863449],[-122.281062,37.863533],[-122.280893,37.863545]]]},"properties":{"id":"w824954033","b":"yes","lv":null,"n":null}},
{"type":"Feature","geometry":{"type":"Polygon","coordinates":[[[-122.280978,37.862854],[-122.280983,37.862895],[-122.280817,37.862907],[-122.280808,37.862826],[-122.280973,37.862814],[-122.280974,37.86282],[-122.280994,37.862819],[-122.280998,37.862853],[-122.280978,37.862854]]]},"properties":{"id":"w824954035","b":"yes","lv":null,"n":null}},
{"type":"Feature","geometry":{"type":"Polygon","coordinates":[[[-122.280528,37.862374],[-122.280539,37.862429],[-122.280354,37.862452],[-122.280343,37.862397],[-122.280528,37.862374]]]},"properties":{"id":"w824954036","b":"yes","lv":null,"n":null}},
{"type":"Feature","geometry":{"type":"Polygon","coordinates":[[[-122.281014,37.862981],[-122.280993,37.862982],[-122.280998,37.863026],[-122.280834,37.863038],[-122.280825,37.862955],[-122.280989,37.862943],[-122.280989,37.862949],[-122.281011,37.862948],[-122.281014,37.862981]]]},"properties":{"id":"w824954037","b":"yes","lv":null,"n":null}},
{"type":"Feature","geometry":{"type":"Polygon","coordinates":[[[-122.280885,37.863155],[-122.280878,37.86309],[-122.280844,37.863093],[-122.28084,37.863059],[-122.280885,37.863056],[-122.280886,37.863066],[-122.281004,37.863058],[-122.281014,37.863146],[-122.280885,37.863155]]]},"properties":{"id":"w824954038","b":"yes","lv":null,"n":null}},
{"type":"Feature","geometry":{"type":"Polygon","coordinates":[[[-122.280541,37.862367],[-122.280606,37.86236],[-122.280617,37.862421],[-122.280552,37.862429],[-122.280541,37.862367]]]},"properties":{"id":"w824954039","b":"yes","lv":null,"n":null}},
{"type":"Feature","geometry":{"type":"Polygon","coordinates":[[[-122.280958,37.862608],[-122.280962,37.862638],[-122.280768,37.862651],[-122.280762,37.862603],[-122.280809,37.8626],[-122.280805,37.862568],[-122.280952,37.862557],[-122.280954,37.862579],[-122.280974,37.862578],[-122.280977,37.862607],[-122.280958,37.862608]]]},"properties":{"id":"w824954040","b":"yes","lv":null,"n":null}},
{"type":"Feature","geometry":{"type":"Polygon","coordinates":[[[-122.280991,37.862734],[-122.280968,37.862736],[-122.280972,37.862767],[-122.280805,37.862779],[-122.280796,37.862697],[-122.280963,37.862685],[-122.280965,37.862707],[-122.280987,37.862706],[-122.280991,37.862734]]]},"properties":{"id":"w824954042","b":"yes","lv":null,"n":null}},
{"type":"Feature","geometry":{"type":"Polygon","coordinates":[[[-122.284927,37.862083],[-122.284919,37.862043],[-122.284959,37.862037],[-122.284968,37.862078],[-122.284927,37.862083]]]},"properties":{"id":"w824954048","b":"yes","lv":null,"n":null}},
{"type":"Feature","geometry":{"type":"Polygon","coordinates":[[[-122.28004,37.863671],[-122.280044,37.863709],[-122.279853,37.86372],[-122.279849,37.863678],[-122.279895,37.863676],[-122.279893,37.863656],[-122.27998,37.863651],[-122.279979,37.863644],[-122.280053,37.86364],[-122.280056,37.86367],[-122.28004,37.863671]]]},"properties":{"id":"w824954050","b":"yes","lv":null,"n":null}},
{"type":"Feature","geometry":{"type":"Polygon","coordinates":[[[-122.279865,37.863468],[-122.279862,37.863434],[-122.279875,37.863433],[-122.27987,37.86339],[-122.280048,37.863379],[-122.280056,37.863456],[-122.279865,37.863468]]]},"properties":{"id":"w824954053","b":"yes","lv":null,"n":null}},
{"type":"Feature","geometry":{"type":"Polygon","coordinates":[[[-122.279811,37.863271],[-122.279806,37.863218],[-122.279834,37.863216],[-122.279831,37.863194],[-122.280023,37.863182],[-122.28003,37.863258],[-122.279811,37.863271]]]},"properties":{"id":"w824954054","b":"yes","lv":null,"n":null}},
{"type":"Feature","geometry":{"type":"Polygon","coordinates":[[[-122.279824,37.863368],[-122.279819,37.863318],[-122.279887,37.863314],[-122.279885,37.86329],[-122.279943,37.863287],[-122.279941,37.863272],[-122.279978,37.86327],[-122.27998,37.863283],[-122.28002,37.863281],[-122.280027,37.863356],[-122.279824,37.863368]]]},"properties":{"id":"w824954059","b":"yes","lv":null,"n":null}},
{"type":"Feature","geometry":{"type":"Polygon","coordinates":[[[-122.279986,37.862925],[-122.27999,37.86296],[-122.279964,37.862962],[-122.279965,37.86297],[-122.279926,37.862973],[-122.279925,37.862965],[-122.279786,37.862973],[-122.279778,37.862885],[-122.279998,37.862872],[-122.280003,37.862924],[-122.279986,37.862925]]]},"properties":{"id":"w824954072","b":"yes","lv":null,"n":null}},
{"type":"Feature","geometry":{"type":"Polygon","coordinates":[[[-122.279805,37.863078],[-122.279797,37.862998],[-122.279983,37.862987],[-122.279987,37.863032],[-122.280001,37.863031],[-122.280005,37.863066],[-122.279805,37.863078]]]},"properties":{"id":"w824954073","b":"yes","lv":null,"n":null}},
{"type":"Feature","geometry":{"type":"Polygon","coordinates":[[[-122.279948,37.863619],[-122.27995,37.863633],[-122.279915,37.863635],[-122.279915,37.86363],[-122.279876,37.863633],[-122.279869,37.863562],[-122.279915,37.863559],[-122.279915,37.863564],[-122.27994,37.863562],[-122.279939,37.863556],[-122.280034,37.86355],[-122.28004,37.863613],[-122.279948,37.863619]]]},"properties":{"id":"w824954077","b":"yes","lv":null,"n":null}},
{"type":"Feature","geometry":{"type":"Polygon","coordinates":[[[-122.279837,37.863554],[-122.279831,37.863494],[-122.279875,37.863491],[-122.279874,37.863478],[-122.280033,37.863468],[-122.28004,37.863542],[-122.279837,37.863554]]]},"properties":{"id":"w824954079","b":"yes","lv":null,"n":null}},
{"type":"Feature","geometry":{"type":"Polygon","coordinates":[[[-122.280091,37.864045],[-122.280093,37.864065],[-122.280052,37.864067],[-122.280053,37.864081],[-122.28001,37.864084],[-122.280009,37.864078],[-122.279854,37.864088],[-122.279849,37.864036],[-122.279906,37.864032],[-122.279904,37.864006],[-122.280085,37.863995],[-122.280087,37.864017],[-122.280098,37.864017],[-122.280101,37.864045],[-122.280091,37.864045]]]},"properties":{"id":"w824954083","b":"yes","lv":null,"n":null}},
{"type":"Feature","geometry":{"type":"Polygon","coordinates":[[[-122.280075,37.863862],[-122.280064,37.863863],[-122.280066,37.863887],[-122.279934,37.863895],[-122.279933,37.863889],[-122.279873,37.863892],[-122.279868,37.863842],[-122.279927,37.863839],[-122.279926,37.863827],[-122.280058,37.863819],[-122.280058,37.863825],[-122.280072,37.863825],[-122.280075,37.863862]]]},"properties":{"id":"w824954084","b":"yes","lv":null,"n":null}},
{"type":"Feature","geometry":{"type":"Polygon","coordinates":[[[-122.289396,37.86174],[-122.289371,37.861661],[-122.289539,37.861627],[-122.289564,37.861706],[-122.289396,37.86174]]]},"properties":{"id":"w824954086","b":"yes","lv":null,"n":null}},
{"type":"Feature","geometry":{"type":"Polygon","coordinates":[[[-122.280051,37.863763],[-122.280054,37.86379],[-122.279921,37.863798],[-122.27992,37.863783],[-122.279901,37.863785],[-122.279902,37.86379],[-122.279864,37.863792],[-122.279861,37.863754],[-122.279891,37.863752],[-122.27989,37.863737],[-122.280039,37.863728],[-122.280041,37.863749],[-122.280056,37.863748],[-122.280057,37.863763],[-122.280051,37.863763]]]},"properties":{"id":"w824954088","b":"yes","lv":null,"n":null}},
{"type":"Feature","geometry":{"type":"Polygon","coordinates":[[[-122.279917,37.863981],[-122.27991,37.863913],[-122.280071,37.863903],[-122.280078,37.863972],[-122.279917,37.863981]]]},"properties":{"id":"w824954093","b":"yes","lv":null,"n":null}},
{"type":"Feature","geometry":{"type":"Polygon","coordinates":[[[-122.284916,37.861978],[-122.284828,37.861989],[-122.284798,37.861843],[-122.284886,37.861832],[-122.284916,37.861978]]]},"properties":{"id":"w824954122","b":"yes","lv":null,"n":null}},
{"type":"Feature","geometry":{"type":"Polygon","coordinates":[[[-122.28238,37.863116],[-122.28237,37.863029],[-122.282522,37.863019],[-122.282532,37.863106],[-122.28238,37.863116]]]},"properties":{"id":"w824954172","b":"yes","lv":null,"n":null}},
{"type":"Feature","geometry":{"type":"Polygon","coordinates":[[[-122.281743,37.8622],[-122.281783,37.862197],[-122.281792,37.862273],[-122.281814,37.862272],[-122.281823,37.862354],[-122.281761,37.862359],[-122.281751,37.862271],[-122.281743,37.8622]]]},"properties":{"id":"w824954222","b":"yes","lv":null,"n":null}},
{"type":"Feature","geometry":{"type":"Polygon","coordinates":[[[-122.288801,37.861832],[-122.288758,37.861837],[-122.288753,37.861812],[-122.288796,37.861807],[-122.288801,37.861832]]]},"properties":{"id":"w824954239","b":"yes","lv":null,"n":null}},
{"type":"Feature","geometry":{"type":"Polygon","coordinates":[[[-122.291381,37.868413],[-122.291361,37.868307],[-122.291455,37.868296],[-122.291475,37.868402],[-122.291381,37.868413]]]},"properties":{"id":"w825074341","b":"yes","lv":null,"n":null}},
{"type":"Feature","geometry":{"type":"Polygon","coordinates":[[[-122.291469,37.867554],[-122.291476,37.867553],[-122.291452,37.867484],[-122.291117,37.867551],[-122.291139,37.867619],[-122.291171,37.867613],[-122.291168,37.867605],[-122.291465,37.867543],[-122.291469,37.867554]]]},"properties":{"id":"w825077621","b":"yes","lv":null,"n":null}},
{"type":"Feature","geometry":{"type":"Polygon","coordinates":[[[-122.29149,37.867617],[-122.291295,37.867657],[-122.291193,37.867679],[-122.291171,37.867613],[-122.291168,37.867605],[-122.291465,37.867543],[-122.291469,37.867554],[-122.29149,37.867617]]]},"properties":{"id":"w825077622","b":"yes","lv":null,"n":null}},
{"type":"Feature","geometry":{"type":"Polygon","coordinates":[[[-122.289525,37.863657],[-122.289423,37.863669],[-122.289403,37.863564],[-122.289437,37.86356],[-122.289436,37.863554],[-122.289451,37.863552],[-122.289452,37.863557],[-122.289505,37.863551],[-122.289525,37.863657]]]},"properties":{"id":"w825084077","b":"yes","lv":null,"n":null}},
{"type":"Feature","geometry":{"type":"Polygon","coordinates":[[[-122.289549,37.863653],[-122.289528,37.863544],[-122.289584,37.863537],[-122.289589,37.863563],[-122.289635,37.863558],[-122.289651,37.863641],[-122.289549,37.863653]]]},"properties":{"id":"w825084078","b":"yes","lv":null,"n":null}},
{"type":"Feature","geometry":{"type":"Polygon","coordinates":[[[-122.289716,37.86363],[-122.289701,37.863555],[-122.28969,37.863556],[-122.289678,37.863493],[-122.289796,37.863479],[-122.289808,37.863543],[-122.289797,37.863544],[-122.289811,37.863619],[-122.289716,37.86363]]]},"properties":{"id":"w825084079","b":"yes","lv":null,"n":null}},
{"type":"Feature","geometry":{"type":"Polygon","coordinates":[[[-122.289193,37.86369],[-122.289194,37.863697],[-122.289139,37.863704],[-122.289115,37.863578],[-122.289161,37.863573],[-122.28915,37.863519],[-122.289201,37.863513],[-122.289234,37.863685],[-122.289193,37.86369]]]},"properties":{"id":"w825084080","b":"yes","lv":null,"n":null}},
{"type":"Feature","geometry":{"type":"Polygon","coordinates":[[[-122.28935,37.863679],[-122.289353,37.863695],[-122.289301,37.863701],[-122.289298,37.863686],[-122.289277,37.863688],[-122.289252,37.863556],[-122.289269,37.863554],[-122.289268,37.863546],[-122.289346,37.863537],[-122.289373,37.863677],[-122.28935,37.863679]]]},"properties":{"id":"w825084082","b":"yes","lv":null,"n":null}},
{"type":"Feature","geometry":{"type":"Polygon","coordinates":[[[-122.288542,37.863709],[-122.288538,37.863687],[-122.28853,37.863688],[-122.288523,37.863652],[-122.288532,37.863651],[-122.288527,37.863624],[-122.28868,37.863606],[-122.288684,37.863628],[-122.288728,37.863623],[-122.288735,37.863663],[-122.288689,37.863668],[-122.288694,37.863691],[-122.288542,37.863709]]]},"properties":{"id":"w825084083","b":"yes","lv":null,"n":null}},
{"type":"Feature","geometry":{"type":"Polygon","coordinates":[[[-122.288554,37.863819],[-122.288548,37.863793],[-122.288556,37.863792],[-122.288545,37.863741],[-122.288715,37.863719],[-122.288718,37.863733],[-122.288748,37.86373],[-122.288761,37.863792],[-122.288554,37.863819]]]},"properties":{"id":"w825084085","b":"yes","lv":null,"n":null}},
{"type":"Feature","geometry":{"type":"Polygon","coordinates":[[[-122.288915,37.863736],[-122.288918,37.863753],[-122.288864,37.86376],[-122.288838,37.86362],[-122.288873,37.863616],[-122.28887,37.863597],[-122.2889,37.863594],[-122.288903,37.863612],[-122.288933,37.863608],[-122.288957,37.863731],[-122.288915,37.863736]]]},"properties":{"id":"w825084086","b":"yes","lv":null,"n":null}},
{"type":"Feature","geometry":{"type":"Polygon","coordinates":[[[-122.288577,37.863374],[-122.288568,37.863324],[-122.288541,37.863327],[-122.288512,37.863178],[-122.288606,37.863167],[-122.288644,37.863366],[-122.288577,37.863374]]]},"properties":{"id":"w825084087","b":"yes","lv":null,"n":null}},
{"type":"Feature","geometry":{"type":"Polygon","coordinates":[[[-122.288436,37.863408],[-122.288423,37.863341],[-122.288436,37.86334],[-122.288423,37.863273],[-122.288409,37.863275],[-122.288397,37.863209],[-122.288445,37.863203],[-122.288443,37.863193],[-122.288483,37.863188],[-122.288523,37.863398],[-122.288436,37.863408]]]},"properties":{"id":"w825084088","b":"yes","lv":null,"n":null}},
{"type":"Feature","geometry":{"type":"Polygon","coordinates":[[[-122.288881,37.863301],[-122.288786,37.863312],[-122.288755,37.86315],[-122.288801,37.863144],[-122.288804,37.863159],[-122.288853,37.863153],[-122.288881,37.863301]]]},"properties":{"id":"w825084091","b":"yes","lv":null,"n":null}},
{"type":"Feature","geometry":{"type":"Polygon","coordinates":[[[-122.28872,37.863296],[-122.288723,37.863317],[-122.28867,37.863323],[-122.288666,37.863302],[-122.288659,37.863303],[-122.288633,37.863163],[-122.288642,37.863162],[-122.288641,37.863155],[-122.288669,37.863152],[-122.28867,37.863159],[-122.288725,37.863153],[-122.288752,37.863292],[-122.28872,37.863296]]]},"properties":{"id":"w825084092","b":"yes","lv":null,"n":null}},
{"type":"Feature","geometry":{"type":"Polygon","coordinates":[[[-122.289115,37.863256],[-122.289118,37.86327],[-122.289036,37.863279],[-122.289033,37.863265],[-122.289022,37.863266],[-122.288994,37.863121],[-122.289051,37.863114],[-122.289053,37.863128],[-122.289098,37.863122],[-122.289123,37.863255],[-122.289115,37.863256]]]},"properties":{"id":"w825084095","b":"yes","lv":null,"n":null}},
{"type":"Feature","geometry":{"type":"Polygon","coordinates":[[[-122.288801,37.863771],[-122.288785,37.863694],[-122.288843,37.863687],[-122.28886,37.863764],[-122.288801,37.863771]]]},"properties":{"id":"w825084096","b":"yes","lv":null,"n":null}},
{"type":"Feature","geometry":{"type":"Polygon","coordinates":[[[-122.28899,37.86327],[-122.288995,37.863295],[-122.288935,37.863302],[-122.28893,37.863277],[-122.288901,37.863281],[-122.288873,37.863132],[-122.288928,37.863126],[-122.28893,37.863141],[-122.288975,37.863135],[-122.289,37.863269],[-122.28899,37.86327]]]},"properties":{"id":"w825084097","b":"yes","lv":null,"n":null}},
{"type":"Feature","geometry":{"type":"Polygon","coordinates":[[[-122.289321,37.863284],[-122.28931,37.863227],[-122.289268,37.863232],[-122.28924,37.863087],[-122.28929,37.863081],[-122.289293,37.863096],[-122.289343,37.86309],[-122.289379,37.863277],[-122.289321,37.863284]]]},"properties":{"id":"w825084100","b":"yes","lv":null,"n":null}},
{"type":"Feature","geometry":{"type":"Polygon","coordinates":[[[-122.289149,37.86324],[-122.289123,37.863102],[-122.289215,37.863091],[-122.289241,37.863229],[-122.289149,37.86324]]]},"properties":{"id":"w825084102","b":"yes","lv":null,"n":null}},
{"type":"Feature","geometry":{"type":"Polygon","coordinates":[[[-122.28975,37.863162],[-122.2897,37.86301],[-122.289996,37.862969],[-122.290039,37.863104],[-122.28984,37.863144],[-122.28975,37.863162]]]},"properties":{"id":"w825084104","b":"yes","lv":null,"n":null}},
{"type":"Feature","geometry":{"type":"Polygon","coordinates":[[[-122.289632,37.863147],[-122.289641,37.863191],[-122.289606,37.863195],[-122.289596,37.863144],[-122.289604,37.863143],[-122.289601,37.863129],[-122.289592,37.86313],[-122.289579,37.863061],[-122.289647,37.863053],[-122.289664,37.863143],[-122.289632,37.863147]]]},"properties":{"id":"w825084105","b":"yes","lv":null,"n":null}},
{"type":"Feature","geometry":{"type":"Polygon","coordinates":[[[-122.289586,37.86314],[-122.289531,37.863146],[-122.289517,37.863069],[-122.289571,37.863063],[-122.289586,37.86314]]]},"properties":{"id":"w825084106","b":"yes","lv":null,"n":null}},
{"type":"Feature","geometry":{"type":"Polygon","coordinates":[[[-122.289429,37.863176],[-122.289431,37.863187],[-122.289403,37.863191],[-122.289401,37.863179],[-122.289387,37.86318],[-122.28937,37.863089],[-122.289466,37.863078],[-122.289484,37.86317],[-122.289429,37.863176]]]},"properties":{"id":"w825084107","b":"yes","lv":null,"n":null}},
{"type":"Feature","geometry":{"type":"Polygon","coordinates":[[[-122.289747,37.864646],[-122.28975,37.864659],[-122.289692,37.864669],[-122.289659,37.864542],[-122.289689,37.864537],[-122.289685,37.864521],[-122.289691,37.86452],[-122.289687,37.864502],[-122.289746,37.864492],[-122.289785,37.86464],[-122.289747,37.864646]]]},"properties":{"id":"w825084108","b":"yes","lv":null,"n":null}},
{"type":"Feature","geometry":{"type":"Polygon","coordinates":[[[-122.290011,37.863639],[-122.289979,37.863524],[-122.290061,37.86351],[-122.290057,37.863496],[-122.290167,37.863477],[-122.290208,37.863613],[-122.290011,37.863639]]]},"properties":{"id":"w825084109","b":"yes","lv":null,"n":null}},
{"type":"Feature","geometry":{"type":"Polygon","coordinates":[[[-122.289973,37.863504],[-122.289941,37.863405],[-122.290021,37.863388],[-122.290018,37.863376],[-122.290124,37.863354],[-122.29016,37.863466],[-122.289973,37.863504]]]},"properties":{"id":"w825084110","b":"yes","lv":null,"n":null}},
{"type":"Feature","geometry":{"type":"Polygon","coordinates":[[[-122.289503,37.86468],[-122.289502,37.864673],[-122.289439,37.864681],[-122.289411,37.864549],[-122.28947,37.864541],[-122.289469,37.864532],[-122.289502,37.864528],[-122.289504,37.864538],[-122.28951,37.864537],[-122.289539,37.864676],[-122.289503,37.86468]]]},"properties":{"id":"w825084113","b":"yes","lv":null,"n":null}},
{"type":"Feature","geometry":{"type":"Polygon","coordinates":[[[-122.28967,37.864654],[-122.289573,37.864668],[-122.289543,37.86453],[-122.289551,37.864528],[-122.289548,37.864515],[-122.28959,37.864509],[-122.289593,37.864523],[-122.28964,37.864517],[-122.28967,37.864654]]]},"properties":{"id":"w825084114","b":"yes","lv":null,"n":null}},
{"type":"Feature","geometry":{"type":"Polygon","coordinates":[[[-122.288808,37.864739],[-122.288815,37.864772],[-122.288719,37.864785],[-122.288694,37.864666],[-122.28879,37.864654],[-122.2888,37.864702],[-122.288821,37.864699],[-122.288829,37.864737],[-122.288808,37.864739]]]},"properties":{"id":"w825084119","b":"yes","lv":null,"n":null}},
{"type":"Feature","geometry":{"type":"Polygon","coordinates":[[[-122.288986,37.864748],[-122.288882,37.864761],[-122.288864,37.864672],[-122.288838,37.864676],[-122.288827,37.864625],[-122.288894,37.864616],[-122.288883,37.864561],[-122.288946,37.864553],[-122.288986,37.864748]]]},"properties":{"id":"w825084120","b":"yes","lv":null,"n":null}},
{"type":"Feature","geometry":{"type":"Polygon","coordinates":[[[-122.288781,37.864626],[-122.288776,37.864602],[-122.288735,37.864608],[-122.288727,37.86457],[-122.288673,37.864577],[-122.288666,37.864544],[-122.288791,37.864528],[-122.288804,37.86459],[-122.288816,37.864589],[-122.288822,37.86462],[-122.288781,37.864626]]]},"properties":{"id":"w825084121","b":"yes","lv":null,"n":null}},
{"type":"Feature","geometry":{"type":"Polygon","coordinates":[[[-122.289003,37.864745],[-122.288975,37.86461],[-122.289003,37.864607],[-122.289,37.864594],[-122.289039,37.864589],[-122.289042,37.864602],[-122.289072,37.864598],[-122.289099,37.864732],[-122.289003,37.864745]]]},"properties":{"id":"w825084122","b":"yes","lv":null,"n":null}},
{"type":"Feature","geometry":{"type":"Polygon","coordinates":[[[-122.288736,37.86427],[-122.288734,37.864262],[-122.288655,37.864272],[-122.288639,37.864197],[-122.288782,37.864178],[-122.288799,37.864262],[-122.288736,37.86427]]]},"properties":{"id":"w825084123","b":"yes","lv":null,"n":null}},
{"type":"Feature","geometry":{"type":"Polygon","coordinates":[[[-122.288853,37.864321],[-122.288861,37.864357],[-122.288696,37.864378],[-122.288682,37.864313],[-122.288887,37.864286],[-122.288894,37.864316],[-122.288853,37.864321]]]},"properties":{"id":"w825084124","b":"yes","lv":null,"n":null}},
{"type":"Feature","geometry":{"type":"Polygon","coordinates":[[[-122.288704,37.864489],[-122.28869,37.86442],[-122.288842,37.864401],[-122.288857,37.864469],[-122.288704,37.864489]]]},"properties":{"id":"w825084125","b":"yes","lv":null,"n":null}},
{"type":"Feature","geometry":{"type":"Polygon","coordinates":[[[-122.288718,37.864527],[-122.288711,37.864494],[-122.288823,37.86448],[-122.28883,37.864513],[-122.288718,37.864527]]]},"properties":{"id":"w825084126","b":"yes","lv":null,"n":null}},
{"type":"Feature","geometry":{"type":"Polygon","coordinates":[[[-122.28879,37.864015],[-122.288777,37.863954],[-122.288856,37.863944],[-122.288869,37.864005],[-122.28879,37.864015]]]},"properties":{"id":"w825084127","b":"yes","lv":null,"n":null}},
{"type":"Feature","geometry":{"type":"Polygon","coordinates":[[[-122.288663,37.864054],[-122.288662,37.864049],[-122.288614,37.864056],[-122.288602,37.863994],[-122.288616,37.863992],[-122.288613,37.863977],[-122.288756,37.863959],[-122.288764,37.863996],[-122.28878,37.863994],[-122.288789,37.864038],[-122.288663,37.864054]]]},"properties":{"id":"w825084128","b":"yes","lv":null,"n":null}},
{"type":"Feature","geometry":{"type":"Polygon","coordinates":[[[-122.288713,37.864163],[-122.288711,37.864151],[-122.288633,37.864161],[-122.288618,37.86409],[-122.28876,37.864071],[-122.288777,37.864154],[-122.288713,37.864163]]]},"properties":{"id":"w825084129","b":"yes","lv":null,"n":null}},
{"type":"Feature","geometry":{"type":"Polygon","coordinates":[[[-122.28939,37.864054],[-122.289386,37.864037],[-122.289322,37.864046],[-122.289316,37.864014],[-122.289309,37.864015],[-122.289296,37.863948],[-122.289303,37.863947],[-122.289297,37.863916],[-122.289335,37.863911],[-122.28933,37.86389],[-122.289396,37.863882],[-122.28943,37.864048],[-122.28939,37.864054]]]},"properties":{"id":"w825084131","b":"yes","lv":null,"n":null}},
{"type":"Feature","geometry":{"type":"Polygon","coordinates":[[[-122.28928,37.864058],[-122.289239,37.864063],[-122.289243,37.864083],[-122.289198,37.864089],[-122.289165,37.863926],[-122.28924,37.863917],[-122.289246,37.863948],[-122.289257,37.863947],[-122.28928,37.864058]]]},"properties":{"id":"w825084132","b":"yes","lv":null,"n":null}},
{"type":"Feature","geometry":{"type":"Polygon","coordinates":[[[-122.289089,37.864098],[-122.289057,37.863939],[-122.289152,37.863927],[-122.289184,37.864086],[-122.289089,37.864098]]]},"properties":{"id":"w825084133","b":"yes","lv":null,"n":null}},
{"type":"Feature","geometry":{"type":"Polygon","coordinates":[[[-122.288986,37.864049],[-122.288988,37.864061],[-122.288933,37.864068],[-122.288909,37.863954],[-122.289002,37.863941],[-122.289024,37.864044],[-122.288986,37.864049]]]},"properties":{"id":"w825084134","b":"yes","lv":null,"n":null}},
{"type":"Feature","geometry":{"type":"Polygon","coordinates":[[[-122.28963,37.864006],[-122.289626,37.863986],[-122.289583,37.863991],[-122.289557,37.863863],[-122.289666,37.863849],[-122.289697,37.863997],[-122.28963,37.864006]]]},"properties":{"id":"w825084135","b":"yes","lv":null,"n":null}},
{"type":"Feature","geometry":{"type":"Polygon","coordinates":[[[-122.290083,37.863848],[-122.290098,37.863925],[-122.290034,37.863933],[-122.290024,37.863877],[-122.290051,37.863873],[-122.290042,37.863825],[-122.290052,37.863824],[-122.290041,37.863769],[-122.290252,37.863744],[-122.290268,37.863826],[-122.290083,37.863848]]]},"properties":{"id":"w825084140","b":"yes","lv":null,"n":null}},
{"type":"Feature","geometry":{"type":"Polygon","coordinates":[[[-122.289954,37.863935],[-122.289948,37.863906],[-122.289938,37.863907],[-122.289935,37.863892],[-122.289902,37.863896],[-122.289905,37.863913],[-122.289892,37.863914],[-122.289898,37.863941],[-122.289846,37.863947],[-122.289824,37.86384],[-122.289846,37.863837],[-122.289842,37.863819],[-122.289864,37.863816],[-122.289866,37.863825],[-122.289936,37.863816],[-122.289935,37.863807],[-122.28996,37.863804],[-122.289963,37.86382],[-122.289982,37.863817],[-122.290005,37.863929],[-122.289954,37.863935]]]},"properties":{"id":"w825084141","b":"yes","lv":null,"n":null}},
{"type":"Feature","geometry":{"type":"Polygon","coordinates":[[[-122.289757,37.863976],[-122.289754,37.863962],[-122.289723,37.863966],[-122.289699,37.863851],[-122.289745,37.863845],[-122.289743,37.863835],[-122.289767,37.863831],[-122.289769,37.863842],[-122.289796,37.863839],[-122.289823,37.863968],[-122.289757,37.863976]]]},"properties":{"id":"w825084142","b":"yes","lv":null,"n":null}},
{"type":"Feature","geometry":{"type":"Polygon","coordinates":[[[-122.29025,37.864334],[-122.290236,37.864292],[-122.290345,37.86427],[-122.290358,37.864313],[-122.29025,37.864334]]]},"properties":{"id":"w825084144","b":"yes","lv":null,"n":null}},
{"type":"Feature","geometry":{"type":"Polygon","coordinates":[[[-122.289994,37.864302],[-122.290008,37.864344],[-122.289925,37.864361],[-122.289918,37.864338],[-122.2899,37.864342],[-122.289838,37.86415],[-122.289818,37.864154],[-122.289814,37.864141],[-122.289834,37.864137],[-122.289827,37.864115],[-122.290336,37.864013],[-122.290403,37.86422],[-122.289994,37.864302]]]},"properties":{"id":"w825084145","b":"yes","lv":null,"n":null}},
{"type":"Feature","geometry":{"type":"Polygon","coordinates":[[[-122.290182,37.864039],[-122.290165,37.863986],[-122.290185,37.863982],[-122.290176,37.863954],[-122.290304,37.863928],[-122.29033,37.864009],[-122.290182,37.864039]]]},"properties":{"id":"w825084147","b":"yes","lv":null,"n":null}},
{"type":"Feature","geometry":{"type":"Polygon","coordinates":[[[-122.290296,37.8646],[-122.290278,37.864513],[-122.290314,37.864508],[-122.290312,37.864499],[-122.290484,37.864477],[-122.290504,37.864573],[-122.290296,37.8646]]]},"properties":{"id":"w825084148","b":"yes","lv":null,"n":null}},
{"type":"Feature","geometry":{"type":"Polygon","coordinates":[[[-122.290081,37.864545],[-122.290094,37.864607],[-122.290034,37.864615],[-122.290031,37.864602],[-122.290003,37.864606],[-122.289985,37.864516],[-122.290067,37.864506],[-122.290065,37.864498],[-122.290088,37.864495],[-122.290097,37.864543],[-122.290081,37.864545]]]},"properties":{"id":"w825084149","b":"yes","lv":null,"n":null}},
{"type":"Feature","geometry":{"type":"Polygon","coordinates":[[[-122.289964,37.864603],[-122.28997,37.864633],[-122.28992,37.864639],[-122.289888,37.864478],[-122.289936,37.864472],[-122.289952,37.864552],[-122.289969,37.86455],[-122.289979,37.864601],[-122.289964,37.864603]]]},"properties":{"id":"w825084150","b":"yes","lv":null,"n":null}},
{"type":"Feature","geometry":{"type":"Polygon","coordinates":[[[-122.290389,37.866351],[-122.290377,37.866295],[-122.290412,37.86629],[-122.290424,37.866347],[-122.290389,37.866351]]]},"properties":{"id":"w825084152","b":"yes","lv":null,"n":null}},
{"type":"Feature","geometry":{"type":"Polygon","coordinates":[[[-122.290532,37.866281],[-122.290543,37.86632],[-122.290508,37.866326],[-122.290511,37.866337],[-122.290442,37.866349],[-122.290416,37.866255],[-122.29043,37.866253],[-122.290412,37.866187],[-122.290514,37.866169],[-122.290545,37.866279],[-122.290532,37.866281]]]},"properties":{"id":"w825084153","b":"yes","lv":null,"n":null}},
{"type":"Feature","geometry":{"type":"Polygon","coordinates":[[[-122.288544,37.863414],[-122.288535,37.863363],[-122.288567,37.863359],[-122.288577,37.86341],[-122.288544,37.863414]]]},"properties":{"id":"w825084154","b":"yes","lv":null,"n":null}},
{"type":"Feature","geometry":{"type":"Polygon","coordinates":[[[-122.290754,37.86574],[-122.29074,37.865693],[-122.29087,37.865669],[-122.290884,37.865716],[-122.290754,37.86574]]]},"properties":{"id":"w825084155","b":"yes","lv":"1","n":"Berkeley Bait and Tackle"}},
{"type":"Feature","geometry":{"type":"Polygon","coordinates":[[[-122.290874,37.866017],[-122.290871,37.866009],[-122.290507,37.866082],[-122.290488,37.866023],[-122.29081,37.865959],[-122.290804,37.86594],[-122.290747,37.865951],[-122.290726,37.865887],[-122.290928,37.865847],[-122.290976,37.865997],[-122.290874,37.866017]]]},"properties":{"id":"w825084158","b":"yes","lv":null,"n":null}},
{"type":"Feature","geometry":{"type":"Polygon","coordinates":[[[-122.28996,37.864984],[-122.289936,37.86487],[-122.289949,37.864869],[-122.289943,37.864836],[-122.289987,37.86483],[-122.289991,37.864846],[-122.290043,37.86484],[-122.29006,37.864922],[-122.290074,37.864921],[-122.290084,37.864968],[-122.28996,37.864984]]]},"properties":{"id":"w825084159","b":"yes","lv":null,"n":null}},
{"type":"Feature","geometry":{"type":"Polygon","coordinates":[[[-122.290563,37.866165],[-122.29054,37.866095],[-122.290977,37.866007],[-122.290999,37.866077],[-122.290563,37.866165]]]},"properties":{"id":"w825084161","b":"yes","lv":null,"n":null}},
{"type":"Feature","geometry":{"type":"Polygon","coordinates":[[[-122.290054,37.865176],[-122.290054,37.86518],[-122.2899,37.8652],[-122.289884,37.865124],[-122.29004,37.865104],[-122.290048,37.865141],[-122.290065,37.865139],[-122.290072,37.865173],[-122.290054,37.865176]]]},"properties":{"id":"w825084162","b":"yes","lv":null,"n":null}},
{"type":"Feature","geometry":{"type":"Polygon","coordinates":[[[-122.289849,37.865054],[-122.289808,37.864859],[-122.289914,37.864845],[-122.289955,37.86504],[-122.289849,37.865054]]]},"properties":{"id":"w825084165","b":"yes","lv":null,"n":null}},
{"type":"Feature","geometry":{"type":"Polygon","coordinates":[[[-122.289991,37.865527],[-122.289983,37.865489],[-122.289976,37.86549],[-122.28997,37.865464],[-122.289979,37.865463],[-122.289971,37.865429],[-122.290153,37.865405],[-122.290174,37.865502],[-122.289991,37.865527]]]},"properties":{"id":"w825084166","b":"yes","lv":null,"n":null}},
{"type":"Feature","geometry":{"type":"Polygon","coordinates":[[[-122.289961,37.865418],[-122.289956,37.865395],[-122.289937,37.865398],[-122.289928,37.865358],[-122.289947,37.865355],[-122.289943,37.865332],[-122.290067,37.865316],[-122.290076,37.865362],[-122.290093,37.86536],[-122.290102,37.8654],[-122.289961,37.865418]]]},"properties":{"id":"w825084167","b":"yes","lv":null,"n":null}},
{"type":"Feature","geometry":{"type":"Polygon","coordinates":[[[-122.289939,37.865316],[-122.289934,37.865291],[-122.289915,37.865294],[-122.289907,37.865254],[-122.289926,37.865251],[-122.289922,37.865229],[-122.290047,37.865213],[-122.290058,37.865262],[-122.290072,37.86526],[-122.29008,37.865298],[-122.289939,37.865316]]]},"properties":{"id":"w825084168","b":"yes","lv":null,"n":null}},
{"type":"Feature","geometry":{"type":"Polygon","coordinates":[[[-122.290014,37.865753],[-122.289998,37.86568],[-122.290136,37.865662],[-122.290151,37.865735],[-122.290014,37.865753]]]},"properties":{"id":"w825084172","b":"yes","lv":null,"n":null}},
{"type":"Feature","geometry":{"type":"Polygon","coordinates":[[[-122.290018,37.86563],[-122.290013,37.86561],[-122.290001,37.865611],[-122.289989,37.865552],[-122.29013,37.865534],[-122.290146,37.865613],[-122.290018,37.86563]]]},"properties":{"id":"w825084173","b":"yes","lv":null,"n":null}},
{"type":"Feature","geometry":{"type":"Polygon","coordinates":[[[-122.290255,37.866121],[-122.290256,37.866129],[-122.290261,37.866129],[-122.290265,37.866151],[-122.29012,37.86617],[-122.290117,37.866154],[-122.290102,37.866156],[-122.290093,37.866111],[-122.290107,37.866109],[-122.290106,37.866103],[-122.290242,37.866085],[-122.290242,37.866087],[-122.290261,37.866084],[-122.290264,37.866099],[-122.290273,37.866098],[-122.290277,37.866118],[-122.290255,37.866121]]]},"properties":{"id":"w825084174","b":"yes","lv":null,"n":null}},
{"type":"Feature","geometry":{"type":"Polygon","coordinates":[[[-122.29029,37.865995],[-122.290292,37.866003],[-122.29028,37.866005],[-122.290281,37.866008],[-122.290263,37.866011],[-122.290269,37.86604],[-122.290226,37.866045],[-122.290227,37.866052],[-122.290083,37.86607],[-122.290068,37.865999],[-122.290213,37.86598],[-122.290214,37.865984],[-122.290292,37.865974],[-122.290296,37.865994],[-122.29029,37.865995]]]},"properties":{"id":"w825084175","b":"yes","lv":null,"n":null}},
{"type":"Feature","geometry":{"type":"Polygon","coordinates":[[[-122.290202,37.865961],[-122.290203,37.865965],[-122.290065,37.865983],[-122.290049,37.865906],[-122.290188,37.865888],[-122.290198,37.865937],[-122.290239,37.865932],[-122.290244,37.865956],[-122.290202,37.865961]]]},"properties":{"id":"w825084176","b":"yes","lv":null,"n":null}},
{"type":"Feature","geometry":{"type":"Polygon","coordinates":[[[-122.290025,37.865877],[-122.290017,37.865835],[-122.290034,37.865833],[-122.290027,37.865802],[-122.290116,37.865791],[-122.290119,37.865803],[-122.290148,37.865799],[-122.29016,37.86586],[-122.290025,37.865877]]]},"properties":{"id":"w825084177","b":"yes","lv":null,"n":null}},
{"type":"Feature","geometry":{"type":"Polygon","coordinates":[[[-122.289706,37.866476],[-122.289708,37.866488],[-122.289661,37.866494],[-122.289633,37.86636],[-122.289651,37.866357],[-122.289648,37.866343],[-122.289675,37.866339],[-122.289666,37.866294],[-122.289713,37.866288],[-122.289725,37.866348],[-122.289734,37.866347],[-122.289759,37.866469],[-122.289706,37.866476]]]},"properties":{"id":"w825084178","b":"yes","lv":null,"n":null}},
{"type":"Feature","geometry":{"type":"Polygon","coordinates":[[[-122.289438,37.866513],[-122.28944,37.866523],[-122.289392,37.866529],[-122.289364,37.866395],[-122.28946,37.866383],[-122.289485,37.866506],[-122.289438,37.866513]]]},"properties":{"id":"w825084179","b":"yes","lv":null,"n":null}},
{"type":"Feature","geometry":{"type":"Polygon","coordinates":[[[-122.290313,37.866383],[-122.290319,37.866413],[-122.290155,37.866434],[-122.290139,37.866354],[-122.290298,37.866333],[-122.290308,37.866383],[-122.290313,37.866383]]]},"properties":{"id":"w825084180","b":"yes","lv":null,"n":null}},
{"type":"Feature","geometry":{"type":"Polygon","coordinates":[[[-122.290146,37.866294],[-122.290143,37.866278],[-122.290129,37.86628],[-122.290118,37.866227],[-122.290149,37.866223],[-122.290149,37.86622],[-122.290162,37.866218],[-122.290163,37.866222],[-122.290198,37.866217],[-122.290197,37.866213],[-122.29021,37.866212],[-122.29021,37.866216],[-122.290278,37.866207],[-122.290281,37.866221],[-122.290297,37.866219],[-122.290304,37.866251],[-122.290285,37.866254],[-122.29029,37.866275],[-122.290146,37.866294]]]},"properties":{"id":"w825084181","b":"yes","lv":null,"n":null}},
{"type":"Feature","geometry":{"type":"Polygon","coordinates":[[[-122.289776,37.866319],[-122.289759,37.866239],[-122.289847,37.866228],[-122.289863,37.866308],[-122.289776,37.866319]]]},"properties":{"id":"w825084182","b":"yes","lv":null,"n":null}},
{"type":"Feature","geometry":{"type":"Polygon","coordinates":[[[-122.289812,37.866353],[-122.289806,37.866326],[-122.289863,37.866318],[-122.289869,37.866345],[-122.289812,37.866353]]]},"properties":{"id":"w825084183","b":"yes","lv":null,"n":null}},
{"type":"Feature","geometry":{"type":"Polygon","coordinates":[[[-122.289873,37.866434],[-122.28988,37.866467],[-122.28978,37.86648],[-122.289758,37.866372],[-122.289858,37.866359],[-122.289868,37.866406],[-122.289884,37.866404],[-122.28989,37.866432],[-122.289873,37.866434]]]},"properties":{"id":"w825084184","b":"yes","lv":null,"n":null}},
{"type":"Feature","geometry":{"type":"Polygon","coordinates":[[[-122.289584,37.866492],[-122.289586,37.866505],[-122.289528,37.866512],[-122.289501,37.866379],[-122.289596,37.866366],[-122.289621,37.866488],[-122.289584,37.866492]]]},"properties":{"id":"w825084185","b":"yes","lv":null,"n":null}},
{"type":"Feature","geometry":{"type":"Polygon","coordinates":[[[-122.289693,37.865968],[-122.289701,37.866005],[-122.289466,37.866035],[-122.289447,37.865944],[-122.28967,37.865915],[-122.289681,37.865969],[-122.289693,37.865968]]]},"properties":{"id":"w825084186","b":"yes","lv":null,"n":null}},
{"type":"Feature","geometry":{"type":"Polygon","coordinates":[[[-122.289725,37.866232],[-122.289705,37.866134],[-122.289827,37.866119],[-122.289847,37.866216],[-122.289725,37.866232]]]},"properties":{"id":"w825084187","b":"yes","lv":null,"n":null}},
{"type":"Feature","geometry":{"type":"Polygon","coordinates":[[[-122.289568,37.866121],[-122.289555,37.866053],[-122.289747,37.866029],[-122.289754,37.866062],[-122.289764,37.866061],[-122.289771,37.866096],[-122.289568,37.866121]]]},"properties":{"id":"w825084188","b":"yes","lv":null,"n":null}},
{"type":"Feature","geometry":{"type":"Polygon","coordinates":[[[-122.289508,37.865581],[-122.289493,37.865507],[-122.289636,37.865489],[-122.289651,37.865563],[-122.289508,37.865581]]]},"properties":{"id":"w825084190","b":"yes","lv":null,"n":null}},
{"type":"Feature","geometry":{"type":"Polygon","coordinates":[[[-122.28951,37.865685],[-122.289496,37.865618],[-122.28965,37.865598],[-122.289657,37.865629],[-122.289677,37.865626],[-122.289685,37.865663],[-122.28951,37.865685]]]},"properties":{"id":"w825084191","b":"yes","lv":null,"n":null}},
{"type":"Feature","geometry":{"type":"Polygon","coordinates":[[[-122.289452,37.865815],[-122.289435,37.865735],[-122.289679,37.865704],[-122.289696,37.865783],[-122.289452,37.865815]]]},"properties":{"id":"w825084192","b":"yes","lv":null,"n":null}},
{"type":"Feature","geometry":{"type":"Polygon","coordinates":[[[-122.289723,37.865846],[-122.289729,37.865878],[-122.289682,37.865884],[-122.289684,37.865894],[-122.289639,37.8659],[-122.289637,37.865889],[-122.289543,37.865901],[-122.28953,37.865837],[-122.2897,37.865816],[-122.289707,37.865848],[-122.289723,37.865846]]]},"properties":{"id":"w825084193","b":"yes","lv":null,"n":null}},
{"type":"Feature","geometry":{"type":"Polygon","coordinates":[[[-122.289555,37.865137],[-122.289547,37.8651],[-122.289615,37.865091],[-122.289622,37.865128],[-122.289555,37.865137]]]},"properties":{"id":"w825084194","b":"yes","lv":null,"n":null}},
{"type":"Feature","geometry":{"type":"Polygon","coordinates":[[[-122.289604,37.865238],[-122.289416,37.865262],[-122.289407,37.865221],[-122.28944,37.865217],[-122.289434,37.865186],[-122.289589,37.865166],[-122.289604,37.865238]]]},"properties":{"id":"w825084195","b":"yes","lv":null,"n":null}},
{"type":"Feature","geometry":{"type":"Polygon","coordinates":[[[-122.289617,37.865323],[-122.289623,37.865353],[-122.28944,37.865376],[-122.289434,37.865345],[-122.289426,37.865346],[-122.289423,37.865331],[-122.28943,37.86533],[-122.289423,37.8653],[-122.289614,37.865276],[-122.289624,37.865322],[-122.289617,37.865323]]]},"properties":{"id":"w825084196","b":"yes","lv":null,"n":null}},
{"type":"Feature","geometry":{"type":"Polygon","coordinates":[[[-122.289473,37.86547],[-122.289472,37.865464],[-122.28946,37.865465],[-122.289447,37.865403],[-122.28946,37.865401],[-122.289459,37.865396],[-122.289615,37.865376],[-122.289622,37.865408],[-122.289635,37.865406],[-122.289644,37.865449],[-122.289473,37.86547]]]},"properties":{"id":"w825084197","b":"yes","lv":null,"n":null}},
{"type":"Feature","geometry":{"type":"Polygon","coordinates":[[[-122.28915,37.865088],[-122.28913,37.864996],[-122.28914,37.864995],[-122.289137,37.864981],[-122.289189,37.864975],[-122.289192,37.86499],[-122.289263,37.864981],[-122.289273,37.865027],[-122.289258,37.865029],[-122.289267,37.865073],[-122.28915,37.865088]]]},"properties":{"id":"w825084198","b":"yes","lv":null,"n":null}},
{"type":"Feature","geometry":{"type":"Polygon","coordinates":[[[-122.289321,37.865077],[-122.289296,37.864956],[-122.289305,37.864955],[-122.289303,37.864946],[-122.289355,37.86494],[-122.289357,37.864948],[-122.289407,37.864942],[-122.289423,37.865019],[-122.289434,37.865018],[-122.289443,37.865061],[-122.289321,37.865077]]]},"properties":{"id":"w825084200","b":"yes","lv":null,"n":null}},
{"type":"Feature","geometry":{"type":"Polygon","coordinates":[[[-122.289468,37.865046],[-122.289445,37.864936],[-122.289525,37.864926],[-122.289529,37.864944],[-122.289582,37.864937],[-122.289591,37.864983],[-122.289577,37.864985],[-122.289586,37.865031],[-122.289468,37.865046]]]},"properties":{"id":"w825084201","b":"yes","lv":null,"n":null}},
{"type":"Feature","geometry":{"type":"Polygon","coordinates":[[[-122.288998,37.865291],[-122.289004,37.865321],[-122.288899,37.865334],[-122.288893,37.865307],[-122.288846,37.865313],[-122.288836,37.865263],[-122.289017,37.865239],[-122.289027,37.865288],[-122.288998,37.865291]]]},"properties":{"id":"w825084202","b":"yes","lv":null,"n":null}},
{"type":"Feature","geometry":{"type":"Polygon","coordinates":[[[-122.288816,37.865135],[-122.288789,37.865006],[-122.288787,37.864997],[-122.288894,37.864983],[-122.288923,37.865121],[-122.288816,37.865135]]]},"properties":{"id":"w825084203","b":"house","lv":null,"n":null}},
{"type":"Feature","geometry":{"type":"Polygon","coordinates":[[[-122.289043,37.865091],[-122.289045,37.865101],[-122.289001,37.865107],[-122.289002,37.865113],[-122.288969,37.865117],[-122.288967,37.865106],[-122.28895,37.865109],[-122.288926,37.864994],[-122.289018,37.864982],[-122.289023,37.865005],[-122.289035,37.865003],[-122.289053,37.86509],[-122.289043,37.865091]]]},"properties":{"id":"w825084204","b":"yes","lv":null,"n":null}},
{"type":"Feature","geometry":{"type":"Polygon","coordinates":[[[-122.288977,37.865856],[-122.288964,37.865794],[-122.289126,37.865773],[-122.289139,37.865835],[-122.288977,37.865856]]]},"properties":{"id":"w825084206","b":"yes","lv":null,"n":null}},
{"type":"Feature","geometry":{"type":"Polygon","coordinates":[[[-122.28897,37.865783],[-122.288958,37.865723],[-122.289108,37.865704],[-122.28912,37.865764],[-122.28897,37.865783]]]},"properties":{"id":"w825084207","b":"yes","lv":null,"n":null}},
{"type":"Feature","geometry":{"type":"Polygon","coordinates":[[[-122.288925,37.865582],[-122.288916,37.865539],[-122.288896,37.865541],[-122.288889,37.865504],[-122.289084,37.865479],[-122.289101,37.86556],[-122.288925,37.865582]]]},"properties":{"id":"w825084208","b":"yes","lv":null,"n":null}},
{"type":"Feature","geometry":{"type":"Polygon","coordinates":[[[-122.288885,37.865449],[-122.288869,37.865371],[-122.28903,37.865351],[-122.289035,37.865373],[-122.289086,37.865366],[-122.289097,37.865422],[-122.288885,37.865449]]]},"properties":{"id":"w825084209","b":"yes","lv":null,"n":null}},
{"type":"Feature","geometry":{"type":"Polygon","coordinates":[[[-122.289214,37.866288],[-122.289215,37.866293],[-122.289149,37.866302],[-122.289148,37.866296],[-122.28909,37.866304],[-122.289079,37.866251],[-122.28907,37.866253],[-122.289064,37.866223],[-122.289267,37.866197],[-122.289284,37.866279],[-122.289214,37.866288]]]},"properties":{"id":"w825084210","b":"yes","lv":null,"n":null}},
{"type":"Feature","geometry":{"type":"Polygon","coordinates":[[[-122.289112,37.866132],[-122.289102,37.86608],[-122.289254,37.86606],[-122.289265,37.866112],[-122.289112,37.866132]]]},"properties":{"id":"w825084211","b":"yes","lv":null,"n":null}},
{"type":"Feature","geometry":{"type":"Polygon","coordinates":[[[-122.289159,37.86603],[-122.289163,37.866052],[-122.289036,37.866068],[-122.289027,37.866025],[-122.289015,37.866026],[-122.289008,37.865994],[-122.289175,37.865972],[-122.289186,37.866027],[-122.289159,37.86603]]]},"properties":{"id":"w825084212","b":"yes","lv":null,"n":null}},
{"type":"Feature","geometry":{"type":"Polygon","coordinates":[[[-122.289169,37.865941],[-122.289172,37.865955],[-122.289119,37.865962],[-122.289116,37.865947],[-122.289101,37.865949],[-122.289104,37.865967],[-122.289003,37.86598],[-122.288986,37.865894],[-122.289154,37.865872],[-122.289166,37.865931],[-122.289189,37.865928],[-122.289192,37.865938],[-122.289169,37.865941]]]},"properties":{"id":"w825084213","b":"yes","lv":null,"n":null}},
{"type":"Feature","geometry":{"type":"Polygon","coordinates":[[[-122.28933,37.866541],[-122.289101,37.86657],[-122.289082,37.866473],[-122.289175,37.866461],[-122.28918,37.866485],[-122.28922,37.86648],[-122.289215,37.866457],[-122.28931,37.866445],[-122.28933,37.866541]]]},"properties":{"id":"w825084214","b":"yes","lv":null,"n":null}},
{"type":"Feature","geometry":{"type":"Polygon","coordinates":[[[-122.289092,37.866402],[-122.289078,37.866335],[-122.289237,37.866314],[-122.289251,37.866381],[-122.289092,37.866402]]]},"properties":{"id":"w825084215","b":"yes","lv":null,"n":null}},
{"type":"Feature","geometry":{"type":"Polygon","coordinates":[[[-122.288949,37.865687],[-122.288933,37.865608],[-122.289087,37.865588],[-122.28909,37.865603],[-122.289174,37.865593],[-122.289187,37.865657],[-122.288949,37.865687]]]},"properties":{"id":"w825084219","b":"yes","lv":null,"n":null}},
{"type":"Feature","geometry":{"type":"Polygon","coordinates":[[[-122.288951,37.86522],[-122.288936,37.865146],[-122.288987,37.86514],[-122.289002,37.865213],[-122.288951,37.86522]]]},"properties":{"id":"w825084222","b":"yes","lv":null,"n":null}},
{"type":"Feature","geometry":{"type":"Polygon","coordinates":[[[-122.290612,37.867281],[-122.290613,37.867287],[-122.290579,37.867291],[-122.290551,37.867157],[-122.290599,37.867151],[-122.290595,37.867135],[-122.290655,37.867127],[-122.290686,37.867271],[-122.290612,37.867281]]]},"properties":{"id":"w825084224","b":"yes","lv":null,"n":null}},
{"type":"Feature","geometry":{"type":"Polygon","coordinates":[[[-122.290973,37.867235],[-122.290953,37.867238],[-122.290952,37.867234],[-122.290879,37.867243],[-122.290854,37.86712],[-122.290949,37.867108],[-122.290955,37.867143],[-122.290968,37.867142],[-122.290972,37.867161],[-122.290959,37.867162],[-122.290973,37.867235]]]},"properties":{"id":"w825084227","b":"yes","lv":null,"n":null}},
{"type":"Feature","geometry":{"type":"Polygon","coordinates":[[[-122.290309,37.868729],[-122.290251,37.868457],[-122.290341,37.868445],[-122.290399,37.868717],[-122.290309,37.868729]]]},"properties":{"id":"w825084229","b":"yes","lv":null,"n":null}},
{"type":"Feature","geometry":{"type":"Polygon","coordinates":[[[-122.289106,37.86373],[-122.289043,37.863738],[-122.28904,37.863722],[-122.288995,37.863727],[-122.288972,37.863605],[-122.289034,37.863597],[-122.289032,37.863588],[-122.289078,37.863583],[-122.289106,37.86373]]]},"properties":{"id":"w825084231","b":"yes","lv":null,"n":null}},
{"type":"Feature","geometry":{"type":"Polygon","coordinates":[[[-122.285685,37.866725],[-122.285673,37.866663],[-122.285728,37.866656],[-122.285694,37.86649],[-122.285773,37.866481],[-122.285786,37.866548],[-122.285828,37.866543],[-122.28586,37.866703],[-122.285685,37.866725]]]},"properties":{"id":"w825084233","b":"yes","lv":null,"n":null}},
{"type":"Feature","geometry":{"type":"Polygon","coordinates":[[[-122.286016,37.866693],[-122.285875,37.866712],[-122.285819,37.866437],[-122.28596,37.866419],[-122.286016,37.866693]]]},"properties":{"id":"w825084234","b":"yes","lv":null,"n":null}},
{"type":"Feature","geometry":{"type":"Polygon","coordinates":[[[-122.289787,37.868777],[-122.289784,37.86876],[-122.289738,37.868765],[-122.289727,37.868712],[-122.289718,37.868713],[-122.289689,37.868573],[-122.289759,37.868564],[-122.289763,37.868583],[-122.289794,37.868579],[-122.28982,37.868711],[-122.289838,37.868708],[-122.289844,37.868737],[-122.28985,37.868736],[-122.289856,37.868768],[-122.289787,37.868777]]]},"properties":{"id":"w825084235","b":"yes","lv":null,"n":null}},
{"type":"Feature","geometry":{"type":"Polygon","coordinates":[[[-122.285225,37.865615],[-122.285206,37.865533],[-122.285342,37.865513],[-122.285361,37.865596],[-122.285225,37.865615]]]},"properties":{"id":"w825084237","b":"yes","lv":null,"n":null}},
{"type":"Feature","geometry":{"type":"Polygon","coordinates":[[[-122.289852,37.868713],[-122.289819,37.868552],[-122.289927,37.868539],[-122.28996,37.868699],[-122.289852,37.868713]]]},"properties":{"id":"w825084238","b":"yes","lv":null,"n":null}},
{"type":"Feature","geometry":{"type":"Polygon","coordinates":[[[-122.289988,37.868638],[-122.289969,37.868538],[-122.290008,37.868533],[-122.290006,37.868523],[-122.290028,37.868521],[-122.29003,37.86853],[-122.290069,37.868526],[-122.290082,37.86859],[-122.290093,37.868589],[-122.2901,37.868624],[-122.289988,37.868638]]]},"properties":{"id":"w825084239","b":"yes","lv":null,"n":null}},
{"type":"Feature","geometry":{"type":"Polygon","coordinates":[[[-122.286421,37.866218],[-122.286411,37.866171],[-122.286486,37.866161],[-122.286464,37.866056],[-122.286434,37.86606],[-122.286424,37.866012],[-122.286621,37.865986],[-122.286663,37.866186],[-122.286421,37.866218]]]},"properties":{"id":"w825084240","b":"yes","lv":null,"n":null}},
{"type":"Feature","geometry":{"type":"Polygon","coordinates":[[[-122.290155,37.868747],[-122.290101,37.868476],[-122.290189,37.868465],[-122.290244,37.868736],[-122.290155,37.868747]]]},"properties":{"id":"w825084241","b":"yes","lv":null,"n":null}},
{"type":"Feature","geometry":{"type":"Polygon","coordinates":[[[-122.290412,37.868606],[-122.290387,37.868481],[-122.290503,37.868467],[-122.290528,37.868592],[-122.290412,37.868606]]]},"properties":{"id":"w825084243","b":"yes","lv":null,"n":null}},
{"type":"Feature","geometry":{"type":"Polygon","coordinates":[[[-122.29063,37.868612],[-122.290632,37.868626],[-122.290558,37.868635],[-122.290524,37.868461],[-122.29065,37.868446],[-122.290668,37.868542],[-122.290675,37.868541],[-122.290687,37.868605],[-122.29063,37.868612]]]},"properties":{"id":"w825084245","b":"yes","lv":null,"n":null}},
{"type":"Feature","geometry":{"type":"Polygon","coordinates":[[[-122.28877,37.867187],[-122.288754,37.867105],[-122.288914,37.867086],[-122.288921,37.867122],[-122.288927,37.867121],[-122.288936,37.867168],[-122.28877,37.867187]]]},"properties":{"id":"w825084247","b":"yes","lv":null,"n":null}},
{"type":"Feature","geometry":{"type":"Polygon","coordinates":[[[-122.289588,37.868892],[-122.289516,37.86855],[-122.289619,37.868537],[-122.289692,37.868878],[-122.289588,37.868892]]]},"properties":{"id":"w825084249","b":"yes","lv":null,"n":null}},
{"type":"Feature","geometry":{"type":"Polygon","coordinates":[[[-122.286416,37.865968],[-122.286405,37.865919],[-122.286436,37.865915],[-122.286414,37.865813],[-122.286341,37.865822],[-122.28633,37.865774],[-122.28657,37.865742],[-122.286613,37.865942],[-122.286416,37.865968]]]},"properties":{"id":"w825084252","b":"yes","lv":null,"n":null}},
{"type":"Feature","geometry":{"type":"Polygon","coordinates":[[[-122.286323,37.865757],[-122.286313,37.865709],[-122.286389,37.865699],[-122.286367,37.865594],[-122.286339,37.865598],[-122.286328,37.865548],[-122.286527,37.865523],[-122.286569,37.865725],[-122.286323,37.865757]]]},"properties":{"id":"w825084253","b":"yes","lv":null,"n":null}},
{"type":"Feature","geometry":{"type":"Polygon","coordinates":[[[-122.290826,37.868477],[-122.290808,37.868389],[-122.290857,37.868383],[-122.290874,37.86847],[-122.290826,37.868477]]]},"properties":{"id":"w825084255","b":"house","lv":null,"n":null}},
{"type":"Feature","geometry":{"type":"Polygon","coordinates":[[[-122.290702,37.868533],[-122.290677,37.868408],[-122.290787,37.868394],[-122.290812,37.86852],[-122.290702,37.868533]]]},"properties":{"id":"w825084256","b":"yes","lv":null,"n":null}},
{"type":"Feature","geometry":{"type":"Polygon","coordinates":[[[-122.28632,37.865509],[-122.286309,37.865459],[-122.286337,37.865455],[-122.286315,37.865352],[-122.28624,37.865362],[-122.28623,37.865312],[-122.286477,37.86528],[-122.28652,37.865483],[-122.28632,37.865509]]]},"properties":{"id":"w825084257","b":"yes","lv":null,"n":null}},
{"type":"Feature","geometry":{"type":"Polygon","coordinates":[[[-122.285536,37.865537],[-122.285507,37.86552],[-122.28549,37.865433],[-122.285783,37.865397],[-122.285804,37.865504],[-122.285536,37.865537]]]},"properties":{"id":"w825084259","b":"yes","lv":null,"n":null}},
{"type":"Feature","geometry":{"type":"Polygon","coordinates":[[[-122.286561,37.86691],[-122.286551,37.86686],[-122.286627,37.866852],[-122.286604,37.866743],[-122.286584,37.866746],[-122.286575,37.866703],[-122.286766,37.866678],[-122.286808,37.866878],[-122.286561,37.86691]]]},"properties":{"id":"w825084263","b":"yes","lv":null,"n":null}},
{"type":"Feature","geometry":{"type":"Polygon","coordinates":[[[-122.286686,37.866643],[-122.286685,37.866638],[-122.286564,37.866654],[-122.286556,37.866614],[-122.286577,37.866611],[-122.286553,37.866498],[-122.286484,37.866507],[-122.286476,37.866469],[-122.286645,37.866447],[-122.286644,37.866441],[-122.286716,37.866432],[-122.286758,37.866633],[-122.286686,37.866643]]]},"properties":{"id":"w825084265","b":"yes","lv":null,"n":null}},
{"type":"Feature","geometry":{"type":"Polygon","coordinates":[[[-122.286657,37.86641],[-122.286656,37.866404],[-122.286518,37.866423],[-122.286509,37.866385],[-122.286532,37.866382],[-122.286506,37.866268],[-122.286439,37.866278],[-122.28643,37.866238],[-122.286614,37.866213],[-122.286613,37.866208],[-122.286669,37.8662],[-122.286714,37.866402],[-122.286657,37.86641]]]},"properties":{"id":"w825084267","b":"yes","lv":null,"n":null}},
{"type":"Feature","geometry":{"type":"Polygon","coordinates":[[[-122.291087,37.868446],[-122.291069,37.868355],[-122.291121,37.868349],[-122.29114,37.868439],[-122.291087,37.868446]]]},"properties":{"id":"w825084270","b":"house","lv":null,"n":null}},
{"type":"Feature","geometry":{"type":"Polygon","coordinates":[[[-122.288308,37.867062],[-122.288275,37.866898],[-122.28833,37.866892],[-122.288331,37.866896],[-122.288381,37.86689],[-122.288392,37.866943],[-122.288388,37.866944],[-122.288409,37.86705],[-122.288308,37.867062]]]},"properties":{"id":"w825084272","b":"yes","lv":null,"n":null}},
{"type":"Feature","geometry":{"type":"Polygon","coordinates":[[[-122.288257,37.867377],[-122.28824,37.867291],[-122.288439,37.867268],[-122.288448,37.867315],[-122.288464,37.867313],[-122.288472,37.867352],[-122.288257,37.867377]]]},"properties":{"id":"w825084273","b":"yes","lv":null,"n":null}},
{"type":"Feature","geometry":{"type":"Polygon","coordinates":[[[-122.288739,37.867418],[-122.288726,37.867349],[-122.288804,37.86734],[-122.288803,37.867332],[-122.28896,37.867313],[-122.288983,37.867389],[-122.288739,37.867418]]]},"properties":{"id":"w825084276","b":"yes","lv":null,"n":null}},
{"type":"Feature","geometry":{"type":"Polygon","coordinates":[[[-122.288491,37.867523],[-122.288467,37.867526],[-122.288468,37.867532],[-122.288424,37.867537],[-122.288416,37.867495],[-122.288394,37.867498],[-122.288402,37.86754],[-122.288323,37.86755],[-122.288316,37.867513],[-122.288274,37.867518],[-122.288267,37.867483],[-122.288279,37.867481],[-122.288269,37.867431],[-122.288459,37.867407],[-122.288462,37.867423],[-122.288471,37.867422],[-122.288491,37.867523]]]},"properties":{"id":"w825084277","b":"yes","lv":null,"n":null}},
{"type":"Feature","geometry":{"type":"Polygon","coordinates":[[[-122.288554,37.867005],[-122.288525,37.866863],[-122.288577,37.866856],[-122.288579,37.866866],[-122.28863,37.86686],[-122.288657,37.866992],[-122.288554,37.867005]]]},"properties":{"id":"w825084279","b":"yes","lv":null,"n":null}},
{"type":"Feature","geometry":{"type":"Polygon","coordinates":[[[-122.288804,37.867293],[-122.2888,37.867276],[-122.288736,37.867284],[-122.288721,37.867206],[-122.288803,37.867197],[-122.288806,37.867211],[-122.288938,37.867196],[-122.288953,37.867275],[-122.288804,37.867293]]]},"properties":{"id":"w825084280","b":"yes","lv":null,"n":null}},
{"type":"Feature","geometry":{"type":"Polygon","coordinates":[[[-122.288943,37.866967],[-122.288877,37.866975],[-122.288875,37.866965],[-122.288835,37.86697],[-122.288826,37.866925],[-122.288832,37.866924],[-122.288828,37.866904],[-122.288821,37.866905],[-122.288804,37.866823],[-122.288912,37.86681],[-122.288923,37.866863],[-122.288902,37.866866],[-122.288906,37.866885],[-122.288926,37.866882],[-122.288943,37.866967]]]},"properties":{"id":"w825084281","b":"yes","lv":null,"n":null}},
{"type":"Feature","geometry":{"type":"Polygon","coordinates":[[[-122.288164,37.867051],[-122.28814,37.867054],[-122.288115,37.866925],[-122.288168,37.866918],[-122.288164,37.866896],[-122.288212,37.86689],[-122.288217,37.866916],[-122.288235,37.866914],[-122.288249,37.866983],[-122.288231,37.866986],[-122.288241,37.867037],[-122.288247,37.867036],[-122.288259,37.867095],[-122.288175,37.867105],[-122.288164,37.867051]]]},"properties":{"id":"w825084282","b":"yes","lv":null,"n":null}},
{"type":"Feature","geometry":{"type":"Polygon","coordinates":[[[-122.288457,37.86716],[-122.288472,37.867237],[-122.288404,37.867245],[-122.288405,37.867249],[-122.288229,37.867271],[-122.288222,37.86724],[-122.288231,37.867239],[-122.28822,37.867187],[-122.288452,37.867158],[-122.288446,37.867129],[-122.28851,37.867121],[-122.288517,37.867152],[-122.288457,37.86716]]]},"properties":{"id":"w825084284","b":"yes","lv":null,"n":null}},
{"type":"Feature","geometry":{"type":"Polygon","coordinates":[[[-122.28842,37.867017],[-122.288393,37.866886],[-122.288499,37.866873],[-122.288526,37.867003],[-122.28842,37.867017]]]},"properties":{"id":"w825084285","b":"yes","lv":null,"n":null}},
{"type":"Feature","geometry":{"type":"Polygon","coordinates":[[[-122.288706,37.867053],[-122.288685,37.86695],[-122.288697,37.866948],[-122.288689,37.866908],[-122.288794,37.866895],[-122.288823,37.867038],[-122.288706,37.867053]]]},"properties":{"id":"w825084286","b":"yes","lv":null,"n":null}},
{"type":"Feature","geometry":{"type":"Polygon","coordinates":[[[-122.289017,37.868057],[-122.289002,37.867993],[-122.289166,37.867969],[-122.289181,37.868033],[-122.289017,37.868057]]]},"properties":{"id":"w825084287","b":"yes","lv":null,"n":null}},
{"type":"Feature","geometry":{"type":"Polygon","coordinates":[[[-122.289897,37.866848],[-122.289904,37.866882],[-122.289866,37.866887],[-122.289859,37.866854],[-122.289851,37.866855],[-122.289812,37.86667],[-122.28995,37.866653],[-122.289988,37.866836],[-122.289897,37.866848]]]},"properties":{"id":"w825084290","b":"church","lv":null,"n":"Sacred Stream"}},
{"type":"Feature","geometry":{"type":"Polygon","coordinates":[[[-122.289666,37.86687],[-122.289672,37.866895],[-122.28959,37.866906],[-122.289555,37.866736],[-122.289612,37.866729],[-122.289614,37.866737],[-122.28966,37.866731],[-122.289688,37.866867],[-122.289666,37.86687]]]},"properties":{"id":"w825084291","b":"yes","lv":null,"n":null}},
{"type":"Feature","geometry":{"type":"Polygon","coordinates":[[[-122.289538,37.866811],[-122.289549,37.866864],[-122.289521,37.866868],[-122.289523,37.866876],[-122.289502,37.866879],[-122.289506,37.866898],[-122.289451,37.866905],[-122.289419,37.866755],[-122.289471,37.866748],[-122.289473,37.866757],[-122.289523,37.86675],[-122.289526,37.866769],[-122.289553,37.866765],[-122.289562,37.866808],[-122.289538,37.866811]]]},"properties":{"id":"w825084292","b":"yes","lv":null,"n":null}},
{"type":"Feature","geometry":{"type":"Polygon","coordinates":[[[-122.289185,37.866969],[-122.289177,37.866931],[-122.289184,37.86693],[-122.289178,37.8669],[-122.289171,37.866901],[-122.289158,37.866839],[-122.289166,37.866838],[-122.28916,37.866808],[-122.289152,37.866809],[-122.289144,37.866769],[-122.289263,37.866753],[-122.28927,37.866785],[-122.289252,37.866788],[-122.289287,37.866956],[-122.289185,37.866969]]]},"properties":{"id":"w825084293","b":"yes","lv":null,"n":null}},
{"type":"Feature","geometry":{"type":"Polygon","coordinates":[[[-122.290426,37.867051],[-122.290428,37.867057],[-122.290289,37.867074],[-122.290275,37.867],[-122.290507,37.866971],[-122.290521,37.867039],[-122.290426,37.867051]]]},"properties":{"id":"w825084294","b":"yes","lv":null,"n":null}},
{"type":"Feature","geometry":{"type":"Polygon","coordinates":[[[-122.289804,37.86705],[-122.289788,37.866975],[-122.289947,37.866954],[-122.289949,37.866964],[-122.289966,37.866962],[-122.289969,37.866977],[-122.289975,37.866976],[-122.289985,37.867027],[-122.289804,37.86705]]]},"properties":{"id":"w825084295","b":"yes","lv":null,"n":null}},
{"type":"Feature","geometry":{"type":"Polygon","coordinates":[[[-122.289324,37.866935],[-122.289295,37.866797],[-122.289395,37.866784],[-122.289424,37.866922],[-122.289324,37.866935]]]},"properties":{"id":"w825084296","b":"yes","lv":null,"n":null}},
{"type":"Feature","geometry":{"type":"Polygon","coordinates":[[[-122.28972,37.866862],[-122.289688,37.86671],[-122.289746,37.866702],[-122.28975,37.866721],[-122.289796,37.866715],[-122.289823,37.866849],[-122.28972,37.866862]]]},"properties":{"id":"w825084297","b":"yes","lv":null,"n":null}},
{"type":"Feature","geometry":{"type":"Polygon","coordinates":[[[-122.289509,37.867402],[-122.289514,37.867421],[-122.289319,37.867447],[-122.289308,37.867396],[-122.28933,37.867394],[-122.289323,37.867361],[-122.289498,37.867338],[-122.289502,37.867358],[-122.289517,37.867356],[-122.289526,37.8674],[-122.289509,37.867402]]]},"properties":{"id":"w825084298","b":"yes","lv":null,"n":null}},
{"type":"Feature","geometry":{"type":"Polygon","coordinates":[[[-122.289259,37.867121],[-122.289242,37.86704],[-122.289294,37.867034],[-122.289292,37.867027],[-122.289339,37.867021],[-122.289341,37.867028],[-122.289411,37.867019],[-122.289428,37.867099],[-122.289259,37.867121]]]},"properties":{"id":"w825084299","b":"yes","lv":null,"n":null}},
{"type":"Feature","geometry":{"type":"Polygon","coordinates":[[[-122.289813,37.866925],[-122.289802,37.866871],[-122.28985,37.866865],[-122.289861,37.866919],[-122.289813,37.866925]]]},"properties":{"id":"w825084300","b":"yes","lv":null,"n":null}},
{"type":"Feature","geometry":{"type":"Polygon","coordinates":[[[-122.289342,37.867557],[-122.289332,37.867506],[-122.28934,37.867505],[-122.289335,37.867478],[-122.289488,37.867458],[-122.289504,37.867536],[-122.289342,37.867557]]]},"properties":{"id":"w825084301","b":"yes","lv":null,"n":null}},
{"type":"Feature","geometry":{"type":"Polygon","coordinates":[[[-122.289283,37.86723],[-122.289268,37.867156],[-122.289393,37.867139],[-122.289409,37.867214],[-122.289283,37.86723]]]},"properties":{"id":"w825084302","b":"yes","lv":null,"n":null}},
{"type":"Feature","geometry":{"type":"Polygon","coordinates":[[[-122.290987,37.868458],[-122.290968,37.868366],[-122.291025,37.868359],[-122.291043,37.868451],[-122.290987,37.868458]]]},"properties":{"id":"w825084303","b":"house","lv":null,"n":null}},
{"type":"Feature","geometry":{"type":"Polygon","coordinates":[[[-122.289911,37.867485],[-122.289909,37.867478],[-122.289872,37.867483],[-122.289858,37.867416],[-122.289894,37.867411],[-122.289893,37.867404],[-122.290067,37.867381],[-122.290072,37.867402],[-122.29006,37.867404],[-122.290072,37.867464],[-122.289911,37.867485]]]},"properties":{"id":"w825084308","b":"yes","lv":null,"n":null}},
{"type":"Feature","geometry":{"type":"Polygon","coordinates":[[[-122.289852,37.86727],[-122.289836,37.867191],[-122.29001,37.867168],[-122.290019,37.867211],[-122.290027,37.86721],[-122.290034,37.867246],[-122.289852,37.86727]]]},"properties":{"id":"w825084310","b":"yes","lv":null,"n":null}},
{"type":"Feature","geometry":{"type":"Polygon","coordinates":[[[-122.289882,37.867154],[-122.289883,37.867161],[-122.289831,37.867168],[-122.289822,37.867124],[-122.289858,37.867119],[-122.28985,37.867081],[-122.289986,37.867064],[-122.290001,37.867138],[-122.289882,37.867154]]]},"properties":{"id":"w825084311","b":"yes","lv":null,"n":null}},
{"type":"Feature","geometry":{"type":"Polygon","coordinates":[[[-122.28932,37.867329],[-122.289314,37.8673],[-122.289297,37.867303],[-122.289287,37.867256],[-122.28952,37.867226],[-122.289536,37.867301],[-122.28932,37.867329]]]},"properties":{"id":"w825084314","b":"yes","lv":null,"n":null}},
{"type":"Feature","geometry":{"type":"Polygon","coordinates":[[[-122.289616,37.867635],[-122.289365,37.867667],[-122.289348,37.867585],[-122.2896,37.867553],[-122.289616,37.867635]]]},"properties":{"id":"w825084317","b":"yes","lv":null,"n":null}},
{"type":"Feature","geometry":{"type":"Polygon","coordinates":[[[-122.290103,37.868106],[-122.290088,37.868034],[-122.290193,37.86802],[-122.290208,37.868092],[-122.290103,37.868106]]]},"properties":{"id":"w825084318","b":"yes","lv":null,"n":null}},
{"type":"Feature","geometry":{"type":"Polygon","coordinates":[[[-122.289889,37.8676],[-122.289879,37.867552],[-122.289911,37.867548],[-122.289903,37.867511],[-122.29007,37.86749],[-122.290082,37.867549],[-122.29009,37.867548],[-122.290095,37.867574],[-122.289889,37.8676]]]},"properties":{"id":"w825084319","b":"yes","lv":null,"n":null}},
{"type":"Feature","geometry":{"type":"Polygon","coordinates":[[[-122.289981,37.867809],[-122.289966,37.867738],[-122.290117,37.867718],[-122.290123,37.867746],[-122.290132,37.867745],[-122.290141,37.867788],[-122.289981,37.867809]]]},"properties":{"id":"w825084322","b":"yes","lv":null,"n":null}},
{"type":"Feature","geometry":{"type":"Polygon","coordinates":[[[-122.290112,37.867654],[-122.290118,37.867682],[-122.289981,37.8677],[-122.289964,37.867621],[-122.290101,37.867603],[-122.29011,37.867643],[-122.290119,37.867642],[-122.290121,37.867653],[-122.290112,37.867654]]]},"properties":{"id":"w825084323","b":"yes","lv":null,"n":null}},
{"type":"Feature","geometry":{"type":"Polygon","coordinates":[[[-122.290148,37.868],[-122.29015,37.86801],[-122.290028,37.868026],[-122.290012,37.86795],[-122.290163,37.867931],[-122.290176,37.867996],[-122.290148,37.868]]]},"properties":{"id":"w825084325","b":"yes","lv":null,"n":null}},
{"type":"Feature","geometry":{"type":"Polygon","coordinates":[[[-122.289386,37.867775],[-122.289378,37.867736],[-122.289399,37.867733],[-122.289391,37.867692],[-122.289561,37.86767],[-122.289577,37.86775],[-122.289386,37.867775]]]},"properties":{"id":"w825084326","b":"yes","lv":null,"n":null}},
{"type":"Feature","geometry":{"type":"Polygon","coordinates":[[[-122.290139,37.8679],[-122.29014,37.867905],[-122.290011,37.867921],[-122.289998,37.867859],[-122.290004,37.867858],[-122.290001,37.867844],[-122.290025,37.867841],[-122.290024,37.867835],[-122.290158,37.867818],[-122.290174,37.867895],[-122.290139,37.8679]]]},"properties":{"id":"w825084327","b":"yes","lv":null,"n":null}},
{"type":"Feature","geometry":{"type":"Polygon","coordinates":[[[-122.289598,37.867922],[-122.289604,37.867952],[-122.289438,37.867974],[-122.28943,37.867936],[-122.289408,37.867939],[-122.2894,37.867898],[-122.289651,37.867865],[-122.289661,37.867914],[-122.289598,37.867922]]]},"properties":{"id":"w825084331","b":"yes","lv":null,"n":null}},
{"type":"Feature","geometry":{"type":"Polygon","coordinates":[[[-122.289403,37.867864],[-122.289387,37.867788],[-122.289551,37.867766],[-122.289566,37.867842],[-122.289403,37.867864]]]},"properties":{"id":"w825084333","b":"yes","lv":null,"n":null}},
{"type":"Feature","geometry":{"type":"Polygon","coordinates":[[[-122.289675,37.868288],[-122.289682,37.868322],[-122.289604,37.868332],[-122.28958,37.868218],[-122.289606,37.868214],[-122.289604,37.868207],[-122.289635,37.868203],[-122.289637,37.868211],[-122.289675,37.868206],[-122.289692,37.868286],[-122.289675,37.868288]]]},"properties":{"id":"w825084334","b":"yes","lv":null,"n":null}},
{"type":"Feature","geometry":{"type":"Polygon","coordinates":[[[-122.289544,37.868141],[-122.289556,37.868197],[-122.289448,37.868211],[-122.289428,37.868114],[-122.289547,37.868098],[-122.289555,37.868139],[-122.289544,37.868141]]]},"properties":{"id":"w825084335","b":"yes","lv":null,"n":null}},
{"type":"Feature","geometry":{"type":"Polygon","coordinates":[[[-122.289468,37.86809],[-122.289459,37.868045],[-122.289463,37.868044],[-122.289455,37.868003],[-122.289586,37.867986],[-122.289587,37.86799],[-122.289619,37.867986],[-122.289635,37.868064],[-122.289606,37.868067],[-122.289606,37.868072],[-122.289468,37.86809]]]},"properties":{"id":"w825084337","b":"yes","lv":null,"n":null}},
{"type":"Feature","geometry":{"type":"Polygon","coordinates":[[[-122.290011,37.868281],[-122.289975,37.86811],[-122.290065,37.868098],[-122.290101,37.86827],[-122.290011,37.868281]]]},"properties":{"id":"w825084338","b":"yes","lv":null,"n":null}},
{"type":"Feature","geometry":{"type":"Polygon","coordinates":[[[-122.289754,37.868313],[-122.289727,37.868182],[-122.289719,37.868183],[-122.289704,37.868111],[-122.289815,37.868097],[-122.289857,37.8683],[-122.289754,37.868313]]]},"properties":{"id":"w825084340","b":"yes","lv":null,"n":null}},
{"type":"Feature","geometry":{"type":"Polygon","coordinates":[[[-122.289872,37.868291],[-122.289841,37.868145],[-122.28995,37.868131],[-122.28998,37.868277],[-122.289872,37.868291]]]},"properties":{"id":"w825084341","b":"yes","lv":null,"n":null}},
{"type":"Feature","geometry":{"type":"Polygon","coordinates":[[[-122.290246,37.866982],[-122.290238,37.866948],[-122.290259,37.866945],[-122.290252,37.866909],[-122.290414,37.866887],[-122.290417,37.866901],[-122.290448,37.866897],[-122.290452,37.866913],[-122.290462,37.866912],[-122.29047,37.866952],[-122.290246,37.866982]]]},"properties":{"id":"w825084343","b":"yes","lv":null,"n":null}},
{"type":"Feature","geometry":{"type":"Polygon","coordinates":[[[-122.290377,37.866846],[-122.29038,37.866866],[-122.290255,37.86688],[-122.290253,37.866865],[-122.290237,37.866867],[-122.290232,37.866838],[-122.290246,37.866836],[-122.290241,37.866812],[-122.290324,37.866803],[-122.290322,37.866794],[-122.290361,37.866789],[-122.290363,37.866799],[-122.290388,37.866796],[-122.290397,37.866844],[-122.290377,37.866846]]]},"properties":{"id":"w825084344","b":"yes","lv":null,"n":null}},
{"type":"Feature","geometry":{"type":"Polygon","coordinates":[[[-122.29034,37.866785],[-122.29033,37.866736],[-122.290258,37.866745],[-122.290255,37.866735],[-122.290176,37.866745],[-122.290157,37.866649],[-122.290171,37.866647],[-122.290167,37.866629],[-122.290201,37.866625],[-122.290199,37.866615],[-122.290238,37.866611],[-122.29024,37.866621],[-122.290357,37.866606],[-122.290355,37.866597],[-122.290415,37.86659],[-122.290415,37.866585],[-122.290509,37.866574],[-122.290546,37.86676],[-122.29034,37.866785]]]},"properties":{"id":"w825084345","b":"church","lv":null,"n":"Missionary Church of God In Christ"}},
{"type":"Feature","geometry":{"type":"Polygon","coordinates":[[[-122.284692,37.865866],[-122.284552,37.865883],[-122.284494,37.865595],[-122.284634,37.865577],[-122.284692,37.865866]]]},"properties":{"id":"w825084346","b":"yes","lv":null,"n":null}},
{"type":"Feature","geometry":{"type":"Polygon","coordinates":[[[-122.290089,37.868151],[-122.290083,37.868121],[-122.29014,37.868113],[-122.290147,37.868143],[-122.290089,37.868151]]]},"properties":{"id":"w825084347","b":"yes","lv":null,"n":null}},
{"type":"Feature","geometry":{"type":"Polygon","coordinates":[[[-122.290736,37.866727],[-122.29074,37.866741],[-122.29071,37.866747],[-122.290717,37.866766],[-122.290671,37.866775],[-122.29066,37.866743],[-122.290623,37.86675],[-122.290576,37.866612],[-122.290696,37.866587],[-122.290743,37.866726],[-122.290736,37.866727]]]},"properties":{"id":"w825084348","b":"yes","lv":null,"n":null}},
{"type":"Feature","geometry":{"type":"Polygon","coordinates":[[[-122.290437,37.867299],[-122.290409,37.867159],[-122.290436,37.867156],[-122.290433,37.867144],[-122.290492,37.867136],[-122.290507,37.867211],[-122.290521,37.86721],[-122.290537,37.867287],[-122.290437,37.867299]]]},"properties":{"id":"w825084349","b":"yes","lv":null,"n":null}},
{"type":"Feature","geometry":{"type":"Polygon","coordinates":[[[-122.290323,37.867321],[-122.290314,37.867281],[-122.290309,37.867281],[-122.290298,37.867233],[-122.290304,37.867232],[-122.290291,37.867177],[-122.29034,37.86717],[-122.290335,37.867147],[-122.290389,37.867139],[-122.290427,37.867306],[-122.290323,37.867321]]]},"properties":{"id":"w825084350","b":"yes","lv":null,"n":null}},
{"type":"Feature","geometry":{"type":"Polygon","coordinates":[[[-122.290808,37.867281],[-122.290794,37.867208],[-122.290839,37.867202],[-122.290854,37.867276],[-122.290808,37.867281]]]},"properties":{"id":"w825084351","b":"yes","lv":null,"n":null}},
{"type":"Feature","geometry":{"type":"Polygon","coordinates":[[[-122.290787,37.867596],[-122.29076,37.867476],[-122.290807,37.86747],[-122.290804,37.867459],[-122.290851,37.867452],[-122.29088,37.867583],[-122.290787,37.867596]]]},"properties":{"id":"w825084354","b":"yes","lv":null,"n":null}},
{"type":"Feature","geometry":{"type":"Polygon","coordinates":[[[-122.290908,37.867626],[-122.2909,37.867587],[-122.290893,37.867588],[-122.290869,37.867462],[-122.290954,37.867452],[-122.290985,37.867616],[-122.290908,37.867626]]]},"properties":{"id":"w825084355","b":"yes","lv":null,"n":null}},
{"type":"Feature","geometry":{"type":"Polygon","coordinates":[[[-122.290436,37.867714],[-122.290429,37.867682],[-122.290379,37.867688],[-122.290345,37.86752],[-122.290382,37.867515],[-122.290379,37.867496],[-122.290448,37.867488],[-122.290475,37.867622],[-122.290537,37.867614],[-122.290554,37.867699],[-122.290436,37.867714]]]},"properties":{"id":"w825084356","b":"yes","lv":null,"n":null}},
{"type":"Feature","geometry":{"type":"Polygon","coordinates":[[[-122.290626,37.867783],[-122.290634,37.86782],[-122.290591,37.867826],[-122.290592,37.867831],[-122.290461,37.867848],[-122.290457,37.867831],[-122.290457,37.867831],[-122.290446,37.867779],[-122.290447,37.867779],[-122.290444,37.867765],[-122.290591,37.867747],[-122.290599,37.867786],[-122.290626,37.867783]]]},"properties":{"id":"w825084357","b":"yes","lv":null,"n":null}},
{"type":"Feature","geometry":{"type":"Polygon","coordinates":[[[-122.290654,37.867945],[-122.290465,37.867966],[-122.29045,37.867884],[-122.290615,37.867866],[-122.290624,37.867915],[-122.290648,37.867912],[-122.290654,37.867945]]]},"properties":{"id":"w825084358","b":"yes","lv":null,"n":null}},
{"type":"Feature","geometry":{"type":"Polygon","coordinates":[[[-122.290988,37.867585],[-122.290959,37.86745],[-122.291054,37.867437],[-122.291083,37.867573],[-122.290988,37.867585]]]},"properties":{"id":"w825084359","b":"yes","lv":null,"n":null}},
{"type":"Feature","geometry":{"type":"Polygon","coordinates":[[[-122.290721,37.867642],[-122.290713,37.8676],[-122.290675,37.867604],[-122.290653,37.867486],[-122.290716,37.867478],[-122.290717,37.867484],[-122.290754,37.86748],[-122.290772,37.867575],[-122.290766,37.867576],[-122.290777,37.867636],[-122.290721,37.867642]]]},"properties":{"id":"w825084360","b":"yes","lv":null,"n":null}},
{"type":"Feature","geometry":{"type":"Polygon","coordinates":[[[-122.290672,37.867638],[-122.290679,37.867672],[-122.290603,37.867682],[-122.290597,37.867648],[-122.290587,37.86765],[-122.290558,37.867503],[-122.290648,37.867491],[-122.290677,37.867637],[-122.290672,37.867638]]]},"properties":{"id":"w825084361","b":"yes","lv":null,"n":null}},
{"type":"Feature","geometry":{"type":"Polygon","coordinates":[[[-122.29076,37.86821],[-122.290744,37.86813],[-122.290749,37.868129],[-122.29075,37.868119],[-122.290764,37.868117],[-122.290763,37.868128],[-122.29078,37.868126],[-122.290781,37.868131],[-122.290797,37.868134],[-122.290809,37.868204],[-122.29076,37.86821]]]},"properties":{"id":"w825084366","b":"yes","lv":null,"n":null}},
{"type":"Feature","geometry":{"type":"Polygon","coordinates":[[[-122.290717,37.868193],[-122.290721,37.868215],[-122.290648,37.868224],[-122.290645,37.868208],[-122.290642,37.868208],[-122.290641,37.868201],[-122.290644,37.868201],[-122.290629,37.868126],[-122.290667,37.868121],[-122.290666,37.868116],[-122.290676,37.868115],[-122.290677,37.86812],[-122.290684,37.868119],[-122.290682,37.86811],[-122.290712,37.868107],[-122.290727,37.868192],[-122.290717,37.868193]]]},"properties":{"id":"w825084367","b":"yes","lv":null,"n":null}},
{"type":"Feature","geometry":{"type":"Polygon","coordinates":[[[-122.290524,37.868219],[-122.290514,37.868167],[-122.290492,37.86817],[-122.290483,37.868118],[-122.290515,37.868114],[-122.290509,37.868074],[-122.290583,37.868066],[-122.290584,37.86807],[-122.290602,37.868068],[-122.290627,37.868204],[-122.290524,37.868219]]]},"properties":{"id":"w825084368","b":"yes","lv":null,"n":null}},
{"type":"Feature","geometry":{"type":"Polygon","coordinates":[[[-122.291008,37.868144],[-122.290991,37.868054],[-122.290998,37.868053],[-122.290993,37.868025],[-122.291082,37.868015],[-122.291105,37.868132],[-122.291008,37.868144]]]},"properties":{"id":"w825084371","b":"yes","lv":null,"n":null}},
{"type":"Feature","geometry":{"type":"Polygon","coordinates":[[[-122.290944,37.868169],[-122.29094,37.868154],[-122.290897,37.868159],[-122.290867,37.86802],[-122.290889,37.868017],[-122.290884,37.867993],[-122.29095,37.867985],[-122.290966,37.868063],[-122.290978,37.868063],[-122.290979,37.868079],[-122.29097,37.86808],[-122.290988,37.868162],[-122.290944,37.868169]]]},"properties":{"id":"w825084372","b":"yes","lv":null,"n":null}},
{"type":"Feature","geometry":{"type":"Polygon","coordinates":[[[-122.290848,37.868199],[-122.290833,37.868129],[-122.290838,37.868128],[-122.290837,37.86812],[-122.290862,37.868115],[-122.290862,37.868106],[-122.290871,37.868105],[-122.290871,37.868114],[-122.29088,37.868113],[-122.290898,37.868194],[-122.290848,37.868199]]]},"properties":{"id":"w825084373","b":"yes","lv":null,"n":null}},
{"type":"Feature","geometry":{"type":"Polygon","coordinates":[[[-122.290919,37.868468],[-122.2909,37.868374],[-122.290956,37.868367],[-122.290975,37.868461],[-122.290919,37.868468]]]},"properties":{"id":"w825084374","b":"house","lv":null,"n":null}},
{"type":"Feature","geometry":{"type":"Polygon","coordinates":[[[-122.289873,37.86738],[-122.289857,37.867299],[-122.290042,37.867275],[-122.290059,37.867356],[-122.289873,37.86738]]]},"properties":{"id":"w825084377","b":"yes","lv":null,"n":null}},
{"type":"Feature","geometry":{"type":"Polygon","coordinates":[[[-122.290391,37.867764],[-122.290383,37.867727],[-122.290448,37.867719],[-122.290456,37.867755],[-122.290391,37.867764]]]},"properties":{"id":"w825084381","b":"yes","lv":null,"n":null}},
{"type":"Feature","geometry":{"type":"Polygon","coordinates":[[[-122.289877,37.863251],[-122.28984,37.863144],[-122.290039,37.863104],[-122.290076,37.86321],[-122.289877,37.863251]]]},"properties":{"id":"w825084384","b":"yes","lv":null,"n":"Lily Of The Valley Baptist Church"}},
{"type":"Feature","geometry":{"type":"Polygon","coordinates":[[[-122.288813,37.864095],[-122.288803,37.864049],[-122.288882,37.864039],[-122.288892,37.864085],[-122.288813,37.864095]]]},"properties":{"id":"w825084421","b":"yes","lv":null,"n":null}},
{"type":"Feature","geometry":{"type":"Polygon","coordinates":[[[-122.284615,37.865108],[-122.284608,37.865074],[-122.284615,37.865074],[-122.284606,37.865033],[-122.28474,37.865016],[-122.284743,37.865034],[-122.284802,37.865026],[-122.284813,37.865082],[-122.284615,37.865108]]]},"properties":{"id":"w825632996","b":"yes","lv":null,"n":null}},
{"type":"Feature","geometry":{"type":"Polygon","coordinates":[[[-122.284721,37.865315],[-122.284701,37.865215],[-122.284712,37.865214],[-122.284706,37.865185],[-122.284786,37.865175],[-122.284813,37.865304],[-122.284721,37.865315]]]},"properties":{"id":"w825632997","b":"yes","lv":null,"n":null}},
{"type":"Feature","geometry":{"type":"Polygon","coordinates":[[[-122.284725,37.864978],[-122.28473,37.865001],[-122.284613,37.865016],[-122.284598,37.864943],[-122.284715,37.864928],[-122.284717,37.864936],[-122.284759,37.864931],[-122.284767,37.864972],[-122.284725,37.864978]]]},"properties":{"id":"w825632998","b":"yes","lv":null,"n":null}},
{"type":"Feature","geometry":{"type":"Polygon","coordinates":[[[-122.284589,37.865331],[-122.284588,37.865325],[-122.28455,37.86533],[-122.28454,37.865281],[-122.284578,37.865276],[-122.284575,37.865261],[-122.28455,37.865264],[-122.284544,37.865237],[-122.284633,37.865226],[-122.284636,37.86524],[-122.28467,37.865236],[-122.284687,37.865318],[-122.284589,37.865331]]]},"properties":{"id":"w825632999","b":"yes","lv":null,"n":null}},
{"type":"Feature","geometry":{"type":"Polygon","coordinates":[[[-122.285159,37.865091],[-122.285164,37.865117],[-122.28504,37.865133],[-122.285023,37.865054],[-122.285156,37.865037],[-122.285167,37.86509],[-122.285159,37.865091]]]},"properties":{"id":"w825633001","b":"yes","lv":null,"n":null}},
{"type":"Feature","geometry":{"type":"Polygon","coordinates":[[[-122.285227,37.865248],[-122.285111,37.865263],[-122.285104,37.865232],[-122.285085,37.865235],[-122.285076,37.865193],[-122.285095,37.86519],[-122.285093,37.865182],[-122.285136,37.865176],[-122.285129,37.865141],[-122.285203,37.865131],[-122.285227,37.865248]]]},"properties":{"id":"w825633002","b":"yes","lv":null,"n":null}},
{"type":"Feature","geometry":{"type":"Polygon","coordinates":[[[-122.284969,37.865282],[-122.284965,37.865263],[-122.284947,37.865265],[-122.284936,37.865211],[-122.284941,37.86521],[-122.284936,37.865185],[-122.285033,37.865173],[-122.285053,37.865271],[-122.284969,37.865282]]]},"properties":{"id":"w825633003","b":"yes","lv":null,"n":null}},
{"type":"Feature","geometry":{"type":"Polygon","coordinates":[[[-122.284581,37.864926],[-122.284568,37.864862],[-122.284697,37.864845],[-122.28471,37.86491],[-122.284581,37.864926]]]},"properties":{"id":"w825633004","b":"yes","lv":null,"n":null}},
{"type":"Feature","geometry":{"type":"Polygon","coordinates":[[[-122.285051,37.864797],[-122.285057,37.864824],[-122.284973,37.864835],[-122.284954,37.864739],[-122.285074,37.864724],[-122.285089,37.864792],[-122.285051,37.864797]]]},"properties":{"id":"w825633005","b":"yes","lv":null,"n":null}},
{"type":"Feature","geometry":{"type":"Polygon","coordinates":[[[-122.285024,37.864965],[-122.285001,37.864855],[-122.285094,37.864843],[-122.285103,37.864887],[-122.285092,37.864889],[-122.285099,37.864924],[-122.285131,37.86492],[-122.285137,37.86495],[-122.285024,37.864965]]]},"properties":{"id":"w825633006","b":"yes","lv":null,"n":null}},
{"type":"Feature","geometry":{"type":"Polygon","coordinates":[[[-122.284699,37.864586],[-122.284708,37.864629],[-122.284581,37.864645],[-122.284574,37.864608],[-122.284556,37.86461],[-122.284548,37.86457],[-122.284711,37.864549],[-122.284718,37.864584],[-122.284699,37.864586]]]},"properties":{"id":"w825633009","b":"yes","lv":null,"n":null}},
{"type":"Feature","geometry":{"type":"Polygon","coordinates":[[[-122.284555,37.864744],[-122.284538,37.864661],[-122.284689,37.864642],[-122.284706,37.864724],[-122.284555,37.864744]]]},"properties":{"id":"w825633010","b":"yes","lv":null,"n":null}},
{"type":"Feature","geometry":{"type":"Polygon","coordinates":[[[-122.284621,37.864827],[-122.284605,37.86475],[-122.284808,37.864723],[-122.284824,37.864801],[-122.284621,37.864827]]]},"properties":{"id":"w825633011","b":"yes","lv":null,"n":null}},
{"type":"Feature","geometry":{"type":"Polygon","coordinates":[[[-122.285021,37.864677],[-122.285027,37.864704],[-122.284948,37.864715],[-122.284928,37.864614],[-122.285034,37.8646],[-122.28504,37.864633],[-122.285049,37.864632],[-122.285057,37.864673],[-122.285021,37.864677]]]},"properties":{"id":"w825633012","b":"yes","lv":null,"n":null}},
{"type":"Feature","geometry":{"type":"Polygon","coordinates":[[[-122.284561,37.86454],[-122.284555,37.864507],[-122.284538,37.864509],[-122.284531,37.864477],[-122.284664,37.86446],[-122.284667,37.864474],[-122.284693,37.864471],[-122.284736,37.864488],[-122.284742,37.864517],[-122.284561,37.86454]]]},"properties":{"id":"w825633013","b":"yes","lv":null,"n":null}},
{"type":"Feature","geometry":{"type":"Polygon","coordinates":[[[-122.28449,37.864454],[-122.284473,37.864374],[-122.284646,37.864352],[-122.284663,37.864432],[-122.28449,37.864454]]]},"properties":{"id":"w825633016","b":"yes","lv":null,"n":null}},
{"type":"Feature","geometry":{"type":"Polygon","coordinates":[[[-122.284996,37.864357],[-122.285002,37.864387],[-122.284852,37.864406],[-122.284838,37.864341],[-122.284869,37.864337],[-122.284867,37.86433],[-122.284995,37.864314],[-122.285004,37.864356],[-122.284996,37.864357]]]},"properties":{"id":"w825633017","b":"yes","lv":null,"n":null}},
{"type":"Feature","geometry":{"type":"Polygon","coordinates":[[[-122.285049,37.864474],[-122.284846,37.8645],[-122.284832,37.864432],[-122.284873,37.864426],[-122.28487,37.864411],[-122.284897,37.864408],[-122.2849,37.864422],[-122.285019,37.864407],[-122.285022,37.864422],[-122.285038,37.86442],[-122.285049,37.864474]]]},"properties":{"id":"w825633018","b":"yes","lv":null,"n":null}},
{"type":"Feature","geometry":{"type":"Polygon","coordinates":[[[-122.284895,37.864593],[-122.28488,37.86452],[-122.285064,37.864497],[-122.285069,37.864521],[-122.285063,37.864522],[-122.285073,37.864571],[-122.284895,37.864593]]]},"properties":{"id":"w825633019","b":"yes","lv":null,"n":null}},
{"type":"Feature","geometry":{"type":"Polygon","coordinates":[[[-122.284998,37.864289],[-122.284999,37.864296],[-122.284863,37.864313],[-122.284848,37.864238],[-122.284964,37.864223],[-122.28497,37.864252],[-122.28499,37.864249],[-122.284991,37.864255],[-122.284999,37.864253],[-122.285006,37.864288],[-122.284998,37.864289]]]},"properties":{"id":"w825633021","b":"yes","lv":null,"n":null}},
{"type":"Feature","geometry":{"type":"Polygon","coordinates":[[[-122.284486,37.864262],[-122.284472,37.864196],[-122.284527,37.864189],[-122.284524,37.864176],[-122.28465,37.86416],[-122.284666,37.864238],[-122.284486,37.864262]]]},"properties":{"id":"w825633022","b":"yes","lv":null,"n":null}},
{"type":"Feature","geometry":{"type":"Polygon","coordinates":[[[-122.284474,37.864352],[-122.284466,37.864312],[-122.284534,37.864303],[-122.284528,37.864274],[-122.284658,37.864257],[-122.284672,37.864327],[-122.284474,37.864352]]]},"properties":{"id":"w825633023","b":"yes","lv":null,"n":null}},
{"type":"Feature","geometry":{"type":"Polygon","coordinates":[[[-122.284388,37.863982],[-122.284374,37.863912],[-122.284576,37.863886],[-122.284591,37.863956],[-122.284388,37.863982]]]},"properties":{"id":"w825633024","b":"yes","lv":null,"n":null}},
{"type":"Feature","geometry":{"type":"Polygon","coordinates":[[[-122.284782,37.863982],[-122.284769,37.863919],[-122.284755,37.86392],[-122.28475,37.863895],[-122.284867,37.86388],[-122.284872,37.863904],[-122.284888,37.863902],[-122.284895,37.863937],[-122.284951,37.863929],[-122.284957,37.863959],[-122.284782,37.863982]]]},"properties":{"id":"w825633025","b":"yes","lv":null,"n":null}},
{"type":"Feature","geometry":{"type":"Polygon","coordinates":[[[-122.284911,37.864023],[-122.284919,37.864061],[-122.284903,37.864063],[-122.284907,37.864083],[-122.284854,37.86409],[-122.284857,37.864102],[-122.2848,37.864109],[-122.284793,37.864074],[-122.284802,37.864073],[-122.284788,37.864006],[-122.284961,37.863984],[-122.284968,37.864016],[-122.284911,37.864023]]]},"properties":{"id":"w825633026","b":"yes","lv":null,"n":null}},
{"type":"Feature","geometry":{"type":"Polygon","coordinates":[[[-122.285004,37.864156],[-122.285011,37.864189],[-122.284825,37.864213],[-122.284812,37.864149],[-122.284797,37.864151],[-122.28479,37.864117],[-122.28486,37.864108],[-122.284861,37.864113],[-122.284911,37.864107],[-122.284916,37.864132],[-122.284935,37.864129],[-122.284942,37.864164],[-122.285004,37.864156]]]},"properties":{"id":"w825633027","b":"yes","lv":null,"n":null}},
{"type":"Feature","geometry":{"type":"Polygon","coordinates":[[[-122.284798,37.863869],[-122.284794,37.863847],[-122.284744,37.863853],[-122.284728,37.863777],[-122.284848,37.863761],[-122.284869,37.86386],[-122.284798,37.863869]]]},"properties":{"id":"w825633028","b":"yes","lv":null,"n":null}},
{"type":"Feature","geometry":{"type":"Polygon","coordinates":[[[-122.284348,37.863783],[-122.284333,37.863711],[-122.284508,37.863689],[-122.284509,37.863696],[-122.284543,37.863692],[-122.284556,37.863756],[-122.284348,37.863783]]]},"properties":{"id":"w825633030","b":"yes","lv":null,"n":null}},
{"type":"Feature","geometry":{"type":"Polygon","coordinates":[[[-122.284369,37.863886],[-122.284355,37.863818],[-122.284407,37.863811],[-122.28441,37.863822],[-122.284539,37.863806],[-122.284551,37.863863],[-122.284369,37.863886]]]},"properties":{"id":"w825633031","b":"yes","lv":null,"n":null}},
{"type":"Feature","geometry":{"type":"Polygon","coordinates":[[[-122.285438,37.863707],[-122.285442,37.863725],[-122.285378,37.863733],[-122.285363,37.863657],[-122.285348,37.863659],[-122.285339,37.863612],[-122.285365,37.863609],[-122.285363,37.863596],[-122.28541,37.863591],[-122.285412,37.863603],[-122.285437,37.8636],[-122.285458,37.863705],[-122.285438,37.863707]]]},"properties":{"id":"w825633032","b":"yes","lv":null,"n":null}},
{"type":"Feature","geometry":{"type":"Polygon","coordinates":[[[-122.285216,37.863833],[-122.285205,37.863777],[-122.285253,37.863771],[-122.285251,37.86376],[-122.285245,37.863761],[-122.285237,37.863723],[-122.285181,37.86373],[-122.285173,37.863686],[-122.285273,37.863673],[-122.285282,37.863717],[-122.285331,37.863711],[-122.285352,37.863816],[-122.285216,37.863833]]]},"properties":{"id":"w825633033","b":"yes","lv":null,"n":null}},
{"type":"Feature","geometry":{"type":"Polygon","coordinates":[[[-122.284731,37.863756],[-122.284717,37.863687],[-122.28476,37.863682],[-122.284756,37.863662],[-122.284816,37.863654],[-122.28482,37.863676],[-122.284837,37.863674],[-122.284845,37.863711],[-122.284898,37.863704],[-122.284904,37.863733],[-122.284731,37.863756]]]},"properties":{"id":"w825633034","b":"yes","lv":null,"n":null}},
{"type":"Feature","geometry":{"type":"Polygon","coordinates":[[[-122.284595,37.863815],[-122.284587,37.863776],[-122.284657,37.863767],[-122.284665,37.863806],[-122.284595,37.863815]]]},"properties":{"id":"w825633035","b":"yes","lv":null,"n":null}},
{"type":"Feature","geometry":{"type":"Polygon","coordinates":[[[-122.285881,37.864252],[-122.285879,37.864244],[-122.285808,37.864252],[-122.285794,37.864183],[-122.28578,37.864185],[-122.285775,37.86416],[-122.285788,37.864159],[-122.285784,37.864135],[-122.285774,37.864137],[-122.285763,37.864082],[-122.285815,37.864076],[-122.285816,37.86408],[-122.285877,37.864073],[-122.285902,37.864198],[-122.285931,37.864195],[-122.285941,37.864245],[-122.285881,37.864252]]]},"properties":{"id":"w825633036","b":"yes","lv":null,"n":null}},
{"type":"Feature","geometry":{"type":"Polygon","coordinates":[[[-122.285314,37.864343],[-122.285307,37.864306],[-122.285295,37.864307],[-122.285291,37.86429],[-122.285303,37.864289],[-122.285297,37.864259],[-122.285313,37.864257],[-122.285308,37.86423],[-122.28539,37.86422],[-122.285412,37.864331],[-122.285314,37.864343]]]},"properties":{"id":"w825633039","b":"yes","lv":null,"n":null}},
{"type":"Feature","geometry":{"type":"Polygon","coordinates":[[[-122.285284,37.864208],[-122.285277,37.864176],[-122.285265,37.864178],[-122.285262,37.864161],[-122.285274,37.86416],[-122.285268,37.864129],[-122.285274,37.864129],[-122.285272,37.864117],[-122.285337,37.864109],[-122.285335,37.864101],[-122.285364,37.864098],[-122.285384,37.864195],[-122.285284,37.864208]]]},"properties":{"id":"w825633040","b":"yes","lv":null,"n":null}},
{"type":"Feature","geometry":{"type":"Polygon","coordinates":[[[-122.285267,37.864105],[-122.28526,37.864071],[-122.285367,37.864058],[-122.285374,37.864092],[-122.285267,37.864105]]]},"properties":{"id":"w825633042","b":"yes","lv":null,"n":null}},
{"type":"Feature","geometry":{"type":"Polygon","coordinates":[[[-122.285374,37.864624],[-122.285367,37.864587],[-122.285354,37.864589],[-122.28535,37.864573],[-122.285362,37.864572],[-122.285356,37.864543],[-122.285371,37.864541],[-122.285366,37.864512],[-122.28545,37.864501],[-122.285473,37.864612],[-122.285374,37.864624]]]},"properties":{"id":"w825633043","b":"yes","lv":null,"n":null}},
{"type":"Feature","geometry":{"type":"Polygon","coordinates":[[[-122.285604,37.864692],[-122.285608,37.864714],[-122.285381,37.864743],[-122.285363,37.864652],[-122.285474,37.864638],[-122.285477,37.864649],[-122.285551,37.86464],[-122.285557,37.864667],[-122.285571,37.864665],[-122.285562,37.864622],[-122.285631,37.864613],[-122.285645,37.864687],[-122.285604,37.864692]]]},"properties":{"id":"w825633044","b":"yes","lv":null,"n":null}},
{"type":"Feature","geometry":{"type":"Polygon","coordinates":[[[-122.285599,37.864257],[-122.285491,37.864233],[-122.285518,37.864159],[-122.285626,37.864184],[-122.285599,37.864257]]]},"properties":{"id":"w825633045","b":"yes","lv":null,"n":null}},
{"type":"Feature","geometry":{"type":"Polygon","coordinates":[[[-122.285538,37.864971],[-122.285541,37.864984],[-122.285418,37.864999],[-122.285404,37.864928],[-122.285545,37.86491],[-122.285552,37.864945],[-122.285562,37.864944],[-122.285566,37.864968],[-122.285538,37.864971]]]},"properties":{"id":"w825633048","b":"yes","lv":null,"n":null}},
{"type":"Feature","geometry":{"type":"Polygon","coordinates":[[[-122.285534,37.864855],[-122.285535,37.86486],[-122.285508,37.864864],[-122.285507,37.864858],[-122.285436,37.864867],[-122.285421,37.864792],[-122.285444,37.864789],[-122.285441,37.864775],[-122.285466,37.864772],[-122.285465,37.864764],[-122.285483,37.864762],[-122.285485,37.86477],[-122.285525,37.864764],[-122.285528,37.864778],[-122.285568,37.864773],[-122.285584,37.864848],[-122.285534,37.864855]]]},"properties":{"id":"w825633049","b":"yes","lv":null,"n":null}},
{"type":"Feature","geometry":{"type":"Polygon","coordinates":[[[-122.285607,37.865202],[-122.285586,37.865097],[-122.285668,37.865087],[-122.285689,37.865192],[-122.285607,37.865202]]]},"properties":{"id":"w825633050","b":"yes","lv":null,"n":null}},
{"type":"Feature","geometry":{"type":"Polygon","coordinates":[[[-122.285562,37.865118],[-122.285579,37.865205],[-122.285493,37.865215],[-122.28548,37.865148],[-122.285429,37.865155],[-122.285419,37.865104],[-122.285577,37.865085],[-122.285583,37.865115],[-122.285562,37.865118]]]},"properties":{"id":"w825633051","b":"yes","lv":null,"n":null}},
{"type":"Feature","geometry":{"type":"Polygon","coordinates":[[[-122.285679,37.865123],[-122.285669,37.865071],[-122.285742,37.865061],[-122.285753,37.865114],[-122.285679,37.865123]]]},"properties":{"id":"w825633053","b":"yes","lv":null,"n":null}},
{"type":"Feature","geometry":{"type":"Polygon","coordinates":[[[-122.285433,37.865085],[-122.285419,37.865015],[-122.285562,37.864997],[-122.285576,37.865067],[-122.285433,37.865085]]]},"properties":{"id":"w825633054","b":"yes","lv":null,"n":null}},
{"type":"Feature","geometry":{"type":"Polygon","coordinates":[[[-122.284929,37.865219],[-122.28489,37.865224],[-122.284883,37.865187],[-122.284921,37.865182],[-122.284929,37.865219]]]},"properties":{"id":"w825633055","b":"yes","lv":null,"n":null}},
{"type":"Feature","geometry":{"type":"Polygon","coordinates":[[[-122.286053,37.864003],[-122.286046,37.863964],[-122.286075,37.86396],[-122.286066,37.863913],[-122.286171,37.8639],[-122.286188,37.863987],[-122.286053,37.864003]]]},"properties":{"id":"w825633062","b":"yes","lv":null,"n":null}},
{"type":"Feature","geometry":{"type":"Polygon","coordinates":[[[-122.286167,37.863882],[-122.286022,37.8639],[-122.286012,37.863853],[-122.286053,37.863848],[-122.286045,37.863808],[-122.28615,37.863795],[-122.286165,37.86387],[-122.286167,37.863882]]]},"properties":{"id":"w825633065","b":"yes","lv":null,"n":null}},
{"type":"Feature","geometry":{"type":"Polygon","coordinates":[[[-122.285828,37.863675],[-122.285801,37.863538],[-122.28583,37.863535],[-122.285831,37.86354],[-122.285898,37.863531],[-122.285925,37.863663],[-122.285828,37.863675]]]},"properties":{"id":"w825633066","b":"yes","lv":null,"n":null}},
{"type":"Feature","geometry":{"type":"Polygon","coordinates":[[[-122.286001,37.863695],[-122.285995,37.863665],[-122.285951,37.86367],[-122.285949,37.86366],[-122.285941,37.863661],[-122.285913,37.863522],[-122.285959,37.863516],[-122.28596,37.863525],[-122.286014,37.863518],[-122.28604,37.863648],[-122.286034,37.863649],[-122.286042,37.86369],[-122.286001,37.863695]]]},"properties":{"id":"w825633067","b":"yes","lv":null,"n":null}},
{"type":"Feature","geometry":{"type":"Polygon","coordinates":[[[-122.286103,37.863597],[-122.28611,37.863631],[-122.286059,37.863637],[-122.286052,37.863604],[-122.286047,37.863605],[-122.286028,37.863508],[-122.286124,37.863496],[-122.286143,37.863592],[-122.286103,37.863597]]]},"properties":{"id":"w825633068","b":"yes","lv":null,"n":null}},
{"type":"Feature","geometry":{"type":"Polygon","coordinates":[[[-122.286037,37.864104],[-122.286022,37.864027],[-122.286179,37.864008],[-122.286187,37.864046],[-122.286207,37.864043],[-122.286214,37.864082],[-122.286037,37.864104]]]},"properties":{"id":"w825633069","b":"yes","lv":null,"n":null}},
{"type":"Feature","geometry":{"type":"Polygon","coordinates":[[[-122.286027,37.864225],[-122.286018,37.864177],[-122.286037,37.864175],[-122.286032,37.864146],[-122.28619,37.864126],[-122.286194,37.864147],[-122.286219,37.864144],[-122.28623,37.8642],[-122.286027,37.864225]]]},"properties":{"id":"w825633070","b":"yes","lv":null,"n":null}},
{"type":"Feature","geometry":{"type":"Polygon","coordinates":[[[-122.285554,37.863675],[-122.285556,37.863685],[-122.285522,37.863689],[-122.28552,37.863679],[-122.285497,37.863682],[-122.285479,37.863591],[-122.285505,37.863588],[-122.285502,37.863571],[-122.285528,37.863567],[-122.285532,37.863584],[-122.285561,37.863581],[-122.285579,37.863672],[-122.285554,37.863675]]]},"properties":{"id":"w825633071","b":"yes","lv":null,"n":null}},
{"type":"Feature","geometry":{"type":"Polygon","coordinates":[[[-122.285673,37.863661],[-122.285675,37.863671],[-122.28564,37.863676],[-122.285638,37.863665],[-122.285616,37.863668],[-122.285598,37.863577],[-122.285624,37.863574],[-122.28562,37.863557],[-122.285647,37.863554],[-122.28565,37.86357],[-122.285679,37.863567],[-122.285697,37.863658],[-122.285673,37.863661]]]},"properties":{"id":"w825633072","b":"yes","lv":null,"n":null}},
{"type":"Feature","geometry":{"type":"Polygon","coordinates":[[[-122.28573,37.863666],[-122.285706,37.863546],[-122.285731,37.863543],[-122.285734,37.863559],[-122.285784,37.863553],[-122.285804,37.863656],[-122.28573,37.863666]]]},"properties":{"id":"w825633073","b":"yes","lv":null,"n":null}},
{"type":"Feature","geometry":{"type":"Polygon","coordinates":[[[-122.285841,37.864579],[-122.285817,37.864461],[-122.285922,37.864448],[-122.285945,37.864566],[-122.285841,37.864579]]]},"properties":{"id":"w825633075","b":"yes","lv":null,"n":null}},
{"type":"Feature","geometry":{"type":"Polygon","coordinates":[[[-122.286131,37.86464],[-122.28612,37.864586],[-122.286134,37.864584],[-122.286128,37.864554],[-122.28631,37.864531],[-122.286327,37.864615],[-122.286131,37.86464]]]},"properties":{"id":"w825633076","b":"yes","lv":null,"n":null}},
{"type":"Feature","geometry":{"type":"Polygon","coordinates":[[[-122.286167,37.865106],[-122.28615,37.865022],[-122.286243,37.86501],[-122.286245,37.86502],[-122.286415,37.864999],[-122.28643,37.865073],[-122.286167,37.865106]]]},"properties":{"id":"w825633077","b":"yes","lv":null,"n":null}},
{"type":"Feature","geometry":{"type":"Polygon","coordinates":[[[-122.286195,37.864963],[-122.286184,37.864906],[-122.286197,37.864905],[-122.286192,37.864877],[-122.286365,37.864856],[-122.286371,37.864885],[-122.286386,37.864883],[-122.286398,37.864938],[-122.286195,37.864963]]]},"properties":{"id":"w825633078","b":"yes","lv":null,"n":null}},
{"type":"Feature","geometry":{"type":"Polygon","coordinates":[[[-122.286122,37.864475],[-122.286107,37.864401],[-122.286135,37.864397],[-122.286133,37.864389],[-122.286155,37.864386],[-122.286156,37.864394],[-122.286286,37.864377],[-122.286301,37.864452],[-122.286122,37.864475]]]},"properties":{"id":"w825633079","b":"yes","lv":null,"n":null}},
{"type":"Feature","geometry":{"type":"Polygon","coordinates":[[[-122.284586,37.86367],[-122.284628,37.863665],[-122.284639,37.863721],[-122.284598,37.863726],[-122.284586,37.86367]]]},"properties":{"id":"w825633082","b":"yes","lv":null,"n":null}},
{"type":"Feature","geometry":{"type":"Polygon","coordinates":[[[-122.284584,37.864149],[-122.28443,37.864168],[-122.284414,37.864093],[-122.284569,37.864073],[-122.284584,37.864149]]]},"properties":{"id":"w825633083","b":"yes","lv":null,"n":null}},
{"type":"Feature","geometry":{"type":"Polygon","coordinates":[[[-122.284582,37.863981],[-122.284595,37.864045],[-122.284453,37.864063],[-122.28444,37.863999],[-122.284582,37.863981]]]},"properties":{"id":"w825633084","b":"yes","lv":null,"n":null}},
{"type":"Feature","geometry":{"type":"Polygon","coordinates":[[[-122.283078,37.864463],[-122.283062,37.864387],[-122.283239,37.864364],[-122.283255,37.86444],[-122.283078,37.864463]]]},"properties":{"id":"w825633086","b":"yes","lv":null,"n":null}},
{"type":"Feature","geometry":{"type":"Polygon","coordinates":[[[-122.283277,37.864599],[-122.283282,37.864624],[-122.283159,37.864641],[-122.283154,37.864618],[-122.283135,37.864621],[-122.283129,37.864591],[-122.283147,37.864589],[-122.283144,37.864571],[-122.283285,37.864552],[-122.283294,37.864597],[-122.283277,37.864599]]]},"properties":{"id":"w825633087","b":"yes","lv":null,"n":null}},
{"type":"Feature","geometry":{"type":"Polygon","coordinates":[[[-122.283252,37.864504],[-122.283257,37.864532],[-122.283081,37.864555],[-122.283072,37.864511],[-122.283051,37.864514],[-122.283043,37.864476],[-122.283241,37.86445],[-122.283246,37.864472],[-122.283252,37.864472],[-122.283259,37.864503],[-122.283252,37.864504]]]},"properties":{"id":"w825633088","b":"yes","lv":null,"n":null}},
{"type":"Feature","geometry":{"type":"Polygon","coordinates":[[[-122.282989,37.864366],[-122.282974,37.864298],[-122.283216,37.864267],[-122.28323,37.864335],[-122.282989,37.864366]]]},"properties":{"id":"w825633089","b":"yes","lv":null,"n":null}},
{"type":"Feature","geometry":{"type":"Polygon","coordinates":[[[-122.2832,37.864194],[-122.283208,37.864233],[-122.28303,37.864256],[-122.283014,37.864179],[-122.283209,37.864154],[-122.283217,37.864192],[-122.2832,37.864194]]]},"properties":{"id":"w825633091","b":"yes","lv":null,"n":null}},
{"type":"Feature","geometry":{"type":"Polygon","coordinates":[[[-122.282531,37.864214],[-122.282524,37.864178],[-122.282603,37.864168],[-122.282611,37.864203],[-122.282531,37.864214]]]},"properties":{"id":"w825633092","b":"yes","lv":null,"n":null}},
{"type":"Feature","geometry":{"type":"Polygon","coordinates":[[[-122.283208,37.864732],[-122.28321,37.864739],[-122.283167,37.864744],[-122.283166,37.864736],[-122.283112,37.864743],[-122.283104,37.864704],[-122.283133,37.8647],[-122.283127,37.864667],[-122.2833,37.864645],[-122.283306,37.864673],[-122.283326,37.86467],[-122.283336,37.864716],[-122.283208,37.864732]]]},"properties":{"id":"w825633093","b":"yes","lv":null,"n":null}},
{"type":"Feature","geometry":{"type":"Polygon","coordinates":[[[-122.282726,37.864108],[-122.282695,37.863963],[-122.282801,37.86395],[-122.282831,37.864094],[-122.282726,37.864108]]]},"properties":{"id":"w825633094","b":"yes","lv":null,"n":null}},
{"type":"Feature","geometry":{"type":"Polygon","coordinates":[[[-122.282853,37.864079],[-122.282825,37.863944],[-122.282905,37.863934],[-122.282933,37.864069],[-122.282853,37.864079]]]},"properties":{"id":"w825633095","b":"yes","lv":null,"n":null}},
{"type":"Feature","geometry":{"type":"Polygon","coordinates":[[[-122.282982,37.864032],[-122.282959,37.863926],[-122.283035,37.863916],[-122.283058,37.864022],[-122.282982,37.864032]]]},"properties":{"id":"w825633096","b":"yes","lv":null,"n":null}},
{"type":"Feature","geometry":{"type":"Polygon","coordinates":[[[-122.283147,37.864036],[-122.283157,37.864082],[-122.283094,37.864091],[-122.283083,37.864038],[-122.283092,37.864037],[-122.283065,37.863907],[-122.283116,37.8639],[-122.283118,37.863907],[-122.283163,37.863901],[-122.28319,37.864031],[-122.283147,37.864036]]]},"properties":{"id":"w825633097","b":"yes","lv":null,"n":null}},
{"type":"Feature","geometry":{"type":"Polygon","coordinates":[[[-122.282565,37.86442],[-122.282551,37.864357],[-122.282564,37.864355],[-122.282561,37.864341],[-122.282709,37.864321],[-122.282718,37.864363],[-122.282772,37.864356],[-122.28278,37.864392],[-122.282565,37.86442]]]},"properties":{"id":"w825633098","b":"yes","lv":null,"n":null}},
{"type":"Feature","geometry":{"type":"Polygon","coordinates":[[[-122.282541,37.86432],[-122.282533,37.864284],[-122.282539,37.864283],[-122.282529,37.864238],[-122.282691,37.864217],[-122.282708,37.864298],[-122.282541,37.86432]]]},"properties":{"id":"w825633099","b":"yes","lv":null,"n":null}},
{"type":"Feature","geometry":{"type":"Polygon","coordinates":[[[-122.282476,37.86412],[-122.282468,37.864082],[-122.282484,37.86408],[-122.282477,37.864044],[-122.282459,37.864046],[-122.282451,37.864006],[-122.282474,37.864003],[-122.28247,37.863981],[-122.282551,37.863971],[-122.28258,37.864106],[-122.282476,37.86412]]]},"properties":{"id":"w825633100","b":"yes","lv":null,"n":null}},
{"type":"Feature","geometry":{"type":"Polygon","coordinates":[[[-122.282616,37.86415],[-122.282578,37.863971],[-122.282665,37.86396],[-122.282702,37.864139],[-122.282616,37.86415]]]},"properties":{"id":"w825633102","b":"yes","lv":null,"n":null}},
{"type":"Feature","geometry":{"type":"Polygon","coordinates":[[[-122.282751,37.864673],[-122.282755,37.864692],[-122.282622,37.864709],[-122.282612,37.864663],[-122.282626,37.864661],[-122.282622,37.864646],[-122.282648,37.864643],[-122.282651,37.864658],[-122.282693,37.864652],[-122.282689,37.864634],[-122.28279,37.864621],[-122.282792,37.864633],[-122.282827,37.864628],[-122.282834,37.864662],[-122.282751,37.864673]]]},"properties":{"id":"w825633103","b":"yes","lv":null,"n":null}},
{"type":"Feature","geometry":{"type":"Polygon","coordinates":[[[-122.28809,37.866231],[-122.288089,37.866226],[-122.288037,37.866233],[-122.288033,37.866211],[-122.288011,37.866214],[-122.288003,37.866176],[-122.288214,37.866149],[-122.288227,37.866214],[-122.28809,37.866231]]]},"properties":{"id":"w825633104","b":"yes","lv":null,"n":null}},
{"type":"Feature","geometry":{"type":"Polygon","coordinates":[[[-122.282602,37.864618],[-122.282585,37.86454],[-122.282745,37.864519],[-122.282747,37.864527],[-122.282813,37.864518],[-122.282828,37.864589],[-122.282602,37.864618]]]},"properties":{"id":"w825633105","b":"yes","lv":null,"n":null}},
{"type":"Feature","geometry":{"type":"Polygon","coordinates":[[[-122.288056,37.866333],[-122.288052,37.866311],[-122.288033,37.866314],[-122.288026,37.866278],[-122.288258,37.866249],[-122.288269,37.866306],[-122.288056,37.866333]]]},"properties":{"id":"w825633107","b":"yes","lv":null,"n":null}},
{"type":"Feature","geometry":{"type":"Polygon","coordinates":[[[-122.288268,37.866362],[-122.28824,37.866366],[-122.288248,37.866403],[-122.288057,37.866428],[-122.288048,37.866384],[-122.288028,37.866387],[-122.288021,37.866352],[-122.288259,37.866322],[-122.288268,37.866362]]]},"properties":{"id":"w825633108","b":"yes","lv":null,"n":null}},
{"type":"Feature","geometry":{"type":"Polygon","coordinates":[[[-122.282579,37.864521],[-122.282567,37.864465],[-122.282588,37.864462],[-122.282585,37.864444],[-122.28274,37.864424],[-122.282756,37.864498],[-122.282579,37.864521]]]},"properties":{"id":"w825633109","b":"yes","lv":null,"n":null}},
{"type":"Feature","geometry":{"type":"Polygon","coordinates":[[[-122.288151,37.866063],[-122.288147,37.866045],[-122.287993,37.866065],[-122.287988,37.866041],[-122.287973,37.866043],[-122.287965,37.866005],[-122.288151,37.865982],[-122.288161,37.86603],[-122.288187,37.866026],[-122.288186,37.86602],[-122.288257,37.866011],[-122.288265,37.866048],[-122.288151,37.866063]]]},"properties":{"id":"w825633110","b":"yes","lv":null,"n":null}},
{"type":"Feature","geometry":{"type":"Polygon","coordinates":[[[-122.282652,37.864996],[-122.282642,37.864948],[-122.282662,37.864945],[-122.282656,37.864916],[-122.282802,37.864897],[-122.282819,37.864975],[-122.282652,37.864996]]]},"properties":{"id":"w825633112","b":"yes","lv":null,"n":null}},
{"type":"Feature","geometry":{"type":"Polygon","coordinates":[[[-122.282831,37.864796],[-122.282838,37.86483],[-122.2828,37.864835],[-122.28281,37.864881],[-122.282661,37.864901],[-122.282646,37.864829],[-122.282686,37.864824],[-122.282685,37.86482],[-122.282777,37.864808],[-122.282775,37.864802],[-122.282823,37.864796],[-122.282819,37.864777],[-122.282852,37.864773],[-122.282857,37.864793],[-122.282831,37.864796]]]},"properties":{"id":"w825633114","b":"yes","lv":null,"n":null}},
{"type":"Feature","geometry":{"type":"Polygon","coordinates":[[[-122.288022,37.866163],[-122.288018,37.866142],[-122.287995,37.866145],[-122.287988,37.866107],[-122.288306,37.866066],[-122.288318,37.866125],[-122.288022,37.866163]]]},"properties":{"id":"w825633115","b":"yes","lv":null,"n":null}},
{"type":"Feature","geometry":{"type":"Polygon","coordinates":[[[-122.282692,37.864784],[-122.282685,37.864754],[-122.28263,37.864761],[-122.282623,37.86473],[-122.282828,37.864704],[-122.282842,37.864768],[-122.282787,37.864776],[-122.282786,37.864771],[-122.282692,37.864784]]]},"properties":{"id":"w825633116","b":"yes","lv":null,"n":null}},
{"type":"Feature","geometry":{"type":"Polygon","coordinates":[[[-122.288606,37.866264],[-122.288592,37.866196],[-122.288763,37.866174],[-122.288777,37.866242],[-122.288606,37.866264]]]},"properties":{"id":"w825633117","b":"yes","lv":null,"n":null}},
{"type":"Feature","geometry":{"type":"Polygon","coordinates":[[[-122.28274,37.865281],[-122.282725,37.865208],[-122.282874,37.865188],[-122.282876,37.865198],[-122.282907,37.865194],[-122.282911,37.865215],[-122.282927,37.865213],[-122.282935,37.865251],[-122.282873,37.865259],[-122.282874,37.865264],[-122.28274,37.865281]]]},"properties":{"id":"w825633118","b":"yes","lv":null,"n":null}},
{"type":"Feature","geometry":{"type":"Polygon","coordinates":[[[-122.287907,37.865798],[-122.287896,37.865745],[-122.287914,37.865743],[-122.287907,37.865711],[-122.288058,37.865692],[-122.288064,37.865721],[-122.28808,37.865719],[-122.288092,37.865774],[-122.287907,37.865798]]]},"properties":{"id":"w825633119","b":"yes","lv":null,"n":null}},
{"type":"Feature","geometry":{"type":"Polygon","coordinates":[[[-122.288098,37.865837],[-122.288108,37.865881],[-122.287944,37.865902],[-122.287937,37.865869],[-122.287948,37.865868],[-122.287939,37.865823],[-122.288092,37.865803],[-122.288097,37.865826],[-122.288108,37.865824],[-122.28811,37.865835],[-122.288098,37.865837]]]},"properties":{"id":"w825633120","b":"yes","lv":null,"n":null}},
{"type":"Feature","geometry":{"type":"Polygon","coordinates":[[[-122.282759,37.865177],[-122.28276,37.865182],[-122.282749,37.865183],[-122.282748,37.865177],[-122.282727,37.86518],[-122.282719,37.865145],[-122.282701,37.865147],[-122.282697,37.865126],[-122.282716,37.865124],[-122.28271,37.865097],[-122.282774,37.865089],[-122.282776,37.8651],[-122.282804,37.865096],[-122.282807,37.86511],[-122.282827,37.865108],[-122.282824,37.865094],[-122.282893,37.865085],[-122.282908,37.865157],[-122.282759,37.865177]]]},"properties":{"id":"w825633121","b":"yes","lv":null,"n":null}},
{"type":"Feature","geometry":{"type":"Polygon","coordinates":[[[-122.282675,37.865096],[-122.282664,37.865045],[-122.282683,37.865043],[-122.282677,37.865013],[-122.282809,37.864996],[-122.282814,37.865016],[-122.282827,37.865014],[-122.28284,37.865075],[-122.282675,37.865096]]]},"properties":{"id":"w825633122","b":"yes","lv":null,"n":null}},
{"type":"Feature","geometry":{"type":"Polygon","coordinates":[[[-122.287945,37.865992],[-122.287937,37.865951],[-122.287958,37.865948],[-122.287951,37.865916],[-122.288106,37.865896],[-122.288122,37.86597],[-122.287945,37.865992]]]},"properties":{"id":"w825633123","b":"yes","lv":null,"n":null}},
{"type":"Feature","geometry":{"type":"Polygon","coordinates":[[[-122.288577,37.866154],[-122.288561,37.866079],[-122.288731,37.866057],[-122.288741,37.866106],[-122.288752,37.866104],[-122.288758,37.866131],[-122.288577,37.866154]]]},"properties":{"id":"w825633125","b":"yes","lv":null,"n":null}},
{"type":"Feature","geometry":{"type":"Polygon","coordinates":[[[-122.288002,37.865527],[-122.288009,37.865562],[-122.287868,37.86558],[-122.287859,37.865536],[-122.287879,37.865534],[-122.287873,37.865502],[-122.287985,37.865488],[-122.287982,37.865471],[-122.288048,37.865463],[-122.288059,37.86552],[-122.288002,37.865527]]]},"properties":{"id":"w825633130","b":"yes","lv":null,"n":null}},
{"type":"Feature","geometry":{"type":"Polygon","coordinates":[[[-122.287904,37.865686],[-122.287897,37.865652],[-122.287886,37.865654],[-122.287877,37.865608],[-122.288025,37.865589],[-122.288041,37.865668],[-122.287904,37.865686]]]},"properties":{"id":"w825633132","b":"yes","lv":null,"n":null}},
{"type":"Feature","geometry":{"type":"Polygon","coordinates":[[[-122.283334,37.865104],[-122.283321,37.865041],[-122.283451,37.865024],[-122.283464,37.865087],[-122.283334,37.865104]]]},"properties":{"id":"w825633133","b":"yes","lv":null,"n":null}},
{"type":"Feature","geometry":{"type":"Polygon","coordinates":[[[-122.287843,37.865212],[-122.287845,37.865221],[-122.287803,37.865226],[-122.287801,37.865217],[-122.287768,37.865222],[-122.28775,37.865134],[-122.287846,37.865122],[-122.287864,37.865209],[-122.287843,37.865212]]]},"properties":{"id":"w825633134","b":"yes","lv":null,"n":null}},
{"type":"Feature","geometry":{"type":"Polygon","coordinates":[[[-122.283269,37.86502],[-122.283263,37.864992],[-122.283228,37.864997],[-122.283222,37.864968],[-122.283258,37.864963],[-122.283253,37.864943],[-122.283396,37.864924],[-122.283403,37.864957],[-122.28341,37.864957],[-122.283419,37.865],[-122.283269,37.86502]]]},"properties":{"id":"w825633135","b":"yes","lv":null,"n":null}},
{"type":"Feature","geometry":{"type":"Polygon","coordinates":[[[-122.287785,37.86528],[-122.287776,37.865236],[-122.287851,37.865227],[-122.28786,37.86527],[-122.287785,37.86528]]]},"properties":{"id":"w825633136","b":"yes","lv":null,"n":null}},
{"type":"Feature","geometry":{"type":"Polygon","coordinates":[[[-122.283251,37.86492],[-122.28325,37.864914],[-122.2832,37.86492],[-122.283199,37.864915],[-122.283132,37.864924],[-122.283119,37.86486],[-122.283187,37.864851],[-122.283185,37.864846],[-122.283351,37.864824],[-122.283368,37.864905],[-122.283251,37.86492]]]},"properties":{"id":"w825633137","b":"yes","lv":null,"n":null}},
{"type":"Feature","geometry":{"type":"Polygon","coordinates":[[[-122.287919,37.865325],[-122.287924,37.865348],[-122.287808,37.865363],[-122.287793,37.865292],[-122.287911,37.865277],[-122.287917,37.865307],[-122.287926,37.865305],[-122.28793,37.865323],[-122.287919,37.865325]]]},"properties":{"id":"w825633138","b":"yes","lv":null,"n":null}},
{"type":"Feature","geometry":{"type":"Polygon","coordinates":[[[-122.28314,37.86484],[-122.283135,37.864816],[-122.283126,37.864818],[-122.283116,37.864768],[-122.283211,37.864755],[-122.283215,37.864773],[-122.283257,37.864768],[-122.283253,37.86475],[-122.283322,37.864741],[-122.283338,37.864814],[-122.28314,37.86484]]]},"properties":{"id":"w825633139","b":"yes","lv":null,"n":null}},
{"type":"Feature","geometry":{"type":"Polygon","coordinates":[[[-122.287843,37.86547],[-122.287835,37.865428],[-122.287846,37.865427],[-122.287837,37.865383],[-122.287921,37.865372],[-122.287939,37.865458],[-122.287843,37.86547]]]},"properties":{"id":"w825633140","b":"yes","lv":null,"n":null}},
{"type":"Feature","geometry":{"type":"Polygon","coordinates":[[[-122.288213,37.865217],[-122.288211,37.865206],[-122.28818,37.86521],[-122.288173,37.865175],[-122.288145,37.865179],[-122.288126,37.865087],[-122.288221,37.865075],[-122.288249,37.865213],[-122.288213,37.865217]]]},"properties":{"id":"w825633142","b":"yes","lv":null,"n":null}},
{"type":"Feature","geometry":{"type":"Polygon","coordinates":[[[-122.288443,37.865284],[-122.28843,37.865222],[-122.288482,37.865216],[-122.288495,37.865278],[-122.288443,37.865284]]]},"properties":{"id":"w825633143","b":"yes","lv":null,"n":null}},
{"type":"Feature","geometry":{"type":"Polygon","coordinates":[[[-122.288123,37.865181],[-122.28813,37.865216],[-122.288112,37.865218],[-122.288116,37.865238],[-122.288086,37.865242],[-122.288081,37.865216],[-122.288054,37.86522],[-122.288048,37.865187],[-122.28803,37.86519],[-122.288012,37.865103],[-122.288107,37.865091],[-122.288126,37.865181],[-122.288123,37.865181]]]},"properties":{"id":"w825633145","b":"yes","lv":null,"n":null}},
{"type":"Feature","geometry":{"type":"Polygon","coordinates":[[[-122.283274,37.865222],[-122.28326,37.865156],[-122.283569,37.865115],[-122.283583,37.865182],[-122.283274,37.865222]]]},"properties":{"id":"w825633146","b":"yes","lv":null,"n":null}},
{"type":"Feature","geometry":{"type":"Polygon","coordinates":[[[-122.287906,37.86523],[-122.287898,37.865194],[-122.287911,37.865192],[-122.287895,37.865115],[-122.287991,37.865103],[-122.288011,37.865196],[-122.288029,37.865194],[-122.28804,37.865244],[-122.287995,37.86525],[-122.287986,37.865207],[-122.287963,37.865209],[-122.287966,37.865222],[-122.287906,37.86523]]]},"properties":{"id":"w825633148","b":"yes","lv":null,"n":null}},
{"type":"Feature","geometry":{"type":"Polygon","coordinates":[[[-122.288511,37.865277],[-122.288505,37.865248],[-122.288532,37.865244],[-122.288525,37.865208],[-122.288592,37.8652],[-122.288606,37.865265],[-122.288511,37.865277]]]},"properties":{"id":"w825633149","b":"yes","lv":null,"n":null}},
{"type":"Feature","geometry":{"type":"Polygon","coordinates":[[[-122.288563,37.865165],[-122.288564,37.86517],[-122.288516,37.865176],[-122.288515,37.86517],[-122.288477,37.865175],[-122.288449,37.865039],[-122.28855,37.865026],[-122.288563,37.86509],[-122.288571,37.865089],[-122.288586,37.865162],[-122.288563,37.865165]]]},"properties":{"id":"w825633151","b":"yes","lv":null,"n":null}},
{"type":"Feature","geometry":{"type":"Polygon","coordinates":[[[-122.282761,37.865357],[-122.282756,37.865331],[-122.282741,37.865333],[-122.282737,37.865316],[-122.282753,37.865314],[-122.282748,37.86529],[-122.282805,37.865282],[-122.282807,37.865292],[-122.282817,37.86529],[-122.282816,37.865283],[-122.28289,37.865273],[-122.282896,37.865299],[-122.282917,37.865296],[-122.282925,37.865336],[-122.282761,37.865357]]]},"properties":{"id":"w825633152","b":"yes","lv":null,"n":null}},
{"type":"Feature","geometry":{"type":"Polygon","coordinates":[[[-122.288366,37.865209],[-122.288359,37.865176],[-122.288366,37.865175],[-122.28834,37.865051],[-122.288429,37.86504],[-122.288457,37.865171],[-122.288415,37.865176],[-122.288421,37.865202],[-122.288366,37.865209]]]},"properties":{"id":"w825633153","b":"yes","lv":null,"n":null}},
{"type":"Feature","geometry":{"type":"Polygon","coordinates":[[[-122.288268,37.865209],[-122.288239,37.865069],[-122.288327,37.865058],[-122.288356,37.865198],[-122.288268,37.865209]]]},"properties":{"id":"w825633155","b":"yes","lv":null,"n":null}},
{"type":"Feature","geometry":{"type":"Polygon","coordinates":[[[-122.282861,37.865556],[-122.282863,37.865562],[-122.282839,37.865565],[-122.282837,37.865556],[-122.282796,37.865562],[-122.282779,37.865482],[-122.282863,37.865471],[-122.282881,37.865554],[-122.282861,37.865556]]]},"properties":{"id":"w825633157","b":"yes","lv":null,"n":null}},
{"type":"Feature","geometry":{"type":"Polygon","coordinates":[[[-122.282986,37.865426],[-122.282948,37.865431],[-122.282949,37.865436],[-122.282815,37.865453],[-122.282814,37.865448],[-122.282778,37.865453],[-122.282767,37.865402],[-122.282774,37.865401],[-122.282771,37.865384],[-122.2828,37.865381],[-122.282799,37.865378],[-122.282931,37.86536],[-122.282936,37.865382],[-122.282961,37.865379],[-122.282963,37.865389],[-122.282978,37.865387],[-122.282986,37.865426]]]},"properties":{"id":"w825633159","b":"yes","lv":null,"n":null}},
{"type":"Feature","geometry":{"type":"Polygon","coordinates":[[[-122.28546,37.869827],[-122.285449,37.869774],[-122.285487,37.869769],[-122.285483,37.869748],[-122.285471,37.86975],[-122.28543,37.869542],[-122.285079,37.869586],[-122.28513,37.869842],[-122.285029,37.869855],[-122.284978,37.8696],[-122.28496,37.869603],[-122.284944,37.869522],[-122.285453,37.869458],[-122.285526,37.869819],[-122.28546,37.869827]]]},"properties":{"id":"w825633161","b":"apartments","lv":"2","n":"Erna P. Harris Court"}},
{"type":"Feature","geometry":{"type":"Polygon","coordinates":[[[-122.285266,37.869836],[-122.285268,37.869848],[-122.285238,37.869852],[-122.285239,37.869858],[-122.285191,37.869864],[-122.285178,37.869797],[-122.285238,37.869789],[-122.28522,37.869701],[-122.285282,37.869693],[-122.28531,37.86983],[-122.285266,37.869836]]]},"properties":{"id":"w825633163","b":"yes","lv":null,"n":null}},
{"type":"Feature","geometry":{"type":"Polygon","coordinates":[[[-122.283323,37.865372],[-122.28331,37.865308],[-122.283614,37.865268],[-122.283627,37.865332],[-122.283323,37.865372]]]},"properties":{"id":"w825633166","b":"yes","lv":null,"n":null}},
{"type":"Feature","geometry":{"type":"Polygon","coordinates":[[[-122.288494,37.865626],[-122.288493,37.865621],[-122.288429,37.865629],[-122.288419,37.865578],[-122.288448,37.865575],[-122.288443,37.865553],[-122.288614,37.865531],[-122.28862,37.865562],[-122.288643,37.865559],[-122.288652,37.865606],[-122.288494,37.865626]]]},"properties":{"id":"w825633167","b":"yes","lv":null,"n":null}},
{"type":"Feature","geometry":{"type":"Polygon","coordinates":[[[-122.283203,37.865512],[-122.283197,37.865483],[-122.283188,37.865484],[-122.283195,37.865517],[-122.283137,37.865524],[-122.283127,37.865477],[-122.283083,37.865483],[-122.283073,37.865437],[-122.283183,37.865422],[-122.283186,37.865437],[-122.283301,37.865422],[-122.283317,37.865497],[-122.283203,37.865512]]]},"properties":{"id":"w825633168","b":"yes","lv":null,"n":null}},
{"type":"Feature","geometry":{"type":"Polygon","coordinates":[[[-122.288627,37.86548],[-122.288453,37.865503],[-122.288443,37.865451],[-122.28843,37.865452],[-122.288428,37.86544],[-122.288441,37.865439],[-122.288438,37.865424],[-122.28861,37.865402],[-122.288627,37.86548]]]},"properties":{"id":"w825633169","b":"yes","lv":null,"n":null}},
{"type":"Feature","geometry":{"type":"Polygon","coordinates":[[[-122.284514,37.869668],[-122.284513,37.869665],[-122.284346,37.869685],[-122.284335,37.869632],[-122.284328,37.869633],[-122.284324,37.869612],[-122.284497,37.86959],[-122.2845,37.869605],[-122.284543,37.8696],[-122.284551,37.869642],[-122.284566,37.86964],[-122.28457,37.869661],[-122.284514,37.869668]]]},"properties":{"id":"w825633170","b":"yes","lv":null,"n":null}},
{"type":"Feature","geometry":{"type":"Polygon","coordinates":[[[-122.282965,37.865545],[-122.28295,37.865473],[-122.283058,37.865459],[-122.283073,37.865531],[-122.282965,37.865545]]]},"properties":{"id":"w825633173","b":"yes","lv":null,"n":null}},
{"type":"Feature","geometry":{"type":"Polygon","coordinates":[[[-122.282906,37.865551],[-122.282892,37.865483],[-122.282923,37.865479],[-122.282937,37.865547],[-122.282906,37.865551]]]},"properties":{"id":"w825633174","b":"yes","lv":null,"n":null}},
{"type":"Feature","geometry":{"type":"Polygon","coordinates":[[[-122.284491,37.869531],[-122.284499,37.869569],[-122.284342,37.869589],[-122.284334,37.869549],[-122.284314,37.869552],[-122.284306,37.869509],[-122.284557,37.869478],[-122.284566,37.869522],[-122.284491,37.869531]]]},"properties":{"id":"w825633176","b":"yes","lv":null,"n":null}},
{"type":"Feature","geometry":{"type":"Polygon","coordinates":[[[-122.283504,37.864193],[-122.283487,37.864108],[-122.283606,37.864093],[-122.283608,37.864104],[-122.283621,37.864103],[-122.283624,37.864119],[-122.283611,37.864121],[-122.283615,37.86414],[-122.283649,37.864135],[-122.283656,37.864174],[-122.283504,37.864193]]]},"properties":{"id":"w825633177","b":"yes","lv":null,"n":null}},
{"type":"Feature","geometry":{"type":"Polygon","coordinates":[[[-122.284539,37.869352],[-122.28455,37.869403],[-122.284503,37.869409],[-122.28449,37.869346],[-122.284486,37.869346],[-122.284463,37.869234],[-122.28449,37.869231],[-122.284487,37.869218],[-122.284519,37.869214],[-122.284522,37.869228],[-122.284556,37.869223],[-122.284582,37.869347],[-122.284539,37.869352]]]},"properties":{"id":"w825633179","b":"detached","lv":null,"n":null}},
{"type":"Feature","geometry":{"type":"Polygon","coordinates":[[[-122.28363,37.865419],[-122.283638,37.865457],[-122.283525,37.865472],[-122.283509,37.865397],[-122.283622,37.865383],[-122.283624,37.865392],[-122.283634,37.865391],[-122.283639,37.865418],[-122.28363,37.865419]]]},"properties":{"id":"w825633180","b":"yes","lv":null,"n":null}},
{"type":"Feature","geometry":{"type":"Polygon","coordinates":[[[-122.288544,37.865939],[-122.288528,37.865865],[-122.288553,37.865862],[-122.288552,37.865856],[-122.288591,37.865851],[-122.288592,37.865858],[-122.288693,37.865845],[-122.288699,37.865875],[-122.288723,37.865872],[-122.288731,37.865915],[-122.288544,37.865939]]]},"properties":{"id":"w825633181","b":"yes","lv":null,"n":null}},
{"type":"Feature","geometry":{"type":"Polygon","coordinates":[[[-122.284388,37.869423],[-122.284346,37.869215],[-122.28441,37.869207],[-122.284424,37.869278],[-122.284434,37.869276],[-122.284444,37.869327],[-122.284455,37.869325],[-122.284472,37.869412],[-122.284388,37.869423]]]},"properties":{"id":"w825633182","b":"yes","lv":null,"n":null}},
{"type":"Feature","geometry":{"type":"Polygon","coordinates":[[[-122.283504,37.865412],[-122.283445,37.865419],[-122.283436,37.865376],[-122.283495,37.865369],[-122.283504,37.865412]]]},"properties":{"id":"w825633183","b":"yes","lv":null,"n":null}},
{"type":"Feature","geometry":{"type":"Polygon","coordinates":[[[-122.288625,37.865818],[-122.288623,37.865809],[-122.288521,37.865822],[-122.288504,37.865739],[-122.288642,37.865721],[-122.288649,37.865755],[-122.288673,37.865752],[-122.288685,37.86581],[-122.288625,37.865818]]]},"properties":{"id":"w825633184","b":"yes","lv":null,"n":null}},
{"type":"Feature","geometry":{"type":"Polygon","coordinates":[[[-122.288508,37.865723],[-122.288491,37.86564],[-122.28865,37.86562],[-122.288667,37.865702],[-122.288508,37.865723]]]},"properties":{"id":"w825633185","b":"yes","lv":null,"n":null}},
{"type":"Feature","geometry":{"type":"Polygon","coordinates":[[[-122.284307,37.869457],[-122.284304,37.869443],[-122.284275,37.869446],[-122.284234,37.869241],[-122.284294,37.869233],[-122.284291,37.869219],[-122.284322,37.869215],[-122.28437,37.869449],[-122.284307,37.869457]]]},"properties":{"id":"w825633186","b":"yes","lv":null,"n":null}},
{"type":"Feature","geometry":{"type":"Polygon","coordinates":[[[-122.283338,37.865494],[-122.283318,37.8654],[-122.28337,37.865393],[-122.283374,37.865413],[-122.283437,37.865405],[-122.283452,37.865479],[-122.283338,37.865494]]]},"properties":{"id":"w825633187","b":"yes","lv":null,"n":null}},
{"type":"Feature","geometry":{"type":"Polygon","coordinates":[[[-122.288752,37.866403],[-122.288754,37.866411],[-122.288711,37.866417],[-122.288701,37.866371],[-122.288817,37.866356],[-122.288825,37.866394],[-122.288752,37.866403]]]},"properties":{"id":"w825633188","b":"yes","lv":null,"n":null}},
{"type":"Feature","geometry":{"type":"Polygon","coordinates":[[[-122.284923,37.869322],[-122.284894,37.869175],[-122.284974,37.869165],[-122.284987,37.869232],[-122.284972,37.869234],[-122.284977,37.869258],[-122.285008,37.869254],[-122.285019,37.86931],[-122.284923,37.869322]]]},"properties":{"id":"w825633189","b":"yes","lv":null,"n":null}},
{"type":"Feature","geometry":{"type":"Polygon","coordinates":[[[-122.283608,37.864678],[-122.283603,37.864653],[-122.283586,37.864656],[-122.283578,37.864614],[-122.28373,37.864594],[-122.283738,37.864633],[-122.283744,37.864632],[-122.28375,37.86466],[-122.283608,37.864678]]]},"properties":{"id":"w825633190","b":"yes","lv":null,"n":null}},
{"type":"Feature","geometry":{"type":"Polygon","coordinates":[[[-122.283689,37.86436],[-122.283675,37.864361],[-122.283678,37.864377],[-122.283544,37.864394],[-122.283528,37.864319],[-122.283676,37.8643],[-122.283689,37.86436]]]},"properties":{"id":"w825633191","b":"yes","lv":null,"n":null}},
{"type":"Feature","geometry":{"type":"Polygon","coordinates":[[[-122.288747,37.866335],[-122.288745,37.866326],[-122.288701,37.866331],[-122.288703,37.86634],[-122.288622,37.866351],[-122.288608,37.866281],[-122.28869,37.866271],[-122.288692,37.866281],[-122.288721,37.866277],[-122.288719,37.866267],[-122.288775,37.86626],[-122.288789,37.86633],[-122.288747,37.866335]]]},"properties":{"id":"w825633192","b":"yes","lv":null,"n":null}},
{"type":"Feature","geometry":{"type":"Polygon","coordinates":[[[-122.284883,37.869355],[-122.28488,37.86934],[-122.284857,37.869343],[-122.284851,37.869312],[-122.284824,37.869316],[-122.284799,37.869191],[-122.284883,37.869181],[-122.284917,37.869351],[-122.284883,37.869355]]]},"properties":{"id":"w825633193","b":"yes","lv":null,"n":null}},
{"type":"Feature","geometry":{"type":"Polygon","coordinates":[[[-122.283693,37.864266],[-122.283696,37.864281],[-122.283515,37.864304],[-122.2835,37.864229],[-122.283667,37.864207],[-122.283664,37.86419],[-122.283732,37.864182],[-122.283747,37.864259],[-122.283693,37.864266]]]},"properties":{"id":"w825633194","b":"yes","lv":null,"n":null}},
{"type":"Feature","geometry":{"type":"Polygon","coordinates":[[[-122.288519,37.866049],[-122.288509,37.866],[-122.288548,37.865995],[-122.288542,37.865969],[-122.288716,37.865947],[-122.288731,37.866022],[-122.288519,37.866049]]]},"properties":{"id":"w825633195","b":"yes","lv":null,"n":null}},
{"type":"Feature","geometry":{"type":"Polygon","coordinates":[[[-122.284705,37.86934],[-122.284698,37.869306],[-122.284712,37.869304],[-122.284703,37.869259],[-122.284689,37.869261],[-122.28468,37.869215],[-122.284736,37.869208],[-122.284734,37.869195],[-122.284775,37.86919],[-122.284788,37.869255],[-122.284781,37.869256],[-122.284795,37.869329],[-122.284705,37.86934]]]},"properties":{"id":"w825633196","b":"detached","lv":null,"n":null}},
{"type":"Feature","geometry":{"type":"Polygon","coordinates":[[[-122.284648,37.86933],[-122.28465,37.869341],[-122.284603,37.869346],[-122.284574,37.869204],[-122.284625,37.869198],[-122.284627,37.86921],[-122.284668,37.869204],[-122.284692,37.869324],[-122.284648,37.86933]]]},"properties":{"id":"w825633197","b":"detached","lv":null,"n":null}},
{"type":"Feature","geometry":{"type":"Polygon","coordinates":[[[-122.285564,37.869379],[-122.285562,37.86937],[-122.285549,37.869371],[-122.285553,37.869392],[-122.285503,37.869399],[-122.285456,37.869168],[-122.285407,37.869174],[-122.285392,37.869099],[-122.285546,37.86908],[-122.285605,37.869374],[-122.285564,37.869379]]]},"properties":{"id":"w825633200","b":"apartments","lv":"2","n":null}},
{"type":"Feature","geometry":{"type":"Polygon","coordinates":[[[-122.28375,37.86452],[-122.283759,37.864563],[-122.28359,37.864585],[-122.283582,37.864544],[-122.283561,37.864547],[-122.283555,37.864515],[-122.283767,37.864488],[-122.283771,37.864507],[-122.283781,37.864506],[-122.283783,37.864515],[-122.28375,37.86452]]]},"properties":{"id":"w825633201","b":"yes","lv":null,"n":null}},
{"type":"Feature","geometry":{"type":"Polygon","coordinates":[[[-122.287328,37.866747],[-122.287315,37.866682],[-122.287302,37.866684],[-122.287286,37.866602],[-122.287394,37.866589],[-122.28741,37.866671],[-122.287393,37.866673],[-122.287406,37.866737],[-122.287328,37.866747]]]},"properties":{"id":"w825633202","b":"yes","lv":null,"n":null}},
{"type":"Feature","geometry":{"type":"Polygon","coordinates":[[[-122.288688,37.866617],[-122.28869,37.866628],[-122.288621,37.866637],[-122.288598,37.866527],[-122.288641,37.866521],[-122.288638,37.866509],[-122.288693,37.866502],[-122.288716,37.866613],[-122.288688,37.866617]]]},"properties":{"id":"w825633203","b":"yes","lv":null,"n":null}},
{"type":"Feature","geometry":{"type":"Polygon","coordinates":[[[-122.283567,37.86449],[-122.283552,37.864414],[-122.283738,37.864391],[-122.283742,37.864408],[-122.283788,37.864402],[-122.2838,37.86446],[-122.283567,37.86449]]]},"properties":{"id":"w825633205","b":"yes","lv":null,"n":null}},
{"type":"Feature","geometry":{"type":"Polygon","coordinates":[[[-122.285277,37.869302],[-122.285262,37.869227],[-122.285312,37.869221],[-122.2853,37.869165],[-122.285284,37.869167],[-122.285278,37.869134],[-122.285294,37.869132],[-122.285291,37.869119],[-122.285373,37.869109],[-122.285408,37.869286],[-122.285277,37.869302]]]},"properties":{"id":"w825633206","b":"semidetached_house","lv":null,"n":null}},
{"type":"Feature","geometry":{"type":"Polygon","coordinates":[[[-122.283816,37.864843],[-122.283814,37.864833],[-122.283767,37.864839],[-122.283771,37.86486],[-122.283705,37.864869],[-122.283699,37.864839],[-122.283735,37.864834],[-122.283724,37.864781],[-122.283906,37.864758],[-122.28392,37.86483],[-122.283816,37.864843]]]},"properties":{"id":"w825633207","b":"yes","lv":null,"n":null}},
{"type":"Feature","geometry":{"type":"Polygon","coordinates":[[[-122.288848,37.866562],[-122.288856,37.8666],[-122.288772,37.866611],[-122.288764,37.866571],[-122.288751,37.866573],[-122.28873,37.866471],[-122.288842,37.866457],[-122.288863,37.86656],[-122.288848,37.866562]]]},"properties":{"id":"w825633208","b":"yes","lv":null,"n":null}},
{"type":"Feature","geometry":{"type":"Polygon","coordinates":[[[-122.283748,37.864952],[-122.283736,37.864894],[-122.283834,37.864882],[-122.283829,37.864858],[-122.28389,37.86485],[-122.283899,37.864894],[-122.283911,37.864893],[-122.283918,37.86493],[-122.283748,37.864952]]]},"properties":{"id":"w825633209","b":"yes","lv":null,"n":null}},
{"type":"Feature","geometry":{"type":"Polygon","coordinates":[[[-122.285141,37.869306],[-122.285107,37.869139],[-122.28515,37.869133],[-122.285153,37.869148],[-122.285197,37.869143],[-122.285227,37.869295],[-122.285141,37.869306]]]},"properties":{"id":"w825633211","b":"detached","lv":null,"n":null}},
{"type":"Feature","geometry":{"type":"Polygon","coordinates":[[[-122.283831,37.864745],[-122.283703,37.864762],[-122.283705,37.864772],[-122.283634,37.864781],[-122.283629,37.864753],[-122.283677,37.864747],[-122.283666,37.86469],[-122.283816,37.864671],[-122.283831,37.864745]]]},"properties":{"id":"w825633212","b":"yes","lv":null,"n":null}},
{"type":"Feature","geometry":{"type":"Polygon","coordinates":[[[-122.288206,37.866682],[-122.288181,37.866558],[-122.28823,37.866551],[-122.288235,37.866576],[-122.288276,37.866571],[-122.288294,37.866657],[-122.288272,37.86666],[-122.288274,37.866673],[-122.288206,37.866682]]]},"properties":{"id":"w825633213","b":"yes","lv":null,"n":null}},
{"type":"Feature","geometry":{"type":"Polygon","coordinates":[[[-122.286358,37.869344],[-122.286319,37.869013],[-122.286459,37.869003],[-122.286463,37.869036],[-122.286481,37.869035],[-122.286495,37.869158],[-122.286478,37.869159],[-122.286499,37.869334],[-122.286358,37.869344]]]},"properties":{"id":"w825633214","b":"kindergarten","lv":null,"n":null}},
{"type":"Feature","geometry":{"type":"Polygon","coordinates":[[[-122.285885,37.869386],[-122.285829,37.869104],[-122.285937,37.86909],[-122.285994,37.869372],[-122.285885,37.869386]]]},"properties":{"id":"w825633215","b":"semidetached_house","lv":null,"n":null}},
{"type":"Feature","geometry":{"type":"Polygon","coordinates":[[[-122.288354,37.866662],[-122.288343,37.866608],[-122.288356,37.866606],[-122.288344,37.866548],[-122.288332,37.86655],[-122.288317,37.866482],[-122.288425,37.866468],[-122.288462,37.866648],[-122.288354,37.866662]]]},"properties":{"id":"w825633217","b":"yes","lv":null,"n":null}},
{"type":"Feature","geometry":{"type":"Polygon","coordinates":[[[-122.285751,37.869258],[-122.285712,37.869069],[-122.285745,37.869064],[-122.285743,37.869058],[-122.285763,37.869055],[-122.285764,37.869063],[-122.285805,37.869058],[-122.285844,37.869246],[-122.285751,37.869258]]]},"properties":{"id":"w825633218","b":"semidetached_house","lv":null,"n":null}},
{"type":"Feature","geometry":{"type":"Polygon","coordinates":[[[-122.288479,37.866648],[-122.288454,37.866524],[-122.288566,37.86651],[-122.288591,37.866634],[-122.288479,37.866648]]]},"properties":{"id":"w825633221","b":"yes","lv":null,"n":null}},
{"type":"Feature","geometry":{"type":"Polygon","coordinates":[[[-122.285695,37.869167],[-122.285699,37.869188],[-122.285666,37.869192],[-122.285662,37.869173],[-122.285626,37.869177],[-122.28563,37.869196],[-122.285598,37.8692],[-122.285576,37.869092],[-122.285667,37.869081],[-122.28567,37.869094],[-122.285697,37.869091],[-122.285712,37.869165],[-122.285695,37.869167]]]},"properties":{"id":"w825633222","b":"detached","lv":null,"n":null}},
{"type":"Feature","geometry":{"type":"Polygon","coordinates":[[[-122.28381,37.865139],[-122.283802,37.865097],[-122.283791,37.865099],[-122.283786,37.865076],[-122.283918,37.865059],[-122.283922,37.865077],[-122.283934,37.865075],[-122.283944,37.865122],[-122.28381,37.865139]]]},"properties":{"id":"w825633226","b":"yes","lv":null,"n":null}},
{"type":"Feature","geometry":{"type":"Polygon","coordinates":[[[-122.283968,37.865419],[-122.283964,37.865401],[-122.2839,37.865409],[-122.283889,37.865355],[-122.283921,37.865351],[-122.283914,37.865319],[-122.284024,37.865305],[-122.284035,37.865357],[-122.284068,37.865353],[-122.284078,37.865405],[-122.283968,37.865419]]]},"properties":{"id":"w825633227","b":"yes","lv":null,"n":null}},
{"type":"Feature","geometry":{"type":"Polygon","coordinates":[[[-122.286563,37.869686],[-122.286538,37.869479],[-122.28663,37.869473],[-122.286655,37.869679],[-122.286563,37.869686]]]},"properties":{"id":"w825633228","b":"yes","lv":null,"n":null}},
{"type":"Feature","geometry":{"type":"Polygon","coordinates":[[[-122.284087,37.865402],[-122.284074,37.865337],[-122.28415,37.865328],[-122.284163,37.865392],[-122.284087,37.865402]]]},"properties":{"id":"w825633229","b":"yes","lv":null,"n":null}},
{"type":"Feature","geometry":{"type":"Polygon","coordinates":[[[-122.287235,37.866776],[-122.28722,37.866702],[-122.28729,37.866693],[-122.287306,37.866767],[-122.287235,37.866776]]]},"properties":{"id":"w825633230","b":"yes","lv":null,"n":null}},
{"type":"Feature","geometry":{"type":"Polygon","coordinates":[[[-122.286668,37.869074],[-122.28667,37.869085],[-122.286673,37.869085],[-122.286676,37.869108],[-122.286663,37.869109],[-122.286665,37.869134],[-122.286603,37.869139],[-122.286596,37.869081],[-122.286613,37.86908],[-122.2866,37.868969],[-122.286631,37.868967],[-122.28663,37.868957],[-122.286673,37.868954],[-122.286687,37.869072],[-122.286668,37.869074]]]},"properties":{"id":"w825633231","b":"yes","lv":null,"n":null}},
{"type":"Feature","geometry":{"type":"Polygon","coordinates":[[[-122.28678,37.869061],[-122.286785,37.869103],[-122.286735,37.869107],[-122.286717,37.868961],[-122.286753,37.868958],[-122.286751,37.868943],[-122.286799,37.868939],[-122.286813,37.869058],[-122.28678,37.869061]]]},"properties":{"id":"w825633232","b":"yes","lv":null,"n":null}},
{"type":"Feature","geometry":{"type":"Polygon","coordinates":[[[-122.283797,37.865047],[-122.28379,37.865013],[-122.28378,37.865014],[-122.283772,37.864974],[-122.283944,37.864952],[-122.283959,37.865027],[-122.283797,37.865047]]]},"properties":{"id":"w825633233","b":"yes","lv":null,"n":null}},
{"type":"Feature","geometry":{"type":"Polygon","coordinates":[[[-122.288158,37.866631],[-122.288164,37.86666],[-122.288157,37.866661],[-122.288163,37.866693],[-122.288074,37.866705],[-122.288068,37.866674],[-122.28808,37.866672],[-122.288061,37.866581],[-122.288049,37.866582],[-122.288043,37.866549],[-122.288134,37.866538],[-122.28814,37.866569],[-122.288146,37.866568],[-122.288152,37.866599],[-122.28817,37.866597],[-122.288177,37.866629],[-122.288158,37.866631]]]},"properties":{"id":"w825633234","b":"yes","lv":null,"n":null}},
{"type":"Feature","geometry":{"type":"Polygon","coordinates":[[[-122.287099,37.868941],[-122.287082,37.868855],[-122.287126,37.868849],[-122.287129,37.868865],[-122.287194,37.868857],[-122.287196,37.868869],[-122.28722,37.868866],[-122.287223,37.868883],[-122.28725,37.86888],[-122.287258,37.868921],[-122.287099,37.868941]]]},"properties":{"id":"w825633235","b":"yes","lv":null,"n":null}},
{"type":"Feature","geometry":{"type":"Polygon","coordinates":[[[-122.286998,37.869058],[-122.286995,37.86903],[-122.28697,37.869032],[-122.286958,37.868927],[-122.286993,37.868925],[-122.286989,37.868885],[-122.287037,37.868881],[-122.287057,37.869054],[-122.286998,37.869058]]]},"properties":{"id":"w825633239","b":"yes","lv":null,"n":null}},
{"type":"Feature","geometry":{"type":"Polygon","coordinates":[[[-122.28685,37.869049],[-122.286836,37.868932],[-122.286917,37.868926],[-122.286919,37.868943],[-122.286925,37.868942],[-122.286926,37.868952],[-122.28692,37.868952],[-122.286931,37.869043],[-122.28685,37.869049]]]},"properties":{"id":"w825633241","b":"yes","lv":null,"n":null}},
{"type":"Feature","geometry":{"type":"Polygon","coordinates":[[[-122.283882,37.865303],[-122.283871,37.865249],[-122.283978,37.865235],[-122.283979,37.86524],[-122.284027,37.865233],[-122.284038,37.865283],[-122.283882,37.865303]]]},"properties":{"id":"w825633242","b":"yes","lv":null,"n":null}},
{"type":"Feature","geometry":{"type":"Polygon","coordinates":[[[-122.284,37.865179],[-122.284003,37.865197],[-122.283871,37.865214],[-122.283868,37.8652],[-122.283853,37.865202],[-122.283843,37.865156],[-122.28387,37.865152],[-122.283869,37.865147],[-122.283883,37.865145],[-122.283884,37.865151],[-122.284008,37.865135],[-122.284017,37.865177],[-122.284,37.865179]]]},"properties":{"id":"w825633244","b":"yes","lv":null,"n":null}},
{"type":"Feature","geometry":{"type":"Polygon","coordinates":[[[-122.286684,37.869634],[-122.286667,37.869487],[-122.286757,37.86948],[-122.286774,37.869627],[-122.286684,37.869634]]]},"properties":{"id":"w825633246","b":"yes","lv":null,"n":null}},
{"type":"Feature","geometry":{"type":"Polygon","coordinates":[[[-122.287486,37.865518],[-122.287485,37.865513],[-122.28745,37.865518],[-122.287435,37.865447],[-122.287475,37.865442],[-122.287474,37.865437],[-122.287562,37.865426],[-122.287579,37.865506],[-122.287486,37.865518]]]},"properties":{"id":"w825633248","b":"yes","lv":null,"n":null}},
{"type":"Feature","geometry":{"type":"Polygon","coordinates":[[[-122.28415,37.864999],[-122.284144,37.864968],[-122.284157,37.864966],[-122.284154,37.864954],[-122.284168,37.864952],[-122.284162,37.864926],[-122.284285,37.86491],[-122.284286,37.864917],[-122.284303,37.864915],[-122.284315,37.864978],[-122.28415,37.864999]]]},"properties":{"id":"w825633252","b":"yes","lv":null,"n":null}},
{"type":"Feature","geometry":{"type":"Polygon","coordinates":[[[-122.287209,37.869033],[-122.287207,37.869025],[-122.28711,37.869037],[-122.287107,37.869025],[-122.287082,37.869028],[-122.287074,37.868984],[-122.287097,37.868982],[-122.287093,37.868961],[-122.28726,37.86894],[-122.287277,37.869025],[-122.287209,37.869033]]]},"properties":{"id":"w825633255","b":"yes","lv":null,"n":null}},
{"type":"Feature","geometry":{"type":"Polygon","coordinates":[[[-122.284179,37.865135],[-122.284164,37.865061],[-122.284178,37.865059],[-122.284176,37.865049],[-122.284162,37.865051],[-122.284156,37.865018],[-122.284163,37.865017],[-122.284161,37.865007],[-122.284194,37.865003],[-122.284195,37.865011],[-122.284229,37.865006],[-122.284234,37.865029],[-122.284258,37.865026],[-122.284262,37.865043],[-122.284317,37.865036],[-122.284324,37.865072],[-122.284337,37.865071],[-122.284339,37.86508],[-122.284365,37.865077],[-122.284372,37.86511],[-122.284256,37.865125],[-122.284188,37.865134],[-122.284179,37.865135]]]},"properties":{"id":"w825633256","b":"yes","lv":null,"n":null}},
{"type":"Feature","geometry":{"type":"Polygon","coordinates":[[[-122.287026,37.865356],[-122.287002,37.86524],[-122.287079,37.86523],[-122.287082,37.865244],[-122.287113,37.86524],[-122.287134,37.865342],[-122.287026,37.865356]]]},"properties":{"id":"w825633258","b":"yes","lv":null,"n":null}},
{"type":"Feature","geometry":{"type":"Polygon","coordinates":[[[-122.284032,37.864623],[-122.28402,37.864568],[-122.284064,37.864562],[-122.284061,37.864548],[-122.284202,37.86453],[-122.284209,37.864564],[-122.284228,37.864561],[-122.284235,37.864597],[-122.284032,37.864623]]]},"properties":{"id":"w825633259","b":"yes","lv":null,"n":null}},
{"type":"Feature","geometry":{"type":"Polygon","coordinates":[[[-122.287161,37.86536],[-122.287131,37.86521],[-122.287232,37.865197],[-122.287263,37.865347],[-122.287161,37.86536]]]},"properties":{"id":"w825633260","b":"yes","lv":null,"n":null}},
{"type":"Feature","geometry":{"type":"Polygon","coordinates":[[[-122.287233,37.869219],[-122.287231,37.86921],[-122.287078,37.86923],[-122.287072,37.869204],[-122.287065,37.869205],[-122.287061,37.869186],[-122.287068,37.869185],[-122.287063,37.869162],[-122.287093,37.869158],[-122.287092,37.869153],[-122.287268,37.869131],[-122.287272,37.869154],[-122.287288,37.869152],[-122.2873,37.869211],[-122.287233,37.869219]]]},"properties":{"id":"w825633261","b":"yes","lv":null,"n":null}},
{"type":"Feature","geometry":{"type":"Polygon","coordinates":[[[-122.284136,37.864799],[-122.284128,37.864762],[-122.284114,37.864764],[-122.284106,37.864727],[-122.28424,37.86471],[-122.284241,37.864715],[-122.284259,37.864712],[-122.284273,37.864781],[-122.284136,37.864799]]]},"properties":{"id":"w825633262","b":"yes","lv":null,"n":null}},
{"type":"Feature","geometry":{"type":"Polygon","coordinates":[[[-122.287055,37.866325],[-122.287052,37.86631],[-122.286984,37.866319],[-122.286973,37.866268],[-122.287143,37.866246],[-122.287156,37.866311],[-122.287055,37.866325]]]},"properties":{"id":"w825633263","b":"yes","lv":null,"n":null}},
{"type":"Feature","geometry":{"type":"Polygon","coordinates":[[[-122.287254,37.869085],[-122.28726,37.869115],[-122.28712,37.869132],[-122.287105,37.869055],[-122.287267,37.869035],[-122.287276,37.869082],[-122.287254,37.869085]]]},"properties":{"id":"w825633265","b":"yes","lv":null,"n":null}},
{"type":"Feature","geometry":{"type":"Polygon","coordinates":[[[-122.284269,37.864832],[-122.284278,37.864872],[-122.284131,37.864891],[-122.284124,37.864858],[-122.28411,37.86486],[-122.284103,37.864827],[-122.284283,37.864804],[-122.284288,37.86483],[-122.284269,37.864832]]]},"properties":{"id":"w825633266","b":"yes","lv":null,"n":null}},
{"type":"Feature","geometry":{"type":"Polygon","coordinates":[[[-122.287284,37.865311],[-122.287259,37.865186],[-122.287356,37.865174],[-122.287381,37.865299],[-122.287284,37.865311]]]},"properties":{"id":"w825633267","b":"yes","lv":null,"n":null}},
{"type":"Feature","geometry":{"type":"Polygon","coordinates":[[[-122.283987,37.864126],[-122.283972,37.864051],[-122.284101,37.864034],[-122.284116,37.864109],[-122.283987,37.864126]]]},"properties":{"id":"w825633269","b":"yes","lv":null,"n":null}},
{"type":"Feature","geometry":{"type":"Polygon","coordinates":[[[-122.286767,37.865502],[-122.286755,37.865446],[-122.286829,37.865437],[-122.28684,37.865492],[-122.286767,37.865502]]]},"properties":{"id":"w825633271","b":"yes","lv":null,"n":null}},
{"type":"Feature","geometry":{"type":"Polygon","coordinates":[[[-122.283954,37.86435],[-122.28394,37.864285],[-122.283947,37.864284],[-122.283944,37.864268],[-122.284145,37.864243],[-122.284161,37.864323],[-122.283954,37.86435]]]},"properties":{"id":"w825633272","b":"yes","lv":null,"n":null}},
{"type":"Feature","geometry":{"type":"Polygon","coordinates":[[[-122.284009,37.864438],[-122.283992,37.864359],[-122.284167,37.864337],[-122.284183,37.864416],[-122.284009,37.864438]]]},"properties":{"id":"w825633273","b":"yes","lv":null,"n":null}},
{"type":"Feature","geometry":{"type":"Polygon","coordinates":[[[-122.286746,37.865413],[-122.286726,37.865313],[-122.286751,37.86531],[-122.286741,37.865261],[-122.286831,37.865249],[-122.286841,37.865298],[-122.286852,37.865296],[-122.286855,37.865312],[-122.286842,37.865314],[-122.286859,37.865398],[-122.286746,37.865413]]]},"properties":{"id":"w825633274","b":"yes","lv":null,"n":null}},
{"type":"Feature","geometry":{"type":"Polygon","coordinates":[[[-122.284028,37.864534],[-122.284013,37.864461],[-122.284188,37.864439],[-122.284203,37.864511],[-122.284028,37.864534]]]},"properties":{"id":"w825633275","b":"yes","lv":null,"n":null}},
{"type":"Feature","geometry":{"type":"Polygon","coordinates":[[[-122.286888,37.865388],[-122.286862,37.865258],[-122.286891,37.865254],[-122.286894,37.865268],[-122.286951,37.865261],[-122.286963,37.865321],[-122.286991,37.865317],[-122.287003,37.865373],[-122.286888,37.865388]]]},"properties":{"id":"w825633276","b":"yes","lv":null,"n":null}},
{"type":"Feature","geometry":{"type":"Polygon","coordinates":[[[-122.283688,37.863971],[-122.283685,37.863956],[-122.28366,37.86396],[-122.283633,37.863828],[-122.283678,37.863822],[-122.283681,37.863837],[-122.283698,37.863835],[-122.283689,37.863788],[-122.283722,37.863784],[-122.283758,37.863962],[-122.283688,37.863971]]]},"properties":{"id":"w825633277","b":"yes","lv":null,"n":null}},
{"type":"Feature","geometry":{"type":"Polygon","coordinates":[[[-122.283546,37.863971],[-122.283519,37.863839],[-122.283614,37.863826],[-122.283641,37.863959],[-122.283546,37.863971]]]},"properties":{"id":"w825633279","b":"yes","lv":null,"n":null}},
{"type":"Feature","geometry":{"type":"Polygon","coordinates":[[[-122.28702,37.865765],[-122.287028,37.865804],[-122.286874,37.865824],[-122.286859,37.86575],[-122.287013,37.86573],[-122.287015,37.865737],[-122.287024,37.865736],[-122.28703,37.865764],[-122.28702,37.865765]]]},"properties":{"id":"w825633280","b":"yes","lv":null,"n":null}},
{"type":"Feature","geometry":{"type":"Polygon","coordinates":[[[-122.283429,37.863989],[-122.283421,37.863952],[-122.283433,37.863951],[-122.283426,37.863917],[-122.283413,37.863919],[-122.283399,37.863852],[-122.283496,37.86384],[-122.283524,37.863977],[-122.283429,37.863989]]]},"properties":{"id":"w825633281","b":"yes","lv":null,"n":null}},
{"type":"Feature","geometry":{"type":"Polygon","coordinates":[[[-122.286907,37.865692],[-122.286904,37.865678],[-122.286854,37.865685],[-122.286846,37.865644],[-122.286834,37.865646],[-122.286828,37.865619],[-122.286963,37.865601],[-122.28698,37.865683],[-122.286907,37.865692]]]},"properties":{"id":"w825633282","b":"yes","lv":null,"n":null}},
{"type":"Feature","geometry":{"type":"Polygon","coordinates":[[[-122.284175,37.866727],[-122.284181,37.866754],[-122.284044,37.866771],[-122.284037,37.866741],[-122.284016,37.866744],[-122.284006,37.866699],[-122.284184,37.866676],[-122.284194,37.866725],[-122.284175,37.866727]]]},"properties":{"id":"w825633283","b":"yes","lv":null,"n":null}},
{"type":"Feature","geometry":{"type":"Polygon","coordinates":[[[-122.283975,37.864244],[-122.283958,37.864158],[-122.284125,37.864137],[-122.284143,37.864222],[-122.283975,37.864244]]]},"properties":{"id":"w825633284","b":"yes","lv":null,"n":null}},
{"type":"Feature","geometry":{"type":"Polygon","coordinates":[[[-122.286835,37.865586],[-122.286819,37.86551],[-122.286964,37.865491],[-122.28698,37.865567],[-122.286835,37.865586]]]},"properties":{"id":"w825633285","b":"yes","lv":null,"n":null}},
{"type":"Feature","geometry":{"type":"Polygon","coordinates":[[[-122.287087,37.866067],[-122.287091,37.866084],[-122.287071,37.866087],[-122.287078,37.866118],[-122.286945,37.866135],[-122.286937,37.866096],[-122.286945,37.866095],[-122.286941,37.866077],[-122.286955,37.866076],[-122.286949,37.866048],[-122.287081,37.866031],[-122.287084,37.86605],[-122.287098,37.866048],[-122.287102,37.866066],[-122.287087,37.866067]]]},"properties":{"id":"w825633287","b":"yes","lv":null,"n":null}},
{"type":"Feature","geometry":{"type":"Polygon","coordinates":[[[-122.284005,37.863866],[-122.283984,37.863765],[-122.284019,37.863761],[-122.284017,37.863748],[-122.284071,37.863741],[-122.284074,37.863754],[-122.284097,37.863751],[-122.284118,37.863852],[-122.284005,37.863866]]]},"properties":{"id":"w825633288","b":"yes","lv":null,"n":null}},
{"type":"Feature","geometry":{"type":"Polygon","coordinates":[[[-122.287042,37.865978],[-122.287047,37.866006],[-122.286971,37.866016],[-122.286968,37.866001],[-122.286903,37.86601],[-122.286889,37.86594],[-122.287109,37.865912],[-122.287121,37.865968],[-122.287042,37.865978]]]},"properties":{"id":"w825633290","b":"yes","lv":null,"n":null}},
{"type":"Feature","geometry":{"type":"Polygon","coordinates":[[[-122.283896,37.863935],[-122.283873,37.863822],[-122.283905,37.863818],[-122.283903,37.863808],[-122.283928,37.863805],[-122.283926,37.863796],[-122.283965,37.863791],[-122.283992,37.863922],[-122.283896,37.863935]]]},"properties":{"id":"w825633291","b":"yes","lv":null,"n":null}},
{"type":"Feature","geometry":{"type":"Polygon","coordinates":[[[-122.283781,37.863949],[-122.283755,37.863819],[-122.283818,37.863811],[-122.283822,37.86383],[-122.283853,37.863826],[-122.283876,37.863937],[-122.283781,37.863949]]]},"properties":{"id":"w825633292","b":"yes","lv":null,"n":null}},
{"type":"Feature","geometry":{"type":"Polygon","coordinates":[[[-122.284605,37.868951],[-122.284604,37.868941],[-122.284572,37.868943],[-122.28456,37.86883],[-122.284578,37.868829],[-122.284575,37.868803],[-122.284623,37.8688],[-122.284625,37.868826],[-122.284643,37.868825],[-122.284645,37.868844],[-122.284659,37.868843],[-122.284663,37.868883],[-122.284673,37.868882],[-122.28468,37.868946],[-122.284605,37.868951]]]},"properties":{"id":"w825633294","b":"yes","lv":null,"n":null}},
{"type":"Feature","geometry":{"type":"Polygon","coordinates":[[[-122.28706,37.866439],[-122.287056,37.866423],[-122.28701,37.86643],[-122.286999,37.86638],[-122.287164,37.866358],[-122.287171,37.866391],[-122.287202,37.866387],[-122.287209,37.866419],[-122.28706,37.866439]]]},"properties":{"id":"w825633295","b":"yes","lv":null,"n":null}},
{"type":"Feature","geometry":{"type":"Polygon","coordinates":[[[-122.287002,37.866232],[-122.286998,37.866213],[-122.286974,37.866216],[-122.286961,37.866158],[-122.287138,37.866135],[-122.287151,37.866199],[-122.287116,37.866204],[-122.287118,37.866217],[-122.287002,37.866232]]]},"properties":{"id":"w825633297","b":"yes","lv":null,"n":null}},
{"type":"Feature","geometry":{"type":"Polygon","coordinates":[[[-122.287067,37.866838],[-122.287047,37.866739],[-122.287139,37.866728],[-122.28714,37.866734],[-122.287204,37.866725],[-122.287224,37.866818],[-122.287067,37.866838]]]},"properties":{"id":"w825633299","b":"yes","lv":null,"n":null}},
{"type":"Feature","geometry":{"type":"Polygon","coordinates":[[[-122.284634,37.867244],[-122.284622,37.867138],[-122.284659,37.867136],[-122.284657,37.867123],[-122.284698,37.867121],[-122.284711,37.867239],[-122.284634,37.867244]]]},"properties":{"id":"w825633300","b":"detached","lv":null,"n":null}},
{"type":"Feature","geometry":{"type":"Polygon","coordinates":[[[-122.284559,37.867542],[-122.284547,37.867478],[-122.284679,37.867462],[-122.284685,37.86749],[-122.284698,37.867489],[-122.284705,37.867525],[-122.284559,37.867542]]]},"properties":{"id":"w825633301","b":"yes","lv":null,"n":null}},
{"type":"Feature","geometry":{"type":"Polygon","coordinates":[[[-122.287047,37.866709],[-122.287028,37.866617],[-122.287145,37.866602],[-122.28715,37.866625],[-122.287172,37.866622],[-122.287186,37.866691],[-122.287047,37.866709]]]},"properties":{"id":"w825633302","b":"yes","lv":null,"n":null}},
{"type":"Feature","geometry":{"type":"Polygon","coordinates":[[[-122.287076,37.866566],[-122.287074,37.866554],[-122.287041,37.866558],[-122.287027,37.866487],[-122.287106,37.866476],[-122.287109,37.866491],[-122.287185,37.866482],[-122.2872,37.86655],[-122.287076,37.866566]]]},"properties":{"id":"w825633303","b":"yes","lv":null,"n":null}},
{"type":"Feature","geometry":{"type":"Polygon","coordinates":[[[-122.284701,37.867925],[-122.2847,37.867918],[-122.284621,37.867928],[-122.284617,37.867906],[-122.284627,37.867905],[-122.284618,37.867858],[-122.284722,37.867846],[-122.284729,37.867883],[-122.284757,37.86788],[-122.284764,37.867917],[-122.284701,37.867925]]]},"properties":{"id":"w825633304","b":"yes","lv":null,"n":null}},
{"type":"Feature","geometry":{"type":"Polygon","coordinates":[[[-122.284278,37.867552],[-122.284282,37.867573],[-122.284151,37.867588],[-122.284146,37.86756],[-122.28413,37.867562],[-122.284123,37.867527],[-122.284292,37.867507],[-122.2843,37.867549],[-122.284278,37.867552]]]},"properties":{"id":"w825633305","b":"yes","lv":null,"n":null}},
{"type":"Feature","geometry":{"type":"Polygon","coordinates":[[[-122.285812,37.868822],[-122.285813,37.868828],[-122.285788,37.86883],[-122.285789,37.868838],[-122.285742,37.868841],[-122.285716,37.868608],[-122.285813,37.868601],[-122.285837,37.86882],[-122.285812,37.868822]]]},"properties":{"id":"w825633308","b":"yes","lv":null,"n":null}},
{"type":"Feature","geometry":{"type":"Polygon","coordinates":[[[-122.286645,37.864703],[-122.286626,37.86461],[-122.286794,37.864589],[-122.286813,37.864681],[-122.286645,37.864703]]]},"properties":{"id":"w825633309","b":"yes","lv":null,"n":null}},
{"type":"Feature","geometry":{"type":"Polygon","coordinates":[[[-122.284989,37.86758],[-122.284977,37.86752],[-122.285148,37.8675],[-122.285159,37.86756],[-122.284989,37.86758]]]},"properties":{"id":"w825633310","b":"yes","lv":null,"n":null}},
{"type":"Feature","geometry":{"type":"Polygon","coordinates":[[[-122.285971,37.868189],[-122.285957,37.868051],[-122.286068,37.868043],[-122.286082,37.868181],[-122.285971,37.868189]]]},"properties":{"id":"w825633312","b":"yes","lv":null,"n":null}},
{"type":"Feature","geometry":{"type":"Polygon","coordinates":[[[-122.285989,37.868771],[-122.285962,37.868773],[-122.285963,37.868784],[-122.285899,37.868788],[-122.285895,37.868752],[-122.285887,37.868753],[-122.285882,37.868707],[-122.285892,37.868706],[-122.285884,37.868633],[-122.285955,37.868628],[-122.285958,37.86865],[-122.285976,37.868649],[-122.285989,37.868771]]]},"properties":{"id":"w825633313","b":"detached","lv":null,"n":null}},
{"type":"Feature","geometry":{"type":"Polygon","coordinates":[[[-122.28599,37.868562],[-122.285978,37.868477],[-122.286087,37.868469],[-122.286098,37.868554],[-122.28599,37.868562]]]},"properties":{"id":"w825633314","b":"yes","lv":null,"n":null}},
{"type":"Feature","geometry":{"type":"Polygon","coordinates":[[[-122.285874,37.868578],[-122.285865,37.868509],[-122.285961,37.868502],[-122.285969,37.868571],[-122.285874,37.868578]]]},"properties":{"id":"w825633315","b":"yes","lv":null,"n":null}},
{"type":"Feature","geometry":{"type":"Polygon","coordinates":[[[-122.28487,37.868921],[-122.284857,37.868815],[-122.284837,37.868817],[-122.284833,37.868784],[-122.284856,37.868782],[-122.284854,37.868761],[-122.284925,37.868755],[-122.28493,37.868795],[-122.284936,37.868795],[-122.284951,37.868915],[-122.28487,37.868921]]]},"properties":{"id":"w825633317","b":"yes","lv":null,"n":null}},
{"type":"Feature","geometry":{"type":"Polygon","coordinates":[[[-122.285068,37.868716],[-122.285091,37.868874],[-122.285082,37.868875],[-122.285086,37.868909],[-122.284967,37.868919],[-122.284955,37.868837],[-122.284963,37.868837],[-122.28494,37.868673],[-122.285136,37.868655],[-122.285143,37.868709],[-122.285068,37.868716]]]},"properties":{"id":"w825633318","b":"apartments","lv":null,"n":null}},
{"type":"Feature","geometry":{"type":"Polygon","coordinates":[[[-122.285711,37.868777],[-122.285715,37.868815],[-122.285661,37.868819],[-122.28566,37.868809],[-122.285616,37.868811],[-122.285609,37.868741],[-122.285601,37.868742],[-122.2856,37.868734],[-122.285608,37.868733],[-122.285603,37.868684],[-122.285632,37.868682],[-122.285631,37.868668],[-122.2857,37.868664],[-122.285706,37.868727],[-122.28572,37.868726],[-122.285725,37.868777],[-122.285711,37.868777]]]},"properties":{"id":"w825633320","b":"detached","lv":null,"n":null}},
{"type":"Feature","geometry":{"type":"Polygon","coordinates":[[[-122.284352,37.868954],[-122.284351,37.868945],[-122.284345,37.868945],[-122.284348,37.868977],[-122.284366,37.868976],[-122.28437,37.869012],[-122.284254,37.86902],[-122.284248,37.868964],[-122.284265,37.868963],[-122.284259,37.868907],[-122.28424,37.868908],[-122.284235,37.868852],[-122.284353,37.868844],[-122.284357,37.868882],[-122.284339,37.868883],[-122.284342,37.868914],[-122.284349,37.868913],[-122.284348,37.868901],[-122.284364,37.8689],[-122.284364,37.868904],[-122.284375,37.868904],[-122.28438,37.868952],[-122.284352,37.868954]]]},"properties":{"id":"w825633321","b":"yes","lv":null,"n":null}},
{"type":"Feature","geometry":{"type":"Polygon","coordinates":[[[-122.284448,37.868987],[-122.284435,37.868855],[-122.284455,37.868854],[-122.284454,37.86884],[-122.284494,37.868838],[-122.284496,37.868851],[-122.284534,37.868849],[-122.284546,37.868982],[-122.284448,37.868987]]]},"properties":{"id":"w825633322","b":"yes","lv":null,"n":null}},
{"type":"Feature","geometry":{"type":"Polygon","coordinates":[[[-122.284784,37.86893],[-122.284786,37.868946],[-122.284736,37.86895],[-122.284734,37.868934],[-122.284712,37.868935],[-122.284703,37.86886],[-122.284694,37.86886],[-122.284689,37.868819],[-122.284699,37.868818],[-122.284698,37.86881],[-122.284793,37.868803],[-122.284807,37.868928],[-122.284784,37.86893]]]},"properties":{"id":"w825633323","b":"yes","lv":null,"n":null}},
{"type":"Feature","geometry":{"type":"Polygon","coordinates":[[[-122.28503,37.867194],[-122.285019,37.867095],[-122.285034,37.867094],[-122.285032,37.867075],[-122.285094,37.867071],[-122.285107,37.867189],[-122.28503,37.867194]]]},"properties":{"id":"w825633334","b":"yes","lv":null,"n":null}},
{"type":"Feature","geometry":{"type":"Polygon","coordinates":[[[-122.285137,37.867217],[-122.285133,37.867177],[-122.28514,37.867176],[-122.285129,37.867069],[-122.285164,37.867067],[-122.285163,37.867058],[-122.285207,37.867055],[-122.285224,37.867211],[-122.285137,37.867217]]]},"properties":{"id":"w825633335","b":"yes","lv":null,"n":null}},
{"type":"Feature","geometry":{"type":"Polygon","coordinates":[[[-122.284995,37.867486],[-122.28499,37.86746],[-122.284982,37.867461],[-122.284975,37.867424],[-122.285121,37.867407],[-122.285133,37.86747],[-122.284995,37.867486]]]},"properties":{"id":"w825633338","b":"yes","lv":null,"n":null}},
{"type":"Feature","geometry":{"type":"Polygon","coordinates":[[[-122.284991,37.867389],[-122.284986,37.867362],[-122.284968,37.867364],[-122.284961,37.867327],[-122.285108,37.86731],[-122.28512,37.867373],[-122.284991,37.867389]]]},"properties":{"id":"w825633339","b":"yes","lv":null,"n":null}},
{"type":"Feature","geometry":{"type":"Polygon","coordinates":[[[-122.284944,37.867315],[-122.284935,37.867248],[-122.285004,37.867244],[-122.285007,37.867277],[-122.285015,37.867276],[-122.285019,37.867308],[-122.284944,37.867315]]]},"properties":{"id":"w825633340","b":"yes","lv":null,"n":null}},
{"type":"Feature","geometry":{"type":"Polygon","coordinates":[[[-122.284916,37.867206],[-122.284905,37.867104],[-122.284939,37.867102],[-122.284937,37.867086],[-122.284981,37.867083],[-122.284994,37.8672],[-122.284916,37.867206]]]},"properties":{"id":"w825633341","b":"detached","lv":null,"n":null}},
{"type":"Feature","geometry":{"type":"Polygon","coordinates":[[[-122.285709,37.868327],[-122.285695,37.868258],[-122.285686,37.868259],[-122.285658,37.868121],[-122.285742,37.868111],[-122.285769,37.868249],[-122.28597,37.868223],[-122.285977,37.868255],[-122.286005,37.868251],[-122.285998,37.86822],[-122.286067,37.868211],[-122.286078,37.868265],[-122.28598,37.868277],[-122.285983,37.868292],[-122.285709,37.868327]]]},"properties":{"id":"w825633342","b":"yes","lv":null,"n":null}},
{"type":"Feature","geometry":{"type":"Polygon","coordinates":[[[-122.285032,37.86787],[-122.285026,37.867843],[-122.285017,37.867844],[-122.28501,37.867809],[-122.285209,37.867786],[-122.285214,37.867815],[-122.285229,37.867813],[-122.285235,37.867846],[-122.285032,37.86787]]]},"properties":{"id":"w825633343","b":"yes","lv":null,"n":null}},
{"type":"Feature","geometry":{"type":"Polygon","coordinates":[[[-122.285028,37.867773],[-122.285023,37.867746],[-122.285006,37.867748],[-122.284999,37.867712],[-122.285174,37.867691],[-122.285186,37.867755],[-122.285028,37.867773]]]},"properties":{"id":"w825633344","b":"yes","lv":null,"n":null}},
{"type":"Feature","geometry":{"type":"Polygon","coordinates":[[[-122.285027,37.867676],[-122.285024,37.867662],[-122.285,37.867665],[-122.28499,37.867615],[-122.285169,37.867594],[-122.285181,37.867658],[-122.285027,37.867676]]]},"properties":{"id":"w825633345","b":"yes","lv":null,"n":null}},
{"type":"Feature","geometry":{"type":"Polygon","coordinates":[[[-122.284587,37.867843],[-122.284584,37.867827],[-122.284542,37.867832],[-122.284534,37.867788],[-122.284574,37.867783],[-122.284573,37.867777],[-122.284735,37.867758],[-122.284748,37.867824],[-122.284587,37.867843]]]},"properties":{"id":"w825633347","b":"yes","lv":null,"n":null}},
{"type":"Feature","geometry":{"type":"Polygon","coordinates":[[[-122.284687,37.868025],[-122.284689,37.868036],[-122.284674,37.868038],[-122.284672,37.868029],[-122.284624,37.868034],[-122.284613,37.867976],[-122.284591,37.867979],[-122.284585,37.86795],[-122.284656,37.867942],[-122.284662,37.867973],[-122.284739,37.867964],[-122.284741,37.867974],[-122.28477,37.86797],[-122.284778,37.868015],[-122.284687,37.868025]]]},"properties":{"id":"w825633348","b":"yes","lv":null,"n":null}},
{"type":"Feature","geometry":{"type":"Polygon","coordinates":[[[-122.285098,37.867971],[-122.285094,37.867951],[-122.285034,37.867958],[-122.285024,37.867903],[-122.285082,37.867896],[-122.28508,37.867889],[-122.285279,37.867866],[-122.285294,37.867948],[-122.285098,37.867971]]]},"properties":{"id":"w825633349","b":"yes","lv":null,"n":null}},
{"type":"Feature","geometry":{"type":"Polygon","coordinates":[[[-122.284694,37.867622],[-122.284695,37.867629],[-122.284684,37.86763],[-122.284683,37.867626],[-122.284523,37.867644],[-122.284519,37.867623],[-122.284499,37.867625],[-122.284491,37.867583],[-122.284693,37.867559],[-122.284698,37.867586],[-122.284709,37.867585],[-122.284716,37.86762],[-122.284694,37.867622]]]},"properties":{"id":"w825633353","b":"yes","lv":null,"n":null}},
{"type":"Feature","geometry":{"type":"Polygon","coordinates":[[[-122.284514,37.867744],[-122.284508,37.867711],[-122.284521,37.86771],[-122.284516,37.867686],[-122.284524,37.867685],[-122.284523,37.867678],[-122.284713,37.867655],[-122.284725,37.867719],[-122.284514,37.867744]]]},"properties":{"id":"w825633354","b":"yes","lv":null,"n":null}},
{"type":"Feature","geometry":{"type":"Polygon","coordinates":[[[-122.284152,37.867311],[-122.28415,37.867286],[-122.284066,37.867292],[-122.28406,37.86723],[-122.284097,37.867227],[-122.284093,37.867194],[-122.284194,37.867187],[-122.284202,37.867263],[-122.284223,37.867261],[-122.284228,37.867306],[-122.284152,37.867311]]]},"properties":{"id":"w825633355","b":"yes","lv":null,"n":null}},
{"type":"Feature","geometry":{"type":"Polygon","coordinates":[[[-122.280618,37.865542],[-122.280616,37.865513],[-122.280604,37.865513],[-122.2806,37.86547],[-122.280766,37.865459],[-122.280769,37.865488],[-122.28078,37.865487],[-122.280785,37.865532],[-122.280618,37.865542]]]},"properties":{"id":"w825633356","b":"yes","lv":null,"n":null}},
{"type":"Feature","geometry":{"type":"Polygon","coordinates":[[[-122.280636,37.865637],[-122.280633,37.865607],[-122.280611,37.865609],[-122.280607,37.865565],[-122.280759,37.865556],[-122.280766,37.865629],[-122.280636,37.865637]]]},"properties":{"id":"w825633357","b":"yes","lv":null,"n":null}},
{"type":"Feature","geometry":{"type":"Polygon","coordinates":[[[-122.28441,37.867272],[-122.284398,37.867161],[-122.284433,37.867159],[-122.284432,37.86715],[-122.284475,37.867147],[-122.284487,37.867267],[-122.28441,37.867272]]]},"properties":{"id":"w825633358","b":"yes","lv":null,"n":null}},
{"type":"Feature","geometry":{"type":"Polygon","coordinates":[[[-122.284558,37.867274],[-122.284557,37.867256],[-122.284522,37.867258],[-122.284511,37.867158],[-122.284529,37.867156],[-122.284527,37.867139],[-122.284588,37.867135],[-122.284602,37.867271],[-122.284558,37.867274]]]},"properties":{"id":"w825633359","b":"yes","lv":null,"n":null}},
{"type":"Feature","geometry":{"type":"Polygon","coordinates":[[[-122.280635,37.865733],[-122.280632,37.865707],[-122.280621,37.865707],[-122.280616,37.865657],[-122.280778,37.865647],[-122.280786,37.865723],[-122.280635,37.865733]]]},"properties":{"id":"w825633360","b":"yes","lv":null,"n":null}},
{"type":"Feature","geometry":{"type":"Polygon","coordinates":[[[-122.281252,37.865731],[-122.281255,37.865763],[-122.281176,37.865768],[-122.281178,37.865785],[-122.281081,37.865791],[-122.281071,37.865695],[-122.281165,37.865689],[-122.281166,37.865693],[-122.281267,37.865687],[-122.281271,37.86573],[-122.281252,37.865731]]]},"properties":{"id":"w825633361","b":"yes","lv":null,"n":null}},
{"type":"Feature","geometry":{"type":"Polygon","coordinates":[[[-122.284542,37.867451],[-122.284528,37.867381],[-122.28469,37.867362],[-122.284703,37.867432],[-122.284542,37.867451]]]},"properties":{"id":"w825633362","b":"yes","lv":null,"n":null}},
{"type":"Feature","geometry":{"type":"Polygon","coordinates":[[[-122.280562,37.86516],[-122.280559,37.865131],[-122.280574,37.86513],[-122.280569,37.865079],[-122.280745,37.865068],[-122.280753,37.865148],[-122.280562,37.86516]]]},"properties":{"id":"w825633363","b":"yes","lv":null,"n":null}},
{"type":"Feature","geometry":{"type":"Polygon","coordinates":[[[-122.284301,37.867736],[-122.284304,37.867755],[-122.284172,37.867771],[-122.284167,37.867743],[-122.28415,37.867745],[-122.284143,37.867708],[-122.284291,37.867691],[-122.284298,37.86773],[-122.284305,37.86773],[-122.284306,37.867736],[-122.284301,37.867736]]]},"properties":{"id":"w825633364","b":"yes","lv":null,"n":null}},
{"type":"Feature","geometry":{"type":"Polygon","coordinates":[[[-122.284292,37.867644],[-122.284296,37.867663],[-122.284172,37.867678],[-122.28417,37.867665],[-122.284145,37.867668],[-122.284135,37.867619],[-122.284327,37.867596],[-122.284335,37.867639],[-122.284292,37.867644]]]},"properties":{"id":"w825633365","b":"yes","lv":null,"n":null}},
{"type":"Feature","geometry":{"type":"Polygon","coordinates":[[[-122.284227,37.86871],[-122.284206,37.868617],[-122.284416,37.868588],[-122.284437,37.868681],[-122.284227,37.86871]]]},"properties":{"id":"w825633366","b":"yes","lv":null,"n":null}},
{"type":"Feature","geometry":{"type":"Polygon","coordinates":[[[-122.280727,37.865211],[-122.28073,37.865246],[-122.280584,37.865255],[-122.280581,37.865224],[-122.28057,37.865225],[-122.280566,37.865181],[-122.280737,37.865171],[-122.280741,37.86521],[-122.280727,37.865211]]]},"properties":{"id":"w825633367","b":"yes","lv":null,"n":null}},
{"type":"Feature","geometry":{"type":"Polygon","coordinates":[[[-122.284269,37.867453],[-122.284275,37.867482],[-122.284135,37.867499],[-122.28413,37.867473],[-122.284122,37.867474],[-122.284114,37.867435],[-122.284262,37.867418],[-122.284263,37.867423],[-122.284291,37.867419],[-122.284297,37.867449],[-122.284269,37.867453]]]},"properties":{"id":"w825633368","b":"yes","lv":null,"n":null}},
{"type":"Feature","geometry":{"type":"Polygon","coordinates":[[[-122.280739,37.865307],[-122.280743,37.865342],[-122.280597,37.865351],[-122.280594,37.86532],[-122.280583,37.865321],[-122.280579,37.865278],[-122.280749,37.865267],[-122.280753,37.865306],[-122.280739,37.865307]]]},"properties":{"id":"w825633369","b":"yes","lv":null,"n":null}},
{"type":"Feature","geometry":{"type":"Polygon","coordinates":[[[-122.284185,37.867394],[-122.284188,37.867416],[-122.284088,37.867424],[-122.284081,37.867376],[-122.284197,37.867366],[-122.284201,37.867393],[-122.284185,37.867394]]]},"properties":{"id":"w825633370","b":"yes","lv":null,"n":null}},
{"type":"Feature","geometry":{"type":"Polygon","coordinates":[[[-122.28062,37.865446],[-122.280617,37.865414],[-122.280594,37.865416],[-122.28059,37.865373],[-122.280742,37.865364],[-122.280749,37.865438],[-122.28062,37.865446]]]},"properties":{"id":"w825633371","b":"yes","lv":null,"n":null}},
{"type":"Feature","geometry":{"type":"Polygon","coordinates":[[[-122.280535,37.864775],[-122.280528,37.864712],[-122.280564,37.86471],[-122.280562,37.864689],[-122.280608,37.864686],[-122.280609,37.864691],[-122.280698,37.864686],[-122.280699,37.864699],[-122.280721,37.864698],[-122.280728,37.864763],[-122.280535,37.864775]]]},"properties":{"id":"w825633373","b":"yes","lv":null,"n":null}},
{"type":"Feature","geometry":{"type":"Polygon","coordinates":[[[-122.280543,37.864869],[-122.28054,37.864836],[-122.280529,37.864837],[-122.280524,37.864792],[-122.280698,37.864781],[-122.280701,37.864813],[-122.280765,37.864809],[-122.28077,37.864854],[-122.280543,37.864869]]]},"properties":{"id":"w825633374","b":"yes","lv":null,"n":null}},
{"type":"Feature","geometry":{"type":"Polygon","coordinates":[[[-122.284329,37.868032],[-122.284337,37.868072],[-122.284193,37.868089],[-122.284188,37.86806],[-122.28417,37.868062],[-122.284161,37.868014],[-122.284331,37.867994],[-122.284338,37.868031],[-122.284329,37.868032]]]},"properties":{"id":"w825633375","b":"yes","lv":null,"n":null}},
{"type":"Feature","geometry":{"type":"Polygon","coordinates":[[[-122.28418,37.86798],[-122.284175,37.867951],[-122.284158,37.867953],[-122.284149,37.867905],[-122.284318,37.867885],[-122.284321,37.867903],[-122.284355,37.867899],[-122.284357,37.867907],[-122.284394,37.867902],[-122.284404,37.867953],[-122.28418,37.86798]]]},"properties":{"id":"w825633376","b":"yes","lv":null,"n":null}},
{"type":"Feature","geometry":{"type":"Polygon","coordinates":[[[-122.280557,37.864967],[-122.28055,37.864898],[-122.280664,37.864891],[-122.280665,37.864895],[-122.280741,37.864891],[-122.280748,37.864956],[-122.280557,37.864967]]]},"properties":{"id":"w825633377","b":"yes","lv":null,"n":null}},
{"type":"Feature","geometry":{"type":"Polygon","coordinates":[[[-122.28056,37.865059],[-122.280552,37.86498],[-122.280734,37.864969],[-122.280741,37.865048],[-122.28056,37.865059]]]},"properties":{"id":"w825633378","b":"yes","lv":null,"n":null}},
{"type":"Feature","geometry":{"type":"Polygon","coordinates":[[[-122.284174,37.867863],[-122.284169,37.867836],[-122.284159,37.867837],[-122.284152,37.8678],[-122.284299,37.867783],[-122.284311,37.867847],[-122.284174,37.867863]]]},"properties":{"id":"w825633379","b":"yes","lv":null,"n":null}},
{"type":"Feature","geometry":{"type":"Polygon","coordinates":[[[-122.284209,37.868534],[-122.284192,37.868447],[-122.2844,37.868422],[-122.284417,37.868509],[-122.284209,37.868534]]]},"properties":{"id":"w825633380","b":"yes","lv":null,"n":null}},
{"type":"Feature","geometry":{"type":"Polygon","coordinates":[[[-122.280665,37.864354],[-122.28065,37.864355],[-122.280653,37.86439],[-122.28059,37.864394],[-122.280498,37.864399],[-122.280494,37.864349],[-122.280507,37.864348],[-122.280504,37.864319],[-122.280661,37.86431],[-122.280665,37.864354]]]},"properties":{"id":"w825633381","b":"yes","lv":null,"n":null}},
{"type":"Feature","geometry":{"type":"Polygon","coordinates":[[[-122.280496,37.864489],[-122.280489,37.864423],[-122.280592,37.864416],[-122.28059,37.864394],[-122.280653,37.86439],[-122.28066,37.86439],[-122.280668,37.864479],[-122.280496,37.864489]]]},"properties":{"id":"w825633382","b":"yes","lv":null,"n":null}},
{"type":"Feature","geometry":{"type":"Polygon","coordinates":[[[-122.284206,37.868405],[-122.284193,37.868336],[-122.284338,37.868319],[-122.284351,37.868388],[-122.284206,37.868405]]]},"properties":{"id":"w825633383","b":"yes","lv":null,"n":null}},
{"type":"Feature","geometry":{"type":"Polygon","coordinates":[[[-122.284201,37.868302],[-122.284187,37.868231],[-122.284359,37.868211],[-122.284372,37.868282],[-122.284201,37.868302]]]},"properties":{"id":"w825633384","b":"yes","lv":null,"n":null}},
{"type":"Feature","geometry":{"type":"Polygon","coordinates":[[[-122.280517,37.864579],[-122.280515,37.864557],[-122.280506,37.864558],[-122.280504,37.864534],[-122.280522,37.864533],[-122.280519,37.864505],[-122.280707,37.864494],[-122.280712,37.864548],[-122.280723,37.864548],[-122.280725,37.864566],[-122.280517,37.864579]]]},"properties":{"id":"w825633385","b":"yes","lv":null,"n":null}},
{"type":"Feature","geometry":{"type":"Polygon","coordinates":[[[-122.28067,37.864632],[-122.280673,37.864668],[-122.280522,37.864677],[-122.280514,37.864601],[-122.280679,37.864591],[-122.280683,37.864631],[-122.28067,37.864632]]]},"properties":{"id":"w825633386","b":"yes","lv":null,"n":null}},
{"type":"Feature","geometry":{"type":"Polygon","coordinates":[[[-122.284188,37.868197],[-122.284179,37.868154],[-122.284194,37.868152],[-122.284188,37.868118],[-122.284322,37.868103],[-122.284337,37.868179],[-122.284188,37.868197]]]},"properties":{"id":"w825633387","b":"yes","lv":null,"n":null}},
{"type":"Feature","geometry":{"type":"Polygon","coordinates":[[[-122.280987,37.864814],[-122.28098,37.864733],[-122.281157,37.864723],[-122.281164,37.864803],[-122.280987,37.864814]]]},"properties":{"id":"w825633388","b":"yes","lv":null,"n":null}},
{"type":"Feature","geometry":{"type":"Polygon","coordinates":[[[-122.28058,37.864291],[-122.280578,37.864285],[-122.280489,37.864296],[-122.280481,37.864257],[-122.280488,37.864256],[-122.280477,37.864202],[-122.280655,37.86418],[-122.280674,37.86428],[-122.28058,37.864291]]]},"properties":{"id":"w825633391","b":"yes","lv":null,"n":null}},
{"type":"Feature","geometry":{"type":"Polygon","coordinates":[[[-122.281023,37.865204],[-122.28102,37.865176],[-122.280962,37.86518],[-122.280957,37.865124],[-122.281186,37.86511],[-122.28119,37.865153],[-122.281212,37.865151],[-122.281216,37.865192],[-122.281023,37.865204]]]},"properties":{"id":"w825633392","b":"yes","lv":null,"n":null}},
{"type":"Feature","geometry":{"type":"Polygon","coordinates":[[[-122.281021,37.865104],[-122.281015,37.865035],[-122.281028,37.865034],[-122.281028,37.865025],[-122.28119,37.865015],[-122.281197,37.865094],[-122.281021,37.865104]]]},"properties":{"id":"w825633393","b":"yes","lv":null,"n":null}},
{"type":"Feature","geometry":{"type":"Polygon","coordinates":[[[-122.281154,37.864978],[-122.281155,37.864995],[-122.281021,37.865003],[-122.281014,37.864932],[-122.281149,37.864923],[-122.281149,37.864917],[-122.281164,37.864916],[-122.281164,37.864922],[-122.281175,37.864921],[-122.281176,37.864929],[-122.281166,37.864929],[-122.28117,37.864969],[-122.281181,37.864968],[-122.281182,37.864977],[-122.281154,37.864978]]]},"properties":{"id":"w825633394","b":"yes","lv":null,"n":null}},
{"type":"Feature","geometry":{"type":"Polygon","coordinates":[[[-122.281227,37.865541],[-122.281231,37.865574],[-122.28106,37.865584],[-122.281052,37.865503],[-122.281242,37.865491],[-122.281247,37.86554],[-122.281227,37.865541]]]},"properties":{"id":"w825633395","b":"yes","lv":null,"n":null}},
{"type":"Feature","geometry":{"type":"Polygon","coordinates":[[[-122.281217,37.865443],[-122.28122,37.865479],[-122.281072,37.865488],[-122.281064,37.865408],[-122.281234,37.865397],[-122.281238,37.865441],[-122.281217,37.865443]]]},"properties":{"id":"w825633396","b":"yes","lv":null,"n":null}},
{"type":"Feature","geometry":{"type":"Polygon","coordinates":[[[-122.281035,37.865298],[-122.281027,37.865217],[-122.281202,37.865206],[-122.281206,37.865243],[-122.281227,37.865242],[-122.281231,37.865286],[-122.281035,37.865298]]]},"properties":{"id":"w825633397","b":"yes","lv":null,"n":null}},
{"type":"Feature","geometry":{"type":"Polygon","coordinates":[[[-122.281157,37.864708],[-122.281112,37.864711],[-122.281112,37.864705],[-122.281014,37.864711],[-122.281014,37.864717],[-122.280955,37.86472],[-122.280947,37.86464],[-122.281002,37.864637],[-122.281003,37.864641],[-122.28115,37.864633],[-122.281157,37.864708]]]},"properties":{"id":"w825633398","b":"yes","lv":null,"n":null}},
{"type":"Feature","geometry":{"type":"Polygon","coordinates":[[[-122.280821,37.865826],[-122.280807,37.865744],[-122.280899,37.865734],[-122.280912,37.865817],[-122.280821,37.865826]]]},"properties":{"id":"w825633400","b":"yes","lv":null,"n":null}},
{"type":"Feature","geometry":{"type":"Polygon","coordinates":[[[-122.280656,37.865834],[-122.28065,37.865797],[-122.280629,37.865799],[-122.280623,37.86576],[-122.280803,37.865742],[-122.280816,37.865817],[-122.280656,37.865834]]]},"properties":{"id":"w825633401","b":"yes","lv":null,"n":null}},
{"type":"Feature","geometry":{"type":"Polygon","coordinates":[[[-122.281197,37.865678],[-122.281196,37.865662],[-122.281067,37.86567],[-122.28106,37.865598],[-122.281104,37.865596],[-122.281104,37.865598],[-122.281244,37.86559],[-122.281253,37.865674],[-122.281197,37.865678]]]},"properties":{"id":"w825633402","b":"yes","lv":null,"n":null}},
{"type":"Feature","geometry":{"type":"Polygon","coordinates":[[[-122.28096,37.86462],[-122.280954,37.86456],[-122.280972,37.864558],[-122.28097,37.864541],[-122.281108,37.864533],[-122.281109,37.864548],[-122.281146,37.864546],[-122.281152,37.864608],[-122.28096,37.86462]]]},"properties":{"id":"w825633406","b":"yes","lv":null,"n":null}},
{"type":"Feature","geometry":{"type":"Polygon","coordinates":[[[-122.281072,37.865396],[-122.281064,37.865318],[-122.281226,37.865308],[-122.281233,37.865387],[-122.281072,37.865396]]]},"properties":{"id":"w825633407","b":"yes","lv":null,"n":null}},
{"type":"Feature","geometry":{"type":"Polygon","coordinates":[[[-122.281121,37.864374],[-122.281123,37.864399],[-122.281109,37.8644],[-122.281112,37.864421],[-122.28093,37.864432],[-122.280928,37.864411],[-122.280886,37.864414],[-122.280881,37.864359],[-122.281126,37.864344],[-122.281129,37.864374],[-122.281121,37.864374]]]},"properties":{"id":"w825633408","b":"yes","lv":null,"n":null}},
{"type":"Feature","geometry":{"type":"Polygon","coordinates":[[[-122.280909,37.864532],[-122.280902,37.864455],[-122.281111,37.864442],[-122.281118,37.864519],[-122.280909,37.864532]]]},"properties":{"id":"w825633409","b":"yes","lv":null,"n":null}},
{"type":"Feature","geometry":{"type":"Polygon","coordinates":[[[-122.281056,37.864287],[-122.281051,37.864242],[-122.281058,37.864242],[-122.281051,37.864169],[-122.281134,37.864164],[-122.281141,37.864236],[-122.28116,37.864235],[-122.281164,37.864281],[-122.281056,37.864287]]]},"properties":{"id":"w825633411","b":"yes","lv":null,"n":null}},
{"type":"Feature","geometry":{"type":"Polygon","coordinates":[[[-122.280936,37.864307],[-122.280932,37.864262],[-122.280938,37.864262],[-122.28093,37.864183],[-122.28101,37.864178],[-122.281017,37.864256],[-122.28104,37.864254],[-122.281045,37.864301],[-122.280936,37.864307]]]},"properties":{"id":"w825633412","b":"yes","lv":null,"n":null}},
{"type":"Feature","geometry":{"type":"Polygon","coordinates":[[[-122.280816,37.864314],[-122.280804,37.864188],[-122.280867,37.864184],[-122.280867,37.864194],[-122.280889,37.864193],[-122.280901,37.864309],[-122.280816,37.864314]]]},"properties":{"id":"w825633413","b":"yes","lv":null,"n":null}},
{"type":"Feature","geometry":{"type":"Polygon","coordinates":[[[-122.281745,37.864587],[-122.281751,37.864612],[-122.28165,37.864625],[-122.281645,37.864599],[-122.281631,37.864601],[-122.281627,37.864581],[-122.28164,37.864579],[-122.281635,37.864553],[-122.281775,37.864535],[-122.281785,37.864582],[-122.281745,37.864587]]]},"properties":{"id":"w825633414","b":"yes","lv":null,"n":null}},
{"type":"Feature","geometry":{"type":"Polygon","coordinates":[[[-122.28162,37.864537],[-122.281611,37.864498],[-122.281682,37.864488],[-122.281691,37.864527],[-122.28162,37.864537]]]},"properties":{"id":"w825633415","b":"yes","lv":null,"n":null}},
{"type":"Feature","geometry":{"type":"Polygon","coordinates":[[[-122.28166,37.864727],[-122.281655,37.864701],[-122.281641,37.864703],[-122.281636,37.864681],[-122.28165,37.864679],[-122.281645,37.864656],[-122.281813,37.864634],[-122.281828,37.864704],[-122.28166,37.864727]]]},"properties":{"id":"w825633416","b":"yes","lv":null,"n":null}},
{"type":"Feature","geometry":{"type":"Polygon","coordinates":[[[-122.28179,37.864516],[-122.281785,37.864492],[-122.281755,37.864496],[-122.281753,37.864485],[-122.281711,37.86449],[-122.281702,37.864449],[-122.281744,37.864443],[-122.281742,37.864433],[-122.281804,37.864424],[-122.281807,37.864437],[-122.281855,37.864431],[-122.28187,37.864505],[-122.28179,37.864516]]]},"properties":{"id":"w825633417","b":"yes","lv":null,"n":null}},
{"type":"Feature","geometry":{"type":"Polygon","coordinates":[[[-122.281861,37.86499],[-122.281689,37.865012],[-122.28168,37.864972],[-122.281669,37.864973],[-122.281663,37.864944],[-122.281846,37.864919],[-122.281861,37.86499]]]},"properties":{"id":"w825633419","b":"yes","lv":null,"n":null}},
{"type":"Feature","geometry":{"type":"Polygon","coordinates":[[[-122.281679,37.864924],[-122.281674,37.864903],[-122.281656,37.864906],[-122.281647,37.864866],[-122.281666,37.864863],[-122.281662,37.864848],[-122.281804,37.864829],[-122.28182,37.864906],[-122.281679,37.864924]]]},"properties":{"id":"w825633420","b":"yes","lv":null,"n":null}},
{"type":"Feature","geometry":{"type":"Polygon","coordinates":[[[-122.28165,37.86483],[-122.281635,37.864758],[-122.281866,37.864727],[-122.281876,37.864772],[-122.281835,37.864777],[-122.281841,37.864805],[-122.28165,37.86483]]]},"properties":{"id":"w825633421","b":"yes","lv":null,"n":null}},
{"type":"Feature","geometry":{"type":"Polygon","coordinates":[[[-122.281843,37.864406],[-122.281842,37.864401],[-122.281696,37.86442],[-122.281698,37.864426],[-122.281672,37.864429],[-122.281656,37.864353],[-122.281851,37.864327],[-122.281867,37.864403],[-122.281843,37.864406]]]},"properties":{"id":"w825633422","b":"yes","lv":null,"n":null}},
{"type":"Feature","geometry":{"type":"Polygon","coordinates":[[[-122.281682,37.864324],[-122.281569,37.864331],[-122.281541,37.864062],[-122.281655,37.864055],[-122.281682,37.864324]]]},"properties":{"id":"w825633423","b":"yes","lv":null,"n":null}},
{"type":"Feature","geometry":{"type":"Polygon","coordinates":[[[-122.281705,37.865109],[-122.281698,37.865076],[-122.281679,37.865078],[-122.281669,37.86503],[-122.281815,37.865011],[-122.281832,37.865092],[-122.281705,37.865109]]]},"properties":{"id":"w825633425","b":"yes","lv":null,"n":null}},
{"type":"Feature","geometry":{"type":"Polygon","coordinates":[[[-122.281991,37.86415],[-122.281996,37.864175],[-122.281912,37.864186],[-122.281885,37.864056],[-122.281964,37.864045],[-122.281978,37.864113],[-122.28199,37.864111],[-122.281998,37.864149],[-122.281991,37.86415]]]},"properties":{"id":"w825633426","b":"yes","lv":null,"n":null}},
{"type":"Feature","geometry":{"type":"Polygon","coordinates":[[[-122.281721,37.864145],[-122.281702,37.864057],[-122.281728,37.864053],[-122.281725,37.864042],[-122.281762,37.864038],[-122.281764,37.864049],[-122.281809,37.864043],[-122.281807,37.864033],[-122.281844,37.864028],[-122.281846,37.864038],[-122.281874,37.864035],[-122.281893,37.864122],[-122.281721,37.864145]]]},"properties":{"id":"w825633428","b":"yes","lv":null,"n":null}},
{"type":"Feature","geometry":{"type":"Polygon","coordinates":[[[-122.282257,37.864443],[-122.282214,37.864449],[-122.282217,37.864464],[-122.282132,37.864476],[-122.282131,37.864469],[-122.282052,37.864479],[-122.28205,37.864469],[-122.28202,37.864473],[-122.282012,37.864432],[-122.28204,37.864428],[-122.282038,37.864416],[-122.282084,37.86441],[-122.282082,37.8644],[-122.282243,37.864379],[-122.282257,37.864443]]]},"properties":{"id":"w825633429","b":"yes","lv":null,"n":null}},
{"type":"Feature","geometry":{"type":"Polygon","coordinates":[[[-122.282063,37.864376],[-122.282053,37.864328],[-122.282076,37.864325],[-122.282068,37.864286],[-122.282184,37.864271],[-122.282194,37.864316],[-122.282218,37.864313],[-122.282227,37.864355],[-122.282063,37.864376]]]},"properties":{"id":"w825633430","b":"yes","lv":null,"n":null}},
{"type":"Feature","geometry":{"type":"Polygon","coordinates":[[[-122.282162,37.864254],[-122.282156,37.864224],[-122.282221,37.864215],[-122.282227,37.864246],[-122.282162,37.864254]]]},"properties":{"id":"w825633431","b":"yes","lv":null,"n":null}},
{"type":"Feature","geometry":{"type":"Polygon","coordinates":[[[-122.282024,37.864135],[-122.282001,37.864028],[-122.282046,37.864023],[-122.28205,37.864039],[-122.282092,37.864034],[-122.282111,37.864124],[-122.282024,37.864135]]]},"properties":{"id":"w825633432","b":"yes","lv":null,"n":null}},
{"type":"Feature","geometry":{"type":"Polygon","coordinates":[[[-122.282307,37.864747],[-122.282131,37.86477],[-122.282113,37.864683],[-122.282181,37.864674],[-122.282185,37.864692],[-122.282292,37.864678],[-122.282307,37.864747]]]},"properties":{"id":"w825633433","b":"yes","lv":null,"n":null}},
{"type":"Feature","geometry":{"type":"Polygon","coordinates":[[[-122.282134,37.86467],[-122.282135,37.864674],[-122.282078,37.864682],[-122.28206,37.864596],[-122.28228,37.864567],[-122.282297,37.864648],[-122.282134,37.86467]]]},"properties":{"id":"w825633434","b":"yes","lv":null,"n":null}},
{"type":"Feature","geometry":{"type":"Polygon","coordinates":[[[-122.282143,37.864159],[-122.282111,37.86401],[-122.282158,37.864004],[-122.282162,37.864021],[-122.282209,37.864015],[-122.282237,37.864146],[-122.282143,37.864159]]]},"properties":{"id":"w825633435","b":"yes","lv":null,"n":null}},
{"type":"Feature","geometry":{"type":"Polygon","coordinates":[[[-122.284229,37.867269],[-122.28422,37.86718],[-122.284359,37.867171],[-122.284368,37.867259],[-122.284229,37.867269]]]},"properties":{"id":"w825633436","b":"yes","lv":null,"n":null}},
{"type":"Feature","geometry":{"type":"Polygon","coordinates":[[[-122.282214,37.865043],[-122.282197,37.864965],[-122.282336,37.864947],[-122.282343,37.86498],[-122.28235,37.864979],[-122.282359,37.865024],[-122.282214,37.865043]]]},"properties":{"id":"w825633437","b":"yes","lv":null,"n":null}},
{"type":"Feature","geometry":{"type":"Polygon","coordinates":[[[-122.282183,37.864955],[-122.282168,37.864884],[-122.282316,37.864865],[-122.282318,37.864871],[-122.282337,37.864869],[-122.282351,37.864933],[-122.282183,37.864955]]]},"properties":{"id":"w825633438","b":"yes","lv":null,"n":null}},
{"type":"Feature","geometry":{"type":"Polygon","coordinates":[[[-122.284007,37.86635],[-122.283996,37.866298],[-122.283992,37.866299],[-122.283988,37.866277],[-122.284005,37.866275],[-122.284163,37.866255],[-122.284178,37.866328],[-122.284007,37.86635]]]},"properties":{"id":"w825633439","b":"yes","lv":null,"n":null}},
{"type":"Feature","geometry":{"type":"Polygon","coordinates":[[[-122.283999,37.866268],[-122.283984,37.866194],[-122.284157,37.866171],[-122.284173,37.866245],[-122.283999,37.866268]]]},"properties":{"id":"w825633441","b":"yes","lv":null,"n":null}},
{"type":"Feature","geometry":{"type":"Polygon","coordinates":[[[-122.282309,37.86481],[-122.282316,37.864844],[-122.282197,37.86486],[-122.282191,37.864836],[-122.28218,37.864837],[-122.282174,37.864804],[-122.282184,37.864803],[-122.282179,37.864781],[-122.282298,37.864766],[-122.282299,37.864772],[-122.28232,37.864769],[-122.282328,37.864807],[-122.282309,37.86481]]]},"properties":{"id":"w825633442","b":"yes","lv":null,"n":null}},
{"type":"Feature","geometry":{"type":"Polygon","coordinates":[[[-122.284166,37.866627],[-122.284172,37.866654],[-122.284033,37.866672],[-122.284029,37.866653],[-122.284008,37.866656],[-122.284001,37.866618],[-122.284021,37.866615],[-122.284017,37.866597],[-122.284173,37.866577],[-122.284183,37.866625],[-122.284166,37.866627]]]},"properties":{"id":"w825633443","b":"yes","lv":null,"n":null}},
{"type":"Feature","geometry":{"type":"Polygon","coordinates":[[[-122.284317,37.866947],[-122.284308,37.866903],[-122.284289,37.866906],[-122.284279,37.866857],[-122.284343,37.866849],[-122.284349,37.866878],[-122.284362,37.866876],[-122.284375,37.866939],[-122.284317,37.866947]]]},"properties":{"id":"w825633445","b":"yes","lv":null,"n":null}},
{"type":"Feature","geometry":{"type":"Polygon","coordinates":[[[-122.284244,37.866862],[-122.284236,37.866825],[-122.284349,37.86681],[-122.284357,37.866847],[-122.284343,37.866849],[-122.284279,37.866857],[-122.284244,37.866862]]]},"properties":{"id":"w825633447","b":"yes","lv":null,"n":null}},
{"type":"Feature","geometry":{"type":"Polygon","coordinates":[[[-122.282367,37.865096],[-122.282374,37.865126],[-122.282232,37.865145],[-122.282215,37.865067],[-122.282364,37.865047],[-122.282375,37.865095],[-122.282367,37.865096]]]},"properties":{"id":"w825633448","b":"yes","lv":null,"n":null}},
{"type":"Feature","geometry":{"type":"Polygon","coordinates":[[[-122.284018,37.866433],[-122.284003,37.866362],[-122.284265,37.866328],[-122.28428,37.866399],[-122.284018,37.866433]]]},"properties":{"id":"w825633450","b":"yes","lv":null,"n":null}},
{"type":"Feature","geometry":{"type":"Polygon","coordinates":[[[-122.281686,37.865148],[-122.281791,37.865134],[-122.281787,37.865115],[-122.281902,37.8651],[-122.281912,37.865144],[-122.281923,37.865143],[-122.281931,37.86518],[-122.281699,37.865211],[-122.281686,37.865148]]]},"properties":{"id":"w825633451","b":"yes","lv":null,"n":null}},
{"type":"Feature","geometry":{"type":"Polygon","coordinates":[[[-122.282386,37.865194],[-122.282395,37.865235],[-122.282244,37.865255],[-122.282233,37.865205],[-122.282242,37.865204],[-122.282237,37.865176],[-122.282276,37.865171],[-122.282275,37.865162],[-122.282376,37.865148],[-122.282378,37.865155],[-122.282395,37.865152],[-122.282404,37.865192],[-122.282386,37.865194]]]},"properties":{"id":"w825633452","b":"yes","lv":null,"n":null}},
{"type":"Feature","geometry":{"type":"Polygon","coordinates":[[[-122.284196,37.866958],[-122.284195,37.866953],[-122.284169,37.866957],[-122.28417,37.866962],[-122.284141,37.866966],[-122.28411,37.86697],[-122.284109,37.866964],[-122.284063,37.86697],[-122.284059,37.866951],[-122.284043,37.866953],[-122.284036,37.866922],[-122.284053,37.86692],[-122.284048,37.866898],[-122.28409,37.866893],[-122.28409,37.866892],[-122.284225,37.866875],[-122.284241,37.866952],[-122.284196,37.866958]]]},"properties":{"id":"w825633453","b":"yes","lv":null,"n":null}},
{"type":"Feature","geometry":{"type":"Polygon","coordinates":[[[-122.284187,37.866825],[-122.284193,37.866852],[-122.284121,37.866861],[-122.284052,37.86687],[-122.284046,37.866841],[-122.284026,37.866843],[-122.284017,37.866797],[-122.284191,37.866775],[-122.284201,37.866823],[-122.284187,37.866825]]]},"properties":{"id":"w825633456","b":"yes","lv":null,"n":null}},
{"type":"Feature","geometry":{"type":"Polygon","coordinates":[[[-122.281785,37.865696],[-122.281783,37.865689],[-122.281737,37.865695],[-122.281719,37.865606],[-122.28188,37.865585],[-122.2819,37.86568],[-122.281785,37.865696]]]},"properties":{"id":"w825633457","b":"yes","lv":null,"n":null}},
{"type":"Feature","geometry":{"type":"Polygon","coordinates":[[[-122.281872,37.865559],[-122.281867,37.865533],[-122.281814,37.86554],[-122.281797,37.865459],[-122.281814,37.865457],[-122.281809,37.865436],[-122.281882,37.865427],[-122.281903,37.865528],[-122.281922,37.865526],[-122.281928,37.865551],[-122.281872,37.865559]]]},"properties":{"id":"w825633458","b":"yes","lv":null,"n":null}},
{"type":"Feature","geometry":{"type":"Polygon","coordinates":[[[-122.286177,37.869359],[-122.286122,37.869363],[-122.286124,37.869386],[-122.286035,37.869392],[-122.285993,37.869037],[-122.286137,37.869026],[-122.286177,37.869359]]]},"properties":{"id":"w825633459","b":"kindergarten","lv":null,"n":null}},
{"type":"Feature","geometry":{"type":"Polygon","coordinates":[[[-122.281754,37.865424],[-122.28175,37.865405],[-122.281731,37.865408],[-122.28172,37.865357],[-122.281903,37.865333],[-122.281909,37.865362],[-122.281952,37.865356],[-122.281961,37.865397],[-122.281754,37.865424]]]},"properties":{"id":"w825633460","b":"yes","lv":null,"n":null}},
{"type":"Feature","geometry":{"type":"Polygon","coordinates":[[[-122.281721,37.865323],[-122.281711,37.865273],[-122.281703,37.865274],[-122.281696,37.86524],[-122.281748,37.865234],[-122.28175,37.865241],[-122.281878,37.865224],[-122.281894,37.8653],[-122.281721,37.865323]]]},"properties":{"id":"w825633461","b":"yes","lv":null,"n":null}},
{"type":"Feature","geometry":{"type":"Polygon","coordinates":[[[-122.282053,37.865632],[-122.282056,37.865646],[-122.281983,37.865655],[-122.281979,37.865632],[-122.281959,37.865634],[-122.281937,37.865527],[-122.282028,37.865515],[-122.282051,37.865621],[-122.282058,37.86562],[-122.28206,37.865631],[-122.282053,37.865632]]]},"properties":{"id":"w825633462","b":"yes","lv":null,"n":null}},
{"type":"Feature","geometry":{"type":"Polygon","coordinates":[[[-122.282411,37.865454],[-122.282394,37.865375],[-122.282481,37.865364],[-122.282498,37.865443],[-122.282411,37.865454]]]},"properties":{"id":"w825633463","b":"yes","lv":null,"n":null}},
{"type":"Feature","geometry":{"type":"Polygon","coordinates":[[[-122.28235,37.865432],[-122.282348,37.865426],[-122.282321,37.865429],[-122.282312,37.865389],[-122.282338,37.865385],[-122.282337,37.865377],[-122.282386,37.865371],[-122.282398,37.865426],[-122.28235,37.865432]]]},"properties":{"id":"w825633464","b":"yes","lv":null,"n":null}},
{"type":"Feature","geometry":{"type":"Polygon","coordinates":[[[-122.282415,37.86531],[-122.282421,37.86534],[-122.282242,37.865363],[-122.282233,37.865319],[-122.282261,37.865315],[-122.282254,37.865281],[-122.282405,37.865262],[-122.282411,37.865293],[-122.282431,37.86529],[-122.282435,37.865307],[-122.282415,37.86531]]]},"properties":{"id":"w825633465","b":"yes","lv":null,"n":null}},
{"type":"Feature","geometry":{"type":"Polygon","coordinates":[[[-122.28249,37.865596],[-122.282486,37.86558],[-122.282444,37.865585],[-122.282423,37.865488],[-122.282525,37.865474],[-122.282549,37.865589],[-122.28249,37.865596]]]},"properties":{"id":"w825633466","b":"yes","lv":null,"n":null}},
{"type":"Feature","geometry":{"type":"Polygon","coordinates":[[[-122.282333,37.865618],[-122.282305,37.865485],[-122.282381,37.865475],[-122.282409,37.865608],[-122.282333,37.865618]]]},"properties":{"id":"w825633467","b":"yes","lv":null,"n":null}},
{"type":"Feature","geometry":{"type":"Polygon","coordinates":[[[-122.282145,37.865639],[-122.282141,37.865624],[-122.282092,37.86563],[-122.282064,37.865497],[-122.282084,37.865494],[-122.282073,37.865439],[-122.282143,37.86543],[-122.282186,37.865634],[-122.282145,37.865639]]]},"properties":{"id":"w825633468","b":"yes","lv":null,"n":null}},
{"type":"Feature","geometry":{"type":"Polygon","coordinates":[[[-122.282287,37.865575],[-122.282291,37.865593],[-122.28226,37.865597],[-122.282262,37.865608],[-122.282236,37.865611],[-122.282238,37.865619],[-122.2822,37.865624],[-122.282168,37.86547],[-122.282262,37.865457],[-122.282284,37.865562],[-122.28229,37.865561],[-122.282293,37.865575],[-122.282287,37.865575]]]},"properties":{"id":"w825633469","b":"yes","lv":null,"n":null}},
{"type":"Feature","geometry":{"type":"Polygon","coordinates":[[[-122.282262,37.864474],[-122.282279,37.864555],[-122.282096,37.864579],[-122.282079,37.864498],[-122.282262,37.864474]]]},"properties":{"id":"w825633473","b":"yes","lv":null,"n":null}},
{"type":"Feature","geometry":{"type":"Polygon","coordinates":[[[-122.286017,37.868748],[-122.28601,37.868643],[-122.286103,37.868639],[-122.28611,37.868744],[-122.286017,37.868748]]]},"properties":{"id":"w825633474","b":"yes","lv":null,"n":null}},
{"type":"Feature","geometry":{"type":"Polygon","coordinates":[[[-122.281431,37.867174],[-122.281238,37.867184],[-122.281232,37.867107],[-122.281286,37.867104],[-122.281287,37.867114],[-122.281405,37.867108],[-122.281406,37.867128],[-122.281427,37.867127],[-122.281431,37.867174]]]},"properties":{"id":"w825633475","b":"yes","lv":null,"n":null}},
{"type":"Feature","geometry":{"type":"Polygon","coordinates":[[[-122.286023,37.868414],[-122.286006,37.868328],[-122.286092,37.868317],[-122.286109,37.868403],[-122.286023,37.868414]]]},"properties":{"id":"w825633476","b":"yes","lv":null,"n":null}},
{"type":"Feature","geometry":{"type":"Polygon","coordinates":[[[-122.281023,37.867441],[-122.280934,37.867445],[-122.280929,37.867365],[-122.281018,37.867362],[-122.281023,37.867441]]]},"properties":{"id":"w825633477","b":"yes","lv":null,"n":null}},
{"type":"Feature","geometry":{"type":"Polygon","coordinates":[[[-122.28417,37.86469],[-122.284119,37.864708],[-122.284117,37.864705],[-122.284083,37.864709],[-122.284077,37.864684],[-122.284055,37.864687],[-122.28405,37.864661],[-122.284072,37.864658],[-122.284071,37.864655],[-122.284111,37.86465],[-122.284113,37.864663],[-122.284187,37.864636],[-122.28421,37.864676],[-122.284251,37.864671],[-122.284257,37.8647],[-122.284193,37.864708],[-122.28417,37.86469]]]},"properties":{"id":"w825633478","b":"yes","lv":null,"n":null}},
{"type":"Feature","geometry":{"type":"Polygon","coordinates":[[[-122.28087,37.867478],[-122.28087,37.867484],[-122.280803,37.867489],[-122.280798,37.86744],[-122.28081,37.867439],[-122.2808,37.867347],[-122.280806,37.867347],[-122.280803,37.867319],[-122.280906,37.867312],[-122.280912,37.867365],[-122.2809,37.867366],[-122.280913,37.867475],[-122.28087,37.867478]]]},"properties":{"id":"w825633479","b":"yes","lv":null,"n":null}},
{"type":"Feature","geometry":{"type":"Polygon","coordinates":[[[-122.281242,37.867007],[-122.281234,37.866939],[-122.281403,37.866928],[-122.28141,37.866996],[-122.281242,37.867007]]]},"properties":{"id":"w825633481","b":"yes","lv":null,"n":null}},
{"type":"Feature","geometry":{"type":"Polygon","coordinates":[[[-122.280858,37.867093],[-122.280857,37.867088],[-122.280789,37.867093],[-122.280785,37.867057],[-122.280801,37.867056],[-122.280798,37.867032],[-122.280971,37.867021],[-122.280974,37.867046],[-122.280996,37.867045],[-122.281,37.867084],[-122.280858,37.867093]]]},"properties":{"id":"w825633482","b":"yes","lv":null,"n":null}},
{"type":"Feature","geometry":{"type":"Polygon","coordinates":[[[-122.280767,37.8669],[-122.28076,37.866833],[-122.28091,37.866823],[-122.280912,37.86684],[-122.280929,37.866839],[-122.280934,37.866889],[-122.280767,37.8669]]]},"properties":{"id":"w825633484","b":"yes","lv":null,"n":null}},
{"type":"Feature","geometry":{"type":"Polygon","coordinates":[[[-122.280772,37.867202],[-122.280767,37.867158],[-122.280789,37.867156],[-122.280787,37.867136],[-122.281026,37.867121],[-122.281029,37.867145],[-122.28109,37.867141],[-122.281094,37.867181],[-122.280772,37.867202]]]},"properties":{"id":"w825633485","b":"yes","lv":null,"n":null}},
{"type":"Feature","geometry":{"type":"Polygon","coordinates":[[[-122.280925,37.866976],[-122.280927,37.866991],[-122.280775,37.867001],[-122.280769,37.866945],[-122.280792,37.866943],[-122.28079,37.866921],[-122.280918,37.866912],[-122.28092,37.866938],[-122.280945,37.866936],[-122.280949,37.866975],[-122.280925,37.866976]]]},"properties":{"id":"w825633486","b":"yes","lv":null,"n":null}},
{"type":"Feature","geometry":{"type":"Polygon","coordinates":[[[-122.281221,37.866753],[-122.281215,37.866691],[-122.281372,37.866681],[-122.281379,37.866742],[-122.281221,37.866753]]]},"properties":{"id":"w825633487","b":"yes","lv":null,"n":null}},
{"type":"Feature","geometry":{"type":"Polygon","coordinates":[[[-122.281302,37.867277],[-122.281299,37.867254],[-122.281281,37.867255],[-122.281278,37.867228],[-122.281295,37.867227],[-122.281293,37.867209],[-122.281432,37.8672],[-122.281439,37.867268],[-122.281302,37.867277]]]},"properties":{"id":"w825633488","b":"yes","lv":null,"n":null}},
{"type":"Feature","geometry":{"type":"Polygon","coordinates":[[[-122.280951,37.86673],[-122.280954,37.866761],[-122.280918,37.866763],[-122.280921,37.866792],[-122.280825,37.866799],[-122.280825,37.866793],[-122.280755,37.866797],[-122.280751,37.866762],[-122.280766,37.866761],[-122.280764,37.866734],[-122.280911,37.866725],[-122.280912,37.866733],[-122.280951,37.86673]]]},"properties":{"id":"w825633489","b":"yes","lv":null,"n":null}},
{"type":"Feature","geometry":{"type":"Polygon","coordinates":[[[-122.281393,37.866807],[-122.281378,37.866808],[-122.28138,37.866834],[-122.281247,37.866843],[-122.281239,37.866766],[-122.28137,37.866757],[-122.281371,37.866766],[-122.281389,37.866765],[-122.281393,37.866807]]]},"properties":{"id":"w825633490","b":"yes","lv":null,"n":null}},
{"type":"Feature","geometry":{"type":"Polygon","coordinates":[[[-122.28116,37.86735],[-122.281167,37.867424],[-122.281071,37.86743],[-122.28106,37.867326],[-122.281157,37.86732],[-122.281158,37.867331],[-122.281171,37.86733],[-122.281173,37.867349],[-122.28116,37.86735]]]},"properties":{"id":"w825633491","b":"yes","lv":null,"n":null}},
{"type":"Feature","geometry":{"type":"Polygon","coordinates":[[[-122.281253,37.866921],[-122.281246,37.866858],[-122.281391,37.866849],[-122.281394,37.866884],[-122.281377,37.866885],[-122.28138,37.866913],[-122.281253,37.866921]]]},"properties":{"id":"w825633492","b":"yes","lv":null,"n":null}},
{"type":"Feature","geometry":{"type":"Polygon","coordinates":[[[-122.281246,37.867095],[-122.281242,37.867057],[-122.281257,37.867056],[-122.281253,37.86702],[-122.281412,37.86701],[-122.281415,37.867037],[-122.281436,37.867035],[-122.281441,37.867082],[-122.281246,37.867095]]]},"properties":{"id":"w825633493","b":"yes","lv":null,"n":null}},
{"type":"Feature","geometry":{"type":"Polygon","coordinates":[[[-122.280802,37.867309],[-122.280801,37.867299],[-122.280789,37.867299],[-122.280785,37.867262],[-122.280796,37.867261],[-122.280793,37.867228],[-122.280948,37.867218],[-122.280957,37.867299],[-122.280802,37.867309]]]},"properties":{"id":"w825633494","b":"yes","lv":null,"n":null}},
{"type":"Feature","geometry":{"type":"Polygon","coordinates":[[[-122.281219,37.867372],[-122.281211,37.867292],[-122.281247,37.867289],[-122.281255,37.867369],[-122.281219,37.867372]]]},"properties":{"id":"w825633495","b":"yes","lv":null,"n":null}},
{"type":"Feature","geometry":{"type":"Polygon","coordinates":[[[-122.28145,37.867356],[-122.281313,37.867365],[-122.281316,37.867391],[-122.281269,37.867394],[-122.281264,37.867343],[-122.281309,37.86734],[-122.281305,37.8673],[-122.281443,37.867291],[-122.28145,37.867356]]]},"properties":{"id":"w825633496","b":"yes","lv":null,"n":null}},
{"type":"Feature","geometry":{"type":"Polygon","coordinates":[[[-122.285455,37.864467],[-122.285348,37.86448],[-122.285342,37.864449],[-122.285332,37.86445],[-122.285323,37.864407],[-122.28536,37.864403],[-122.285355,37.864378],[-122.285436,37.864368],[-122.285455,37.864467]]]},"properties":{"id":"w825633497","b":"yes","lv":null,"n":null}},
{"type":"Feature","geometry":{"type":"Polygon","coordinates":[[[-122.281182,37.864903],[-122.281143,37.864906],[-122.281142,37.864898],[-122.281045,37.864904],[-122.281045,37.864909],[-122.280985,37.864913],[-122.280978,37.864833],[-122.281033,37.864829],[-122.281033,37.864834],[-122.281167,37.864826],[-122.281171,37.864868],[-122.281179,37.864868],[-122.281182,37.864903]]]},"properties":{"id":"w825633498","b":"yes","lv":null,"n":null}},
{"type":"Feature","geometry":{"type":"Polygon","coordinates":[[[-122.286351,37.864759],[-122.286175,37.864781],[-122.286172,37.864766],[-122.286135,37.864771],[-122.286139,37.86479],[-122.28616,37.864787],[-122.286168,37.864825],[-122.286071,37.864837],[-122.286046,37.86471],[-122.286064,37.864708],[-122.286066,37.864715],[-122.286082,37.864713],[-122.286076,37.864685],[-122.286224,37.864666],[-122.286227,37.864678],[-122.28627,37.864673],[-122.286272,37.864682],[-122.286347,37.864673],[-122.286359,37.864731],[-122.286345,37.864732],[-122.286351,37.864759]]]},"properties":{"id":"w825633503","b":"yes","lv":null,"n":null}},
{"type":"Feature","geometry":{"type":"Polygon","coordinates":[[[-122.280975,37.86735],[-122.280971,37.867308],[-122.281002,37.867306],[-122.281006,37.867348],[-122.280975,37.86735]]]},"properties":{"id":"w825633504","b":"yes","lv":null,"n":null}},
{"type":"Feature","geometry":{"type":"Polygon","coordinates":[[[-122.281178,37.867371],[-122.281173,37.867323],[-122.281207,37.867321],[-122.281212,37.867369],[-122.281178,37.867371]]]},"properties":{"id":"w825633505","b":"yes","lv":null,"n":null}},
{"type":"Feature","geometry":{"type":"Polygon","coordinates":[[[-122.281046,37.867344],[-122.281008,37.867347],[-122.281003,37.867302],[-122.281041,37.867299],[-122.281046,37.867344]]]},"properties":{"id":"w825633506","b":"yes","lv":null,"n":null}},
{"type":"Feature","geometry":{"type":"Polygon","coordinates":[[[-122.286531,37.863599],[-122.286523,37.863558],[-122.286473,37.863564],[-122.286454,37.863473],[-122.286474,37.86347],[-122.286472,37.86346],[-122.286546,37.86345],[-122.286575,37.863594],[-122.286531,37.863599]]]},"properties":{"id":"w825633519","b":"yes","lv":null,"n":null}},
{"type":"Feature","geometry":{"type":"Polygon","coordinates":[[[-122.286448,37.863569],[-122.286451,37.863585],[-122.286364,37.863596],[-122.286351,37.863534],[-122.286357,37.863533],[-122.286345,37.863473],[-122.286443,37.86346],[-122.286465,37.863567],[-122.286448,37.863569]]]},"properties":{"id":"w825633520","b":"yes","lv":null,"n":null}},
{"type":"Feature","geometry":{"type":"Polygon","coordinates":[[[-122.286784,37.863535],[-122.28676,37.86342],[-122.286836,37.86341],[-122.286859,37.863526],[-122.286784,37.863535]]]},"properties":{"id":"w825633521","b":"yes","lv":null,"n":null}},
{"type":"Feature","geometry":{"type":"Polygon","coordinates":[[[-122.286934,37.863703],[-122.286923,37.863651],[-122.287178,37.863619],[-122.287183,37.86364],[-122.287195,37.863638],[-122.287199,37.863659],[-122.28707,37.863675],[-122.287072,37.863685],[-122.286934,37.863703]]]},"properties":{"id":"w825633522","b":"yes","lv":null,"n":null}},
{"type":"Feature","geometry":{"type":"Polygon","coordinates":[[[-122.286669,37.86354],[-122.286671,37.863548],[-122.286605,37.863557],[-122.28658,37.863435],[-122.286652,37.863426],[-122.286655,37.863443],[-122.286714,37.863435],[-122.286734,37.863532],[-122.286669,37.86354]]]},"properties":{"id":"w825633523","b":"yes","lv":null,"n":null}},
{"type":"Feature","geometry":{"type":"Polygon","coordinates":[[[-122.28714,37.863615],[-122.287133,37.863582],[-122.287205,37.863572],[-122.287212,37.863606],[-122.28714,37.863615]]]},"properties":{"id":"w825633524","b":"yes","lv":null,"n":null}},
{"type":"Feature","geometry":{"type":"Polygon","coordinates":[[[-122.287158,37.863501],[-122.287156,37.863492],[-122.287096,37.8635],[-122.287066,37.863363],[-122.287129,37.863354],[-122.287132,37.863368],[-122.287158,37.863365],[-122.287187,37.863497],[-122.287158,37.863501]]]},"properties":{"id":"w825633526","b":"yes","lv":null,"n":null}},
{"type":"Feature","geometry":{"type":"Polygon","coordinates":[[[-122.28702,37.863549],[-122.28701,37.863504],[-122.286986,37.863507],[-122.286961,37.863386],[-122.287036,37.863376],[-122.28704,37.863396],[-122.287062,37.863393],[-122.287093,37.86354],[-122.28702,37.863549]]]},"properties":{"id":"w825633527","b":"yes","lv":null,"n":null}},
{"type":"Feature","geometry":{"type":"Polygon","coordinates":[[[-122.286886,37.863535],[-122.286857,37.863395],[-122.286949,37.863383],[-122.286978,37.863523],[-122.286886,37.863535]]]},"properties":{"id":"w825633528","b":"yes","lv":null,"n":null}},
{"type":"Feature","geometry":{"type":"Polygon","coordinates":[[[-122.287011,37.863777],[-122.287001,37.863729],[-122.28721,37.863702],[-122.28722,37.863751],[-122.287011,37.863777]]]},"properties":{"id":"w825633530","b":"yes","lv":null,"n":null}},
{"type":"Feature","geometry":{"type":"Polygon","coordinates":[[[-122.28709,37.864128],[-122.287081,37.864083],[-122.287267,37.864059],[-122.287277,37.864104],[-122.28709,37.864128]]]},"properties":{"id":"w825633532","b":"yes","lv":null,"n":null}},
{"type":"Feature","geometry":{"type":"Polygon","coordinates":[[[-122.28725,37.863995],[-122.287259,37.864035],[-122.287098,37.864055],[-122.287082,37.86398],[-122.287268,37.863956],[-122.287275,37.863992],[-122.28725,37.863995]]]},"properties":{"id":"w825633533","b":"yes","lv":null,"n":null}},
{"type":"Feature","geometry":{"type":"Polygon","coordinates":[[[-122.28711,37.86395],[-122.287103,37.863915],[-122.287093,37.863916],[-122.28709,37.863901],[-122.287102,37.8639],[-122.287098,37.863879],[-122.287229,37.863862],[-122.287244,37.863933],[-122.28711,37.86395]]]},"properties":{"id":"w825633534","b":"yes","lv":null,"n":null}},
{"type":"Feature","geometry":{"type":"Polygon","coordinates":[[[-122.287051,37.863854],[-122.287042,37.863808],[-122.287223,37.863785],[-122.287232,37.863831],[-122.287051,37.863854]]]},"properties":{"id":"w825633535","b":"yes","lv":null,"n":null}},
{"type":"Feature","geometry":{"type":"Polygon","coordinates":[[[-122.28649,37.863897],[-122.286477,37.863832],[-122.286639,37.863811],[-122.286653,37.863876],[-122.28649,37.863897]]]},"properties":{"id":"w825633536","b":"yes","lv":null,"n":null}},
{"type":"Feature","geometry":{"type":"Polygon","coordinates":[[[-122.286456,37.863807],[-122.286454,37.863796],[-122.28641,37.863802],[-122.286375,37.863633],[-122.286419,37.863627],[-122.286417,37.863616],[-122.286431,37.863614],[-122.286471,37.863805],[-122.286456,37.863807]]]},"properties":{"id":"w825633537","b":"yes","lv":null,"n":null}},
{"type":"Feature","geometry":{"type":"Polygon","coordinates":[[[-122.287135,37.864223],[-122.287125,37.864177],[-122.287139,37.864175],[-122.287134,37.864149],[-122.287272,37.864132],[-122.287286,37.864203],[-122.287135,37.864223]]]},"properties":{"id":"w825633538","b":"yes","lv":null,"n":null}},
{"type":"Feature","geometry":{"type":"Polygon","coordinates":[[[-122.286571,37.863996],[-122.286557,37.86393],[-122.286613,37.863923],[-122.286611,37.86391],[-122.286817,37.863884],[-122.286833,37.863963],[-122.286571,37.863996]]]},"properties":{"id":"w825633539","b":"yes","lv":null,"n":null}},
{"type":"Feature","geometry":{"type":"Polygon","coordinates":[[[-122.286725,37.864223],[-122.286729,37.864242],[-122.286561,37.864264],[-122.286545,37.86419],[-122.286735,37.864166],[-122.28674,37.864192],[-122.286757,37.86419],[-122.286763,37.864219],[-122.286725,37.864223]]]},"properties":{"id":"w825633544","b":"yes","lv":null,"n":null}},
{"type":"Feature","geometry":{"type":"Polygon","coordinates":[[[-122.286812,37.864038],[-122.286823,37.864092],[-122.286735,37.864103],[-122.286724,37.864045],[-122.286682,37.864051],[-122.286685,37.864062],[-122.286676,37.864063],[-122.28668,37.86408],[-122.286522,37.8641],[-122.286519,37.864084],[-122.286495,37.864087],[-122.286488,37.864052],[-122.286513,37.864049],[-122.286507,37.864021],[-122.286726,37.863994],[-122.286728,37.864006],[-122.286853,37.86399],[-122.286862,37.864032],[-122.286812,37.864038]]]},"properties":{"id":"w825633546","b":"yes","lv":null,"n":null}},
{"type":"Feature","geometry":{"type":"Polygon","coordinates":[[[-122.286623,37.864568],[-122.286613,37.864518],[-122.286629,37.864516],[-122.286625,37.864494],[-122.286756,37.864477],[-122.286758,37.864486],[-122.286779,37.864483],[-122.286785,37.864511],[-122.286849,37.864502],[-122.286857,37.864538],[-122.286623,37.864568]]]},"properties":{"id":"w825633549","b":"yes","lv":null,"n":null}},
{"type":"Feature","geometry":{"type":"Polygon","coordinates":[[[-122.286577,37.864463],[-122.286563,37.864392],[-122.286733,37.86437],[-122.286741,37.864409],[-122.28677,37.864405],[-122.286777,37.864438],[-122.286577,37.864463]]]},"properties":{"id":"w825633550","b":"yes","lv":null,"n":null}},
{"type":"Feature","geometry":{"type":"Polygon","coordinates":[[[-122.286636,37.864862],[-122.28663,37.864834],[-122.286729,37.864821],[-122.286735,37.864849],[-122.286636,37.864862]]]},"properties":{"id":"w825633551","b":"yes","lv":null,"n":null}},
{"type":"Feature","geometry":{"type":"Polygon","coordinates":[[[-122.286673,37.864787],[-122.286669,37.864764],[-122.286652,37.864766],[-122.286648,37.864745],[-122.286666,37.864743],[-122.286661,37.864721],[-122.286773,37.864706],[-122.286787,37.864773],[-122.286673,37.864787]]]},"properties":{"id":"w825633552","b":"yes","lv":null,"n":null}},
{"type":"Feature","geometry":{"type":"Polygon","coordinates":[[[-122.287034,37.864992],[-122.28703,37.864975],[-122.287021,37.864976],[-122.28702,37.864971],[-122.287025,37.86497],[-122.287007,37.864883],[-122.287052,37.864877],[-122.287055,37.864888],[-122.287098,37.864882],[-122.287119,37.864981],[-122.287034,37.864992]]]},"properties":{"id":"w825633556","b":"yes","lv":null,"n":null}},
{"type":"Feature","geometry":{"type":"Polygon","coordinates":[[[-122.286847,37.865016],[-122.28685,37.865033],[-122.286823,37.865036],[-122.28682,37.86502],[-122.286792,37.865023],[-122.286773,37.864928],[-122.286776,37.864927],[-122.286773,37.864912],[-122.286776,37.864912],[-122.286787,37.864911],[-122.286782,37.864883],[-122.286837,37.864876],[-122.286845,37.864914],[-122.286867,37.864911],[-122.286887,37.865011],[-122.286847,37.865016]]]},"properties":{"id":"w825633557","b":"yes","lv":null,"n":null}},
{"type":"Feature","geometry":{"type":"Polygon","coordinates":[[[-122.286938,37.865005],[-122.286935,37.864988],[-122.286919,37.86499],[-122.286896,37.864879],[-122.286978,37.864869],[-122.287,37.864978],[-122.287011,37.864977],[-122.287014,37.864995],[-122.286938,37.865005]]]},"properties":{"id":"w825633558","b":"yes","lv":null,"n":null}},
{"type":"Feature","geometry":{"type":"Polygon","coordinates":[[[-122.286742,37.865009],[-122.286746,37.865025],[-122.286666,37.865036],[-122.28664,37.86491],[-122.28674,37.864897],[-122.286763,37.865006],[-122.286742,37.865009]]]},"properties":{"id":"w825633559","b":"yes","lv":null,"n":null}},
{"type":"Feature","geometry":{"type":"Polygon","coordinates":[[[-122.287839,37.864881],[-122.287837,37.864872],[-122.287829,37.864873],[-122.287827,37.864864],[-122.287837,37.864862],[-122.28782,37.864778],[-122.287908,37.864767],[-122.287929,37.864869],[-122.287839,37.864881]]]},"properties":{"id":"w825633564","b":"yes","lv":null,"n":null}},
{"type":"Feature","geometry":{"type":"Polygon","coordinates":[[[-122.287798,37.864844],[-122.287809,37.864897],[-122.287721,37.864908],[-122.287683,37.864727],[-122.287773,37.864715],[-122.287797,37.864831],[-122.287805,37.86483],[-122.287808,37.864843],[-122.287798,37.864844]]]},"properties":{"id":"w825633565","b":"yes","lv":null,"n":null}},
{"type":"Feature","geometry":{"type":"Polygon","coordinates":[[[-122.28768,37.86472],[-122.28767,37.864669],[-122.28776,37.864657],[-122.287771,37.864708],[-122.28768,37.86472]]]},"properties":{"id":"w825633566","b":"yes","lv":null,"n":null}},
{"type":"Feature","geometry":{"type":"Polygon","coordinates":[[[-122.287744,37.864631],[-122.287741,37.86462],[-122.287724,37.864622],[-122.287723,37.864616],[-122.28769,37.864621],[-122.287686,37.864603],[-122.28768,37.864604],[-122.287671,37.864563],[-122.287843,37.864541],[-122.287858,37.864617],[-122.287744,37.864631]]]},"properties":{"id":"w825633567","b":"yes","lv":null,"n":null}},
{"type":"Feature","geometry":{"type":"Polygon","coordinates":[[[-122.284828,37.865297],[-122.28481,37.86521],[-122.284827,37.865208],[-122.284821,37.86518],[-122.284873,37.865173],[-122.284879,37.865203],[-122.284871,37.865204],[-122.284889,37.865289],[-122.284828,37.865297]]]},"properties":{"id":"w825633569","b":"yes","lv":null,"n":null}},
{"type":"Feature","geometry":{"type":"Polygon","coordinates":[[[-122.285852,37.865084],[-122.28584,37.865041],[-122.285877,37.865035],[-122.285888,37.865078],[-122.285852,37.865084]]]},"properties":{"id":"w825633570","b":"yes","lv":null,"n":null}},
{"type":"Feature","geometry":{"type":"Polygon","coordinates":[[[-122.288122,37.864848],[-122.288095,37.864719],[-122.288151,37.864712],[-122.288155,37.864731],[-122.288192,37.864726],[-122.288214,37.864836],[-122.288122,37.864848]]]},"properties":{"id":"w825633571","b":"yes","lv":null,"n":null}},
{"type":"Feature","geometry":{"type":"Polygon","coordinates":[[[-122.288001,37.864862],[-122.287975,37.864735],[-122.287944,37.864739],[-122.287934,37.86469],[-122.287971,37.864685],[-122.287981,37.864732],[-122.288004,37.864729],[-122.287998,37.864699],[-122.28805,37.864693],[-122.288083,37.864851],[-122.288001,37.864862]]]},"properties":{"id":"w825633572","b":"yes","lv":null,"n":null}},
{"type":"Feature","geometry":{"type":"Polygon","coordinates":[[[-122.287605,37.864259],[-122.287589,37.864183],[-122.287629,37.864178],[-122.28763,37.864182],[-122.287795,37.864161],[-122.287809,37.864232],[-122.287605,37.864259]]]},"properties":{"id":"w825633574","b":"yes","lv":null,"n":null}},
{"type":"Feature","geometry":{"type":"Polygon","coordinates":[[[-122.288333,37.864428],[-122.288282,37.864435],[-122.288286,37.864452],[-122.288222,37.864461],[-122.288217,37.864436],[-122.288209,37.864437],[-122.288203,37.864412],[-122.28821,37.864411],[-122.288205,37.864389],[-122.288405,37.864362],[-122.288416,37.864413],[-122.288395,37.864415],[-122.288402,37.864448],[-122.288339,37.864457],[-122.288333,37.864428]]]},"properties":{"id":"w825633575","b":"yes","lv":null,"n":null}},
{"type":"Feature","geometry":{"type":"Polygon","coordinates":[[[-122.287721,37.864428],[-122.287717,37.86441],[-122.287668,37.864416],[-122.287656,37.864359],[-122.287788,37.864342],[-122.287804,37.864417],[-122.287721,37.864428]]]},"properties":{"id":"w825633576","b":"yes","lv":null,"n":null}},
{"type":"Feature","geometry":{"type":"Polygon","coordinates":[[[-122.287802,37.864475],[-122.287809,37.864509],[-122.287676,37.864526],[-122.28766,37.864449],[-122.287794,37.864432],[-122.287796,37.864441],[-122.287815,37.864439],[-122.287822,37.864472],[-122.287802,37.864475]]]},"properties":{"id":"w825633577","b":"yes","lv":null,"n":null}},
{"type":"Feature","geometry":{"type":"Polygon","coordinates":[[[-122.287533,37.863923],[-122.287513,37.863825],[-122.287762,37.863793],[-122.287782,37.863892],[-122.287533,37.863923]]]},"properties":{"id":"w825633578","b":"yes","lv":null,"n":null}},
{"type":"Feature","geometry":{"type":"Polygon","coordinates":[[[-122.287684,37.864036],[-122.287678,37.864007],[-122.287608,37.864016],[-122.287614,37.864046],[-122.287542,37.864055],[-122.287523,37.863963],[-122.28774,37.863936],[-122.287758,37.864027],[-122.287684,37.864036]]]},"properties":{"id":"w825633579","b":"yes","lv":null,"n":null}},
{"type":"Feature","geometry":{"type":"Polygon","coordinates":[[[-122.287483,37.863678],[-122.287466,37.863594],[-122.287566,37.863581],[-122.287567,37.863588],[-122.287621,37.863581],[-122.287625,37.8636],[-122.287709,37.863589],[-122.287722,37.863648],[-122.287483,37.863678]]]},"properties":{"id":"w825633583","b":"yes","lv":null,"n":null}},
{"type":"Feature","geometry":{"type":"Polygon","coordinates":[[[-122.287507,37.863788],[-122.28749,37.863706],[-122.287717,37.863676],[-122.287734,37.863759],[-122.287507,37.863788]]]},"properties":{"id":"w825633584","b":"yes","lv":null,"n":null}},
{"type":"Feature","geometry":{"type":"Polygon","coordinates":[[[-122.287582,37.863457],[-122.287575,37.863425],[-122.287537,37.86343],[-122.287514,37.863316],[-122.287553,37.863311],[-122.287556,37.863322],[-122.287605,37.863316],[-122.287633,37.86345],[-122.287582,37.863457]]]},"properties":{"id":"w825633590","b":"yes","lv":null,"n":null}},
{"type":"Feature","geometry":{"type":"Polygon","coordinates":[[[-122.288089,37.863712],[-122.288075,37.863643],[-122.288093,37.863641],[-122.288091,37.863634],[-122.288138,37.863628],[-122.288136,37.863615],[-122.288177,37.86361],[-122.28818,37.863623],[-122.288214,37.863619],[-122.28823,37.863693],[-122.288089,37.863712]]]},"properties":{"id":"w825633591","b":"yes","lv":null,"n":null}},
{"type":"Feature","geometry":{"type":"Polygon","coordinates":[[[-122.287402,37.863498],[-122.287391,37.863441],[-122.287408,37.863439],[-122.287396,37.863381],[-122.287378,37.863384],[-122.287368,37.863331],[-122.287474,37.863318],[-122.28748,37.863347],[-122.287497,37.863345],[-122.287524,37.863483],[-122.287402,37.863498]]]},"properties":{"id":"w825633592","b":"yes","lv":null,"n":null}},
{"type":"Feature","geometry":{"type":"Polygon","coordinates":[[[-122.287424,37.863583],[-122.287413,37.863531],[-122.287492,37.863521],[-122.287503,37.863573],[-122.287424,37.863583]]]},"properties":{"id":"w825633593","b":"yes","lv":null,"n":null}},
{"type":"Feature","geometry":{"type":"Polygon","coordinates":[[[-122.287955,37.863423],[-122.287921,37.863261],[-122.287965,37.863256],[-122.287967,37.863267],[-122.288029,37.863259],[-122.288061,37.86341],[-122.287955,37.863423]]]},"properties":{"id":"w825633594","b":"yes","lv":null,"n":null}},
{"type":"Feature","geometry":{"type":"Polygon","coordinates":[[[-122.287858,37.863405],[-122.287866,37.863446],[-122.287816,37.863452],[-122.287781,37.863286],[-122.287887,37.863272],[-122.287913,37.863398],[-122.287858,37.863405]]]},"properties":{"id":"w825633595","b":"yes","lv":null,"n":null}},
{"type":"Feature","geometry":{"type":"Polygon","coordinates":[[[-122.287678,37.863425],[-122.287653,37.863302],[-122.287736,37.863291],[-122.287761,37.863415],[-122.287678,37.863425]]]},"properties":{"id":"w825633596","b":"yes","lv":null,"n":null}},
{"type":"Feature","geometry":{"type":"Polygon","coordinates":[[[-122.288076,37.863337],[-122.288057,37.863244],[-122.288191,37.863227],[-122.28821,37.86332],[-122.288076,37.863337]]]},"properties":{"id":"w825633597","b":"yes","lv":null,"n":null}},
{"type":"Feature","geometry":{"type":"Polygon","coordinates":[[[-122.288033,37.863587],[-122.288027,37.863558],[-122.287983,37.863563],[-122.287975,37.863521],[-122.288019,37.863515],[-122.288018,37.863509],[-122.288194,37.863486],[-122.28821,37.863564],[-122.288033,37.863587]]]},"properties":{"id":"w825633600","b":"yes","lv":null,"n":null}},
{"type":"Feature","geometry":{"type":"Polygon","coordinates":[[[-122.288147,37.863477],[-122.288139,37.86344],[-122.288208,37.863431],[-122.288216,37.863468],[-122.288147,37.863477]]]},"properties":{"id":"w825633601","b":"yes","lv":null,"n":null}},
{"type":"Feature","geometry":{"type":"Polygon","coordinates":[[[-122.288055,37.863492],[-122.288045,37.863441],[-122.288087,37.863436],[-122.288097,37.863487],[-122.288055,37.863492]]]},"properties":{"id":"w825633602","b":"yes","lv":null,"n":null}},
{"type":"Feature","geometry":{"type":"Polygon","coordinates":[[[-122.288162,37.864145],[-122.288145,37.864063],[-122.288299,37.864043],[-122.288305,37.864071],[-122.288321,37.864068],[-122.288333,37.864123],[-122.288162,37.864145]]]},"properties":{"id":"w825633603","b":"yes","lv":null,"n":null}},
{"type":"Feature","geometry":{"type":"Polygon","coordinates":[[[-122.288119,37.864006],[-122.288104,37.863934],[-122.288281,37.863911],[-122.288286,37.863934],[-122.288292,37.863933],[-122.288302,37.863983],[-122.288119,37.864006]]]},"properties":{"id":"w825633604","b":"yes","lv":null,"n":null}},
{"type":"Feature","geometry":{"type":"Polygon","coordinates":[[[-122.288185,37.86391],[-122.288183,37.863896],[-122.288172,37.863897],[-122.288166,37.863868],[-122.288178,37.863867],[-122.288173,37.863844],[-122.288215,37.863838],[-122.288216,37.863847],[-122.288259,37.863841],[-122.288271,37.863899],[-122.288185,37.86391]]]},"properties":{"id":"w825633605","b":"yes","lv":null,"n":null}},
{"type":"Feature","geometry":{"type":"Polygon","coordinates":[[[-122.288092,37.863824],[-122.288076,37.863747],[-122.288245,37.863725],[-122.288261,37.863802],[-122.288092,37.863824]]]},"properties":{"id":"w825633606","b":"yes","lv":null,"n":null}},
{"type":"Feature","geometry":{"type":"Polygon","coordinates":[[[-122.288192,37.864366],[-122.288175,37.864284],[-122.288345,37.864262],[-122.288352,37.864298],[-122.288367,37.864297],[-122.288376,37.864342],[-122.288192,37.864366]]]},"properties":{"id":"w825633607","b":"yes","lv":null,"n":null}},
{"type":"Feature","geometry":{"type":"Polygon","coordinates":[[[-122.288328,37.8642],[-122.288336,37.864239],[-122.288177,37.864259],[-122.288159,37.864173],[-122.288329,37.864151],[-122.288339,37.864198],[-122.288328,37.8642]]]},"properties":{"id":"w825633609","b":"yes","lv":null,"n":null}},
{"type":"Feature","geometry":{"type":"Polygon","coordinates":[[[-122.288341,37.864749],[-122.288325,37.864677],[-122.288454,37.864659],[-122.28847,37.864731],[-122.288341,37.864749]]]},"properties":{"id":"w825633611","b":"yes","lv":null,"n":null}},
{"type":"Feature","geometry":{"type":"Polygon","coordinates":[[[-122.28843,37.86461],[-122.288436,37.864637],[-122.28828,37.864657],[-122.288266,37.864591],[-122.288431,37.86457],[-122.288439,37.864609],[-122.28843,37.86461]]]},"properties":{"id":"w825633612","b":"yes","lv":null,"n":null}},
{"type":"Feature","geometry":{"type":"Polygon","coordinates":[[[-122.288434,37.864532],[-122.288387,37.864538],[-122.288389,37.86455],[-122.288344,37.864556],[-122.288341,37.864542],[-122.288269,37.864551],[-122.288253,37.864475],[-122.288417,37.864453],[-122.288434,37.864532]]]},"properties":{"id":"w825633614","b":"yes","lv":null,"n":null}},
{"type":"Feature","geometry":{"type":"Polygon","coordinates":[[[-122.288469,37.8648],[-122.288475,37.86483],[-122.288358,37.864845],[-122.288353,37.864822],[-122.288335,37.864825],[-122.288324,37.864772],[-122.288481,37.864752],[-122.28849,37.864797],[-122.288469,37.8648]]]},"properties":{"id":"w825633615","b":"yes","lv":null,"n":null}},
{"type":"Feature","geometry":{"type":"Polygon","coordinates":[[[-122.284232,37.868796],[-122.284226,37.868737],[-122.284292,37.868733],[-122.284298,37.868792],[-122.284232,37.868796]]]},"properties":{"id":"w825633616","b":"yes","lv":null,"n":null}},
{"type":"Feature","geometry":{"type":"Polygon","coordinates":[[[-122.280965,37.868784],[-122.280957,37.8687],[-122.281173,37.868687],[-122.281181,37.86877],[-122.280965,37.868784]]]},"properties":{"id":"w825856706","b":"yes","lv":null,"n":null}},
{"type":"Feature","geometry":{"type":"Polygon","coordinates":[[[-122.281875,37.865974],[-122.281877,37.865986],[-122.281859,37.865988],[-122.281857,37.865975],[-122.281795,37.865983],[-122.281798,37.865995],[-122.28178,37.865997],[-122.281777,37.865984],[-122.281749,37.865987],[-122.281735,37.86592],[-122.28178,37.865914],[-122.281777,37.865898],[-122.281842,37.86589],[-122.281846,37.865908],[-122.281892,37.865902],[-122.281906,37.86597],[-122.281875,37.865974]]]},"properties":{"id":"w825856707","b":"yes","lv":null,"n":null}},
{"type":"Feature","geometry":{"type":"Polygon","coordinates":[[[-122.281883,37.866068],[-122.281887,37.866088],[-122.281902,37.866086],[-122.281905,37.866102],[-122.281891,37.866104],[-122.281895,37.866126],[-122.281782,37.86614],[-122.281775,37.866102],[-122.281763,37.866104],[-122.28175,37.866037],[-122.281764,37.866035],[-122.281759,37.866014],[-122.281871,37.866],[-122.281876,37.866027],[-122.281918,37.866021],[-122.281926,37.866062],[-122.281883,37.866068]]]},"properties":{"id":"w825856708","b":"yes","lv":null,"n":null}},
{"type":"Feature","geometry":{"type":"Polygon","coordinates":[[[-122.28133,37.867829],[-122.281346,37.867828],[-122.281344,37.867811],[-122.281491,37.867802],[-122.281492,37.867808],[-122.281501,37.867808],[-122.281506,37.867868],[-122.281496,37.867868],[-122.281497,37.867875],[-122.281352,37.867884],[-122.281349,37.867846],[-122.281332,37.867847],[-122.28133,37.867829]]]},"properties":{"id":"w825856713","b":"yes","lv":null,"n":null}},
{"type":"Feature","geometry":{"type":"Polygon","coordinates":[[[-122.281177,37.867756],[-122.281184,37.867831],[-122.281127,37.867834],[-122.28111,37.867651],[-122.281119,37.86765],[-122.281118,37.867638],[-122.281157,37.867635],[-122.281158,37.867647],[-122.281196,37.867645],[-122.281207,37.867754],[-122.281177,37.867756]]]},"properties":{"id":"w825856721","b":"yes","lv":null,"n":null}},
{"type":"Feature","geometry":{"type":"Polygon","coordinates":[[[-122.281355,37.869361],[-122.28136,37.869415],[-122.281267,37.869421],[-122.281257,37.869322],[-122.281316,37.869318],[-122.281314,37.8693],[-122.28139,37.869295],[-122.281396,37.869358],[-122.281355,37.869361]]]},"properties":{"id":"w825856722","b":"yes","lv":null,"n":null}},
{"type":"Feature","geometry":{"type":"Polygon","coordinates":[[[-122.28022,37.868089],[-122.280216,37.868051],[-122.280183,37.868053],[-122.28018,37.868029],[-122.280211,37.868027],[-122.280209,37.868],[-122.280193,37.868001],[-122.280194,37.868011],[-122.280174,37.868012],[-122.280173,37.867997],[-122.280174,37.867997],[-122.280172,37.867976],[-122.280171,37.867976],[-122.28016,37.867868],[-122.280249,37.867862],[-122.280271,37.868086],[-122.28022,37.868089]]]},"properties":{"id":"w825856723","b":"yes","lv":null,"n":null}},
{"type":"Feature","geometry":{"type":"Polygon","coordinates":[[[-122.280269,37.867935],[-122.280264,37.867882],[-122.280331,37.867878],[-122.280336,37.867931],[-122.280269,37.867935]]]},"properties":{"id":"w825856724","b":"yes","lv":null,"n":null}},
{"type":"Feature","geometry":{"type":"Polygon","coordinates":[[[-122.280485,37.868088],[-122.280487,37.868103],[-122.280366,37.86811],[-122.28036,37.868042],[-122.280512,37.868033],[-122.280517,37.868086],[-122.280485,37.868088]]]},"properties":{"id":"w825856728","b":"yes","lv":null,"n":null}},
{"type":"Feature","geometry":{"type":"Polygon","coordinates":[[[-122.281366,37.867995],[-122.281359,37.867923],[-122.281504,37.867914],[-122.281511,37.867986],[-122.281366,37.867995]]]},"properties":{"id":"w825856731","b":"yes","lv":null,"n":null}},
{"type":"Feature","geometry":{"type":"Polygon","coordinates":[[[-122.281003,37.86937],[-122.280997,37.869304],[-122.281043,37.869302],[-122.281043,37.869295],[-122.28106,37.869294],[-122.28106,37.8693],[-122.281137,37.869296],[-122.281142,37.869362],[-122.281003,37.86937]]]},"properties":{"id":"w825856732","b":"yes","lv":null,"n":null}},
{"type":"Feature","geometry":{"type":"Polygon","coordinates":[[[-122.280555,37.868358],[-122.280431,37.868365],[-122.280431,37.868356],[-122.280403,37.868358],[-122.280395,37.868279],[-122.280534,37.868271],[-122.280539,37.868321],[-122.280552,37.86832],[-122.280555,37.868358]]]},"properties":{"id":"w825856741","b":"yes","lv":null,"n":null}},
{"type":"Feature","geometry":{"type":"Polygon","coordinates":[[[-122.281341,37.867776],[-122.281339,37.867751],[-122.281327,37.867752],[-122.281321,37.867693],[-122.281401,37.867688],[-122.281403,37.8677],[-122.28148,37.867695],[-122.281487,37.867767],[-122.281341,37.867776]]]},"properties":{"id":"w825856743","b":"yes","lv":null,"n":null}},
{"type":"Feature","geometry":{"type":"Polygon","coordinates":[[[-122.281565,37.868726],[-122.281568,37.868752],[-122.281413,37.868761],[-122.281407,37.868705],[-122.281592,37.868693],[-122.281595,37.868724],[-122.281565,37.868726]]]},"properties":{"id":"w825856744","b":"yes","lv":null,"n":null}},
{"type":"Feature","geometry":{"type":"Polygon","coordinates":[[[-122.281586,37.86884],[-122.281588,37.868867],[-122.281439,37.868876],[-122.281429,37.868775],[-122.281577,37.868766],[-122.28158,37.868793],[-122.281617,37.868791],[-122.281621,37.868838],[-122.281586,37.86884]]]},"properties":{"id":"w825856746","b":"yes","lv":null,"n":null}},
{"type":"Feature","geometry":{"type":"Polygon","coordinates":[[[-122.280816,37.867821],[-122.280806,37.867711],[-122.280914,37.867704],[-122.280925,37.867814],[-122.280816,37.867821]]]},"properties":{"id":"w825856747","b":"yes","lv":null,"n":null}},
{"type":"Feature","geometry":{"type":"Polygon","coordinates":[[[-122.280344,37.868254],[-122.280337,37.868183],[-122.280539,37.868171],[-122.280546,37.868242],[-122.280344,37.868254]]]},"properties":{"id":"w825856748","b":"yes","lv":null,"n":null}},
{"type":"Feature","geometry":{"type":"Polygon","coordinates":[[[-122.280875,37.868001],[-122.280868,37.867928],[-122.281014,37.867919],[-122.281017,37.867948],[-122.281059,37.867945],[-122.281063,37.867989],[-122.280875,37.868001]]]},"properties":{"id":"w825856749","b":"yes","lv":null,"n":null}},
{"type":"Feature","geometry":{"type":"Polygon","coordinates":[[[-122.280479,37.867989],[-122.28048,37.868003],[-122.280354,37.868011],[-122.280347,37.867938],[-122.2805,37.867929],[-122.280504,37.867968],[-122.280517,37.867967],[-122.280519,37.867986],[-122.280479,37.867989]]]},"properties":{"id":"w825856750","b":"yes","lv":null,"n":null}},
{"type":"Feature","geometry":{"type":"Polygon","coordinates":[[[-122.281289,37.867704],[-122.281254,37.867706],[-122.281251,37.867681],[-122.281286,37.867679],[-122.281289,37.867704]]]},"properties":{"id":"w825856751","b":"yes","lv":null,"n":null}},
{"type":"Feature","geometry":{"type":"Polygon","coordinates":[[[-122.280498,37.86791],[-122.280354,37.867918],[-122.28035,37.867872],[-122.280363,37.867871],[-122.280361,37.867842],[-122.280344,37.867843],[-122.280341,37.867805],[-122.280483,37.867796],[-122.280487,37.867835],[-122.280475,37.867836],[-122.280478,37.867864],[-122.280493,37.867863],[-122.280498,37.86791]]]},"properties":{"id":"w825856752","b":"yes","lv":null,"n":null}},
{"type":"Feature","geometry":{"type":"Polygon","coordinates":[[[-122.281099,37.86866],[-122.280996,37.868666],[-122.280996,37.868661],[-122.280954,37.868664],[-122.280947,37.868597],[-122.280988,37.868594],[-122.280987,37.868584],[-122.281091,37.868577],[-122.281099,37.86866]]]},"properties":{"id":"w825856753","b":"yes","lv":null,"n":null}},
{"type":"Feature","geometry":{"type":"Polygon","coordinates":[[[-122.28101,37.869453],[-122.281005,37.8694],[-122.28107,37.869396],[-122.281069,37.869389],[-122.281147,37.869384],[-122.281153,37.869444],[-122.28101,37.869453]]]},"properties":{"id":"w825856755","b":"yes","lv":null,"n":null}},
{"type":"Feature","geometry":{"type":"Polygon","coordinates":[[[-122.280565,37.868467],[-122.280361,37.86848],[-122.280352,37.868391],[-122.28054,37.86838],[-122.280543,37.868419],[-122.28056,37.868418],[-122.280565,37.868467]]]},"properties":{"id":"w825856756","b":"yes","lv":null,"n":null}},
{"type":"Feature","geometry":{"type":"Polygon","coordinates":[[[-122.280432,37.869529],[-122.280411,37.869418],[-122.280508,37.869406],[-122.280529,37.869518],[-122.280432,37.869529]]]},"properties":{"id":"w825856758","b":"yes","lv":null,"n":null}},
{"type":"Feature","geometry":{"type":"Polygon","coordinates":[[[-122.280607,37.869504],[-122.280596,37.869391],[-122.280695,37.869385],[-122.280706,37.869498],[-122.280607,37.869504]]]},"properties":{"id":"w825856759","b":"yes","lv":null,"n":null}},
{"type":"Feature","geometry":{"type":"Polygon","coordinates":[[[-122.281067,37.86777],[-122.28107,37.867798],[-122.281042,37.8678],[-122.281042,37.867808],[-122.281018,37.86781],[-122.281017,37.867805],[-122.280971,37.867808],[-122.280968,37.867775],[-122.28096,37.867776],[-122.28095,37.867676],[-122.280987,37.867674],[-122.280986,37.867667],[-122.281023,37.867665],[-122.281024,37.867672],[-122.281065,37.867669],[-122.281075,37.867769],[-122.281067,37.86777]]]},"properties":{"id":"w825856760","b":"yes","lv":null,"n":null}},
{"type":"Feature","geometry":{"type":"Polygon","coordinates":[[[-122.280062,37.868087],[-122.280056,37.868028],[-122.280035,37.86803],[-122.280023,37.867909],[-122.280086,37.867905],[-122.280085,37.867894],[-122.280106,37.867893],[-122.280125,37.868083],[-122.280062,37.868087]]]},"properties":{"id":"w825856762","b":"yes","lv":null,"n":null}},
{"type":"Feature","geometry":{"type":"Polygon","coordinates":[[[-122.28107,37.868279],[-122.281074,37.868316],[-122.280898,37.868327],[-122.280893,37.868284],[-122.280901,37.868284],[-122.280897,37.868246],[-122.281065,37.868235],[-122.281066,37.868245],[-122.281078,37.868244],[-122.281082,37.868279],[-122.28107,37.868279]]]},"properties":{"id":"w825856763","b":"yes","lv":null,"n":null}},
{"type":"Feature","geometry":{"type":"Polygon","coordinates":[[[-122.280477,37.869335],[-122.280468,37.869247],[-122.280649,37.869235],[-122.280659,37.869323],[-122.280477,37.869335]]]},"properties":{"id":"w825856764","b":"yes","lv":null,"n":null}},
{"type":"Feature","geometry":{"type":"Polygon","coordinates":[[[-122.280923,37.868549],[-122.28092,37.868517],[-122.280931,37.868516],[-122.280926,37.868467],[-122.281093,37.868457],[-122.281095,37.868474],[-122.281161,37.86847],[-122.281168,37.868534],[-122.280923,37.868549]]]},"properties":{"id":"w825856766","b":"yes","lv":null,"n":null}},
{"type":"Feature","geometry":{"type":"Polygon","coordinates":[[[-122.28095,37.868434],[-122.280951,37.86844],[-122.280911,37.868443],[-122.28091,37.868435],[-122.280918,37.868435],[-122.280911,37.868359],[-122.281062,37.86835],[-122.281069,37.868427],[-122.28095,37.868434]]]},"properties":{"id":"w825856767","b":"yes","lv":null,"n":null}},
{"type":"Feature","geometry":{"type":"Polygon","coordinates":[[[-122.280894,37.86821],[-122.280887,37.86813],[-122.28112,37.868115],[-122.281128,37.868195],[-122.280894,37.86821]]]},"properties":{"id":"w825856768","b":"yes","lv":null,"n":null}},
{"type":"Feature","geometry":{"type":"Polygon","coordinates":[[[-122.280887,37.867905],[-122.280883,37.867862],[-122.280891,37.867862],[-122.280889,37.867846],[-122.280955,37.867842],[-122.280956,37.867856],[-122.280967,37.867856],[-122.280971,37.8679],[-122.280887,37.867905]]]},"properties":{"id":"w825856769","b":"yes","lv":null,"n":null}},
{"type":"Feature","geometry":{"type":"Polygon","coordinates":[[[-122.281578,37.868659],[-122.281579,37.868679],[-122.28153,37.868682],[-122.28153,37.868676],[-122.281456,37.86868],[-122.281457,37.868686],[-122.281433,37.868687],[-122.28142,37.868546],[-122.281443,37.868545],[-122.281443,37.86855],[-122.281519,37.868545],[-122.281518,37.868539],[-122.281563,37.868536],[-122.281567,37.868575],[-122.281584,37.868574],[-122.281593,37.868658],[-122.281578,37.868659]]]},"properties":{"id":"w825856770","b":"yes","lv":null,"n":null}},
{"type":"Feature","geometry":{"type":"Polygon","coordinates":[[[-122.283605,37.865808],[-122.283601,37.865765],[-122.283654,37.865762],[-122.283659,37.865805],[-122.283605,37.865808]]]},"properties":{"id":"w825856772","b":"yes","lv":null,"n":null}},
{"type":"Feature","geometry":{"type":"Polygon","coordinates":[[[-122.281124,37.868081],[-122.280863,37.868097],[-122.280859,37.868047],[-122.28088,37.868046],[-122.280878,37.868029],[-122.2811,37.868015],[-122.281102,37.868043],[-122.28112,37.868042],[-122.281124,37.868081]]]},"properties":{"id":"w825856773","b":"yes","lv":null,"n":null}},
{"type":"Feature","geometry":{"type":"Polygon","coordinates":[[[-122.281544,37.8685],[-122.281546,37.868524],[-122.281375,37.868535],[-122.281369,37.868478],[-122.281387,37.868477],[-122.281384,37.868447],[-122.281536,37.868438],[-122.281538,37.868462],[-122.281561,37.868461],[-122.281564,37.868499],[-122.281544,37.8685]]]},"properties":{"id":"w825856774","b":"yes","lv":null,"n":null}},
{"type":"Feature","geometry":{"type":"Polygon","coordinates":[[[-122.281325,37.867665],[-122.281318,37.867593],[-122.281479,37.867583],[-122.281486,37.867656],[-122.281325,37.867665]]]},"properties":{"id":"w825856776","b":"yes","lv":null,"n":null}},
{"type":"Feature","geometry":{"type":"Polygon","coordinates":[[[-122.280423,37.868908],[-122.280416,37.868837],[-122.280583,37.868827],[-122.28059,37.868898],[-122.280423,37.868908]]]},"properties":{"id":"w825856778","b":"yes","lv":null,"n":null}},
{"type":"Feature","geometry":{"type":"Polygon","coordinates":[[[-122.281127,37.869198],[-122.281131,37.869245],[-122.28104,37.869251],[-122.281041,37.869259],[-122.28103,37.86926],[-122.281029,37.869252],[-122.281013,37.869253],[-122.281011,37.869238],[-122.280986,37.869239],[-122.280981,37.869188],[-122.281141,37.869179],[-122.281143,37.869197],[-122.281127,37.869198]]]},"properties":{"id":"w825856781","b":"yes","lv":null,"n":null}},
{"type":"Feature","geometry":{"type":"Polygon","coordinates":[[[-122.281163,37.869135],[-122.281165,37.869157],[-122.281001,37.869167],[-122.280997,37.86913],[-122.281008,37.86913],[-122.281004,37.869095],[-122.281157,37.869086],[-122.281159,37.869105],[-122.281186,37.869103],[-122.281189,37.869133],[-122.281163,37.869135]]]},"properties":{"id":"w825856782","b":"yes","lv":null,"n":null}},
{"type":"Feature","geometry":{"type":"Polygon","coordinates":[[[-122.281178,37.869018],[-122.281179,37.86903],[-122.281148,37.869032],[-122.281149,37.869042],[-122.281129,37.869043],[-122.281128,37.869034],[-122.281039,37.86904],[-122.28104,37.86905],[-122.281021,37.869051],[-122.28102,37.869042],[-122.280987,37.869044],[-122.280978,37.86896],[-122.281171,37.868948],[-122.281176,37.868996],[-122.281194,37.868995],[-122.281196,37.869017],[-122.281178,37.869018]]]},"properties":{"id":"w825856783","b":"yes","lv":null,"n":null}},
{"type":"Feature","geometry":{"type":"Polygon","coordinates":[[[-122.281408,37.868307],[-122.281401,37.868239],[-122.281538,37.868231],[-122.281545,37.868299],[-122.281408,37.868307]]]},"properties":{"id":"w825856785","b":"yes","lv":null,"n":null}},
{"type":"Feature","geometry":{"type":"Polygon","coordinates":[[[-122.281189,37.86944],[-122.281185,37.869391],[-122.281211,37.86939],[-122.281216,37.869438],[-122.281189,37.86944]]]},"properties":{"id":"w825856786","b":"yes","lv":null,"n":null}},
{"type":"Feature","geometry":{"type":"Polygon","coordinates":[[[-122.280179,37.86956],[-122.280161,37.869449],[-122.280237,37.869441],[-122.280254,37.869553],[-122.280179,37.86956]]]},"properties":{"id":"w825856788","b":"yes","lv":null,"n":null}},
{"type":"Feature","geometry":{"type":"Polygon","coordinates":[[[-122.281398,37.868401],[-122.281391,37.868326],[-122.281453,37.868322],[-122.281453,37.868315],[-122.281475,37.868314],[-122.281476,37.868319],[-122.281542,37.868315],[-122.281546,37.868359],[-122.281569,37.868358],[-122.281572,37.86839],[-122.281398,37.868401]]]},"properties":{"id":"w825856790","b":"yes","lv":null,"n":null}},
{"type":"Feature","geometry":{"type":"Polygon","coordinates":[[[-122.28137,37.868235],[-122.281363,37.868154],[-122.281379,37.868153],[-122.281377,37.868137],[-122.281426,37.868134],[-122.281427,37.868141],[-122.281457,37.868139],[-122.281457,37.868131],[-122.281507,37.868128],[-122.281509,37.868146],[-122.281533,37.868145],[-122.281541,37.868224],[-122.28137,37.868235]]]},"properties":{"id":"w825856792","b":"yes","lv":null,"n":null}},
{"type":"Feature","geometry":{"type":"Polygon","coordinates":[[[-122.280126,37.869551],[-122.280132,37.869583],[-122.280034,37.869594],[-122.280023,37.869533],[-122.280003,37.869535],[-122.279988,37.869452],[-122.280064,37.869443],[-122.280073,37.869495],[-122.280108,37.869491],[-122.280115,37.869531],[-122.28013,37.869529],[-122.280134,37.86955],[-122.280126,37.869551]]]},"properties":{"id":"w825856793","b":"yes","lv":null,"n":null}},
{"type":"Feature","geometry":{"type":"Polygon","coordinates":[[[-122.280353,37.869205],[-122.280345,37.869123],[-122.280615,37.869106],[-122.280623,37.869189],[-122.280353,37.869205]]]},"properties":{"id":"w825856794","b":"yes","lv":null,"n":null}},
{"type":"Feature","geometry":{"type":"Polygon","coordinates":[[[-122.281629,37.869244],[-122.281634,37.869285],[-122.281439,37.869297],[-122.281435,37.869253],[-122.281456,37.869252],[-122.281452,37.869214],[-122.281643,37.869203],[-122.281647,37.869243],[-122.281629,37.869244]]]},"properties":{"id":"w825856795","b":"yes","lv":null,"n":null}},
{"type":"Feature","geometry":{"type":"Polygon","coordinates":[[[-122.280282,37.869546],[-122.280261,37.869437],[-122.280357,37.869426],[-122.280378,37.869535],[-122.280282,37.869546]]]},"properties":{"id":"w825856796","b":"yes","lv":null,"n":null}},
{"type":"Feature","geometry":{"type":"Polygon","coordinates":[[[-122.283031,37.869159],[-122.282918,37.869171],[-122.2829,37.869061],[-122.282917,37.869059],[-122.282912,37.869029],[-122.282895,37.86903],[-122.282886,37.868976],[-122.282972,37.868967],[-122.282974,37.868983],[-122.283001,37.86898],[-122.283031,37.869159]]]},"properties":{"id":"w825856800","b":"apartments","lv":null,"n":null}},
{"type":"Feature","geometry":{"type":"Polygon","coordinates":[[[-122.281518,37.869392],[-122.281517,37.869377],[-122.281468,37.86938],[-122.281462,37.869317],[-122.281531,37.869313],[-122.28153,37.869305],[-122.281647,37.869298],[-122.281652,37.86934],[-122.281632,37.869342],[-122.281636,37.869385],[-122.281518,37.869392]]]},"properties":{"id":"w825856801","b":"detached","lv":null,"n":null}},
{"type":"Feature","geometry":{"type":"Polygon","coordinates":[[[-122.281613,37.869141],[-122.281618,37.869185],[-122.281447,37.869195],[-122.281439,37.869113],[-122.281625,37.869101],[-122.281629,37.86914],[-122.281613,37.869141]]]},"properties":{"id":"w825856803","b":"yes","lv":null,"n":null}},
{"type":"Feature","geometry":{"type":"Polygon","coordinates":[[[-122.281442,37.869091],[-122.281435,37.869013],[-122.281456,37.869012],[-122.281455,37.869006],[-122.281524,37.869001],[-122.281525,37.869007],[-122.28162,37.869001],[-122.281623,37.869036],[-122.281607,37.869037],[-122.281611,37.869081],[-122.281442,37.869091]]]},"properties":{"id":"w825856808","b":"yes","lv":null,"n":null}},
{"type":"Feature","geometry":{"type":"Polygon","coordinates":[[[-122.280432,37.868998],[-122.280428,37.86895],[-122.280417,37.868951],[-122.280415,37.868929],[-122.280544,37.868921],[-122.280544,37.868915],[-122.280555,37.868915],[-122.280556,37.86892],[-122.280593,37.868918],[-122.2806,37.868988],[-122.280432,37.868998]]]},"properties":{"id":"w825856809","b":"yes","lv":null,"n":null}},
{"type":"Feature","geometry":{"type":"Polygon","coordinates":[[[-122.280373,37.869097],[-122.28037,37.869073],[-122.280396,37.869071],[-122.280395,37.869056],[-122.280445,37.869053],[-122.280441,37.869015],[-122.280472,37.869013],[-122.280472,37.869019],[-122.280558,37.869014],[-122.280557,37.869008],[-122.280571,37.869007],[-122.280571,37.869013],[-122.280607,37.869011],[-122.280614,37.869082],[-122.280373,37.869097]]]},"properties":{"id":"w825856811","b":"yes","lv":null,"n":null}},
{"type":"Feature","geometry":{"type":"Polygon","coordinates":[[[-122.28137,37.868115],[-122.281365,37.86807],[-122.281336,37.868072],[-122.281333,37.868037],[-122.281362,37.868035],[-122.28136,37.868024],[-122.2815,37.868015],[-122.281501,37.868029],[-122.281508,37.868029],[-122.28151,37.868044],[-122.28152,37.868044],[-122.281526,37.868106],[-122.28137,37.868115]]]},"properties":{"id":"w825856813","b":"yes","lv":null,"n":null}},
{"type":"Feature","geometry":{"type":"Polygon","coordinates":[[[-122.280965,37.86892],[-122.280958,37.868849],[-122.281186,37.868835],[-122.281181,37.86879],[-122.281297,37.868783],[-122.281309,37.868899],[-122.280965,37.86892]]]},"properties":{"id":"w825856819","b":"yes","lv":null,"n":null}},
{"type":"Feature","geometry":{"type":"Polygon","coordinates":[[[-122.280416,37.86868],[-122.280409,37.868608],[-122.280587,37.868597],[-122.280594,37.868669],[-122.280416,37.86868]]]},"properties":{"id":"w825856824","b":"yes","lv":null,"n":null}},
{"type":"Feature","geometry":{"type":"Polygon","coordinates":[[[-122.281598,37.868934],[-122.281602,37.868978],[-122.281415,37.868989],[-122.281411,37.868946],[-122.281424,37.868946],[-122.281421,37.868907],[-122.281608,37.868896],[-122.281611,37.868933],[-122.281598,37.868934]]]},"properties":{"id":"w825856825","b":"yes","lv":null,"n":null}},
{"type":"Feature","geometry":{"type":"Polygon","coordinates":[[[-122.281873,37.867176],[-122.282057,37.867163],[-122.282066,37.867245],[-122.281997,37.86725],[-122.281998,37.867256],[-122.281883,37.867264],[-122.281873,37.867176]]]},"properties":{"id":"w825856826","b":"yes","lv":null,"n":null}},
{"type":"Feature","geometry":{"type":"Polygon","coordinates":[[[-122.282505,37.868231],[-122.282488,37.86816],[-122.282498,37.868158],[-122.282474,37.86806],[-122.282535,37.868051],[-122.28255,37.868111],[-122.282577,37.868107],[-122.282591,37.868166],[-122.282622,37.868161],[-122.282634,37.868211],[-122.282505,37.868231]]]},"properties":{"id":"w825856828","b":"yes","lv":null,"n":null}},
{"type":"Feature","geometry":{"type":"Polygon","coordinates":[[[-122.283758,37.86756],[-122.283749,37.86747],[-122.283776,37.867468],[-122.28377,37.867407],[-122.283826,37.867403],[-122.283833,37.867469],[-122.283843,37.867468],[-122.283852,37.867554],[-122.283758,37.86756]]]},"properties":{"id":"w825856833","b":"yes","lv":null,"n":null}},
{"type":"Feature","geometry":{"type":"Polygon","coordinates":[[[-122.283851,37.867674],[-122.283782,37.867678],[-122.283774,37.867602],[-122.283843,37.867597],[-122.283851,37.867674]]]},"properties":{"id":"w825856834","b":"yes","lv":null,"n":null}},
{"type":"Feature","geometry":{"type":"Polygon","coordinates":[[[-122.283604,37.867649],[-122.283747,37.86764],[-122.283751,37.867682],[-122.283703,37.867685],[-122.283705,37.867702],[-122.28361,37.867708],[-122.283604,37.867649]]]},"properties":{"id":"w825856835","b":"yes","lv":null,"n":null}},
{"type":"Feature","geometry":{"type":"Polygon","coordinates":[[[-122.282924,37.867942],[-122.282769,37.867944],[-122.282767,37.867862],[-122.282922,37.867859],[-122.282924,37.867942]]]},"properties":{"id":"w825856836","b":"yes","lv":null,"n":null}},
{"type":"Feature","geometry":{"type":"Polygon","coordinates":[[[-122.282613,37.867927],[-122.282611,37.867853],[-122.282718,37.867851],[-122.28272,37.867925],[-122.282613,37.867927]]]},"properties":{"id":"w825856837","b":"yes","lv":null,"n":null}},
{"type":"Feature","geometry":{"type":"Polygon","coordinates":[[[-122.28315,37.868377],[-122.283294,37.86836],[-122.283305,37.868418],[-122.283161,37.868435],[-122.28315,37.868377]]]},"properties":{"id":"w825856838","b":"yes","lv":null,"n":null}},
{"type":"Feature","geometry":{"type":"Polygon","coordinates":[[[-122.283556,37.868374],[-122.28342,37.868392],[-122.28341,37.868344],[-122.283482,37.868335],[-122.283477,37.868311],[-122.283522,37.868306],[-122.283526,37.868329],[-122.283547,37.868327],[-122.283556,37.868374]]]},"properties":{"id":"w825856839","b":"yes","lv":null,"n":null}},
{"type":"Feature","geometry":{"type":"Polygon","coordinates":[[[-122.283709,37.866562],[-122.283716,37.866594],[-122.283572,37.866614],[-122.283569,37.8666],[-122.283506,37.866609],[-122.283491,37.866544],[-122.283538,37.866538],[-122.283541,37.866551],[-122.283557,37.866549],[-122.283553,37.866531],[-122.283708,37.866509],[-122.28372,37.86656],[-122.283709,37.866562]]]},"properties":{"id":"w825856840","b":"yes","lv":null,"n":null}},
{"type":"Feature","geometry":{"type":"Polygon","coordinates":[[[-122.282994,37.865985],[-122.282995,37.865999],[-122.282978,37.866],[-122.282979,37.866012],[-122.282962,37.866013],[-122.282964,37.866034],[-122.282898,37.866038],[-122.282887,37.86593],[-122.282881,37.865931],[-122.282876,37.865883],[-122.282947,37.865879],[-122.282951,37.865923],[-122.283022,37.865919],[-122.283028,37.865983],[-122.282994,37.865985]]]},"properties":{"id":"w825856841","b":"yes","lv":null,"n":null}},
{"type":"Feature","geometry":{"type":"Polygon","coordinates":[[[-122.282904,37.86582],[-122.282891,37.86575],[-122.282998,37.865737],[-122.283012,37.865808],[-122.282904,37.86582]]]},"properties":{"id":"w825856842","b":"yes","lv":null,"n":null}},
{"type":"Feature","geometry":{"type":"Polygon","coordinates":[[[-122.283862,37.867966],[-122.283698,37.867984],[-122.283684,37.86791],[-122.283858,37.86789],[-122.283862,37.867913],[-122.283853,37.867914],[-122.283862,37.867966]]]},"properties":{"id":"w825856844","b":"yes","lv":null,"n":null}},
{"type":"Feature","geometry":{"type":"Polygon","coordinates":[[[-122.282345,37.86793],[-122.282348,37.867947],[-122.282307,37.867951],[-122.282309,37.867963],[-122.282259,37.867968],[-122.282256,37.867956],[-122.282251,37.867957],[-122.28225,37.867954],[-122.282237,37.867956],[-122.28222,37.86786],[-122.282267,37.867855],[-122.282274,37.867899],[-122.28231,37.867895],[-122.282312,37.867906],[-122.282338,37.867904],[-122.282364,37.867879],[-122.282345,37.867859],[-122.282363,37.867849],[-122.282382,37.867869],[-122.282398,37.86788],[-122.282345,37.86793]]]},"properties":{"id":"w825856846","b":"yes","lv":null,"n":null}},
{"type":"Feature","geometry":{"type":"Polygon","coordinates":[[[-122.282448,37.86716],[-122.282449,37.86717],[-122.282389,37.867174],[-122.282372,37.867002],[-122.282469,37.866995],[-122.282485,37.867158],[-122.282448,37.86716]]]},"properties":{"id":"w825856849","b":"yes","lv":null,"n":null}},
{"type":"Feature","geometry":{"type":"Polygon","coordinates":[[[-122.28327,37.865735],[-122.283276,37.865767],[-122.283236,37.865772],[-122.283224,37.865715],[-122.283278,37.865708],[-122.283283,37.865734],[-122.28327,37.865735]]]},"properties":{"id":"w825856850","b":"yes","lv":null,"n":null}},
{"type":"Feature","geometry":{"type":"Polygon","coordinates":[[[-122.283156,37.865976],[-122.283157,37.86599],[-122.28315,37.86599],[-122.283151,37.866002],[-122.283126,37.866004],[-122.283128,37.866028],[-122.283066,37.866031],[-122.283053,37.865905],[-122.283116,37.865901],[-122.283118,37.865917],[-122.283186,37.865913],[-122.283192,37.865974],[-122.283156,37.865976]]]},"properties":{"id":"w825856851","b":"yes","lv":null,"n":null}},
{"type":"Feature","geometry":{"type":"Polygon","coordinates":[[[-122.282201,37.865979],[-122.28219,37.865855],[-122.282276,37.86585],[-122.282288,37.865974],[-122.282201,37.865979]]]},"properties":{"id":"w825856852","b":"yes","lv":null,"n":null}},
{"type":"Feature","geometry":{"type":"Polygon","coordinates":[[[-122.283897,37.8691],[-122.283816,37.869107],[-122.28379,37.868904],[-122.283737,37.868908],[-122.283724,37.868803],[-122.283859,37.868793],[-122.28386,37.868802],[-122.283897,37.8691]]]},"properties":{"id":"w825856853","b":"industrial","lv":"2","n":null}},
{"type":"Feature","geometry":{"type":"Polygon","coordinates":[[[-122.283662,37.86909],[-122.283661,37.869079],[-122.283612,37.869082],[-122.283599,37.868949],[-122.28362,37.868947],[-122.283618,37.868934],[-122.283649,37.868932],[-122.28365,37.868945],[-122.283699,37.868942],[-122.283714,37.869087],[-122.283662,37.86909]]]},"properties":{"id":"w825856856","b":"yes","lv":null,"n":null}},
{"type":"Feature","geometry":{"type":"Polygon","coordinates":[[[-122.283918,37.869038],[-122.283895,37.868855],[-122.283937,37.868852],[-122.28394,37.868882],[-122.28399,37.868879],[-122.284009,37.869031],[-122.283918,37.869038]]]},"properties":{"id":"w825856857","b":"yes","lv":null,"n":null}},
{"type":"Feature","geometry":{"type":"Polygon","coordinates":[[[-122.283411,37.869],[-122.283387,37.869002],[-122.2834,37.86913],[-122.283315,37.869135],[-122.283298,37.868976],[-122.283315,37.868975],[-122.283313,37.868956],[-122.283406,37.86895],[-122.283411,37.869]]]},"properties":{"id":"w825856858","b":"yes","lv":null,"n":null}},
{"type":"Feature","geometry":{"type":"Polygon","coordinates":[[[-122.283507,37.869099],[-122.283506,37.869088],[-122.283456,37.869092],[-122.283438,37.868938],[-122.283534,37.86893],[-122.283554,37.869095],[-122.283507,37.869099]]]},"properties":{"id":"w825856859","b":"yes","lv":null,"n":null}},
{"type":"Feature","geometry":{"type":"Polygon","coordinates":[[[-122.283924,37.868756],[-122.283927,37.868774],[-122.283789,37.868792],[-122.283788,37.868785],[-122.283745,37.868791],[-122.283736,37.868749],[-122.283797,37.86874],[-122.283916,37.868725],[-122.283918,37.868733],[-122.283948,37.868729],[-122.283953,37.868752],[-122.283924,37.868756]]]},"properties":{"id":"w825856861","b":"yes","lv":null,"n":null}},
{"type":"Feature","geometry":{"type":"Polygon","coordinates":[[[-122.282762,37.869199],[-122.282738,37.868943],[-122.282852,37.868936],[-122.282876,37.869192],[-122.282762,37.869199]]]},"properties":{"id":"w825856862","b":"apartments","lv":null,"n":null}},
{"type":"Feature","geometry":{"type":"Polygon","coordinates":[[[-122.283248,37.869169],[-122.283246,37.869146],[-122.283231,37.869147],[-122.283223,37.869054],[-122.283242,37.869053],[-122.283243,37.869058],[-122.283279,37.869056],[-122.283289,37.869166],[-122.283248,37.869169]]]},"properties":{"id":"w825856864","b":"yes","lv":null,"n":null}},
{"type":"Feature","geometry":{"type":"Polygon","coordinates":[[[-122.282154,37.86914],[-122.28215,37.86911],[-122.282247,37.869103],[-122.28225,37.869132],[-122.282154,37.86914]]]},"properties":{"id":"w825856866","b":"yes","lv":null,"n":null}},
{"type":"Feature","geometry":{"type":"Polygon","coordinates":[[[-122.282093,37.869295],[-122.282084,37.869218],[-122.282097,37.869218],[-122.282093,37.869184],[-122.282261,37.869173],[-122.282265,37.869207],[-122.282279,37.869206],[-122.282287,37.869282],[-122.282093,37.869295]]]},"properties":{"id":"w825856867","b":"apartments","lv":null,"n":null}},
{"type":"Feature","geometry":{"type":"Polygon","coordinates":[[[-122.282601,37.869229],[-122.282499,37.869236],[-122.282473,37.869238],[-122.282457,37.869083],[-122.282556,37.869076],[-122.282564,37.869146],[-122.282592,37.869144],[-122.282601,37.869229]]]},"properties":{"id":"w825856868","b":"yes","lv":null,"n":null}},
{"type":"Feature","geometry":{"type":"Polygon","coordinates":[[[-122.282696,37.869213],[-122.282698,37.869227],[-122.282665,37.869229],[-122.282663,37.869219],[-122.282628,37.869221],[-122.282614,37.869107],[-122.282707,37.8691],[-122.282716,37.869176],[-122.28271,37.869176],[-122.282714,37.869212],[-122.282696,37.869213]]]},"properties":{"id":"w825856869","b":"yes","lv":null,"n":null}},
{"type":"Feature","geometry":{"type":"Polygon","coordinates":[[[-122.282245,37.868825],[-122.282251,37.868856],[-122.282079,37.868878],[-122.282063,37.8688],[-122.282266,37.868775],[-122.282275,37.868821],[-122.282245,37.868825]]]},"properties":{"id":"w825856870","b":"yes","lv":null,"n":null}},
{"type":"Feature","geometry":{"type":"Polygon","coordinates":[[[-122.28226,37.868961],[-122.282259,37.868955],[-122.282139,37.868972],[-122.282134,37.868953],[-122.282106,37.868957],[-122.282094,37.868907],[-122.282239,37.868886],[-122.282235,37.86887],[-122.282302,37.86886],[-122.282323,37.868951],[-122.28226,37.868961]]]},"properties":{"id":"w825856871","b":"yes","lv":null,"n":null}},
{"type":"Feature","geometry":{"type":"Polygon","coordinates":[[[-122.282225,37.869024],[-122.282237,37.869085],[-122.282095,37.869103],[-122.282079,37.869027],[-122.282113,37.869023],[-122.282111,37.869011],[-122.282211,37.868998],[-122.282207,37.868979],[-122.282276,37.86897],[-122.282285,37.869017],[-122.282225,37.869024]]]},"properties":{"id":"w825856873","b":"yes","lv":null,"n":null}},
{"type":"Feature","geometry":{"type":"Polygon","coordinates":[[[-122.282237,37.868709],[-122.282243,37.86874],[-122.282177,37.868748],[-122.282179,37.868754],[-122.282133,37.86876],[-122.282132,37.868754],[-122.28207,37.868762],[-122.282051,37.868669],[-122.282223,37.868647],[-122.282231,37.868684],[-122.282247,37.868682],[-122.282252,37.868707],[-122.282237,37.868709]]]},"properties":{"id":"w825856874","b":"yes","lv":null,"n":null}},
{"type":"Feature","geometry":{"type":"Polygon","coordinates":[[[-122.283667,37.867872],[-122.283654,37.867806],[-122.283872,37.86778],[-122.283884,37.867846],[-122.283667,37.867872]]]},"properties":{"id":"w825856875","b":"yes","lv":null,"n":null}},
{"type":"Feature","geometry":{"type":"Polygon","coordinates":[[[-122.283789,37.868355],[-122.283773,37.868273],[-122.283825,37.868266],[-122.283824,37.868259],[-122.283907,37.868249],[-122.283925,37.868339],[-122.283789,37.868355]]]},"properties":{"id":"w825856876","b":"yes","lv":null,"n":null}},
{"type":"Feature","geometry":{"type":"Polygon","coordinates":[[[-122.283741,37.868227],[-122.283735,37.868196],[-122.283718,37.868198],[-122.283713,37.868174],[-122.283731,37.868172],[-122.283726,37.868146],[-122.283884,37.868128],[-122.283899,37.868209],[-122.283741,37.868227]]]},"properties":{"id":"w825856877","b":"yes","lv":null,"n":null}},
{"type":"Feature","geometry":{"type":"Polygon","coordinates":[[[-122.283535,37.868258],[-122.283392,37.868257],[-122.283392,37.868212],[-122.283346,37.868212],[-122.283346,37.868177],[-122.283432,37.868178],[-122.283432,37.868215],[-122.283448,37.868215],[-122.283448,37.868195],[-122.283482,37.868195],[-122.283482,37.868175],[-122.283535,37.868176],[-122.283535,37.868258]]]},"properties":{"id":"w825856878","b":"yes","lv":null,"n":null}},
{"type":"Feature","geometry":{"type":"Polygon","coordinates":[[[-122.283433,37.86815],[-122.283413,37.868043],[-122.283604,37.868021],[-122.283624,37.868127],[-122.283433,37.86815]]]},"properties":{"id":"w825856879","b":"yes","lv":null,"n":null}},
{"type":"Feature","geometry":{"type":"Polygon","coordinates":[[[-122.28372,37.868074],[-122.283712,37.868031],[-122.283698,37.868033],[-122.283692,37.868003],[-122.283743,37.867997],[-122.283744,37.868004],[-122.283864,37.867989],[-122.283876,37.868055],[-122.28372,37.868074]]]},"properties":{"id":"w825856880","b":"yes","lv":null,"n":null}},
{"type":"Feature","geometry":{"type":"Polygon","coordinates":[[[-122.283515,37.86795],[-122.283508,37.867912],[-122.283577,37.867903],[-122.283584,37.867942],[-122.283515,37.86795]]]},"properties":{"id":"w825856881","b":"yes","lv":null,"n":null}},
{"type":"Feature","geometry":{"type":"Polygon","coordinates":[[[-122.283571,37.867883],[-122.283573,37.867892],[-122.28354,37.867896],[-122.283538,37.867888],[-122.283418,37.867903],[-122.283412,37.867868],[-122.283478,37.86786],[-122.283474,37.867839],[-122.283544,37.86783],[-122.283542,37.867823],[-122.283601,37.867816],[-122.283613,37.867878],[-122.283571,37.867883]]]},"properties":{"id":"w825856882","b":"yes","lv":null,"n":null}},
{"type":"Feature","geometry":{"type":"Polygon","coordinates":[[[-122.282969,37.867932],[-122.282952,37.867858],[-122.283055,37.867843],[-122.283054,37.867839],[-122.283122,37.867829],[-122.28314,37.867908],[-122.282969,37.867932]]]},"properties":{"id":"w825856883","b":"yes","lv":null,"n":null}},
{"type":"Feature","geometry":{"type":"Polygon","coordinates":[[[-122.283208,37.867834],[-122.283216,37.867858],[-122.283171,37.867867],[-122.283153,37.86781],[-122.283206,37.867799],[-122.283199,37.867777],[-122.283239,37.867769],[-122.283246,37.867792],[-122.283257,37.867789],[-122.283268,37.867822],[-122.283208,37.867834]]]},"properties":{"id":"w825856884","b":"yes","lv":null,"n":null}},
{"type":"Feature","geometry":{"type":"Polygon","coordinates":[[[-122.28341,37.868093],[-122.283399,37.868093],[-122.283398,37.868154],[-122.283312,37.868153],[-122.283313,37.868132],[-122.283304,37.868132],[-122.283305,37.868117],[-122.283313,37.868117],[-122.283313,37.868096],[-122.283305,37.868096],[-122.283306,37.868069],[-122.283313,37.868069],[-122.283313,37.86805],[-122.283304,37.86805],[-122.283304,37.868035],[-122.283312,37.868035],[-122.283313,37.868012],[-122.283319,37.868012],[-122.28332,37.867957],[-122.283383,37.867958],[-122.283383,37.867996],[-122.283393,37.867996],[-122.283392,37.868067],[-122.283411,37.868067],[-122.28341,37.868093]]]},"properties":{"id":"w825856885","b":"yes","lv":null,"n":null}},
{"type":"Feature","geometry":{"type":"Polygon","coordinates":[[[-122.283414,37.867431],[-122.283398,37.867302],[-122.283419,37.8673],[-122.283416,37.867283],[-122.283455,37.86728],[-122.283457,37.867297],[-122.283487,37.867295],[-122.283504,37.867424],[-122.283414,37.867431]]]},"properties":{"id":"w825856886","b":"yes","lv":null,"n":null}},
{"type":"Feature","geometry":{"type":"Polygon","coordinates":[[[-122.283346,37.867293],[-122.283339,37.867247],[-122.283375,37.867244],[-122.283382,37.86729],[-122.283346,37.867293]]]},"properties":{"id":"w825856887","b":"yes","lv":null,"n":null}},
{"type":"Feature","geometry":{"type":"Polygon","coordinates":[[[-122.283625,37.867304],[-122.283628,37.867317],[-122.283546,37.867327],[-122.283526,37.867231],[-122.283799,37.867195],[-122.283816,37.867279],[-122.283625,37.867304]]]},"properties":{"id":"w825856888","b":"yes","lv":null,"n":null}},
{"type":"Feature","geometry":{"type":"Polygon","coordinates":[[[-122.283156,37.867488],[-122.283146,37.867489],[-122.283156,37.867571],[-122.283082,37.867577],[-122.283078,37.867547],[-122.283071,37.867548],[-122.283068,37.867524],[-122.283076,37.867524],[-122.283071,37.867478],[-122.283079,37.867477],[-122.283074,37.867433],[-122.283067,37.867434],[-122.283064,37.867412],[-122.283071,37.867412],[-122.283067,37.86738],[-122.283142,37.867374],[-122.283156,37.867488]]]},"properties":{"id":"w825856890","b":"yes","lv":null,"n":null}},
{"type":"Feature","geometry":{"type":"Polygon","coordinates":[[[-122.283078,37.867343],[-122.283071,37.867281],[-122.283146,37.867276],[-122.283153,37.867338],[-122.283078,37.867343]]]},"properties":{"id":"w825856891","b":"yes","lv":null,"n":null}},
{"type":"Feature","geometry":{"type":"Polygon","coordinates":[[[-122.283266,37.867483],[-122.28319,37.867491],[-122.283169,37.86736],[-122.283245,37.867352],[-122.283266,37.867483]]]},"properties":{"id":"w825856892","b":"yes","lv":null,"n":null}},
{"type":"Feature","geometry":{"type":"Polygon","coordinates":[[[-122.283342,37.867471],[-122.28334,37.867451],[-122.28332,37.867452],[-122.283319,37.867443],[-122.283288,37.867445],[-122.283274,37.867313],[-122.283301,37.867311],[-122.283299,37.867293],[-122.283341,37.86729],[-122.283343,37.867308],[-122.283369,37.867306],[-122.283386,37.867468],[-122.283342,37.867471]]]},"properties":{"id":"w825856893","b":"yes","lv":null,"n":null}},
{"type":"Feature","geometry":{"type":"Polygon","coordinates":[[[-122.282848,37.867489],[-122.282847,37.86748],[-122.2828,37.867484],[-122.28278,37.867347],[-122.282889,37.867337],[-122.282911,37.867483],[-122.282848,37.867489]]]},"properties":{"id":"w825856894","b":"yes","lv":null,"n":null}},
{"type":"Feature","geometry":{"type":"Polygon","coordinates":[[[-122.282925,37.867361],[-122.282917,37.8673],[-122.282989,37.867294],[-122.282997,37.867355],[-122.282925,37.867361]]]},"properties":{"id":"w825856896","b":"yes","lv":null,"n":null}},
{"type":"Feature","geometry":{"type":"Polygon","coordinates":[[[-122.283044,37.86758],[-122.282969,37.867585],[-122.282959,37.867489],[-122.282951,37.86749],[-122.28294,37.867389],[-122.283022,37.867383],[-122.283044,37.86758]]]},"properties":{"id":"w825856897","b":"yes","lv":null,"n":null}},
{"type":"Feature","geometry":{"type":"Polygon","coordinates":[[[-122.282145,37.867507],[-122.282131,37.867443],[-122.282173,37.867438],[-122.282186,37.867502],[-122.282145,37.867507]]]},"properties":{"id":"w825856898","b":"yes","lv":null,"n":null}},
{"type":"Feature","geometry":{"type":"Polygon","coordinates":[[[-122.282447,37.867528],[-122.282435,37.867451],[-122.282486,37.867446],[-122.282498,37.867523],[-122.282447,37.867528]]]},"properties":{"id":"w825856899","b":"yes","lv":null,"n":null}},
{"type":"Feature","geometry":{"type":"Polygon","coordinates":[[[-122.282589,37.867473],[-122.282601,37.867548],[-122.28252,37.867556],[-122.282498,37.86742],[-122.282476,37.867422],[-122.282471,37.867391],[-122.282495,37.867388],[-122.282494,37.867382],[-122.282572,37.867373],[-122.282586,37.867457],[-122.2826,37.867456],[-122.282603,37.867472],[-122.282589,37.867473]]]},"properties":{"id":"w825856900","b":"yes","lv":null,"n":null}},
{"type":"Feature","geometry":{"type":"Polygon","coordinates":[[[-122.282682,37.867481],[-122.28268,37.867466],[-122.282635,37.867469],[-122.282623,37.867373],[-122.282633,37.867373],[-122.282632,37.867367],[-122.282666,37.867364],[-122.282666,37.867359],[-122.282726,37.867354],[-122.282742,37.867477],[-122.282682,37.867481]]]},"properties":{"id":"w825856901","b":"yes","lv":null,"n":null}},
{"type":"Feature","geometry":{"type":"Polygon","coordinates":[[[-122.282311,37.868158],[-122.282299,37.868103],[-122.282371,37.868094],[-122.282382,37.868148],[-122.282311,37.868158]]]},"properties":{"id":"w825856902","b":"yes","lv":null,"n":null}},
{"type":"Feature","geometry":{"type":"Polygon","coordinates":[[[-122.282278,37.868097],[-122.282272,37.868071],[-122.282252,37.868074],[-122.282237,37.868011],[-122.282283,37.868004],[-122.282279,37.86799],[-122.282313,37.867985],[-122.282316,37.867998],[-122.282357,37.867992],[-122.282378,37.868082],[-122.282278,37.868097]]]},"properties":{"id":"w825856903","b":"yes","lv":null,"n":null}},
{"type":"Feature","geometry":{"type":"Polygon","coordinates":[[[-122.282455,37.867874],[-122.282449,37.867801],[-122.282486,37.867799],[-122.282484,37.867778],[-122.282562,37.867773],[-122.282563,37.867793],[-122.282581,37.867792],[-122.282584,37.867822],[-122.282566,37.867823],[-122.28257,37.867868],[-122.282455,37.867874]]]},"properties":{"id":"w825856904","b":"yes","lv":null,"n":null}},
{"type":"Feature","geometry":{"type":"Polygon","coordinates":[[[-122.282215,37.867528],[-122.282194,37.867416],[-122.28228,37.867405],[-122.282301,37.867518],[-122.282215,37.867528]]]},"properties":{"id":"w825856905","b":"yes","lv":null,"n":null}},
{"type":"Feature","geometry":{"type":"Polygon","coordinates":[[[-122.282904,37.868182],[-122.282899,37.868122],[-122.282961,37.868119],[-122.282967,37.868178],[-122.282904,37.868182]]]},"properties":{"id":"w825856906","b":"yes","lv":null,"n":null}},
{"type":"Feature","geometry":{"type":"Polygon","coordinates":[[[-122.283042,37.868173],[-122.28304,37.868168],[-122.283027,37.868171],[-122.28303,37.868179],[-122.283012,37.868184],[-122.283009,37.868176],[-122.282999,37.868179],[-122.282967,37.868099],[-122.283109,37.868063],[-122.283143,37.868147],[-122.283042,37.868173]]]},"properties":{"id":"w825856907","b":"yes","lv":null,"n":null}},
{"type":"Feature","geometry":{"type":"Polygon","coordinates":[[[-122.282826,37.868224],[-122.282821,37.868162],[-122.282886,37.868159],[-122.282892,37.868221],[-122.282826,37.868224]]]},"properties":{"id":"w825856908","b":"yes","lv":null,"n":null}},
{"type":"Feature","geometry":{"type":"Polygon","coordinates":[[[-122.282661,37.868218],[-122.282653,37.86814],[-122.282743,37.868135],[-122.282744,37.868145],[-122.282786,37.868142],[-122.282788,37.868169],[-122.282802,37.868168],[-122.282806,37.868209],[-122.282661,37.868218]]]},"properties":{"id":"w825856909","b":"yes","lv":null,"n":null}},
{"type":"Feature","geometry":{"type":"Polygon","coordinates":[[[-122.282147,37.868467],[-122.28215,37.86849],[-122.282112,37.868493],[-122.282114,37.868509],[-122.282077,37.868512],[-122.282075,37.868496],[-122.282035,37.868499],[-122.282026,37.868425],[-122.282166,37.868414],[-122.282172,37.868465],[-122.282147,37.868467]]]},"properties":{"id":"w825856910","b":"yes","lv":null,"n":null}},
{"type":"Feature","geometry":{"type":"Polygon","coordinates":[[[-122.282959,37.868405],[-122.282958,37.8684],[-122.282853,37.868412],[-122.282843,37.868356],[-122.282948,37.868344],[-122.282944,37.868325],[-122.283098,37.868307],[-122.283111,37.868377],[-122.283025,37.868387],[-122.283027,37.868397],[-122.282959,37.868405]]]},"properties":{"id":"w825856912","b":"yes","lv":null,"n":null}},
{"type":"Feature","geometry":{"type":"Polygon","coordinates":[[[-122.282941,37.868303],[-122.282926,37.868227],[-122.283017,37.868216],[-122.283022,37.868242],[-122.283062,37.868237],[-122.283072,37.868287],[-122.282941,37.868303]]]},"properties":{"id":"w825856913","b":"yes","lv":null,"n":null}},
{"type":"Feature","geometry":{"type":"Polygon","coordinates":[[[-122.282175,37.868301],[-122.282177,37.868311],[-122.282017,37.86833],[-122.282013,37.868306],[-122.281999,37.868308],[-122.281993,37.868279],[-122.282007,37.868277],[-122.282003,37.868259],[-122.282221,37.868232],[-122.282233,37.868294],[-122.282175,37.868301]]]},"properties":{"id":"w825856914","b":"yes","lv":null,"n":null}},
{"type":"Feature","geometry":{"type":"Polygon","coordinates":[[[-122.282057,37.868639],[-122.282043,37.86854],[-122.282145,37.868531],[-122.282146,37.868541],[-122.282171,37.868539],[-122.282174,37.868557],[-122.282149,37.868559],[-122.282153,37.868582],[-122.282212,37.868577],[-122.282219,37.868625],[-122.282057,37.868639]]]},"properties":{"id":"w825856917","b":"yes","lv":null,"n":null}},
{"type":"Feature","geometry":{"type":"Polygon","coordinates":[[[-122.282167,37.867932],[-122.282179,37.86798],[-122.282117,37.867989],[-122.282109,37.867957],[-122.281982,37.867976],[-122.281973,37.867939],[-122.281984,37.867937],[-122.281974,37.867893],[-122.282012,37.867888],[-122.282009,37.867879],[-122.282075,37.867869],[-122.282077,37.867879],[-122.282151,37.867867],[-122.282152,37.867873],[-122.282171,37.867871],[-122.28217,37.867866],[-122.282196,37.867862],[-122.282211,37.867925],[-122.282167,37.867932]]]},"properties":{"id":"w825856919","b":"yes","lv":null,"n":null}},
{"type":"Feature","geometry":{"type":"Polygon","coordinates":[[[-122.282171,37.868079],[-122.282177,37.868109],[-122.282002,37.86813],[-122.281983,37.868038],[-122.282126,37.868021],[-122.282132,37.868052],[-122.282165,37.868048],[-122.282166,37.868055],[-122.282182,37.868053],[-122.282187,37.868077],[-122.282171,37.868079]]]},"properties":{"id":"w825856920","b":"yes","lv":null,"n":null}},
{"type":"Feature","geometry":{"type":"Polygon","coordinates":[[[-122.282189,37.868189],[-122.282194,37.868215],[-122.282041,37.868235],[-122.282037,37.868216],[-122.28202,37.868218],[-122.28201,37.868169],[-122.282199,37.868144],[-122.282208,37.868186],[-122.282189,37.868189]]]},"properties":{"id":"w825856921","b":"yes","lv":null,"n":null}},
{"type":"Feature","geometry":{"type":"Polygon","coordinates":[[[-122.282024,37.867523],[-122.282021,37.867512],[-122.281949,37.867522],[-122.281941,37.867488],[-122.281924,37.86749],[-122.281913,37.867441],[-122.282077,37.867419],[-122.282098,37.867513],[-122.282024,37.867523]]]},"properties":{"id":"w825856922","b":"yes","lv":null,"n":null}},
{"type":"Feature","geometry":{"type":"Polygon","coordinates":[[[-122.281964,37.867637],[-122.281955,37.867589],[-122.281965,37.867588],[-122.281959,37.867555],[-122.282123,37.867535],[-122.282138,37.867617],[-122.281964,37.867637]]]},"properties":{"id":"w825856923","b":"yes","lv":null,"n":null}},
{"type":"Feature","geometry":{"type":"Polygon","coordinates":[[[-122.281984,37.867728],[-122.281969,37.867655],[-122.282278,37.867615],[-122.282294,37.867689],[-122.281984,37.867728]]]},"properties":{"id":"w825856924","b":"yes","lv":null,"n":null}},
{"type":"Feature","geometry":{"type":"Polygon","coordinates":[[[-122.282116,37.867806],[-122.282119,37.86784],[-122.282004,37.867846],[-122.281996,37.867754],[-122.282145,37.867746],[-122.28215,37.867804],[-122.282116,37.867806]]]},"properties":{"id":"w825856925","b":"yes","lv":null,"n":null}},
{"type":"Feature","geometry":{"type":"Polygon","coordinates":[[[-122.283627,37.866993],[-122.283631,37.867012],[-122.283567,37.86702],[-122.283552,37.866949],[-122.283575,37.866946],[-122.283572,37.866933],[-122.283589,37.866931],[-122.283587,37.866923],[-122.283602,37.866921],[-122.283604,37.866929],[-122.283655,37.866922],[-122.283651,37.866904],[-122.283715,37.866896],[-122.283719,37.866914],[-122.28377,37.866908],[-122.283784,37.866972],[-122.283627,37.866993]]]},"properties":{"id":"w825856926","b":"yes","lv":null,"n":null}},
{"type":"Feature","geometry":{"type":"Polygon","coordinates":[[[-122.283709,37.866861],[-122.28371,37.866865],[-122.283663,37.866872],[-122.283662,37.866866],[-122.283582,37.866877],[-122.283583,37.866881],[-122.283537,37.866887],[-122.283513,37.866767],[-122.283583,37.866758],[-122.283589,37.866789],[-122.283599,37.866788],[-122.283603,37.866805],[-122.28376,37.866784],[-122.283773,37.866852],[-122.283709,37.866861]]]},"properties":{"id":"w825856927","b":"yes","lv":null,"n":null}},
{"type":"Feature","geometry":{"type":"Polygon","coordinates":[[[-122.283143,37.867081],[-122.283059,37.867088],[-122.283041,37.866961],[-122.283019,37.866963],[-122.283012,37.866915],[-122.283105,37.866907],[-122.283109,37.866933],[-122.283122,37.866932],[-122.283143,37.867081]]]},"properties":{"id":"w825856928","b":"yes","lv":null,"n":null}},
{"type":"Feature","geometry":{"type":"Polygon","coordinates":[[[-122.283271,37.866939],[-122.283246,37.866941],[-122.283259,37.867065],[-122.283175,37.867071],[-122.283158,37.866913],[-122.283172,37.866912],[-122.28317,37.866895],[-122.283265,37.866889],[-122.283271,37.866939]]]},"properties":{"id":"w825856929","b":"yes","lv":null,"n":null}},
{"type":"Feature","geometry":{"type":"Polygon","coordinates":[[[-122.283378,37.867045],[-122.283363,37.86692],[-122.283341,37.866921],[-122.283335,37.866872],[-122.283425,37.866865],[-122.283427,37.866885],[-122.283443,37.866883],[-122.283461,37.867039],[-122.283378,37.867045]]]},"properties":{"id":"w825856930","b":"yes","lv":null,"n":null}},
{"type":"Feature","geometry":{"type":"Polygon","coordinates":[[[-122.283478,37.866962],[-122.283465,37.866908],[-122.283535,37.866898],[-122.283547,37.866953],[-122.283478,37.866962]]]},"properties":{"id":"w825856931","b":"yes","lv":null,"n":null}},
{"type":"Feature","geometry":{"type":"Polygon","coordinates":[[[-122.282534,37.867143],[-122.282534,37.867138],[-122.282512,37.867139],[-122.28251,37.86712],[-122.282495,37.867121],[-122.282483,37.86702],[-122.282566,37.867014],[-122.28258,37.86714],[-122.282534,37.867143]]]},"properties":{"id":"w825856932","b":"yes","lv":null,"n":null}},
{"type":"Feature","geometry":{"type":"Polygon","coordinates":[[[-122.282636,37.867135],[-122.282634,37.867125],[-122.282612,37.867126],[-122.282599,37.867012],[-122.282687,37.867006],[-122.282701,37.867131],[-122.282636,37.867135]]]},"properties":{"id":"w825856933","b":"yes","lv":null,"n":null}},
{"type":"Feature","geometry":{"type":"Polygon","coordinates":[[[-122.282821,37.867117],[-122.282726,37.867123],[-122.282714,37.867017],[-122.28281,37.86701],[-122.282821,37.867117]]]},"properties":{"id":"w825856934","b":"yes","lv":null,"n":null}},
{"type":"Feature","geometry":{"type":"Polygon","coordinates":[[[-122.282945,37.866979],[-122.282922,37.866981],[-122.282937,37.867106],[-122.282854,37.867112],[-122.282826,37.866892],[-122.282904,37.866886],[-122.28291,37.866933],[-122.282939,37.866931],[-122.282945,37.866979]]]},"properties":{"id":"w825856935","b":"yes","lv":null,"n":null}},
{"type":"Feature","geometry":{"type":"Polygon","coordinates":[[[-122.282166,37.867198],[-122.28216,37.867151],[-122.282204,37.867148],[-122.282209,37.867195],[-122.282166,37.867198]]]},"properties":{"id":"w825856936","b":"yes","lv":null,"n":null}},
{"type":"Feature","geometry":{"type":"Polygon","coordinates":[[[-122.282252,37.867171],[-122.282225,37.867043],[-122.282257,37.867039],[-122.282252,37.867012],[-122.282296,37.867006],[-122.282306,37.867058],[-122.282332,37.867055],[-122.282353,37.867158],[-122.282344,37.867159],[-122.282346,37.867169],[-122.28226,37.86718],[-122.282258,37.86717],[-122.282252,37.867171]]]},"properties":{"id":"w825856937","b":"house","lv":null,"n":null}},
{"type":"Feature","geometry":{"type":"Polygon","coordinates":[[[-122.281871,37.867049],[-122.281862,37.866967],[-122.282023,37.866956],[-122.282032,37.867038],[-122.281871,37.867049]]]},"properties":{"id":"w825856941","b":"yes","lv":null,"n":null}},
{"type":"Feature","geometry":{"type":"Polygon","coordinates":[[[-122.282046,37.867141],[-122.282047,37.867147],[-122.281878,37.867159],[-122.281869,37.867074],[-122.282036,37.867063],[-122.282039,37.867085],[-122.282063,37.867083],[-122.282064,37.867094],[-122.282088,37.867093],[-122.28209,37.86711],[-122.282119,37.867108],[-122.282122,37.867136],[-122.282046,37.867141]]]},"properties":{"id":"w825856942","b":"yes","lv":null,"n":null}},
{"type":"Feature","geometry":{"type":"Polygon","coordinates":[[[-122.283523,37.866388],[-122.283509,37.866318],[-122.283677,37.866297],[-122.283691,37.866367],[-122.283523,37.866388]]]},"properties":{"id":"w825856943","b":"yes","lv":null,"n":null}},
{"type":"Feature","geometry":{"type":"Polygon","coordinates":[[[-122.28353,37.866516],[-122.283513,37.866439],[-122.283687,37.866415],[-122.283705,37.866492],[-122.28353,37.866516]]]},"properties":{"id":"w825856944","b":"yes","lv":null,"n":null}},
{"type":"Feature","geometry":{"type":"Polygon","coordinates":[[[-122.283597,37.866709],[-122.283587,37.866657],[-122.283618,37.866653],[-122.283614,37.866633],[-122.283722,37.866619],[-122.283739,37.866704],[-122.283631,37.866717],[-122.283629,37.866706],[-122.283597,37.866709]]]},"properties":{"id":"w825856945","b":"yes","lv":null,"n":null}},
{"type":"Feature","geometry":{"type":"Polygon","coordinates":[[[-122.283407,37.8662],[-122.283412,37.866224],[-122.283322,37.866235],[-122.283307,37.866154],[-122.283397,37.866144],[-122.283406,37.866195],[-122.283424,37.866193],[-122.283425,37.866198],[-122.283407,37.8662]]]},"properties":{"id":"w825856947","b":"yes","lv":null,"n":null}},
{"type":"Feature","geometry":{"type":"Polygon","coordinates":[[[-122.283455,37.8662],[-122.283457,37.86621],[-122.283436,37.866213],[-122.28342,37.866141],[-122.283653,37.866109],[-122.283667,37.866171],[-122.283455,37.8662]]]},"properties":{"id":"w825856948","b":"yes","lv":null,"n":null}},
{"type":"Feature","geometry":{"type":"Polygon","coordinates":[[[-122.283461,37.866273],[-122.283459,37.866265],[-122.283414,37.866272],[-122.283416,37.86628],[-122.283385,37.866285],[-122.283371,37.866234],[-122.283477,37.866217],[-122.283491,37.866268],[-122.283461,37.866273]]]},"properties":{"id":"w825856949","b":"yes","lv":null,"n":null}},
{"type":"Feature","geometry":{"type":"Polygon","coordinates":[[[-122.283534,37.866287],[-122.283518,37.866216],[-122.283663,37.866196],[-122.283678,37.866267],[-122.283534,37.866287]]]},"properties":{"id":"w825856950","b":"yes","lv":null,"n":null}},
{"type":"Feature","geometry":{"type":"Polygon","coordinates":[[[-122.282911,37.866345],[-122.282904,37.866279],[-122.282895,37.86628],[-122.282893,37.866268],[-122.282902,37.866267],[-122.282897,37.866221],[-122.282956,37.866217],[-122.282959,37.866243],[-122.282984,37.866241],[-122.282988,37.866275],[-122.283024,37.866272],[-122.283031,37.866337],[-122.282911,37.866345]]]},"properties":{"id":"w825856951","b":"yes","lv":null,"n":null}},
{"type":"Feature","geometry":{"type":"Polygon","coordinates":[[[-122.283052,37.866315],[-122.283038,37.866191],[-122.283098,37.866186],[-122.283101,37.866214],[-122.283126,37.866212],[-122.28313,37.866247],[-122.283165,37.866244],[-122.283172,37.866307],[-122.283052,37.866315]]]},"properties":{"id":"w825856952","b":"yes","lv":null,"n":null}},
{"type":"Feature","geometry":{"type":"Polygon","coordinates":[[[-122.283233,37.866311],[-122.283231,37.866287],[-122.28319,37.86629],[-122.283183,37.866223],[-122.283215,37.866221],[-122.283211,37.866186],[-122.283237,37.866184],[-122.283235,37.866162],[-122.283296,37.866158],[-122.283298,37.866173],[-122.283305,37.866173],[-122.283306,37.866183],[-122.283299,37.866183],[-122.283312,37.866306],[-122.283233,37.866311]]]},"properties":{"id":"w825856954","b":"yes","lv":null,"n":null}},
{"type":"Feature","geometry":{"type":"Polygon","coordinates":[[[-122.281843,37.866935],[-122.28183,37.866833],[-122.281959,37.866823],[-122.281958,37.866816],[-122.281976,37.866814],[-122.281989,37.866923],[-122.281843,37.866935]]]},"properties":{"id":"w825856961","b":"yes","lv":null,"n":null}},
{"type":"Feature","geometry":{"type":"Polygon","coordinates":[[[-122.281814,37.86663],[-122.281801,37.866552],[-122.28185,37.866547],[-122.281844,37.866518],[-122.281921,37.86651],[-122.281939,37.866617],[-122.281814,37.86663]]]},"properties":{"id":"w825856968","b":"yes","lv":null,"n":null}},
{"type":"Feature","geometry":{"type":"Polygon","coordinates":[[[-122.281821,37.866747],[-122.281809,37.866647],[-122.28196,37.866636],[-122.281972,37.866735],[-122.281821,37.866747]]]},"properties":{"id":"w825856969","b":"yes","lv":null,"n":null}},
{"type":"Feature","geometry":{"type":"Polygon","coordinates":[[[-122.282873,37.866343],[-122.282876,37.866364],[-122.282843,37.866366],[-122.28284,37.866343],[-122.282767,37.866349],[-122.282752,37.866228],[-122.282814,37.866223],[-122.282817,37.866247],[-122.282844,37.866244],[-122.282849,37.866279],[-122.282877,37.866276],[-122.282885,37.866342],[-122.282873,37.866343]]]},"properties":{"id":"w825856971","b":"yes","lv":null,"n":null}},
{"type":"Feature","geometry":{"type":"Polygon","coordinates":[[[-122.282695,37.86632],[-122.282652,37.866308],[-122.282656,37.866299],[-122.282576,37.866277],[-122.282601,37.866219],[-122.282724,37.866252],[-122.282695,37.86632]]]},"properties":{"id":"w825856978","b":"yes","lv":null,"n":null}},
{"type":"Feature","geometry":{"type":"Polygon","coordinates":[[[-122.283506,37.865747],[-122.283511,37.865769],[-122.28347,37.865775],[-122.283466,37.865754],[-122.283442,37.865758],[-122.283423,37.865675],[-122.283605,37.865649],[-122.283614,37.865684],[-122.283623,37.865683],[-122.283618,37.865659],[-122.283672,37.865651],[-122.283688,37.865721],[-122.283506,37.865747]]]},"properties":{"id":"w825856980","b":"yes","lv":null,"n":null}},
{"type":"Feature","geometry":{"type":"Polygon","coordinates":[[[-122.283392,37.865745],[-122.283394,37.865753],[-122.283298,37.865766],[-122.283284,37.865697],[-122.283382,37.865684],[-122.283385,37.865701],[-122.283418,37.865697],[-122.283427,37.86574],[-122.283392,37.865745]]]},"properties":{"id":"w825856981","b":"yes","lv":null,"n":null}},
{"type":"Feature","geometry":{"type":"Polygon","coordinates":[[[-122.283191,37.865761],[-122.283195,37.865782],[-122.283082,37.865796],[-122.283067,37.865721],[-122.28318,37.865707],[-122.283187,37.865744],[-122.283194,37.865744],[-122.283197,37.86576],[-122.283191,37.865761]]]},"properties":{"id":"w825856982","b":"yes","lv":null,"n":null}},
{"type":"Feature","geometry":{"type":"Polygon","coordinates":[[[-122.283317,37.865961],[-122.283319,37.865974],[-122.283287,37.865976],[-122.28329,37.866008],[-122.28322,37.866013],[-122.283208,37.865897],[-122.283278,37.865892],[-122.283276,37.865867],[-122.283331,37.865864],[-122.283334,37.865894],[-122.283349,37.865893],[-122.283356,37.865959],[-122.283317,37.865961]]]},"properties":{"id":"w825856984","b":"yes","lv":null,"n":null}},
{"type":"Feature","geometry":{"type":"Polygon","coordinates":[[[-122.283476,37.865939],[-122.283477,37.865949],[-122.283461,37.86595],[-122.283462,37.865964],[-122.283445,37.865965],[-122.283447,37.865983],[-122.283381,37.865987],[-122.283371,37.865878],[-122.283506,37.86587],[-122.283513,37.865937],[-122.283476,37.865939]]]},"properties":{"id":"w825856985","b":"yes","lv":null,"n":null}},
{"type":"Feature","geometry":{"type":"Polygon","coordinates":[[[-122.283635,37.865914],[-122.283636,37.865928],[-122.283623,37.865929],[-122.283624,37.86594],[-122.283604,37.865942],[-122.283607,37.865962],[-122.28354,37.865967],[-122.283529,37.865859],[-122.283613,37.865853],[-122.283613,37.865853],[-122.283662,37.865849],[-122.283669,37.865912],[-122.283635,37.865914]]]},"properties":{"id":"w825856986","b":"yes","lv":null,"n":null}},
{"type":"Feature","geometry":{"type":"Polygon","coordinates":[[[-122.282726,37.866056],[-122.282719,37.866056],[-122.282719,37.866061],[-122.28268,37.866063],[-122.282677,37.866014],[-122.282714,37.866012],[-122.282715,37.866024],[-122.282724,37.866023],[-122.282726,37.866056]]]},"properties":{"id":"w825856987","b":"yes","lv":null,"n":null}},
{"type":"Feature","geometry":{"type":"Polygon","coordinates":[[[-122.282529,37.865973],[-122.282516,37.86587],[-122.282533,37.865868],[-122.282528,37.86583],[-122.282579,37.865826],[-122.282597,37.865967],[-122.282529,37.865973]]]},"properties":{"id":"w825856991","b":"yes","lv":null,"n":null}},
{"type":"Feature","geometry":{"type":"Polygon","coordinates":[[[-122.282616,37.86595],[-122.282601,37.865827],[-122.282626,37.865825],[-122.282622,37.865799],[-122.282671,37.865795],[-122.282689,37.865945],[-122.282616,37.86595]]]},"properties":{"id":"w825856992","b":"yes","lv":null,"n":null}},
{"type":"Feature","geometry":{"type":"Polygon","coordinates":[[[-122.282768,37.865835],[-122.282772,37.865855],[-122.282726,37.865862],[-122.282706,37.865771],[-122.282742,37.865766],[-122.28274,37.86576],[-122.282771,37.865756],[-122.282773,37.865762],[-122.282813,37.865757],[-122.282829,37.865826],[-122.282768,37.865835]]]},"properties":{"id":"w825856993","b":"yes","lv":null,"n":null}},
{"type":"Feature","geometry":{"type":"Polygon","coordinates":[[[-122.282833,37.865999],[-122.282836,37.866027],[-122.282803,37.866029],[-122.282805,37.866047],[-122.282738,37.866051],[-122.282728,37.865941],[-122.282864,37.865933],[-122.28287,37.865997],[-122.282833,37.865999]]]},"properties":{"id":"w825856994","b":"yes","lv":null,"n":null}},
{"type":"Feature","geometry":{"type":"Polygon","coordinates":[[[-122.282016,37.866015],[-122.28202,37.866041],[-122.281966,37.866045],[-122.281946,37.865887],[-122.282037,37.865879],[-122.282054,37.866012],[-122.282016,37.866015]]]},"properties":{"id":"w825856995","b":"yes","lv":null,"n":null}},
{"type":"Feature","geometry":{"type":"Polygon","coordinates":[[[-122.282144,37.865998],[-122.282147,37.866025],[-122.282081,37.86603],[-122.282062,37.865867],[-122.282163,37.86586],[-122.282179,37.865995],[-122.282144,37.865998]]]},"properties":{"id":"w825856996","b":"yes","lv":null,"n":null}},
{"type":"Feature","geometry":{"type":"Polygon","coordinates":[[[-122.282329,37.865985],[-122.282318,37.865895],[-122.282333,37.865894],[-122.282328,37.865842],[-122.28238,37.865838],[-122.282396,37.865981],[-122.282329,37.865985]]]},"properties":{"id":"w825856997","b":"yes","lv":null,"n":null}},
{"type":"Feature","geometry":{"type":"Polygon","coordinates":[[[-122.282428,37.865978],[-122.282416,37.865887],[-122.282437,37.865885],[-122.282431,37.865835],[-122.282479,37.865831],[-122.282481,37.865851],[-122.282487,37.86585],[-122.282488,37.865858],[-122.282482,37.865858],[-122.282496,37.865972],[-122.282428,37.865978]]]},"properties":{"id":"w825856998","b":"yes","lv":null,"n":null}},
{"type":"Feature","geometry":{"type":"Polygon","coordinates":[[[-122.281949,37.866171],[-122.281957,37.866208],[-122.281802,37.866229],[-122.281798,37.866211],[-122.281792,37.866212],[-122.281781,37.866159],[-122.281979,37.866133],[-122.281987,37.866166],[-122.281949,37.866171]]]},"properties":{"id":"w825856999","b":"yes","lv":null,"n":null}},
{"type":"Feature","geometry":{"type":"Polygon","coordinates":[[[-122.281965,37.86628],[-122.281968,37.866295],[-122.281812,37.866315],[-122.281808,37.866297],[-122.281802,37.866298],[-122.281791,37.866243],[-122.281953,37.866222],[-122.281958,37.866246],[-122.281986,37.866243],[-122.281993,37.866277],[-122.281965,37.86628]]]},"properties":{"id":"w825857000","b":"yes","lv":null,"n":null}},
{"type":"Feature","geometry":{"type":"Polygon","coordinates":[[[-122.280288,37.86635],[-122.280281,37.866277],[-122.280352,37.866273],[-122.280359,37.866346],[-122.280288,37.86635]]]},"properties":{"id":"w826257504","b":"yes","lv":null,"n":null}},
{"type":"Feature","geometry":{"type":"Polygon","coordinates":[[[-122.280233,37.867621],[-122.280231,37.867606],[-122.28021,37.867608],[-122.280198,37.867508],[-122.280282,37.867501],[-122.280296,37.867616],[-122.280233,37.867621]]]},"properties":{"id":"w826257506","b":"yes","lv":null,"n":null}},
{"type":"Feature","geometry":{"type":"Polygon","coordinates":[[[-122.280076,37.867653],[-122.280062,37.867539],[-122.280089,37.867537],[-122.280087,37.867521],[-122.280107,37.86752],[-122.280105,37.867503],[-122.280145,37.8675],[-122.280162,37.867646],[-122.280076,37.867653]]]},"properties":{"id":"w826257509","b":"yes","lv":null,"n":null}},
{"type":"Feature","geometry":{"type":"Polygon","coordinates":[[[-122.280012,37.866318],[-122.280009,37.86629],[-122.27998,37.866292],[-122.279978,37.866272],[-122.279941,37.866274],[-122.279933,37.866199],[-122.28002,37.866194],[-122.280024,37.866234],[-122.280034,37.866233],[-122.280043,37.866316],[-122.280012,37.866318]]]},"properties":{"id":"w826257511","b":"yes","lv":null,"n":null}},
{"type":"Feature","geometry":{"type":"Polygon","coordinates":[[[-122.280193,37.867061],[-122.280189,37.867028],[-122.280234,37.867025],[-122.28023,37.866988],[-122.280374,37.866978],[-122.280378,37.867014],[-122.2804,37.867013],[-122.280404,37.867047],[-122.280193,37.867061]]]},"properties":{"id":"w826257513","b":"yes","lv":null,"n":null}},
{"type":"Feature","geometry":{"type":"Polygon","coordinates":[[[-122.280457,37.867578],[-122.280456,37.867569],[-122.280416,37.867572],[-122.280417,37.867584],[-122.280358,37.867589],[-122.280344,37.867472],[-122.280405,37.867468],[-122.280406,37.867482],[-122.280484,37.867476],[-122.280496,37.867575],[-122.280457,37.867578]]]},"properties":{"id":"w826257517","b":"yes","lv":null,"n":null}},
{"type":"Feature","geometry":{"type":"Polygon","coordinates":[[[-122.280275,37.866228],[-122.28026,37.866085],[-122.280346,37.866079],[-122.280361,37.866223],[-122.280275,37.866228]]]},"properties":{"id":"w826257519","b":"yes","lv":null,"n":null}},
{"type":"Feature","geometry":{"type":"Polygon","coordinates":[[[-122.279939,37.867684],[-122.279925,37.86757],[-122.27997,37.867567],[-122.279965,37.867522],[-122.280009,37.867519],[-122.280029,37.867677],[-122.279939,37.867684]]]},"properties":{"id":"w826257525","b":"yes","lv":null,"n":null}},
{"type":"Feature","geometry":{"type":"Polygon","coordinates":[[[-122.280379,37.867462],[-122.280333,37.867466],[-122.280338,37.867509],[-122.2803,37.867512],[-122.280291,37.867439],[-122.280376,37.867432],[-122.280379,37.867462]]]},"properties":{"id":"w826257529","b":"yes","lv":null,"n":null}},
{"type":"Feature","geometry":{"type":"Polygon","coordinates":[[[-122.280239,37.86734],[-122.280233,37.867286],[-122.28028,37.867283],[-122.280278,37.86727],[-122.28045,37.867258],[-122.280457,37.867325],[-122.280239,37.86734]]]},"properties":{"id":"w826257536","b":"yes","lv":null,"n":null}},
{"type":"Feature","geometry":{"type":"Polygon","coordinates":[[[-122.280418,37.867208],[-122.280419,37.867219],[-122.280405,37.86722],[-122.280406,37.867234],[-122.280178,37.867248],[-122.280176,37.867223],[-122.280211,37.867221],[-122.280208,37.867196],[-122.280273,37.867193],[-122.280271,37.867178],[-122.280424,37.867169],[-122.280427,37.867207],[-122.280418,37.867208]]]},"properties":{"id":"w826257542","b":"yes","lv":null,"n":null}},
{"type":"Feature","geometry":{"type":"Polygon","coordinates":[[[-122.280433,37.867396],[-122.280436,37.86742],[-122.280215,37.867437],[-122.280208,37.867384],[-122.28029,37.867378],[-122.280288,37.867364],[-122.28044,37.867352],[-122.280445,37.867395],[-122.280433,37.867396]]]},"properties":{"id":"w826257547","b":"yes","lv":null,"n":null}},
{"type":"Feature","geometry":{"type":"Polygon","coordinates":[[[-122.280413,37.867137],[-122.280219,37.867151],[-122.280211,37.867082],[-122.280384,37.86707],[-122.280387,37.86709],[-122.280407,37.867089],[-122.280413,37.867137]]]},"properties":{"id":"w826257548","b":"yes","lv":null,"n":null}},
{"type":"Feature","geometry":{"type":"Polygon","coordinates":[[[-122.28015,37.866972],[-122.280147,37.866941],[-122.280158,37.86694],[-122.280156,37.866927],[-122.280197,37.866925],[-122.280194,37.866899],[-122.280367,37.866888],[-122.28037,37.866912],[-122.280392,37.866911],[-122.280397,37.866957],[-122.28015,37.866972]]]},"properties":{"id":"w826257553","b":"yes","lv":null,"n":null}},
{"type":"Feature","geometry":{"type":"Polygon","coordinates":[[[-122.280357,37.866531],[-122.280359,37.866559],[-122.28032,37.866562],[-122.280323,37.866591],[-122.280223,37.866597],[-122.28022,37.866567],[-122.280181,37.866569],[-122.280176,37.866516],[-122.280215,37.866514],[-122.280213,37.86649],[-122.280352,37.866481],[-122.280354,37.86651],[-122.280367,37.86651],[-122.280369,37.86653],[-122.280357,37.866531]]]},"properties":{"id":"w826257556","b":"yes","lv":null,"n":null}},
{"type":"Feature","geometry":{"type":"Polygon","coordinates":[[[-122.280199,37.866882],[-122.280191,37.866797],[-122.28022,37.866795],[-122.28022,37.866787],[-122.280366,37.866779],[-122.280375,37.866872],[-122.280199,37.866882]]]},"properties":{"id":"w826257557","b":"yes","lv":null,"n":null}},
{"type":"Feature","geometry":{"type":"Polygon","coordinates":[[[-122.280374,37.86669],[-122.280378,37.866723],[-122.280202,37.866737],[-122.280201,37.866731],[-122.280171,37.866733],[-122.280168,37.866704],[-122.280188,37.866702],[-122.280181,37.866649],[-122.280384,37.866634],[-122.280391,37.866689],[-122.280374,37.86669]]]},"properties":{"id":"w826257560","b":"yes","lv":null,"n":null}},
{"type":"Feature","geometry":{"type":"Polygon","coordinates":[[[-122.280305,37.866416],[-122.280306,37.866429],[-122.280151,37.866442],[-122.280142,37.866374],[-122.280326,37.866359],[-122.28033,37.866396],[-122.280337,37.866396],[-122.280339,37.866413],[-122.280305,37.866416]]]},"properties":{"id":"w826257562","b":"yes","lv":null,"n":null}},
{"type":"Feature","geometry":{"type":"Polygon","coordinates":[[[-122.280042,37.866283],[-122.280027,37.866138],[-122.280031,37.866137],[-122.280075,37.866135],[-122.280076,37.866146],[-122.280123,37.866143],[-122.280137,37.866277],[-122.280042,37.866283]]]},"properties":{"id":"w826257586","b":"yes","lv":null,"n":null}},
{"type":"Feature","geometry":{"type":"Polygon","coordinates":[[[-122.28016,37.866255],[-122.280146,37.866117],[-122.280181,37.866114],[-122.280179,37.866099],[-122.280235,37.866095],[-122.280251,37.866249],[-122.28016,37.866255]]]},"properties":{"id":"w826257595","b":"yes","lv":null,"n":null}},
{"type":"Feature","geometry":{"type":"Polygon","coordinates":[[[-122.280245,37.865788],[-122.280245,37.865793],[-122.280129,37.865801],[-122.28013,37.865808],[-122.280088,37.865811],[-122.280084,37.865775],[-122.2801,37.865774],[-122.2801,37.865766],[-122.280089,37.865766],[-122.280087,37.865754],[-122.280069,37.865755],[-122.280064,37.865713],[-122.280117,37.86571],[-122.280118,37.865718],[-122.280275,37.865707],[-122.280284,37.865785],[-122.280245,37.865788]]]},"properties":{"id":"w826257655","b":"yes","lv":null,"n":null}},
{"type":"Feature","geometry":{"type":"Polygon","coordinates":[[[-122.280248,37.865558],[-122.280066,37.865569],[-122.280064,37.865547],[-122.280049,37.865548],[-122.280044,37.865498],[-122.280241,37.865485],[-122.280248,37.865558]]]},"properties":{"id":"w826257658","b":"yes","lv":null,"n":null}},
{"type":"Feature","geometry":{"type":"Polygon","coordinates":[[[-122.280251,37.865664],[-122.280254,37.865694],[-122.280107,37.865704],[-122.280099,37.865631],[-122.280247,37.865622],[-122.280248,37.86563],[-122.280258,37.865629],[-122.280262,37.865663],[-122.280251,37.865664]]]},"properties":{"id":"w826257659","b":"yes","lv":null,"n":null}},
{"type":"Feature","geometry":{"type":"Polygon","coordinates":[[[-122.280031,37.865194],[-122.280023,37.865117],[-122.280191,37.865107],[-122.280199,37.865183],[-122.280031,37.865194]]]},"properties":{"id":"w826257663","b":"yes","lv":null,"n":null}},
{"type":"Feature","geometry":{"type":"Polygon","coordinates":[[[-122.280063,37.865457],[-122.280054,37.865374],[-122.280232,37.865363],[-122.28024,37.865446],[-122.280063,37.865457]]]},"properties":{"id":"w826257664","b":"yes","lv":null,"n":null}},
{"type":"Feature","geometry":{"type":"Polygon","coordinates":[[[-122.279906,37.864991],[-122.279899,37.864919],[-122.280165,37.864902],[-122.280172,37.864974],[-122.279906,37.864991]]]},"properties":{"id":"w826257667","b":"yes","lv":null,"n":null}},
{"type":"Feature","geometry":{"type":"Polygon","coordinates":[[[-122.280016,37.865091],[-122.280015,37.865085],[-122.279944,37.86509],[-122.279937,37.86503],[-122.279971,37.865028],[-122.27997,37.865023],[-122.27998,37.865022],[-122.27998,37.865027],[-122.280008,37.865025],[-122.280007,37.865014],[-122.280173,37.865002],[-122.280182,37.86508],[-122.280016,37.865091]]]},"properties":{"id":"w826257668","b":"yes","lv":null,"n":null}},
{"type":"Feature","geometry":{"type":"Polygon","coordinates":[[[-122.279988,37.864778],[-122.279988,37.864775],[-122.279869,37.864782],[-122.27986,37.864705],[-122.280142,37.864687],[-122.280149,37.864767],[-122.279988,37.864778]]]},"properties":{"id":"w826257670","b":"yes","lv":null,"n":null}},
{"type":"Feature","geometry":{"type":"Polygon","coordinates":[[[-122.280164,37.864867],[-122.280165,37.864875],[-122.279991,37.864885],[-122.279983,37.864806],[-122.280157,37.864795],[-122.280162,37.864846],[-122.280182,37.864845],[-122.280184,37.864866],[-122.280164,37.864867]]]},"properties":{"id":"w826257672","b":"yes","lv":null,"n":null}},
{"type":"Feature","geometry":{"type":"Polygon","coordinates":[[[-122.280158,37.864661],[-122.279923,37.864675],[-122.279918,37.864624],[-122.279955,37.864622],[-122.279952,37.864598],[-122.28013,37.864587],[-122.280135,37.864635],[-122.280155,37.864634],[-122.280158,37.864661]]]},"properties":{"id":"w826257676","b":"yes","lv":null,"n":null}},
{"type":"Feature","geometry":{"type":"Polygon","coordinates":[[[-122.27998,37.864568],[-122.279979,37.864563],[-122.279918,37.864566],[-122.279914,37.864525],[-122.279943,37.864523],[-122.279941,37.8645],[-122.279974,37.864498],[-122.279973,37.864489],[-122.280088,37.864482],[-122.280089,37.864493],[-122.280137,37.86449],[-122.280144,37.864558],[-122.27998,37.864568]]]},"properties":{"id":"w826257678","b":"yes","lv":null,"n":null}},
{"type":"Feature","geometry":{"type":"Polygon","coordinates":[[[-122.280132,37.864341],[-122.280132,37.864345],[-122.279951,37.864359],[-122.279941,37.86428],[-122.280113,37.864267],[-122.280119,37.864312],[-122.280129,37.864311],[-122.28013,37.864321],[-122.280158,37.864319],[-122.28016,37.864339],[-122.280132,37.864341]]]},"properties":{"id":"w826257681","b":"yes","lv":null,"n":null}},
{"type":"Feature","geometry":{"type":"Polygon","coordinates":[[[-122.279966,37.864462],[-122.279958,37.864384],[-122.280134,37.864373],[-122.280142,37.864451],[-122.279966,37.864462]]]},"properties":{"id":"w826257683","b":"yes","lv":null,"n":null}},
{"type":"Feature","geometry":{"type":"Polygon","coordinates":[[[-122.280043,37.865326],[-122.280033,37.865248],[-122.280232,37.865232],[-122.280242,37.865309],[-122.280043,37.865326]]]},"properties":{"id":"w826257745","b":"yes","lv":null,"n":null}},
{"type":"Feature","geometry":{"type":"Polygon","coordinates":[[[-122.280298,37.865902],[-122.280027,37.865932],[-122.280018,37.86588],[-122.280003,37.865882],[-122.279997,37.865843],[-122.280121,37.86583],[-122.28012,37.865823],[-122.280281,37.865805],[-122.280286,37.865831],[-122.280301,37.865829],[-122.280309,37.865875],[-122.280294,37.865877],[-122.280298,37.865902]]]},"properties":{"id":"w826257788","b":"yes","lv":null,"n":null}},
{"type":"Feature","geometry":{"type":"Polygon","coordinates":[[[-122.286489,37.876961],[-122.286445,37.876974],[-122.286461,37.87701],[-122.286506,37.876996],[-122.286489,37.876961]]]},"properties":{"id":"w841492741","b":"yes","lv":null,"n":null}},
{"type":"Feature","geometry":{"type":"Polygon","coordinates":[[[-122.297387,37.861606],[-122.297132,37.861659],[-122.297182,37.861812],[-122.297064,37.861836],[-122.296984,37.861594],[-122.297357,37.861517],[-122.297387,37.861606]]]},"properties":{"id":"w868479865","b":"apartments","lv":"3","n":null}},
{"type":"Feature","geometry":{"type":"Polygon","coordinates":[[[-122.2975,37.861464],[-122.297406,37.861482],[-122.297489,37.861749],[-122.297583,37.86173],[-122.2975,37.861464]]]},"properties":{"id":"w868479866","b":"apartments","lv":"3","n":null}},
{"type":"Feature","geometry":{"type":"Polygon","coordinates":[[[-122.301318,37.866226],[-122.301268,37.866236],[-122.301262,37.866218],[-122.301042,37.866263],[-122.301013,37.866174],[-122.300955,37.866186],[-122.301046,37.866464],[-122.301291,37.866413],[-122.301366,37.866639],[-122.300977,37.866719],[-122.300772,37.866098],[-122.301244,37.866001],[-122.301318,37.866226]]]},"properties":{"id":"w868479867","b":"apartments","lv":"5","n":"Avalon"}},
{"type":"Feature","geometry":{"type":"Polygon","coordinates":[[[-122.293241,37.870813],[-122.292892,37.870884],[-122.292806,37.870622],[-122.293155,37.870551],[-122.293241,37.870813]]]},"properties":{"id":"w979434017","b":"yes","lv":null,"n":null}},
{"type":"Feature","geometry":{"type":"Polygon","coordinates":[[[-122.307545,37.881532],[-122.307467,37.88129],[-122.307492,37.881285],[-122.307358,37.880865],[-122.307064,37.880924],[-122.307062,37.880918],[-122.306979,37.880935],[-122.306996,37.880989],[-122.307001,37.880988],[-122.307168,37.881507],[-122.307235,37.881494],[-122.307304,37.881709],[-122.307338,37.881702],[-122.307343,37.881716],[-122.307409,37.881702],[-122.307413,37.881716],[-122.307481,37.881702],[-122.307485,37.881715],[-122.307502,37.881712],[-122.307506,37.881725],[-122.307565,37.881713],[-122.307509,37.881539],[-122.307545,37.881532]]]},"properties":{"id":"w992631240","b":"yes","lv":null,"n":null}},
{"type":"Feature","geometry":{"type":"Polygon","coordinates":[[[-122.308455,37.878735],[-122.308296,37.878816],[-122.308203,37.878702],[-122.308241,37.878682],[-122.308211,37.878646],[-122.308432,37.878058],[-122.3093,37.877887],[-122.309322,37.877953],[-122.308494,37.878117],[-122.308324,37.878575],[-122.308455,37.878735]]]},"properties":{"id":"w992987272","b":"yes","lv":null,"n":null}},
{"type":"Feature","geometry":{"type":"Polygon","coordinates":[[[-122.28909,37.858974],[-122.289014,37.858744],[-122.28913,37.85872],[-122.289186,37.858709],[-122.289188,37.858666],[-122.289454,37.858656],[-122.289478,37.858651],[-122.28955,37.858635],[-122.289867,37.858565],[-122.290026,37.858999],[-122.289989,37.859008],[-122.289992,37.859042],[-122.289733,37.859095],[-122.289704,37.859003],[-122.289672,37.8589],[-122.28964,37.858901],[-122.289554,37.858904],[-122.289416,37.858909],[-122.289209,37.85895],[-122.28909,37.858974]]]},"properties":{"id":"w1010031139","b":"yes","lv":"3","n":"Kaiser Permanente Berkeley Medical Offices"}},
{"type":"Feature","geometry":{"type":"Polygon","coordinates":[[[-122.297992,37.879057],[-122.298041,37.879206],[-122.298408,37.879131],[-122.298359,37.878982],[-122.297992,37.879057]]]},"properties":{"id":"w1010059754","b":"industrial","lv":null,"n":null}},
{"type":"Feature","geometry":{"type":"Polygon","coordinates":[[[-122.298041,37.879206],[-122.298084,37.879335],[-122.298109,37.87933],[-122.298449,37.879261],[-122.298446,37.87925],[-122.298415,37.879154],[-122.298408,37.879131],[-122.298041,37.879206]]]},"properties":{"id":"w1010059755","b":"industrial","lv":null,"n":null}},
{"type":"Feature","geometry":{"type":"Polygon","coordinates":[[[-122.299157,37.878783],[-122.299116,37.878652],[-122.299193,37.878637],[-122.299185,37.878613],[-122.299266,37.878597],[-122.299258,37.878571],[-122.299782,37.878469],[-122.299795,37.878511],[-122.299785,37.878513],[-122.299801,37.878565],[-122.299299,37.878663],[-122.299307,37.878688],[-122.299212,37.878707],[-122.299231,37.878768],[-122.299157,37.878783]]]},"properties":{"id":"w1010059756","b":"yes","lv":null,"n":null}},
{"type":"Feature","geometry":{"type":"Polygon","coordinates":[[[-122.300305,37.879263],[-122.300195,37.87895],[-122.300308,37.878925],[-122.300318,37.878953],[-122.300346,37.878947],[-122.300355,37.878972],[-122.300365,37.879001],[-122.30063,37.878944],[-122.30063,37.878928],[-122.300695,37.878913],[-122.300736,37.879029],[-122.300708,37.879035],[-122.300754,37.879164],[-122.300305,37.879263]]]},"properties":{"id":"w1010059758","b":"yes","lv":null,"n":"Berkeley Unified School District Department of Transportation"}},
{"type":"Feature","geometry":{"type":"Polygon","coordinates":[[[-122.301761,37.881942],[-122.301715,37.881805],[-122.301892,37.881768],[-122.301916,37.88184],[-122.301835,37.881857],[-122.301857,37.881922],[-122.301761,37.881942]]]},"properties":{"id":"w1010059760","b":"yes","lv":null,"n":null}},
{"type":"Feature","geometry":{"type":"Polygon","coordinates":[[[-122.301878,37.881733],[-122.301862,37.881682],[-122.301778,37.881698],[-122.301794,37.881749],[-122.301878,37.881733]]]},"properties":{"id":"w1010059761","b":"yes","lv":null,"n":null}},
{"type":"Feature","geometry":{"type":"Polygon","coordinates":[[[-122.301464,37.881571],[-122.3014,37.881376],[-122.301274,37.881402],[-122.301293,37.881461],[-122.301268,37.881467],[-122.30129,37.881535],[-122.301308,37.881532],[-122.30133,37.881599],[-122.301464,37.881571]]]},"properties":{"id":"w1010059762","b":"yes","lv":null,"n":null}},
{"type":"Feature","geometry":{"type":"Polygon","coordinates":[[[-122.301623,37.881378],[-122.301605,37.881318],[-122.301444,37.881349],[-122.301462,37.881409],[-122.301623,37.881378]]]},"properties":{"id":"w1010059774","b":"yes","lv":null,"n":null}},
{"type":"Feature","geometry":{"type":"Polygon","coordinates":[[[-122.301116,37.880429],[-122.301015,37.880449],[-122.30102,37.880466],[-122.300826,37.880505],[-122.300822,37.880492],[-122.300717,37.880513],[-122.300695,37.880442],[-122.301095,37.880363],[-122.301116,37.880429]]]},"properties":{"id":"w1010059775","b":"yes","lv":null,"n":null}},
{"type":"Feature","geometry":{"type":"Polygon","coordinates":[[[-122.300878,37.877392],[-122.300866,37.877356],[-122.300963,37.877335],[-122.300976,37.877371],[-122.300878,37.877392]]]},"properties":{"id":"w1010059777","b":"yes","lv":null,"n":null}},
{"type":"Feature","geometry":{"type":"Polygon","coordinates":[[[-122.302023,37.876325],[-122.302011,37.876287],[-122.301994,37.876291],[-122.301973,37.876226],[-122.302058,37.876209],[-122.30208,37.876277],[-122.302061,37.876281],[-122.302072,37.876314],[-122.302023,37.876325]]]},"properties":{"id":"w1010059780","b":"yes","lv":null,"n":null}},
{"type":"Feature","geometry":{"type":"Polygon","coordinates":[[[-122.301544,37.875804],[-122.301512,37.875709],[-122.301587,37.875694],[-122.301618,37.875789],[-122.301544,37.875804]]]},"properties":{"id":"w1010059781","b":"yes","lv":null,"n":null}},
{"type":"Feature","geometry":{"type":"Polygon","coordinates":[[[-122.301511,37.875693],[-122.30148,37.875599],[-122.301554,37.875583],[-122.301585,37.875678],[-122.301511,37.875693]]]},"properties":{"id":"w1010059782","b":"yes","lv":null,"n":null}},
{"type":"Feature","geometry":{"type":"Polygon","coordinates":[[[-122.301721,37.875738],[-122.301624,37.87576],[-122.3016,37.875695],[-122.301638,37.875686],[-122.301643,37.875701],[-122.301702,37.875688],[-122.301721,37.875738]]]},"properties":{"id":"w1010059785","b":"yes","lv":null,"n":null}},
{"type":"Feature","geometry":{"type":"Polygon","coordinates":[[[-122.301595,37.87567],[-122.301575,37.875613],[-122.301612,37.875606],[-122.301608,37.875594],[-122.301675,37.87558],[-122.301693,37.875632],[-122.301628,37.875646],[-122.301633,37.875661],[-122.301595,37.87567]]]},"properties":{"id":"w1010059787","b":"yes","lv":null,"n":null}},
{"type":"Feature","geometry":{"type":"Polygon","coordinates":[[[-122.30197,37.878984],[-122.301882,37.879002],[-122.301923,37.879122],[-122.30201,37.879104],[-122.30197,37.878984]]]},"properties":{"id":"w1010076103","b":"yes","lv":null,"n":null}},
{"type":"Feature","geometry":{"type":"Polygon","coordinates":[[[-122.288822,37.849657],[-122.288765,37.849851],[-122.288733,37.849958],[-122.288627,37.849978],[-122.288694,37.85018],[-122.288644,37.850399],[-122.286958,37.850742],[-122.286599,37.850814],[-122.286592,37.850793],[-122.286529,37.850805],[-122.286494,37.850697],[-122.286466,37.850702],[-122.286423,37.85057],[-122.286451,37.850564],[-122.28641,37.850437],[-122.286326,37.850453],[-122.286314,37.850415],[-122.286302,37.850378],[-122.286328,37.850373],[-122.286265,37.850179],[-122.286322,37.850167],[-122.286745,37.850082],[-122.288822,37.849657]]]},"properties":{"id":"w1018498132","b":"office","lv":"5","n":"Marchant Building"}},
{"type":"Feature","geometry":{"type":"Polygon","coordinates":[[[-122.289632,37.851175],[-122.28971,37.851426],[-122.290261,37.851249],[-122.2902,37.851062],[-122.289632,37.851175]]]},"properties":{"id":"w1019374631","b":"warehouse","lv":null,"n":"Macbeath Hardwood"}},
{"type":"Feature","geometry":{"type":"Polygon","coordinates":[[[-122.292673,37.850068],[-122.292691,37.850064],[-122.292709,37.850119],[-122.292703,37.85012],[-122.292736,37.850222],[-122.292679,37.850233],[-122.292675,37.85022],[-122.292649,37.850225],[-122.292658,37.850255],[-122.292603,37.850266],[-122.292599,37.850254],[-122.292569,37.85026],[-122.292578,37.850289],[-122.292522,37.8503],[-122.292518,37.850287],[-122.292489,37.850293],[-122.292499,37.850322],[-122.292445,37.850333],[-122.29244,37.85032],[-122.292422,37.850323],[-122.292372,37.850168],[-122.292432,37.850156],[-122.292443,37.850189],[-122.292468,37.850184],[-122.292461,37.850165],[-122.292477,37.850161],[-122.29247,37.85014],[-122.292514,37.850131],[-122.292521,37.850153],[-122.292544,37.850148],[-122.292537,37.850127],[-122.292578,37.850119],[-122.292574,37.850107],[-122.292595,37.850103],[-122.292607,37.850138],[-122.29263,37.850133],[-122.292613,37.85008],[-122.292629,37.850077],[-122.292621,37.850053],[-122.292666,37.850044],[-122.292673,37.850068]]]},"properties":{"id":"w1019374637","b":"yes","lv":"3","n":null}},
{"type":"Feature","geometry":{"type":"Polygon","coordinates":[[[-122.286662,37.85149],[-122.286631,37.851396],[-122.286872,37.851348],[-122.286902,37.851441],[-122.286788,37.851465],[-122.286662,37.85149]]]},"properties":{"id":"w1019374638","b":"residential","lv":"3","n":null}},
{"type":"Feature","geometry":{"type":"Polygon","coordinates":[[[-122.292848,37.850096],[-122.292864,37.850146],[-122.293105,37.850042],[-122.293023,37.849789],[-122.292968,37.8498],[-122.292962,37.849781],[-122.292759,37.849822],[-122.292848,37.850096]]]},"properties":{"id":"w1019374639","b":"industrial","lv":"1","n":null}},
{"type":"Feature","geometry":{"type":"Polygon","coordinates":[[[-122.287265,37.85194],[-122.286833,37.852028],[-122.286744,37.851758],[-122.287177,37.851671],[-122.287265,37.85194]]]},"properties":{"id":"w1019374646","b":"apartments","lv":"5","n":"Aquatic Ashby"}},
{"type":"Feature","geometry":{"type":"Polygon","coordinates":[[[-122.292294,37.86765],[-122.291878,37.86773],[-122.291732,37.867252],[-122.291706,37.867169],[-122.292122,37.867089],[-122.292294,37.86765]]]},"properties":{"id":"w1022350255","b":"apartments","lv":"4","n":"Elegance Berkeley"}},
{"type":"Feature","geometry":{"type":"Polygon","coordinates":[[[-122.305712,37.878917],[-122.305776,37.879113],[-122.305749,37.879118],[-122.305685,37.878922],[-122.305712,37.878917]]]},"properties":{"id":"w1023827857","b":"yes","lv":null,"n":null}},
{"type":"Feature","geometry":{"type":"Polygon","coordinates":[[[-122.30589,37.879157],[-122.305758,37.879185],[-122.305749,37.87916],[-122.305881,37.879132],[-122.30589,37.879157]]]},"properties":{"id":"w1023827858","b":"yes","lv":null,"n":null}},
{"type":"Feature","geometry":{"type":"Polygon","coordinates":[[[-122.306056,37.878183],[-122.306073,37.878237],[-122.306003,37.878251],[-122.305986,37.878197],[-122.306056,37.878183]]]},"properties":{"id":"w1023827859","b":"roof","lv":null,"n":null}},
{"type":"Feature","geometry":{"type":"Polygon","coordinates":[[[-122.305635,37.878689],[-122.305506,37.878713],[-122.305488,37.878652],[-122.305616,37.878628],[-122.305635,37.878689]]]},"properties":{"id":"w1023827860","b":"yes","lv":null,"n":null}},
{"type":"Feature","geometry":{"type":"Polygon","coordinates":[[[-122.293999,37.852095],[-122.294682,37.851953],[-122.294723,37.851959],[-122.29474,37.851972],[-122.294746,37.85199],[-122.294796,37.85198],[-122.294859,37.852166],[-122.294876,37.852163],[-122.294883,37.852185],[-122.294854,37.852191],[-122.294864,37.852219],[-122.294094,37.852379],[-122.293999,37.852095]]]},"properties":{"id":"w1040246782","b":"yes","lv":"4","n":null}},
{"type":"Feature","geometry":{"type":"Polygon","coordinates":[[[-122.289864,37.852777],[-122.289884,37.852839],[-122.290101,37.852795],[-122.29008,37.852732],[-122.289864,37.852777]]]},"properties":{"id":"w1040246785","b":"yes","lv":null,"n":null}},
{"type":"Feature","geometry":{"type":"Polygon","coordinates":[[[-122.314606,37.86343],[-122.314585,37.863369],[-122.314739,37.863337],[-122.31476,37.863398],[-122.314606,37.86343]]]},"properties":{"id":"w1040627056","b":"yes","lv":null,"n":null}},
{"type":"Feature","geometry":{"type":"Polygon","coordinates":[[[-122.314817,37.863383],[-122.31479,37.863324],[-122.314853,37.863306],[-122.314879,37.863366],[-122.314817,37.863383]]]},"properties":{"id":"w1040627057","b":"yes","lv":null,"n":null}},
{"type":"Feature","geometry":{"type":"Polygon","coordinates":[[[-122.282788,37.881899],[-122.282709,37.881933],[-122.282691,37.881907],[-122.282771,37.881874],[-122.282788,37.881899]]]},"properties":{"id":"w1041682355","b":"yes","lv":null,"n":null}},
{"type":"Feature","geometry":{"type":"Polygon","coordinates":[[[-122.281176,37.881787],[-122.281158,37.881763],[-122.281183,37.881751],[-122.281202,37.881774],[-122.281243,37.881754],[-122.281345,37.881883],[-122.281231,37.881939],[-122.281129,37.88181],[-122.281176,37.881787]]]},"properties":{"id":"w1041682358","b":"commercial","lv":"2","n":null}},
{"type":"Feature","geometry":{"type":"Polygon","coordinates":[[[-122.280557,37.881385],[-122.280508,37.881409],[-122.280489,37.881384],[-122.280537,37.88136],[-122.280557,37.881385]]]},"properties":{"id":"w1041682359","b":"garage","lv":null,"n":null}},
{"type":"Feature","geometry":{"type":"Polygon","coordinates":[[[-122.280434,37.881227],[-122.280463,37.881265],[-122.280413,37.881289],[-122.280384,37.881251],[-122.280434,37.881227]]]},"properties":{"id":"w1041682360","b":"garage","lv":null,"n":null}},
{"type":"Feature","geometry":{"type":"Polygon","coordinates":[[[-122.28037,37.881147],[-122.280429,37.881224],[-122.280374,37.88125],[-122.280315,37.881173],[-122.28037,37.881147]]]},"properties":{"id":"w1041682361","b":"garage","lv":null,"n":null}},
{"type":"Feature","geometry":{"type":"Polygon","coordinates":[[[-122.287163,37.857648],[-122.287127,37.857653],[-122.28712,37.857618],[-122.287207,37.857607],[-122.287227,37.857701],[-122.287176,37.857707],[-122.287163,37.857648]]]},"properties":{"id":"w1084347156","b":"yes","lv":null,"n":null}},
{"type":"Feature","geometry":{"type":"Polygon","coordinates":[[[-122.287033,37.857658],[-122.287048,37.857656],[-122.287058,37.857704],[-122.287043,37.857706],[-122.287047,37.857725],[-122.286987,37.857733],[-122.286967,37.857638],[-122.287027,37.85763],[-122.287033,37.857658]]]},"properties":{"id":"w1084347157","b":"yes","lv":null,"n":null}},
{"type":"Feature","geometry":{"type":"Polygon","coordinates":[[[-122.28855,37.860233],[-122.288555,37.860261],[-122.288479,37.860271],[-122.288451,37.860139],[-122.288527,37.860128],[-122.288537,37.860174],[-122.288547,37.860173],[-122.288552,37.860195],[-122.288548,37.860195],[-122.288553,37.860217],[-122.28855,37.860217],[-122.288554,37.860233],[-122.28855,37.860233]]]},"properties":{"id":"w1084347167","b":"yes","lv":null,"n":null}},
{"type":"Feature","geometry":{"type":"Polygon","coordinates":[[[-122.289324,37.861434],[-122.289497,37.86141],[-122.289549,37.861605],[-122.289224,37.861667],[-122.289157,37.86146],[-122.289324,37.861434]]]},"properties":{"id":"w1084347173","b":"apartments","lv":"4","n":"Poet's place"}},
{"type":"Feature","geometry":{"type":"Polygon","coordinates":[[[-122.288134,37.86898],[-122.288123,37.868925],[-122.288153,37.868921],[-122.288145,37.868882],[-122.288115,37.868886],[-122.288107,37.86885],[-122.288138,37.868847],[-122.288122,37.868768],[-122.288159,37.868763],[-122.288168,37.868809],[-122.288195,37.868806],[-122.288217,37.868913],[-122.288192,37.868916],[-122.288204,37.868971],[-122.288134,37.86898]]]},"properties":{"id":"w1084360447","b":"roof","lv":null,"n":null}},
{"type":"Feature","geometry":{"type":"Polygon","coordinates":[[[-122.299869,37.866039],[-122.299889,37.866103],[-122.300366,37.866008],[-122.299956,37.864725],[-122.299534,37.864809],[-122.299576,37.864941],[-122.299603,37.864935],[-122.299816,37.864893],[-122.299835,37.864954],[-122.299625,37.864996],[-122.299675,37.865153],[-122.299839,37.865666],[-122.300037,37.865627],[-122.300043,37.865647],[-122.300151,37.865983],[-122.299869,37.866039]]]},"properties":{"id":"w1094368208","b":"industrial","lv":null,"n":null}},
{"type":"Feature","geometry":{"type":"Polygon","coordinates":[[[-122.295863,37.850794],[-122.295815,37.850638],[-122.295916,37.850619],[-122.295964,37.850775],[-122.295863,37.850794]]]},"properties":{"id":"w1094369208","b":"yes","lv":null,"n":null}},
{"type":"Feature","geometry":{"type":"Polygon","coordinates":[[[-122.296181,37.85112],[-122.29615,37.851021],[-122.296058,37.851039],[-122.296089,37.851138],[-122.296181,37.85112]]]},"properties":{"id":"w1094369209","b":"yes","lv":null,"n":null}},
{"type":"Feature","geometry":{"type":"Polygon","coordinates":[[[-122.287797,37.856145],[-122.287711,37.856156],[-122.287709,37.856146],[-122.287393,37.856187],[-122.287318,37.855829],[-122.287577,37.855795],[-122.287575,37.855785],[-122.287683,37.855771],[-122.287699,37.855824],[-122.287797,37.856145]]]},"properties":{"id":"w1098334370","b":"apartments","lv":"5","n":"Bloom"}},
{"type":"Feature","geometry":{"type":"Polygon","coordinates":[[[-122.291779,37.858313],[-122.291823,37.858444],[-122.291868,37.858579],[-122.291891,37.858645],[-122.291977,37.858625],[-122.292051,37.85854],[-122.292106,37.858457],[-122.292135,37.858376],[-122.292146,37.858312],[-122.292145,37.858254],[-122.292141,37.858244],[-122.291779,37.858313]]]},"properties":{"id":"w1108604819","b":"yes","lv":null,"n":null}},
{"type":"Feature","geometry":{"type":"Polygon","coordinates":[[[-122.291823,37.858444],[-122.291785,37.858451],[-122.291829,37.858587],[-122.291868,37.858579],[-122.291823,37.858444]]]},"properties":{"id":"w1108604820","b":"roof","lv":null,"n":null}},
{"type":"Feature","geometry":{"type":"Polygon","coordinates":[[[-122.293196,37.857805],[-122.292749,37.857919],[-122.292728,37.857864],[-122.293176,37.857754],[-122.293196,37.857805]]]},"properties":{"id":"w1108604821","b":"yes","lv":null,"n":null}},
{"type":"Feature","geometry":{"type":"Polygon","coordinates":[[[-122.293103,37.857732],[-122.293089,37.85769],[-122.29315,37.857678],[-122.293164,37.857719],[-122.293103,37.857732]]]},"properties":{"id":"w1108604822","b":"yes","lv":null,"n":null}},
{"type":"Feature","geometry":{"type":"Polygon","coordinates":[[[-122.28828,37.856526],[-122.288194,37.856262],[-122.288476,37.856205],[-122.288497,37.856267],[-122.288464,37.856274],[-122.288484,37.856335],[-122.288503,37.856331],[-122.288525,37.856398],[-122.288509,37.856402],[-122.288533,37.856474],[-122.28828,37.856526]]]},"properties":{"id":"w1108604824","b":"apartments","lv":"4","n":null}},
{"type":"Feature","geometry":{"type":"Polygon","coordinates":[[[-122.288997,37.85724],[-122.288959,37.857123],[-122.288842,37.857146],[-122.28888,37.857264],[-122.288997,37.85724]]]},"properties":{"id":"w1108604826","b":"yes","lv":null,"n":null}},
{"type":"Feature","geometry":{"type":"Polygon","coordinates":[[[-122.28925,37.860676],[-122.288884,37.860716],[-122.288819,37.860404],[-122.289153,37.860357],[-122.28925,37.860676]]]},"properties":{"id":"w1111832300","b":"mixed_use","lv":"6","n":"The Grinnell"}},
{"type":"Feature","geometry":{"type":"Polygon","coordinates":[[[-122.303569,37.86944],[-122.303116,37.869531],[-122.303041,37.869297],[-122.303494,37.869206],[-122.303569,37.86944]]]},"properties":{"id":"w1115003126","b":"warehouse","lv":null,"n":null}},
{"type":"Feature","geometry":{"type":"Polygon","coordinates":[[[-122.303041,37.869297],[-122.302973,37.869087],[-122.303426,37.868996],[-122.303494,37.869206],[-122.303041,37.869297]]]},"properties":{"id":"w1115003127","b":"warehouse","lv":null,"n":null}},
{"type":"Feature","geometry":{"type":"Polygon","coordinates":[[[-122.299364,37.868619],[-122.29924,37.868645],[-122.299329,37.868921],[-122.299338,37.868919],[-122.299345,37.868941],[-122.299367,37.868957],[-122.29939,37.868964],[-122.299411,37.868964],[-122.299472,37.868951],[-122.299458,37.868907],[-122.299395,37.868714],[-122.299364,37.868619]]]},"properties":{"id":"w1115003131","b":"yes","lv":null,"n":null}},
{"type":"Feature","geometry":{"type":"Polygon","coordinates":[[[-122.299864,37.87422],[-122.299881,37.874285],[-122.300033,37.874259],[-122.300015,37.874191],[-122.299864,37.87422]]]},"properties":{"id":"w1115003136","b":"yes","lv":null,"n":null}},
{"type":"Feature","geometry":{"type":"Polygon","coordinates":[[[-122.280746,37.862372],[-122.280687,37.862375],[-122.280688,37.862385],[-122.280629,37.862389],[-122.280643,37.862538],[-122.280761,37.862531],[-122.280756,37.862481],[-122.280741,37.862482],[-122.280735,37.862426],[-122.280751,37.862425],[-122.280746,37.862372]]]},"properties":{"id":"w1116721201","b":"yes","lv":"1","n":null}},
{"type":"Feature","geometry":{"type":"Polygon","coordinates":[[[-122.291636,37.86614],[-122.29162,37.866093],[-122.291407,37.866136],[-122.291422,37.866183],[-122.291636,37.86614]]]},"properties":{"id":"w1119450449","b":"yes","lv":null,"n":null}},
{"type":"Feature","geometry":{"type":"Polygon","coordinates":[[[-122.304425,37.870586],[-122.304443,37.870642],[-122.304432,37.87065],[-122.304398,37.870657],[-122.304378,37.870596],[-122.304425,37.870586]]]},"properties":{"id":"w1137985075","b":"yes","lv":null,"n":null}},
{"type":"Feature","geometry":{"type":"Polygon","coordinates":[[[-122.30432,37.870489],[-122.304389,37.870475],[-122.304398,37.870503],[-122.304329,37.870517],[-122.30432,37.870489]]]},"properties":{"id":"w1137985076","b":"yes","lv":null,"n":null}},
{"type":"Feature","geometry":{"type":"Polygon","coordinates":[[[-122.30435,37.870435],[-122.304362,37.870471],[-122.304317,37.87048],[-122.304306,37.870444],[-122.30435,37.870435]]]},"properties":{"id":"w1137985077","b":"yes","lv":null,"n":null}},
{"type":"Feature","geometry":{"type":"Polygon","coordinates":[[[-122.301016,37.864199],[-122.300981,37.86409],[-122.301082,37.86407],[-122.300983,37.863761],[-122.300836,37.86379],[-122.300789,37.863644],[-122.300856,37.863631],[-122.300734,37.863251],[-122.300635,37.863271],[-122.300498,37.862842],[-122.29998,37.862946],[-122.299877,37.862967],[-122.299981,37.863292],[-122.300205,37.86399],[-122.300312,37.864322],[-122.300625,37.864259],[-122.30063,37.864276],[-122.301016,37.864199]]]},"properties":{"id":"w1167607466","b":"commercial","lv":"3","n":"Bancroft Building"}},
{"type":"Feature","geometry":{"type":"Polygon","coordinates":[[[-122.301654,37.865707],[-122.301522,37.865305],[-122.301695,37.865269],[-122.301598,37.864972],[-122.301321,37.865029],[-122.301246,37.864802],[-122.301461,37.864758],[-122.301362,37.864454],[-122.30126,37.864475],[-122.301239,37.864411],[-122.301102,37.864439],[-122.301057,37.864301],[-122.300341,37.864447],[-122.30044,37.864751],[-122.300715,37.865591],[-122.300805,37.865864],[-122.300908,37.865843],[-122.301347,37.865753],[-122.301352,37.865769],[-122.301654,37.865707]]]},"properties":{"id":"w1167607467","b":"commercial","lv":"3","n":"Addison Building"}},
{"type":"Feature","geometry":{"type":"Polygon","coordinates":[[[-122.30298,37.876815],[-122.303198,37.876772],[-122.30328,37.877031],[-122.303062,37.877074],[-122.30298,37.876815]]]},"properties":{"id":"w1223266033","b":"yes","lv":null,"n":"Trumer Brewery"}},
{"type":"Feature","geometry":{"type":"Polygon","coordinates":[[[-122.295033,37.863992],[-122.294988,37.864001],[-122.294962,37.863918],[-122.295007,37.863909],[-122.295033,37.863992]]]},"properties":{"id":"w1251939819","b":"yes","lv":"1","n":null}},
{"type":"Feature","geometry":{"type":"Polygon","coordinates":[[[-122.294564,37.866062],[-122.294571,37.866086],[-122.294529,37.866094],[-122.294522,37.86607],[-122.294564,37.866062]]]},"properties":{"id":"w1251939826","b":"yes","lv":null,"n":null}},
{"type":"Feature","geometry":{"type":"Polygon","coordinates":[[[-122.293082,37.863638],[-122.293093,37.863672],[-122.292978,37.863694],[-122.292968,37.86366],[-122.293082,37.863638]]]},"properties":{"id":"w1251939835","b":"yes","lv":"1","n":null}},
{"type":"Feature","geometry":{"type":"Polygon","coordinates":[[[-122.297793,37.866781],[-122.297753,37.866788],[-122.297734,37.86672],[-122.297774,37.866713],[-122.297793,37.866781]]]},"properties":{"id":"w1252041387","b":"yes","lv":null,"n":null}},
{"type":"Feature","geometry":{"type":"Polygon","coordinates":[[[-122.296898,37.868002],[-122.296863,37.868009],[-122.296816,37.867862],[-122.29689,37.867847],[-122.2969,37.867879],[-122.296861,37.867887],[-122.296898,37.868002]]]},"properties":{"id":"w1252041391","b":"yes","lv":null,"n":null}},
{"type":"Feature","geometry":{"type":"Polygon","coordinates":[[[-122.297437,37.867615],[-122.297523,37.867885],[-122.297013,37.867988],[-122.296932,37.86772],[-122.297437,37.867615]]]},"properties":{"id":"w1252041393","b":"no","lv":null,"n":"Berkeley Public Health Clinic"}},
{"type":"Feature","geometry":{"type":"Polygon","coordinates":[[[-122.296541,37.867406],[-122.296509,37.867413],[-122.2965,37.867385],[-122.296571,37.867371],[-122.296583,37.867408],[-122.296544,37.867416],[-122.296541,37.867406]]]},"properties":{"id":"w1252041396","b":"yes","lv":null,"n":null}},
{"type":"Feature","geometry":{"type":"Polygon","coordinates":[[[-122.296463,37.867287],[-122.29649,37.867282],[-122.2965,37.867315],[-122.296474,37.86732],[-122.296463,37.867287]]]},"properties":{"id":"w1252041397","b":"yes","lv":null,"n":null}},
{"type":"Feature","geometry":{"type":"Polygon","coordinates":[[[-122.29652,37.867348],[-122.296528,37.867372],[-122.296488,37.867379],[-122.296481,37.867356],[-122.29652,37.867348]]]},"properties":{"id":"w1252041398","b":"yes","lv":null,"n":null}},
{"type":"Feature","geometry":{"type":"Polygon","coordinates":[[[-122.296648,37.867323],[-122.296655,37.867346],[-122.296572,37.867362],[-122.296565,37.867339],[-122.296648,37.867323]]]},"properties":{"id":"w1252041399","b":"yes","lv":null,"n":null}},
{"type":"Feature","geometry":{"type":"Polygon","coordinates":[[[-122.301615,37.866492],[-122.301596,37.866433],[-122.301794,37.866393],[-122.301814,37.866453],[-122.301615,37.866492]]]},"properties":{"id":"w1256539403","b":"industrial","lv":null,"n":null}},
{"type":"Feature","geometry":{"type":"Polygon","coordinates":[[[-122.298637,37.864036],[-122.297797,37.864204],[-122.297723,37.863972],[-122.297691,37.863873],[-122.297841,37.863843],[-122.298109,37.86379],[-122.298121,37.863828],[-122.298543,37.863745],[-122.298637,37.864036]]]},"properties":{"id":"w1256841237","b":"commercial","lv":null,"n":"The Lab - Building 1"}},
{"type":"Feature","geometry":{"type":"Polygon","coordinates":[[[-122.290283,37.86083],[-122.290166,37.860853],[-122.290126,37.860728],[-122.290199,37.860713],[-122.290203,37.860726],[-122.290247,37.860717],[-122.290283,37.86083]]]},"properties":{"id":"w1257112640","b":"yes","lv":null,"n":null}},
{"type":"Feature","geometry":{"type":"Polygon","coordinates":[[[-122.313582,37.864067],[-122.313559,37.863993],[-122.313522,37.864],[-122.313545,37.864074],[-122.313582,37.864067]]]},"properties":{"id":"w1319729583","b":"shed","lv":null,"n":null}},
{"type":"Feature","geometry":{"type":"Polygon","coordinates":[[[-122.301152,37.875926],[-122.301139,37.875887],[-122.301282,37.875859],[-122.301295,37.875897],[-122.301152,37.875926]]]},"properties":{"id":"w1375487693","b":"yes","lv":null,"n":null}},
{"type":"Feature","geometry":{"type":"Polygon","coordinates":[[[-122.283876,37.868841],[-122.283869,37.868787],[-122.28397,37.868779],[-122.283976,37.868824],[-122.283921,37.868828],[-122.283922,37.868837],[-122.283876,37.868841]]]},"properties":{"id":"w1385483413","b":"residential","lv":null,"n":null}},
{"type":"Feature","geometry":{"type":"Polygon","coordinates":[[[-122.300698,37.877839],[-122.300561,37.877866],[-122.300529,37.877764],[-122.300666,37.877737],[-122.300698,37.877839]]]},"properties":{"id":"w1386908085","b":"house","lv":"1","n":null}},
{"type":"Feature","geometry":{"type":"Polygon","coordinates":[[[-122.295993,37.881579],[-122.295725,37.881631],[-122.295673,37.881469],[-122.295942,37.881416],[-122.295993,37.881579]]]},"properties":{"id":"w1388093407","b":"industrial","lv":"1","n":null}},
{"type":"Feature","geometry":{"type":"Polygon","coordinates":[[[-122.293636,37.863065],[-122.293605,37.862972],[-122.293465,37.863],[-122.293496,37.863094],[-122.293636,37.863065]]]},"properties":{"id":"w1395332016","b":"yes","lv":null,"n":null}},
{"type":"Feature","geometry":{"type":"Polygon","coordinates":[[[-122.29806,37.864462],[-122.297895,37.864495],[-122.297803,37.864209],[-122.298615,37.864047],[-122.298641,37.864041],[-122.298748,37.864374],[-122.298075,37.864509],[-122.29806,37.864462]]]},"properties":{"id":"w1413398357","b":"yes","lv":null,"n":"The Lab Parking Structure"}},
{"type":"Feature","geometry":{"type":"Polygon","coordinates":[[[-122.303106,37.880663],[-122.303067,37.880542],[-122.303447,37.880465],[-122.303486,37.880586],[-122.303106,37.880663]]]},"properties":{"id":"w1425747014","b":"warehouse","lv":null,"n":null}},
{"type":"Feature","geometry":{"type":"Polygon","coordinates":[[[-122.287453,37.868403],[-122.287445,37.868368],[-122.287373,37.868377],[-122.28738,37.868412],[-122.287453,37.868403]]]},"properties":{"id":"w1451430028","b":"yes","lv":null,"n":null}},
{"type":"Feature","geometry":{"type":"Polygon","coordinates":[[[-122.287858,37.867195],[-122.287864,37.867171],[-122.287828,37.867165],[-122.287822,37.867189],[-122.287858,37.867195]]]},"properties":{"id":"w1451430037","b":"yes","lv":null,"n":null}},
{"type":"Feature","geometry":{"type":"Polygon","coordinates":[[[-122.28659,37.863733],[-122.286577,37.863661],[-122.286514,37.863668],[-122.286527,37.86374],[-122.28659,37.863733]]]},"properties":{"id":"w1451430050","b":"yes","lv":null,"n":null}},
{"type":"Feature","geometry":{"type":"Polygon","coordinates":[[[-122.286525,37.863802],[-122.286577,37.863795],[-122.286571,37.863772],[-122.28652,37.863779],[-122.286525,37.863802]]]},"properties":{"id":"w1451430051","b":"yes","lv":null,"n":null}},
{"type":"Feature","geometry":{"type":"Polygon","coordinates":[[[-122.287404,37.864763],[-122.287399,37.864733],[-122.287339,37.86474],[-122.287344,37.86477],[-122.287404,37.864763]]]},"properties":{"id":"w1451430052","b":"yes","lv":null,"n":null}},
{"type":"Feature","geometry":{"type":"Polygon","coordinates":[[[-122.288721,37.855963],[-122.28869,37.855872],[-122.28875,37.855859],[-122.288782,37.85595],[-122.288721,37.855963]]]},"properties":{"id":"w1524191231","b":"house","lv":null,"n":null}},
{"type":"Feature","geometry":{"type":"Polygon","coordinates":[[[-122.288782,37.85595],[-122.28875,37.855859],[-122.288812,37.855846],[-122.288843,37.855937],[-122.288782,37.85595]]]},"properties":{"id":"w1524191232","b":"house","lv":null,"n":null}},
{"type":"Feature","geometry":{"type":"Polygon","coordinates":[[[-122.28869,37.855923],[-122.288678,37.855883],[-122.288616,37.855895],[-122.288628,37.855934],[-122.28869,37.855923]]]},"properties":{"id":"w1524191233","b":"yes","lv":null,"n":null}},
{"type":"Feature","geometry":{"type":"Polygon","coordinates":[[[-122.289143,37.85627],[-122.289165,37.856343],[-122.289093,37.856356],[-122.289071,37.856284],[-122.289143,37.85627]]]},"properties":{"id":"w1524191236","b":"yes","lv":null,"n":null}},
{"type":"Feature","geometry":{"type":"Polygon","coordinates":[[[-122.289071,37.856284],[-122.288984,37.856301],[-122.289007,37.856373],[-122.289093,37.856356],[-122.289071,37.856284]]]},"properties":{"id":"w1524191237","b":"yes","lv":null,"n":null}},
{"type":"Feature","geometry":{"type":"Polygon","coordinates":[[[-122.29113,37.881888],[-122.291116,37.881833],[-122.290955,37.881857],[-122.290958,37.881889],[-122.291096,37.881864],[-122.291107,37.881888],[-122.29113,37.881888]]]},"properties":{"id":"w1552393784","b":"yes","lv":null,"n":null}},
{"type":"Feature","geometry":{"type":"Polygon","coordinates":[[[-122.29189,37.881448],[-122.291866,37.881385],[-122.291693,37.881418],[-122.291716,37.881464],[-122.291704,37.881469],[-122.29171,37.881485],[-122.29189,37.881448]]]},"properties":{"id":"w1552393788","b":"yes","lv":null,"n":null}},
{"type":"Feature","geometry":{"type":"Polygon","coordinates":[[[-122.292592,37.881321],[-122.292605,37.881366],[-122.292726,37.881339],[-122.292715,37.881282],[-122.292698,37.881288],[-122.292691,37.881259],[-122.292641,37.881273],[-122.292635,37.881259],[-122.292553,37.881273],[-122.292567,37.881326],[-122.292592,37.881321]]]},"properties":{"id":"w1552393790","b":"yes","lv":null,"n":null}},
{"type":"Feature","geometry":{"type":"Polygon","coordinates":[[[-122.292591,37.881441],[-122.292612,37.881511],[-122.292834,37.881466],[-122.292806,37.88138],[-122.292742,37.881392],[-122.292748,37.881411],[-122.292591,37.881441]]]},"properties":{"id":"w1552393792","b":"yes","lv":null,"n":null}},
{"type":"Feature","geometry":{"type":"Polygon","coordinates":[[[-122.292258,37.880421],[-122.292278,37.880483],[-122.292364,37.88047],[-122.292441,37.880455],[-122.292427,37.880411],[-122.292417,37.880413],[-122.292413,37.88039],[-122.292258,37.880421]]]},"properties":{"id":"w1552393793","b":"yes","lv":null,"n":null}},
{"type":"Feature","geometry":{"type":"Polygon","coordinates":[[[-122.291743,37.879844],[-122.291727,37.879877],[-122.29167,37.879863],[-122.291684,37.879829],[-122.291743,37.879844]]]},"properties":{"id":"w1552393796","b":"yes","lv":null,"n":null}}
]}
