{"type":"FeatureCollection","features":[
{"type":"Feature","geometry":{"type":"Point","coordinates":[-122.299836,37.867431]},"properties":{"id":"n52987338","k":"signal","t":{"highway":"stop"}}},
{"type":"Feature","geometry":{"type":"Point","coordinates":[-122.30481,37.86641]},"properties":{"id":"n52995511","k":"crossing","t":{"crossing":"unmarked","wheelchair":"no","highway":"crossing"}}},
{"type":"Feature","geometry":{"type":"Point","coordinates":[-122.294185,37.875208]},"properties":{"id":"n53019122","k":"signal","t":{"highway":"traffic_signals"}}},
{"type":"Feature","geometry":{"type":"Point","coordinates":[-122.288779,37.878035]},"properties":{"id":"n53019140","k":"signal","t":{"highway":"stop"}}},
{"type":"Feature","geometry":{"type":"Point","coordinates":[-122.284785,37.880182]},"properties":{"id":"n53019152","k":"signal","t":{"highway":"stop"}}},
{"type":"Feature","geometry":{"type":"Point","coordinates":[-122.283268,37.880995]},"properties":{"id":"n53019155","k":"signal","t":{"highway":"traffic_signals"}}},
{"type":"Feature","geometry":{"type":"Point","coordinates":[-122.281958,37.881675]},"properties":{"id":"n53019159","k":"signal","t":{"highway":"stop"}}},
{"type":"Feature","geometry":{"type":"Point","coordinates":[-122.297292,37.859547]},"properties":{"id":"n53020919","k":"signal","t":{"highway":"stop"}}},
{"type":"Feature","geometry":{"type":"Point","coordinates":[-122.295113,37.859986]},"properties":{"id":"n53020921","k":"signal","t":{"highway":"stop"}}},
{"type":"Feature","geometry":{"type":"Point","coordinates":[-122.294068,37.860196]},"properties":{"id":"n53020923","k":"signal","t":{"highway":"traffic_signals"}}},
{"type":"Feature","geometry":{"type":"Point","coordinates":[-122.291851,37.86064]},"properties":{"id":"n53020929","k":"signal","t":{"highway":"stop"}}},
{"type":"Feature","geometry":{"type":"Point","coordinates":[-122.289638,37.861089]},"properties":{"id":"n53020933","k":"signal","t":{"highway":"traffic_signals"}}},
{"type":"Feature","geometry":{"type":"Point","coordinates":[-122.281199,37.862187]},"properties":{"id":"n53020955","k":"signal","t":{"highway":"traffic_signals"}}},
{"type":"Feature","geometry":{"type":"Point","coordinates":[-122.291686,37.879433]},"properties":{"id":"n53021954","k":"signal","t":{"highway":"stop"}}},
{"type":"Feature","geometry":{"type":"Point","coordinates":[-122.297529,37.878288]},"properties":{"id":"n53027128","k":"signal","t":{"highway":"stop"}}},
{"type":"Feature","geometry":{"type":"Point","coordinates":[-122.296422,37.878508]},"properties":{"id":"n53027129","k":"signal","t":{"highway":"stop"}}},
{"type":"Feature","geometry":{"type":"Point","coordinates":[-122.285767,37.872615]},"properties":{"id":"n53027401","k":"signal","t":{"highway":"stop"}}},
{"type":"Feature","geometry":{"type":"Point","coordinates":[-122.290015,37.88144]},"properties":{"id":"n53029024","k":"signal","t":{"highway":"stop"}}},
{"type":"Feature","geometry":{"type":"Point","coordinates":[-122.2906,37.875673]},"properties":{"id":"n53029033","k":"signal","t":{"highway":"stop"}}},
{"type":"Feature","geometry":{"type":"Point","coordinates":[-122.290046,37.873904]},"properties":{"id":"n53029035","k":"signal","t":{"highway":"stop"}}},
{"type":"Feature","geometry":{"type":"Point","coordinates":[-122.289946,37.873013]},"properties":{"id":"n53029036","k":"signal","t":{"highway":"stop"}}},
{"type":"Feature","geometry":{"type":"Point","coordinates":[-122.28984,37.872094]},"properties":{"id":"n53029037","k":"signal","t":{"highway":"stop"}}},
{"type":"Feature","geometry":{"type":"Point","coordinates":[-122.289007,37.86669]},"properties":{"id":"n53029043","k":"signal","t":{"highway":"stop"}}},
{"type":"Feature","geometry":{"type":"Point","coordinates":[-122.288638,37.864901]},"properties":{"id":"n53029046","k":"signal","t":{"highway":"stop"}}},
{"type":"Feature","geometry":{"type":"Point","coordinates":[-122.288267,37.863109]},"properties":{"id":"n53029050","k":"signal","t":{"highway":"stop"}}},
{"type":"Feature","geometry":{"type":"Point","coordinates":[-122.301897,37.881158]},"properties":{"id":"n53029719","k":"signal","t":{"highway":"stop"}}},
{"type":"Feature","geometry":{"type":"Point","coordinates":[-122.301346,37.879375]},"properties":{"id":"n53029721","k":"signal","t":{"highway":"traffic_signals"}}},
{"type":"Feature","geometry":{"type":"Point","coordinates":[-122.299651,37.874106]},"properties":{"id":"n53029727","k":"signal","t":{"highway":"traffic_signals"}}},
{"type":"Feature","geometry":{"type":"Point","coordinates":[-122.299093,37.872337]},"properties":{"id":"n53029728","k":"signal","t":{"highway":"traffic_signals"}}},
{"type":"Feature","geometry":{"type":"Point","coordinates":[-122.298127,37.869321]},"properties":{"id":"n53029730","k":"signal","t":{"highway":"traffic_signals"}}},
{"type":"Feature","geometry":{"type":"Point","coordinates":[-122.297714,37.868038]},"properties":{"id":"n53029731","k":"signal","t":{"highway":"traffic_signals"}}},
{"type":"Feature","geometry":{"type":"Point","coordinates":[-122.29681,37.865273]},"properties":{"id":"n53029736","k":"signal","t":{"highway":"traffic_signals"}}},
{"type":"Feature","geometry":{"type":"Point","coordinates":[-122.29291,37.867593]},"properties":{"id":"n53030281","k":"signal","t":{"highway":"stop"}}},
{"type":"Feature","geometry":{"type":"Point","coordinates":[-122.292447,37.866153]},"properties":{"id":"n53030282","k":"signal","t":{"highway":"stop"}}},
{"type":"Feature","geometry":{"type":"Point","coordinates":[-122.291315,37.862628]},"properties":{"id":"n53030286","k":"signal","t":{"highway":"stop"}}},
{"type":"Feature","geometry":{"type":"Point","coordinates":[-122.290186,37.859102]},"properties":{"id":"n53030290","k":"signal","t":{"highway":"stop"}}},
{"type":"Feature","geometry":{"type":"Point","coordinates":[-122.289755,37.857774]},"properties":{"id":"n53030292","k":"signal","t":{"highway":"stop"}}},
{"type":"Feature","geometry":{"type":"Point","coordinates":[-122.289174,37.855974]},"properties":{"id":"n53030296","k":"signal","t":{"highway":"stop"}}},
{"type":"Feature","geometry":{"type":"Point","coordinates":[-122.294721,37.873219]},"properties":{"id":"n53030349","k":"signal","t":{"highway":"stop"}}},
{"type":"Feature","geometry":{"type":"Point","coordinates":[-122.293757,37.870201]},"properties":{"id":"n53030351","k":"signal","t":{"highway":"stop"}}},
{"type":"Feature","geometry":{"type":"Point","coordinates":[-122.291244,37.85152]},"properties":{"id":"n53039510","k":"signal","t":{"highway":"traffic_signals"}}},
{"type":"Feature","geometry":{"type":"Point","coordinates":[-122.286006,37.850564]},"properties":{"id":"n53042097","k":"signal","t":{"highway":"stop"}}},
{"type":"Feature","geometry":{"type":"Point","coordinates":[-122.283266,37.851119]},"properties":{"id":"n53042100","k":"signal","t":{"highway":"stop"}}},
{"type":"Feature","geometry":{"type":"Point","coordinates":[-122.286618,37.870597]},"properties":{"id":"n53042646","k":"crossing","t":{"crossing":"uncontrolled","highway":"crossing"}}},
{"type":"Feature","geometry":{"type":"Point","coordinates":[-122.2853,37.878971]},"properties":{"id":"n53047320","k":"signal","t":{"highway":"stop"}}},
{"type":"Feature","geometry":{"type":"Point","coordinates":[-122.285219,37.8781]},"properties":{"id":"n53047322","k":"signal","t":{"highway":"stop"}}},
{"type":"Feature","geometry":{"type":"Point","coordinates":[-122.285029,37.876402]},"properties":{"id":"n53047327","k":"signal","t":{"highway":"stop"}}},
{"type":"Feature","geometry":{"type":"Point","coordinates":[-122.284782,37.873605]},"properties":{"id":"n53047333","k":"kerb:flush","t":{"kerb":"flush","tactile_paving":"yes","wheelchair":"yes","barrier":"kerb"}}},
{"type":"Feature","geometry":{"type":"Point","coordinates":[-122.284636,37.872756]},"properties":{"id":"n53047335","k":"signal","t":{"highway":"stop"}}},
{"type":"Feature","geometry":{"type":"Point","coordinates":[-122.284502,37.871597]},"properties":{"id":"n53047336","k":"signal","t":{"highway":"stop"}}},
{"type":"Feature","geometry":{"type":"Point","coordinates":[-122.284286,37.870171]},"properties":{"id":"n53047340","k":"signal","t":{"highway":"traffic_signals"}}},
{"type":"Feature","geometry":{"type":"Point","coordinates":[-122.284123,37.869148]},"properties":{"id":"n53047341","k":"signal","t":{"highway":"stop"}}},
{"type":"Feature","geometry":{"type":"Point","coordinates":[-122.283926,37.86709]},"properties":{"id":"n53047346","k":"signal","t":{"highway":"stop"}}},
{"type":"Feature","geometry":{"type":"Point","coordinates":[-122.28376,37.865534]},"properties":{"id":"n53047347","k":"signal","t":{"highway":"stop"}}},
{"type":"Feature","geometry":{"type":"Point","coordinates":[-122.283316,37.874742]},"properties":{"id":"n53047779","k":"crossing","t":{"crossing":"uncontrolled","highway":"crossing"}}},
{"type":"Feature","geometry":{"type":"Point","coordinates":[-122.282983,37.878918]},"properties":{"id":"n53050596","k":"signal","t":{"highway":"traffic_signals"}}},
{"type":"Feature","geometry":{"type":"Point","coordinates":[-122.282746,37.876687]},"properties":{"id":"n53050599","k":"signal","t":{"highway":"traffic_signals"}}},
{"type":"Feature","geometry":{"type":"Point","coordinates":[-122.282535,37.874848]},"properties":{"id":"n53050603","k":"signal","t":{"highway":"traffic_signals"}}},
{"type":"Feature","geometry":{"type":"Point","coordinates":[-122.282336,37.873046]},"properties":{"id":"n53050606","k":"signal","t":{"highway":"traffic_signals"}}},
{"type":"Feature","geometry":{"type":"Point","coordinates":[-122.282035,37.870458]},"properties":{"id":"n53050611","k":"signal","t":{"highway":"traffic_signals"}}},
{"type":"Feature","geometry":{"type":"Point","coordinates":[-122.28176,37.867375]},"properties":{"id":"n53050613","k":"signal","t":{"highway":"traffic_signals"}}},
{"type":"Feature","geometry":{"type":"Point","coordinates":[-122.280062,37.857812]},"properties":{"id":"n53050627","k":"signal","t":{"highway":"traffic_signals"}}},
{"type":"Feature","geometry":{"type":"Point","coordinates":[-122.302557,37.868424]},"properties":{"id":"n53055157","k":"signal","t":{"highway":"stop"}}},
{"type":"Feature","geometry":{"type":"Point","coordinates":[-122.300309,37.868877]},"properties":{"id":"n53055160","k":"signal","t":{"highway":"stop"}}},
{"type":"Feature","geometry":{"type":"Point","coordinates":[-122.295963,37.869758]},"properties":{"id":"n53055166","k":"signal","t":{"highway":"stop"}}},
{"type":"Feature","geometry":{"type":"Point","coordinates":[-122.286715,37.871313]},"properties":{"id":"n53055175","k":"crossing","t":{"crossing":"uncontrolled","highway":"crossing"}}},
{"type":"Feature","geometry":{"type":"Point","coordinates":[-122.291289,37.858882]},"properties":{"id":"n53055496","k":"signal","t":{"highway":"stop"}}},
{"type":"Feature","geometry":{"type":"Point","coordinates":[-122.290849,37.857502]},"properties":{"id":"n53055498","k":"signal","t":{"highway":"stop"}}},
{"type":"Feature","geometry":{"type":"Point","coordinates":[-122.290563,37.856633]},"properties":{"id":"n53055500","k":"signal","t":{"highway":"stop"}}},
{"type":"Feature","geometry":{"type":"Point","coordinates":[-122.29028,37.855752]},"properties":{"id":"n53055501","k":"signal","t":{"highway":"stop"}}},
{"type":"Feature","geometry":{"type":"Point","coordinates":[-122.289681,37.85393]},"properties":{"id":"n53055503","k":"signal","t":{"highway":"stop"}}},
{"type":"Feature","geometry":{"type":"Point","coordinates":[-122.289384,37.851619]},"properties":{"id":"n53055544","k":"signal","t":{"highway":"traffic_signals"}}},
{"type":"Feature","geometry":{"type":"Point","coordinates":[-122.298083,37.880033]},"properties":{"id":"n53055556","k":"signal","t":{"highway":"traffic_signals"}}},
{"type":"Feature","geometry":{"type":"Point","coordinates":[-122.294443,37.868705]},"properties":{"id":"n53055566","k":"signal","t":{"highway":"traffic_signals"}}},
{"type":"Feature","geometry":{"type":"Point","coordinates":[-122.29788,37.875708]},"properties":{"id":"n53060270","k":"signal","t":{"highway":"stop"}}},
{"type":"Feature","geometry":{"type":"Point","coordinates":[-122.287235,37.863239]},"properties":{"id":"n53063524","k":"signal","t":{"highway":"stop"}}},
{"type":"Feature","geometry":{"type":"Point","coordinates":[-122.286211,37.863375]},"properties":{"id":"n53063527","k":"signal","t":{"highway":"stop"}}},
{"type":"Feature","geometry":{"type":"Point","coordinates":[-122.298777,37.861118]},"properties":{"id":"n53063564","k":"bollard","t":{"barrier":"bollard"}}},
{"type":"Feature","geometry":{"type":"Point","coordinates":[-122.294636,37.861957]},"properties":{"id":"n53063570","k":"signal","t":{"highway":"stop"}}},
{"type":"Feature","geometry":{"type":"Point","coordinates":[-122.293529,37.862182]},"properties":{"id":"n53063572","k":"signal","t":{"highway":"stop"}}},
{"type":"Feature","geometry":{"type":"Point","coordinates":[-122.281275,37.85582]},"properties":{"id":"n53064667","k":"signal","t":{"highway":"stop"}}},
{"type":"Feature","geometry":{"type":"Point","coordinates":[-122.303535,37.878929]},"properties":{"id":"n53064855","k":"signal","t":{"highway":"traffic_signals"}}},
{"type":"Feature","geometry":{"type":"Point","coordinates":[-122.299194,37.879808]},"properties":{"id":"n53064860","k":"signal","t":{"highway":"traffic_signals"}}},
{"type":"Feature","geometry":{"type":"Point","coordinates":[-122.295882,37.880479]},"properties":{"id":"n53064862","k":"signal","t":{"highway":"traffic_signals"}}},
{"type":"Feature","geometry":{"type":"Point","coordinates":[-122.2909,37.881485]},"properties":{"id":"n53064868","k":"signal","t":{"highway":"stop"}}},
{"type":"Feature","geometry":{"type":"Point","coordinates":[-122.280534,37.881201]},"properties":{"id":"n53070452","k":"signal","t":{"highway":"stop"}}},
{"type":"Feature","geometry":{"type":"Point","coordinates":[-122.286962,37.873395]},"properties":{"id":"n53072271","k":"crossing","t":{"crossing":"uncontrolled","highway":"crossing"}}},
{"type":"Feature","geometry":{"type":"Point","coordinates":[-122.303059,37.880926]},"properties":{"id":"n53077782","k":"signal","t":{"highway":"stop"}}},
{"type":"Feature","geometry":{"type":"Point","coordinates":[-122.298423,37.866484]},"properties":{"id":"n53077793","k":"signal","t":{"highway":"stop"}}},
{"type":"Feature","geometry":{"type":"Point","coordinates":[-122.287055,37.874289]},"properties":{"id":"n53079177","k":"crossing","t":{"crossing":"uncontrolled","tactile_paving":"yes","highway":"crossing"}}},
{"type":"Feature","geometry":{"type":"Point","coordinates":[-122.28682,37.872478]},"properties":{"id":"n53079178","k":"crossing","t":{"crossing":"uncontrolled","highway":"crossing"}}},
{"type":"Feature","geometry":{"type":"Point","coordinates":[-122.286571,37.869875]},"properties":{"id":"n53079180","k":"crossing","t":{"crossing":"traffic_signals","tactile_paving":"yes","highway":"crossing"}}},
{"type":"Feature","geometry":{"type":"Point","coordinates":[-122.285374,37.865325]},"properties":{"id":"n53079257","k":"signal","t":{"highway":"stop"}}},
{"type":"Feature","geometry":{"type":"Point","coordinates":[-122.287187,37.853519]},"properties":{"id":"n53082545","k":"crossing","t":{"crossing":"uncontrolled","highway":"crossing"}}},
{"type":"Feature","geometry":{"type":"Point","coordinates":[-122.285439,37.853895]},"properties":{"id":"n53082548","k":"signal","t":{"highway":"stop"}}},
{"type":"Feature","geometry":{"type":"Point","coordinates":[-122.285132,37.859887]},"properties":{"id":"n53085602","k":"signal","t":{"highway":"stop"}}},
{"type":"Feature","geometry":{"type":"Point","coordinates":[-122.293507,37.858446]},"properties":{"id":"n53085634","k":"signal","t":{"highway":"traffic_signals"}}},
{"type":"Feature","geometry":{"type":"Point","coordinates":[-122.289066,37.859339]},"properties":{"id":"n53085639","k":"signal","t":{"highway":"traffic_signals"}}},
{"type":"Feature","geometry":{"type":"Point","coordinates":[-122.298045,37.872548]},"properties":{"id":"n53091840","k":"signal","t":{"highway":"stop"}}},
{"type":"Feature","geometry":{"type":"Point","coordinates":[-122.296936,37.872772]},"properties":{"id":"n53091841","k":"signal","t":{"highway":"stop"}}},
{"type":"Feature","geometry":{"type":"Point","coordinates":[-122.291752,37.873684]},"properties":{"id":"n53091848","k":"signal","t":{"highway":"stop"}}},
{"type":"Feature","geometry":{"type":"Point","coordinates":[-122.288564,37.874094]},"properties":{"id":"n53091851","k":"signal","t":{"highway":"stop"}}},
{"type":"Feature","geometry":{"type":"Point","coordinates":[-122.297477,37.870785]},"properties":{"id":"n53093329","k":"signal","t":{"highway":"stop"}}},
{"type":"Feature","geometry":{"type":"Point","coordinates":[-122.29637,37.871009]},"properties":{"id":"n53093332","k":"bollard","t":{"access":"yes","barrier":"bollard"}}},
{"type":"Feature","geometry":{"type":"Point","coordinates":[-122.293045,37.871676]},"properties":{"id":"n53093336","k":"signal","t":{"highway":"traffic_signals"}}},
{"type":"Feature","geometry":{"type":"Point","coordinates":[-122.288361,37.872285]},"properties":{"id":"n53093337","k":"signal","t":{"highway":"stop"}}},
{"type":"Feature","geometry":{"type":"Point","coordinates":[-122.292493,37.855303]},"properties":{"id":"n53093979","k":"signal","t":{"highway":"traffic_signals"}}},
{"type":"Feature","geometry":{"type":"Point","coordinates":[-122.29139,37.855528]},"properties":{"id":"n53093980","k":"signal","t":{"highway":"stop"}}},
{"type":"Feature","geometry":{"type":"Point","coordinates":[-122.288058,37.856202]},"properties":{"id":"n53093983","k":"signal","t":{"highway":"traffic_signals"}}},
{"type":"Feature","geometry":{"type":"Point","coordinates":[-122.287519,37.869756]},"properties":{"id":"n53093985","k":"signal","t":{"highway":"traffic_signals"}}},
{"type":"Feature","geometry":{"type":"Point","coordinates":[-122.287323,37.868738]},"properties":{"id":"n53093987","k":"signal","t":{"highway":"stop"}}},
{"type":"Feature","geometry":{"type":"Point","coordinates":[-122.286957,37.866956]},"properties":{"id":"n53093988","k":"signal","t":{"highway":"stop"}}},
{"type":"Feature","geometry":{"type":"Point","coordinates":[-122.289009,37.85123]},"properties":{"id":"n53097107","k":"crossing","t":{"crossing":"uncontrolled","highway":"crossing"}}},
{"type":"Feature","geometry":{"type":"Point","coordinates":[-122.299768,37.881588]},"properties":{"id":"n53098211","k":"signal","t":{"highway":"stop"}}},
{"type":"Feature","geometry":{"type":"Point","coordinates":[-122.298257,37.876879]},"properties":{"id":"n53098213","k":"signal","t":{"highway":"stop"}}},
{"type":"Feature","geometry":{"type":"Point","coordinates":[-122.295128,37.867149]},"properties":{"id":"n53098222","k":"signal","t":{"highway":"stop"}}},
{"type":"Feature","geometry":{"type":"Point","coordinates":[-122.294094,37.863943]},"properties":{"id":"n53098225","k":"signal","t":{"highway":"stop"}}},
{"type":"Feature","geometry":{"type":"Point","coordinates":[-122.288908,37.850439]},"properties":{"id":"n53104535","k":"crossing","t":{"crossing":"uncontrolled","tactile_paving":"yes","highway":"crossing"}}},
{"type":"Feature","geometry":{"type":"Point","coordinates":[-122.302592,37.876001]},"properties":{"id":"n53107627","k":"signal","t":{"highway":"stop"}}},
{"type":"Feature","geometry":{"type":"Point","coordinates":[-122.29191,37.853482]},"properties":{"id":"n53108745","k":"signal","t":{"highway":"traffic_signals"}}},
{"type":"Feature","geometry":{"type":"Point","coordinates":[-122.287465,37.854381]},"properties":{"id":"n53108749","k":"signal","t":{"highway":"traffic_signals"}}},
{"type":"Feature","geometry":{"type":"Point","coordinates":[-122.283116,37.85037]},"properties":{"id":"n53109976","k":"crossing","t":{"crossing":"uncontrolled","highway":"crossing"}}},
{"type":"Feature","geometry":{"type":"Point","coordinates":[-122.283034,37.85038]},"properties":{"id":"n53109978","k":"signal","t":{"highway":"stop"}}},
{"type":"Feature","geometry":{"type":"Point","coordinates":[-122.306353,37.880252]},"properties":{"id":"n53112051","k":"signal","t":{"highway":"stop"}}},
{"type":"Feature","geometry":{"type":"Point","coordinates":[-122.301842,37.873662]},"properties":{"id":"n53114428","k":"signal","t":{"highway":"stop"}}},
{"type":"Feature","geometry":{"type":"Point","coordinates":[-122.299464,37.866272]},"properties":{"id":"n53114435","k":"signal","t":{"highway":"stop"}}},
{"type":"Feature","geometry":{"type":"Point","coordinates":[-122.298436,37.863069]},"properties":{"id":"n53114439","k":"signal","t":{"highway":"stop"}}},
{"type":"Feature","geometry":{"type":"Point","coordinates":[-122.292221,37.869139]},"properties":{"id":"n53116953","k":"signal","t":{"highway":"traffic_signals"}}},
{"type":"Feature","geometry":{"type":"Point","coordinates":[-122.291098,37.851016]},"properties":{"id":"n53117367","k":"signal","t":{"highway":"traffic_signals"}}},
{"type":"Feature","geometry":{"type":"Point","coordinates":[-122.286743,37.852133]},"properties":{"id":"n53117370","k":"signal","t":{"highway":"traffic_signals"}}},
{"type":"Feature","geometry":{"type":"Point","coordinates":[-122.283719,37.852745]},"properties":{"id":"n53117372","k":"signal","t":{"highway":"traffic_signals"}}},
{"type":"Feature","geometry":{"type":"Point","coordinates":[-122.283498,37.851942]},"properties":{"id":"n53119692","k":"signal","t":{"highway":"stop"}}},
{"type":"Feature","geometry":{"type":"Point","coordinates":[-122.296234,37.866925]},"properties":{"id":"n53121264","k":"signal","t":{"highway":"stop"}}},
{"type":"Feature","geometry":{"type":"Point","coordinates":[-122.291802,37.867813]},"properties":{"id":"n53121268","k":"signal","t":{"highway":"traffic_signals"}}},
{"type":"Feature","geometry":{"type":"Point","coordinates":[-122.287612,37.865035]},"properties":{"id":"n53124029","k":"signal","t":{"highway":"stop"}}},
{"type":"Feature","geometry":{"type":"Point","coordinates":[-122.307252,37.880068]},"properties":{"id":"n53125299","k":"signal","t":{"highway":"stop"}}},
{"type":"Feature","geometry":{"type":"Point","coordinates":[-122.290769,37.864613]},"properties":{"id":"n53130824","k":"signal","t":{"highway":"traffic_signals"}}},
{"type":"Feature","geometry":{"type":"Point","coordinates":[-122.291332,37.866372]},"properties":{"id":"n53130826","k":"signal","t":{"highway":"traffic_signals"}}},
{"type":"Feature","geometry":{"type":"Point","coordinates":[-122.286204,37.877039]},"properties":{"id":"n53140596","k":"signal","t":{"highway":"stop"}}},
{"type":"Feature","geometry":{"type":"Point","coordinates":[-122.284459,37.854156]},"properties":{"id":"n57121275","k":"signal","t":{"highway":"stop"}}},
{"type":"Feature","geometry":{"type":"Point","coordinates":[-122.28604,37.875225]},"properties":{"id":"n57121410","k":"crossing","t":{"crossing":"uncontrolled","highway":"crossing"}}},
{"type":"Feature","geometry":{"type":"Point","coordinates":[-122.287329,37.876148]},"properties":{"id":"n57121453","k":"crossing","t":{"crossing":"uncontrolled","highway":"crossing"}}},
{"type":"Feature","geometry":{"type":"Point","coordinates":[-122.288781,37.875908]},"properties":{"id":"n57121461","k":"signal","t":{"highway":"stop"}}},
{"type":"Feature","geometry":{"type":"Point","coordinates":[-122.286169,37.857029]},"properties":{"id":"n74004385","k":"signal","t":{"highway":"stop"}}},
{"type":"Feature","geometry":{"type":"Point","coordinates":[-122.286414,37.857201]},"properties":{"id":"n74004397","k":"signal","t":{"highway":"stop"}}},
{"type":"Feature","geometry":{"type":"Point","coordinates":[-122.29955,37.862841]},"properties":{"id":"n74317215","k":"level_crossing","t":{"railway":"level_crossing"}}},
{"type":"Feature","geometry":{"type":"Point","coordinates":[-122.300582,37.866048]},"properties":{"id":"n74317237","k":"level_crossing","t":{"railway":"level_crossing"}}},
{"type":"Feature","geometry":{"type":"Point","coordinates":[-122.301418,37.868651]},"properties":{"id":"n74317246","k":"level_crossing","t":{"railway":"level_crossing"}}},
{"type":"Feature","geometry":{"type":"Point","coordinates":[-122.304655,37.878719]},"properties":{"id":"n86320150","k":"level_crossing","t":{"railway":"level_crossing","operator":"Union Pacific"}}},
{"type":"Feature","geometry":{"type":"Point","coordinates":[-122.302956,37.87343]},"properties":{"id":"n86333099","k":"level_crossing","t":{"railway":"level_crossing"}}},
{"type":"Feature","geometry":{"type":"Point","coordinates":[-122.30239,37.871671]},"properties":{"id":"n86333109","k":"level_crossing","t":{"railway":"level_crossing"}}},
{"type":"Feature","geometry":{"type":"Point","coordinates":[-122.305576,37.866433]},"properties":{"id":"n86333300","k":"signal","t":{"highway":"stop"}}},
{"type":"Feature","geometry":{"type":"Point","coordinates":[-122.283045,37.855583]},"properties":{"id":"n165537279","k":"signal","t":{"highway":"stop"}}},
{"type":"Feature","geometry":{"type":"Point","coordinates":[-122.291843,37.879541]},"properties":{"id":"n231104269","k":"crossing","t":{"crossing":"uncontrolled","highway":"crossing"}}},
{"type":"Feature","geometry":{"type":"Point","coordinates":[-122.291895,37.879413]},"properties":{"id":"n231104627","k":"crossing","t":{"crossing":"uncontrolled","highway":"crossing"}}},
{"type":"Feature","geometry":{"type":"Point","coordinates":[-122.282591,37.876697]},"properties":{"id":"n240404664","k":"signal","t":{"highway":"traffic_signals"}}},
{"type":"Feature","geometry":{"type":"Point","coordinates":[-122.282183,37.873064]},"properties":{"id":"n240404674","k":"signal","t":{"highway":"traffic_signals"}}},
{"type":"Feature","geometry":{"type":"Point","coordinates":[-122.281894,37.870473]},"properties":{"id":"n240404682","k":"signal","t":{"highway":"traffic_signals"}}},
{"type":"Feature","geometry":{"type":"Point","coordinates":[-122.282383,37.874877]},"properties":{"id":"n240404695","k":"signal","t":{"highway":"traffic_signals"}}},
{"type":"Feature","geometry":{"type":"Point","coordinates":[-122.282994,37.878828]},"properties":{"id":"n240404710","k":"crossing","t":{"crossing":"traffic_signals","highway":"crossing"}}},
{"type":"Feature","geometry":{"type":"Point","coordinates":[-122.282921,37.878854]},"properties":{"id":"n240404717","k":"crossing","t":{"crossing":"traffic_signals","highway":"crossing"}}},
{"type":"Feature","geometry":{"type":"Point","coordinates":[-122.2808,37.878247]},"properties":{"id":"n240404728","k":"crossing","t":{"crossing":"uncontrolled","highway":"crossing"}}},
{"type":"Feature","geometry":{"type":"Point","coordinates":[-122.30553,37.866304]},"properties":{"id":"n240448853","k":"signal","t":{"highway":"stop"}}},
{"type":"Feature","geometry":{"type":"Point","coordinates":[-122.297682,37.867938]},"properties":{"id":"n240448872","k":"signal","t":{"highway":"traffic_signals"}}},
{"type":"Feature","geometry":{"type":"Point","coordinates":[-122.294411,37.868599]},"properties":{"id":"n240448878","k":"signal","t":{"highway":"traffic_signals"}}},
{"type":"Feature","geometry":{"type":"Point","coordinates":[-122.292195,37.869051]},"properties":{"id":"n240448882","k":"signal","t":{"highway":"traffic_signals"}}},
{"type":"Feature","geometry":{"type":"Point","coordinates":[-122.287502,37.869654]},"properties":{"id":"n240448886","k":"signal","t":{"highway":"traffic_signals"}}},
{"type":"Feature","geometry":{"type":"Point","coordinates":[-122.284267,37.870059]},"properties":{"id":"n240448888","k":"signal","t":{"highway":"traffic_signals"}}},
{"type":"Feature","geometry":{"type":"Point","coordinates":[-122.282029,37.870346]},"properties":{"id":"n240448890","k":"signal","t":{"highway":"traffic_signals"}}},
{"type":"Feature","geometry":{"type":"Point","coordinates":[-122.295133,37.871256]},"properties":{"id":"n240448941","k":"signal","t":{"highway":"stop"}}},
{"type":"Feature","geometry":{"type":"Point","coordinates":[-122.295391,37.871207]},"properties":{"id":"n240448947","k":"signal","t":{"highway":"stop"}}},
{"type":"Feature","geometry":{"type":"Point","coordinates":[-122.29406,37.875227]},"properties":{"id":"n240448968","k":"signal","t":{"highway":"traffic_signals"}}},
{"type":"Feature","geometry":{"type":"Point","coordinates":[-122.290795,37.881964]},"properties":{"id":"n240448993","k":"crossing","t":{"crossing":"uncontrolled","kerb":"lowered","tactile_paving":"yes","highway":"crossing"}}},
{"type":"Feature","geometry":{"type":"Point","coordinates":[-122.28159,37.867415]},"properties":{"id":"n240469679","k":"signal","t":{"highway":"traffic_signals"}}},
{"type":"Feature","geometry":{"type":"Point","coordinates":[-122.281044,37.862206]},"properties":{"id":"n240469682","k":"signal","t":{"highway":"traffic_signals"}}},
{"type":"Feature","geometry":{"type":"Point","coordinates":[-122.281882,37.870366]},"properties":{"id":"n240469798","k":"signal","t":{"highway":"traffic_signals"}}},
{"type":"Feature","geometry":{"type":"Point","coordinates":[-122.286959,37.859544]},"properties":{"id":"n243670955","k":"signal","t":{"highway":"stop"}}},
{"type":"Feature","geometry":{"type":"Point","coordinates":[-122.288943,37.859376]},"properties":{"id":"n243670956","k":"signal","t":{"highway":"traffic_signals"}}},
{"type":"Feature","geometry":{"type":"Point","coordinates":[-122.287113,37.859629]},"properties":{"id":"n243670957","k":"signal","t":{"highway":"stop"}}},
{"type":"Feature","geometry":{"type":"Point","coordinates":[-122.286836,37.859663]},"properties":{"id":"n243670958","k":"signal","t":{"highway":"stop"}}},
{"type":"Feature","geometry":{"type":"Point","coordinates":[-122.286998,37.859765]},"properties":{"id":"n243670960","k":"signal","t":{"highway":"stop"}}},
{"type":"Feature","geometry":{"type":"Point","coordinates":[-122.286618,37.852158]},"properties":{"id":"n243673082","k":"signal","t":{"highway":"traffic_signals"}}},
{"type":"Feature","geometry":{"type":"Point","coordinates":[-122.287343,37.854403]},"properties":{"id":"n243673087","k":"signal","t":{"highway":"traffic_signals"}}},
{"type":"Feature","geometry":{"type":"Point","coordinates":[-122.287923,37.85623]},"properties":{"id":"n243673089","k":"signal","t":{"highway":"traffic_signals"}}},
{"type":"Feature","geometry":{"type":"Point","coordinates":[-122.28951,37.861109]},"properties":{"id":"n243673105","k":"signal","t":{"highway":"traffic_signals"}}},
{"type":"Feature","geometry":{"type":"Point","coordinates":[-122.290648,37.864635]},"properties":{"id":"n243673112","k":"signal","t":{"highway":"traffic_signals"}}},
{"type":"Feature","geometry":{"type":"Point","coordinates":[-122.291214,37.866393]},"properties":{"id":"n243673115","k":"signal","t":{"highway":"traffic_signals"}}},
{"type":"Feature","geometry":{"type":"Point","coordinates":[-122.29168,37.867838]},"properties":{"id":"n243673120","k":"signal","t":{"highway":"traffic_signals"}}},
{"type":"Feature","geometry":{"type":"Point","coordinates":[-122.292077,37.869068]},"properties":{"id":"n243673125","k":"signal","t":{"highway":"traffic_signals"}}},
{"type":"Feature","geometry":{"type":"Point","coordinates":[-122.292108,37.869157]},"properties":{"id":"n243673129","k":"signal","t":{"highway":"traffic_signals"}}},
{"type":"Feature","geometry":{"type":"Point","coordinates":[-122.292922,37.871696]},"properties":{"id":"n243673133","k":"signal","t":{"highway":"traffic_signals"}}},
{"type":"Feature","geometry":{"type":"Point","coordinates":[-122.29576,37.880504]},"properties":{"id":"n243673147","k":"signal","t":{"highway":"traffic_signals"}}},
{"type":"Feature","geometry":{"type":"Point","coordinates":[-122.284799,37.874492]},"properties":{"id":"n249237379","k":"crossing","t":{"crossing":"uncontrolled","highway":"crossing"}}},
{"type":"Feature","geometry":{"type":"Point","coordinates":[-122.284905,37.874567]},"properties":{"id":"n249237382","k":"crossing","t":{"crossing":"uncontrolled","highway":"crossing"}}},
{"type":"Feature","geometry":{"type":"Point","coordinates":[-122.284024,37.854132]},"properties":{"id":"n251226483","k":"crossing","t":{"crossing":"uncontrolled","highway":"crossing"}}},
{"type":"Feature","geometry":{"type":"Point","coordinates":[-122.282885,37.854524]},"properties":{"id":"n251226499","k":"crossing","t":{"crossing":"uncontrolled","highway":"crossing"}}},
{"type":"Feature","geometry":{"type":"Point","coordinates":[-122.284796,37.855196]},"properties":{"id":"n251226527","k":"crossing","t":{"crossing":"uncontrolled","tactile_paving":"yes","highway":"crossing"}}},
{"type":"Feature","geometry":{"type":"Point","coordinates":[-122.284829,37.855359]},"properties":{"id":"n251226555","k":"crossing","t":{"crossing":"uncontrolled","tactile_paving":"yes","highway":"crossing"}}},
{"type":"Feature","geometry":{"type":"Point","coordinates":[-122.286557,37.869767]},"properties":{"id":"n258761369","k":"crossing","t":{"crossing":"traffic_signals","tactile_paving":"yes","highway":"crossing"}}},
{"type":"Feature","geometry":{"type":"Point","coordinates":[-122.294184,37.860367]},"properties":{"id":"n260577518","k":"signal","t":{"highway":"stop"}}},
{"type":"Feature","geometry":{"type":"Point","coordinates":[-122.287408,37.878674]},"properties":{"id":"n261735841","k":"signal","t":{"highway":"stop"}}},
{"type":"Feature","geometry":{"type":"Point","coordinates":[-122.285834,37.879691]},"properties":{"id":"n261735842","k":"crossing","t":{"crossing":"uncontrolled","highway":"crossing"}}},
{"type":"Feature","geometry":{"type":"Point","coordinates":[-122.28432,37.880538]},"properties":{"id":"n261735843","k":"signal","t":{"highway":"stop"}}},
{"type":"Feature","geometry":{"type":"Point","coordinates":[-122.283332,37.880851]},"properties":{"id":"n261735846","k":"crossing","t":{"crossing":"traffic_signals","kerb":"lowered","tactile_paving":"no","highway":"crossing"}}},
{"type":"Feature","geometry":{"type":"Point","coordinates":[-122.281519,37.880714]},"properties":{"id":"n261735857","k":"signal","t":{"highway":"stop"}}},
{"type":"Feature","geometry":{"type":"Point","coordinates":[-122.290038,37.877473]},"properties":{"id":"n263187532","k":"signal","t":{"highway":"stop"}}},
{"type":"Feature","geometry":{"type":"Point","coordinates":[-122.290495,37.877226]},"properties":{"id":"n263187534","k":"signal","t":{"highway":"stop"}}},
{"type":"Feature","geometry":{"type":"Point","coordinates":[-122.291156,37.876868]},"properties":{"id":"n263187549","k":"signal","t":{"highway":"stop"}}},
{"type":"Feature","geometry":{"type":"Point","coordinates":[-122.290974,37.876652]},"properties":{"id":"n263187552","k":"signal","t":{"highway":"stop"}}},
{"type":"Feature","geometry":{"type":"Point","coordinates":[-122.290876,37.876524]},"properties":{"id":"n263187554","k":"signal","t":{"highway":"stop"}}},
{"type":"Feature","geometry":{"type":"Point","coordinates":[-122.291004,37.876588]},"properties":{"id":"n263187558","k":"signal","t":{"highway":"stop"}}},
{"type":"Feature","geometry":{"type":"Point","coordinates":[-122.29427,37.875194]},"properties":{"id":"n265507749","k":"crossing","t":{"crossing":"traffic_signals","highway":"crossing"}}},
{"type":"Feature","geometry":{"type":"Point","coordinates":[-122.305922,37.866675]},"properties":{"id":"n306071070","k":"bench","t":{"amenity":"bench"}}},
{"type":"Feature","geometry":{"type":"Point","coordinates":[-122.310694,37.866643]},"properties":{"id":"n306071071","k":"bench","t":{"amenity":"bench"}}},
{"type":"Feature","geometry":{"type":"Point","coordinates":[-122.31204,37.867004]},"properties":{"id":"n306071072","k":"bench","t":{"amenity":"bench"}}},
{"type":"Feature","geometry":{"type":"Point","coordinates":[-122.306426,37.867696]},"properties":{"id":"n306071073","k":"bench","t":{"amenity":"bench"}}},
{"type":"Feature","geometry":{"type":"Point","coordinates":[-122.306342,37.868288]},"properties":{"id":"n306071074","k":"bench","t":{"amenity":"bench"}}},
{"type":"Feature","geometry":{"type":"Point","coordinates":[-122.307217,37.869738]},"properties":{"id":"n306071075","k":"bench","t":{"amenity":"bench"}}},
{"type":"Feature","geometry":{"type":"Point","coordinates":[-122.30706,37.870477]},"properties":{"id":"n306071076","k":"bench","t":{"amenity":"bench"}}},
{"type":"Feature","geometry":{"type":"Point","coordinates":[-122.301258,37.863739]},"properties":{"id":"n306073433","k":"bench","t":{"amenity":"bench"}}},
{"type":"Feature","geometry":{"type":"Point","coordinates":[-122.298533,37.863149]},"properties":{"id":"n306073532","k":"post_box","t":{"amenity":"post_box"}}},
{"type":"Feature","geometry":{"type":"Point","coordinates":[-122.29287,37.86035]},"properties":{"id":"n306073874","k":"post_box","t":{"amenity":"post_box","operator":"United States Postal Service"}}},
{"type":"Feature","geometry":{"type":"Point","coordinates":[-122.287502,37.85422]},"properties":{"id":"n306073875","k":"post_box","t":{"amenity":"post_box"}}},
{"type":"Feature","geometry":{"type":"Point","coordinates":[-122.283102,37.873712]},"properties":{"id":"n308296410","k":"post_box","t":{"amenity":"post_box","operator":"United States Postal Service"}}},
{"type":"Feature","geometry":{"type":"Point","coordinates":[-122.28873,37.878202]},"properties":{"id":"n308301426","k":"post_box","t":{"amenity":"post_box","operator":"United States Postal Service"}}},
{"type":"Feature","geometry":{"type":"Point","coordinates":[-122.289266,37.881319]},"properties":{"id":"n308301449","k":"post_box","t":{"amenity":"post_box","operator":"United States Postal Service"}}},
{"type":"Feature","geometry":{"type":"Point","coordinates":[-122.317429,37.86593]},"properties":{"id":"n310163471","k":"bollard","t":{"barrier":"bollard"}}},
{"type":"Feature","geometry":{"type":"Point","coordinates":[-122.311613,37.864614]},"properties":{"id":"n310163475","k":"crossing","t":{"crossing":"uncontrolled","highway":"crossing"}}},
{"type":"Feature","geometry":{"type":"Point","coordinates":[-122.312916,37.863219]},"properties":{"id":"n310163484","k":"crossing","t":{"highway":"crossing"}}},
{"type":"Feature","geometry":{"type":"Point","coordinates":[-122.309669,37.877365]},"properties":{"id":"n310473250","k":"bicycle_parking","t":{"amenity":"bicycle_parking"}}},
{"type":"Feature","geometry":{"type":"Point","coordinates":[-122.309287,37.877633]},"properties":{"id":"n310473322","k":"crossing","t":{"crossing":"uncontrolled","highway":"crossing"}}},
{"type":"Feature","geometry":{"type":"Point","coordinates":[-122.300024,37.851404]},"properties":{"id":"n312030897","k":"bench","t":{"amenity":"bench"}}},
{"type":"Feature","geometry":{"type":"Point","coordinates":[-122.300049,37.851042]},"properties":{"id":"n312030899","k":"bench","t":{"amenity":"bench"}}},
{"type":"Feature","geometry":{"type":"Point","coordinates":[-122.30056,37.853664]},"properties":{"id":"n312031040","k":"bench","t":{"amenity":"bench"}}},
{"type":"Feature","geometry":{"type":"Point","coordinates":[-122.301231,37.856083]},"properties":{"id":"n312031043","k":"bench","t":{"amenity":"bench"}}},
{"type":"Feature","geometry":{"type":"Point","coordinates":[-122.284739,37.858031]},"properties":{"id":"n312033880","k":"crossing","t":{"crossing":"uncontrolled","highway":"crossing"}}},
{"type":"Feature","geometry":{"type":"Point","coordinates":[-122.284888,37.858108]},"properties":{"id":"n312033882","k":"crossing","t":{"crossing":"uncontrolled","highway":"crossing"}}},
{"type":"Feature","geometry":{"type":"Point","coordinates":[-122.287408,37.878848]},"properties":{"id":"n343616988","k":"signal","t":{"highway":"stop"}}},
{"type":"Feature","geometry":{"type":"Point","coordinates":[-122.288265,37.868615]},"properties":{"id":"n343627776","k":"crossing","t":{"crossing":"uncontrolled","tactile_paving":"yes","highway":"crossing"}}},
{"type":"Feature","geometry":{"type":"Point","coordinates":[-122.288332,37.868538]},"properties":{"id":"n343627777","k":"crossing","t":{"crossing":"uncontrolled","tactile_paving":"yes","highway":"crossing"}}},
{"type":"Feature","geometry":{"type":"Point","coordinates":[-122.289548,37.869591]},"properties":{"id":"n343627778","k":"signal","t":{"highway":"stop"}}},
{"type":"Feature","geometry":{"type":"Point","coordinates":[-122.295292,37.863699]},"properties":{"id":"n343627784","k":"signal","t":{"highway":"stop"}}},
{"type":"Feature","geometry":{"type":"Point","coordinates":[-122.295175,37.863642]},"properties":{"id":"n343627785","k":"signal","t":{"highway":"stop"}}},
{"type":"Feature","geometry":{"type":"Point","coordinates":[-122.295229,37.8638]},"properties":{"id":"n343627786","k":"signal","t":{"highway":"stop"}}},
{"type":"Feature","geometry":{"type":"Point","coordinates":[-122.295091,37.863741]},"properties":{"id":"n343627787","k":"signal","t":{"highway":"stop"}}},
{"type":"Feature","geometry":{"type":"Point","coordinates":[-122.303527,37.868153]},"properties":{"id":"n355791795","k":"signal","t":{"highway":"stop"}}},
{"type":"Feature","geometry":{"type":"Point","coordinates":[-122.303669,37.868149]},"properties":{"id":"n355791847","k":"signal","t":{"highway":"stop"}}},
{"type":"Feature","geometry":{"type":"Point","coordinates":[-122.313984,37.862991]},"properties":{"id":"n361210195","k":"crossing","t":{"highway":"crossing"}}},
{"type":"Feature","geometry":{"type":"Point","coordinates":[-122.282223,37.857631]},"properties":{"id":"n394202564","k":"crossing","t":{"crossing":"unmarked","tactile_paving":"yes","highway":"crossing"}}},
{"type":"Feature","geometry":{"type":"Point","coordinates":[-122.282535,37.857522]},"properties":{"id":"n394203374","k":"crossing","t":{"crossing":"uncontrolled","tactile_paving":"yes","highway":"crossing"}}},
{"type":"Feature","geometry":{"type":"Point","coordinates":[-122.2825,37.857446]},"properties":{"id":"n394203375","k":"signal","t":{"highway":"stop"}}},
{"type":"Feature","geometry":{"type":"Point","coordinates":[-122.290124,37.881563]},"properties":{"id":"n413787770","k":"bollard","t":{"barrier":"bollard"}}},
{"type":"Feature","geometry":{"type":"Point","coordinates":[-122.286621,37.855107]},"properties":{"id":"n430994955","k":"crossing","t":{"crossing":"unmarked","highway":"crossing"}}},
{"type":"Feature","geometry":{"type":"Point","coordinates":[-122.286573,37.854986]},"properties":{"id":"n430994956","k":"crossing","t":{"crossing":"unmarked","highway":"crossing"}}},
{"type":"Feature","geometry":{"type":"Point","coordinates":[-122.303048,37.88086]},"properties":{"id":"n431008850","k":"crossing","t":{"crossing":"uncontrolled","highway":"crossing"}}},
{"type":"Feature","geometry":{"type":"Point","coordinates":[-122.293759,37.875202]},"properties":{"id":"n435049631","k":"bus_stop","t":{"name":"Cedar Street & San Pablo Avenue","tactile_paving":"no","highway":"bus_stop","bus":"yes","shelter":"no","bench":"yes","operator":"Alameda-Contra Costa Transit District","ref":"56144"}}},
{"type":"Feature","geometry":{"type":"Point","coordinates":[-122.293951,37.875108]},"properties":{"id":"n435049633","k":"bus_stop","t":{"name":"San Pablo Avenue & Cedar Street","tactile_paving":"no","highway":"bus_stop","bus":"yes","shelter":"no","bench":"yes","operator":"Alameda-Contra Costa Transit District","ref":"55165"}}},
{"type":"Feature","geometry":{"type":"Point","coordinates":[-122.293903,37.875356]},"properties":{"id":"n435049635","k":"bus_stop","t":{"name":"Cedar Street & San Pablo Avenue","tactile_paving":"no","highway":"bus_stop","bus":"yes","shelter":"no","bench":"no","operator":"Alameda-Contra Costa Transit District","ref":"55327"}}},
{"type":"Feature","geometry":{"type":"Point","coordinates":[-122.281926,37.854555]},"properties":{"id":"n437603793","k":"crossing","t":{"crossing":"uncontrolled","kerb":"lowered","tactile_paving":"yes","highway":"crossing"}}},
{"type":"Feature","geometry":{"type":"Point","coordinates":[-122.299351,37.866209]},"properties":{"id":"n537062576","k":"post_box","t":{"amenity":"post_box"}}},
{"type":"Feature","geometry":{"type":"Point","coordinates":[-122.305586,37.879179]},"properties":{"id":"n560189339","k":"recycling","t":{"name":"City of Berkeley Recycling","amenity":"recycling"}}},
{"type":"Feature","geometry":{"type":"Point","coordinates":[-122.292192,37.868751]},"properties":{"id":"n739456122","k":"bus_stop","t":{"name":"San Pablo Avenue & University Avenue","highway":"bus_stop","bus":"yes","shelter":"yes","bench":"yes","operator":"Alameda-Contra Costa Transit District","ref":"55111"}}},
{"type":"Feature","geometry":{"type":"Point","coordinates":[-122.296716,37.851523]},"properties":{"id":"n779031028","k":"bollard","t":{"barrier":"bollard"}}},
{"type":"Feature","geometry":{"type":"Point","coordinates":[-122.289358,37.868411]},"properties":{"id":"n810369798","k":"crossing","t":{"crossing":"uncontrolled","tactile_paving":"no","highway":"crossing"}}},
{"type":"Feature","geometry":{"type":"Point","coordinates":[-122.283673,37.869678]},"properties":{"id":"n828420943","k":"waste_basket","t":{"amenity":"waste_basket","operator":"Target"}}},
{"type":"Feature","geometry":{"type":"Point","coordinates":[-122.283274,37.873973]},"properties":{"id":"n828422251","k":"telephone","t":{"wheelchair":"yes","amenity":"telephone","operator":"PTS"}}},
{"type":"Feature","geometry":{"type":"Point","coordinates":[-122.304611,37.878728]},"properties":{"id":"n912407769","k":"level_crossing","t":{"railway":"level_crossing","operator":"Union Pacific"}}},
{"type":"Feature","geometry":{"type":"Point","coordinates":[-122.302912,37.873439]},"properties":{"id":"n912407774","k":"level_crossing","t":{"railway":"level_crossing"}}},
{"type":"Feature","geometry":{"type":"Point","coordinates":[-122.301375,37.86866]},"properties":{"id":"n912407777","k":"level_crossing","t":{"railway":"level_crossing"}}},
{"type":"Feature","geometry":{"type":"Point","coordinates":[-122.299506,37.862849]},"properties":{"id":"n912455134","k":"level_crossing","t":{"railway":"level_crossing"}}},
{"type":"Feature","geometry":{"type":"Point","coordinates":[-122.281682,37.881883]},"properties":{"id":"n1070177998","k":"post_box","t":{"amenity":"post_box","ref":"97470700017"}}},
{"type":"Feature","geometry":{"type":"Point","coordinates":[-122.284586,37.873533]},"properties":{"id":"n1647321664","k":"signal","t":{"highway":"stop"}}},
{"type":"Feature","geometry":{"type":"Point","coordinates":[-122.311537,37.864765]},"properties":{"id":"n1659965179","k":"bus_stop","t":{"name":"University Avenue & Marina Boulevard","highway":"bus_stop","bus":"yes","operator":"Alameda-Contra Costa Transit District","ref":"54393"}}},
{"type":"Feature","geometry":{"type":"Point","coordinates":[-122.300537,37.866057]},"properties":{"id":"n1659965189","k":"level_crossing","t":{"railway":"level_crossing"}}},
{"type":"Feature","geometry":{"type":"Point","coordinates":[-122.306035,37.8664]},"properties":{"id":"n1659965198","k":"bus_stop","t":{"name":"University Avenue & West Frontage Road","highway":"bus_stop","bus":"yes","shelter":"no","operator":"Alameda-Contra Costa Transit District","ref":"57827"}}},
{"type":"Feature","geometry":{"type":"Point","coordinates":[-122.319696,37.869109]},"properties":{"id":"n1659965202","k":"bench","t":{"amenity":"bench"}}},
{"type":"Feature","geometry":{"type":"Point","coordinates":[-122.31973,37.869138]},"properties":{"id":"n1659965204","k":"bench","t":{"amenity":"bench"}}},
{"type":"Feature","geometry":{"type":"Point","coordinates":[-122.282269,37.874953]},"properties":{"id":"n1718638229","k":"hydrant","t":{"emergency":"fire_hydrant"}}},
{"type":"Feature","geometry":{"type":"Point","coordinates":[-122.283374,37.874875]},"properties":{"id":"n1718639713","k":"bench","t":{"amenity":"bench"}}},
{"type":"Feature","geometry":{"type":"Point","coordinates":[-122.283422,37.874799]},"properties":{"id":"n1718639894","k":"waste_basket","t":{"amenity":"waste_basket"}}},
{"type":"Feature","geometry":{"type":"Point","coordinates":[-122.281673,37.875007]},"properties":{"id":"n1718640261","k":"hydrant","t":{"emergency":"fire_hydrant"}}},
{"type":"Feature","geometry":{"type":"Point","coordinates":[-122.286816,37.875412]},"properties":{"id":"n1718644381","k":"manhole","t":{"man_made":"manhole"}}},
{"type":"Feature","geometry":{"type":"Point","coordinates":[-122.286766,37.875642]},"properties":{"id":"n1718644417","k":"bench","t":{"amenity":"bench"}}},
{"type":"Feature","geometry":{"type":"Point","coordinates":[-122.286864,37.875726]},"properties":{"id":"n1718644955","k":"bench","t":{"amenity":"bench"}}},
{"type":"Feature","geometry":{"type":"Point","coordinates":[-122.288432,37.875909]},"properties":{"id":"n1718645200","k":"bus_stop","t":{"name":"Cedar Street & Chestnut Street","highway":"bus_stop","bus":"yes","operator":"Alameda-Contra Costa Transit District","ref":"51735"}}},
{"type":"Feature","geometry":{"type":"Point","coordinates":[-122.287179,37.876234]},"properties":{"id":"n1718645306","k":"bus_stop","t":{"name":"Cedar Street & Cedar-Rose Park","highway":"bus_stop","bus":"yes","shelter":"no","operator":"Alameda-Contra Costa Transit District","ref":"58432"}}},
{"type":"Feature","geometry":{"type":"Point","coordinates":[-122.287216,37.876349]},"properties":{"id":"n1718646051","k":"bench","t":{"amenity":"bench"}}},
{"type":"Feature","geometry":{"type":"Point","coordinates":[-122.287189,37.876342]},"properties":{"id":"n1718646278","k":"waste_basket","t":{"amenity":"waste_basket"}}},
{"type":"Feature","geometry":{"type":"Point","coordinates":[-122.287618,37.876984]},"properties":{"id":"n1718646693","k":"bench","t":{"amenity":"bench"}}},
{"type":"Feature","geometry":{"type":"Point","coordinates":[-122.287639,37.877002]},"properties":{"id":"n1718646698","k":"waste_basket","t":{"amenity":"waste_basket"}}},
{"type":"Feature","geometry":{"type":"Point","coordinates":[-122.288701,37.878155]},"properties":{"id":"n1718648627","k":"hydrant","t":{"emergency":"fire_hydrant"}}},
{"type":"Feature","geometry":{"type":"Point","coordinates":[-122.291109,37.88149]},"properties":{"id":"n1718654055","k":"bus_stop","t":{"name":"Gilman Street & Santa Fe Avenue","highway":"bus_stop","bus":"yes","operator":"Alameda-Contra Costa Transit District","ref":"59545"}}},
{"type":"Feature","geometry":{"type":"Point","coordinates":[-122.285454,37.880417]},"properties":{"id":"n1718657468","k":"hydrant","t":{"emergency":"fire_hydrant"}}},
{"type":"Feature","geometry":{"type":"Point","coordinates":[-122.284164,37.880576]},"properties":{"id":"n1718661304","k":"bus_stop","t":{"name":"Hopkins Street & Albina Avenue","highway":"bus_stop","bus":"yes","operator":"Alameda-Contra Costa Transit District","ref":"55129"}}},
{"type":"Feature","geometry":{"type":"Point","coordinates":[-122.284214,37.880557]},"properties":{"id":"n1718661685","k":"hydrant","t":{"emergency":"fire_hydrant"}}},
{"type":"Feature","geometry":{"type":"Point","coordinates":[-122.283561,37.880764]},"properties":{"id":"n1718661916","k":"bus_stop","t":{"name":"Hopkins Street & Sacramento Street","tactile_paving":"no","highway":"bus_stop","bus":"yes","shelter":"no","bench":"yes","operator":"Alameda-Contra Costa Transit District","ref":"53539"}}},
{"type":"Feature","geometry":{"type":"Point","coordinates":[-122.283482,37.880801]},"properties":{"id":"n1718661933","k":"waste_basket","t":{"amenity":"waste_basket"}}},
{"type":"Feature","geometry":{"type":"Point","coordinates":[-122.282152,37.881782]},"properties":{"id":"n1718663745","k":"bus_stop","t":{"name":"Monterey Avenue & Hopkins Street","tactile_paving":"no","highway":"bus_stop","bus":"yes","shelter":"no","bench":"yes","operator":"Alameda-Contra Costa Transit District","ref":"53356"}}},
{"type":"Feature","geometry":{"type":"Point","coordinates":[-122.282045,37.881563]},"properties":{"id":"n1718664431","k":"bus_stop","t":{"name":"Hopkins Street & California Street","tactile_paving":"no","highway":"bus_stop","bus":"yes","shelter":"yes","bench":"yes","operator":"Alameda-Contra Costa Transit District","ref":"57887"}}},
{"type":"Feature","geometry":{"type":"Point","coordinates":[-122.281833,37.881815]},"properties":{"id":"n1718664652","k":"bus_stop","t":{"name":"Hopkins Street & Monterey Avenue","tactile_paving":"no","highway":"bus_stop","bus":"yes","shelter":"yes","bench":"yes","operator":"Alameda-Contra Costa Transit District","ref":"53536"}}},
{"type":"Feature","geometry":{"type":"Point","coordinates":[-122.281843,37.881809]},"properties":{"id":"n1718665685","k":"hydrant","t":{"emergency":"fire_hydrant"}}},
{"type":"Feature","geometry":{"type":"Point","coordinates":[-122.282008,37.881976]},"properties":{"id":"n1718666285","k":"bus_stop","t":{"name":"Monterey Avenue & Hopkins Street","tactile_paving":"no","highway":"bus_stop","bus":"yes","shelter":"no","bench":"yes","operator":"Alameda-Contra Costa Transit District","ref":"57867"}}},
{"type":"Feature","geometry":{"type":"Point","coordinates":[-122.28244,37.874043]},"properties":{"id":"n1730966022","k":"crossing","t":{"crossing":"uncontrolled","highway":"crossing"}}},
{"type":"Feature","geometry":{"type":"Point","coordinates":[-122.283146,37.874055]},"properties":{"id":"n1730966023","k":"kerb:flush","t":{"kerb":"flush","tactile_paving":"yes","wheelchair":"yes","barrier":"kerb"}}},
{"type":"Feature","geometry":{"type":"Point","coordinates":[-122.282293,37.874056]},"properties":{"id":"n1730966024","k":"crossing","t":{"crossing":"uncontrolled","highway":"crossing"}}},
{"type":"Feature","geometry":{"type":"Point","coordinates":[-122.283071,37.874062]},"properties":{"id":"n1730966027","k":"crossing","t":{"crossing":"uncontrolled","highway":"crossing"}}},
{"type":"Feature","geometry":{"type":"Point","coordinates":[-122.282852,37.874083]},"properties":{"id":"n1730966028","k":"crossing","t":{"crossing":"uncontrolled","highway":"crossing"}}},
{"type":"Feature","geometry":{"type":"Point","coordinates":[-122.283025,37.873278]},"properties":{"id":"n1730966048","k":"bus_stop","t":{"name":"North Berkeley BART","highway":"bus_stop","bus":"yes","shelter":"no","operator":"Alameda-Contra Costa Transit District"}}},
{"type":"Feature","geometry":{"type":"Point","coordinates":[-122.300831,37.867509]},"properties":{"id":"n1736684762","k":"hydrant","t":{"emergency":"fire_hydrant"}}},
{"type":"Feature","geometry":{"type":"Point","coordinates":[-122.300453,37.867426]},"properties":{"id":"n1736686345","k":"bicycle_parking","t":{"amenity":"bicycle_parking","capacity":"30"}}},
{"type":"Feature","geometry":{"type":"Point","coordinates":[-122.300352,37.867442]},"properties":{"id":"n1736687025","k":"bicycle_parking","t":{"amenity":"bicycle_parking","capacity":"4"}}},
{"type":"Feature","geometry":{"type":"Point","coordinates":[-122.300677,37.867275]},"properties":{"id":"n1736687875","k":"bus_stop","t":{"name":"University Avenue & 3rd Street","highway":"bus_stop","bus":"yes","shelter":"yes","operator":"Alameda-Contra Costa Transit District","ref":"58883"}}},
{"type":"Feature","geometry":{"type":"Point","coordinates":[-122.3005,37.867354]},"properties":{"id":"n1736688021","k":"waste_basket","t":{"amenity":"waste_basket"}}},
{"type":"Feature","geometry":{"type":"Point","coordinates":[-122.297414,37.868157]},"properties":{"id":"n1744608856","k":"bus_stop","t":{"name":"University Avenue & 6th Street","highway":"bus_stop","bus":"yes","shelter":"no","bench":"no","operator":"Alameda-Contra Costa Transit District","ref":"51105"}}},
{"type":"Feature","geometry":{"type":"Point","coordinates":[-122.297351,37.867943]},"properties":{"id":"n1744609308","k":"bus_stop","t":{"name":"University Avenue & 6th Street","highway":"bus_stop","bus":"yes","shelter":"no","bench":"yes","operator":"Alameda-Contra Costa Transit District","ref":"55548"}}},
{"type":"Feature","geometry":{"type":"Point","coordinates":[-122.294305,37.868791]},"properties":{"id":"n1744614871","k":"bus_stop","t":{"name":"University Avenue & 9th Street","highway":"bus_stop","bus":"yes","operator":"Alameda-Contra Costa Transit District","ref":"59004"}}},
{"type":"Feature","geometry":{"type":"Point","coordinates":[-122.294078,37.8686]},"properties":{"id":"n1744615087","k":"bus_stop","t":{"name":"University Avenue & 9th Street","highway":"bus_stop","bus":"yes","operator":"Alameda-Contra Costa Transit District","ref":"55855"}}},
{"type":"Feature","geometry":{"type":"Point","coordinates":[-122.291845,37.869251]},"properties":{"id":"n1744617010","k":"bus_stop","t":{"name":"University Avenue & San Pablo Avenue","highway":"bus_stop","bus":"yes","shelter":"yes","operator":"Alameda-Contra Costa Transit District","ref":"55365"}}},
{"type":"Feature","geometry":{"type":"Point","coordinates":[-122.292118,37.869467]},"properties":{"id":"n1744617501","k":"bus_stop","t":{"name":"San Pablo Avenue & University Avenue","highway":"bus_stop","bus":"yes","shelter":"yes","operator":"Alameda-Contra Costa Transit District","ref":"55525"}}},
{"type":"Feature","geometry":{"type":"Point","coordinates":[-122.286965,37.869654]},"properties":{"id":"n1744644749","k":"bus_stop","t":{"name":"University Avenue & Bonar Street","highway":"bus_stop","bus":"yes","operator":"Alameda-Contra Costa Transit District","ref":"51617"}}},
{"type":"Feature","geometry":{"type":"Point","coordinates":[-122.287417,37.869836]},"properties":{"id":"n1744645382","k":"bus_stop","t":{"name":"University Avenue & Bonar Street","highway":"bus_stop","bus":"yes","shelter":"no","operator":"Alameda-Contra Costa Transit District","ref":"57335"}}},
{"type":"Feature","geometry":{"type":"Point","coordinates":[-122.284622,37.87019]},"properties":{"id":"n1744649651","k":"bus_stop","t":{"name":"University Avenue & Acton Street","tactile_paving":"no","highway":"bus_stop","bus":"yes","shelter":"no","bench":"yes","operator":"Alameda-Contra Costa Transit District","ref":"51573"}}},
{"type":"Feature","geometry":{"type":"Point","coordinates":[-122.283907,37.87005]},"properties":{"id":"n1744649973","k":"bus_stop","t":{"name":"University Avenue & Acton Street","tactile_paving":"no","highway":"bus_stop","bus":"yes","shelter":"no","bench":"yes","operator":"Alameda-Contra Costa Transit District","ref":"59900"}}},
{"type":"Feature","geometry":{"type":"Point","coordinates":[-122.28208,37.870072]},"properties":{"id":"n1744653341","k":"bus_stop","t":{"name":"Sacramento Street & University Avenue","tactile_paving":"no","highway":"bus_stop","bus":"yes","shelter":"yes","bench":"yes","operator":"Alameda-Contra Costa Transit District","ref":"55998"}}},
{"type":"Feature","geometry":{"type":"Point","coordinates":[-122.281768,37.870538]},"properties":{"id":"n1744654123","k":"bus_stop","t":{"name":"University Avenue & Sacramento Street","highway":"bus_stop","bus":"yes","shelter":"no","bench":"yes","operator":"Alameda-Contra Costa Transit District","ref":"55722"}}},
{"type":"Feature","geometry":{"type":"Point","coordinates":[-122.281347,37.870368]},"properties":{"id":"n1744654875","k":"bus_stop","t":{"name":"University Avenue & Sacramento Street","highway":"bus_stop","bus":"yes","shelter":"yes","bench":"yes","operator":"Alameda-Contra Costa Transit District","ref":"56667"}}},
{"type":"Feature","geometry":{"type":"Point","coordinates":[-122.280276,37.870745]},"properties":{"id":"n1744659481","k":"bus_stop","t":{"name":"University Avenue & California Street","highway":"bus_stop","bus":"yes","shelter":"no","bench":"no","operator":"Alameda-Contra Costa Transit District","ref":"51583"}}},
{"type":"Feature","geometry":{"type":"Point","coordinates":[-122.286569,37.854974]},"properties":{"id":"n1745069767","k":"signal","t":{"highway":"stop"}}},
{"type":"Feature","geometry":{"type":"Point","coordinates":[-122.285685,37.855074]},"properties":{"id":"n1745069769","k":"signal","t":{"highway":"stop"}}},
{"type":"Feature","geometry":{"type":"Point","coordinates":[-122.285688,37.855091]},"properties":{"id":"n1745069770","k":"crossing","t":{"crossing":"uncontrolled","highway":"crossing"}}},
{"type":"Feature","geometry":{"type":"Point","coordinates":[-122.286628,37.855123]},"properties":{"id":"n1745069772","k":"signal","t":{"highway":"stop"}}},
{"type":"Feature","geometry":{"type":"Point","coordinates":[-122.285797,37.855154]},"properties":{"id":"n1745069773","k":"crossing","t":{"crossing":"uncontrolled","highway":"crossing"}}},
{"type":"Feature","geometry":{"type":"Point","coordinates":[-122.285608,37.855178]},"properties":{"id":"n1745069774","k":"crossing","t":{"crossing":"uncontrolled","highway":"crossing"}}},
{"type":"Feature","geometry":{"type":"Point","coordinates":[-122.284792,37.855176]},"properties":{"id":"n1745069776","k":"signal","t":{"highway":"stop"}}},
{"type":"Feature","geometry":{"type":"Point","coordinates":[-122.285715,37.855238]},"properties":{"id":"n1745069777","k":"crossing","t":{"crossing":"uncontrolled","highway":"crossing"}}},
{"type":"Feature","geometry":{"type":"Point","coordinates":[-122.285718,37.855252]},"properties":{"id":"n1745069778","k":"signal","t":{"highway":"stop"}}},
{"type":"Feature","geometry":{"type":"Point","coordinates":[-122.284913,37.855268]},"properties":{"id":"n1745069779","k":"signal","t":{"highway":"stop"}}},
{"type":"Feature","geometry":{"type":"Point","coordinates":[-122.284892,37.855271]},"properties":{"id":"n1745069780","k":"crossing","t":{"crossing":"uncontrolled","tactile_paving":"yes","highway":"crossing"}}},
{"type":"Feature","geometry":{"type":"Point","coordinates":[-122.284833,37.855377]},"properties":{"id":"n1745069781","k":"signal","t":{"highway":"stop"}}},
{"type":"Feature","geometry":{"type":"Point","coordinates":[-122.288057,37.856878]},"properties":{"id":"n1745072091","k":"crossing","t":{"crossing":"uncontrolled","highway":"crossing"}}},
{"type":"Feature","geometry":{"type":"Point","coordinates":[-122.288031,37.856882]},"properties":{"id":"n1745072092","k":"signal","t":{"highway":"stop"}}},
{"type":"Feature","geometry":{"type":"Point","coordinates":[-122.28828,37.856898]},"properties":{"id":"n1745072094","k":"crossing","t":{"crossing":"uncontrolled","highway":"crossing"}}},
{"type":"Feature","geometry":{"type":"Point","coordinates":[-122.288147,37.856929]},"properties":{"id":"n1745072095","k":"crossing","t":{"crossing":"uncontrolled","highway":"crossing"}}},
{"type":"Feature","geometry":{"type":"Point","coordinates":[-122.286188,37.857051]},"properties":{"id":"n1745072098","k":"crossing","t":{"crossing":"uncontrolled","highway":"crossing"}}},
{"type":"Feature","geometry":{"type":"Point","coordinates":[-122.286394,37.857182]},"properties":{"id":"n1745072100","k":"crossing","t":{"crossing":"uncontrolled","highway":"crossing"}}},
{"type":"Feature","geometry":{"type":"Point","coordinates":[-122.285204,37.857181]},"properties":{"id":"n1745072102","k":"crossing","t":{"crossing":"uncontrolled","kerb":"lowered","tactile_paving":"yes","highway":"crossing"}}},
{"type":"Feature","geometry":{"type":"Point","coordinates":[-122.283425,37.857389]},"properties":{"id":"n1745072104","k":"signal","t":{"highway":"stop"}}},
{"type":"Feature","geometry":{"type":"Point","coordinates":[-122.284621,37.857395]},"properties":{"id":"n1745072106","k":"crossing","t":{"crossing":"uncontrolled","highway":"crossing"}}},
{"type":"Feature","geometry":{"type":"Point","coordinates":[-122.283428,37.857406]},"properties":{"id":"n1745072107","k":"crossing","t":{"crossing":"uncontrolled","highway":"crossing"}}},
{"type":"Feature","geometry":{"type":"Point","coordinates":[-122.284627,37.857416]},"properties":{"id":"n1745072108","k":"signal","t":{"highway":"stop"}}},
{"type":"Feature","geometry":{"type":"Point","coordinates":[-122.283531,37.857463]},"properties":{"id":"n1745072110","k":"crossing","t":{"crossing":"uncontrolled","highway":"crossing"}}},
{"type":"Feature","geometry":{"type":"Point","coordinates":[-122.286604,37.857823]},"properties":{"id":"n1745072111","k":"crossing","t":{"crossing":"uncontrolled","highway":"crossing"}}},
{"type":"Feature","geometry":{"type":"Point","coordinates":[-122.286629,37.857948]},"properties":{"id":"n1745072113","k":"crossing","t":{"crossing":"uncontrolled","highway":"crossing"}}},
{"type":"Feature","geometry":{"type":"Point","coordinates":[-122.282277,37.881438]},"properties":{"id":"n1762728686","k":"bicycle_parking","t":{"amenity":"bicycle_parking","capacity":"8"}}},
{"type":"Feature","geometry":{"type":"Point","coordinates":[-122.284978,37.863463]},"properties":{"id":"n1762740750","k":"crossing","t":{"crossing":"uncontrolled","tactile_paving":"yes","highway":"crossing"}}},
{"type":"Feature","geometry":{"type":"Point","coordinates":[-122.284907,37.863545]},"properties":{"id":"n1762740762","k":"crossing","t":{"crossing":"uncontrolled","tactile_paving":"yes","highway":"crossing"}}},
{"type":"Feature","geometry":{"type":"Point","coordinates":[-122.285009,37.863605]},"properties":{"id":"n1762740769","k":"crossing","t":{"crossing":"uncontrolled","tactile_paving":"yes","highway":"crossing"}}},
{"type":"Feature","geometry":{"type":"Point","coordinates":[-122.282321,37.863973]},"properties":{"id":"n1762740789","k":"signal","t":{"highway":"stop"}}},
{"type":"Feature","geometry":{"type":"Point","coordinates":[-122.292964,37.864082]},"properties":{"id":"n1762740790","k":"crossing","t":{"crossing":"uncontrolled","highway":"crossing"}}},
{"type":"Feature","geometry":{"type":"Point","coordinates":[-122.293092,37.864144]},"properties":{"id":"n1762740798","k":"crossing","t":{"crossing":"uncontrolled","highway":"crossing"}}},
{"type":"Feature","geometry":{"type":"Point","coordinates":[-122.293018,37.86425]},"properties":{"id":"n1762740817","k":"crossing","t":{"crossing":"uncontrolled","highway":"crossing"}}},
{"type":"Feature","geometry":{"type":"Point","coordinates":[-122.291855,37.864314]},"properties":{"id":"n1762740822","k":"crossing","t":{"crossing":"uncontrolled","highway":"crossing"}}},
{"type":"Feature","geometry":{"type":"Point","coordinates":[-122.291968,37.864373]},"properties":{"id":"n1762740835","k":"crossing","t":{"crossing":"uncontrolled","highway":"crossing"}}},
{"type":"Feature","geometry":{"type":"Point","coordinates":[-122.291787,37.86441]},"properties":{"id":"n1762740841","k":"crossing","t":{"crossing":"uncontrolled","highway":"crossing"}}},
{"type":"Feature","geometry":{"type":"Point","coordinates":[-122.291904,37.864466]},"properties":{"id":"n1762740847","k":"crossing","t":{"crossing":"uncontrolled","highway":"crossing"}}},
{"type":"Feature","geometry":{"type":"Point","coordinates":[-122.295677,37.865503]},"properties":{"id":"n1762740868","k":"crossing","t":{"crossing":"uncontrolled","highway":"crossing"}}},
{"type":"Feature","geometry":{"type":"Point","coordinates":[-122.295798,37.865558]},"properties":{"id":"n1762740874","k":"crossing","t":{"crossing":"uncontrolled","highway":"crossing"}}},
{"type":"Feature","geometry":{"type":"Point","coordinates":[-122.293525,37.865846]},"properties":{"id":"n1762740876","k":"crossing","t":{"crossing":"uncontrolled","highway":"crossing"}}},
{"type":"Feature","geometry":{"type":"Point","coordinates":[-122.293663,37.865908]},"properties":{"id":"n1762740885","k":"crossing","t":{"crossing":"uncontrolled","highway":"crossing"}}},
{"type":"Feature","geometry":{"type":"Point","coordinates":[-122.293447,37.865951]},"properties":{"id":"n1762740890","k":"crossing","t":{"crossing":"uncontrolled","highway":"crossing"}}},
{"type":"Feature","geometry":{"type":"Point","coordinates":[-122.294048,37.867456]},"properties":{"id":"n1762740920","k":"crossing","t":{"crossing":"uncontrolled","highway":"crossing"}}},
{"type":"Feature","geometry":{"type":"Point","coordinates":[-122.280354,37.877704]},"properties":{"id":"n1778496032","k":"hydrant","t":{"emergency":"fire_hydrant"}}},
{"type":"Feature","geometry":{"type":"Point","coordinates":[-122.281583,37.878196]},"properties":{"id":"n1778497755","k":"hydrant","t":{"emergency":"fire_hydrant"}}},
{"type":"Feature","geometry":{"type":"Point","coordinates":[-122.281729,37.876865]},"properties":{"id":"n1778498935","k":"hydrant","t":{"emergency":"fire_hydrant"}}},
{"type":"Feature","geometry":{"type":"Point","coordinates":[-122.280348,37.877055]},"properties":{"id":"n1778501335","k":"hydrant","t":{"emergency":"fire_hydrant"}}},
{"type":"Feature","geometry":{"type":"Point","coordinates":[-122.295232,37.871152]},"properties":{"id":"n1789060406","k":"crossing","t":{"crossing":"uncontrolled","highway":"crossing"}}},
{"type":"Feature","geometry":{"type":"Point","coordinates":[-122.295367,37.871215]},"properties":{"id":"n1789060414","k":"crossing","t":{"crossing":"uncontrolled","highway":"crossing"}}},
{"type":"Feature","geometry":{"type":"Point","coordinates":[-122.295156,37.871249]},"properties":{"id":"n1789060420","k":"crossing","t":{"crossing":"uncontrolled","highway":"crossing"}}},
{"type":"Feature","geometry":{"type":"Point","coordinates":[-122.295288,37.871311]},"properties":{"id":"n1789060424","k":"crossing","t":{"crossing":"uncontrolled","highway":"crossing"}}},
{"type":"Feature","geometry":{"type":"Point","coordinates":[-122.293966,37.875218]},"properties":{"id":"n1789060637","k":"crossing","t":{"crossing":"traffic_signals","highway":"crossing"}}},
{"type":"Feature","geometry":{"type":"Point","coordinates":[-122.293305,37.875725]},"properties":{"id":"n1789060651","k":"signal","t":{"highway":"stop"}}},
{"type":"Feature","geometry":{"type":"Point","coordinates":[-122.29225,37.878011]},"properties":{"id":"n1789060654","k":"signal","t":{"highway":"stop"}}},
{"type":"Feature","geometry":{"type":"Point","coordinates":[-122.290668,37.881617]},"properties":{"id":"n1789060667","k":"crossing","t":{"crossing":"uncontrolled","highway":"crossing"}}},
{"type":"Feature","geometry":{"type":"Point","coordinates":[-122.300345,37.869645]},"properties":{"id":"n1798863588","k":"bicycle_parking","t":{"amenity":"bicycle_parking","capacity":"8"}}},
{"type":"Feature","geometry":{"type":"Point","coordinates":[-122.300676,37.870263]},"properties":{"id":"n1798864829","k":"hydrant","t":{"emergency":"fire_hydrant"}}},
{"type":"Feature","geometry":{"type":"Point","coordinates":[-122.305634,37.866253]},"properties":{"id":"n1800890502","k":"crossing","t":{"crossing":"uncontrolled","highway":"crossing"}}},
{"type":"Feature","geometry":{"type":"Point","coordinates":[-122.305695,37.866404]},"properties":{"id":"n1800890503","k":"crossing","t":{"crossing":"uncontrolled","highway":"crossing"}}},
{"type":"Feature","geometry":{"type":"Point","coordinates":[-122.293718,37.87342]},"properties":{"id":"n1815473252","k":"signal","t":{"highway":"stop"}}},
{"type":"Feature","geometry":{"type":"Point","coordinates":[-122.293386,37.873473]},"properties":{"id":"n1815473253","k":"signal","t":{"highway":"stop"}}},
{"type":"Feature","geometry":{"type":"Point","coordinates":[-122.298563,37.87065]},"properties":{"id":"n1979210320","k":"crossing","t":{"crossing":"uncontrolled","highway":"crossing"}}},
{"type":"Feature","geometry":{"type":"Point","coordinates":[-122.298508,37.870484]},"properties":{"id":"n1979210321","k":"crossing","t":{"crossing":"uncontrolled","highway":"crossing"}}},
{"type":"Feature","geometry":{"type":"Point","coordinates":[-122.29963,37.870249]},"properties":{"id":"n1979210325","k":"crossing","t":{"crossing":"uncontrolled","highway":"crossing"}}},
{"type":"Feature","geometry":{"type":"Point","coordinates":[-122.294664,37.865708]},"properties":{"id":"n1981316241","k":"signal","t":{"highway":"stop"}}},
{"type":"Feature","geometry":{"type":"Point","coordinates":[-122.294908,37.85544]},"properties":{"id":"n1981316403","k":"signal","t":{"highway":"stop"}}},
{"type":"Feature","geometry":{"type":"Point","coordinates":[-122.2823,37.871873]},"properties":{"id":"n1994957626","k":"crossing","t":{"crossing":"uncontrolled","highway":"crossing"}}},
{"type":"Feature","geometry":{"type":"Point","coordinates":[-122.281992,37.87217]},"properties":{"id":"n1994957642","k":"crossing","t":{"crossing":"uncontrolled","highway":"crossing"}}},
{"type":"Feature","geometry":{"type":"Point","coordinates":[-122.282068,37.872107]},"properties":{"id":"n1994957643","k":"crossing","t":{"crossing":"uncontrolled","highway":"crossing"}}},
{"type":"Feature","geometry":{"type":"Point","coordinates":[-122.282226,37.872094]},"properties":{"id":"n1994957644","k":"crossing","t":{"crossing":"uncontrolled","highway":"crossing"}}},
{"type":"Feature","geometry":{"type":"Point","coordinates":[-122.300073,37.868134]},"properties":{"id":"n2002048085","k":"crossing","t":{"crossing":"uncontrolled","highway":"crossing"}}},
{"type":"Feature","geometry":{"type":"Point","coordinates":[-122.299282,37.868922]},"properties":{"id":"n2002199671","k":"post_box","t":{"amenity":"post_box","operator":"United States Postal Service"}}},
{"type":"Feature","geometry":{"type":"Point","coordinates":[-122.280212,37.873327]},"properties":{"id":"n2006175349","k":"bollard","t":{"access":"yes","barrier":"bollard"}}},
{"type":"Feature","geometry":{"type":"Point","coordinates":[-122.280085,37.873267]},"properties":{"id":"n2006175351","k":"bollard","t":{"access":"yes","barrier":"bollard"}}},
{"type":"Feature","geometry":{"type":"Point","coordinates":[-122.286651,37.8705]},"properties":{"id":"n2053324493","k":"bicycle_parking","t":{"amenity":"bicycle_parking","capacity":"6"}}},
{"type":"Feature","geometry":{"type":"Point","coordinates":[-122.294329,37.875418]},"properties":{"id":"n2058708420","k":"bus_stop","t":{"name":"San Pablo Avenue & Cedar Street","highway":"bus_stop","bus":"yes","shelter":"no","bench":"yes","operator":"Alameda-Contra Costa Transit District","ref":"59600"}}},
{"type":"Feature","geometry":{"type":"Point","coordinates":[-122.299638,37.874357]},"properties":{"id":"n2058708421","k":"bus_stop","t":{"name":"6th Street & Cedar Street","highway":"bus_stop","bus":"yes","operator":"Alameda-Contra Costa Transit District","ref":"53227"}}},
{"type":"Feature","geometry":{"type":"Point","coordinates":[-122.298505,37.870827]},"properties":{"id":"n2058708423","k":"bus_stop","t":{"name":"6th Street & Delaware Street","highway":"bus_stop","bus":"yes","operator":"Alameda-Contra Costa Transit District","ref":"59757"}}},
{"type":"Feature","geometry":{"type":"Point","coordinates":[-122.297688,37.868307]},"properties":{"id":"n2058708424","k":"bus_stop","t":{"name":"6th Street & University Avenue","highway":"bus_stop","bus":"yes","operator":"Alameda-Contra Costa Transit District","ref":"55065"}}},
{"type":"Feature","geometry":{"type":"Point","coordinates":[-122.29895,37.872236]},"properties":{"id":"n2058708425","k":"bus_stop","t":{"name":"6th Street & Virginia Street","highway":"bus_stop","bus":"yes","operator":"Alameda-Contra Costa Transit District","ref":"59774"}}},
{"type":"Feature","geometry":{"type":"Point","coordinates":[-122.305089,37.866381]},"properties":{"id":"n2058768376","k":"signal","t":{"highway":"stop"}}},
{"type":"Feature","geometry":{"type":"Point","coordinates":[-122.303636,37.868252]},"properties":{"id":"n2058768388","k":"signal","t":{"highway":"stop"}}},
{"type":"Feature","geometry":{"type":"Point","coordinates":[-122.303746,37.868227]},"properties":{"id":"n2058768390","k":"signal","t":{"highway":"stop"}}},
{"type":"Feature","geometry":{"type":"Point","coordinates":[-122.294436,37.860456]},"properties":{"id":"n2060883684","k":"bus_stop","t":{"name":"Dwight Crescent & 7th Street","highway":"bus_stop","bus":"yes","operator":"Alameda-Contra Costa Transit District","ref":"56450"}}},
{"type":"Feature","geometry":{"type":"Point","coordinates":[-122.293306,37.880949]},"properties":{"id":"n2060883685","k":"bus_stop","t":{"name":"Gilman Street & Cornell Avenue","highway":"bus_stop","bus":"yes","operator":"Alameda-Contra Costa Transit District","ref":"52077"}}},
{"type":"Feature","geometry":{"type":"Point","coordinates":[-122.28654,37.880554]},"properties":{"id":"n2060883686","k":"bus_stop","t":{"name":"Gilman Street & Ordway Street","wheelchair":"no","highway":"bus_stop","bus":"yes","bench":"no","operator":"Alameda-Contra Costa Transit District","ref":"53380"}}},
{"type":"Feature","geometry":{"type":"Point","coordinates":[-122.291021,37.881396]},"properties":{"id":"n2060883687","k":"bus_stop","t":{"name":"Gilman Street & Santa Fe Avenue","highway":"bus_stop","bus":"yes","shelter":"no","bench":"yes","operator":"Alameda-Contra Costa Transit District","ref":"52877"}}},
{"type":"Feature","geometry":{"type":"Point","coordinates":[-122.317278,37.862813]},"properties":{"id":"n2060883688","k":"bus_stop","t":{"name":"Seawall Drive & University Avenue","tactile_paving":"no","highway":"bus_stop","bus":"yes","shelter":"no","bench":"yes","operator":"Alameda-Contra Costa Transit District","ref":"58455"}}},
{"type":"Feature","geometry":{"type":"Point","coordinates":[-122.313826,37.863843]},"properties":{"id":"n2060883689","k":"bus_stop","t":{"name":"University Avenue & Bait Shop","highway":"bus_stop","bus":"yes","operator":"Alameda-Contra Costa Transit District","ref":"58660"}}},
{"type":"Feature","geometry":{"type":"Point","coordinates":[-122.295555,37.86164]},"properties":{"id":"n2060883690","k":"bus_stop","t":{"name":"6th Street & Channing Way","highway":"bus_stop","bus":"yes","operator":"Alameda-Contra Costa Transit District","ref":"59338"}}},
{"type":"Feature","geometry":{"type":"Point","coordinates":[-122.299552,37.867458]},"properties":{"id":"n2060906549","k":"bus_stop","t":{"name":"University Avenue & 4th Street","highway":"bus_stop","bus":"yes","bench":"no","operator":"Alameda-Contra Costa Transit District","ref":"54477"}}},
{"type":"Feature","geometry":{"type":"Point","coordinates":[-122.302346,37.87168]},"properties":{"id":"n2065927926","k":"level_crossing","t":{"railway":"level_crossing"}}},
{"type":"Feature","geometry":{"type":"Point","coordinates":[-122.301272,37.871895]},"properties":{"id":"n2065927938","k":"signal","t":{"highway":"stop"}}},
{"type":"Feature","geometry":{"type":"Point","coordinates":[-122.299232,37.868995]},"properties":{"id":"n2065927941","k":"signal","t":{"highway":"stop"}}},
{"type":"Feature","geometry":{"type":"Point","coordinates":[-122.299692,37.870445]},"properties":{"id":"n2065927996","k":"crossing","t":{"crossing":"uncontrolled","highway":"crossing"}}},
{"type":"Feature","geometry":{"type":"Point","coordinates":[-122.313497,37.863748]},"properties":{"id":"n2068149936","k":"bus_stop","t":{"name":"University Avenue & Bait Shop","highway":"bus_stop","bus":"yes","operator":"Alameda-Contra Costa Transit District"}}},
{"type":"Feature","geometry":{"type":"Point","coordinates":[-122.305697,37.86617]},"properties":{"id":"n2068149941","k":"bus_stop","t":{"name":"University Avenue & West Frontage Road","highway":"bus_stop","bus":"yes","shelter":"no","operator":"Alameda-Contra Costa Transit District","ref":"54395"}}},
{"type":"Feature","geometry":{"type":"Point","coordinates":[-122.282521,37.876818]},"properties":{"id":"n2131521956","k":"hydrant","t":{"emergency":"fire_hydrant"}}},
{"type":"Feature","geometry":{"type":"Point","coordinates":[-122.282806,37.876427]},"properties":{"id":"n2131522421","k":"bus_stop","t":{"name":"Sacramento Street & Cedar Street","tactile_paving":"no","highway":"bus_stop","bus":"yes","shelter":"no","bench":"no","operator":"Alameda-Contra Costa Transit District","ref":"52154"}}},
{"type":"Feature","geometry":{"type":"Point","coordinates":[-122.284892,37.876496]},"properties":{"id":"n2131525846","k":"hydrant","t":{"emergency":"fire_hydrant"}}},
{"type":"Feature","geometry":{"type":"Point","coordinates":[-122.285181,37.87631]},"properties":{"id":"n2131526098","k":"bus_stop","t":{"name":"Cedar Street & Acton Street","highway":"bus_stop","bus":"yes","shelter":"no","bench":"no","operator":"Alameda-Contra Costa Transit District","ref":"58958"}}},
{"type":"Feature","geometry":{"type":"Point","coordinates":[-122.288743,37.876005]},"properties":{"id":"n2131534669","k":"hydrant","t":{"emergency":"fire_hydrant"}}},
{"type":"Feature","geometry":{"type":"Point","coordinates":[-122.290495,37.875746]},"properties":{"id":"n2131538328","k":"hydrant","t":{"emergency":"fire_hydrant"}}},
{"type":"Feature","geometry":{"type":"Point","coordinates":[-122.292242,37.875522]},"properties":{"id":"n2131540290","k":"hydrant","t":{"emergency":"fire_hydrant"}}},
{"type":"Feature","geometry":{"type":"Point","coordinates":[-122.291647,37.87548]},"properties":{"id":"n2131541136","k":"bus_stop","t":{"name":"Cedar Street & Cornell Avenue","highway":"bus_stop","bus":"yes","shelter":"no","bench":"no","operator":"Alameda-Contra Costa Transit District","ref":"50234"}}},
{"type":"Feature","geometry":{"type":"Point","coordinates":[-122.293941,37.875072]},"properties":{"id":"n2131544315","k":"waste_basket","t":{"amenity":"waste_basket"}}},
{"type":"Feature","geometry":{"type":"Point","coordinates":[-122.293094,37.872657]},"properties":{"id":"n2131554413","k":"hydrant","t":{"emergency":"fire_hydrant"}}},
{"type":"Feature","geometry":{"type":"Point","coordinates":[-122.292936,37.872028]},"properties":{"id":"n2131556446","k":"bus_stop","t":{"name":"San Pablo Avenue & Delaware Street","highway":"bus_stop","bus":"yes","shelter":"no","operator":"Alameda-Contra Costa Transit District","ref":"51001"}}},
{"type":"Feature","geometry":{"type":"Point","coordinates":[-122.293147,37.871763]},"properties":{"id":"n2131557367","k":"bus_stop","t":{"name":"San Pablo Avenue & Delaware Street","highway":"bus_stop","bus":"yes","operator":"Alameda-Contra Costa Transit District","ref":"59755"}}},
{"type":"Feature","geometry":{"type":"Point","coordinates":[-122.292831,37.871787]},"properties":{"id":"n2131557738","k":"hydrant","t":{"emergency":"fire_hydrant"}}},
{"type":"Feature","geometry":{"type":"Point","coordinates":[-122.292801,37.871576]},"properties":{"id":"n2131558690","k":"waste_basket","t":{"amenity":"waste_basket"}}},
{"type":"Feature","geometry":{"type":"Point","coordinates":[-122.291725,37.869064]},"properties":{"id":"n2131562982","k":"bus_stop","t":{"name":"University Avenue & San Pablo Avenue","highway":"bus_stop","bus":"yes","shelter":"no","operator":"Alameda-Contra Costa Transit District","ref":"55996"}}},
{"type":"Feature","geometry":{"type":"Point","coordinates":[-122.29157,37.868145]},"properties":{"id":"n2131566593","k":"hydrant","t":{"emergency":"fire_hydrant"}}},
{"type":"Feature","geometry":{"type":"Point","coordinates":[-122.291355,37.867349]},"properties":{"id":"n2131572493","k":"hydrant","t":{"emergency":"fire_hydrant"}}},
{"type":"Feature","geometry":{"type":"Point","coordinates":[-122.291239,37.866724]},"properties":{"id":"n2131575201","k":"bus_stop","t":{"name":"San Pablo Avenue & Allston Way","tactile_paving":"no","highway":"bus_stop","bus":"yes","shelter":"no","bench":"yes","operator":"Alameda-Contra Costa Transit District","ref":"52007"}}},
{"type":"Feature","geometry":{"type":"Point","coordinates":[-122.291436,37.866481]},"properties":{"id":"n2131575253","k":"bus_stop","t":{"name":"San Pablo Avenue & Allston Way","tactile_paving":"no","highway":"bus_stop","bus":"yes","shelter":"no","bench":"no","operator":"Alameda-Contra Costa Transit District","ref":"59591"}}},
{"type":"Feature","geometry":{"type":"Point","coordinates":[-122.290631,37.864816]},"properties":{"id":"n2131578317","k":"bus_stop","t":{"name":"San Pablo Avenue & Bancroft Way","tactile_paving":"no","highway":"bus_stop","bus":"yes","shelter":"no","bench":"yes","operator":"Alameda-Contra Costa Transit District","ref":"55267"}}},
{"type":"Feature","geometry":{"type":"Point","coordinates":[-122.290869,37.864711]},"properties":{"id":"n2131578570","k":"bus_stop","t":{"name":"San Pablo Avenue & Bancroft Way","tactile_paving":"no","highway":"bus_stop","bus":"yes","shelter":"no","bench":"no","operator":"Alameda-Contra Costa Transit District","ref":"59277"}}},
{"type":"Feature","geometry":{"type":"Point","coordinates":[-122.290884,37.864656]},"properties":{"id":"n2131579118","k":"hydrant","t":{"emergency":"fire_hydrant"}}},
{"type":"Feature","geometry":{"type":"Point","coordinates":[-122.290539,37.863648]},"properties":{"id":"n2131585015","k":"hydrant","t":{"emergency":"fire_hydrant"}}},
{"type":"Feature","geometry":{"type":"Point","coordinates":[-122.289956,37.862748]},"properties":{"id":"n2131588689","k":"bus_stop","t":{"name":"San Pablo Avenue & Channing Way","highway":"bus_stop","bus":"yes","shelter":"no","operator":"Alameda-Contra Costa Transit District","ref":"52207"}}},
{"type":"Feature","geometry":{"type":"Point","coordinates":[-122.290299,37.86293]},"properties":{"id":"n2131589516","k":"bus_stop","t":{"name":"San Pablo Avenue & Channing Way","tactile_paving":"no","highway":"bus_stop","bus":"yes","shelter":"no","bench":"yes","operator":"Alameda-Contra Costa Transit District","ref":"50344"}}},
{"type":"Feature","geometry":{"type":"Point","coordinates":[-122.289546,37.861466]},"properties":{"id":"n2131594226","k":"bus_stop","t":{"name":"San Pablo Avenue & Dwight Way","tactile_paving":"no","highway":"bus_stop","bus":"yes","shelter":"no","bench":"yes","operator":"Alameda-Contra Costa Transit District","ref":"55880"}}},
{"type":"Feature","geometry":{"type":"Point","coordinates":[-122.289606,37.860785]},"properties":{"id":"n2131594460","k":"bus_stop","t":{"name":"San Pablo Avenue & Dwight Way","highway":"bus_stop","bus":"yes","shelter":"yes","bench":"yes","operator":"Alameda-Contra Costa Transit District","ref":"57755"}}},
{"type":"Feature","geometry":{"type":"Point","coordinates":[-122.289158,37.861103]},"properties":{"id":"n2131595445","k":"bus_stop","t":{"name":"Dwight Way & San Pablo Avenue","tactile_paving":"no","highway":"bus_stop","bus":"yes","shelter":"yes","bench":"yes","operator":"Alameda-Contra Costa Transit District","ref":"56200"}}},
{"type":"Feature","geometry":{"type":"Point","coordinates":[-122.288722,37.861298]},"properties":{"id":"n2131595514","k":"hydrant","t":{"emergency":"fire_hydrant"}}},
{"type":"Feature","geometry":{"type":"Point","coordinates":[-122.287839,37.861419]},"properties":{"id":"n2131595809","k":"hydrant","t":{"emergency":"fire_hydrant"}}},
{"type":"Feature","geometry":{"type":"Point","coordinates":[-122.28779,37.861391]},"properties":{"id":"n2131595992","k":"bus_stop","t":{"name":"Dwight Way & Curtis Street","tactile_paving":"no","highway":"bus_stop","bus":"yes","shelter":"no","bench":"no","operator":"Alameda-Contra Costa Transit District","ref":"59234"}}},
{"type":"Feature","geometry":{"type":"Point","coordinates":[-122.286758,37.861539]},"properties":{"id":"n2131596153","k":"hydrant","t":{"emergency":"fire_hydrant"}}},
{"type":"Feature","geometry":{"type":"Point","coordinates":[-122.287041,37.86137]},"properties":{"id":"n2131596840","k":"bus_stop","t":{"name":"Dwight Way & Mathews Street","tactile_paving":"no","highway":"bus_stop","bus":"yes","shelter":"no","bench":"no","operator":"Alameda-Contra Costa Transit District","ref":"55313"}}},
{"type":"Feature","geometry":{"type":"Point","coordinates":[-122.2858,37.861698]},"properties":{"id":"n2131597292","k":"hydrant","t":{"emergency":"fire_hydrant"}}},
{"type":"Feature","geometry":{"type":"Point","coordinates":[-122.284524,37.861813]},"properties":{"id":"n2131599232","k":"hydrant","t":{"emergency":"fire_hydrant"}}},
{"type":"Feature","geometry":{"type":"Point","coordinates":[-122.284008,37.861877]},"properties":{"id":"n2131599532","k":"bus_stop","t":{"name":"Dwight Way & Valley Street","tactile_paving":"no","highway":"bus_stop","bus":"yes","shelter":"no","bench":"yes","operator":"Alameda-Contra Costa Transit District","ref":"55249"}}},
{"type":"Feature","geometry":{"type":"Point","coordinates":[-122.283939,37.861777]},"properties":{"id":"n2131599824","k":"bus_stop","t":{"name":"Dwight Way & Valley Street","tactile_paving":"no","highway":"bus_stop","bus":"yes","shelter":"no","bench":"yes","operator":"Alameda-Contra Costa Transit District","ref":"50877"}}},
{"type":"Feature","geometry":{"type":"Point","coordinates":[-122.283203,37.861986]},"properties":{"id":"n2131600464","k":"hydrant","t":{"emergency":"fire_hydrant"}}},
{"type":"Feature","geometry":{"type":"Point","coordinates":[-122.282231,37.862115]},"properties":{"id":"n2131601047","k":"hydrant","t":{"emergency":"fire_hydrant"}}},
{"type":"Feature","geometry":{"type":"Point","coordinates":[-122.280934,37.862292]},"properties":{"id":"n2131602618","k":"bus_stop","t":{"name":"Dwight Way & Sacramento Street","tactile_paving":"no","highway":"bus_stop","bus":"yes","shelter":"no","bench":"no","operator":"Alameda-Contra Costa Transit District","ref":"55019"}}},
{"type":"Feature","geometry":{"type":"Point","coordinates":[-122.280932,37.862116]},"properties":{"id":"n2131602723","k":"bus_stop","t":{"name":"Sacramento Street & Dwight Way","tactile_paving":"no","highway":"bus_stop","bus":"yes","shelter":"no","bench":"yes","operator":"Alameda-Contra Costa Transit District","ref":"53321"}}},
{"type":"Feature","geometry":{"type":"Point","coordinates":[-122.284803,37.874469]},"properties":{"id":"n2131735133","k":"signal","t":{"highway":"stop"}}},
{"type":"Feature","geometry":{"type":"Point","coordinates":[-122.284733,37.874571]},"properties":{"id":"n2131735137","k":"crossing","t":{"crossing":"uncontrolled","highway":"crossing"}}},
{"type":"Feature","geometry":{"type":"Point","coordinates":[-122.28471,37.874584]},"properties":{"id":"n2131735139","k":"signal","t":{"highway":"stop"}}},
{"type":"Feature","geometry":{"type":"Point","coordinates":[-122.287979,37.877091]},"properties":{"id":"n2131735298","k":"crossing","t":{"crossing":"uncontrolled","highway":"crossing"}}},
{"type":"Feature","geometry":{"type":"Point","coordinates":[-122.301441,37.864265]},"properties":{"id":"n2160301001","k":"bicycle_parking","t":{"amenity":"bicycle_parking","capacity":"10"}}},
{"type":"Feature","geometry":{"type":"Point","coordinates":[-122.281987,37.872014]},"properties":{"id":"n2172270654","k":"bus_stop","t":{"name":"Sacramento Street & Hearst Avenue","highway":"bus_stop","bus":"yes","shelter":"no","operator":"Alameda-Contra Costa Transit District","ref":"52589"}}},
{"type":"Feature","geometry":{"type":"Point","coordinates":[-122.281801,37.867102]},"properties":{"id":"n2172274149","k":"bus_stop","t":{"name":"Sacramento Street & Allston Way","tactile_paving":"no","wheelchair":"limited","highway":"bus_stop","bus":"yes","shelter":"no","bench":"no","operator":"Alameda-Contra Costa Transit District","ref":"55380"}}},
{"type":"Feature","geometry":{"type":"Point","coordinates":[-122.281543,37.867648]},"properties":{"id":"n2172274151","k":"bus_stop","t":{"name":"Sacramento Street & Allston Way","tactile_paving":"no","highway":"bus_stop","bus":"yes","shelter":"no","bench":"yes","operator":"Alameda-Contra Costa Transit District","ref":"54305"}}},
{"type":"Feature","geometry":{"type":"Point","coordinates":[-122.281485,37.864105]},"properties":{"id":"n2172276833","k":"bus_stop","t":{"name":"Sacramento Street & Channing Way","tactile_paving":"no","highway":"bus_stop","bus":"yes","shelter":"no","bench":"yes","operator":"Alameda-Contra Costa Transit District","ref":"53977"}}},
{"type":"Feature","geometry":{"type":"Point","coordinates":[-122.281158,37.863932]},"properties":{"id":"n2172276941","k":"bus_stop","t":{"name":"Sacramento Street & Channing Way","tactile_paving":"no","highway":"bus_stop","bus":"yes","shelter":"no","bench":"no","operator":"Alameda-Contra Costa Transit District","ref":"53765"}}},
{"type":"Feature","geometry":{"type":"Point","coordinates":[-122.281774,37.870129]},"properties":{"id":"n2172280274","k":"bus_stop","t":{"name":"Sacramento Street & University Avenue","tactile_paving":"no","highway":"bus_stop","bus":"yes","shelter":"no","bench":"yes","operator":"Alameda-Contra Costa Transit District","ref":"55946"}}},
{"type":"Feature","geometry":{"type":"Point","coordinates":[-122.282143,37.87333]},"properties":{"id":"n2172281494","k":"bus_stop","t":{"name":"Sacramento Street & Delaware Street (North Berkeley BART)","highway":"bus_stop","bus":"yes","shelter":"no","operator":"Alameda-Contra Costa Transit District","ref":"50604"}}},
{"type":"Feature","geometry":{"type":"Point","coordinates":[-122.282566,37.874562]},"properties":{"id":"n2172281672","k":"bus_stop","t":{"name":"Sacramento Street & Virginia Street (North Berkeley BART)","tactile_paving":"no","highway":"bus_stop","bus":"yes","shelter":"no","bench":"no","operator":"Alameda-Contra Costa Transit District","ref":"53126"}}},
{"type":"Feature","geometry":{"type":"Point","coordinates":[-122.282343,37.875133]},"properties":{"id":"n2172288956","k":"bus_stop","t":{"name":"Sacramento Street & Virginia Street","tactile_paving":"no","highway":"bus_stop","bus":"yes","shelter":"no","bench":"no","operator":"Alameda-Contra Costa Transit District","ref":"53254"}}},
{"type":"Feature","geometry":{"type":"Point","coordinates":[-122.302447,37.865931]},"properties":{"id":"n2172929874","k":"bollard","t":{"barrier":"bollard"}}},
{"type":"Feature","geometry":{"type":"Point","coordinates":[-122.298924,37.85019]},"properties":{"id":"n2177815943","k":"signal","t":{"highway":"traffic_signals"}}},
{"type":"Feature","geometry":{"type":"Point","coordinates":[-122.299311,37.879969]},"properties":{"id":"n2184964546","k":"bus_stop","t":{"name":"8th Street & Gilman Street","highway":"bus_stop","bus":"yes","shelter":"no","operator":"Alameda-Contra Costa Transit District","ref":"51613"}}},
{"type":"Feature","geometry":{"type":"Point","coordinates":[-122.29968,37.879871]},"properties":{"id":"n2184964567","k":"bicycle_parking","t":{"amenity":"bicycle_parking"}}},
{"type":"Feature","geometry":{"type":"Point","coordinates":[-122.290609,37.850587]},"properties":{"id":"n2187426878","k":"bicycle_parking","t":{"amenity":"bicycle_parking"}}},
{"type":"Feature","geometry":{"type":"Point","coordinates":[-122.290908,37.850842]},"properties":{"id":"n2187426884","k":"signal","t":{"highway":"stop"}}},
{"type":"Feature","geometry":{"type":"Point","coordinates":[-122.289993,37.853296]},"properties":{"id":"n2187426887","k":"bicycle_parking","t":{"amenity":"bicycle_parking"}}},
{"type":"Feature","geometry":{"type":"Point","coordinates":[-122.302465,37.879045]},"properties":{"id":"n2187426891","k":"signal","t":{"highway":"stop"}}},
{"type":"Feature","geometry":{"type":"Point","coordinates":[-122.302362,37.879241]},"properties":{"id":"n2187426892","k":"hydrant","t":{"emergency":"fire_hydrant"}}},
{"type":"Feature","geometry":{"type":"Point","coordinates":[-122.302526,37.879237]},"properties":{"id":"n2187426893","k":"signal","t":{"highway":"stop"}}},
{"type":"Feature","geometry":{"type":"Point","coordinates":[-122.289153,37.859192]},"properties":{"id":"n2204767446","k":"bicycle_parking","t":{"amenity":"bicycle_parking"}}},
{"type":"Feature","geometry":{"type":"Point","coordinates":[-122.286718,37.857875]},"properties":{"id":"n2205390374","k":"signal","t":{"highway":"stop"}}},
{"type":"Feature","geometry":{"type":"Point","coordinates":[-122.28652,37.857901]},"properties":{"id":"n2205390377","k":"signal","t":{"highway":"stop"}}},
{"type":"Feature","geometry":{"type":"Point","coordinates":[-122.284657,37.858142]},"properties":{"id":"n2205390386","k":"crossing","t":{"crossing":"uncontrolled","highway":"crossing"}}},
{"type":"Feature","geometry":{"type":"Point","coordinates":[-122.287175,37.860608]},"properties":{"id":"n2205390583","k":"signal","t":{"highway":"stop"}}},
{"type":"Feature","geometry":{"type":"Point","coordinates":[-122.285475,37.861552]},"properties":{"id":"n2205390644","k":"signal","t":{"highway":"stop"}}},
{"type":"Feature","geometry":{"type":"Point","coordinates":[-122.285422,37.861642]},"properties":{"id":"n2205390649","k":"crossing","t":{"crossing":"uncontrolled","kerb":"lowered","tactile_paving":"yes","highway":"crossing"}}},
{"type":"Feature","geometry":{"type":"Point","coordinates":[-122.285865,37.861668]},"properties":{"id":"n2205390653","k":"signal","t":{"highway":"stop"}}},
{"type":"Feature","geometry":{"type":"Point","coordinates":[-122.284641,37.861826]},"properties":{"id":"n2205390658","k":"signal","t":{"highway":"stop"}}},
{"type":"Feature","geometry":{"type":"Point","coordinates":[-122.283223,37.861844]},"properties":{"id":"n2205390663","k":"signal","t":{"highway":"stop"}}},
{"type":"Feature","geometry":{"type":"Point","coordinates":[-122.283153,37.861936]},"properties":{"id":"n2205390666","k":"crossing","t":{"crossing":"uncontrolled","kerb":"lowered","tactile_paving":"yes","highway":"crossing"}}},
{"type":"Feature","geometry":{"type":"Point","coordinates":[-122.283822,37.861932]},"properties":{"id":"n2205390671","k":"signal","t":{"highway":"stop"}}},
{"type":"Feature","geometry":{"type":"Point","coordinates":[-122.283089,37.862026]},"properties":{"id":"n2205390678","k":"signal","t":{"highway":"stop"}}},
{"type":"Feature","geometry":{"type":"Point","coordinates":[-122.282131,37.862152]},"properties":{"id":"n2205390682","k":"signal","t":{"highway":"stop"}}},
{"type":"Feature","geometry":{"type":"Point","coordinates":[-122.281509,37.863981]},"properties":{"id":"n2205390693","k":"signal","t":{"highway":"stop"}}},
{"type":"Feature","geometry":{"type":"Point","coordinates":[-122.281123,37.864034]},"properties":{"id":"n2205390698","k":"signal","t":{"highway":"stop"}}},
{"type":"Feature","geometry":{"type":"Point","coordinates":[-122.286163,37.868885]},"properties":{"id":"n2205390770","k":"crossing","t":{"crossing":"uncontrolled","highway":"crossing"}}},
{"type":"Feature","geometry":{"type":"Point","coordinates":[-122.287417,37.854944]},"properties":{"id":"n2215072621","k":"signal","t":{"highway":"stop"}}},
{"type":"Feature","geometry":{"type":"Point","coordinates":[-122.292638,37.856114]},"properties":{"id":"n2215072626","k":"signal","t":{"highway":"stop"}}},
{"type":"Feature","geometry":{"type":"Point","coordinates":[-122.291749,37.856338]},"properties":{"id":"n2215072628","k":"signal","t":{"highway":"stop"}}},
{"type":"Feature","geometry":{"type":"Point","coordinates":[-122.291568,37.856383]},"properties":{"id":"n2215072629","k":"signal","t":{"highway":"stop"}}},
{"type":"Feature","geometry":{"type":"Point","coordinates":[-122.293136,37.85693]},"properties":{"id":"n2215072630","k":"signal","t":{"highway":"stop"}}},
{"type":"Feature","geometry":{"type":"Point","coordinates":[-122.29291,37.856979]},"properties":{"id":"n2215072631","k":"signal","t":{"highway":"stop"}}},
{"type":"Feature","geometry":{"type":"Point","coordinates":[-122.288478,37.857157]},"properties":{"id":"n2215072633","k":"signal","t":{"highway":"stop"}}},
{"type":"Feature","geometry":{"type":"Point","coordinates":[-122.288287,37.85767]},"properties":{"id":"n2215072636","k":"signal","t":{"highway":"stop"}}},
{"type":"Feature","geometry":{"type":"Point","coordinates":[-122.296779,37.857777]},"properties":{"id":"n2215072638","k":"signal","t":{"highway":"stop"}}},
{"type":"Feature","geometry":{"type":"Point","coordinates":[-122.296685,37.857721]},"properties":{"id":"n2215072639","k":"signal","t":{"highway":"stop"}}},
{"type":"Feature","geometry":{"type":"Point","coordinates":[-122.296441,37.857844]},"properties":{"id":"n2215072640","k":"signal","t":{"highway":"stop"}}},
{"type":"Feature","geometry":{"type":"Point","coordinates":[-122.296732,37.857869]},"properties":{"id":"n2215072641","k":"signal","t":{"highway":"stop"}}},
{"type":"Feature","geometry":{"type":"Point","coordinates":[-122.288754,37.858019]},"properties":{"id":"n2215072642","k":"signal","t":{"highway":"stop"}}},
{"type":"Feature","geometry":{"type":"Point","coordinates":[-122.282495,37.858338]},"properties":{"id":"n2215072643","k":"signal","t":{"highway":"stop"}}},
{"type":"Feature","geometry":{"type":"Point","coordinates":[-122.282524,37.858491]},"properties":{"id":"n2215072644","k":"signal","t":{"highway":"stop"}}},
{"type":"Feature","geometry":{"type":"Point","coordinates":[-122.288573,37.858536]},"properties":{"id":"n2215072645","k":"signal","t":{"highway":"stop"}}},
{"type":"Feature","geometry":{"type":"Point","coordinates":[-122.280358,37.858696]},"properties":{"id":"n2215072646","k":"signal","t":{"highway":"stop"}}},
{"type":"Feature","geometry":{"type":"Point","coordinates":[-122.289128,37.860272]},"properties":{"id":"n2215072648","k":"signal","t":{"highway":"stop"}}},
{"type":"Feature","geometry":{"type":"Point","coordinates":[-122.292933,37.860333]},"properties":{"id":"n2215072649","k":"signal","t":{"highway":"stop"}}},
{"type":"Feature","geometry":{"type":"Point","coordinates":[-122.292985,37.860502]},"properties":{"id":"n2215072650","k":"signal","t":{"highway":"stop"}}},
{"type":"Feature","geometry":{"type":"Point","coordinates":[-122.290722,37.860783]},"properties":{"id":"n2215072663","k":"signal","t":{"highway":"stop"}}},
{"type":"Feature","geometry":{"type":"Point","coordinates":[-122.290777,37.860948]},"properties":{"id":"n2215072671","k":"signal","t":{"highway":"stop"}}},
{"type":"Feature","geometry":{"type":"Point","coordinates":[-122.297966,37.861284]},"properties":{"id":"n2215072677","k":"signal","t":{"highway":"stop"}}},
{"type":"Feature","geometry":{"type":"Point","coordinates":[-122.297768,37.861326]},"properties":{"id":"n2215072678","k":"signal","t":{"highway":"stop"}}},
{"type":"Feature","geometry":{"type":"Point","coordinates":[-122.2968,37.861439]},"properties":{"id":"n2215072679","k":"signal","t":{"highway":"stop"}}},
{"type":"Feature","geometry":{"type":"Point","coordinates":[-122.29685,37.861596]},"properties":{"id":"n2215072680","k":"signal","t":{"highway":"stop"}}},
{"type":"Feature","geometry":{"type":"Point","coordinates":[-122.295802,37.861723]},"properties":{"id":"n2215072681","k":"signal","t":{"highway":"stop"}}},
{"type":"Feature","geometry":{"type":"Point","coordinates":[-122.295552,37.861774]},"properties":{"id":"n2215072682","k":"signal","t":{"highway":"stop"}}},
{"type":"Feature","geometry":{"type":"Point","coordinates":[-122.290303,37.862831]},"properties":{"id":"n2215072684","k":"signal","t":{"highway":"stop"}}},
{"type":"Feature","geometry":{"type":"Point","coordinates":[-122.28997,37.862889]},"properties":{"id":"n2215072685","k":"signal","t":{"highway":"stop"}}},
{"type":"Feature","geometry":{"type":"Point","coordinates":[-122.289116,37.862916]},"properties":{"id":"n2215072686","k":"signal","t":{"highway":"stop"}}},
{"type":"Feature","geometry":{"type":"Point","coordinates":[-122.297368,37.8632]},"properties":{"id":"n2215072687","k":"signal","t":{"highway":"stop"}}},
{"type":"Feature","geometry":{"type":"Point","coordinates":[-122.297418,37.863358]},"properties":{"id":"n2215072690","k":"signal","t":{"highway":"stop"}}},
{"type":"Feature","geometry":{"type":"Point","coordinates":[-122.296362,37.863486]},"properties":{"id":"n2215072691","k":"signal","t":{"highway":"stop"}}},
{"type":"Feature","geometry":{"type":"Point","coordinates":[-122.296121,37.863534]},"properties":{"id":"n2215072692","k":"signal","t":{"highway":"stop"}}},
{"type":"Feature","geometry":{"type":"Point","coordinates":[-122.284147,37.86356]},"properties":{"id":"n2215072693","k":"signal","t":{"highway":"stop"}}},
{"type":"Feature","geometry":{"type":"Point","coordinates":[-122.283252,37.863673]},"properties":{"id":"n2215072695","k":"signal","t":{"highway":"stop"}}},
{"type":"Feature","geometry":{"type":"Point","coordinates":[-122.290208,37.863673]},"properties":{"id":"n2215072696","k":"signal","t":{"highway":"stop"}}},
{"type":"Feature","geometry":{"type":"Point","coordinates":[-122.284184,37.86372]},"properties":{"id":"n2215072700","k":"signal","t":{"highway":"stop"}}},
{"type":"Feature","geometry":{"type":"Point","coordinates":[-122.283274,37.863837]},"properties":{"id":"n2215072703","k":"signal","t":{"highway":"stop"}}},
{"type":"Feature","geometry":{"type":"Point","coordinates":[-122.280266,37.864069]},"properties":{"id":"n2215072704","k":"signal","t":{"highway":"stop"}}},
{"type":"Feature","geometry":{"type":"Point","coordinates":[-122.280289,37.864221]},"properties":{"id":"n2215072705","k":"signal","t":{"highway":"stop"}}},
{"type":"Feature","geometry":{"type":"Point","coordinates":[-122.289681,37.86485]},"properties":{"id":"n2215072722","k":"signal","t":{"highway":"stop"}}},
{"type":"Feature","geometry":{"type":"Point","coordinates":[-122.286572,37.865089]},"properties":{"id":"n2215072726","k":"signal","t":{"highway":"stop"}}},
{"type":"Feature","geometry":{"type":"Point","coordinates":[-122.286604,37.865245]},"properties":{"id":"n2215072729","k":"signal","t":{"highway":"stop"}}},
{"type":"Feature","geometry":{"type":"Point","coordinates":[-122.28265,37.865599]},"properties":{"id":"n2215072732","k":"signal","t":{"highway":"stop"}}},
{"type":"Feature","geometry":{"type":"Point","coordinates":[-122.281701,37.865802]},"properties":{"id":"n2215072733","k":"signal","t":{"highway":"stop"}}},
{"type":"Feature","geometry":{"type":"Point","coordinates":[-122.28132,37.865849]},"properties":{"id":"n2215072734","k":"signal","t":{"highway":"stop"}}},
{"type":"Feature","geometry":{"type":"Point","coordinates":[-122.280466,37.865883]},"properties":{"id":"n2215072735","k":"signal","t":{"highway":"stop"}}},
{"type":"Feature","geometry":{"type":"Point","coordinates":[-122.280482,37.866037]},"properties":{"id":"n2215072736","k":"signal","t":{"highway":"stop"}}},
{"type":"Feature","geometry":{"type":"Point","coordinates":[-122.290015,37.86647]},"properties":{"id":"n2215072739","k":"signal","t":{"highway":"stop"}}},
{"type":"Feature","geometry":{"type":"Point","coordinates":[-122.290052,37.866643]},"properties":{"id":"n2215072742","k":"signal","t":{"highway":"stop"}}},
{"type":"Feature","geometry":{"type":"Point","coordinates":[-122.297398,37.866693]},"properties":{"id":"n2215072743","k":"signal","t":{"highway":"stop"}}},
{"type":"Feature","geometry":{"type":"Point","coordinates":[-122.297151,37.866744]},"properties":{"id":"n2215072744","k":"signal","t":{"highway":"stop"}}},
{"type":"Feature","geometry":{"type":"Point","coordinates":[-122.287968,37.86675]},"properties":{"id":"n2215072745","k":"signal","t":{"highway":"stop"}}},
{"type":"Feature","geometry":{"type":"Point","coordinates":[-122.287998,37.866897]},"properties":{"id":"n2215072746","k":"signal","t":{"highway":"stop"}}},
{"type":"Feature","geometry":{"type":"Point","coordinates":[-122.299901,37.867608]},"properties":{"id":"n2215072749","k":"signal","t":{"highway":"stop"}}},
{"type":"Feature","geometry":{"type":"Point","coordinates":[-122.299957,37.867765]},"properties":{"id":"n2215072750","k":"signal","t":{"highway":"stop"}}},
{"type":"Feature","geometry":{"type":"Point","coordinates":[-122.299305,37.86922]},"properties":{"id":"n2215072751","k":"signal","t":{"highway":"stop"}}},
{"type":"Feature","geometry":{"type":"Point","coordinates":[-122.289542,37.869296]},"properties":{"id":"n2229285552","k":"signal","t":{"highway":"stop"}}},
{"type":"Feature","geometry":{"type":"Point","coordinates":[-122.282249,37.87116]},"properties":{"id":"n2229285741","k":"signal","t":{"highway":"stop"}}},
{"type":"Feature","geometry":{"type":"Point","coordinates":[-122.281878,37.871337]},"properties":{"id":"n2229285744","k":"signal","t":{"highway":"stop"}}},
{"type":"Feature","geometry":{"type":"Point","coordinates":[-122.285774,37.872528]},"properties":{"id":"n2229285746","k":"crossing","t":{"crossing":"uncontrolled","highway":"crossing"}}},
{"type":"Feature","geometry":{"type":"Point","coordinates":[-122.285759,37.872701]},"properties":{"id":"n2229285748","k":"crossing","t":{"crossing":"uncontrolled","highway":"crossing"}}},
{"type":"Feature","geometry":{"type":"Point","coordinates":[-122.285949,37.874353]},"properties":{"id":"n2229285750","k":"signal","t":{"highway":"stop"}}},
{"type":"Feature","geometry":{"type":"Point","coordinates":[-122.285961,37.874506]},"properties":{"id":"n2229285753","k":"signal","t":{"highway":"stop"}}},
{"type":"Feature","geometry":{"type":"Point","coordinates":[-122.284838,37.874641]},"properties":{"id":"n2229285759","k":"crossing","t":{"crossing":"uncontrolled","highway":"crossing"}}},
{"type":"Feature","geometry":{"type":"Point","coordinates":[-122.284837,37.874662]},"properties":{"id":"n2229285761","k":"signal","t":{"highway":"stop"}}},
{"type":"Feature","geometry":{"type":"Point","coordinates":[-122.290053,37.873968]},"properties":{"id":"n2240765810","k":"crossing","t":{"crossing":"uncontrolled","tactile_paving":"yes","highway":"crossing"}}},
{"type":"Feature","geometry":{"type":"Point","coordinates":[-122.290039,37.87384]},"properties":{"id":"n2240765823","k":"crossing","t":{"crossing":"uncontrolled","tactile_paving":"yes","highway":"crossing"}}},
{"type":"Feature","geometry":{"type":"Point","coordinates":[-122.298768,37.867557]},"properties":{"id":"n2267669591","k":"signal","t":{"highway":"stop"}}},
{"type":"Feature","geometry":{"type":"Point","coordinates":[-122.298896,37.86795]},"properties":{"id":"n2267669592","k":"signal","t":{"highway":"stop"}}},
{"type":"Feature","geometry":{"type":"Point","coordinates":[-122.295262,37.874906]},"properties":{"id":"n2267669593","k":"signal","t":{"highway":"stop"}}},
{"type":"Feature","geometry":{"type":"Point","coordinates":[-122.295319,37.875075]},"properties":{"id":"n2267669594","k":"signal","t":{"highway":"stop"}}},
{"type":"Feature","geometry":{"type":"Point","coordinates":[-122.294161,37.875136]},"properties":{"id":"n2267669595","k":"crossing","t":{"crossing":"traffic_signals","highway":"crossing"}}},
{"type":"Feature","geometry":{"type":"Point","coordinates":[-122.294034,37.875149]},"properties":{"id":"n2267669596","k":"crossing","t":{"crossing":"traffic_signals","highway":"crossing"}}},
{"type":"Feature","geometry":{"type":"Point","coordinates":[-122.293152,37.875255]},"properties":{"id":"n2267669597","k":"signal","t":{"highway":"stop"}}},
{"type":"Feature","geometry":{"type":"Point","coordinates":[-122.293983,37.875272]},"properties":{"id":"n2267669598","k":"crossing","t":{"crossing":"traffic_signals","highway":"crossing"}}},
{"type":"Feature","geometry":{"type":"Point","coordinates":[-122.29421,37.875285]},"properties":{"id":"n2267669599","k":"crossing","t":{"crossing":"traffic_signals","highway":"crossing"}}},
{"type":"Feature","geometry":{"type":"Point","coordinates":[-122.294089,37.875315]},"properties":{"id":"n2267669600","k":"crossing","t":{"crossing":"traffic_signals","highway":"crossing"}}},
{"type":"Feature","geometry":{"type":"Point","coordinates":[-122.292294,37.875372]},"properties":{"id":"n2267669601","k":"signal","t":{"highway":"stop"}}},
{"type":"Feature","geometry":{"type":"Point","coordinates":[-122.293419,37.875356]},"properties":{"id":"n2267669602","k":"tree","t":{"natural":"tree"}}},
{"type":"Feature","geometry":{"type":"Point","coordinates":[-122.292398,37.875444]},"properties":{"id":"n2267669607","k":"crossing","t":{"crossing":"uncontrolled","tactile_paving":"yes","highway":"crossing"}}},
{"type":"Feature","geometry":{"type":"Point","coordinates":[-122.292345,37.875531]},"properties":{"id":"n2267669609","k":"signal","t":{"highway":"stop"}}},
{"type":"Feature","geometry":{"type":"Point","coordinates":[-122.292474,37.875942]},"properties":{"id":"n2267669611","k":"signal","t":{"highway":"stop"}}},
{"type":"Feature","geometry":{"type":"Point","coordinates":[-122.292533,37.876128]},"properties":{"id":"n2267669613","k":"signal","t":{"highway":"stop"}}},
{"type":"Feature","geometry":{"type":"Point","coordinates":[-122.291711,37.876336]},"properties":{"id":"n2267669614","k":"signal","t":{"highway":"stop"}}},
{"type":"Feature","geometry":{"type":"Point","coordinates":[-122.291774,37.876533]},"properties":{"id":"n2267669615","k":"signal","t":{"highway":"stop"}}},
{"type":"Feature","geometry":{"type":"Point","coordinates":[-122.290026,37.876652]},"properties":{"id":"n2267669617","k":"signal","t":{"highway":"stop"}}},
{"type":"Feature","geometry":{"type":"Point","coordinates":[-122.291058,37.876729]},"properties":{"id":"n2267669618","k":"signal","t":{"highway":"stop"}}},
{"type":"Feature","geometry":{"type":"Point","coordinates":[-122.280202,37.873328]},"properties":{"id":"n2281374204","k":"signal","t":{"highway":"stop"}}},
{"type":"Feature","geometry":{"type":"Point","coordinates":[-122.280295,37.874229]},"properties":{"id":"n2281374210","k":"signal","t":{"highway":"stop"}}},
{"type":"Feature","geometry":{"type":"Point","coordinates":[-122.280083,37.874258]},"properties":{"id":"n2281374213","k":"signal","t":{"highway":"stop"}}},
{"type":"Feature","geometry":{"type":"Point","coordinates":[-122.280289,37.875078]},"properties":{"id":"n2281374216","k":"signal","t":{"highway":"stop"}}},
{"type":"Feature","geometry":{"type":"Point","coordinates":[-122.280308,37.875226]},"properties":{"id":"n2281374224","k":"signal","t":{"highway":"stop"}}},
{"type":"Feature","geometry":{"type":"Point","coordinates":[-122.280508,37.876043]},"properties":{"id":"n2281374235","k":"signal","t":{"highway":"stop"}}},
{"type":"Feature","geometry":{"type":"Point","coordinates":[-122.280293,37.87607]},"properties":{"id":"n2281374236","k":"signal","t":{"highway":"stop"}}},
{"type":"Feature","geometry":{"type":"Point","coordinates":[-122.280488,37.876872]},"properties":{"id":"n2281374241","k":"signal","t":{"highway":"stop"}}},
{"type":"Feature","geometry":{"type":"Point","coordinates":[-122.280508,37.877037]},"properties":{"id":"n2281374247","k":"signal","t":{"highway":"stop"}}},
{"type":"Feature","geometry":{"type":"Point","coordinates":[-122.288699,37.878873]},"properties":{"id":"n2300191251","k":"waste_basket","t":{"amenity":"waste_basket"}}},
{"type":"Feature","geometry":{"type":"Point","coordinates":[-122.289531,37.880694]},"properties":{"id":"n2300338000","k":"bollard","t":{"barrier":"bollard"}}},
{"type":"Feature","geometry":{"type":"Point","coordinates":[-122.284306,37.880523]},"properties":{"id":"n2355895303","k":"crossing","t":{"crossing":"uncontrolled","highway":"crossing"}}},
{"type":"Feature","geometry":{"type":"Point","coordinates":[-122.282003,37.881745]},"properties":{"id":"n2355895311","k":"crossing","t":{"crossing":"uncontrolled","tactile_paving":"yes","highway":"crossing"}}},
{"type":"Feature","geometry":{"type":"Point","coordinates":[-122.288592,37.878049]},"properties":{"id":"n2355895312","k":"crossing","t":{"crossing":"unmarked","highway":"crossing"}}},
{"type":"Feature","geometry":{"type":"Point","coordinates":[-122.281923,37.881618]},"properties":{"id":"n2355895325","k":"crossing","t":{"crossing":"uncontrolled","tactile_paving":"yes","highway":"crossing"}}},
{"type":"Feature","geometry":{"type":"Point","coordinates":[-122.283744,37.87297]},"properties":{"id":"n2405711068","k":"crossing","t":{"crossing":"uncontrolled","highway":"crossing"}}},
{"type":"Feature","geometry":{"type":"Point","coordinates":[-122.282743,37.874647]},"properties":{"id":"n2405711069","k":"kerb:raised","t":{"kerb":"raised","tactile_paving":"yes","wheelchair":"no","barrier":"kerb"}}},
{"type":"Feature","geometry":{"type":"Point","coordinates":[-122.284817,37.874577]},"properties":{"id":"n2420435198","k":"bollard","t":{"barrier":"bollard","width":"0.75","height":"1"}}},
{"type":"Feature","geometry":{"type":"Point","coordinates":[-122.291303,37.858945]},"properties":{"id":"n2421788523","k":"crossing","t":{"crossing":"uncontrolled","highway":"crossing"}}},
{"type":"Feature","geometry":{"type":"Point","coordinates":[-122.289795,37.852594]},"properties":{"id":"n2421788542","k":"crossing","t":{"crossing":"uncontrolled","highway":"crossing"}}},
{"type":"Feature","geometry":{"type":"Point","coordinates":[-122.290825,37.857437]},"properties":{"id":"n2421788553","k":"crossing","t":{"crossing":"uncontrolled","highway":"crossing"}}},
{"type":"Feature","geometry":{"type":"Point","coordinates":[-122.290874,37.857569]},"properties":{"id":"n2421788555","k":"crossing","t":{"crossing":"uncontrolled","highway":"crossing"}}},
{"type":"Feature","geometry":{"type":"Point","coordinates":[-122.291828,37.86058]},"properties":{"id":"n2421788560","k":"crossing","t":{"crossing":"uncontrolled","highway":"crossing"}}},
{"type":"Feature","geometry":{"type":"Point","coordinates":[-122.291276,37.858821]},"properties":{"id":"n2421788566","k":"crossing","t":{"crossing":"uncontrolled","highway":"crossing"}}},
{"type":"Feature","geometry":{"type":"Point","coordinates":[-122.289422,37.851716]},"properties":{"id":"n2421788591","k":"crossing","t":{"crossing":"traffic_signals","tactile_paving":"yes","highway":"crossing"}}},
{"type":"Feature","geometry":{"type":"Point","coordinates":[-122.291404,37.852261]},"properties":{"id":"n2421788599","k":"crossing","t":{"crossing":"uncontrolled","highway":"crossing"}}},
{"type":"Feature","geometry":{"type":"Point","coordinates":[-122.294893,37.870091]},"properties":{"id":"n2421839395","k":"signal","t":{"highway":"stop"}}},
{"type":"Feature","geometry":{"type":"Point","coordinates":[-122.310526,37.865293]},"properties":{"id":"n2443760071","k":"bus_stop","t":{"name":"University Avenue & Marina Boulevard","highway":"bus_stop","bus":"yes","shelter":"no","operator":"Alameda-Contra Costa Transit District","ref":"52997"}}},
{"type":"Feature","geometry":{"type":"Point","coordinates":[-122.286815,37.868724]},"properties":{"id":"n2443760106","k":"bollard","t":{"barrier":"bollard"}}},
{"type":"Feature","geometry":{"type":"Point","coordinates":[-122.309183,37.877657]},"properties":{"id":"n2443760118","k":"bollard","t":{"barrier":"bollard"}}},
{"type":"Feature","geometry":{"type":"Point","coordinates":[-122.300508,37.870095]},"properties":{"id":"n2475986994","k":"post_box","t":{"amenity":"post_box","operator":"UPS"}}},
{"type":"Feature","geometry":{"type":"Point","coordinates":[-122.300496,37.870096]},"properties":{"id":"n2475987495","k":"post_box","t":{"amenity":"post_box","operator":"FedEx"}}},
{"type":"Feature","geometry":{"type":"Point","coordinates":[-122.300491,37.87019]},"properties":{"id":"n2475987563","k":"bicycle_parking","t":{"amenity":"bicycle_parking","capacity":"8"}}},
{"type":"Feature","geometry":{"type":"Point","coordinates":[-122.300389,37.870322]},"properties":{"id":"n2475989216","k":"bicycle_parking","t":{"amenity":"bicycle_parking","capacity":"4"}}},
{"type":"Feature","geometry":{"type":"Point","coordinates":[-122.300318,37.87036]},"properties":{"id":"n2475989217","k":"bicycle_parking","t":{"amenity":"bicycle_parking","capacity":"4"}}},
{"type":"Feature","geometry":{"type":"Point","coordinates":[-122.299889,37.870435]},"properties":{"id":"n2475991112","k":"bicycle_parking","t":{"amenity":"bicycle_parking","capacity":"4"}}},
{"type":"Feature","geometry":{"type":"Point","coordinates":[-122.300952,37.870549]},"properties":{"id":"n2475993707","k":"bicycle_parking","t":{"amenity":"bicycle_parking","capacity":"3"}}},
{"type":"Feature","geometry":{"type":"Point","coordinates":[-122.301236,37.869775]},"properties":{"id":"n2475997114","k":"bicycle_parking","t":{"amenity":"bicycle_parking","capacity":"5"}}},
{"type":"Feature","geometry":{"type":"Point","coordinates":[-122.300452,37.86911]},"properties":{"id":"n2476002467","k":"bicycle_parking","t":{"amenity":"bicycle_parking","capacity":"4"}}},
{"type":"Feature","geometry":{"type":"Point","coordinates":[-122.302055,37.865743]},"properties":{"id":"n2476110323","k":"signal","t":{"highway":"stop"}}},
{"type":"Feature","geometry":{"type":"Point","coordinates":[-122.30175,37.865906]},"properties":{"id":"n2476110325","k":"signal","t":{"highway":"stop"}}},
{"type":"Feature","geometry":{"type":"Point","coordinates":[-122.30217,37.866974]},"properties":{"id":"n2476110330","k":"signal","t":{"highway":"stop"}}},
{"type":"Feature","geometry":{"type":"Point","coordinates":[-122.299821,37.86738]},"properties":{"id":"n2476110332","k":"crossing","t":{"crossing":"uncontrolled","highway":"crossing"}}},
{"type":"Feature","geometry":{"type":"Point","coordinates":[-122.299949,37.867409]},"properties":{"id":"n2476110334","k":"crossing","t":{"crossing":"uncontrolled","highway":"crossing"}}},
{"type":"Feature","geometry":{"type":"Point","coordinates":[-122.299748,37.86745]},"properties":{"id":"n2476110335","k":"crossing","t":{"crossing":"uncontrolled","tactile_paving":"yes","highway":"crossing"}}},
{"type":"Feature","geometry":{"type":"Point","coordinates":[-122.300014,37.867628]},"properties":{"id":"n2476110336","k":"crossing","t":{"crossing":"uncontrolled","highway":"crossing"}}},
{"type":"Feature","geometry":{"type":"Point","coordinates":[-122.299808,37.867671]},"properties":{"id":"n2476110340","k":"crossing","t":{"crossing":"uncontrolled","tactile_paving":"yes","highway":"crossing"}}},
{"type":"Feature","geometry":{"type":"Point","coordinates":[-122.299951,37.867746]},"properties":{"id":"n2476110343","k":"crossing","t":{"crossing":"uncontrolled","tactile_paving":"yes","highway":"crossing"}}},
{"type":"Feature","geometry":{"type":"Point","coordinates":[-122.300289,37.868798]},"properties":{"id":"n2476110364","k":"crossing","t":{"crossing":"uncontrolled","tactile_paving":"yes","highway":"crossing"}}},
{"type":"Feature","geometry":{"type":"Point","coordinates":[-122.300423,37.868855]},"properties":{"id":"n2476110367","k":"crossing","t":{"crossing":"uncontrolled","tactile_paving":"yes","highway":"crossing"}}},
{"type":"Feature","geometry":{"type":"Point","coordinates":[-122.300195,37.868899]},"properties":{"id":"n2476110368","k":"crossing","t":{"crossing":"uncontrolled","tactile_paving":"yes","highway":"crossing"}}},
{"type":"Feature","geometry":{"type":"Point","coordinates":[-122.300328,37.868958]},"properties":{"id":"n2476110370","k":"crossing","t":{"crossing":"uncontrolled","tactile_paving":"yes","highway":"crossing"}}},
{"type":"Feature","geometry":{"type":"Point","coordinates":[-122.300078,37.868995]},"properties":{"id":"n2476110372","k":"bicycle_parking","t":{"amenity":"bicycle_parking","capacity":"2"}}},
{"type":"Feature","geometry":{"type":"Point","coordinates":[-122.30072,37.870171]},"properties":{"id":"n2476110391","k":"crossing","t":{"crossing":"uncontrolled","highway":"crossing"}}},
{"type":"Feature","geometry":{"type":"Point","coordinates":[-122.286093,37.850109]},"properties":{"id":"n2644106909","k":"signal","t":{"highway":"traffic_signals"}}},
{"type":"Feature","geometry":{"type":"Point","coordinates":[-122.285974,37.850142]},"properties":{"id":"n2644106912","k":"signal","t":{"highway":"traffic_signals"}}},
{"type":"Feature","geometry":{"type":"Point","coordinates":[-122.288072,37.869782]},"properties":{"id":"n2664624482","k":"signal","t":{"highway":"stop"}}},
{"type":"Feature","geometry":{"type":"Point","coordinates":[-122.312339,37.881443]},"properties":{"id":"n2839116134","k":"crossing","t":{"crossing":"uncontrolled","highway":"crossing"}}},
{"type":"Feature","geometry":{"type":"Point","coordinates":[-122.312273,37.881457]},"properties":{"id":"n2839116135","k":"crossing","t":{"crossing":"uncontrolled","highway":"crossing"}}},
{"type":"Feature","geometry":{"type":"Point","coordinates":[-122.29086,37.869392]},"properties":{"id":"n2840910601","k":"bicycle_parking","t":{"amenity":"bicycle_parking","capacity":"8"}}},
{"type":"Feature","geometry":{"type":"Point","coordinates":[-122.293795,37.858488]},"properties":{"id":"n2976018760","k":"post_box","t":{"amenity":"post_box","operator":"United States Postal Service"}}},
{"type":"Feature","geometry":{"type":"Point","coordinates":[-122.318335,37.867109]},"properties":{"id":"n3455918281","k":"bench","t":{"amenity":"bench"}}},
{"type":"Feature","geometry":{"type":"Point","coordinates":[-122.300502,37.862653]},"properties":{"id":"n3497323292","k":"signal","t":{"highway":"stop"}}},
{"type":"Feature","geometry":{"type":"Point","coordinates":[-122.297049,37.879384]},"properties":{"id":"n3573557997","k":"bicycle_parking","t":{"amenity":"bicycle_parking","capacity":"20"}}},
{"type":"Feature","geometry":{"type":"Point","coordinates":[-122.296942,37.880152]},"properties":{"id":"n3573558023","k":"signal","t":{"highway":"stop"}}},
{"type":"Feature","geometry":{"type":"Point","coordinates":[-122.29701,37.880358]},"properties":{"id":"n3573558024","k":"signal","t":{"highway":"stop"}}},
{"type":"Feature","geometry":{"type":"Point","coordinates":[-122.300274,37.879484]},"properties":{"id":"n3575317842","k":"signal","t":{"highway":"stop"}}},
{"type":"Feature","geometry":{"type":"Point","coordinates":[-122.300336,37.879681]},"properties":{"id":"n3575317848","k":"signal","t":{"highway":"stop"}}},
{"type":"Feature","geometry":{"type":"Point","coordinates":[-122.30262,37.866062]},"properties":{"id":"n3701119830","k":"crossing","t":{"crossing":"uncontrolled","highway":"crossing"}}},
{"type":"Feature","geometry":{"type":"Point","coordinates":[-122.302743,37.866203]},"properties":{"id":"n3701119837","k":"crossing","t":{"crossing":"uncontrolled","highway":"crossing"}}},
{"type":"Feature","geometry":{"type":"Point","coordinates":[-122.291927,37.868204]},"properties":{"id":"n3720819935","k":"crossing","t":{"crossing":"uncontrolled","highway":"crossing"}}},
{"type":"Feature","geometry":{"type":"Point","coordinates":[-122.291806,37.868227]},"properties":{"id":"n3720819936","k":"crossing","t":{"crossing":"uncontrolled","highway":"crossing"}}},
{"type":"Feature","geometry":{"type":"Point","coordinates":[-122.283168,37.874656]},"properties":{"id":"n3749560036","k":"signal","t":{"highway":"stop"}}},
{"type":"Feature","geometry":{"type":"Point","coordinates":[-122.280891,37.873109]},"properties":{"id":"n3902133660","k":"bench","t":{"amenity":"bench"}}},
{"type":"Feature","geometry":{"type":"Point","coordinates":[-122.307292,37.879646]},"properties":{"id":"n3958195471","k":"signal","t":{"highway":"traffic_signals"}}},
{"type":"Feature","geometry":{"type":"Point","coordinates":[-122.282128,37.873578]},"properties":{"id":"n4005063697","k":"bench","t":{"amenity":"bench"}}},
{"type":"Feature","geometry":{"type":"Point","coordinates":[-122.287918,37.876181]},"properties":{"id":"n4034055035","k":"bench","t":{"amenity":"bench"}}},
{"type":"Feature","geometry":{"type":"Point","coordinates":[-122.287887,37.876179]},"properties":{"id":"n4034055036","k":"bench","t":{"amenity":"bench"}}},
{"type":"Feature","geometry":{"type":"Point","coordinates":[-122.288398,37.876352]},"properties":{"id":"n4034055045","k":"bench","t":{"amenity":"bench"}}},
{"type":"Feature","geometry":{"type":"Point","coordinates":[-122.288303,37.876148]},"properties":{"id":"n4034055046","k":"bench","t":{"amenity":"bench"}}},
{"type":"Feature","geometry":{"type":"Point","coordinates":[-122.288334,37.876133]},"properties":{"id":"n4034055047","k":"bench","t":{"amenity":"bench"}}},
{"type":"Feature","geometry":{"type":"Point","coordinates":[-122.28863,37.876165]},"properties":{"id":"n4034055048","k":"bench","t":{"amenity":"bench"}}},
{"type":"Feature","geometry":{"type":"Point","coordinates":[-122.288628,37.87614]},"properties":{"id":"n4034055049","k":"bench","t":{"amenity":"bench"}}},
{"type":"Feature","geometry":{"type":"Point","coordinates":[-122.288568,37.876309]},"properties":{"id":"n4034055050","k":"bench","t":{"amenity":"bench"}}},
{"type":"Feature","geometry":{"type":"Point","coordinates":[-122.299298,37.869463]},"properties":{"id":"n4081335339","k":"bicycle_parking","t":{"amenity":"bicycle_parking","capacity":"2"}}},
{"type":"Feature","geometry":{"type":"Point","coordinates":[-122.281751,37.870131]},"properties":{"id":"n4113520592","k":"bench","t":{"amenity":"bench"}}},
{"type":"Feature","geometry":{"type":"Point","coordinates":[-122.291226,37.851457]},"properties":{"id":"n4168260367","k":"crossing","t":{"crossing":"traffic_signals","highway":"crossing"}}},
{"type":"Feature","geometry":{"type":"Point","coordinates":[-122.28361,37.852829]},"properties":{"id":"n4199619243","k":"hydrant","t":{"emergency":"fire_hydrant"}}},
{"type":"Feature","geometry":{"type":"Point","coordinates":[-122.28769,37.854397]},"properties":{"id":"n4199619244","k":"hydrant","t":{"emergency":"fire_hydrant"}}},
{"type":"Feature","geometry":{"type":"Point","coordinates":[-122.288528,37.858596]},"properties":{"id":"n4199619247","k":"hydrant","t":{"emergency":"fire_hydrant"}}},
{"type":"Feature","geometry":{"type":"Point","coordinates":[-122.288883,37.858521]},"properties":{"id":"n4199619248","k":"hydrant","t":{"emergency":"fire_hydrant"}}},
{"type":"Feature","geometry":{"type":"Point","coordinates":[-122.288803,37.859465]},"properties":{"id":"n4199619249","k":"hydrant","t":{"emergency":"fire_hydrant"}}},
{"type":"Feature","geometry":{"type":"Point","coordinates":[-122.288486,37.856174]},"properties":{"id":"n4199619704","k":"hydrant","t":{"emergency":"fire_hydrant"}}},
{"type":"Feature","geometry":{"type":"Point","coordinates":[-122.288244,37.857731]},"properties":{"id":"n4199631421","k":"hydrant","t":{"emergency":"fire_hydrant"}}},
{"type":"Feature","geometry":{"type":"Point","coordinates":[-122.286514,37.852215]},"properties":{"id":"n4199631493","k":"hydrant","t":{"emergency":"fire_hydrant"}}},
{"type":"Feature","geometry":{"type":"Point","coordinates":[-122.287391,37.855002]},"properties":{"id":"n4199631498","k":"hydrant","t":{"emergency":"fire_hydrant"}}},
{"type":"Feature","geometry":{"type":"Point","coordinates":[-122.288476,37.85726]},"properties":{"id":"n4199631759","k":"post_box","t":{"amenity":"post_box","operator":"United States Postal Service"}}},
{"type":"Feature","geometry":{"type":"Point","coordinates":[-122.288634,37.857672]},"properties":{"id":"n4199631760","k":"hydrant","t":{"emergency":"fire_hydrant"}}},
{"type":"Feature","geometry":{"type":"Point","coordinates":[-122.290076,37.858989]},"properties":{"id":"n4199631761","k":"hydrant","t":{"emergency":"fire_hydrant"}}},
{"type":"Feature","geometry":{"type":"Point","coordinates":[-122.291484,37.858899]},"properties":{"id":"n4199631762","k":"hydrant","t":{"emergency":"fire_hydrant"}}},
{"type":"Feature","geometry":{"type":"Point","coordinates":[-122.287061,37.853546]},"properties":{"id":"n4213378290","k":"crossing","t":{"crossing":"uncontrolled","highway":"crossing"}}},
{"type":"Feature","geometry":{"type":"Point","coordinates":[-122.287435,37.854289]},"properties":{"id":"n4213378291","k":"crossing","t":{"crossing":"traffic_signals","highway":"crossing"}}},
{"type":"Feature","geometry":{"type":"Point","coordinates":[-122.287312,37.854313]},"properties":{"id":"n4213378292","k":"crossing","t":{"crossing":"traffic_signals","highway":"crossing"}}},
{"type":"Feature","geometry":{"type":"Point","coordinates":[-122.287563,37.854364]},"properties":{"id":"n4213378293","k":"crossing","t":{"crossing":"traffic_signals","highway":"crossing"}}},
{"type":"Feature","geometry":{"type":"Point","coordinates":[-122.287489,37.854454]},"properties":{"id":"n4213378294","k":"crossing","t":{"crossing":"traffic_signals","highway":"crossing"}}},
{"type":"Feature","geometry":{"type":"Point","coordinates":[-122.287367,37.854478]},"properties":{"id":"n4213378295","k":"crossing","t":{"crossing":"traffic_signals","highway":"crossing"}}},
{"type":"Feature","geometry":{"type":"Point","coordinates":[-122.287622,37.854852]},"properties":{"id":"n4213378297","k":"crossing","t":{"crossing":"uncontrolled","highway":"crossing"}}},
{"type":"Feature","geometry":{"type":"Point","coordinates":[-122.287491,37.854869]},"properties":{"id":"n4213378299","k":"crossing","t":{"crossing":"uncontrolled","highway":"crossing"}}},
{"type":"Feature","geometry":{"type":"Point","coordinates":[-122.287436,37.854941]},"properties":{"id":"n4213378300","k":"crossing","t":{"crossing":"uncontrolled","highway":"crossing"}}},
{"type":"Feature","geometry":{"type":"Point","coordinates":[-122.288036,37.856135]},"properties":{"id":"n4213378301","k":"crossing","t":{"crossing":"traffic_signals","highway":"crossing"}}},
{"type":"Feature","geometry":{"type":"Point","coordinates":[-122.2879,37.856162]},"properties":{"id":"n4213378302","k":"crossing","t":{"crossing":"traffic_signals","highway":"crossing"}}},
{"type":"Feature","geometry":{"type":"Point","coordinates":[-122.28815,37.856183]},"properties":{"id":"n4213378303","k":"crossing","t":{"crossing":"traffic_signals","highway":"crossing"}}},
{"type":"Feature","geometry":{"type":"Point","coordinates":[-122.288079,37.856268]},"properties":{"id":"n4213378304","k":"crossing","t":{"crossing":"traffic_signals","highway":"crossing"}}},
{"type":"Feature","geometry":{"type":"Point","coordinates":[-122.287944,37.856294]},"properties":{"id":"n4213378305","k":"crossing","t":{"crossing":"traffic_signals","highway":"crossing"}}},
{"type":"Feature","geometry":{"type":"Point","coordinates":[-122.288461,37.857161]},"properties":{"id":"n4213378306","k":"crossing","t":{"crossing":"uncontrolled","highway":"crossing"}}},
{"type":"Feature","geometry":{"type":"Point","coordinates":[-122.288313,37.857666]},"properties":{"id":"n4213378307","k":"crossing","t":{"crossing":"uncontrolled","highway":"crossing"}}},
{"type":"Feature","geometry":{"type":"Point","coordinates":[-122.288739,37.858023]},"properties":{"id":"n4213378308","k":"crossing","t":{"crossing":"uncontrolled","highway":"crossing"}}},
{"type":"Feature","geometry":{"type":"Point","coordinates":[-122.288668,37.858115]},"properties":{"id":"n4213378309","k":"crossing","t":{"crossing":"uncontrolled","highway":"crossing"}}},
{"type":"Feature","geometry":{"type":"Point","coordinates":[-122.288542,37.858137]},"properties":{"id":"n4213378310","k":"crossing","t":{"crossing":"uncontrolled","highway":"crossing"}}},
{"type":"Feature","geometry":{"type":"Point","coordinates":[-122.288773,37.858444]},"properties":{"id":"n4213378312","k":"crossing","t":{"crossing":"uncontrolled","highway":"crossing"}}},
{"type":"Feature","geometry":{"type":"Point","coordinates":[-122.288647,37.858459]},"properties":{"id":"n4213378313","k":"crossing","t":{"crossing":"uncontrolled","highway":"crossing"}}},
{"type":"Feature","geometry":{"type":"Point","coordinates":[-122.288593,37.858532]},"properties":{"id":"n4213378314","k":"crossing","t":{"crossing":"uncontrolled","highway":"crossing"}}},
{"type":"Feature","geometry":{"type":"Point","coordinates":[-122.28881,37.858558]},"properties":{"id":"n4213378315","k":"crossing","t":{"crossing":"uncontrolled","highway":"crossing"}}},
{"type":"Feature","geometry":{"type":"Point","coordinates":[-122.288687,37.858583]},"properties":{"id":"n4213378316","k":"crossing","t":{"crossing":"uncontrolled","highway":"crossing"}}},
{"type":"Feature","geometry":{"type":"Point","coordinates":[-122.289041,37.859261]},"properties":{"id":"n4213378317","k":"crossing","t":{"crossing":"traffic_signals","highway":"crossing"}}},
{"type":"Feature","geometry":{"type":"Point","coordinates":[-122.289158,37.859311]},"properties":{"id":"n4213378318","k":"crossing","t":{"crossing":"traffic_signals","highway":"crossing"}}},
{"type":"Feature","geometry":{"type":"Point","coordinates":[-122.288917,37.859301]},"properties":{"id":"n4213378319","k":"crossing","t":{"crossing":"traffic_signals","highway":"crossing"}}},
{"type":"Feature","geometry":{"type":"Point","coordinates":[-122.288861,37.859401]},"properties":{"id":"n4213378320","k":"crossing","t":{"crossing":"traffic_signals","highway":"crossing"}}},
{"type":"Feature","geometry":{"type":"Point","coordinates":[-122.289095,37.859428]},"properties":{"id":"n4213378321","k":"crossing","t":{"crossing":"traffic_signals","highway":"crossing"}}},
{"type":"Feature","geometry":{"type":"Point","coordinates":[-122.288967,37.859454]},"properties":{"id":"n4213378322","k":"crossing","t":{"crossing":"traffic_signals","highway":"crossing"}}},
{"type":"Feature","geometry":{"type":"Point","coordinates":[-122.289331,37.860173]},"properties":{"id":"n4213378323","k":"crossing","t":{"crossing":"uncontrolled","highway":"crossing"}}},
{"type":"Feature","geometry":{"type":"Point","coordinates":[-122.289206,37.860193]},"properties":{"id":"n4213378324","k":"crossing","t":{"crossing":"uncontrolled","highway":"crossing"}}},
{"type":"Feature","geometry":{"type":"Point","coordinates":[-122.28915,37.860269]},"properties":{"id":"n4213378325","k":"crossing","t":{"crossing":"uncontrolled","highway":"crossing"}}},
{"type":"Feature","geometry":{"type":"Point","coordinates":[-122.289617,37.861017]},"properties":{"id":"n4213378326","k":"crossing","t":{"crossing":"traffic_signals","highway":"crossing"}}},
{"type":"Feature","geometry":{"type":"Point","coordinates":[-122.289485,37.861038]},"properties":{"id":"n4213378327","k":"crossing","t":{"crossing":"traffic_signals","highway":"crossing"}}},
{"type":"Feature","geometry":{"type":"Point","coordinates":[-122.289722,37.861076]},"properties":{"id":"n4213378328","k":"crossing","t":{"crossing":"traffic_signals","highway":"crossing"}}},
{"type":"Feature","geometry":{"type":"Point","coordinates":[-122.289425,37.861122]},"properties":{"id":"n4213378329","k":"crossing","t":{"crossing":"traffic_signals","highway":"crossing"}}},
{"type":"Feature","geometry":{"type":"Point","coordinates":[-122.28966,37.861162]},"properties":{"id":"n4213378330","k":"crossing","t":{"crossing":"traffic_signals","highway":"crossing"}}},
{"type":"Feature","geometry":{"type":"Point","coordinates":[-122.289536,37.861184]},"properties":{"id":"n4213378331","k":"crossing","t":{"crossing":"traffic_signals","highway":"crossing"}}},
{"type":"Feature","geometry":{"type":"Point","coordinates":[-122.290183,37.862784]},"properties":{"id":"n4213378333","k":"crossing","t":{"crossing":"uncontrolled","highway":"crossing"}}},
{"type":"Feature","geometry":{"type":"Point","coordinates":[-122.290058,37.862805]},"properties":{"id":"n4213378334","k":"crossing","t":{"crossing":"uncontrolled","highway":"crossing"}}},
{"type":"Feature","geometry":{"type":"Point","coordinates":[-122.29029,37.862833]},"properties":{"id":"n4213378335","k":"crossing","t":{"crossing":"uncontrolled","tactile_paving":"yes","highway":"crossing"}}},
{"type":"Feature","geometry":{"type":"Point","coordinates":[-122.289994,37.862885]},"properties":{"id":"n4213378336","k":"crossing","t":{"crossing":"uncontrolled","highway":"crossing"}}},
{"type":"Feature","geometry":{"type":"Point","coordinates":[-122.290226,37.862916]},"properties":{"id":"n4213378337","k":"crossing","t":{"crossing":"uncontrolled","tactile_paving":"yes","highway":"crossing"}}},
{"type":"Feature","geometry":{"type":"Point","coordinates":[-122.290103,37.862937]},"properties":{"id":"n4213378338","k":"crossing","t":{"crossing":"uncontrolled","highway":"crossing"}}},
{"type":"Feature","geometry":{"type":"Point","coordinates":[-122.29044,37.863584]},"properties":{"id":"n4213378340","k":"crossing","t":{"crossing":"uncontrolled","kerb":"lowered","tactile_paving":"yes","highway":"crossing"}}},
{"type":"Feature","geometry":{"type":"Point","coordinates":[-122.290316,37.863603]},"properties":{"id":"n4213378341","k":"crossing","t":{"crossing":"uncontrolled","highway":"crossing"}}},
{"type":"Feature","geometry":{"type":"Point","coordinates":[-122.290247,37.863667]},"properties":{"id":"n4213378342","k":"crossing","t":{"crossing":"uncontrolled","highway":"crossing"}}},
{"type":"Feature","geometry":{"type":"Point","coordinates":[-122.29075,37.86455]},"properties":{"id":"n4213378345","k":"crossing","t":{"crossing":"traffic_signals","highway":"crossing"}}},
{"type":"Feature","geometry":{"type":"Point","coordinates":[-122.290628,37.864571]},"properties":{"id":"n4213378346","k":"crossing","t":{"crossing":"traffic_signals","highway":"crossing"}}},
{"type":"Feature","geometry":{"type":"Point","coordinates":[-122.290853,37.864597]},"properties":{"id":"n4213378347","k":"crossing","t":{"crossing":"traffic_signals","highway":"crossing"}}},
{"type":"Feature","geometry":{"type":"Point","coordinates":[-122.290561,37.864651]},"properties":{"id":"n4213378348","k":"crossing","t":{"crossing":"traffic_signals","highway":"crossing"}}},
{"type":"Feature","geometry":{"type":"Point","coordinates":[-122.290789,37.864677]},"properties":{"id":"n4213378349","k":"crossing","t":{"crossing":"traffic_signals","highway":"crossing"}}},
{"type":"Feature","geometry":{"type":"Point","coordinates":[-122.290667,37.864696]},"properties":{"id":"n4213378350","k":"crossing","t":{"crossing":"traffic_signals","highway":"crossing"}}},
{"type":"Feature","geometry":{"type":"Point","coordinates":[-122.291315,37.866312]},"properties":{"id":"n4213378351","k":"crossing","t":{"crossing":"traffic_signals","highway":"crossing"}}},
{"type":"Feature","geometry":{"type":"Point","coordinates":[-122.291195,37.866336]},"properties":{"id":"n4213378352","k":"crossing","t":{"crossing":"traffic_signals","highway":"crossing"}}},
{"type":"Feature","geometry":{"type":"Point","coordinates":[-122.291423,37.866355]},"properties":{"id":"n4213378353","k":"crossing","t":{"crossing":"traffic_signals","highway":"crossing"}}},
{"type":"Feature","geometry":{"type":"Point","coordinates":[-122.29113,37.866409]},"properties":{"id":"n4213378354","k":"crossing","t":{"crossing":"traffic_signals","highway":"crossing"}}},
{"type":"Feature","geometry":{"type":"Point","coordinates":[-122.291353,37.866442]},"properties":{"id":"n4213378355","k":"crossing","t":{"crossing":"traffic_signals","highway":"crossing"}}},
{"type":"Feature","geometry":{"type":"Point","coordinates":[-122.291238,37.866463]},"properties":{"id":"n4213378356","k":"crossing","t":{"crossing":"traffic_signals","highway":"crossing"}}},
{"type":"Feature","geometry":{"type":"Point","coordinates":[-122.29076,37.866513]},"properties":{"id":"n4213378357","k":"kerb:lowered","t":{"kerb":"lowered","barrier":"kerb"}}},
{"type":"Feature","geometry":{"type":"Point","coordinates":[-122.2912,37.866594]},"properties":{"id":"n4213378358","k":"kerb:lowered","t":{"kerb":"lowered","barrier":"kerb"}}},
{"type":"Feature","geometry":{"type":"Point","coordinates":[-122.291268,37.86677]},"properties":{"id":"n4213378360","k":"kerb:lowered","t":{"kerb":"lowered","barrier":"kerb"}}},
{"type":"Feature","geometry":{"type":"Point","coordinates":[-122.2916,37.867182]},"properties":{"id":"n4213378363","k":"crossing","t":{"crossing":"uncontrolled","kerb":"lowered","tactile_paving":"yes","highway":"crossing"}}},
{"type":"Feature","geometry":{"type":"Point","coordinates":[-122.291474,37.867207]},"properties":{"id":"n4213378364","k":"crossing","t":{"crossing":"uncontrolled","kerb":"lowered","tactile_paving":"yes","highway":"crossing"}}},
{"type":"Feature","geometry":{"type":"Point","coordinates":[-122.29141,37.867282]},"properties":{"id":"n4213378365","k":"crossing","t":{"crossing":"uncontrolled","highway":"crossing"}}},
{"type":"Feature","geometry":{"type":"Point","coordinates":[-122.291784,37.867759]},"properties":{"id":"n4213378366","k":"crossing","t":{"crossing":"traffic_signals","kerb":"lowered","tactile_paving":"yes","highway":"crossing"}}},
{"type":"Feature","geometry":{"type":"Point","coordinates":[-122.291663,37.867785]},"properties":{"id":"n4213378367","k":"crossing","t":{"crossing":"traffic_signals","kerb":"lowered","tactile_paving":"yes","highway":"crossing"}}},
{"type":"Feature","geometry":{"type":"Point","coordinates":[-122.291885,37.867797]},"properties":{"id":"n4213378368","k":"crossing","t":{"crossing":"traffic_signals","highway":"crossing"}}},
{"type":"Feature","geometry":{"type":"Point","coordinates":[-122.291824,37.867883]},"properties":{"id":"n4213378369","k":"crossing","t":{"crossing":"traffic_signals","kerb":"lowered","tactile_paving":"yes","highway":"crossing"}}},
{"type":"Feature","geometry":{"type":"Point","coordinates":[-122.291702,37.867908]},"properties":{"id":"n4213378370","k":"crossing","t":{"crossing":"traffic_signals","kerb":"lowered","tactile_paving":"yes","highway":"crossing"}}},
{"type":"Feature","geometry":{"type":"Point","coordinates":[-122.291698,37.868175]},"properties":{"id":"n4213378371","k":"crossing","t":{"crossing":"uncontrolled","highway":"crossing"}}},
{"type":"Feature","geometry":{"type":"Point","coordinates":[-122.292174,37.868983]},"properties":{"id":"n4213378372","k":"crossing","t":{"crossing":"traffic_signals","tactile_paving":"yes","highway":"crossing"}}},
{"type":"Feature","geometry":{"type":"Point","coordinates":[-122.292054,37.869]},"properties":{"id":"n4213378373","k":"crossing","t":{"crossing":"traffic_signals","tactile_paving":"yes","highway":"crossing"}}},
{"type":"Feature","geometry":{"type":"Point","coordinates":[-122.29229,37.869037]},"properties":{"id":"n4213378374","k":"crossing","t":{"crossing":"traffic_signals","tactile_paving":"yes","highway":"crossing"}}},
{"type":"Feature","geometry":{"type":"Point","coordinates":[-122.291988,37.86908]},"properties":{"id":"n4213378375","k":"crossing","t":{"crossing":"traffic_signals","tactile_paving":"yes","highway":"crossing"}}},
{"type":"Feature","geometry":{"type":"Point","coordinates":[-122.292318,37.869124]},"properties":{"id":"n4213378376","k":"crossing","t":{"crossing":"traffic_signals","tactile_paving":"yes","highway":"crossing"}}},
{"type":"Feature","geometry":{"type":"Point","coordinates":[-122.292017,37.86917]},"properties":{"id":"n4213378377","k":"crossing","t":{"crossing":"traffic_signals","highway":"crossing"}}},
{"type":"Feature","geometry":{"type":"Point","coordinates":[-122.292244,37.869212]},"properties":{"id":"n4213378378","k":"crossing","t":{"crossing":"traffic_signals","tactile_paving":"yes","highway":"crossing"}}},
{"type":"Feature","geometry":{"type":"Point","coordinates":[-122.292133,37.869227]},"properties":{"id":"n4213378379","k":"crossing","t":{"crossing":"traffic_signals","tactile_paving":"yes","highway":"crossing"}}},
{"type":"Feature","geometry":{"type":"Point","coordinates":[-122.292622,37.870352]},"properties":{"id":"n4213378384","k":"crossing","t":{"crossing":"traffic_signals","highway":"crossing"}}},
{"type":"Feature","geometry":{"type":"Point","coordinates":[-122.292485,37.870363]},"properties":{"id":"n4213378385","k":"crossing","t":{"crossing":"traffic_signals","highway":"crossing"}}},
{"type":"Feature","geometry":{"type":"Point","coordinates":[-122.292728,37.870404]},"properties":{"id":"n4213378386","k":"crossing","t":{"crossing":"uncontrolled","highway":"crossing"}}},
{"type":"Feature","geometry":{"type":"Point","coordinates":[-122.292425,37.870432]},"properties":{"id":"n4213378387","k":"crossing","t":{"crossing":"uncontrolled","highway":"crossing"}}},
{"type":"Feature","geometry":{"type":"Point","coordinates":[-122.292663,37.870481]},"properties":{"id":"n4213378388","k":"crossing","t":{"crossing":"traffic_signals","highway":"crossing"}}},
{"type":"Feature","geometry":{"type":"Point","coordinates":[-122.292528,37.870491]},"properties":{"id":"n4213378489","k":"crossing","t":{"crossing":"traffic_signals","highway":"crossing"}}},
{"type":"Feature","geometry":{"type":"Point","coordinates":[-122.293019,37.871595]},"properties":{"id":"n4213378490","k":"crossing","t":{"crossing":"traffic_signals","highway":"crossing"}}},
{"type":"Feature","geometry":{"type":"Point","coordinates":[-122.292897,37.871614]},"properties":{"id":"n4213378491","k":"crossing","t":{"crossing":"traffic_signals","highway":"crossing"}}},
{"type":"Feature","geometry":{"type":"Point","coordinates":[-122.293134,37.871662]},"properties":{"id":"n4213378492","k":"crossing","t":{"crossing":"traffic_signals","highway":"crossing"}}},
{"type":"Feature","geometry":{"type":"Point","coordinates":[-122.292836,37.87171]},"properties":{"id":"n4213378493","k":"crossing","t":{"crossing":"traffic_signals","highway":"crossing"}}},
{"type":"Feature","geometry":{"type":"Point","coordinates":[-122.293072,37.871758]},"properties":{"id":"n4213378494","k":"crossing","t":{"crossing":"traffic_signals","highway":"crossing"}}},
{"type":"Feature","geometry":{"type":"Point","coordinates":[-122.292947,37.871777]},"properties":{"id":"n4213378495","k":"crossing","t":{"crossing":"traffic_signals","highway":"crossing"}}},
{"type":"Feature","geometry":{"type":"Point","coordinates":[-122.293315,37.872506]},"properties":{"id":"n4213378496","k":"crossing","t":{"crossing":"uncontrolled","tactile_paving":"no","highway":"crossing"}}},
{"type":"Feature","geometry":{"type":"Point","coordinates":[-122.293191,37.872531]},"properties":{"id":"n4213378497","k":"crossing","t":{"crossing":"uncontrolled","tactile_paving":"no","highway":"crossing"}}},
{"type":"Feature","geometry":{"type":"Point","coordinates":[-122.293128,37.872607]},"properties":{"id":"n4213378498","k":"crossing","t":{"crossing":"uncontrolled","tactile_paving":"yes","highway":"crossing"}}},
{"type":"Feature","geometry":{"type":"Point","coordinates":[-122.293594,37.873375]},"properties":{"id":"n4213378500","k":"crossing","t":{"crossing":"traffic_signals","highway":"crossing"}}},
{"type":"Feature","geometry":{"type":"Point","coordinates":[-122.293469,37.873395]},"properties":{"id":"n4213378501","k":"crossing","t":{"crossing":"traffic_signals","highway":"crossing"}}},
{"type":"Feature","geometry":{"type":"Point","coordinates":[-122.2937,37.873424]},"properties":{"id":"n4213378502","k":"crossing","t":{"crossing":"uncontrolled","highway":"crossing"}}},
{"type":"Feature","geometry":{"type":"Point","coordinates":[-122.293403,37.873471]},"properties":{"id":"n4213378503","k":"crossing","t":{"crossing":"uncontrolled","highway":"crossing"}}},
{"type":"Feature","geometry":{"type":"Point","coordinates":[-122.293637,37.873505]},"properties":{"id":"n4213378504","k":"crossing","t":{"crossing":"traffic_signals","highway":"crossing"}}},
{"type":"Feature","geometry":{"type":"Point","coordinates":[-122.29351,37.873524]},"properties":{"id":"n4213378505","k":"crossing","t":{"crossing":"traffic_signals","highway":"crossing"}}},
{"type":"Feature","geometry":{"type":"Point","coordinates":[-122.294542,37.876312]},"properties":{"id":"n4213378506","k":"crossing","t":{"crossing":"uncontrolled","highway":"crossing"}}},
{"type":"Feature","geometry":{"type":"Point","coordinates":[-122.294417,37.876338]},"properties":{"id":"n4213378507","k":"crossing","t":{"crossing":"uncontrolled","highway":"crossing"}}},
{"type":"Feature","geometry":{"type":"Point","coordinates":[-122.294651,37.87636]},"properties":{"id":"n4213378508","k":"crossing","t":{"crossing":"uncontrolled","highway":"crossing"}}},
{"type":"Feature","geometry":{"type":"Point","coordinates":[-122.294353,37.876421]},"properties":{"id":"n4213378509","k":"crossing","t":{"crossing":"uncontrolled","highway":"crossing"}}},
{"type":"Feature","geometry":{"type":"Point","coordinates":[-122.294584,37.876444]},"properties":{"id":"n4213378510","k":"crossing","t":{"crossing":"uncontrolled","highway":"crossing"}}},
{"type":"Feature","geometry":{"type":"Point","coordinates":[-122.294459,37.87647]},"properties":{"id":"n4213378511","k":"crossing","t":{"crossing":"uncontrolled","highway":"crossing"}}},
{"type":"Feature","geometry":{"type":"Point","coordinates":[-122.294922,37.877482]},"properties":{"id":"n4213378512","k":"crossing","t":{"crossing":"uncontrolled","highway":"crossing"}}},
{"type":"Feature","geometry":{"type":"Point","coordinates":[-122.294796,37.877509]},"properties":{"id":"n4213378513","k":"crossing","t":{"crossing":"uncontrolled","highway":"crossing"}}},
{"type":"Feature","geometry":{"type":"Point","coordinates":[-122.295024,37.877529]},"properties":{"id":"n4213378514","k":"crossing","t":{"crossing":"uncontrolled","highway":"crossing"}}},
{"type":"Feature","geometry":{"type":"Point","coordinates":[-122.294733,37.877588]},"properties":{"id":"n4213378515","k":"crossing","t":{"crossing":"uncontrolled","highway":"crossing"}}},
{"type":"Feature","geometry":{"type":"Point","coordinates":[-122.294965,37.877615]},"properties":{"id":"n4213378516","k":"crossing","t":{"crossing":"uncontrolled","highway":"crossing"}}},
{"type":"Feature","geometry":{"type":"Point","coordinates":[-122.294839,37.877639]},"properties":{"id":"n4213378517","k":"crossing","t":{"crossing":"uncontrolled","highway":"crossing"}}},
{"type":"Feature","geometry":{"type":"Point","coordinates":[-122.295297,37.878669]},"properties":{"id":"n4213378518","k":"crossing","t":{"crossing":"uncontrolled","highway":"crossing"}}},
{"type":"Feature","geometry":{"type":"Point","coordinates":[-122.295177,37.878694]},"properties":{"id":"n4213378519","k":"crossing","t":{"crossing":"uncontrolled","highway":"crossing"}}},
{"type":"Feature","geometry":{"type":"Point","coordinates":[-122.295408,37.87872]},"properties":{"id":"n4213378520","k":"crossing","t":{"crossing":"uncontrolled","highway":"crossing"}}},
{"type":"Feature","geometry":{"type":"Point","coordinates":[-122.295115,37.878776]},"properties":{"id":"n4213378521","k":"crossing","t":{"crossing":"uncontrolled","highway":"crossing"}}},
{"type":"Feature","geometry":{"type":"Point","coordinates":[-122.295339,37.878801]},"properties":{"id":"n4213378522","k":"crossing","t":{"crossing":"uncontrolled","highway":"crossing"}}},
{"type":"Feature","geometry":{"type":"Point","coordinates":[-122.295219,37.878825]},"properties":{"id":"n4213378523","k":"crossing","t":{"crossing":"uncontrolled","highway":"crossing"}}},
{"type":"Feature","geometry":{"type":"Point","coordinates":[-122.295514,37.879108]},"properties":{"id":"n4213378524","k":"kerb:lowered","t":{"kerb":"lowered","barrier":"kerb"}}},
{"type":"Feature","geometry":{"type":"Point","coordinates":[-122.295733,37.879812]},"properties":{"id":"n4213378525","k":"kerb:lowered","t":{"kerb":"lowered","barrier":"kerb"}}},
{"type":"Feature","geometry":{"type":"Point","coordinates":[-122.295856,37.880398]},"properties":{"id":"n4213378526","k":"crossing","t":{"crossing":"traffic_signals","highway":"crossing"}}},
{"type":"Feature","geometry":{"type":"Point","coordinates":[-122.295737,37.880429]},"properties":{"id":"n4213378527","k":"crossing","t":{"crossing":"traffic_signals","highway":"crossing"}}},
{"type":"Feature","geometry":{"type":"Point","coordinates":[-122.295971,37.880461]},"properties":{"id":"n4213378528","k":"crossing","t":{"crossing":"traffic_signals","highway":"crossing"}}},
{"type":"Feature","geometry":{"type":"Point","coordinates":[-122.295672,37.880522]},"properties":{"id":"n4213378529","k":"crossing","t":{"crossing":"traffic_signals","highway":"crossing"}}},
{"type":"Feature","geometry":{"type":"Point","coordinates":[-122.295906,37.880557]},"properties":{"id":"n4213378530","k":"crossing","t":{"crossing":"traffic_signals","highway":"crossing"}}},
{"type":"Feature","geometry":{"type":"Point","coordinates":[-122.295784,37.880577]},"properties":{"id":"n4213378531","k":"crossing","t":{"crossing":"traffic_signals","highway":"crossing"}}},
{"type":"Feature","geometry":{"type":"Point","coordinates":[-122.286195,37.850082]},"properties":{"id":"n4213425297","k":"crossing","t":{"crossing":"traffic_signals","highway":"crossing"}}},
{"type":"Feature","geometry":{"type":"Point","coordinates":[-122.286025,37.850559]},"properties":{"id":"n4213425300","k":"crossing","t":{"crossing":"uncontrolled","highway":"crossing"}}},
{"type":"Feature","geometry":{"type":"Point","coordinates":[-122.286458,37.850942]},"properties":{"id":"n4213425303","k":"crossing","t":{"crossing":"uncontrolled","highway":"crossing"}}},
{"type":"Feature","geometry":{"type":"Point","coordinates":[-122.286391,37.851035]},"properties":{"id":"n4213425304","k":"crossing","t":{"crossing":"uncontrolled","highway":"crossing"}}},
{"type":"Feature","geometry":{"type":"Point","coordinates":[-122.286267,37.851061]},"properties":{"id":"n4213425305","k":"crossing","t":{"crossing":"uncontrolled","highway":"crossing"}}},
{"type":"Feature","geometry":{"type":"Point","coordinates":[-122.286287,37.851376]},"properties":{"id":"n4213425306","k":"crossing","t":{"crossing":"uncontrolled","highway":"crossing"}}},
{"type":"Feature","geometry":{"type":"Point","coordinates":[-122.286701,37.851702]},"properties":{"id":"n4213425307","k":"crossing","t":{"crossing":"uncontrolled","highway":"crossing"}}},
{"type":"Feature","geometry":{"type":"Point","coordinates":[-122.286718,37.852056]},"properties":{"id":"n4213425308","k":"crossing","t":{"crossing":"traffic_signals","tactile_paving":"yes","highway":"crossing"}}},
{"type":"Feature","geometry":{"type":"Point","coordinates":[-122.286595,37.852085]},"properties":{"id":"n4213425309","k":"crossing","t":{"crossing":"traffic_signals","tactile_paving":"yes","highway":"crossing"}}},
{"type":"Feature","geometry":{"type":"Point","coordinates":[-122.286836,37.852115]},"properties":{"id":"n4213425310","k":"crossing","t":{"crossing":"traffic_signals","tactile_paving":"yes","highway":"crossing"}}},
{"type":"Feature","geometry":{"type":"Point","coordinates":[-122.286546,37.852172]},"properties":{"id":"n4213425311","k":"crossing","t":{"crossing":"traffic_signals","tactile_paving":"yes","highway":"crossing"}}},
{"type":"Feature","geometry":{"type":"Point","coordinates":[-122.286773,37.852225]},"properties":{"id":"n4213425312","k":"crossing","t":{"crossing":"traffic_signals","tactile_paving":"yes","highway":"crossing"}}},
{"type":"Feature","geometry":{"type":"Point","coordinates":[-122.286645,37.85224]},"properties":{"id":"n4213425313","k":"crossing","t":{"crossing":"traffic_signals","tactile_paving":"yes","highway":"crossing"}}},
{"type":"Feature","geometry":{"type":"Point","coordinates":[-122.287001,37.852917]},"properties":{"id":"n4213425314","k":"crossing","t":{"crossing":"uncontrolled","highway":"crossing"}}},
{"type":"Feature","geometry":{"type":"Point","coordinates":[-122.286872,37.852946]},"properties":{"id":"n4213425315","k":"crossing","t":{"crossing":"uncontrolled","highway":"crossing"}}},
{"type":"Feature","geometry":{"type":"Point","coordinates":[-122.286808,37.853021]},"properties":{"id":"n4213425317","k":"crossing","t":{"crossing":"uncontrolled","highway":"crossing"}}},
{"type":"Feature","geometry":{"type":"Point","coordinates":[-122.287014,37.853633]},"properties":{"id":"n4213425318","k":"crossing","t":{"crossing":"uncontrolled","highway":"crossing"}}},
{"type":"Feature","geometry":{"type":"Point","coordinates":[-122.300765,37.877563]},"properties":{"id":"n4213510994","k":"crossing","t":{"crossing":"uncontrolled","highway":"crossing"}}},
{"type":"Feature","geometry":{"type":"Point","coordinates":[-122.308977,37.877605]},"properties":{"id":"n4213510995","k":"bollard","t":{"barrier":"bollard"}}},
{"type":"Feature","geometry":{"type":"Point","coordinates":[-122.300805,37.877689]},"properties":{"id":"n4213510996","k":"crossing","t":{"crossing":"uncontrolled","highway":"crossing"}}},
{"type":"Feature","geometry":{"type":"Point","coordinates":[-122.298615,37.877998]},"properties":{"id":"n4213510997","k":"crossing","t":{"crossing":"uncontrolled","highway":"crossing"}}},
{"type":"Feature","geometry":{"type":"Point","coordinates":[-122.297508,37.878222]},"properties":{"id":"n4213511002","k":"crossing","t":{"crossing":"uncontrolled","highway":"crossing"}}},
{"type":"Feature","geometry":{"type":"Point","coordinates":[-122.297616,37.87827]},"properties":{"id":"n4213511003","k":"crossing","t":{"crossing":"uncontrolled","highway":"crossing"}}},
{"type":"Feature","geometry":{"type":"Point","coordinates":[-122.29742,37.878309]},"properties":{"id":"n4213511004","k":"crossing","t":{"crossing":"uncontrolled","highway":"crossing"}}},
{"type":"Feature","geometry":{"type":"Point","coordinates":[-122.29755,37.878352]},"properties":{"id":"n4213511005","k":"crossing","t":{"crossing":"uncontrolled","highway":"crossing"}}},
{"type":"Feature","geometry":{"type":"Point","coordinates":[-122.305749,37.878366]},"properties":{"id":"n4213511008","k":"crossing","t":{"crossing":"uncontrolled","tactile_paving":"yes","highway":"crossing"}}},
{"type":"Feature","geometry":{"type":"Point","coordinates":[-122.29643,37.878441]},"properties":{"id":"n4213511011","k":"crossing","t":{"crossing":"uncontrolled","highway":"crossing"}}},
{"type":"Feature","geometry":{"type":"Point","coordinates":[-122.296378,37.878452]},"properties":{"id":"n4213511012","k":"crossing","t":{"crossing":"uncontrolled","highway":"crossing"}}},
{"type":"Feature","geometry":{"type":"Point","coordinates":[-122.296436,37.878455]},"properties":{"id":"n4213511013","k":"bollard","t":{"barrier":"bollard","emergency":"yes"}}},
{"type":"Feature","geometry":{"type":"Point","coordinates":[-122.296501,37.878491]},"properties":{"id":"n4213511014","k":"crossing","t":{"crossing":"uncontrolled","highway":"crossing"}}},
{"type":"Feature","geometry":{"type":"Point","coordinates":[-122.305811,37.878564]},"properties":{"id":"n4213511015","k":"crossing","t":{"crossing":"uncontrolled","tactile_paving":"yes","highway":"crossing"}}},
{"type":"Feature","geometry":{"type":"Point","coordinates":[-122.296443,37.878573]},"properties":{"id":"n4213511016","k":"crossing","t":{"crossing":"uncontrolled","highway":"crossing"}}},
{"type":"Feature","geometry":{"type":"Point","coordinates":[-122.303506,37.878838]},"properties":{"id":"n4213511017","k":"crossing","t":{"crossing":"traffic_signals","tactile_paving":"yes","highway":"crossing"}}},
{"type":"Feature","geometry":{"type":"Point","coordinates":[-122.303416,37.878953]},"properties":{"id":"n4213511018","k":"crossing","t":{"crossing":"traffic_signals","tactile_paving":"yes","highway":"crossing"}}},
{"type":"Feature","geometry":{"type":"Point","coordinates":[-122.303574,37.879053]},"properties":{"id":"n4213511019","k":"crossing","t":{"crossing":"traffic_signals","tactile_paving":"yes","highway":"crossing"}}},
{"type":"Feature","geometry":{"type":"Point","coordinates":[-122.30247,37.879061]},"properties":{"id":"n4213511020","k":"crossing","t":{"crossing":"uncontrolled","highway":"crossing"}}},
{"type":"Feature","geometry":{"type":"Point","coordinates":[-122.302521,37.879221]},"properties":{"id":"n4213511021","k":"crossing","t":{"crossing":"uncontrolled","highway":"crossing"}}},
{"type":"Feature","geometry":{"type":"Point","coordinates":[-122.301318,37.879291]},"properties":{"id":"n4213511022","k":"crossing","t":{"crossing":"traffic_signals","highway":"crossing"}}},
{"type":"Feature","geometry":{"type":"Point","coordinates":[-122.301444,37.879355]},"properties":{"id":"n4213511023","k":"crossing","t":{"crossing":"traffic_signals","highway":"crossing"}}},
{"type":"Feature","geometry":{"type":"Point","coordinates":[-122.301243,37.879395]},"properties":{"id":"n4213511025","k":"crossing","t":{"crossing":"traffic_signals","highway":"crossing"}}},
{"type":"Feature","geometry":{"type":"Point","coordinates":[-122.301371,37.87945]},"properties":{"id":"n4213511027","k":"crossing","t":{"crossing":"traffic_signals","highway":"crossing"}}},
{"type":"Feature","geometry":{"type":"Point","coordinates":[-122.30028,37.879501]},"properties":{"id":"n4213511028","k":"crossing","t":{"crossing":"uncontrolled","highway":"crossing"}}},
{"type":"Feature","geometry":{"type":"Point","coordinates":[-122.30033,37.879662]},"properties":{"id":"n4213511029","k":"crossing","t":{"crossing":"uncontrolled","highway":"crossing"}}},
{"type":"Feature","geometry":{"type":"Point","coordinates":[-122.299168,37.879728]},"properties":{"id":"n4213511030","k":"crossing","t":{"crossing":"traffic_signals","highway":"crossing"}}},
{"type":"Feature","geometry":{"type":"Point","coordinates":[-122.303804,37.879767]},"properties":{"id":"n4213511031","k":"crossing","t":{"crossing":"unmarked","kerb":"lowered","tactile_paving":"yes","highway":"crossing"}}},
{"type":"Feature","geometry":{"type":"Point","coordinates":[-122.299271,37.879793]},"properties":{"id":"n4213511032","k":"crossing","t":{"crossing":"traffic_signals","highway":"crossing"}}},
{"type":"Feature","geometry":{"type":"Point","coordinates":[-122.303906,37.87982]},"properties":{"id":"n4213511033","k":"crossing","t":{"crossing":"unmarked","kerb":"lowered","tactile_paving":"yes","highway":"crossing"}}},
{"type":"Feature","geometry":{"type":"Point","coordinates":[-122.299112,37.879825]},"properties":{"id":"n4213511034","k":"crossing","t":{"crossing":"traffic_signals","highway":"crossing"}}},
{"type":"Feature","geometry":{"type":"Point","coordinates":[-122.299219,37.879885]},"properties":{"id":"n4213511035","k":"crossing","t":{"crossing":"traffic_signals","highway":"crossing"}}},
{"type":"Feature","geometry":{"type":"Point","coordinates":[-122.298055,37.879949]},"properties":{"id":"n4213511038","k":"crossing","t":{"crossing":"traffic_signals","highway":"crossing"}}},
{"type":"Feature","geometry":{"type":"Point","coordinates":[-122.29819,37.88001]},"properties":{"id":"n4213511039","k":"crossing","t":{"crossing":"traffic_signals","highway":"crossing"}}},
{"type":"Feature","geometry":{"type":"Point","coordinates":[-122.297987,37.880052]},"properties":{"id":"n4213511040","k":"crossing","t":{"crossing":"traffic_signals","highway":"crossing"}}},
{"type":"Feature","geometry":{"type":"Point","coordinates":[-122.298108,37.880111]},"properties":{"id":"n4213511041","k":"crossing","t":{"crossing":"traffic_signals","highway":"crossing"}}},
{"type":"Feature","geometry":{"type":"Point","coordinates":[-122.296948,37.880171]},"properties":{"id":"n4213511042","k":"crossing","t":{"crossing":"uncontrolled","highway":"crossing"}}},
{"type":"Feature","geometry":{"type":"Point","coordinates":[-122.297057,37.880241]},"properties":{"id":"n4213511043","k":"crossing","t":{"crossing":"uncontrolled","highway":"crossing"}}},
{"type":"Feature","geometry":{"type":"Point","coordinates":[-122.296913,37.880271]},"properties":{"id":"n4213511044","k":"crossing","t":{"crossing":"uncontrolled","highway":"crossing"}}},
{"type":"Feature","geometry":{"type":"Point","coordinates":[-122.297003,37.880337]},"properties":{"id":"n4213511045","k":"crossing","t":{"crossing":"uncontrolled","highway":"crossing"}}},
{"type":"Feature","geometry":{"type":"Point","coordinates":[-122.30409,37.880655]},"properties":{"id":"n4213511047","k":"crossing","t":{"crossing":"unmarked","highway":"crossing"}}},
{"type":"Feature","geometry":{"type":"Point","coordinates":[-122.304191,37.880696]},"properties":{"id":"n4213511048","k":"crossing","t":{"crossing":"uncontrolled","highway":"crossing"}}},
{"type":"Feature","geometry":{"type":"Point","coordinates":[-122.304023,37.880731]},"properties":{"id":"n4213511049","k":"crossing","t":{"crossing":"unmarked","highway":"crossing"}}},
{"type":"Feature","geometry":{"type":"Point","coordinates":[-122.304097,37.880774]},"properties":{"id":"n4213511050","k":"crossing","t":{"crossing":"unmarked","highway":"crossing"}}},
{"type":"Feature","geometry":{"type":"Point","coordinates":[-122.303132,37.880911]},"properties":{"id":"n4213511052","k":"crossing","t":{"crossing":"uncontrolled","highway":"crossing"}}},
{"type":"Feature","geometry":{"type":"Point","coordinates":[-122.302989,37.880939]},"properties":{"id":"n4213511053","k":"crossing","t":{"crossing":"uncontrolled","highway":"crossing"}}},
{"type":"Feature","geometry":{"type":"Point","coordinates":[-122.30307,37.880985]},"properties":{"id":"n4213511054","k":"crossing","t":{"crossing":"uncontrolled","highway":"crossing"}}},
{"type":"Feature","geometry":{"type":"Point","coordinates":[-122.301892,37.881095]},"properties":{"id":"n4213511055","k":"crossing","t":{"crossing":"uncontrolled","highway":"crossing"}}},
{"type":"Feature","geometry":{"type":"Point","coordinates":[-122.302,37.881137]},"properties":{"id":"n4213511056","k":"crossing","t":{"crossing":"uncontrolled","highway":"crossing"}}},
{"type":"Feature","geometry":{"type":"Point","coordinates":[-122.301816,37.881174]},"properties":{"id":"n4213511057","k":"crossing","t":{"crossing":"uncontrolled","highway":"crossing"}}},
{"type":"Feature","geometry":{"type":"Point","coordinates":[-122.301917,37.881223]},"properties":{"id":"n4213511058","k":"crossing","t":{"crossing":"uncontrolled","highway":"crossing"}}},
{"type":"Feature","geometry":{"type":"Point","coordinates":[-122.299745,37.881519]},"properties":{"id":"n4213511059","k":"crossing","t":{"crossing":"uncontrolled","tactile_paving":"yes","highway":"crossing"}}},
{"type":"Feature","geometry":{"type":"Point","coordinates":[-122.299848,37.881572]},"properties":{"id":"n4213511060","k":"crossing","t":{"crossing":"uncontrolled","tactile_paving":"yes","highway":"crossing"}}},
{"type":"Feature","geometry":{"type":"Point","coordinates":[-122.299693,37.881604]},"properties":{"id":"n4213511061","k":"crossing","t":{"crossing":"uncontrolled","tactile_paving":"yes","highway":"crossing"}}},
{"type":"Feature","geometry":{"type":"Point","coordinates":[-122.299786,37.881646]},"properties":{"id":"n4213511062","k":"crossing","t":{"crossing":"uncontrolled","tactile_paving":"yes","highway":"crossing"}}},
{"type":"Feature","geometry":{"type":"Point","coordinates":[-122.298643,37.881749]},"properties":{"id":"n4213511063","k":"crossing","t":{"crossing":"uncontrolled","tactile_paving":"yes","highway":"crossing"}}},
{"type":"Feature","geometry":{"type":"Point","coordinates":[-122.298564,37.881834]},"properties":{"id":"n4213511064","k":"crossing","t":{"crossing":"uncontrolled","tactile_paving":"yes","highway":"crossing"}}},
{"type":"Feature","geometry":{"type":"Point","coordinates":[-122.298668,37.881883]},"properties":{"id":"n4213511065","k":"crossing","t":{"crossing":"uncontrolled","tactile_paving":"yes","highway":"crossing"}}},
{"type":"Feature","geometry":{"type":"Point","coordinates":[-122.297537,37.881973]},"properties":{"id":"n4213511066","k":"crossing","t":{"crossing":"uncontrolled","tactile_paving":"yes","highway":"crossing"}}},
{"type":"Feature","geometry":{"type":"Point","coordinates":[-122.298773,37.867573]},"properties":{"id":"n4217112409","k":"crossing","t":{"crossing":"uncontrolled","highway":"crossing"}}},
{"type":"Feature","geometry":{"type":"Point","coordinates":[-122.29889,37.867931]},"properties":{"id":"n4217112410","k":"crossing","t":{"crossing":"uncontrolled","highway":"crossing"}}},
{"type":"Feature","geometry":{"type":"Point","coordinates":[-122.302532,37.868347]},"properties":{"id":"n4217112413","k":"crossing","t":{"crossing":"uncontrolled","highway":"crossing"}}},
{"type":"Feature","geometry":{"type":"Point","coordinates":[-122.302674,37.8684]},"properties":{"id":"n4217112414","k":"crossing","t":{"crossing":"uncontrolled","highway":"crossing"}}},
{"type":"Feature","geometry":{"type":"Point","coordinates":[-122.299238,37.869012]},"properties":{"id":"n4217112415","k":"crossing","t":{"crossing":"uncontrolled","highway":"crossing"}}},
{"type":"Feature","geometry":{"type":"Point","coordinates":[-122.299154,37.869118]},"properties":{"id":"n4217112417","k":"crossing","t":{"crossing":"uncontrolled","highway":"crossing"}}},
{"type":"Feature","geometry":{"type":"Point","coordinates":[-122.298103,37.869245]},"properties":{"id":"n4217112419","k":"crossing","t":{"crossing":"traffic_signals","highway":"crossing"}}},
{"type":"Feature","geometry":{"type":"Point","coordinates":[-122.298232,37.869299]},"properties":{"id":"n4217112420","k":"crossing","t":{"crossing":"traffic_signals","highway":"crossing"}}},
{"type":"Feature","geometry":{"type":"Point","coordinates":[-122.298015,37.869344]},"properties":{"id":"n4217112421","k":"crossing","t":{"crossing":"traffic_signals","highway":"crossing"}}},
{"type":"Feature","geometry":{"type":"Point","coordinates":[-122.298153,37.869399]},"properties":{"id":"n4217112422","k":"crossing","t":{"crossing":"traffic_signals","highway":"crossing"}}},
{"type":"Feature","geometry":{"type":"Point","coordinates":[-122.294832,37.869901]},"properties":{"id":"n4217112424","k":"crossing","t":{"crossing":"uncontrolled","highway":"crossing"}}},
{"type":"Feature","geometry":{"type":"Point","coordinates":[-122.294748,37.870004]},"properties":{"id":"n4217112425","k":"crossing","t":{"crossing":"uncontrolled","highway":"crossing"}}},
{"type":"Feature","geometry":{"type":"Point","coordinates":[-122.300788,37.8701]},"properties":{"id":"n4217112426","k":"crossing","t":{"crossing":"uncontrolled","tactile_paving":"no","highway":"crossing"}}},
{"type":"Feature","geometry":{"type":"Point","coordinates":[-122.293669,37.870218]},"properties":{"id":"n4217112429","k":"crossing","t":{"crossing":"uncontrolled","highway":"crossing"}}},
{"type":"Feature","geometry":{"type":"Point","coordinates":[-122.298412,37.870596]},"properties":{"id":"n4217112431","k":"crossing","t":{"crossing":"uncontrolled","highway":"crossing"}}},
{"type":"Feature","geometry":{"type":"Point","coordinates":[-122.297451,37.870705]},"properties":{"id":"n4217112433","k":"crossing","t":{"crossing":"uncontrolled","highway":"crossing"}}},
{"type":"Feature","geometry":{"type":"Point","coordinates":[-122.297399,37.8708]},"properties":{"id":"n4217112434","k":"crossing","t":{"crossing":"uncontrolled","highway":"crossing"}}},
{"type":"Feature","geometry":{"type":"Point","coordinates":[-122.297502,37.870865]},"properties":{"id":"n4217112435","k":"crossing","t":{"crossing":"uncontrolled","highway":"crossing"}}},
{"type":"Feature","geometry":{"type":"Point","coordinates":[-122.296343,37.870926]},"properties":{"id":"n4217112436","k":"crossing","t":{"crossing":"uncontrolled","highway":"crossing"}}},
{"type":"Feature","geometry":{"type":"Point","coordinates":[-122.296449,37.870992]},"properties":{"id":"n4217112437","k":"crossing","t":{"crossing":"uncontrolled","highway":"crossing"}}},
{"type":"Feature","geometry":{"type":"Point","coordinates":[-122.296395,37.871086]},"properties":{"id":"n4217112438","k":"crossing","t":{"crossing":"uncontrolled","highway":"crossing"}}},
{"type":"Feature","geometry":{"type":"Point","coordinates":[-122.295259,37.871238]},"properties":{"id":"n4217112439","k":"bollard","t":{"barrier":"bollard"}}},
{"type":"Feature","geometry":{"type":"Point","coordinates":[-122.294128,37.871374]},"properties":{"id":"n4217112440","k":"crossing","t":{"crossing":"uncontrolled","highway":"crossing"}}},
{"type":"Feature","geometry":{"type":"Point","coordinates":[-122.294257,37.871434]},"properties":{"id":"n4217112441","k":"crossing","t":{"crossing":"uncontrolled","highway":"crossing"}}},
{"type":"Feature","geometry":{"type":"Point","coordinates":[-122.294049,37.871479]},"properties":{"id":"n4217112442","k":"crossing","t":{"crossing":"uncontrolled","highway":"crossing"}}},
{"type":"Feature","geometry":{"type":"Point","coordinates":[-122.294177,37.871537]},"properties":{"id":"n4217112443","k":"crossing","t":{"crossing":"uncontrolled","highway":"crossing"}}},
{"type":"Feature","geometry":{"type":"Point","coordinates":[-122.301248,37.87182]},"properties":{"id":"n4217112444","k":"crossing","t":{"crossing":"uncontrolled","tactile_paving":"yes","highway":"crossing"}}},
{"type":"Feature","geometry":{"type":"Point","coordinates":[-122.301353,37.871878]},"properties":{"id":"n4217112445","k":"crossing","t":{"crossing":"uncontrolled","tactile_paving":"yes","highway":"crossing"}}},
{"type":"Feature","geometry":{"type":"Point","coordinates":[-122.301187,37.871911]},"properties":{"id":"n4217112446","k":"crossing","t":{"crossing":"uncontrolled","tactile_paving":"yes","highway":"crossing"}}},
{"type":"Feature","geometry":{"type":"Point","coordinates":[-122.301296,37.871965]},"properties":{"id":"n4217112447","k":"crossing","t":{"crossing":"uncontrolled","tactile_paving":"yes","highway":"crossing"}}},
{"type":"Feature","geometry":{"type":"Point","coordinates":[-122.300321,37.872085]},"properties":{"id":"n4217112448","k":"crossing","t":{"crossing":"uncontrolled","highway":"crossing"}}},
{"type":"Feature","geometry":{"type":"Point","coordinates":[-122.300138,37.87212]},"properties":{"id":"n4217112449","k":"crossing","t":{"crossing":"uncontrolled","highway":"crossing"}}},
{"type":"Feature","geometry":{"type":"Point","coordinates":[-122.299081,37.872269]},"properties":{"id":"n4217112450","k":"crossing","t":{"crossing":"traffic_signals","highway":"crossing"}}},
{"type":"Feature","geometry":{"type":"Point","coordinates":[-122.299223,37.872309]},"properties":{"id":"n4217112451","k":"crossing","t":{"crossing":"traffic_signals","highway":"crossing"}}},
{"type":"Feature","geometry":{"type":"Point","coordinates":[-122.299103,37.872401]},"properties":{"id":"n4217112452","k":"crossing","t":{"crossing":"traffic_signals","highway":"crossing"}}},
{"type":"Feature","geometry":{"type":"Point","coordinates":[-122.298024,37.872484]},"properties":{"id":"n4217112453","k":"crossing","t":{"crossing":"uncontrolled","highway":"crossing"}}},
{"type":"Feature","geometry":{"type":"Point","coordinates":[-122.297958,37.872565]},"properties":{"id":"n4217112454","k":"crossing","t":{"crossing":"uncontrolled","highway":"crossing"}}},
{"type":"Feature","geometry":{"type":"Point","coordinates":[-122.296914,37.872703]},"properties":{"id":"n4217112456","k":"crossing","t":{"crossing":"uncontrolled","highway":"crossing"}}},
{"type":"Feature","geometry":{"type":"Point","coordinates":[-122.297009,37.872757]},"properties":{"id":"n4217112458","k":"crossing","t":{"crossing":"uncontrolled","highway":"crossing"}}},
{"type":"Feature","geometry":{"type":"Point","coordinates":[-122.296956,37.872832]},"properties":{"id":"n4217112460","k":"crossing","t":{"crossing":"uncontrolled","highway":"crossing"}}},
{"type":"Feature","geometry":{"type":"Point","coordinates":[-122.305187,37.872991]},"properties":{"id":"n4217112462","k":"crossing","t":{"crossing":"uncontrolled","highway":"crossing"}}},
{"type":"Feature","geometry":{"type":"Point","coordinates":[-122.2947,37.873151]},"properties":{"id":"n4217112463","k":"crossing","t":{"crossing":"uncontrolled","kerb":"lowered","tactile_paving":"no","highway":"crossing"}}},
{"type":"Feature","geometry":{"type":"Point","coordinates":[-122.294741,37.873282]},"properties":{"id":"n4217112464","k":"crossing","t":{"crossing":"uncontrolled","kerb":"lowered","tactile_paving":"no","highway":"crossing"}}},
{"type":"Feature","geometry":{"type":"Point","coordinates":[-122.301823,37.873597]},"properties":{"id":"n4217112465","k":"crossing","t":{"crossing":"uncontrolled","kerb":"lowered","tactile_paving":"yes","highway":"crossing"}}},
{"type":"Feature","geometry":{"type":"Point","coordinates":[-122.301915,37.873647]},"properties":{"id":"n4217112466","k":"crossing","t":{"crossing":"uncontrolled","kerb":"lowered","tactile_paving":"yes","highway":"crossing"}}},
{"type":"Feature","geometry":{"type":"Point","coordinates":[-122.300709,37.873888]},"properties":{"id":"n4217112467","k":"crossing","t":{"crossing":"uncontrolled","highway":"crossing"}}},
{"type":"Feature","geometry":{"type":"Point","coordinates":[-122.29963,37.87404]},"properties":{"id":"n4217112468","k":"crossing","t":{"crossing":"traffic_signals","highway":"crossing"}}},
{"type":"Feature","geometry":{"type":"Point","coordinates":[-122.299775,37.874079]},"properties":{"id":"n4217112469","k":"crossing","t":{"crossing":"traffic_signals","highway":"crossing"}}},
{"type":"Feature","geometry":{"type":"Point","coordinates":[-122.299549,37.874129]},"properties":{"id":"n4217112470","k":"crossing","t":{"crossing":"traffic_signals","highway":"crossing"}}},
{"type":"Feature","geometry":{"type":"Point","coordinates":[-122.299671,37.874173]},"properties":{"id":"n4217112471","k":"crossing","t":{"crossing":"traffic_signals","highway":"crossing"}}},
{"type":"Feature","geometry":{"type":"Point","coordinates":[-122.298692,37.874301]},"properties":{"id":"n4217112472","k":"crossing","t":{"crossing":"uncontrolled","highway":"crossing"}}},
{"type":"Feature","geometry":{"type":"Point","coordinates":[-122.297422,37.874557]},"properties":{"id":"n4217112473","k":"crossing","t":{"crossing":"uncontrolled","highway":"crossing"}}},
{"type":"Feature","geometry":{"type":"Point","coordinates":[-122.296375,37.874697]},"properties":{"id":"n4217112474","k":"crossing","t":{"crossing":"uncontrolled","highway":"crossing"}}},
{"type":"Feature","geometry":{"type":"Point","coordinates":[-122.296471,37.874716]},"properties":{"id":"n4217112475","k":"crossing","t":{"crossing":"uncontrolled","highway":"crossing"}}},
{"type":"Feature","geometry":{"type":"Point","coordinates":[-122.302197,37.874764]},"properties":{"id":"n4217112476","k":"crossing","t":{"crossing":"uncontrolled","highway":"crossing"}}},
{"type":"Feature","geometry":{"type":"Point","coordinates":[-122.296299,37.87475]},"properties":{"id":"n4217112477","k":"crossing","t":{"crossing":"uncontrolled","highway":"crossing"}}},
{"type":"Feature","geometry":{"type":"Point","coordinates":[-122.302288,37.874817]},"properties":{"id":"n4217112478","k":"crossing","t":{"crossing":"uncontrolled","highway":"crossing"}}},
{"type":"Feature","geometry":{"type":"Point","coordinates":[-122.296418,37.874829]},"properties":{"id":"n4217112479","k":"crossing","t":{"crossing":"uncontrolled","highway":"crossing"}}},
{"type":"Feature","geometry":{"type":"Point","coordinates":[-122.302133,37.874848]},"properties":{"id":"n4217112480","k":"crossing","t":{"crossing":"uncontrolled","highway":"crossing"}}},
{"type":"Feature","geometry":{"type":"Point","coordinates":[-122.302239,37.874898]},"properties":{"id":"n4217112481","k":"crossing","t":{"crossing":"uncontrolled","highway":"crossing"}}},
{"type":"Feature","geometry":{"type":"Point","coordinates":[-122.295205,37.875003]},"properties":{"id":"n4217112482","k":"crossing","t":{"crossing":"uncontrolled","highway":"crossing"}}},
{"type":"Feature","geometry":{"type":"Point","coordinates":[-122.300047,37.875337]},"properties":{"id":"n4217112483","k":"crossing","t":{"crossing":"uncontrolled","highway":"crossing"}}},
{"type":"Feature","geometry":{"type":"Point","coordinates":[-122.298913,37.875497]},"properties":{"id":"n4217112484","k":"crossing","t":{"crossing":"uncontrolled","highway":"crossing"}}},
{"type":"Feature","geometry":{"type":"Point","coordinates":[-122.299006,37.875544]},"properties":{"id":"n4217112485","k":"crossing","t":{"crossing":"uncontrolled","highway":"crossing"}}},
{"type":"Feature","geometry":{"type":"Point","coordinates":[-122.297954,37.875694]},"properties":{"id":"n4217112486","k":"crossing","t":{"crossing":"uncontrolled","highway":"crossing"}}},
{"type":"Feature","geometry":{"type":"Point","coordinates":[-122.296751,37.875869]},"properties":{"id":"n4217112487","k":"crossing","t":{"crossing":"uncontrolled","highway":"crossing"}}},
{"type":"Feature","geometry":{"type":"Point","coordinates":[-122.296872,37.875913]},"properties":{"id":"n4217112488","k":"crossing","t":{"crossing":"uncontrolled","highway":"crossing"}}},
{"type":"Feature","geometry":{"type":"Point","coordinates":[-122.302574,37.875938]},"properties":{"id":"n4217113089","k":"crossing","t":{"crossing":"uncontrolled","highway":"crossing"}}},
{"type":"Feature","geometry":{"type":"Point","coordinates":[-122.296672,37.875953]},"properties":{"id":"n4217113090","k":"crossing","t":{"crossing":"uncontrolled","highway":"crossing"}}},
{"type":"Feature","geometry":{"type":"Point","coordinates":[-122.302665,37.875986]},"properties":{"id":"n4217113091","k":"crossing","t":{"crossing":"uncontrolled","highway":"crossing"}}},
{"type":"Feature","geometry":{"type":"Point","coordinates":[-122.296792,37.875996]},"properties":{"id":"n4217113092","k":"crossing","t":{"crossing":"uncontrolled","highway":"crossing"}}},
{"type":"Feature","geometry":{"type":"Point","coordinates":[-122.30251,37.876018]},"properties":{"id":"n4217113093","k":"crossing","t":{"crossing":"uncontrolled","highway":"crossing"}}},
{"type":"Feature","geometry":{"type":"Point","coordinates":[-122.302612,37.876071]},"properties":{"id":"n4217113094","k":"crossing","t":{"crossing":"uncontrolled","highway":"crossing"}}},
{"type":"Feature","geometry":{"type":"Point","coordinates":[-122.300385,37.876379]},"properties":{"id":"n4217113095","k":"crossing","t":{"crossing":"uncontrolled","highway":"crossing"}}},
{"type":"Feature","geometry":{"type":"Point","coordinates":[-122.299344,37.87659]},"properties":{"id":"n4217113097","k":"crossing","t":{"crossing":"uncontrolled","highway":"crossing"}}},
{"type":"Feature","geometry":{"type":"Point","coordinates":[-122.298334,37.876864]},"properties":{"id":"n4217113101","k":"crossing","t":{"crossing":"uncontrolled","highway":"crossing"}}},
{"type":"Feature","geometry":{"type":"Point","coordinates":[-122.297128,37.87704]},"properties":{"id":"n4217113102","k":"crossing","t":{"crossing":"uncontrolled","highway":"crossing"}}},
{"type":"Feature","geometry":{"type":"Point","coordinates":[-122.297249,37.877084]},"properties":{"id":"n4217113103","k":"crossing","t":{"crossing":"uncontrolled","highway":"crossing"}}},
{"type":"Feature","geometry":{"type":"Point","coordinates":[-122.297047,37.877123]},"properties":{"id":"n4217113104","k":"crossing","t":{"crossing":"uncontrolled","highway":"crossing"}}},
{"type":"Feature","geometry":{"type":"Point","coordinates":[-122.297169,37.877167]},"properties":{"id":"n4217113105","k":"crossing","t":{"crossing":"uncontrolled","highway":"crossing"}}},
{"type":"Feature","geometry":{"type":"Point","coordinates":[-122.302098,37.865673]},"properties":{"id":"n4217221725","k":"crossing","t":{"crossing":"uncontrolled","highway":"crossing"}}},
{"type":"Feature","geometry":{"type":"Point","coordinates":[-122.302179,37.865783]},"properties":{"id":"n4217221726","k":"crossing","t":{"crossing":"uncontrolled","highway":"crossing"}}},
{"type":"Feature","geometry":{"type":"Point","coordinates":[-122.301795,37.865796]},"properties":{"id":"n4217221727","k":"crossing","t":{"crossing":"uncontrolled","tactile_paving":"yes","highway":"crossing"}}},
{"type":"Feature","geometry":{"type":"Point","coordinates":[-122.301741,37.86588]},"properties":{"id":"n4217221728","k":"crossing","t":{"crossing":"uncontrolled","tactile_paving":"yes","highway":"crossing"}}},
{"type":"Feature","geometry":{"type":"Point","coordinates":[-122.30031,37.866169]},"properties":{"id":"n4217221729","k":"crossing","t":{"crossing":"unmarked","highway":"crossing"}}},
{"type":"Feature","geometry":{"type":"Point","coordinates":[-122.29938,37.866288]},"properties":{"id":"n4217221731","k":"crossing","t":{"crossing":"uncontrolled","highway":"crossing"}}},
{"type":"Feature","geometry":{"type":"Point","coordinates":[-122.299486,37.866343]},"properties":{"id":"n4217221732","k":"crossing","t":{"crossing":"uncontrolled","highway":"crossing"}}},
{"type":"Feature","geometry":{"type":"Point","coordinates":[-122.297376,37.866698]},"properties":{"id":"n4217221733","k":"crossing","t":{"crossing":"uncontrolled","highway":"crossing"}}},
{"type":"Feature","geometry":{"type":"Point","coordinates":[-122.297171,37.86674]},"properties":{"id":"n4217221734","k":"crossing","t":{"crossing":"uncontrolled","tactile_paving":"yes","highway":"crossing"}}},
{"type":"Feature","geometry":{"type":"Point","coordinates":[-122.296215,37.866861]},"properties":{"id":"n4217221735","k":"crossing","t":{"crossing":"uncontrolled","highway":"crossing"}}},
{"type":"Feature","geometry":{"type":"Point","coordinates":[-122.296313,37.866909]},"properties":{"id":"n4217221736","k":"crossing","t":{"crossing":"uncontrolled","highway":"crossing"}}},
{"type":"Feature","geometry":{"type":"Point","coordinates":[-122.296155,37.866941]},"properties":{"id":"n4217221737","k":"crossing","t":{"crossing":"uncontrolled","highway":"crossing"}}},
{"type":"Feature","geometry":{"type":"Point","coordinates":[-122.296253,37.866989]},"properties":{"id":"n4217221738","k":"crossing","t":{"crossing":"uncontrolled","highway":"crossing"}}},
{"type":"Feature","geometry":{"type":"Point","coordinates":[-122.295106,37.867084]},"properties":{"id":"n4217221739","k":"crossing","t":{"crossing":"uncontrolled","highway":"crossing"}}},
{"type":"Feature","geometry":{"type":"Point","coordinates":[-122.299999,37.8671]},"properties":{"id":"n4217221740","k":"crossing","t":{"crossing":"uncontrolled","highway":"crossing"}}},
{"type":"Feature","geometry":{"type":"Point","coordinates":[-122.299832,37.867136]},"properties":{"id":"n4217221741","k":"crossing","t":{"crossing":"uncontrolled","highway":"crossing"}}},
{"type":"Feature","geometry":{"type":"Point","coordinates":[-122.295203,37.867133]},"properties":{"id":"n4217221742","k":"crossing","t":{"crossing":"uncontrolled","highway":"crossing"}}},
{"type":"Feature","geometry":{"type":"Point","coordinates":[-122.295047,37.867166]},"properties":{"id":"n4217221743","k":"crossing","t":{"crossing":"uncontrolled","highway":"crossing"}}},
{"type":"Feature","geometry":{"type":"Point","coordinates":[-122.295148,37.867211]},"properties":{"id":"n4217221744","k":"crossing","t":{"crossing":"uncontrolled","highway":"crossing"}}},
{"type":"Feature","geometry":{"type":"Point","coordinates":[-122.293992,37.86729]},"properties":{"id":"n4217221745","k":"crossing","t":{"crossing":"uncontrolled","highway":"crossing"}}},
{"type":"Feature","geometry":{"type":"Point","coordinates":[-122.294126,37.867351]},"properties":{"id":"n4217221747","k":"crossing","t":{"crossing":"uncontrolled","highway":"crossing"}}},
{"type":"Feature","geometry":{"type":"Point","coordinates":[-122.293911,37.867396]},"properties":{"id":"n4217221748","k":"crossing","t":{"crossing":"uncontrolled","highway":"crossing"}}},
{"type":"Feature","geometry":{"type":"Point","coordinates":[-122.292892,37.867533]},"properties":{"id":"n4217221750","k":"crossing","t":{"crossing":"uncontrolled","highway":"crossing"}}},
{"type":"Feature","geometry":{"type":"Point","coordinates":[-122.292982,37.867579]},"properties":{"id":"n4217221751","k":"crossing","t":{"crossing":"uncontrolled","highway":"crossing"}}},
{"type":"Feature","geometry":{"type":"Point","coordinates":[-122.292824,37.86761]},"properties":{"id":"n4217221752","k":"crossing","t":{"crossing":"uncontrolled","highway":"crossing"}}},
{"type":"Feature","geometry":{"type":"Point","coordinates":[-122.29293,37.867659]},"properties":{"id":"n4217221753","k":"crossing","t":{"crossing":"uncontrolled","highway":"crossing"}}},
{"type":"Feature","geometry":{"type":"Point","coordinates":[-122.29766,37.867866]},"properties":{"id":"n4217221754","k":"crossing","t":{"crossing":"traffic_signals","highway":"crossing"}}},
{"type":"Feature","geometry":{"type":"Point","coordinates":[-122.297795,37.867914]},"properties":{"id":"n4217221756","k":"crossing","t":{"crossing":"traffic_signals","tactile_paving":"yes","highway":"crossing"}}},
{"type":"Feature","geometry":{"type":"Point","coordinates":[-122.297569,37.86796]},"properties":{"id":"n4217221757","k":"crossing","t":{"crossing":"traffic_signals","kerb":"lowered","tactile_paving":"yes","highway":"crossing"}}},
{"type":"Feature","geometry":{"type":"Point","coordinates":[-122.297828,37.868014]},"properties":{"id":"n4217221759","k":"crossing","t":{"crossing":"traffic_signals","kerb":"lowered","tactile_paving":"yes","highway":"crossing"}}},
{"type":"Feature","geometry":{"type":"Point","coordinates":[-122.297602,37.868061]},"properties":{"id":"n4217221761","k":"crossing","t":{"crossing":"traffic_signals","kerb":"lowered","tactile_paving":"yes","highway":"crossing"}}},
{"type":"Feature","geometry":{"type":"Point","coordinates":[-122.296605,37.868075]},"properties":{"id":"n4217221762","k":"crossing","t":{"crossing":"uncontrolled","highway":"crossing"}}},
{"type":"Feature","geometry":{"type":"Point","coordinates":[-122.297738,37.868114]},"properties":{"id":"n4217221763","k":"crossing","t":{"crossing":"traffic_signals","highway":"crossing"}}},
{"type":"Feature","geometry":{"type":"Point","coordinates":[-122.296707,37.868136]},"properties":{"id":"n4217221764","k":"crossing","t":{"highway":"crossing"}}},
{"type":"Feature","geometry":{"type":"Point","coordinates":[-122.296542,37.868169]},"properties":{"id":"n4217221765","k":"crossing","t":{"highway":"crossing"}}},
{"type":"Feature","geometry":{"type":"Point","coordinates":[-122.29674,37.868236]},"properties":{"id":"n4217221766","k":"crossing","t":{"highway":"crossing"}}},
{"type":"Feature","geometry":{"type":"Point","coordinates":[-122.296582,37.868273]},"properties":{"id":"n4217221767","k":"crossing","t":{"highway":"crossing"}}},
{"type":"Feature","geometry":{"type":"Point","coordinates":[-122.295497,37.868305]},"properties":{"id":"n4217221768","k":"crossing","t":{"crossing":"uncontrolled","highway":"crossing"}}},
{"type":"Feature","geometry":{"type":"Point","coordinates":[-122.296684,37.868324]},"properties":{"id":"n4217221769","k":"crossing","t":{"crossing":"uncontrolled","highway":"crossing"}}},
{"type":"Feature","geometry":{"type":"Point","coordinates":[-122.2956,37.868359]},"properties":{"id":"n4217221770","k":"crossing","t":{"crossing":"uncontrolled","highway":"crossing"}}},
{"type":"Feature","geometry":{"type":"Point","coordinates":[-122.295431,37.868393]},"properties":{"id":"n4217221771","k":"crossing","t":{"crossing":"uncontrolled","highway":"crossing"}}},
{"type":"Feature","geometry":{"type":"Point","coordinates":[-122.295629,37.868465]},"properties":{"id":"n4217221772","k":"crossing","t":{"crossing":"uncontrolled","highway":"crossing"}}},
{"type":"Feature","geometry":{"type":"Point","coordinates":[-122.295465,37.868498]},"properties":{"id":"n4217221773","k":"crossing","t":{"crossing":"uncontrolled","highway":"crossing"}}},
{"type":"Feature","geometry":{"type":"Point","coordinates":[-122.29439,37.868528]},"properties":{"id":"n4217221774","k":"crossing","t":{"crossing":"traffic_signals","highway":"crossing"}}},
{"type":"Feature","geometry":{"type":"Point","coordinates":[-122.295577,37.868551]},"properties":{"id":"n4217221775","k":"crossing","t":{"crossing":"uncontrolled","highway":"crossing"}}},
{"type":"Feature","geometry":{"type":"Point","coordinates":[-122.29451,37.868579]},"properties":{"id":"n4217221776","k":"crossing","t":{"crossing":"traffic_signals","kerb":"lowered","tactile_paving":"yes","highway":"crossing"}}},
{"type":"Feature","geometry":{"type":"Point","coordinates":[-122.294304,37.86862]},"properties":{"id":"n4217221777","k":"crossing","t":{"crossing":"traffic_signals","kerb":"lowered","tactile_paving":"yes","highway":"crossing"}}},
{"type":"Feature","geometry":{"type":"Point","coordinates":[-122.29454,37.868685]},"properties":{"id":"n4217221778","k":"crossing","t":{"crossing":"traffic_signals","kerb":"lowered","tactile_paving":"yes","highway":"crossing"}}},
{"type":"Feature","geometry":{"type":"Point","coordinates":[-122.294336,37.868726]},"properties":{"id":"n4217221779","k":"crossing","t":{"crossing":"traffic_signals","kerb":"lowered","tactile_paving":"yes","highway":"crossing"}}},
{"type":"Feature","geometry":{"type":"Point","coordinates":[-122.293282,37.868751]},"properties":{"id":"n4217221780","k":"crossing","t":{"crossing":"uncontrolled","highway":"crossing"}}},
{"type":"Feature","geometry":{"type":"Point","coordinates":[-122.294463,37.868774]},"properties":{"id":"n4217221781","k":"crossing","t":{"crossing":"traffic_signals","highway":"crossing"}}},
{"type":"Feature","geometry":{"type":"Point","coordinates":[-122.293383,37.868806]},"properties":{"id":"n4217221783","k":"crossing","t":{"crossing":"uncontrolled","highway":"crossing"}}},
{"type":"Feature","geometry":{"type":"Point","coordinates":[-122.293222,37.868838]},"properties":{"id":"n4217221784","k":"crossing","t":{"crossing":"uncontrolled","highway":"crossing"}}},
{"type":"Feature","geometry":{"type":"Point","coordinates":[-122.293419,37.868913]},"properties":{"id":"n4217221785","k":"crossing","t":{"crossing":"uncontrolled","highway":"crossing"}}},
{"type":"Feature","geometry":{"type":"Point","coordinates":[-122.293256,37.868946]},"properties":{"id":"n4217221786","k":"crossing","t":{"crossing":"uncontrolled","highway":"crossing"}}},
{"type":"Feature","geometry":{"type":"Point","coordinates":[-122.293361,37.868998]},"properties":{"id":"n4217221787","k":"crossing","t":{"crossing":"uncontrolled","highway":"crossing"}}},
{"type":"Feature","geometry":{"type":"Point","coordinates":[-122.297361,37.859532]},"properties":{"id":"n4218825984","k":"crossing","t":{"crossing":"uncontrolled","highway":"crossing"}}},
{"type":"Feature","geometry":{"type":"Point","coordinates":[-122.297224,37.859561]},"properties":{"id":"n4218825985","k":"crossing","t":{"crossing":"uncontrolled","highway":"crossing"}}},
{"type":"Feature","geometry":{"type":"Point","coordinates":[-122.297322,37.859607]},"properties":{"id":"n4218825986","k":"crossing","t":{"crossing":"uncontrolled","highway":"crossing"}}},
{"type":"Feature","geometry":{"type":"Point","coordinates":[-122.295215,37.859965]},"properties":{"id":"n4218825987","k":"crossing","t":{"crossing":"uncontrolled","highway":"crossing"}}},
{"type":"Feature","geometry":{"type":"Point","coordinates":[-122.295005,37.860008]},"properties":{"id":"n4218825988","k":"crossing","t":{"crossing":"uncontrolled","highway":"crossing"}}},
{"type":"Feature","geometry":{"type":"Point","coordinates":[-122.295136,37.860058]},"properties":{"id":"n4218827189","k":"crossing","t":{"crossing":"uncontrolled","highway":"crossing"}}},
{"type":"Feature","geometry":{"type":"Point","coordinates":[-122.294042,37.860116]},"properties":{"id":"n4218827190","k":"crossing","t":{"crossing":"traffic_signals","highway":"crossing"}}},
{"type":"Feature","geometry":{"type":"Point","coordinates":[-122.294246,37.860161]},"properties":{"id":"n4218827191","k":"crossing","t":{"crossing":"traffic_signals","highway":"crossing"}}},
{"type":"Feature","geometry":{"type":"Point","coordinates":[-122.293971,37.860216]},"properties":{"id":"n4218827192","k":"crossing","t":{"crossing":"traffic_signals","highway":"crossing"}}},
{"type":"Feature","geometry":{"type":"Point","coordinates":[-122.294075,37.860299]},"properties":{"id":"n4218827193","k":"crossing","t":{"crossing":"traffic_signals","highway":"crossing"}}},
{"type":"Feature","geometry":{"type":"Point","coordinates":[-122.292937,37.860347]},"properties":{"id":"n4218827194","k":"crossing","t":{"crossing":"uncontrolled","highway":"crossing"}}},
{"type":"Feature","geometry":{"type":"Point","coordinates":[-122.294192,37.860351]},"properties":{"id":"n4218827195","k":"crossing","t":{"crossing":"uncontrolled","highway":"crossing"}}},
{"type":"Feature","geometry":{"type":"Point","coordinates":[-122.294135,37.860357]},"properties":{"id":"n4218827196","k":"bollard","t":{"barrier":"bollard"}}},
{"type":"Feature","geometry":{"type":"Point","coordinates":[-122.29305,37.860401]},"properties":{"id":"n4218827197","k":"crossing","t":{"crossing":"uncontrolled","highway":"crossing"}}},
{"type":"Feature","geometry":{"type":"Point","coordinates":[-122.295236,37.860547]},"properties":{"id":"n4218827199","k":"signal","t":{"highway":"stop"}}},
{"type":"Feature","geometry":{"type":"Point","coordinates":[-122.295265,37.86063]},"properties":{"id":"n4218827201","k":"bollard","t":{"barrier":"bollard"}}},
{"type":"Feature","geometry":{"type":"Point","coordinates":[-122.291952,37.86062]},"properties":{"id":"n4218827202","k":"crossing","t":{"crossing":"uncontrolled","highway":"crossing"}}},
{"type":"Feature","geometry":{"type":"Point","coordinates":[-122.291748,37.860661]},"properties":{"id":"n4218827203","k":"crossing","t":{"crossing":"uncontrolled","highway":"crossing"}}},
{"type":"Feature","geometry":{"type":"Point","coordinates":[-122.291876,37.860706]},"properties":{"id":"n4218827205","k":"crossing","t":{"crossing":"uncontrolled","highway":"crossing"}}},
{"type":"Feature","geometry":{"type":"Point","coordinates":[-122.290728,37.860801]},"properties":{"id":"n4218827206","k":"crossing","t":{"crossing":"uncontrolled","highway":"crossing"}}},
{"type":"Feature","geometry":{"type":"Point","coordinates":[-122.290824,37.860852]},"properties":{"id":"n4218827207","k":"crossing","t":{"crossing":"uncontrolled","highway":"crossing"}}},
{"type":"Feature","geometry":{"type":"Point","coordinates":[-122.290667,37.860883]},"properties":{"id":"n4218827208","k":"crossing","t":{"crossing":"uncontrolled","kerb":"lowered","tactile_paving":"yes","highway":"crossing"}}},
{"type":"Feature","geometry":{"type":"Point","coordinates":[-122.29077,37.860928]},"properties":{"id":"n4218827209","k":"crossing","t":{"crossing":"uncontrolled","highway":"crossing"}}},
{"type":"Feature","geometry":{"type":"Point","coordinates":[-122.297848,37.861244]},"properties":{"id":"n4218827210","k":"crossing","t":{"crossing":"uncontrolled","highway":"crossing"}}},
{"type":"Feature","geometry":{"type":"Point","coordinates":[-122.297943,37.861289]},"properties":{"id":"n4218827211","k":"crossing","t":{"crossing":"uncontrolled","highway":"crossing"}}},
{"type":"Feature","geometry":{"type":"Point","coordinates":[-122.297784,37.861323]},"properties":{"id":"n4218827212","k":"crossing","t":{"crossing":"uncontrolled","highway":"crossing"}}},
{"type":"Feature","geometry":{"type":"Point","coordinates":[-122.297887,37.861367]},"properties":{"id":"n4218827213","k":"crossing","t":{"crossing":"uncontrolled","highway":"crossing"}}},
{"type":"Feature","geometry":{"type":"Point","coordinates":[-122.296804,37.861452]},"properties":{"id":"n4218827214","k":"crossing","t":{"crossing":"uncontrolled","highway":"crossing"}}},
{"type":"Feature","geometry":{"type":"Point","coordinates":[-122.29691,37.861501]},"properties":{"id":"n4218827215","k":"crossing","t":{"crossing":"uncontrolled","highway":"crossing"}}},
{"type":"Feature","geometry":{"type":"Point","coordinates":[-122.296748,37.861532]},"properties":{"id":"n4218827216","k":"crossing","t":{"crossing":"uncontrolled","highway":"crossing"}}},
{"type":"Feature","geometry":{"type":"Point","coordinates":[-122.296844,37.861575]},"properties":{"id":"n4218827217","k":"crossing","t":{"crossing":"uncontrolled","highway":"crossing"}}},
{"type":"Feature","geometry":{"type":"Point","coordinates":[-122.295656,37.861685]},"properties":{"id":"n4218827218","k":"crossing","t":{"crossing":"uncontrolled","highway":"crossing"}}},
{"type":"Feature","geometry":{"type":"Point","coordinates":[-122.295777,37.861728]},"properties":{"id":"n4218827219","k":"crossing","t":{"crossing":"uncontrolled","highway":"crossing"}}},
{"type":"Feature","geometry":{"type":"Point","coordinates":[-122.295575,37.86177]},"properties":{"id":"n4218827220","k":"crossing","t":{"crossing":"uncontrolled","highway":"crossing"}}},
{"type":"Feature","geometry":{"type":"Point","coordinates":[-122.295699,37.861812]},"properties":{"id":"n4218827221","k":"crossing","t":{"crossing":"uncontrolled","highway":"crossing"}}},
{"type":"Feature","geometry":{"type":"Point","coordinates":[-122.294617,37.861897]},"properties":{"id":"n4218827222","k":"crossing","t":{"crossing":"uncontrolled","highway":"crossing"}}},
{"type":"Feature","geometry":{"type":"Point","coordinates":[-122.294716,37.861941]},"properties":{"id":"n4218827223","k":"crossing","t":{"crossing":"uncontrolled","highway":"crossing"}}},
{"type":"Feature","geometry":{"type":"Point","coordinates":[-122.294555,37.861974]},"properties":{"id":"n4218827224","k":"crossing","t":{"crossing":"uncontrolled","highway":"crossing"}}},
{"type":"Feature","geometry":{"type":"Point","coordinates":[-122.294656,37.862018]},"properties":{"id":"n4218827225","k":"crossing","t":{"crossing":"uncontrolled","highway":"crossing"}}},
{"type":"Feature","geometry":{"type":"Point","coordinates":[-122.293508,37.86212]},"properties":{"id":"n4218827226","k":"crossing","t":{"crossing":"uncontrolled","highway":"crossing"}}},
{"type":"Feature","geometry":{"type":"Point","coordinates":[-122.293609,37.862167]},"properties":{"id":"n4218827227","k":"crossing","t":{"crossing":"uncontrolled","highway":"crossing"}}},
{"type":"Feature","geometry":{"type":"Point","coordinates":[-122.293447,37.862197]},"properties":{"id":"n4218827228","k":"crossing","t":{"crossing":"uncontrolled","highway":"crossing"}}},
{"type":"Feature","geometry":{"type":"Point","coordinates":[-122.293547,37.862239]},"properties":{"id":"n4218827229","k":"crossing","t":{"crossing":"uncontrolled","highway":"crossing"}}},
{"type":"Feature","geometry":{"type":"Point","coordinates":[-122.292403,37.862345]},"properties":{"id":"n4218827230","k":"crossing","t":{"crossing":"uncontrolled","highway":"crossing"}}},
{"type":"Feature","geometry":{"type":"Point","coordinates":[-122.29252,37.862385]},"properties":{"id":"n4218827231","k":"crossing","t":{"crossing":"uncontrolled","highway":"crossing"}}},
{"type":"Feature","geometry":{"type":"Point","coordinates":[-122.292321,37.862425]},"properties":{"id":"n4218827232","k":"crossing","t":{"crossing":"uncontrolled","highway":"crossing"}}},
{"type":"Feature","geometry":{"type":"Point","coordinates":[-122.292443,37.862467]},"properties":{"id":"n4218827233","k":"crossing","t":{"crossing":"uncontrolled","highway":"crossing"}}},
{"type":"Feature","geometry":{"type":"Point","coordinates":[-122.291296,37.862568]},"properties":{"id":"n4218827234","k":"crossing","t":{"crossing":"uncontrolled","highway":"crossing"}}},
{"type":"Feature","geometry":{"type":"Point","coordinates":[-122.29139,37.862613]},"properties":{"id":"n4218827235","k":"crossing","t":{"crossing":"uncontrolled","highway":"crossing"}}},
{"type":"Feature","geometry":{"type":"Point","coordinates":[-122.291234,37.862644]},"properties":{"id":"n4218827236","k":"crossing","t":{"crossing":"uncontrolled","highway":"crossing"}}},
{"type":"Feature","geometry":{"type":"Point","coordinates":[-122.291333,37.862687]},"properties":{"id":"n4218827237","k":"crossing","t":{"crossing":"uncontrolled","highway":"crossing"}}},
{"type":"Feature","geometry":{"type":"Point","coordinates":[-122.297373,37.863214]},"properties":{"id":"n4218827239","k":"crossing","t":{"crossing":"uncontrolled","highway":"crossing"}}},
{"type":"Feature","geometry":{"type":"Point","coordinates":[-122.29747,37.86326]},"properties":{"id":"n4218827240","k":"crossing","t":{"crossing":"uncontrolled","highway":"crossing"}}},
{"type":"Feature","geometry":{"type":"Point","coordinates":[-122.297312,37.863294]},"properties":{"id":"n4218827241","k":"crossing","t":{"crossing":"uncontrolled","highway":"crossing"}}},
{"type":"Feature","geometry":{"type":"Point","coordinates":[-122.297412,37.863339]},"properties":{"id":"n4218827242","k":"crossing","t":{"crossing":"uncontrolled","highway":"crossing"}}},
{"type":"Feature","geometry":{"type":"Point","coordinates":[-122.296225,37.863449]},"properties":{"id":"n4218827243","k":"crossing","t":{"crossing":"uncontrolled","highway":"crossing"}}},
{"type":"Feature","geometry":{"type":"Point","coordinates":[-122.296343,37.86349]},"properties":{"id":"n4218827244","k":"crossing","t":{"crossing":"uncontrolled","highway":"crossing"}}},
{"type":"Feature","geometry":{"type":"Point","coordinates":[-122.296137,37.863531]},"properties":{"id":"n4218827245","k":"crossing","t":{"crossing":"uncontrolled","kerb":"lowered","tactile_paving":"yes","highway":"crossing"}}},
{"type":"Feature","geometry":{"type":"Point","coordinates":[-122.296267,37.863575]},"properties":{"id":"n4218827246","k":"crossing","t":{"crossing":"uncontrolled","highway":"crossing"}}},
{"type":"Feature","geometry":{"type":"Point","coordinates":[-122.295184,37.863654]},"properties":{"id":"n4218827247","k":"crossing","t":{"crossing":"uncontrolled","highway":"crossing"}}},
{"type":"Feature","geometry":{"type":"Point","coordinates":[-122.295198,37.863719]},"properties":{"id":"n4218827249","k":"bollard","t":{"barrier":"bollard"}}},
{"type":"Feature","geometry":{"type":"Point","coordinates":[-122.295111,37.863739]},"properties":{"id":"n4218827250","k":"crossing","t":{"crossing":"uncontrolled","highway":"crossing"}}},
{"type":"Feature","geometry":{"type":"Point","coordinates":[-122.295219,37.863784]},"properties":{"id":"n4218827251","k":"crossing","t":{"crossing":"uncontrolled","highway":"crossing"}}},
{"type":"Feature","geometry":{"type":"Point","coordinates":[-122.294072,37.86388]},"properties":{"id":"n4218827252","k":"crossing","t":{"crossing":"uncontrolled","highway":"crossing"}}},
{"type":"Feature","geometry":{"type":"Point","coordinates":[-122.294174,37.863927]},"properties":{"id":"n4218827253","k":"crossing","t":{"crossing":"uncontrolled","highway":"crossing"}}},
{"type":"Feature","geometry":{"type":"Point","coordinates":[-122.294017,37.863959]},"properties":{"id":"n4218827254","k":"crossing","t":{"crossing":"uncontrolled","highway":"crossing"}}},
{"type":"Feature","geometry":{"type":"Point","coordinates":[-122.294115,37.864004]},"properties":{"id":"n4218827255","k":"crossing","t":{"crossing":"uncontrolled","highway":"crossing"}}},
{"type":"Feature","geometry":{"type":"Point","coordinates":[-122.292881,37.864188]},"properties":{"id":"n4218827256","k":"crossing","t":{"crossing":"uncontrolled","highway":"crossing"}}},
{"type":"Feature","geometry":{"type":"Point","coordinates":[-122.29679,37.86521]},"properties":{"id":"n4218827257","k":"crossing","t":{"crossing":"traffic_signals","highway":"crossing"}}},
{"type":"Feature","geometry":{"type":"Point","coordinates":[-122.296911,37.865252]},"properties":{"id":"n4218827258","k":"crossing","t":{"crossing":"traffic_signals","highway":"crossing"}}},
{"type":"Feature","geometry":{"type":"Point","coordinates":[-122.296704,37.865295]},"properties":{"id":"n4218827259","k":"crossing","t":{"crossing":"traffic_signals","tactile_paving":"yes","highway":"crossing"}}},
{"type":"Feature","geometry":{"type":"Point","coordinates":[-122.29683,37.865336]},"properties":{"id":"n4218827260","k":"crossing","t":{"crossing":"traffic_signals","highway":"crossing"}}},
{"type":"Feature","geometry":{"type":"Point","coordinates":[-122.295747,37.865405]},"properties":{"id":"n4218827261","k":"crossing","t":{"crossing":"uncontrolled","highway":"crossing"}}},
{"type":"Feature","geometry":{"type":"Point","coordinates":[-122.295865,37.865466]},"properties":{"id":"n4218827262","k":"crossing","t":{"crossing":"uncontrolled","highway":"crossing"}}},
{"type":"Feature","geometry":{"type":"Point","coordinates":[-122.294751,37.86569]},"properties":{"id":"n4218827263","k":"crossing","t":{"crossing":"uncontrolled","highway":"crossing"}}},
{"type":"Feature","geometry":{"type":"Point","coordinates":[-122.294578,37.865726]},"properties":{"id":"n4218827264","k":"crossing","t":{"crossing":"uncontrolled","highway":"crossing"}}},
{"type":"Feature","geometry":{"type":"Point","coordinates":[-122.294684,37.865769]},"properties":{"id":"n4218827265","k":"crossing","t":{"crossing":"uncontrolled","highway":"crossing"}}},
{"type":"Feature","geometry":{"type":"Point","coordinates":[-122.293584,37.866013]},"properties":{"id":"n4218827266","k":"crossing","t":{"crossing":"uncontrolled","highway":"crossing"}}},
{"type":"Feature","geometry":{"type":"Point","coordinates":[-122.292426,37.866088]},"properties":{"id":"n4218827267","k":"crossing","t":{"crossing":"uncontrolled","highway":"crossing"}}},
{"type":"Feature","geometry":{"type":"Point","coordinates":[-122.292524,37.866138]},"properties":{"id":"n4218827268","k":"crossing","t":{"crossing":"uncontrolled","highway":"crossing"}}},
{"type":"Feature","geometry":{"type":"Point","coordinates":[-122.29236,37.866171]},"properties":{"id":"n4218827269","k":"crossing","t":{"crossing":"uncontrolled","highway":"crossing"}}},
{"type":"Feature","geometry":{"type":"Point","coordinates":[-122.292468,37.866216]},"properties":{"id":"n4218827270","k":"crossing","t":{"crossing":"uncontrolled","highway":"crossing"}}},
{"type":"Feature","geometry":{"type":"Point","coordinates":[-122.290739,37.850071]},"properties":{"id":"n4218967454","k":"crossing","t":{"crossing":"uncontrolled","highway":"crossing"}}},
{"type":"Feature","geometry":{"type":"Point","coordinates":[-122.290844,37.850163]},"properties":{"id":"n4218967455","k":"crossing","t":{"crossing":"uncontrolled","highway":"crossing"}}},
{"type":"Feature","geometry":{"type":"Point","coordinates":[-122.290932,37.850836]},"properties":{"id":"n4218967461","k":"crossing","t":{"crossing":"uncontrolled","tactile_paving":"yes","highway":"crossing"}}},
{"type":"Feature","geometry":{"type":"Point","coordinates":[-122.291068,37.850895]},"properties":{"id":"n4218967462","k":"crossing","t":{"crossing":"traffic_signals","kerb":"lowered","tactile_paving":"yes","highway":"crossing"}}},
{"type":"Feature","geometry":{"type":"Point","coordinates":[-122.290973,37.851065]},"properties":{"id":"n4218967463","k":"crossing","t":{"crossing":"traffic_signals","kerb":"lowered","tactile_paving":"yes","highway":"crossing"}}},
{"type":"Feature","geometry":{"type":"Point","coordinates":[-122.291127,37.851119]},"properties":{"id":"n4218967464","k":"crossing","t":{"crossing":"traffic_signals","kerb":"lowered","tactile_paving":"yes","highway":"crossing"}}},
{"type":"Feature","geometry":{"type":"Point","coordinates":[-122.289323,37.851166]},"properties":{"id":"n4218967465","k":"crossing","t":{"crossing":"uncontrolled","tactile_paving":"yes","highway":"crossing"}}},
{"type":"Feature","geometry":{"type":"Point","coordinates":[-122.291365,37.851492]},"properties":{"id":"n4218967471","k":"crossing","t":{"crossing":"traffic_signals","highway":"crossing"}}},
{"type":"Feature","geometry":{"type":"Point","coordinates":[-122.289352,37.851524]},"properties":{"id":"n4218967472","k":"crossing","t":{"crossing":"traffic_signals","kerb":"lowered","tactile_paving":"yes","highway":"crossing"}}},
{"type":"Feature","geometry":{"type":"Point","coordinates":[-122.291128,37.851544]},"properties":{"id":"n4218967474","k":"crossing","t":{"crossing":"traffic_signals","highway":"crossing"}}},
{"type":"Feature","geometry":{"type":"Point","coordinates":[-122.291267,37.85159]},"properties":{"id":"n4218967475","k":"crossing","t":{"crossing":"traffic_signals","highway":"crossing"}}},
{"type":"Feature","geometry":{"type":"Point","coordinates":[-122.289465,37.851597]},"properties":{"id":"n4218967476","k":"crossing","t":{"crossing":"traffic_signals","kerb":"lowered","tactile_paving":"yes","highway":"crossing"}}},
{"type":"Feature","geometry":{"type":"Point","coordinates":[-122.289558,37.851858]},"properties":{"id":"n4218967477","k":"crossing","t":{"crossing":"uncontrolled","highway":"crossing"}}},
{"type":"Feature","geometry":{"type":"Point","coordinates":[-122.28951,37.851986]},"properties":{"id":"n4218967478","k":"crossing","t":{"crossing":"uncontrolled","highway":"crossing"}}},
{"type":"Feature","geometry":{"type":"Point","coordinates":[-122.291598,37.852203]},"properties":{"id":"n4218967479","k":"crossing","t":{"crossing":"uncontrolled","highway":"crossing"}}},
{"type":"Feature","geometry":{"type":"Point","coordinates":[-122.291504,37.852288]},"properties":{"id":"n4218967480","k":"crossing","t":{"crossing":"uncontrolled","highway":"crossing"}}},
{"type":"Feature","geometry":{"type":"Point","coordinates":[-122.289732,37.852655]},"properties":{"id":"n4218967481","k":"crossing","t":{"crossing":"uncontrolled","highway":"crossing"}}},
{"type":"Feature","geometry":{"type":"Point","coordinates":[-122.289554,37.853131]},"properties":{"id":"n4218967482","k":"crossing","t":{"crossing":"uncontrolled","highway":"crossing"}}},
{"type":"Feature","geometry":{"type":"Point","coordinates":[-122.291889,37.853421]},"properties":{"id":"n4218967483","k":"crossing","t":{"crossing":"traffic_signals","highway":"crossing"}}},
{"type":"Feature","geometry":{"type":"Point","coordinates":[-122.291999,37.853463]},"properties":{"id":"n4218967484","k":"crossing","t":{"crossing":"traffic_signals","highway":"crossing"}}},
{"type":"Feature","geometry":{"type":"Point","coordinates":[-122.291819,37.8535]},"properties":{"id":"n4218967485","k":"crossing","t":{"crossing":"traffic_signals","highway":"crossing"}}},
{"type":"Feature","geometry":{"type":"Point","coordinates":[-122.291929,37.853542]},"properties":{"id":"n4218967486","k":"crossing","t":{"crossing":"traffic_signals","highway":"crossing"}}},
{"type":"Feature","geometry":{"type":"Point","coordinates":[-122.29072,37.853724]},"properties":{"id":"n4218967487","k":"crossing","t":{"crossing":"uncontrolled","tactile_paving":"yes","highway":"crossing"}}},
{"type":"Feature","geometry":{"type":"Point","coordinates":[-122.290815,37.853769]},"properties":{"id":"n4218967488","k":"crossing","t":{"crossing":"uncontrolled","highway":"crossing"}}},
{"type":"Feature","geometry":{"type":"Point","coordinates":[-122.28967,37.853844]},"properties":{"id":"n4218967689","k":"crossing","t":{"crossing":"uncontrolled","kerb":"lowered","tactile_paving":"yes","highway":"crossing"}}},
{"type":"Feature","geometry":{"type":"Point","coordinates":[-122.289802,37.853906]},"properties":{"id":"n4218967690","k":"crossing","t":{"crossing":"uncontrolled","kerb":"lowered","tactile_paving":"yes","highway":"crossing"}}},
{"type":"Feature","geometry":{"type":"Point","coordinates":[-122.289592,37.853948]},"properties":{"id":"n4218967691","k":"crossing","t":{"crossing":"uncontrolled","kerb":"lowered","tactile_paving":"yes","highway":"crossing"}}},
{"type":"Feature","geometry":{"type":"Point","coordinates":[-122.289703,37.853996]},"properties":{"id":"n4218967692","k":"crossing","t":{"crossing":"uncontrolled","kerb":"lowered","tactile_paving":"yes","highway":"crossing"}}},
{"type":"Feature","geometry":{"type":"Point","coordinates":[-122.288514,37.854169]},"properties":{"id":"n4218967693","k":"crossing","t":{"crossing":"uncontrolled","highway":"crossing"}}},
{"type":"Feature","geometry":{"type":"Point","coordinates":[-122.29247,37.855239]},"properties":{"id":"n4218967695","k":"crossing","t":{"crossing":"traffic_signals","highway":"crossing"}}},
{"type":"Feature","geometry":{"type":"Point","coordinates":[-122.292587,37.855284]},"properties":{"id":"n4218967696","k":"crossing","t":{"crossing":"traffic_signals","highway":"crossing"}}},
{"type":"Feature","geometry":{"type":"Point","coordinates":[-122.292404,37.855321]},"properties":{"id":"n4218967697","k":"crossing","t":{"crossing":"traffic_signals","highway":"crossing"}}},
{"type":"Feature","geometry":{"type":"Point","coordinates":[-122.292518,37.855369]},"properties":{"id":"n4218967698","k":"crossing","t":{"crossing":"traffic_signals","highway":"crossing"}}},
{"type":"Feature","geometry":{"type":"Point","coordinates":[-122.291369,37.855464]},"properties":{"id":"n4218967699","k":"crossing","t":{"crossing":"uncontrolled","highway":"crossing"}}},
{"type":"Feature","geometry":{"type":"Point","coordinates":[-122.291471,37.855511]},"properties":{"id":"n4218967700","k":"crossing","t":{"crossing":"uncontrolled","highway":"crossing"}}},
{"type":"Feature","geometry":{"type":"Point","coordinates":[-122.291306,37.855546]},"properties":{"id":"n4218967701","k":"crossing","t":{"crossing":"uncontrolled","highway":"crossing"}}},
{"type":"Feature","geometry":{"type":"Point","coordinates":[-122.291409,37.855588]},"properties":{"id":"n4218967702","k":"crossing","t":{"crossing":"uncontrolled","highway":"crossing"}}},
{"type":"Feature","geometry":{"type":"Point","coordinates":[-122.292656,37.856111]},"properties":{"id":"n4218967703","k":"crossing","t":{"crossing":"uncontrolled","highway":"crossing"}}},
{"type":"Feature","geometry":{"type":"Point","coordinates":[-122.291638,37.856311]},"properties":{"id":"n4218967704","k":"crossing","t":{"crossing":"uncontrolled","highway":"crossing"}}},
{"type":"Feature","geometry":{"type":"Point","coordinates":[-122.291733,37.856342]},"properties":{"id":"n4218967705","k":"crossing","t":{"crossing":"uncontrolled","highway":"crossing"}}},
{"type":"Feature","geometry":{"type":"Point","coordinates":[-122.291584,37.856379]},"properties":{"id":"n4218967706","k":"crossing","t":{"crossing":"uncontrolled","highway":"crossing"}}},
{"type":"Feature","geometry":{"type":"Point","coordinates":[-122.291671,37.856414]},"properties":{"id":"n4218967707","k":"crossing","t":{"crossing":"uncontrolled","highway":"crossing"}}},
{"type":"Feature","geometry":{"type":"Point","coordinates":[-122.290546,37.85658]},"properties":{"id":"n4218967708","k":"crossing","t":{"crossing":"uncontrolled","highway":"crossing"}}},
{"type":"Feature","geometry":{"type":"Point","coordinates":[-122.29066,37.856609]},"properties":{"id":"n4218967709","k":"crossing","t":{"crossing":"uncontrolled","highway":"crossing"}}},
{"type":"Feature","geometry":{"type":"Point","coordinates":[-122.290463,37.856658]},"properties":{"id":"n4218967710","k":"crossing","t":{"crossing":"uncontrolled","highway":"crossing"}}},
{"type":"Feature","geometry":{"type":"Point","coordinates":[-122.290581,37.856687]},"properties":{"id":"n4218967711","k":"crossing","t":{"crossing":"uncontrolled","highway":"crossing"}}},
{"type":"Feature","geometry":{"type":"Point","coordinates":[-122.293112,37.856935]},"properties":{"id":"n4218967712","k":"crossing","t":{"crossing":"uncontrolled","highway":"crossing"}}},
{"type":"Feature","geometry":{"type":"Point","coordinates":[-122.292935,37.856974]},"properties":{"id":"n4218967713","k":"crossing","t":{"crossing":"uncontrolled","highway":"crossing"}}},
{"type":"Feature","geometry":{"type":"Point","coordinates":[-122.290951,37.857476]},"properties":{"id":"n4218967714","k":"crossing","t":{"crossing":"uncontrolled","highway":"crossing"}}},
{"type":"Feature","geometry":{"type":"Point","coordinates":[-122.290743,37.85753]},"properties":{"id":"n4218967715","k":"crossing","t":{"crossing":"uncontrolled","highway":"crossing"}}},
{"type":"Feature","geometry":{"type":"Point","coordinates":[-122.29348,37.858367]},"properties":{"id":"n4218967717","k":"crossing","t":{"crossing":"traffic_signals","highway":"crossing"}}},
{"type":"Feature","geometry":{"type":"Point","coordinates":[-122.293619,37.858434]},"properties":{"id":"n4218967718","k":"crossing","t":{"crossing":"traffic_signals","highway":"crossing"}}},
{"type":"Feature","geometry":{"type":"Point","coordinates":[-122.293407,37.858457]},"properties":{"id":"n4218967719","k":"crossing","t":{"crossing":"traffic_signals","highway":"crossing"}}},
{"type":"Feature","geometry":{"type":"Point","coordinates":[-122.293534,37.858521]},"properties":{"id":"n4218967720","k":"crossing","t":{"crossing":"traffic_signals","highway":"crossing"}}},
{"type":"Feature","geometry":{"type":"Point","coordinates":[-122.292372,37.858587]},"properties":{"id":"n4218967721","k":"crossing","t":{"crossing":"uncontrolled","highway":"crossing"}}},
{"type":"Feature","geometry":{"type":"Point","coordinates":[-122.292472,37.858642]},"properties":{"id":"n4218967722","k":"crossing","t":{"crossing":"uncontrolled","highway":"crossing"}}},
{"type":"Feature","geometry":{"type":"Point","coordinates":[-122.292315,37.858674]},"properties":{"id":"n4218967723","k":"crossing","t":{"crossing":"uncontrolled","highway":"crossing"}}},
{"type":"Feature","geometry":{"type":"Point","coordinates":[-122.292418,37.858726]},"properties":{"id":"n4218967724","k":"crossing","t":{"crossing":"uncontrolled","highway":"crossing"}}},
{"type":"Feature","geometry":{"type":"Point","coordinates":[-122.291385,37.858863]},"properties":{"id":"n4218967725","k":"crossing","t":{"crossing":"uncontrolled","highway":"crossing"}}},
{"type":"Feature","geometry":{"type":"Point","coordinates":[-122.291183,37.858902]},"properties":{"id":"n4218967726","k":"crossing","t":{"crossing":"uncontrolled","highway":"crossing"}}},
{"type":"Feature","geometry":{"type":"Point","coordinates":[-122.290165,37.859037]},"properties":{"id":"n4218967727","k":"crossing","t":{"crossing":"uncontrolled","highway":"crossing"}}},
{"type":"Feature","geometry":{"type":"Point","coordinates":[-122.290258,37.859088]},"properties":{"id":"n4218967728","k":"crossing","t":{"crossing":"uncontrolled","highway":"crossing"}}},
{"type":"Feature","geometry":{"type":"Point","coordinates":[-122.290097,37.859119]},"properties":{"id":"n4218967729","k":"crossing","t":{"crossing":"uncontrolled","highway":"crossing"}}},
{"type":"Feature","geometry":{"type":"Point","coordinates":[-122.290207,37.859169]},"properties":{"id":"n4218967730","k":"crossing","t":{"crossing":"uncontrolled","highway":"crossing"}}},
{"type":"Feature","geometry":{"type":"Point","coordinates":[-122.284738,37.880207]},"properties":{"id":"n4221297992","k":"crossing","t":{"crossing":"uncontrolled","highway":"crossing"}}},
{"type":"Feature","geometry":{"type":"Point","coordinates":[-122.284885,37.880215]},"properties":{"id":"n4221297993","k":"crossing","t":{"crossing":"uncontrolled","highway":"crossing"}}},
{"type":"Feature","geometry":{"type":"Point","coordinates":[-122.285623,37.880321]},"properties":{"id":"n4221297994","k":"crossing","t":{"crossing":"uncontrolled","highway":"crossing"}}},
{"type":"Feature","geometry":{"type":"Point","coordinates":[-122.285522,37.880367]},"properties":{"id":"n4221297995","k":"crossing","t":{"crossing":"uncontrolled","highway":"crossing"}}},
{"type":"Feature","geometry":{"type":"Point","coordinates":[-122.285575,37.880446]},"properties":{"id":"n4221297996","k":"crossing","t":{"crossing":"uncontrolled","highway":"crossing"}}},
{"type":"Feature","geometry":{"type":"Point","coordinates":[-122.286748,37.880592]},"properties":{"id":"n4221297997","k":"crossing","t":{"crossing":"uncontrolled","highway":"crossing"}}},
{"type":"Feature","geometry":{"type":"Point","coordinates":[-122.294876,37.880609]},"properties":{"id":"n4221297998","k":"crossing","t":{"crossing":"uncontrolled","highway":"crossing"}}},
{"type":"Feature","geometry":{"type":"Point","coordinates":[-122.286648,37.880637]},"properties":{"id":"n4221297999","k":"crossing","t":{"crossing":"uncontrolled","highway":"crossing"}}},
{"type":"Feature","geometry":{"type":"Point","coordinates":[-122.286805,37.880675]},"properties":{"id":"n4221298000","k":"crossing","t":{"crossing":"uncontrolled","highway":"crossing"}}},
{"type":"Feature","geometry":{"type":"Point","coordinates":[-122.294826,37.880691]},"properties":{"id":"n4221298001","k":"crossing","t":{"crossing":"uncontrolled","highway":"crossing"}}},
{"type":"Feature","geometry":{"type":"Point","coordinates":[-122.2867,37.880717]},"properties":{"id":"n4221298002","k":"crossing","t":{"crossing":"uncontrolled","highway":"crossing"}}},
{"type":"Feature","geometry":{"type":"Point","coordinates":[-122.294919,37.88074]},"properties":{"id":"n4221298003","k":"crossing","t":{"crossing":"uncontrolled","highway":"crossing"}}},
{"type":"Feature","geometry":{"type":"Point","coordinates":[-122.294036,37.880782]},"properties":{"id":"n4221298004","k":"crossing","t":{"crossing":"uncontrolled","highway":"crossing"}}},
{"type":"Feature","geometry":{"type":"Point","coordinates":[-122.287811,37.880845]},"properties":{"id":"n4221298005","k":"crossing","t":{"crossing":"uncontrolled","kerb":"lowered","tactile_paving":"yes","highway":"crossing"}}},
{"type":"Feature","geometry":{"type":"Point","coordinates":[-122.293986,37.880861]},"properties":{"id":"n4221298006","k":"crossing","t":{"crossing":"uncontrolled","highway":"crossing"}}},
{"type":"Feature","geometry":{"type":"Point","coordinates":[-122.287697,37.880887]},"properties":{"id":"n4221298007","k":"crossing","t":{"crossing":"uncontrolled","kerb":"lowered","tactile_paving":"yes","highway":"crossing"}}},
{"type":"Feature","geometry":{"type":"Point","coordinates":[-122.294077,37.88091]},"properties":{"id":"n4221298008","k":"crossing","t":{"crossing":"uncontrolled","highway":"crossing"}}},
{"type":"Feature","geometry":{"type":"Point","coordinates":[-122.283246,37.880915]},"properties":{"id":"n4221298009","k":"crossing","t":{"crossing":"traffic_signals","kerb":"lowered","tactile_paving":"no","highway":"crossing"}}},
{"type":"Feature","geometry":{"type":"Point","coordinates":[-122.287877,37.88093]},"properties":{"id":"n4221298010","k":"crossing","t":{"crossing":"uncontrolled","kerb":"lowered","tactile_paving":"yes","highway":"crossing"}}},
{"type":"Feature","geometry":{"type":"Point","coordinates":[-122.283369,37.880941]},"properties":{"id":"n4221298011","k":"crossing","t":{"crossing":"traffic_signals","kerb":"lowered","tactile_paving":"no","highway":"crossing"}}},
{"type":"Feature","geometry":{"type":"Point","coordinates":[-122.293198,37.88095]},"properties":{"id":"n4221298012","k":"crossing","t":{"crossing":"uncontrolled","highway":"crossing"}}},
{"type":"Feature","geometry":{"type":"Point","coordinates":[-122.287766,37.880974]},"properties":{"id":"n4221298013","k":"crossing","t":{"crossing":"uncontrolled","kerb":"lowered","tactile_paving":"yes","highway":"crossing"}}},
{"type":"Feature","geometry":{"type":"Point","coordinates":[-122.293289,37.881003]},"properties":{"id":"n4221298014","k":"crossing","t":{"crossing":"uncontrolled","highway":"crossing"}}},
{"type":"Feature","geometry":{"type":"Point","coordinates":[-122.283187,37.881039]},"properties":{"id":"n4221298015","k":"crossing","t":{"crossing":"traffic_signals","highway":"crossing"}}},
{"type":"Feature","geometry":{"type":"Point","coordinates":[-122.288783,37.881074]},"properties":{"id":"n4221298016","k":"crossing","t":{"crossing":"uncontrolled","kerb":"lowered","tactile_paving":"yes","highway":"crossing"}}},
{"type":"Feature","geometry":{"type":"Point","coordinates":[-122.29324,37.88108]},"properties":{"id":"n4221298017","k":"crossing","t":{"crossing":"uncontrolled","highway":"crossing"}}},
{"type":"Feature","geometry":{"type":"Point","coordinates":[-122.288676,37.88112]},"properties":{"id":"n4221298018","k":"crossing","t":{"crossing":"uncontrolled","kerb":"lowered","tactile_paving":"yes","highway":"crossing"}}},
{"type":"Feature","geometry":{"type":"Point","coordinates":[-122.292355,37.88112]},"properties":{"id":"n4221298019","k":"crossing","t":{"crossing":"uncontrolled","highway":"crossing"}}},
{"type":"Feature","geometry":{"type":"Point","coordinates":[-122.289213,37.881179]},"properties":{"id":"n4221298020","k":"crossing","t":{"crossing":"uncontrolled","tactile_paving":"yes","highway":"crossing"}}},
{"type":"Feature","geometry":{"type":"Point","coordinates":[-122.292309,37.8812]},"properties":{"id":"n4221298021","k":"crossing","t":{"crossing":"uncontrolled","highway":"crossing"}}},
{"type":"Feature","geometry":{"type":"Point","coordinates":[-122.289125,37.881228]},"properties":{"id":"n4221298022","k":"crossing","t":{"crossing":"uncontrolled","highway":"crossing"}}},
{"type":"Feature","geometry":{"type":"Point","coordinates":[-122.292399,37.881249]},"properties":{"id":"n4221298023","k":"crossing","t":{"crossing":"uncontrolled","highway":"crossing"}}},
{"type":"Feature","geometry":{"type":"Point","coordinates":[-122.289251,37.881259]},"properties":{"id":"n4221298024","k":"crossing","t":{"crossing":"uncontrolled","tactile_paving":"yes","highway":"crossing"}}},
{"type":"Feature","geometry":{"type":"Point","coordinates":[-122.29152,37.881292]},"properties":{"id":"n4221298025","k":"crossing","t":{"crossing":"uncontrolled","highway":"crossing"}}},
{"type":"Feature","geometry":{"type":"Point","coordinates":[-122.289168,37.881305]},"properties":{"id":"n4221298026","k":"crossing","t":{"crossing":"uncontrolled","highway":"crossing"}}},
{"type":"Feature","geometry":{"type":"Point","coordinates":[-122.290042,37.881367]},"properties":{"id":"n4221298027","k":"crossing","t":{"crossing":"uncontrolled","kerb":"lowered","tactile_paving":"yes","highway":"crossing"}}},
{"type":"Feature","geometry":{"type":"Point","coordinates":[-122.29147,37.881371]},"properties":{"id":"n4221298028","k":"crossing","t":{"crossing":"uncontrolled","highway":"crossing"}}},
{"type":"Feature","geometry":{"type":"Point","coordinates":[-122.290928,37.881408]},"properties":{"id":"n4221298029","k":"crossing","t":{"crossing":"uncontrolled","highway":"crossing"}}},
{"type":"Feature","geometry":{"type":"Point","coordinates":[-122.291558,37.881415]},"properties":{"id":"n4221298030","k":"crossing","t":{"crossing":"uncontrolled","highway":"crossing"}}},
{"type":"Feature","geometry":{"type":"Point","coordinates":[-122.289935,37.881421]},"properties":{"id":"n4221298031","k":"crossing","t":{"crossing":"uncontrolled","tactile_paving":"yes","highway":"crossing"}}},
{"type":"Feature","geometry":{"type":"Point","coordinates":[-122.290084,37.881457]},"properties":{"id":"n4221298032","k":"crossing","t":{"crossing":"uncontrolled","kerb":"lowered","tactile_paving":"yes","highway":"crossing"}}},
{"type":"Feature","geometry":{"type":"Point","coordinates":[-122.290981,37.881468]},"properties":{"id":"n4221298033","k":"crossing","t":{"crossing":"uncontrolled","highway":"crossing"}}},
{"type":"Feature","geometry":{"type":"Point","coordinates":[-122.290821,37.881502]},"properties":{"id":"n4221298034","k":"crossing","t":{"crossing":"uncontrolled","highway":"crossing"}}},
{"type":"Feature","geometry":{"type":"Point","coordinates":[-122.289991,37.881504]},"properties":{"id":"n4221298035","k":"crossing","t":{"crossing":"uncontrolled","kerb":"lowered","tactile_paving":"yes","highway":"crossing"}}},
{"type":"Feature","geometry":{"type":"Point","coordinates":[-122.290871,37.88156]},"properties":{"id":"n4221298036","k":"crossing","t":{"crossing":"uncontrolled","highway":"crossing"}}},
{"type":"Feature","geometry":{"type":"Point","coordinates":[-122.292535,37.873583]},"properties":{"id":"n4225206827","k":"crossing","t":{"crossing":"uncontrolled","highway":"crossing"}}},
{"type":"Feature","geometry":{"type":"Point","coordinates":[-122.292625,37.873637]},"properties":{"id":"n4225206828","k":"crossing","t":{"crossing":"uncontrolled","highway":"crossing"}}},
{"type":"Feature","geometry":{"type":"Point","coordinates":[-122.291824,37.873675]},"properties":{"id":"n4225206829","k":"crossing","t":{"crossing":"uncontrolled","highway":"crossing"}}},
{"type":"Feature","geometry":{"type":"Point","coordinates":[-122.291772,37.873751]},"properties":{"id":"n4225206830","k":"crossing","t":{"crossing":"uncontrolled","highway":"crossing"}}},
{"type":"Feature","geometry":{"type":"Point","coordinates":[-122.290968,37.873785]},"properties":{"id":"n4225206831","k":"crossing","t":{"crossing":"uncontrolled","kerb":"lowered","tactile_paving":"yes","highway":"crossing"}}},
{"type":"Feature","geometry":{"type":"Point","coordinates":[-122.29091,37.873856]},"properties":{"id":"n4225206833","k":"crossing","t":{"crossing":"uncontrolled","kerb":"lowered","tactile_paving":"yes","highway":"crossing"}}},
{"type":"Feature","geometry":{"type":"Point","coordinates":[-122.290125,37.873893]},"properties":{"id":"n4225206834","k":"crossing","t":{"crossing":"uncontrolled","tactile_paving":"yes","highway":"crossing"}}},
{"type":"Feature","geometry":{"type":"Point","coordinates":[-122.289973,37.873913]},"properties":{"id":"n4225206835","k":"crossing","t":{"crossing":"uncontrolled","tactile_paving":"yes","highway":"crossing"}}},
{"type":"Feature","geometry":{"type":"Point","coordinates":[-122.288559,37.874033]},"properties":{"id":"n4225206836","k":"crossing","t":{"crossing":"uncontrolled","highway":"crossing"}}},
{"type":"Feature","geometry":{"type":"Point","coordinates":[-122.289197,37.87408]},"properties":{"id":"n4225206837","k":"crossing","t":{"crossing":"uncontrolled","highway":"crossing"}}},
{"type":"Feature","geometry":{"type":"Point","coordinates":[-122.288651,37.874083]},"properties":{"id":"n4225206838","k":"crossing","t":{"crossing":"uncontrolled","highway":"crossing"}}},
{"type":"Feature","geometry":{"type":"Point","coordinates":[-122.288485,37.874105]},"properties":{"id":"n4225206839","k":"crossing","t":{"crossing":"uncontrolled","highway":"crossing"}}},
{"type":"Feature","geometry":{"type":"Point","coordinates":[-122.288569,37.874161]},"properties":{"id":"n4225206840","k":"crossing","t":{"crossing":"uncontrolled","highway":"crossing"}}},
{"type":"Feature","geometry":{"type":"Point","coordinates":[-122.286666,37.874404]},"properties":{"id":"n4225206843","k":"crossing","t":{"crossing":"uncontrolled","highway":"crossing"}}},
{"type":"Feature","geometry":{"type":"Point","coordinates":[-122.283997,37.874572]},"properties":{"id":"n4225206844","k":"crossing","t":{"crossing":"uncontrolled","highway":"crossing"}}},
{"type":"Feature","geometry":{"type":"Point","coordinates":[-122.283171,37.874672]},"properties":{"id":"n4225206846","k":"crossing","t":{"crossing":"uncontrolled","highway":"crossing"}}},
{"type":"Feature","geometry":{"type":"Point","coordinates":[-122.282524,37.874754]},"properties":{"id":"n4225206847","k":"crossing","t":{"crossing":"traffic_signals","highway":"crossing"}}},
{"type":"Feature","geometry":{"type":"Point","coordinates":[-122.282375,37.874804]},"properties":{"id":"n4225206848","k":"crossing","t":{"crossing":"traffic_signals","highway":"crossing"}}},
{"type":"Feature","geometry":{"type":"Point","coordinates":[-122.28265,37.874827]},"properties":{"id":"n4225206849","k":"crossing","t":{"crossing":"traffic_signals","highway":"crossing"}}},
{"type":"Feature","geometry":{"type":"Point","coordinates":[-122.282296,37.874893]},"properties":{"id":"n4225206851","k":"crossing","t":{"crossing":"traffic_signals","highway":"crossing"}}},
{"type":"Feature","geometry":{"type":"Point","coordinates":[-122.282545,37.874934]},"properties":{"id":"n4225206852","k":"crossing","t":{"crossing":"traffic_signals","highway":"crossing"}}},
{"type":"Feature","geometry":{"type":"Point","coordinates":[-122.282392,37.874949]},"properties":{"id":"n4225206853","k":"crossing","t":{"crossing":"traffic_signals","highway":"crossing"}}},
{"type":"Feature","geometry":{"type":"Point","coordinates":[-122.288588,37.875056]},"properties":{"id":"n4225206854","k":"crossing","t":{"crossing":"uncontrolled","highway":"crossing"}}},
{"type":"Feature","geometry":{"type":"Point","coordinates":[-122.284811,37.875226]},"properties":{"id":"n4225206856","k":"crossing","t":{"crossing":"uncontrolled","highway":"crossing"}}},
{"type":"Feature","geometry":{"type":"Point","coordinates":[-122.29307,37.875358]},"properties":{"id":"n4225206857","k":"crossing","t":{"crossing":"uncontrolled","highway":"crossing"}}},
{"type":"Feature","geometry":{"type":"Point","coordinates":[-122.29336,37.875445]},"properties":{"id":"n4225206858","k":"signal","t":{"highway":"stop"}}},
{"type":"Feature","geometry":{"type":"Point","coordinates":[-122.291387,37.875572]},"properties":{"id":"n4225206859","k":"crossing","t":{"crossing":"uncontrolled","highway":"crossing"}}},
{"type":"Feature","geometry":{"type":"Point","coordinates":[-122.293298,37.875591]},"properties":{"id":"n4225206860","k":"crossing","t":{"crossing":"uncontrolled","highway":"crossing"}}},
{"type":"Feature","geometry":{"type":"Point","coordinates":[-122.290689,37.875662]},"properties":{"id":"n4225206861","k":"crossing","t":{"crossing":"uncontrolled","highway":"crossing"}}},
{"type":"Feature","geometry":{"type":"Point","coordinates":[-122.293293,37.875697]},"properties":{"id":"n4225206862","k":"crossing","t":{"crossing":"uncontrolled","highway":"crossing"}}},
{"type":"Feature","geometry":{"type":"Point","coordinates":[-122.289718,37.875714]},"properties":{"id":"n4225206863","k":"crossing","t":{"crossing":"uncontrolled","highway":"crossing"}}},
{"type":"Feature","geometry":{"type":"Point","coordinates":[-122.283468,37.875719]},"properties":{"id":"n4225206864","k":"crossing","t":{"crossing":"uncontrolled","highway":"crossing"}}},
{"type":"Feature","geometry":{"type":"Point","coordinates":[-122.289819,37.875773]},"properties":{"id":"n4225206865","k":"crossing","t":{"crossing":"uncontrolled","highway":"crossing"}}},
{"type":"Feature","geometry":{"type":"Point","coordinates":[-122.282395,37.875799]},"properties":{"id":"n4225206867","k":"crossing","t":{"crossing":"uncontrolled","highway":"crossing"}}},
{"type":"Feature","geometry":{"type":"Point","coordinates":[-122.288761,37.875841]},"properties":{"id":"n4225206868","k":"crossing","t":{"crossing":"uncontrolled","highway":"crossing"}}},
{"type":"Feature","geometry":{"type":"Point","coordinates":[-122.282751,37.875838]},"properties":{"id":"n4225206869","k":"crossing","t":{"crossing":"uncontrolled","highway":"crossing"}}},
{"type":"Feature","geometry":{"type":"Point","coordinates":[-122.289761,37.87585]},"properties":{"id":"n4225206870","k":"crossing","t":{"crossing":"uncontrolled","highway":"crossing"}}},
{"type":"Feature","geometry":{"type":"Point","coordinates":[-122.288863,37.875895]},"properties":{"id":"n4225206871","k":"crossing","t":{"crossing":"uncontrolled","highway":"crossing"}}},
{"type":"Feature","geometry":{"type":"Point","coordinates":[-122.288704,37.87592]},"properties":{"id":"n4225206872","k":"crossing","t":{"crossing":"uncontrolled","highway":"crossing"}}},
{"type":"Feature","geometry":{"type":"Point","coordinates":[-122.29248,37.875963]},"properties":{"id":"n4225206873","k":"crossing","t":{"crossing":"uncontrolled","highway":"crossing"}}},
{"type":"Feature","geometry":{"type":"Point","coordinates":[-122.288799,37.875971]},"properties":{"id":"n4225206874","k":"crossing","t":{"crossing":"uncontrolled","highway":"crossing"}}},
{"type":"Feature","geometry":{"type":"Point","coordinates":[-122.292566,37.875994]},"properties":{"id":"n4225206875","k":"crossing","t":{"crossing":"uncontrolled","highway":"crossing"}}},
{"type":"Feature","geometry":{"type":"Point","coordinates":[-122.292526,37.876104]},"properties":{"id":"n4225206876","k":"crossing","t":{"crossing":"uncontrolled","highway":"crossing"}}},
{"type":"Feature","geometry":{"type":"Point","coordinates":[-122.285018,37.876319]},"properties":{"id":"n4225206877","k":"crossing","t":{"crossing":"uncontrolled","highway":"crossing"}}},
{"type":"Feature","geometry":{"type":"Point","coordinates":[-122.28514,37.876379]},"properties":{"id":"n4225206878","k":"crossing","t":{"crossing":"uncontrolled","highway":"crossing"}}},
{"type":"Feature","geometry":{"type":"Point","coordinates":[-122.291808,37.876408]},"properties":{"id":"n4225206879","k":"crossing","t":{"crossing":"uncontrolled","highway":"crossing"}}},
{"type":"Feature","geometry":{"type":"Point","coordinates":[-122.284937,37.876419]},"properties":{"id":"n4225206880","k":"crossing","t":{"crossing":"uncontrolled","highway":"crossing"}}},
{"type":"Feature","geometry":{"type":"Point","coordinates":[-122.285039,37.87648]},"properties":{"id":"n4225206881","k":"crossing","t":{"crossing":"uncontrolled","highway":"crossing"}}},
{"type":"Feature","geometry":{"type":"Point","coordinates":[-122.291769,37.876514]},"properties":{"id":"n4225206882","k":"crossing","t":{"crossing":"uncontrolled","highway":"crossing"}}},
{"type":"Feature","geometry":{"type":"Point","coordinates":[-122.29086,37.876618]},"properties":{"id":"n4225206883","k":"crossing","t":{"crossing":"uncontrolled","highway":"crossing"}}},
{"type":"Feature","geometry":{"type":"Point","coordinates":[-122.282739,37.876623]},"properties":{"id":"n4225206884","k":"crossing","t":{"crossing":"traffic_signals","kerb":"lowered","tactile_paving":"yes","highway":"crossing"}}},
{"type":"Feature","geometry":{"type":"Point","coordinates":[-122.282584,37.876634]},"properties":{"id":"n4225206885","k":"crossing","t":{"crossing":"traffic_signals","kerb":"lowered","tactile_paving":"yes","highway":"crossing"}}},
{"type":"Feature","geometry":{"type":"Point","coordinates":[-122.282844,37.876681]},"properties":{"id":"n4225206886","k":"crossing","t":{"crossing":"traffic_signals","kerb":"lowered","tactile_paving":"yes","highway":"crossing"}}},
{"type":"Feature","geometry":{"type":"Point","coordinates":[-122.282491,37.876703]},"properties":{"id":"n4225206887","k":"crossing","t":{"crossing":"traffic_signals","kerb":"lowered","tactile_paving":"yes","highway":"crossing"}}},
{"type":"Feature","geometry":{"type":"Point","coordinates":[-122.282753,37.876755]},"properties":{"id":"n4225206888","k":"crossing","t":{"crossing":"traffic_signals","kerb":"lowered","tactile_paving":"yes","highway":"crossing"}}},
{"type":"Feature","geometry":{"type":"Point","coordinates":[-122.282598,37.876763]},"properties":{"id":"n4225206989","k":"crossing","t":{"crossing":"traffic_signals","kerb":"lowered","tactile_paving":"yes","highway":"crossing"}}},
{"type":"Feature","geometry":{"type":"Point","coordinates":[-122.289067,37.876788]},"properties":{"id":"n4225206990","k":"crossing","t":{"crossing":"uncontrolled","highway":"crossing"}}},
{"type":"Feature","geometry":{"type":"Point","coordinates":[-122.291024,37.876831]},"properties":{"id":"n4225206991","k":"crossing","t":{"crossing":"uncontrolled","highway":"crossing"}}},
{"type":"Feature","geometry":{"type":"Point","coordinates":[-122.291145,37.876847]},"properties":{"id":"n4225206992","k":"crossing","t":{"crossing":"uncontrolled","highway":"crossing"}}},
{"type":"Feature","geometry":{"type":"Point","coordinates":[-122.285215,37.878018]},"properties":{"id":"n4225206995","k":"crossing","t":{"crossing":"uncontrolled","highway":"crossing"}}},
{"type":"Feature","geometry":{"type":"Point","coordinates":[-122.285313,37.878068]},"properties":{"id":"n4225206996","k":"crossing","t":{"crossing":"uncontrolled","highway":"crossing"}}},
{"type":"Feature","geometry":{"type":"Point","coordinates":[-122.288822,37.878091]},"properties":{"id":"n4225206997","k":"crossing","t":{"crossing":"uncontrolled","kerb":"lowered","tactile_paving":"yes","highway":"crossing"}}},
{"type":"Feature","geometry":{"type":"Point","coordinates":[-122.285139,37.878129]},"properties":{"id":"n4225206998","k":"crossing","t":{"crossing":"uncontrolled","highway":"crossing"}}},
{"type":"Feature","geometry":{"type":"Point","coordinates":[-122.285223,37.878172]},"properties":{"id":"n4225206999","k":"crossing","t":{"crossing":"uncontrolled","highway":"crossing"}}},
{"type":"Feature","geometry":{"type":"Point","coordinates":[-122.292176,37.878206]},"properties":{"id":"n4225207001","k":"crossing","t":{"crossing":"uncontrolled","highway":"crossing"}}},
{"type":"Feature","geometry":{"type":"Point","coordinates":[-122.283771,37.878556]},"properties":{"id":"n4225207002","k":"crossing","t":{"crossing":"uncontrolled","highway":"crossing"}}},
{"type":"Feature","geometry":{"type":"Point","coordinates":[-122.283928,37.878574]},"properties":{"id":"n4225207003","k":"crossing","t":{"crossing":"uncontrolled","highway":"crossing"}}},
{"type":"Feature","geometry":{"type":"Point","coordinates":[-122.283087,37.878881]},"properties":{"id":"n4225207004","k":"crossing","t":{"crossing":"traffic_signals","highway":"crossing"}}},
{"type":"Feature","geometry":{"type":"Point","coordinates":[-122.282805,37.878903]},"properties":{"id":"n4225207005","k":"crossing","t":{"crossing":"traffic_signals","highway":"crossing"}}},
{"type":"Feature","geometry":{"type":"Point","coordinates":[-122.285295,37.87891]},"properties":{"id":"n4225207006","k":"crossing","t":{"crossing":"uncontrolled","highway":"crossing"}}},
{"type":"Feature","geometry":{"type":"Point","coordinates":[-122.285377,37.878935]},"properties":{"id":"n4225207007","k":"crossing","t":{"crossing":"uncontrolled","highway":"crossing"}}},
{"type":"Feature","geometry":{"type":"Point","coordinates":[-122.282888,37.878949]},"properties":{"id":"n4225207008","k":"crossing","t":{"crossing":"traffic_signals","highway":"crossing"}}},
{"type":"Feature","geometry":{"type":"Point","coordinates":[-122.283003,37.878973]},"properties":{"id":"n4225207009","k":"crossing","t":{"crossing":"traffic_signals","highway":"crossing"}}},
{"type":"Feature","geometry":{"type":"Point","coordinates":[-122.285228,37.879007]},"properties":{"id":"n4225207010","k":"crossing","t":{"crossing":"uncontrolled","highway":"crossing"}}},
{"type":"Feature","geometry":{"type":"Point","coordinates":[-122.285305,37.879038]},"properties":{"id":"n4225207011","k":"crossing","t":{"crossing":"uncontrolled","highway":"crossing"}}},
{"type":"Feature","geometry":{"type":"Point","coordinates":[-122.285389,37.879768]},"properties":{"id":"n4225207013","k":"crossing","t":{"crossing":"uncontrolled","highway":"crossing"}}},
{"type":"Feature","geometry":{"type":"Point","coordinates":[-122.285528,37.87978]},"properties":{"id":"n4225207014","k":"crossing","t":{"crossing":"uncontrolled","highway":"crossing"}}},
{"type":"Feature","geometry":{"type":"Point","coordinates":[-122.283199,37.879907]},"properties":{"id":"n4225207015","k":"crossing","t":{"crossing":"uncontrolled","highway":"crossing"}}},
{"type":"Feature","geometry":{"type":"Point","coordinates":[-122.28304,37.879964]},"properties":{"id":"n4225207016","k":"crossing","t":{"crossing":"uncontrolled","highway":"crossing"}}},
{"type":"Feature","geometry":{"type":"Point","coordinates":[-122.289541,37.869311]},"properties":{"id":"n4225376179","k":"crossing","t":{"crossing":"uncontrolled","tactile_paving":"yes","highway":"crossing"}}},
{"type":"Feature","geometry":{"type":"Point","coordinates":[-122.289632,37.869375]},"properties":{"id":"n4225376180","k":"crossing","t":{"crossing":"uncontrolled","tactile_paving":"yes","highway":"crossing"}}},
{"type":"Feature","geometry":{"type":"Point","coordinates":[-122.289463,37.869397]},"properties":{"id":"n4225376181","k":"crossing","t":{"crossing":"uncontrolled","tactile_paving":"yes","highway":"crossing"}}},
{"type":"Feature","geometry":{"type":"Point","coordinates":[-122.289628,37.869486]},"properties":{"id":"n4225376182","k":"crossing","t":{"crossing":"uncontrolled","tactile_paving":"yes","highway":"crossing"}}},
{"type":"Feature","geometry":{"type":"Point","coordinates":[-122.289462,37.869508]},"properties":{"id":"n4225376183","k":"crossing","t":{"crossing":"uncontrolled","tactile_paving":"yes","highway":"crossing"}}},
{"type":"Feature","geometry":{"type":"Point","coordinates":[-122.288123,37.869578]},"properties":{"id":"n4225376184","k":"crossing","t":{"crossing":"uncontrolled","tactile_paving":"yes","highway":"crossing"}}},
{"type":"Feature","geometry":{"type":"Point","coordinates":[-122.289547,37.869571]},"properties":{"id":"n4225376185","k":"crossing","t":{"crossing":"uncontrolled","tactile_paving":"yes","highway":"crossing"}}},
{"type":"Feature","geometry":{"type":"Point","coordinates":[-122.28749,37.869583]},"properties":{"id":"n4225376186","k":"crossing","t":{"crossing":"traffic_signals","highway":"crossing"}}},
{"type":"Feature","geometry":{"type":"Point","coordinates":[-122.287595,37.869644]},"properties":{"id":"n4225376187","k":"crossing","t":{"crossing":"traffic_signals","highway":"crossing"}}},
{"type":"Feature","geometry":{"type":"Point","coordinates":[-122.287427,37.869664]},"properties":{"id":"n4225376188","k":"crossing","t":{"crossing":"traffic_signals","highway":"crossing"}}},
{"type":"Feature","geometry":{"type":"Point","coordinates":[-122.288139,37.869677]},"properties":{"id":"n4225376389","k":"crossing","t":{"crossing":"uncontrolled","tactile_paving":"yes","highway":"crossing"}}},
{"type":"Feature","geometry":{"type":"Point","coordinates":[-122.287612,37.869745]},"properties":{"id":"n4225376390","k":"crossing","t":{"crossing":"traffic_signals","highway":"crossing"}}},
{"type":"Feature","geometry":{"type":"Point","coordinates":[-122.288071,37.869763]},"properties":{"id":"n4225376391","k":"crossing","t":{"crossing":"uncontrolled","kerb":"lowered","tactile_paving":"yes","highway":"crossing"}}},
{"type":"Feature","geometry":{"type":"Point","coordinates":[-122.287445,37.869766]},"properties":{"id":"n4225376392","k":"crossing","t":{"crossing":"traffic_signals","highway":"crossing"}}},
{"type":"Feature","geometry":{"type":"Point","coordinates":[-122.284255,37.86999]},"properties":{"id":"n4225376394","k":"crossing","t":{"crossing":"traffic_signals","highway":"crossing"}}},
{"type":"Feature","geometry":{"type":"Point","coordinates":[-122.284352,37.870048]},"properties":{"id":"n4225376395","k":"crossing","t":{"crossing":"traffic_signals","highway":"crossing"}}},
{"type":"Feature","geometry":{"type":"Point","coordinates":[-122.284202,37.870067]},"properties":{"id":"n4225376396","k":"crossing","t":{"crossing":"traffic_signals","highway":"crossing"}}},
{"type":"Feature","geometry":{"type":"Point","coordinates":[-122.284371,37.870161]},"properties":{"id":"n4225376398","k":"crossing","t":{"crossing":"traffic_signals","highway":"crossing"}}},
{"type":"Feature","geometry":{"type":"Point","coordinates":[-122.284209,37.870181]},"properties":{"id":"n4225376399","k":"crossing","t":{"crossing":"traffic_signals","highway":"crossing"}}},
{"type":"Feature","geometry":{"type":"Point","coordinates":[-122.284296,37.870243]},"properties":{"id":"n4225376401","k":"crossing","t":{"crossing":"traffic_signals","highway":"crossing"}}},
{"type":"Feature","geometry":{"type":"Point","coordinates":[-122.282026,37.870285]},"properties":{"id":"n4225376402","k":"crossing","t":{"crossing":"traffic_signals","kerb":"lowered","tactile_paving":"yes","highway":"crossing"}}},
{"type":"Feature","geometry":{"type":"Point","coordinates":[-122.281875,37.870303]},"properties":{"id":"n4225376403","k":"crossing","t":{"crossing":"traffic_signals","kerb":"lowered","tactile_paving":"yes","highway":"crossing"}}},
{"type":"Feature","geometry":{"type":"Point","coordinates":[-122.282124,37.870332]},"properties":{"id":"n4225376404","k":"crossing","t":{"crossing":"traffic_signals","kerb":"lowered","tactile_paving":"yes","highway":"crossing"}}},
{"type":"Feature","geometry":{"type":"Point","coordinates":[-122.281797,37.870377]},"properties":{"id":"n4225376405","k":"crossing","t":{"crossing":"traffic_signals","kerb":"lowered","tactile_paving":"yes","highway":"crossing"}}},
{"type":"Feature","geometry":{"type":"Point","coordinates":[-122.282139,37.870446]},"properties":{"id":"n4225376406","k":"crossing","t":{"crossing":"traffic_signals","kerb":"lowered","tactile_paving":"yes","highway":"crossing"}}},
{"type":"Feature","geometry":{"type":"Point","coordinates":[-122.28181,37.870483]},"properties":{"id":"n4225376408","k":"crossing","t":{"crossing":"traffic_signals","kerb":"lowered","tactile_paving":"yes","highway":"crossing"}}},
{"type":"Feature","geometry":{"type":"Point","coordinates":[-122.282038,37.870528]},"properties":{"id":"n4225376410","k":"crossing","t":{"crossing":"traffic_signals","kerb":"lowered","tactile_paving":"yes","highway":"crossing"}}},
{"type":"Feature","geometry":{"type":"Point","coordinates":[-122.281902,37.870544]},"properties":{"id":"n4225376411","k":"crossing","t":{"crossing":"traffic_signals","kerb":"lowered","tactile_paving":"yes","highway":"crossing"}}},
{"type":"Feature","geometry":{"type":"Point","coordinates":[-122.289767,37.870772]},"properties":{"id":"n4225376413","k":"crossing","t":{"crossing":"uncontrolled","highway":"crossing"}}},
{"type":"Feature","geometry":{"type":"Point","coordinates":[-122.289692,37.870852]},"properties":{"id":"n4225376414","k":"crossing","t":{"crossing":"uncontrolled","highway":"crossing"}}},
{"type":"Feature","geometry":{"type":"Point","coordinates":[-122.289622,37.87094]},"properties":{"id":"n4225376415","k":"crossing","t":{"crossing":"uncontrolled","highway":"crossing"}}},
{"type":"Feature","geometry":{"type":"Point","coordinates":[-122.288218,37.871047]},"properties":{"id":"n4225376416","k":"crossing","t":{"crossing":"uncontrolled","highway":"crossing"}}},
{"type":"Feature","geometry":{"type":"Point","coordinates":[-122.288319,37.871111]},"properties":{"id":"n4225376417","k":"crossing","t":{"crossing":"uncontrolled","highway":"crossing"}}},
{"type":"Feature","geometry":{"type":"Point","coordinates":[-122.282101,37.871115]},"properties":{"id":"n4225376418","k":"crossing","t":{"crossing":"uncontrolled","tactile_paving":"no","highway":"crossing"}}},
{"type":"Feature","geometry":{"type":"Point","coordinates":[-122.281955,37.871125]},"properties":{"id":"n4225376419","k":"crossing","t":{"crossing":"uncontrolled","kerb":"lowered","tactile_paving":"no","highway":"crossing"}}},
{"type":"Feature","geometry":{"type":"Point","coordinates":[-122.288138,37.871135]},"properties":{"id":"n4225376420","k":"crossing","t":{"crossing":"uncontrolled","highway":"crossing"}}},
{"type":"Feature","geometry":{"type":"Point","coordinates":[-122.282222,37.871168]},"properties":{"id":"n4225376421","k":"crossing","t":{"crossing":"uncontrolled","highway":"crossing"}}},
{"type":"Feature","geometry":{"type":"Point","coordinates":[-122.288235,37.871193]},"properties":{"id":"n4225376422","k":"crossing","t":{"crossing":"uncontrolled","highway":"crossing"}}},
{"type":"Feature","geometry":{"type":"Point","coordinates":[-122.281898,37.871331]},"properties":{"id":"n4225376423","k":"crossing","t":{"crossing":"uncontrolled","highway":"crossing"}}},
{"type":"Feature","geometry":{"type":"Point","coordinates":[-122.282145,37.871357]},"properties":{"id":"n4225376424","k":"crossing","t":{"crossing":"uncontrolled","highway":"crossing"}}},
{"type":"Feature","geometry":{"type":"Point","coordinates":[-122.281983,37.871372]},"properties":{"id":"n4225376425","k":"crossing","t":{"crossing":"uncontrolled","highway":"crossing"}}},
{"type":"Feature","geometry":{"type":"Point","coordinates":[-122.284491,37.871531]},"properties":{"id":"n4225376426","k":"crossing","t":{"crossing":"uncontrolled","highway":"crossing"}}},
{"type":"Feature","geometry":{"type":"Point","coordinates":[-122.284588,37.871585]},"properties":{"id":"n4225376427","k":"crossing","t":{"crossing":"uncontrolled","highway":"crossing"}}},
{"type":"Feature","geometry":{"type":"Point","coordinates":[-122.284421,37.871607]},"properties":{"id":"n4225376428","k":"crossing","t":{"crossing":"uncontrolled","highway":"crossing"}}},
{"type":"Feature","geometry":{"type":"Point","coordinates":[-122.284511,37.871662]},"properties":{"id":"n4225376429","k":"crossing","t":{"crossing":"uncontrolled","highway":"crossing"}}},
{"type":"Feature","geometry":{"type":"Point","coordinates":[-122.289832,37.872012]},"properties":{"id":"n4225376430","k":"crossing","t":{"crossing":"uncontrolled","highway":"crossing"}}},
{"type":"Feature","geometry":{"type":"Point","coordinates":[-122.28992,37.872083]},"properties":{"id":"n4225376431","k":"crossing","t":{"crossing":"uncontrolled","highway":"crossing"}}},
{"type":"Feature","geometry":{"type":"Point","coordinates":[-122.289755,37.872105]},"properties":{"id":"n4225376432","k":"crossing","t":{"crossing":"uncontrolled","highway":"crossing"}}},
{"type":"Feature","geometry":{"type":"Point","coordinates":[-122.289849,37.872179]},"properties":{"id":"n4225376433","k":"crossing","t":{"crossing":"uncontrolled","highway":"crossing"}}},
{"type":"Feature","geometry":{"type":"Point","coordinates":[-122.288277,37.872295]},"properties":{"id":"n4225376434","k":"crossing","t":{"crossing":"uncontrolled","highway":"crossing"}}},
{"type":"Feature","geometry":{"type":"Point","coordinates":[-122.285844,37.872605]},"properties":{"id":"n4225376437","k":"crossing","t":{"crossing":"uncontrolled","highway":"crossing"}}},
{"type":"Feature","geometry":{"type":"Point","coordinates":[-122.285687,37.872626]},"properties":{"id":"n4225376438","k":"crossing","t":{"crossing":"uncontrolled","highway":"crossing"}}},
{"type":"Feature","geometry":{"type":"Point","coordinates":[-122.284647,37.872679]},"properties":{"id":"n4225376439","k":"crossing","t":{"crossing":"uncontrolled","highway":"crossing"}}},
{"type":"Feature","geometry":{"type":"Point","coordinates":[-122.284744,37.872745]},"properties":{"id":"n4225376440","k":"crossing","t":{"crossing":"uncontrolled","highway":"crossing"}}},
{"type":"Feature","geometry":{"type":"Point","coordinates":[-122.284543,37.872764]},"properties":{"id":"n4225376441","k":"crossing","t":{"crossing":"uncontrolled","highway":"crossing"}}},
{"type":"Feature","geometry":{"type":"Point","coordinates":[-122.284623,37.872848]},"properties":{"id":"n4225376443","k":"crossing","t":{"crossing":"uncontrolled","highway":"crossing"}}},
{"type":"Feature","geometry":{"type":"Point","coordinates":[-122.289938,37.872953]},"properties":{"id":"n4225376444","k":"crossing","t":{"crossing":"uncontrolled","highway":"crossing"}}},
{"type":"Feature","geometry":{"type":"Point","coordinates":[-122.282326,37.872963]},"properties":{"id":"n4225376445","k":"crossing","t":{"crossing":"traffic_signals","highway":"crossing"}}},
{"type":"Feature","geometry":{"type":"Point","coordinates":[-122.282173,37.87298]},"properties":{"id":"n4225376446","k":"crossing","t":{"crossing":"traffic_signals","tactile_paving":"yes","highway":"crossing"}}},
{"type":"Feature","geometry":{"type":"Point","coordinates":[-122.290033,37.873001]},"properties":{"id":"n4225376447","k":"crossing","t":{"crossing":"uncontrolled","highway":"crossing"}}},
{"type":"Feature","geometry":{"type":"Point","coordinates":[-122.289859,37.873024]},"properties":{"id":"n4225376448","k":"crossing","t":{"crossing":"uncontrolled","highway":"crossing"}}},
{"type":"Feature","geometry":{"type":"Point","coordinates":[-122.282447,37.873031]},"properties":{"id":"n4225376449","k":"crossing","t":{"crossing":"traffic_signals","highway":"crossing"}}},
{"type":"Feature","geometry":{"type":"Point","coordinates":[-122.289954,37.873074]},"properties":{"id":"n4225376450","k":"crossing","t":{"crossing":"uncontrolled","highway":"crossing"}}},
{"type":"Feature","geometry":{"type":"Point","coordinates":[-122.282915,37.873078]},"properties":{"id":"n4225376451","k":"crossing","t":{"crossing":"uncontrolled","highway":"crossing"}}},
{"type":"Feature","geometry":{"type":"Point","coordinates":[-122.28846,37.873144]},"properties":{"id":"n4225376452","k":"crossing","t":{"crossing":"uncontrolled","highway":"crossing"}}},
{"type":"Feature","geometry":{"type":"Point","coordinates":[-122.282346,37.873153]},"properties":{"id":"n4225376453","k":"crossing","t":{"crossing":"traffic_signals","highway":"crossing"}}},
{"type":"Feature","geometry":{"type":"Point","coordinates":[-122.282193,37.873154]},"properties":{"id":"n4225376454","k":"crossing","t":{"crossing":"traffic_signals","highway":"crossing"}}},
{"type":"Feature","geometry":{"type":"Point","coordinates":[-122.288546,37.873192]},"properties":{"id":"n4225376455","k":"crossing","t":{"crossing":"uncontrolled","highway":"crossing"}}},
{"type":"Feature","geometry":{"type":"Point","coordinates":[-122.288385,37.873215]},"properties":{"id":"n4225376456","k":"crossing","t":{"crossing":"uncontrolled","highway":"crossing"}}},
{"type":"Feature","geometry":{"type":"Point","coordinates":[-122.285933,37.873528]},"properties":{"id":"n4225376459","k":"crossing","t":{"crossing":"uncontrolled","kerb":"lowered","tactile_paving":"yes","highway":"crossing"}}},
{"type":"Feature","geometry":{"type":"Point","coordinates":[-122.284601,37.873529]},"properties":{"id":"n4225376460","k":"crossing","t":{"crossing":"uncontrolled","highway":"crossing"}}},
{"type":"Feature","geometry":{"type":"Point","coordinates":[-122.285853,37.873594]},"properties":{"id":"n4225376461","k":"crossing","t":{"crossing":"uncontrolled","highway":"crossing"}}},
{"type":"Feature","geometry":{"type":"Point","coordinates":[-122.284705,37.8736]},"properties":{"id":"n4225376462","k":"crossing","t":{"crossing":"uncontrolled","highway":"crossing"}}},
{"type":"Feature","geometry":{"type":"Point","coordinates":[-122.283784,37.873612]},"properties":{"id":"n4225376463","k":"crossing","t":{"crossing":"uncontrolled","highway":"crossing"}}},
{"type":"Feature","geometry":{"type":"Point","coordinates":[-122.283853,37.873669]},"properties":{"id":"n4225376464","k":"crossing","t":{"crossing":"uncontrolled","highway":"crossing"}}},
{"type":"Feature","geometry":{"type":"Point","coordinates":[-122.282993,37.874159]},"properties":{"id":"n4225376465","k":"crossing","t":{"crossing":"uncontrolled","highway":"crossing"}}},
{"type":"Feature","geometry":{"type":"Point","coordinates":[-122.284696,37.87418]},"properties":{"id":"n4225376466","k":"crossing","t":{"crossing":"uncontrolled","highway":"crossing"}}},
{"type":"Feature","geometry":{"type":"Point","coordinates":[-122.283932,37.874185]},"properties":{"id":"n4225376467","k":"crossing","t":{"crossing":"uncontrolled","highway":"crossing"}}},
{"type":"Feature","geometry":{"type":"Point","coordinates":[-122.284002,37.874229]},"properties":{"id":"n4225376468","k":"crossing","t":{"crossing":"uncontrolled","highway":"crossing"}}},
{"type":"Feature","geometry":{"type":"Point","coordinates":[-122.283891,37.87429]},"properties":{"id":"n4225376469","k":"crossing","t":{"crossing":"uncontrolled","highway":"crossing"}}},
{"type":"Feature","geometry":{"type":"Point","coordinates":[-122.280063,37.872419]},"properties":{"id":"n4226423185","k":"crossing","t":{"crossing":"uncontrolled","highway":"crossing"}}},
{"type":"Feature","geometry":{"type":"Point","coordinates":[-122.282196,37.873989]},"properties":{"id":"n4226425301","k":"crossing","t":{"crossing":"uncontrolled","highway":"crossing"}}},
{"type":"Feature","geometry":{"type":"Point","coordinates":[-122.28049,37.876887]},"properties":{"id":"n4226425322","k":"crossing","t":{"crossing":"uncontrolled","tactile_paving":"no","highway":"crossing"}}},
{"type":"Feature","geometry":{"type":"Point","coordinates":[-122.280587,37.876948]},"properties":{"id":"n4226425323","k":"crossing","t":{"crossing":"uncontrolled","tactile_paving":"incorrect","highway":"crossing"}}},
{"type":"Feature","geometry":{"type":"Point","coordinates":[-122.280404,37.87697]},"properties":{"id":"n4226425324","k":"crossing","t":{"crossing":"uncontrolled","tactile_paving":"no","highway":"crossing"}}},
{"type":"Feature","geometry":{"type":"Point","coordinates":[-122.280507,37.877021]},"properties":{"id":"n4226425325","k":"crossing","t":{"crossing":"uncontrolled","tactile_paving":"incorrect","highway":"crossing"}}},
{"type":"Feature","geometry":{"type":"Point","coordinates":[-122.280763,37.87834]},"properties":{"id":"n4226524573","k":"signal","t":{"highway":"stop"}}},
{"type":"Feature","geometry":{"type":"Point","coordinates":[-122.280901,37.879683]},"properties":{"id":"n4226524585","k":"crossing","t":{"crossing":"uncontrolled","highway":"crossing"}}},
{"type":"Feature","geometry":{"type":"Point","coordinates":[-122.282342,37.880225]},"properties":{"id":"n4226524587","k":"crossing","t":{"crossing":"uncontrolled","highway":"crossing"}}},
{"type":"Feature","geometry":{"type":"Point","coordinates":[-122.281576,37.880668]},"properties":{"id":"n4226533389","k":"bollard","t":{"barrier":"bollard","emergency":"yes"}}},
{"type":"Feature","geometry":{"type":"Point","coordinates":[-122.280497,37.881154]},"properties":{"id":"n4226533394","k":"crossing","t":{"crossing":"uncontrolled","highway":"crossing"}}},
{"type":"Feature","geometry":{"type":"Point","coordinates":[-122.280607,37.881167]},"properties":{"id":"n4226533395","k":"crossing","t":{"crossing":"uncontrolled","highway":"crossing"}}},
{"type":"Feature","geometry":{"type":"Point","coordinates":[-122.280572,37.881247]},"properties":{"id":"n4226533399","k":"crossing","t":{"crossing":"uncontrolled","highway":"crossing"}}},
{"type":"Feature","geometry":{"type":"Point","coordinates":[-122.282055,37.881626]},"properties":{"id":"n4226533405","k":"crossing","t":{"crossing":"uncontrolled","tactile_paving":"yes","highway":"crossing"}}},
{"type":"Feature","geometry":{"type":"Point","coordinates":[-122.281869,37.881719]},"properties":{"id":"n4226533406","k":"crossing","t":{"crossing":"uncontrolled","tactile_paving":"yes","highway":"crossing"}}},
{"type":"Feature","geometry":{"type":"Point","coordinates":[-122.287987,37.861309]},"properties":{"id":"n4227851389","k":"crossing","t":{"crossing":"uncontrolled","kerb":"lowered","tactile_paving":"yes","highway":"crossing"}}},
{"type":"Feature","geometry":{"type":"Point","coordinates":[-122.286789,37.861463]},"properties":{"id":"n4227851390","k":"crossing","t":{"crossing":"uncontrolled","kerb":"lowered","tactile_paving":"yes","highway":"crossing"}}},
{"type":"Feature","geometry":{"type":"Point","coordinates":[-122.283226,37.861859]},"properties":{"id":"n4227851391","k":"crossing","t":{"crossing":"uncontrolled","kerb":"lowered","tactile_paving":"yes","highway":"crossing"}}},
{"type":"Feature","geometry":{"type":"Point","coordinates":[-122.281185,37.86212]},"properties":{"id":"n4227851392","k":"crossing","t":{"crossing":"traffic_signals","kerb":"lowered","tactile_paving":"yes","highway":"crossing"}}},
{"type":"Feature","geometry":{"type":"Point","coordinates":[-122.28103,37.862134]},"properties":{"id":"n4227851393","k":"crossing","t":{"crossing":"traffic_signals","kerb":"lowered","tactile_paving":"yes","highway":"crossing"}}},
{"type":"Feature","geometry":{"type":"Point","coordinates":[-122.281297,37.862175]},"properties":{"id":"n4227851394","k":"crossing","t":{"crossing":"traffic_signals","kerb":"lowered","tactile_paving":"yes","highway":"crossing"}}},
{"type":"Feature","geometry":{"type":"Point","coordinates":[-122.280963,37.862216]},"properties":{"id":"n4227851395","k":"crossing","t":{"crossing":"traffic_signals","tactile_paving":"yes","highway":"crossing"}}},
{"type":"Feature","geometry":{"type":"Point","coordinates":[-122.281212,37.862251]},"properties":{"id":"n4227851396","k":"crossing","t":{"crossing":"traffic_signals","kerb":"lowered","tactile_paving":"yes","highway":"crossing"}}},
{"type":"Feature","geometry":{"type":"Point","coordinates":[-122.281058,37.862275]},"properties":{"id":"n4227851397","k":"crossing","t":{"crossing":"traffic_signals","kerb":"lowered","tactile_paving":"yes","highway":"crossing"}}},
{"type":"Feature","geometry":{"type":"Point","coordinates":[-122.289119,37.86293]},"properties":{"id":"n4227851398","k":"crossing","t":{"crossing":"uncontrolled","highway":"crossing"}}},
{"type":"Feature","geometry":{"type":"Point","coordinates":[-122.288254,37.863045]},"properties":{"id":"n4227851399","k":"crossing","t":{"crossing":"uncontrolled","highway":"crossing"}}},
{"type":"Feature","geometry":{"type":"Point","coordinates":[-122.288346,37.863098]},"properties":{"id":"n4227851400","k":"crossing","t":{"crossing":"uncontrolled","highway":"crossing"}}},
{"type":"Feature","geometry":{"type":"Point","coordinates":[-122.288179,37.86312]},"properties":{"id":"n4227851401","k":"crossing","t":{"crossing":"uncontrolled","highway":"crossing"}}},
{"type":"Feature","geometry":{"type":"Point","coordinates":[-122.288279,37.86317]},"properties":{"id":"n4227851402","k":"crossing","t":{"crossing":"uncontrolled","highway":"crossing"}}},
{"type":"Feature","geometry":{"type":"Point","coordinates":[-122.287222,37.863178]},"properties":{"id":"n4227851403","k":"crossing","t":{"crossing":"uncontrolled","tactile_paving":"yes","highway":"crossing"}}},
{"type":"Feature","geometry":{"type":"Point","coordinates":[-122.287317,37.863229]},"properties":{"id":"n4227851404","k":"crossing","t":{"crossing":"uncontrolled","tactile_paving":"yes","highway":"crossing"}}},
{"type":"Feature","geometry":{"type":"Point","coordinates":[-122.287151,37.863251]},"properties":{"id":"n4227851405","k":"crossing","t":{"crossing":"uncontrolled","tactile_paving":"yes","highway":"crossing"}}},
{"type":"Feature","geometry":{"type":"Point","coordinates":[-122.287249,37.863307]},"properties":{"id":"n4227851406","k":"crossing","t":{"crossing":"uncontrolled","tactile_paving":"yes","highway":"crossing"}}},
{"type":"Feature","geometry":{"type":"Point","coordinates":[-122.286197,37.86331]},"properties":{"id":"n4227851407","k":"crossing","t":{"crossing":"uncontrolled","tactile_paving":"yes","highway":"crossing"}}},
{"type":"Feature","geometry":{"type":"Point","coordinates":[-122.286295,37.863364]},"properties":{"id":"n4227851408","k":"crossing","t":{"crossing":"uncontrolled","tactile_paving":"yes","highway":"crossing"}}},
{"type":"Feature","geometry":{"type":"Point","coordinates":[-122.286127,37.863386]},"properties":{"id":"n4227851409","k":"crossing","t":{"crossing":"uncontrolled","tactile_paving":"yes","highway":"crossing"}}},
{"type":"Feature","geometry":{"type":"Point","coordinates":[-122.286224,37.863442]},"properties":{"id":"n4227851410","k":"crossing","t":{"crossing":"uncontrolled","tactile_paving":"yes","highway":"crossing"}}},
{"type":"Feature","geometry":{"type":"Point","coordinates":[-122.285081,37.863522]},"properties":{"id":"n4227851411","k":"crossing","t":{"crossing":"uncontrolled","tactile_paving":"yes","highway":"crossing"}}},
{"type":"Feature","geometry":{"type":"Point","coordinates":[-122.284151,37.863574]},"properties":{"id":"n4227851412","k":"crossing","t":{"crossing":"uncontrolled","tactile_paving":"yes","highway":"crossing"}}},
{"type":"Feature","geometry":{"type":"Point","coordinates":[-122.283254,37.863691]},"properties":{"id":"n4227851413","k":"crossing","t":{"crossing":"uncontrolled","tactile_paving":"yes","highway":"crossing"}}},
{"type":"Feature","geometry":{"type":"Point","coordinates":[-122.28418,37.863702]},"properties":{"id":"n4227851414","k":"crossing","t":{"crossing":"uncontrolled","tactile_paving":"yes","highway":"crossing"}}},
{"type":"Feature","geometry":{"type":"Point","coordinates":[-122.283347,37.863744]},"properties":{"id":"n4227851415","k":"crossing","t":{"crossing":"uncontrolled","tactile_paving":"yes","highway":"crossing"}}},
{"type":"Feature","geometry":{"type":"Point","coordinates":[-122.283176,37.863766]},"properties":{"id":"n4227851416","k":"crossing","t":{"crossing":"uncontrolled","tactile_paving":"yes","highway":"crossing"}}},
{"type":"Feature","geometry":{"type":"Point","coordinates":[-122.282304,37.863808]},"properties":{"id":"n4227851417","k":"crossing","t":{"crossing":"uncontrolled","tactile_paving":"yes","highway":"crossing"}}},
{"type":"Feature","geometry":{"type":"Point","coordinates":[-122.283272,37.863821]},"properties":{"id":"n4227851418","k":"crossing","t":{"crossing":"uncontrolled","tactile_paving":"yes","highway":"crossing"}}},
{"type":"Feature","geometry":{"type":"Point","coordinates":[-122.282393,37.863872]},"properties":{"id":"n4227851419","k":"crossing","t":{"crossing":"uncontrolled","tactile_paving":"yes","highway":"crossing"}}},
{"type":"Feature","geometry":{"type":"Point","coordinates":[-122.282216,37.863893]},"properties":{"id":"n4227851420","k":"crossing","t":{"crossing":"uncontrolled","tactile_paving":"yes","highway":"crossing"}}},
{"type":"Feature","geometry":{"type":"Point","coordinates":[-122.281401,37.863931]},"properties":{"id":"n4227851421","k":"crossing","t":{"crossing":"uncontrolled","kerb":"lowered","tactile_paving":"yes","highway":"crossing"}}},
{"type":"Feature","geometry":{"type":"Point","coordinates":[-122.282318,37.86395]},"properties":{"id":"n4227851422","k":"crossing","t":{"crossing":"uncontrolled","tactile_paving":"yes","highway":"crossing"}}},
{"type":"Feature","geometry":{"type":"Point","coordinates":[-122.281227,37.863956]},"properties":{"id":"n4227851423","k":"crossing","t":{"crossing":"uncontrolled","kerb":"lowered","tactile_paving":"yes","highway":"crossing"}}},
{"type":"Feature","geometry":{"type":"Point","coordinates":[-122.281489,37.863984]},"properties":{"id":"n4227851424","k":"crossing","t":{"crossing":"uncontrolled","kerb":"lowered","tactile_paving":"yes","highway":"crossing"}}},
{"type":"Feature","geometry":{"type":"Point","coordinates":[-122.281151,37.86403]},"properties":{"id":"n4227851425","k":"crossing","t":{"crossing":"uncontrolled","kerb":"lowered","tactile_paving":"yes","highway":"crossing"}}},
{"type":"Feature","geometry":{"type":"Point","coordinates":[-122.281415,37.864065]},"properties":{"id":"n4227851426","k":"crossing","t":{"crossing":"uncontrolled","kerb":"lowered","tactile_paving":"yes","highway":"crossing"}}},
{"type":"Feature","geometry":{"type":"Point","coordinates":[-122.281241,37.864086]},"properties":{"id":"n4227851427","k":"crossing","t":{"crossing":"uncontrolled","kerb":"lowered","tactile_paving":"yes","highway":"crossing"}}},
{"type":"Feature","geometry":{"type":"Point","coordinates":[-122.281592,37.86575]},"properties":{"id":"n4227851428","k":"crossing","t":{"crossing":"uncontrolled","kerb":"lowered","tactile_paving":"no","highway":"crossing"}}},
{"type":"Feature","geometry":{"type":"Point","coordinates":[-122.281418,37.865774]},"properties":{"id":"n4227851429","k":"crossing","t":{"crossing":"uncontrolled","kerb":"lowered","tactile_paving":"no","highway":"crossing"}}},
{"type":"Feature","geometry":{"type":"Point","coordinates":[-122.281681,37.865805]},"properties":{"id":"n4227851430","k":"crossing","t":{"crossing":"uncontrolled","kerb":"lowered","tactile_paving":"yes","highway":"crossing"}}},
{"type":"Feature","geometry":{"type":"Point","coordinates":[-122.281343,37.865847]},"properties":{"id":"n4227851431","k":"crossing","t":{"crossing":"uncontrolled","kerb":"lowered","tactile_paving":"yes","highway":"crossing"}}},
{"type":"Feature","geometry":{"type":"Point","coordinates":[-122.281605,37.865878]},"properties":{"id":"n4227851432","k":"crossing","t":{"crossing":"uncontrolled","kerb":"lowered","tactile_paving":"no","highway":"crossing"}}},
{"type":"Feature","geometry":{"type":"Point","coordinates":[-122.281432,37.865901]},"properties":{"id":"n4227851433","k":"crossing","t":{"crossing":"uncontrolled","kerb":"lowered","tactile_paving":"no","highway":"crossing"}}},
{"type":"Feature","geometry":{"type":"Point","coordinates":[-122.285513,37.866352]},"properties":{"id":"n4227851435","k":"crossing","t":{"crossing":"uncontrolled","highway":"crossing"}}},
{"type":"Feature","geometry":{"type":"Point","coordinates":[-122.285517,37.866475]},"properties":{"id":"n4227851437","k":"crossing","t":{"crossing":"uncontrolled","highway":"crossing"}}},
{"type":"Feature","geometry":{"type":"Point","coordinates":[-122.289948,37.866567]},"properties":{"id":"n4227851438","k":"crossing","t":{"crossing":"uncontrolled","highway":"crossing"}}},
{"type":"Feature","geometry":{"type":"Point","coordinates":[-122.285574,37.866809]},"properties":{"id":"n4227851439","k":"crossing","t":{"crossing":"unmarked","tactile_paving":"yes","wheelchair":"yes","highway":"crossing"}}},
{"type":"Feature","geometry":{"type":"Point","coordinates":[-122.283918,37.867025]},"properties":{"id":"n4227851446","k":"crossing","t":{"crossing":"uncontrolled","highway":"crossing"}}},
{"type":"Feature","geometry":{"type":"Point","coordinates":[-122.283876,37.867096]},"properties":{"id":"n4227851448","k":"crossing","t":{"crossing":"uncontrolled","highway":"crossing"}}},
{"type":"Feature","geometry":{"type":"Point","coordinates":[-122.283933,37.867155]},"properties":{"id":"n4227851449","k":"crossing","t":{"crossing":"uncontrolled","highway":"crossing"}}},
{"type":"Feature","geometry":{"type":"Point","coordinates":[-122.281753,37.867308]},"properties":{"id":"n4227851450","k":"crossing","t":{"crossing":"traffic_signals","kerb":"lowered","tactile_paving":"yes","highway":"crossing"}}},
{"type":"Feature","geometry":{"type":"Point","coordinates":[-122.281583,37.867347]},"properties":{"id":"n4227851451","k":"crossing","t":{"crossing":"traffic_signals","kerb":"lowered","tactile_paving":"yes","highway":"crossing"}}},
{"type":"Feature","geometry":{"type":"Point","coordinates":[-122.281844,37.867356]},"properties":{"id":"n4227851452","k":"crossing","t":{"crossing":"traffic_signals","kerb":"lowered","tactile_paving":"yes","highway":"crossing"}}},
{"type":"Feature","geometry":{"type":"Point","coordinates":[-122.290293,37.867426]},"properties":{"id":"n4227851455","k":"crossing","t":{"crossing":"uncontrolled","highway":"crossing"}}},
{"type":"Feature","geometry":{"type":"Point","coordinates":[-122.28151,37.867433]},"properties":{"id":"n4227851456","k":"crossing","t":{"crossing":"traffic_signals","kerb":"lowered","tactile_paving":"yes","highway":"crossing"}}},
{"type":"Feature","geometry":{"type":"Point","coordinates":[-122.281767,37.867443]},"properties":{"id":"n4227851457","k":"crossing","t":{"crossing":"traffic_signals","kerb":"lowered","tactile_paving":"yes","highway":"crossing"}}},
{"type":"Feature","geometry":{"type":"Point","coordinates":[-122.281597,37.867483]},"properties":{"id":"n4227851458","k":"crossing","t":{"crossing":"traffic_signals","kerb":"lowered","tactile_paving":"yes","highway":"crossing"}}},
{"type":"Feature","geometry":{"type":"Point","coordinates":[-122.289454,37.86847]},"properties":{"id":"n4227851459","k":"crossing","t":{"crossing":"uncontrolled","tactile_paving":"no","highway":"crossing"}}},
{"type":"Feature","geometry":{"type":"Point","coordinates":[-122.287308,37.86867]},"properties":{"id":"n4227851460","k":"crossing","t":{"crossing":"uncontrolled","highway":"crossing"}}},
{"type":"Feature","geometry":{"type":"Point","coordinates":[-122.2874,37.868727]},"properties":{"id":"n4227851461","k":"crossing","t":{"crossing":"uncontrolled","highway":"crossing"}}},
{"type":"Feature","geometry":{"type":"Point","coordinates":[-122.28724,37.868748]},"properties":{"id":"n4227851462","k":"crossing","t":{"crossing":"uncontrolled","highway":"crossing"}}},
{"type":"Feature","geometry":{"type":"Point","coordinates":[-122.287335,37.8688]},"properties":{"id":"n4227851463","k":"crossing","t":{"crossing":"uncontrolled","highway":"crossing"}}},
{"type":"Feature","geometry":{"type":"Point","coordinates":[-122.286201,37.868821]},"properties":{"id":"n4227851464","k":"crossing","t":{"crossing":"uncontrolled","highway":"crossing"}}},
{"type":"Feature","geometry":{"type":"Point","coordinates":[-122.284125,37.869087]},"properties":{"id":"n4227851465","k":"crossing","t":{"crossing":"uncontrolled","highway":"crossing"}}},
{"type":"Feature","geometry":{"type":"Point","coordinates":[-122.284178,37.869141]},"properties":{"id":"n4227851466","k":"crossing","t":{"crossing":"uncontrolled","highway":"crossing"}}},
{"type":"Feature","geometry":{"type":"Point","coordinates":[-122.284056,37.869156]},"properties":{"id":"n4227851467","k":"crossing","t":{"crossing":"uncontrolled","highway":"crossing"}}},
{"type":"Feature","geometry":{"type":"Point","coordinates":[-122.28412,37.869211]},"properties":{"id":"n4227851468","k":"crossing","t":{"crossing":"uncontrolled","highway":"crossing"}}},
{"type":"Feature","geometry":{"type":"Point","coordinates":[-122.281944,37.86936]},"properties":{"id":"n4227851469","k":"crossing","t":{"crossing":"uncontrolled","kerb":"lowered","tactile_paving":"no","highway":"crossing"}}},
{"type":"Feature","geometry":{"type":"Point","coordinates":[-122.281782,37.869385]},"properties":{"id":"n4227851470","k":"crossing","t":{"crossing":"uncontrolled","kerb":"lowered","tactile_paving":"no","highway":"crossing"}}},
{"type":"Feature","geometry":{"type":"Point","coordinates":[-122.282037,37.869414]},"properties":{"id":"n4227851471","k":"crossing","t":{"crossing":"uncontrolled","kerb":"lowered","tactile_paving":"yes","highway":"crossing"}}},
{"type":"Feature","geometry":{"type":"Point","coordinates":[-122.28171,37.86946]},"properties":{"id":"n4227851472","k":"crossing","t":{"crossing":"uncontrolled","kerb":"lowered","tactile_paving":"yes","highway":"crossing"}}},
{"type":"Feature","geometry":{"type":"Point","coordinates":[-122.281952,37.869499]},"properties":{"id":"n4227851473","k":"crossing","t":{"crossing":"uncontrolled","kerb":"lowered","tactile_paving":"no","highway":"crossing"}}},
{"type":"Feature","geometry":{"type":"Point","coordinates":[-122.281794,37.869513]},"properties":{"id":"n4227851474","k":"crossing","t":{"crossing":"uncontrolled","kerb":"lowered","tactile_paving":"no","highway":"crossing"}}},
{"type":"Feature","geometry":{"type":"Point","coordinates":[-122.283698,37.852675]},"properties":{"id":"n4233488254","k":"crossing","t":{"crossing":"traffic_signals","kerb":"lowered","tactile_paving":"yes","highway":"crossing"}}},
{"type":"Feature","geometry":{"type":"Point","coordinates":[-122.283801,37.852728]},"properties":{"id":"n4233488255","k":"crossing","t":{"crossing":"traffic_signals","kerb":"lowered","tactile_paving":"yes","highway":"crossing"}}},
{"type":"Feature","geometry":{"type":"Point","coordinates":[-122.283637,37.852762]},"properties":{"id":"n4233488256","k":"crossing","t":{"crossing":"traffic_signals","kerb":"lowered","tactile_paving":"yes","highway":"crossing"}}},
{"type":"Feature","geometry":{"type":"Point","coordinates":[-122.283739,37.852815]},"properties":{"id":"n4233488257","k":"crossing","t":{"crossing":"traffic_signals","kerb":"lowered","tactile_paving":"yes","highway":"crossing"}}},
{"type":"Feature","geometry":{"type":"Point","coordinates":[-122.281388,37.853131]},"properties":{"id":"n4233488258","k":"crossing","t":{"crossing":"uncontrolled","highway":"crossing"}}},
{"type":"Feature","geometry":{"type":"Point","coordinates":[-122.280495,37.853163]},"properties":{"id":"n4233488259","k":"crossing","t":{"crossing":"uncontrolled","tactile_paving":"yes","highway":"crossing"}}},
{"type":"Feature","geometry":{"type":"Point","coordinates":[-122.281488,37.853191]},"properties":{"id":"n4233488261","k":"crossing","t":{"crossing":"uncontrolled","highway":"crossing"}}},
{"type":"Feature","geometry":{"type":"Point","coordinates":[-122.281327,37.853213]},"properties":{"id":"n4233488263","k":"crossing","t":{"crossing":"uncontrolled","highway":"crossing"}}},
{"type":"Feature","geometry":{"type":"Point","coordinates":[-122.281417,37.853277]},"properties":{"id":"n4233488266","k":"crossing","t":{"crossing":"uncontrolled","kerb":"lowered","tactile_paving":"yes","highway":"crossing"}}},
{"type":"Feature","geometry":{"type":"Point","coordinates":[-122.280858,37.853301]},"properties":{"id":"n4233488267","k":"crossing","t":{"crossing":"uncontrolled","kerb":"lowered","tactile_paving":"yes","highway":"crossing"}}},
{"type":"Feature","geometry":{"type":"Point","coordinates":[-122.280007,37.853324]},"properties":{"id":"n4233488269","k":"crossing","t":{"crossing":"uncontrolled","kerb":"lowered","tactile_paving":"yes","highway":"crossing"}}},
{"type":"Feature","geometry":{"type":"Point","coordinates":[-122.284088,37.854052]},"properties":{"id":"n4233488272","k":"crossing","t":{"crossing":"uncontrolled","highway":"crossing"}}},
{"type":"Feature","geometry":{"type":"Point","coordinates":[-122.284426,37.854132]},"properties":{"id":"n4233488273","k":"crossing","t":{"crossing":"uncontrolled","highway":"crossing"}}},
{"type":"Feature","geometry":{"type":"Point","coordinates":[-122.283189,37.854206]},"properties":{"id":"n4233488276","k":"crossing","t":{"crossing":"uncontrolled","highway":"crossing"}}},
{"type":"Feature","geometry":{"type":"Point","coordinates":[-122.28328,37.854258]},"properties":{"id":"n4233488277","k":"crossing","t":{"crossing":"uncontrolled","highway":"crossing"}}},
{"type":"Feature","geometry":{"type":"Point","coordinates":[-122.281695,37.854459]},"properties":{"id":"n4233488281","k":"crossing","t":{"crossing":"uncontrolled","kerb":"lowered","tactile_paving":"yes","highway":"crossing"}}},
{"type":"Feature","geometry":{"type":"Point","coordinates":[-122.281803,37.854508]},"properties":{"id":"n4233488283","k":"crossing","t":{"crossing":"uncontrolled","kerb":"lowered","tactile_paving":"yes","highway":"crossing"}}},
{"type":"Feature","geometry":{"type":"Point","coordinates":[-122.283031,37.855508]},"properties":{"id":"n4233489793","k":"crossing","t":{"crossing":"uncontrolled","highway":"crossing"}}},
{"type":"Feature","geometry":{"type":"Point","coordinates":[-122.282958,37.855595]},"properties":{"id":"n4233489795","k":"crossing","t":{"crossing":"uncontrolled","highway":"crossing"}}},
{"type":"Feature","geometry":{"type":"Point","coordinates":[-122.28306,37.855671]},"properties":{"id":"n4233489797","k":"crossing","t":{"crossing":"uncontrolled","highway":"crossing"}}},
{"type":"Feature","geometry":{"type":"Point","coordinates":[-122.282785,37.857561]},"properties":{"id":"n4233489821","k":"crossing","t":{"crossing":"uncontrolled","tactile_paving":"yes","highway":"crossing"}}},
{"type":"Feature","geometry":{"type":"Point","coordinates":[-122.281642,37.857641]},"properties":{"id":"n4233489823","k":"crossing","t":{"crossing":"uncontrolled","highway":"crossing"}}},
{"type":"Feature","geometry":{"type":"Point","coordinates":[-122.281089,37.857648]},"properties":{"id":"n4233489825","k":"crossing","t":{"crossing":"uncontrolled","highway":"crossing"}}},
{"type":"Feature","geometry":{"type":"Point","coordinates":[-122.282379,37.857685]},"properties":{"id":"n4233489826","k":"crossing","t":{"crossing":"unmarked","tactile_paving":"yes","highway":"crossing"}}},
{"type":"Feature","geometry":{"type":"Point","coordinates":[-122.282414,37.85774]},"properties":{"id":"n4233489827","k":"signal","t":{"highway":"stop"}}},
{"type":"Feature","geometry":{"type":"Point","coordinates":[-122.280049,37.857748]},"properties":{"id":"n4233489828","k":"crossing","t":{"crossing":"traffic_signals","kerb":"lowered","tactile_paving":"yes","highway":"crossing"}}},
{"type":"Feature","geometry":{"type":"Point","coordinates":[-122.280151,37.857801]},"properties":{"id":"n4233489830","k":"crossing","t":{"crossing":"traffic_signals","tactile_paving":"yes","highway":"crossing"}}},
{"type":"Feature","geometry":{"type":"Point","coordinates":[-122.280076,37.85788]},"properties":{"id":"n4233489832","k":"crossing","t":{"crossing":"traffic_signals","tactile_paving":"yes","highway":"crossing"}}},
{"type":"Feature","geometry":{"type":"Point","coordinates":[-122.280232,37.858643]},"properties":{"id":"n4233489835","k":"crossing","t":{"crossing":"uncontrolled","kerb":"lowered","tactile_paving":"yes","highway":"crossing"}}},
{"type":"Feature","geometry":{"type":"Point","coordinates":[-122.280082,37.858662]},"properties":{"id":"n4233489836","k":"crossing","t":{"crossing":"uncontrolled","tactile_paving":"yes","highway":"crossing"}}},
{"type":"Feature","geometry":{"type":"Point","coordinates":[-122.286783,37.858695]},"properties":{"id":"n4233489837","k":"crossing","t":{"crossing":"uncontrolled","highway":"crossing"}}},
{"type":"Feature","geometry":{"type":"Point","coordinates":[-122.280334,37.858699]},"properties":{"id":"n4233489838","k":"crossing","t":{"crossing":"uncontrolled","kerb":"lowered","tactile_paving":"yes","highway":"crossing"}}},
{"type":"Feature","geometry":{"type":"Point","coordinates":[-122.280006,37.858741]},"properties":{"id":"n4233489839","k":"crossing","t":{"crossing":"uncontrolled","tactile_paving":"yes","highway":"crossing"}}},
{"type":"Feature","geometry":{"type":"Point","coordinates":[-122.280258,37.858772]},"properties":{"id":"n4233489840","k":"crossing","t":{"crossing":"uncontrolled","kerb":"lowered","tactile_paving":"yes","highway":"crossing"}}},
{"type":"Feature","geometry":{"type":"Point","coordinates":[-122.280109,37.858794]},"properties":{"id":"n4233489841","k":"crossing","t":{"crossing":"uncontrolled","kerb":"lowered","tactile_paving":"yes","highway":"crossing"}}},
{"type":"Feature","geometry":{"type":"Point","coordinates":[-122.286814,37.858837]},"properties":{"id":"n4233489842","k":"crossing","t":{"crossing":"uncontrolled","highway":"crossing"}}},
{"type":"Feature","geometry":{"type":"Point","coordinates":[-122.285033,37.858995]},"properties":{"id":"n4233489843","k":"crossing","t":{"crossing":"uncontrolled","highway":"crossing"}}},
{"type":"Feature","geometry":{"type":"Point","coordinates":[-122.284967,37.859072]},"properties":{"id":"n4233489844","k":"crossing","t":{"crossing":"uncontrolled","highway":"crossing"}}},
{"type":"Feature","geometry":{"type":"Point","coordinates":[-122.282681,37.859222]},"properties":{"id":"n4233489845","k":"crossing","t":{"crossing":"uncontrolled","highway":"crossing"}}},
{"type":"Feature","geometry":{"type":"Point","coordinates":[-122.28271,37.859366]},"properties":{"id":"n4233489846","k":"crossing","t":{"crossing":"uncontrolled","highway":"crossing"}}},
{"type":"Feature","geometry":{"type":"Point","coordinates":[-122.280412,37.859525]},"properties":{"id":"n4233489847","k":"crossing","t":{"crossing":"uncontrolled","kerb":"lowered","tactile_paving":"yes","highway":"crossing"}}},
{"type":"Feature","geometry":{"type":"Point","coordinates":[-122.280262,37.859541]},"properties":{"id":"n4233489848","k":"crossing","t":{"crossing":"uncontrolled","kerb":"lowered","tactile_paving":"yes","highway":"crossing"}}},
{"type":"Feature","geometry":{"type":"Point","coordinates":[-122.280526,37.859579]},"properties":{"id":"n4233489849","k":"crossing","t":{"crossing":"uncontrolled","kerb":"lowered","tactile_paving":"yes","highway":"crossing"}}},
{"type":"Feature","geometry":{"type":"Point","coordinates":[-122.280189,37.859621]},"properties":{"id":"n4233489851","k":"crossing","t":{"crossing":"uncontrolled","kerb":"lowered","tactile_paving":"yes","highway":"crossing"}}},
{"type":"Feature","geometry":{"type":"Point","coordinates":[-122.280438,37.859654]},"properties":{"id":"n4233489852","k":"crossing","t":{"crossing":"uncontrolled","kerb":"lowered","tactile_paving":"yes","highway":"crossing"}}},
{"type":"Feature","geometry":{"type":"Point","coordinates":[-122.280289,37.859672]},"properties":{"id":"n4233489853","k":"crossing","t":{"crossing":"uncontrolled","kerb":"lowered","tactile_paving":"yes","highway":"crossing"}}},
{"type":"Feature","geometry":{"type":"Point","coordinates":[-122.285118,37.859823]},"properties":{"id":"n4233489854","k":"crossing","t":{"crossing":"uncontrolled","highway":"crossing"}}},
{"type":"Feature","geometry":{"type":"Point","coordinates":[-122.285216,37.859875]},"properties":{"id":"n4233489855","k":"crossing","t":{"crossing":"uncontrolled","highway":"crossing"}}},
{"type":"Feature","geometry":{"type":"Point","coordinates":[-122.285057,37.859897]},"properties":{"id":"n4233489856","k":"crossing","t":{"crossing":"uncontrolled","highway":"crossing"}}},
{"type":"Feature","geometry":{"type":"Point","coordinates":[-122.285144,37.859948]},"properties":{"id":"n4233489857","k":"crossing","t":{"crossing":"uncontrolled","highway":"crossing"}}},
{"type":"Feature","geometry":{"type":"Point","coordinates":[-122.280593,37.860406]},"properties":{"id":"n4233489858","k":"crossing","t":{"crossing":"uncontrolled","kerb":"lowered","tactile_paving":"yes","highway":"crossing"}}},
{"type":"Feature","geometry":{"type":"Point","coordinates":[-122.280443,37.860423]},"properties":{"id":"n4233489859","k":"crossing","t":{"crossing":"uncontrolled","kerb":"lowered","tactile_paving":"yes","highway":"crossing"}}},
{"type":"Feature","geometry":{"type":"Point","coordinates":[-122.280701,37.86046]},"properties":{"id":"n4233489860","k":"crossing","t":{"crossing":"uncontrolled","kerb":"lowered","tactile_paving":"yes","highway":"crossing"}}},
{"type":"Feature","geometry":{"type":"Point","coordinates":[-122.280362,37.860501]},"properties":{"id":"n4233489861","k":"crossing","t":{"crossing":"uncontrolled","kerb":"lowered","tactile_paving":"yes","highway":"crossing"}}},
{"type":"Feature","geometry":{"type":"Point","coordinates":[-122.280619,37.860533]},"properties":{"id":"n4233489862","k":"crossing","t":{"crossing":"uncontrolled","kerb":"lowered","tactile_paving":"yes","highway":"crossing"}}},
{"type":"Feature","geometry":{"type":"Point","coordinates":[-122.28047,37.860554]},"properties":{"id":"n4233489863","k":"crossing","t":{"crossing":"uncontrolled","kerb":"lowered","tactile_paving":"yes","highway":"crossing"}}},
{"type":"Feature","geometry":{"type":"Point","coordinates":[-122.285296,37.860699]},"properties":{"id":"n4233489864","k":"crossing","t":{"crossing":"uncontrolled","tactile_paving":"no","highway":"crossing"}}},
{"type":"Feature","geometry":{"type":"Point","coordinates":[-122.285389,37.860755]},"properties":{"id":"n4233489865","k":"crossing","t":{"crossing":"uncontrolled","tactile_paving":"no","highway":"crossing"}}},
{"type":"Feature","geometry":{"type":"Point","coordinates":[-122.285229,37.860776]},"properties":{"id":"n4233489866","k":"crossing","t":{"crossing":"uncontrolled","tactile_paving":"no","highway":"crossing"}}},
{"type":"Feature","geometry":{"type":"Point","coordinates":[-122.285323,37.860832]},"properties":{"id":"n4233489867","k":"crossing","t":{"crossing":"uncontrolled","tactile_paving":"no","highway":"crossing"}}},
{"type":"Feature","geometry":{"type":"Point","coordinates":[-122.280837,37.861275]},"properties":{"id":"n4233489869","k":"crossing","t":{"crossing":"uncontrolled","kerb":"lowered","tactile_paving":"yes","highway":"crossing"}}},
{"type":"Feature","geometry":{"type":"Point","coordinates":[-122.280677,37.861296]},"properties":{"id":"n4233489870","k":"crossing","t":{"crossing":"uncontrolled","kerb":"lowered","tactile_paving":"yes","highway":"crossing"}}},
{"type":"Feature","geometry":{"type":"Point","coordinates":[-122.280964,37.861331]},"properties":{"id":"n4233489871","k":"crossing","t":{"crossing":"uncontrolled","kerb":"lowered","tactile_paving":"yes","highway":"crossing"}}},
{"type":"Feature","geometry":{"type":"Point","coordinates":[-122.280627,37.861374]},"properties":{"id":"n4233489872","k":"crossing","t":{"crossing":"uncontrolled","kerb":"lowered","tactile_paving":"yes","highway":"crossing"}}},
{"type":"Feature","geometry":{"type":"Point","coordinates":[-122.2809,37.861402]},"properties":{"id":"n4233489873","k":"crossing","t":{"crossing":"uncontrolled","kerb":"lowered","tactile_paving":"yes","highway":"crossing"}}},
{"type":"Feature","geometry":{"type":"Point","coordinates":[-122.280738,37.861423]},"properties":{"id":"n4233489874","k":"crossing","t":{"crossing":"uncontrolled","kerb":"lowered","tactile_paving":"yes","highway":"crossing"}}},
{"type":"Feature","geometry":{"type":"Point","coordinates":[-122.283016,37.850328]},"properties":{"id":"n4235206854","k":"crossing","t":{"crossing":"uncontrolled","highway":"crossing"}}},
{"type":"Feature","geometry":{"type":"Point","coordinates":[-122.282954,37.850392]},"properties":{"id":"n4235206856","k":"crossing","t":{"crossing":"uncontrolled","highway":"crossing"}}},
{"type":"Feature","geometry":{"type":"Point","coordinates":[-122.283052,37.850433]},"properties":{"id":"n4235206857","k":"crossing","t":{"crossing":"uncontrolled","highway":"crossing"}}},
{"type":"Feature","geometry":{"type":"Point","coordinates":[-122.280884,37.850582]},"properties":{"id":"n4235206860","k":"crossing","t":{"crossing":"uncontrolled","highway":"crossing"}}},
{"type":"Feature","geometry":{"type":"Point","coordinates":[-122.280751,37.850611]},"properties":{"id":"n4235206861","k":"crossing","t":{"crossing":"uncontrolled","highway":"crossing"}}},
{"type":"Feature","geometry":{"type":"Point","coordinates":[-122.28083,37.851006]},"properties":{"id":"n4235206863","k":"crossing","t":{"crossing":"uncontrolled","highway":"crossing"}}},
{"type":"Feature","geometry":{"type":"Point","coordinates":[-122.283247,37.851052]},"properties":{"id":"n4235206864","k":"crossing","t":{"crossing":"uncontrolled","highway":"crossing"}}},
{"type":"Feature","geometry":{"type":"Point","coordinates":[-122.283342,37.851102]},"properties":{"id":"n4235206865","k":"crossing","t":{"crossing":"uncontrolled","highway":"crossing"}}},
{"type":"Feature","geometry":{"type":"Point","coordinates":[-122.283175,37.851136]},"properties":{"id":"n4235206866","k":"crossing","t":{"crossing":"uncontrolled","highway":"crossing"}}},
{"type":"Feature","geometry":{"type":"Point","coordinates":[-122.283282,37.851177]},"properties":{"id":"n4235206867","k":"crossing","t":{"crossing":"uncontrolled","highway":"crossing"}}},
{"type":"Feature","geometry":{"type":"Point","coordinates":[-122.280041,37.851234]},"properties":{"id":"n4235206868","k":"crossing","t":{"crossing":"uncontrolled","highway":"crossing"}}},
{"type":"Feature","geometry":{"type":"Point","coordinates":[-122.281096,37.851553]},"properties":{"id":"n4235206878","k":"crossing","t":{"crossing":"uncontrolled","highway":"crossing"}}},
{"type":"Feature","geometry":{"type":"Point","coordinates":[-122.283479,37.851877]},"properties":{"id":"n4235206880","k":"crossing","t":{"crossing":"uncontrolled","highway":"crossing"}}},
{"type":"Feature","geometry":{"type":"Point","coordinates":[-122.283584,37.851923]},"properties":{"id":"n4235206881","k":"crossing","t":{"crossing":"uncontrolled","highway":"crossing"}}},
{"type":"Feature","geometry":{"type":"Point","coordinates":[-122.283419,37.851959]},"properties":{"id":"n4235206882","k":"crossing","t":{"crossing":"uncontrolled","highway":"crossing"}}},
{"type":"Feature","geometry":{"type":"Point","coordinates":[-122.283516,37.852007]},"properties":{"id":"n4235206883","k":"crossing","t":{"crossing":"uncontrolled","highway":"crossing"}}},
{"type":"Feature","geometry":{"type":"Point","coordinates":[-122.281298,37.852385]},"properties":{"id":"n4235206884","k":"crossing","t":{"crossing":"uncontrolled","highway":"crossing"}}},
{"type":"Feature","geometry":{"type":"Point","coordinates":[-122.281232,37.852461]},"properties":{"id":"n4235206885","k":"crossing","t":{"crossing":"uncontrolled","highway":"crossing"}}},
{"type":"Feature","geometry":{"type":"Point","coordinates":[-122.297329,37.868179]},"properties":{"id":"n4248077706","k":"surveillance","t":{"man_made":"surveillance"}}},
{"type":"Feature","geometry":{"type":"Point","coordinates":[-122.289993,37.850362]},"properties":{"id":"n4306097756","k":"recycling","t":{"name":"Urban Ore Donations","wheelchair":"yes","amenity":"recycling","operator":"Urban Ore"}}},
{"type":"Feature","geometry":{"type":"Point","coordinates":[-122.281691,37.854442]},"properties":{"id":"n4363724411","k":"signal","t":{"highway":"stop"}}},
{"type":"Feature","geometry":{"type":"Point","coordinates":[-122.281147,37.854537]},"properties":{"id":"n4363724412","k":"signal","t":{"highway":"stop"}}},
{"type":"Feature","geometry":{"type":"Point","coordinates":[-122.28193,37.854572]},"properties":{"id":"n4363724413","k":"signal","t":{"highway":"stop"}}},
{"type":"Feature","geometry":{"type":"Point","coordinates":[-122.280322,37.854673]},"properties":{"id":"n4363724414","k":"signal","t":{"highway":"stop"}}},
{"type":"Feature","geometry":{"type":"Point","coordinates":[-122.281043,37.854714]},"properties":{"id":"n4363724415","k":"signal","t":{"highway":"stop"}}},
{"type":"Feature","geometry":{"type":"Point","coordinates":[-122.280134,37.854867]},"properties":{"id":"n4363724418","k":"signal","t":{"highway":"stop"}}},
{"type":"Feature","geometry":{"type":"Point","coordinates":[-122.282147,37.855629]},"properties":{"id":"n4363724422","k":"signal","t":{"highway":"stop"}}},
{"type":"Feature","geometry":{"type":"Point","coordinates":[-122.282184,37.855794]},"properties":{"id":"n4363724424","k":"signal","t":{"highway":"stop"}}},
{"type":"Feature","geometry":{"type":"Point","coordinates":[-122.280424,37.855856]},"properties":{"id":"n4363724426","k":"signal","t":{"highway":"stop"}}},
{"type":"Feature","geometry":{"type":"Point","coordinates":[-122.318186,37.870212]},"properties":{"id":"n4523816209","k":"bench","t":{"amenity":"bench"}}},
{"type":"Feature","geometry":{"type":"Point","coordinates":[-122.318716,37.870081]},"properties":{"id":"n4523816210","k":"bench","t":{"amenity":"bench"}}},
{"type":"Feature","geometry":{"type":"Point","coordinates":[-122.317837,37.865805]},"properties":{"id":"n4807137372","k":"bench","t":{"access":"yes","amenity":"bench"}}},
{"type":"Feature","geometry":{"type":"Point","coordinates":[-122.31826,37.867154]},"properties":{"id":"n4807137378","k":"bench","t":{"amenity":"bench"}}},
{"type":"Feature","geometry":{"type":"Point","coordinates":[-122.312939,37.867874]},"properties":{"id":"n4927326220","k":"bollard","t":{"barrier":"bollard"}}},
{"type":"Feature","geometry":{"type":"Point","coordinates":[-122.295716,37.857887]},"properties":{"id":"n4974955219","k":"signal","t":{"highway":"stop"}}},
{"type":"Feature","geometry":{"type":"Point","coordinates":[-122.304968,37.88061]},"properties":{"id":"n5138301926","k":"hydrant","t":{"emergency":"fire_hydrant"}}},
{"type":"Feature","geometry":{"type":"Point","coordinates":[-122.303986,37.880673]},"properties":{"id":"n5138302023","k":"hydrant","t":{"emergency":"fire_hydrant"}}},
{"type":"Feature","geometry":{"type":"Point","coordinates":[-122.29814,37.861805]},"properties":{"id":"n5343347621","k":"signal","t":{"highway":"stop"}}},
{"type":"Feature","geometry":{"type":"Point","coordinates":[-122.300439,37.87949]},"properties":{"id":"n5845148871","k":"bus_stop","t":{"name":"Gilman Street & 7th Street","highway":"bus_stop","bus":"yes","shelter":"no","bench":"yes","operator":"Alameda-Contra Costa Transit District","ref":"50404"}}},
{"type":"Feature","geometry":{"type":"Point","coordinates":[-122.299062,37.879904]},"properties":{"id":"n5845152986","k":"bus_stop","t":{"name":"Gilman Street & 8th Street","highway":"bus_stop","bus":"yes","shelter":"no","operator":"Alameda-Contra Costa Transit District","ref":"52052"}}},
{"type":"Feature","geometry":{"type":"Point","coordinates":[-122.293416,37.881026]},"properties":{"id":"n5845153008","k":"bus_stop","t":{"name":"Gilman Street & Cornell Avenue","highway":"bus_stop","bus":"yes","operator":"Alameda-Contra Costa Transit District","ref":"51120"}}},
{"type":"Feature","geometry":{"type":"Point","coordinates":[-122.289873,37.881348]},"properties":{"id":"n5845153053","k":"bus_stop","t":{"name":"Gilman Street & Curtis Street","tactile_paving":"no","highway":"bus_stop","bus":"yes","shelter":"no","bench":"yes","operator":"Alameda-Contra Costa Transit District","ref":"51175"}}},
{"type":"Feature","geometry":{"type":"Point","coordinates":[-122.288967,37.88124]},"properties":{"id":"n5845153067","k":"bus_stop","t":{"name":"Gilman Street & Neilson Street","tactile_paving":"no","highway":"bus_stop","bus":"yes","shelter":"no","bench":"yes","operator":"Alameda-Contra Costa Transit District","ref":"53367"}}},
{"type":"Feature","geometry":{"type":"Point","coordinates":[-122.295785,37.861816]},"properties":{"id":"n5845153083","k":"bus_stop","t":{"name":"6th Street & Channing Way","highway":"bus_stop","bus":"yes","bench":"yes","operator":"Alameda-Contra Costa Transit District","ref":"55790"}}},
{"type":"Feature","geometry":{"type":"Point","coordinates":[-122.286895,37.880747]},"properties":{"id":"n5845154498","k":"bus_stop","t":{"name":"Gilman Street & Ordway Street","wheelchair":"no","highway":"bus_stop","bus":"yes","bench":"no","operator":"Alameda-Contra Costa Transit District","ref":"52977"}}},
{"type":"Feature","geometry":{"type":"Point","coordinates":[-122.299745,37.867749]},"properties":{"id":"n5845156154","k":"bus_stop","t":{"name":"University Avenue & 4th Street","highway":"bus_stop","bus":"yes","operator":"Alameda-Contra Costa Transit District","ref":"52355"}}},
{"type":"Feature","geometry":{"type":"Point","coordinates":[-122.283454,37.85274]},"properties":{"id":"n5845156944","k":"bus_stop","t":{"name":"Ashby Avenue & Mabel Street","tactile_paving":"yes","highway":"bus_stop","bus":"yes","shelter":"no","bench":"no","operator":"Alameda-Contra Costa Transit District","ref":"50540"}}},
{"type":"Feature","geometry":{"type":"Point","coordinates":[-122.283986,37.852758]},"properties":{"id":"n5845156961","k":"bus_stop","t":{"name":"Ashby Avenue & Mabel Street","tactile_paving":"no","highway":"bus_stop","bus":"yes","shelter":"no","bench":"no","operator":"Alameda-Contra Costa Transit District","ref":"54559"}}},
{"type":"Feature","geometry":{"type":"Point","coordinates":[-122.291354,37.875636]},"properties":{"id":"n5845158032","k":"bus_stop","t":{"name":"Cedar Street & Cornell Avenue","highway":"bus_stop","bus":"yes","operator":"Alameda-Contra Costa Transit District","ref":"54501"}}},
{"type":"Feature","geometry":{"type":"Point","coordinates":[-122.296778,37.865493]},"properties":{"id":"n5845158077","k":"bus_stop","t":{"name":"6th Street & Allston Way","highway":"bus_stop","bus":"yes","operator":"Alameda-Contra Costa Transit District","ref":"57589"}}},
{"type":"Feature","geometry":{"type":"Point","coordinates":[-122.286712,37.851805]},"properties":{"id":"n5845159728","k":"bus_stop","t":{"name":"San Pablo Avenue & Ashby Avenue","tactile_paving":"no","wheelchair":"yes","highway":"bus_stop","bus":"yes","shelter":"no","bench":"no","operator":"Alameda-Contra Costa Transit District","ref":"52228"}}},
{"type":"Feature","geometry":{"type":"Point","coordinates":[-122.299697,37.873867]},"properties":{"id":"n5845159745","k":"bus_stop","t":{"name":"6th Street & Cedar Street","highway":"bus_stop","bus":"yes","operator":"Alameda-Contra Costa Transit District","ref":"52236"}}},
{"type":"Feature","geometry":{"type":"Point","coordinates":[-122.286674,37.852514]},"properties":{"id":"n5845159748","k":"bus_stop","t":{"name":"San Pablo Avenue & Ashby Avenue","highway":"bus_stop","bus":"yes","shelter":"yes","operator":"Alameda-Contra Costa Transit District","ref":"51117"}}},
{"type":"Feature","geometry":{"type":"Point","coordinates":[-122.299123,37.872078]},"properties":{"id":"n5845161135","k":"bus_stop","t":{"name":"6th Street & Virginia Street","highway":"bus_stop","bus":"yes","operator":"Alameda-Contra Costa Transit District","ref":"59908"}}},
{"type":"Feature","geometry":{"type":"Point","coordinates":[-122.291609,37.852285]},"properties":{"id":"n5845161153","k":"bus_stop","t":{"name":"7th Street & Anthony Street","highway":"bus_stop","bus":"yes","operator":"Alameda-Contra Costa Transit District","ref":"55909"}}},
{"type":"Feature","geometry":{"type":"Point","coordinates":[-122.291379,37.85218]},"properties":{"id":"n5845161172","k":"bus_stop","t":{"name":"7th Street & Anthony Street","highway":"bus_stop","bus":"yes","operator":"Alameda-Contra Costa Transit District","ref":"55915"}}},
{"type":"Feature","geometry":{"type":"Point","coordinates":[-122.287911,37.856426]},"properties":{"id":"n5845162734","k":"bus_stop","t":{"name":"San Pablo Avenue & Grayson Street","highway":"bus_stop","bus":"yes","operator":"Alameda-Contra Costa Transit District","ref":"51699"}}},
{"type":"Feature","geometry":{"type":"Point","coordinates":[-122.296217,37.880334]},"properties":{"id":"n5845165186","k":"bus_stop","t":{"name":"Gilman Street & San Pablo Avenue","highway":"bus_stop","bus":"yes","operator":"Alameda-Contra Costa Transit District","ref":"57715"}}},
{"type":"Feature","geometry":{"type":"Point","coordinates":[-122.298723,37.870818]},"properties":{"id":"n5845165189","k":"bus_stop","t":{"name":"6th Street & Delaware Street","highway":"bus_stop","bus":"yes","operator":"Alameda-Contra Costa Transit District","ref":"55149"}}},
{"type":"Feature","geometry":{"type":"Point","coordinates":[-122.283018,37.87672]},"properties":{"id":"n5845165199","k":"bus_stop","t":{"name":"Cedar Street & Sacramento Street","tactile_paving":"no","highway":"bus_stop","bus":"yes","shelter":"no","bench":"no","operator":"Alameda-Contra Costa Transit District","ref":"55241"}}},
{"type":"Feature","geometry":{"type":"Point","coordinates":[-122.301284,37.878893]},"properties":{"id":"n5845165200","k":"bus_stop","t":{"name":"6th Street & Gilman Street","highway":"bus_stop","bus":"yes","shelter":"no","operator":"Alameda-Contra Costa Transit District","ref":"59668"}}},
{"type":"Feature","geometry":{"type":"Point","coordinates":[-122.298283,37.869459]},"properties":{"id":"n5845165217","k":"bus_stop","t":{"name":"6th Street & Hearst Avenue","highway":"bus_stop","bus":"yes","operator":"Alameda-Contra Costa Transit District","ref":"56499"}}},
{"type":"Feature","geometry":{"type":"Point","coordinates":[-122.30052,37.876514]},"properties":{"id":"n5845165231","k":"bus_stop","t":{"name":"6th Street & Page Street","highway":"bus_stop","bus":"yes","operator":"Alameda-Contra Costa Transit District","ref":"52310"}}},
{"type":"Feature","geometry":{"type":"Point","coordinates":[-122.300284,37.876349]},"properties":{"id":"n5845165247","k":"bus_stop","t":{"name":"6th Street & Page Street","highway":"bus_stop","bus":"yes","operator":"Alameda-Contra Costa Transit District","ref":"56465"}}},
{"type":"Feature","geometry":{"type":"Point","coordinates":[-122.295773,37.879897]},"properties":{"id":"n5845165274","k":"bus_stop","t":{"name":"San Pablo Avenue & Gilman Street","highway":"bus_stop","bus":"yes","operator":"Alameda-Contra Costa Transit District","ref":"55501"}}},
{"type":"Feature","geometry":{"type":"Point","coordinates":[-122.295757,37.880809]},"properties":{"id":"n5845166488","k":"bus_stop","t":{"name":"San Pablo Avenue & Gilman Street","highway":"bus_stop","bus":"yes","operator":"Alameda-Contra Costa Transit District","ref":"55100"}}},
{"type":"Feature","geometry":{"type":"Point","coordinates":[-122.290464,37.851195]},"properties":{"id":"n5845167374","k":"bus_stop","t":{"name":"Ashby Avenue & 7th Street","tactile_paving":"no","highway":"bus_stop","bus":"yes","shelter":"no","bench":"yes","operator":"Alameda-Contra Costa Transit District","ref":"55817"}}},
{"type":"Feature","geometry":{"type":"Point","coordinates":[-122.299231,37.880113]},"properties":{"id":"n5845168189","k":"bus_stop","t":{"name":"8th Street & Gilman Street","highway":"bus_stop","bus":"yes","shelter":"no","operator":"Alameda-Contra Costa Transit District","ref":"51791"}}},
{"type":"Feature","geometry":{"type":"Point","coordinates":[-122.280972,37.853162]},"properties":{"id":"n5845168197","k":"bus_stop","t":{"name":"Ashby Avenue & Acton Street","highway":"bus_stop","bus":"yes","shelter":"no","bench":"no","operator":"Alameda-Contra Costa Transit District","ref":"50667"}}},
{"type":"Feature","geometry":{"type":"Point","coordinates":[-122.281718,37.853218]},"properties":{"id":"n5845168225","k":"bus_stop","t":{"name":"Ashby Avenue & Acton Street","highway":"bus_stop","bus":"yes","shelter":"no","operator":"Alameda-Contra Costa Transit District","ref":"54954"}}},
{"type":"Feature","geometry":{"type":"Point","coordinates":[-122.281302,37.862306]},"properties":{"id":"n5845169226","k":"bus_stop","t":{"name":"Sacramento Street & Dwight Way","tactile_paving":"no","highway":"bus_stop","bus":"yes","shelter":"no","bench":"yes","operator":"Alameda-Contra Costa Transit District","ref":"55451"}}},
{"type":"Feature","geometry":{"type":"Point","coordinates":[-122.283172,37.880911]},"properties":{"id":"n5845170204","k":"bus_stop","t":{"name":"Sacramento Street & Hopkins Street","tactile_paving":"no","highway":"bus_stop","bus":"yes","shelter":"no","bench":"no","ref":"52812"}}},
{"type":"Feature","geometry":{"type":"Point","coordinates":[-122.28304,37.878634]},"properties":{"id":"n5845174832","k":"bus_stop","t":{"name":"Sacramento Street & Rose Street","highway":"bus_stop","bus":"yes","ref":"52823"}}},
{"type":"Feature","geometry":{"type":"Point","coordinates":[-122.282704,37.878423]},"properties":{"id":"n5845174843","k":"bus_stop","t":{"name":"Sacramento Street & Rose Street","highway":"bus_stop","bus":"yes","ref":"52856"}}},
{"type":"Feature","geometry":{"type":"Point","coordinates":[-122.280157,37.857893]},"properties":{"id":"n5845175419","k":"bus_stop","t":{"name":"Sacramento Street & Ward Street","tactile_paving":"no","highway":"bus_stop","bus":"yes","shelter":"no","bench":"no","operator":"Alameda-Contra Costa Transit District","ref":"58335"}}},
{"type":"Feature","geometry":{"type":"Point","coordinates":[-122.30175,37.879362]},"properties":{"id":"n5845176351","k":"bus_stop","t":{"name":"Gilman Street & 6th Street","highway":"bus_stop","bus":"yes","shelter":"no","operator":"Alameda-Contra Costa Transit District","ref":"51784"}}},
{"type":"Feature","geometry":{"type":"Point","coordinates":[-122.285276,37.876407]},"properties":{"id":"n5845176363","k":"bus_stop","t":{"name":"Cedar Street & Acton Street","highway":"bus_stop","bus":"yes","shelter":"no","bench":"no","operator":"Alameda-Contra Costa Transit District","ref":"57156"}}},
{"type":"Feature","geometry":{"type":"Point","coordinates":[-122.296368,37.880452]},"properties":{"id":"n5845181456","k":"bus_stop","t":{"name":"Gilman Street & San Pablo Avenue","highway":"bus_stop","bus":"yes","bench":"yes","operator":"Alameda-Contra Costa Transit District","ref":"54354"}}},
{"type":"Feature","geometry":{"type":"Point","coordinates":[-122.280669,37.862185]},"properties":{"id":"n5845183292","k":"bus_stop","t":{"name":"Dwight Way & Sacramento Street","tactile_paving":"no","highway":"bus_stop","bus":"yes","shelter":"no","bench":"yes","operator":"Alameda-Contra Costa Transit District","ref":"55070"}}},
{"type":"Feature","geometry":{"type":"Point","coordinates":[-122.289931,37.861088]},"properties":{"id":"n5845183310","k":"bus_stop","t":{"name":"Dwight Way & San Pablo Avenue","tactile_paving":"no","highway":"bus_stop","bus":"yes","shelter":"yes","bench":"yes","operator":"Alameda-Contra Costa Transit District","ref":"50922"}}},
{"type":"Feature","geometry":{"type":"Point","coordinates":[-122.280242,37.859839]},"properties":{"id":"n5845184999","k":"bus_stop","t":{"name":"Sacramento Street & Carleton Street","tactile_paving":"no","highway":"bus_stop","bus":"yes","shelter":"no","bench":"yes","operator":"Alameda-Contra Costa Transit District","ref":"55820"}}},
{"type":"Feature","geometry":{"type":"Point","coordinates":[-122.282535,37.876909]},"properties":{"id":"n5845185021","k":"bus_stop","t":{"name":"Sacramento Street & Cedar Street","highway":"bus_stop","bus":"yes","operator":"Alameda-Contra Costa Transit District","ref":"51856"}}},
{"type":"Feature","geometry":{"type":"Point","coordinates":[-122.280524,37.859679]},"properties":{"id":"n5845187690","k":"bus_stop","t":{"name":"Sacramento Street & Carleton Street","tactile_paving":"no","highway":"bus_stop","bus":"yes","shelter":"no","bench":"no","operator":"Alameda-Contra Costa Transit District","ref":"52535"}}},
{"type":"Feature","geometry":{"type":"Point","coordinates":[-122.286247,37.85217]},"properties":{"id":"n5845187781","k":"bus_stop","t":{"name":"Ashby Avenue & San Pablo Avenue","tactile_paving":"no","highway":"bus_stop","bus":"yes","shelter":"no","bench":"yes","operator":"Alameda-Contra Costa Transit District","ref":"52300"}}},
{"type":"Feature","geometry":{"type":"Point","coordinates":[-122.28716,37.852148]},"properties":{"id":"n5845188703","k":"bus_stop","t":{"name":"Ashby Avenue & San Pablo Avenue","tactile_paving":"no","highway":"bus_stop","bus":"yes","shelter":"yes","bench":"yes","operator":"Alameda-Contra Costa Transit District","ref":"52599"}}},
{"type":"Feature","geometry":{"type":"Point","coordinates":[-122.293473,37.85859]},"properties":{"id":"n5845188772","k":"bus_stop","t":{"name":"7th Street & Parker Street","highway":"bus_stop","bus":"yes","operator":"Alameda-Contra Costa Transit District","ref":"55738"}}},
{"type":"Feature","geometry":{"type":"Point","coordinates":[-122.293665,37.858548]},"properties":{"id":"n5845188911","k":"bus_stop","t":{"name":"7th Street & Parker Street","highway":"bus_stop","bus":"yes","operator":"Alameda-Contra Costa Transit District","ref":"55807"}}},
{"type":"Feature","geometry":{"type":"Point","coordinates":[-122.292555,37.869136]},"properties":{"id":"n5845190873","k":"bus_stop","t":{"name":"University Avenue & San Pablo Avenue","highway":"bus_stop","bus":"yes","operator":"Alameda-Contra Costa Transit District","ref":"52566"}}},
{"type":"Feature","geometry":{"type":"Point","coordinates":[-122.293678,37.860206]},"properties":{"id":"n5845191185","k":"bus_stop","t":{"name":"Dwight Way & 7th Street","highway":"bus_stop","bus":"yes","shelter":"yes","bench":"no","operator":"Alameda-Contra Costa Transit District","ref":"52556"}}},
{"type":"Feature","geometry":{"type":"Point","coordinates":[-122.292154,37.860638]},"properties":{"id":"n5845191198","k":"bus_stop","t":{"name":"Dwight Way & 9th Street","highway":"bus_stop","bus":"yes","shelter":"no","bench":"no","operator":"Alameda-Contra Costa Transit District","ref":"51667"}}},
{"type":"Feature","geometry":{"type":"Point","coordinates":[-122.291636,37.860622]},"properties":{"id":"n5845191219","k":"bus_stop","t":{"name":"Dwight Way & 9th Street","highway":"bus_stop","bus":"yes","shelter":"no","bench":"no","operator":"Alameda-Contra Costa Transit District","ref":"55925"}}},
{"type":"Feature","geometry":{"type":"Point","coordinates":[-122.293981,37.859594]},"properties":{"id":"n5845191254","k":"bus_stop","t":{"name":"7th Street & Cutter Way","highway":"bus_stop","bus":"yes","operator":"Alameda-Contra Costa Transit District","ref":"57288"}}},
{"type":"Feature","geometry":{"type":"Point","coordinates":[-122.286002,37.850474]},"properties":{"id":"n5845191284","k":"bus_stop","t":{"name":"San Pablo Avenue & Haskell Street","highway":"bus_stop","bus":"yes","operator":"Alameda-Contra Costa Transit District","ref":"55603"}}},
{"type":"Feature","geometry":{"type":"Point","coordinates":[-122.287577,37.854456]},"properties":{"id":"n5845192298","k":"bus_stop","t":{"name":"San Pablo Avenue & Heinz Avenue","highway":"bus_stop","bus":"yes","operator":"Alameda-Contra Costa Transit District","ref":"59377"}}},
{"type":"Feature","geometry":{"type":"Point","coordinates":[-122.29261,37.855413]},"properties":{"id":"n5845192314","k":"bus_stop","t":{"name":"7th Street & Grayson Street","highway":"bus_stop","bus":"yes","operator":"Alameda-Contra Costa Transit District","ref":"55970"}}},
{"type":"Feature","geometry":{"type":"Point","coordinates":[-122.287408,37.854847]},"properties":{"id":"n5845192317","k":"bus_stop","t":{"name":"San Pablo Avenue & Oregon Street","highway":"bus_stop","bus":"yes","bench":"yes","operator":"Alameda-Contra Costa Transit District","ref":"55367"}}},
{"type":"Feature","geometry":{"type":"Point","coordinates":[-122.292488,37.855547]},"properties":{"id":"n5845192329","k":"bus_stop","t":{"name":"7th Street & Grayson Street","highway":"bus_stop","bus":"yes","operator":"Alameda-Contra Costa Transit District","ref":"50633"}}},
{"type":"Feature","geometry":{"type":"Point","coordinates":[-122.294814,37.877773]},"properties":{"id":"n5845192332","k":"bus_stop","t":{"name":"San Pablo Avenue & Page Street","highway":"bus_stop","bus":"yes","operator":"Alameda-Contra Costa Transit District","ref":"52273"}}},
{"type":"Feature","geometry":{"type":"Point","coordinates":[-122.294942,37.877325]},"properties":{"id":"n5845192347","k":"bus_stop","t":{"name":"San Pablo Avenue & Page Street","highway":"bus_stop","bus":"yes","shelter":"no","operator":"Alameda-Contra Costa Transit District","ref":"53005"}}},
{"type":"Feature","geometry":{"type":"Point","coordinates":[-122.291766,37.853334]},"properties":{"id":"n5845192360","k":"bus_stop","t":{"name":"7th Street & Heinz Avenue","highway":"bus_stop","bus":"yes","operator":"Alameda-Contra Costa Transit District","ref":"58667"}}},
{"type":"Feature","geometry":{"type":"Point","coordinates":[-122.288939,37.859583]},"properties":{"id":"n5845192365","k":"bus_stop","t":{"name":"San Pablo Avenue & Parker Street","highway":"bus_stop","bus":"yes","operator":"Alameda-Contra Costa Transit District","ref":"53178"}}},
{"type":"Feature","geometry":{"type":"Point","coordinates":[-122.289051,37.859069]},"properties":{"id":"n5845192378","k":"bus_stop","t":{"name":"San Pablo Avenue & Parker Street","highway":"bus_stop","bus":"yes","operator":"Alameda-Contra Costa Transit District","ref":"53181"}}},
{"type":"Feature","geometry":{"type":"Point","coordinates":[-122.282803,37.878885]},"properties":{"id":"n5875523859","k":"signal","t":{"highway":"stop"}}},
{"type":"Feature","geometry":{"type":"Point","coordinates":[-122.28336,37.880854]},"properties":{"id":"n5875525213","k":"signal","t":{"highway":"traffic_signals"}}},
{"type":"Feature","geometry":{"type":"Point","coordinates":[-122.281811,37.881961]},"properties":{"id":"n5875525227","k":"crossing","t":{"crossing":"unmarked","tactile_paving":"no","highway":"crossing"}}},
{"type":"Feature","geometry":{"type":"Point","coordinates":[-122.282388,37.872798]},"properties":{"id":"n5880435072","k":"bus_stop","t":{"name":"Sacramento Street & Delaware Street","tactile_paving":"no","highway":"bus_stop","bus":"yes","shelter":"no","bench":"yes","ref":"55942"}}},
{"type":"Feature","geometry":{"type":"Point","coordinates":[-122.283619,37.872883]},"properties":{"id":"n5880435075","k":"crossing","t":{"crossing":"uncontrolled","tactile_paving":"no","highway":"crossing"}}},
{"type":"Feature","geometry":{"type":"Point","coordinates":[-122.283368,37.863741]},"properties":{"id":"n6330204063","k":"signal","t":{"highway":"stop"}}},
{"type":"Feature","geometry":{"type":"Point","coordinates":[-122.283163,37.863768]},"properties":{"id":"n6330204064","k":"signal","t":{"highway":"stop"}}},
{"type":"Feature","geometry":{"type":"Point","coordinates":[-122.284152,37.866469]},"properties":{"id":"n6353997548","k":"bench","t":{"amenity":"bench"}}},
{"type":"Feature","geometry":{"type":"Point","coordinates":[-122.284085,37.866476]},"properties":{"id":"n6353997551","k":"bench","t":{"amenity":"bench"}}},
{"type":"Feature","geometry":{"type":"Point","coordinates":[-122.289715,37.852328]},"properties":{"id":"n6407924135","k":"bus_stop","t":{"name":"Berkeley Bowl","highway":"bus_stop","bus":"yes","operator":"Emeryville Transportation Management Association","ref":"855366"}}},
{"type":"Feature","geometry":{"type":"Point","coordinates":[-122.305108,37.875335]},"properties":{"id":"n6471289088","k":"recycling","t":{"name":"ewasteCollective","amenity":"recycling"}}},
{"type":"Feature","geometry":{"type":"Point","coordinates":[-122.286457,37.853093]},"properties":{"id":"n6505491941","k":"bollard","t":{"barrier":"bollard","emergency":"yes"}}},
{"type":"Feature","geometry":{"type":"Point","coordinates":[-122.308504,37.874248]},"properties":{"id":"n6612677246","k":"bollard","t":{"access":"yes","barrier":"bollard"}}},
{"type":"Feature","geometry":{"type":"Point","coordinates":[-122.308482,37.874332]},"properties":{"id":"n6612732891","k":"bollard","t":{"access":"yes","barrier":"bollard"}}},
{"type":"Feature","geometry":{"type":"Point","coordinates":[-122.315671,37.864054]},"properties":{"id":"n6743228138","k":"bench","t":{"access":"yes","amenity":"bench"}}},
{"type":"Feature","geometry":{"type":"Point","coordinates":[-122.316318,37.86402]},"properties":{"id":"n6743235180","k":"bench","t":{"amenity":"bench"}}},
{"type":"Feature","geometry":{"type":"Point","coordinates":[-122.316908,37.864593]},"properties":{"id":"n6743235637","k":"bench","t":{"access":"yes","amenity":"bench"}}},
{"type":"Feature","geometry":{"type":"Point","coordinates":[-122.317042,37.864927]},"properties":{"id":"n6743274660","k":"bicycle_parking","t":{"amenity":"bicycle_parking","capacity":"10"}}},
{"type":"Feature","geometry":{"type":"Point","coordinates":[-122.317435,37.86592]},"properties":{"id":"n6743277066","k":"hydrant","t":{"emergency":"fire_hydrant"}}},
{"type":"Feature","geometry":{"type":"Point","coordinates":[-122.290971,37.876725]},"properties":{"id":"n6744672571","k":"hydrant","t":{"emergency":"fire_hydrant"}}},
{"type":"Feature","geometry":{"type":"Point","coordinates":[-122.280742,37.861567]},"properties":{"id":"n6781589554","k":"bicycle_parking","t":{"amenity":"bicycle_parking","capacity":"4"}}},
{"type":"Feature","geometry":{"type":"Point","coordinates":[-122.300001,37.867737]},"properties":{"id":"n7020492615","k":"kerb:lowered","t":{"kerb":"lowered","tactile_paving":"yes","barrier":"kerb"}}},
{"type":"Feature","geometry":{"type":"Point","coordinates":[-122.299822,37.86773]},"properties":{"id":"n7020492619","k":"kerb:lowered","t":{"kerb":"lowered","tactile_paving":"yes","barrier":"kerb"}}},
{"type":"Feature","geometry":{"type":"Point","coordinates":[-122.299866,37.867762]},"properties":{"id":"n7020492622","k":"kerb:lowered","t":{"kerb":"lowered","tactile_paving":"yes","barrier":"kerb"}}},
{"type":"Feature","geometry":{"type":"Point","coordinates":[-122.280018,37.857975]},"properties":{"id":"n7040439816","k":"tree","t":{"natural":"tree"}}},
{"type":"Feature","geometry":{"type":"Point","coordinates":[-122.280041,37.858096]},"properties":{"id":"n7040439817","k":"tree","t":{"natural":"tree"}}},
{"type":"Feature","geometry":{"type":"Point","coordinates":[-122.280075,37.858213]},"properties":{"id":"n7040439818","k":"tree","t":{"natural":"tree"}}},
{"type":"Feature","geometry":{"type":"Point","coordinates":[-122.280175,37.858819]},"properties":{"id":"n7040439826","k":"sign","t":{"traffic_sign":"maxspeed"}}},
{"type":"Feature","geometry":{"type":"Point","coordinates":[-122.280278,37.859236]},"properties":{"id":"n7040439833","k":"tree","t":{"natural":"tree"}}},
{"type":"Feature","geometry":{"type":"Point","coordinates":[-122.280318,37.859441]},"properties":{"id":"n7040439839","k":"tree","t":{"natural":"tree"}}},
{"type":"Feature","geometry":{"type":"Point","coordinates":[-122.28041,37.85986]},"properties":{"id":"n7040439849","k":"tree","t":{"natural":"tree"}}},
{"type":"Feature","geometry":{"type":"Point","coordinates":[-122.280468,37.860144]},"properties":{"id":"n7040439850","k":"tree","t":{"natural":"tree"}}},
{"type":"Feature","geometry":{"type":"Point","coordinates":[-122.280479,37.860212]},"properties":{"id":"n7040439851","k":"tree","t":{"natural":"tree"}}},
{"type":"Feature","geometry":{"type":"Point","coordinates":[-122.280491,37.860292]},"properties":{"id":"n7040439854","k":"tree","t":{"natural":"tree"}}},
{"type":"Feature","geometry":{"type":"Point","coordinates":[-122.280567,37.86062]},"properties":{"id":"n7040439865","k":"tree","t":{"natural":"tree"}}},
{"type":"Feature","geometry":{"type":"Point","coordinates":[-122.280616,37.860858]},"properties":{"id":"n7040439871","k":"tree","t":{"natural":"tree"}}},
{"type":"Feature","geometry":{"type":"Point","coordinates":[-122.280646,37.86098]},"properties":{"id":"n7040439874","k":"tree","t":{"natural":"tree"}}},
{"type":"Feature","geometry":{"type":"Point","coordinates":[-122.280722,37.861206]},"properties":{"id":"n7040439879","k":"tree","t":{"natural":"tree"}}},
{"type":"Feature","geometry":{"type":"Point","coordinates":[-122.280893,37.861551]},"properties":{"id":"n7040439890","k":"tree","t":{"natural":"tree"}}},
{"type":"Feature","geometry":{"type":"Point","coordinates":[-122.282115,37.871702]},"properties":{"id":"n7125420020","k":"tree","t":{"natural":"tree"}}},
{"type":"Feature","geometry":{"type":"Point","coordinates":[-122.282101,37.871619]},"properties":{"id":"n7125420021","k":"tree","t":{"natural":"tree"}}},
{"type":"Feature","geometry":{"type":"Point","coordinates":[-122.282096,37.871572]},"properties":{"id":"n7125420022","k":"tree","t":{"natural":"tree"}}},
{"type":"Feature","geometry":{"type":"Point","coordinates":[-122.282091,37.871523]},"properties":{"id":"n7125420023","k":"tree","t":{"natural":"tree"}}},
{"type":"Feature","geometry":{"type":"Point","coordinates":[-122.282024,37.871066]},"properties":{"id":"n7125420024","k":"tree","t":{"natural":"tree"}}},
{"type":"Feature","geometry":{"type":"Point","coordinates":[-122.282016,37.870992]},"properties":{"id":"n7125420025","k":"tree","t":{"natural":"tree"}}},
{"type":"Feature","geometry":{"type":"Point","coordinates":[-122.281991,37.870793]},"properties":{"id":"n7125420026","k":"tree","t":{"natural":"tree"}}},
{"type":"Feature","geometry":{"type":"Point","coordinates":[-122.281985,37.870717]},"properties":{"id":"n7125420027","k":"tree","t":{"natural":"tree"}}},
{"type":"Feature","geometry":{"type":"Point","coordinates":[-122.281907,37.869828]},"properties":{"id":"n7125420032","k":"tree","t":{"natural":"tree"}}},
{"type":"Feature","geometry":{"type":"Point","coordinates":[-122.281897,37.869751]},"properties":{"id":"n7125420033","k":"tree","t":{"natural":"tree"}}},
{"type":"Feature","geometry":{"type":"Point","coordinates":[-122.28189,37.869674]},"properties":{"id":"n7125420034","k":"tree","t":{"natural":"tree"}}},
{"type":"Feature","geometry":{"type":"Point","coordinates":[-122.281881,37.869604]},"properties":{"id":"n7125420035","k":"tree","t":{"natural":"tree"}}},
{"type":"Feature","geometry":{"type":"Point","coordinates":[-122.283514,37.869645]},"properties":{"id":"n7125420052","k":"crossing","t":{"crossing":"uncontrolled","tactile_paving":"no","highway":"crossing"}}},
{"type":"Feature","geometry":{"type":"Point","coordinates":[-122.283386,37.86971]},"properties":{"id":"n7125420053","k":"crossing","t":{"crossing":"uncontrolled","tactile_paving":"no","highway":"crossing"}}},
{"type":"Feature","geometry":{"type":"Point","coordinates":[-122.284504,37.870869]},"properties":{"id":"n7125420411","k":"signal","t":{"highway":"stop"}}},
{"type":"Feature","geometry":{"type":"Point","coordinates":[-122.284294,37.870896]},"properties":{"id":"n7125420412","k":"signal","t":{"highway":"stop"}}},
{"type":"Feature","geometry":{"type":"Point","coordinates":[-122.283347,37.870529]},"properties":{"id":"n7125420449","k":"crossing","t":{"crossing":"uncontrolled","highway":"crossing"}}},
{"type":"Feature","geometry":{"type":"Point","coordinates":[-122.283322,37.87056]},"properties":{"id":"n7125420450","k":"crossing","t":{"crossing":"uncontrolled","highway":"crossing"}}},
{"type":"Feature","geometry":{"type":"Point","coordinates":[-122.283399,37.870784]},"properties":{"id":"n7125420452","k":"crossing","t":{"crossing":"uncontrolled","highway":"crossing"}}},
{"type":"Feature","geometry":{"type":"Point","coordinates":[-122.280003,37.871575]},"properties":{"id":"n7125420457","k":"signal","t":{"highway":"stop"}}},
{"type":"Feature","geometry":{"type":"Point","coordinates":[-122.290137,37.881527]},"properties":{"id":"n7205914918","k":"waste_basket","t":{"amenity":"waste_basket"}}},
{"type":"Feature","geometry":{"type":"Point","coordinates":[-122.2905,37.881615]},"properties":{"id":"n7205914920","k":"bicycle_parking","t":{"amenity":"bicycle_parking","capacity":"2"}}},
{"type":"Feature","geometry":{"type":"Point","coordinates":[-122.290551,37.881628]},"properties":{"id":"n7205914921","k":"bicycle_parking","t":{"amenity":"bicycle_parking","capacity":"2"}}},
{"type":"Feature","geometry":{"type":"Point","coordinates":[-122.289162,37.881321]},"properties":{"id":"n7205914923","k":"signal","t":{"highway":"stop"}}},
{"type":"Feature","geometry":{"type":"Point","coordinates":[-122.289219,37.881164]},"properties":{"id":"n7205914924","k":"signal","t":{"highway":"stop"}}},
{"type":"Feature","geometry":{"type":"Point","coordinates":[-122.288788,37.881059]},"properties":{"id":"n7205914925","k":"signal","t":{"highway":"stop"}}},
{"type":"Feature","geometry":{"type":"Point","coordinates":[-122.287762,37.880987]},"properties":{"id":"n7205914926","k":"signal","t":{"highway":"stop"}}},
{"type":"Feature","geometry":{"type":"Point","coordinates":[-122.287817,37.880827]},"properties":{"id":"n7205914927","k":"signal","t":{"highway":"stop"}}},
{"type":"Feature","geometry":{"type":"Point","coordinates":[-122.291279,37.880698]},"properties":{"id":"n7205914981","k":"crossing","t":{"crossing":"uncontrolled","highway":"crossing"}}},
{"type":"Feature","geometry":{"type":"Point","coordinates":[-122.283356,37.873931]},"properties":{"id":"n7211407083","k":"telephone","t":{"amenity":"telephone"}}},
{"type":"Feature","geometry":{"type":"Point","coordinates":[-122.283384,37.874055]},"properties":{"id":"n7211468093","k":"vending_machine","t":{"amenity":"vending_machine","operator":"San Francisco Bay Area Rapid Transit District"}}},
{"type":"Feature","geometry":{"type":"Point","coordinates":[-122.284199,37.874284]},"properties":{"id":"n7215526785","k":"bench","t":{"amenity":"bench"}}},
{"type":"Feature","geometry":{"type":"Point","coordinates":[-122.282651,37.87384]},"properties":{"id":"n7215526789","k":"kerb:flush","t":{"kerb":"flush","tactile_paving":"yes","wheelchair":"yes","barrier":"kerb"}}},
{"type":"Feature","geometry":{"type":"Point","coordinates":[-122.28384,37.874136]},"properties":{"id":"n7215526802","k":"bench","t":{"amenity":"bench"}}},
{"type":"Feature","geometry":{"type":"Point","coordinates":[-122.283275,37.874007]},"properties":{"id":"n7215526810","k":"waste_basket","t":{"amenity":"waste_basket"}}},
{"type":"Feature","geometry":{"type":"Point","coordinates":[-122.283311,37.874054]},"properties":{"id":"n7215526811","k":"waste_basket","t":{"amenity":"waste_basket"}}},
{"type":"Feature","geometry":{"type":"Point","coordinates":[-122.282872,37.873729]},"properties":{"id":"n7215526817","k":"bench","t":{"amenity":"bench"}}},
{"type":"Feature","geometry":{"type":"Point","coordinates":[-122.282688,37.873652]},"properties":{"id":"n7215526818","k":"bench","t":{"amenity":"bench"}}},
{"type":"Feature","geometry":{"type":"Point","coordinates":[-122.283634,37.874049]},"properties":{"id":"n7215526819","k":"bench","t":{"amenity":"bench"}}},
{"type":"Feature","geometry":{"type":"Point","coordinates":[-122.2835,37.873995]},"properties":{"id":"n7215526820","k":"bench","t":{"amenity":"bench"}}},
{"type":"Feature","geometry":{"type":"Point","coordinates":[-122.283503,37.87399]},"properties":{"id":"n7215526821","k":"bench","t":{"amenity":"bench"}}},
{"type":"Feature","geometry":{"type":"Point","coordinates":[-122.28338,37.873945]},"properties":{"id":"n7215526822","k":"bench","t":{"amenity":"bench"}}},
{"type":"Feature","geometry":{"type":"Point","coordinates":[-122.283384,37.87394]},"properties":{"id":"n7215526823","k":"bench","t":{"amenity":"bench"}}},
{"type":"Feature","geometry":{"type":"Point","coordinates":[-122.283635,37.874048]},"properties":{"id":"n7215526824","k":"bench","t":{"amenity":"bench"}}},
{"type":"Feature","geometry":{"type":"Point","coordinates":[-122.283482,37.874075]},"properties":{"id":"n7226424471","k":"telephone","t":{"amenity":"telephone"}}},
{"type":"Feature","geometry":{"type":"Point","coordinates":[-122.29471,37.851378]},"properties":{"id":"n7267023308","k":"bus_stop","t":{"name":"725 Potter Street","highway":"bus_stop","bus":"yes"}}},
{"type":"Feature","geometry":{"type":"Point","coordinates":[-122.295156,37.852292]},"properties":{"id":"n7267023309","k":"bus_stop","t":{"name":"700 Heinz Avenue","highway":"bus_stop","bus":"yes"}}},
{"type":"Feature","geometry":{"type":"Point","coordinates":[-122.291408,37.851411]},"properties":{"id":"n7267023313","k":"bus_stop","t":{"name":"Potter Street & 7th Street","highway":"bus_stop","bus":"yes"}}},
{"type":"Feature","geometry":{"type":"Point","coordinates":[-122.292177,37.853494]},"properties":{"id":"n7267023315","k":"bus_stop","t":{"name":"Heinz Avenue & 7th Street","highway":"bus_stop","bus":"yes"}}},
{"type":"Feature","geometry":{"type":"Point","coordinates":[-122.290866,37.857247]},"properties":{"id":"n7267023317","k":"bus_stop","t":{"name":"9th Street & Carleton Street","highway":"bus_stop","bus":"yes"}}},
{"type":"Feature","geometry":{"type":"Point","coordinates":[-122.294902,37.859964]},"properties":{"id":"n7267023319","k":"bus_stop","t":{"name":"Dwight Way & 6th Street","highway":"bus_stop","bus":"yes","shelter":"no"}}},
{"type":"Feature","geometry":{"type":"Point","coordinates":[-122.289974,37.858222]},"properties":{"id":"n7267023321","k":"bus_stop","t":{"name":"2600 10th Street","highway":"bus_stop","bus":"yes"}}},
{"type":"Feature","geometry":{"type":"Point","coordinates":[-122.280572,37.872757]},"properties":{"id":"n7504024264","k":"waste_basket","t":{"amenity":"waste_basket"}}},
{"type":"Feature","geometry":{"type":"Point","coordinates":[-122.280475,37.87271]},"properties":{"id":"n7504032128","k":"bench","t":{"amenity":"bench"}}},
{"type":"Feature","geometry":{"type":"Point","coordinates":[-122.280835,37.873094]},"properties":{"id":"n7519885439","k":"waste_basket","t":{"amenity":"waste_basket"}}},
{"type":"Feature","geometry":{"type":"Point","coordinates":[-122.281419,37.873113]},"properties":{"id":"n7532825234","k":"waste_basket","t":{"amenity":"waste_basket"}}},
{"type":"Feature","geometry":{"type":"Point","coordinates":[-122.317643,37.870211]},"properties":{"id":"n7678661047","k":"waste_basket","t":{"amenity":"waste_basket"}}},
{"type":"Feature","geometry":{"type":"Point","coordinates":[-122.317224,37.870253]},"properties":{"id":"n7678675728","k":"bench","t":{"amenity":"bench"}}},
{"type":"Feature","geometry":{"type":"Point","coordinates":[-122.315957,37.870453]},"properties":{"id":"n7678679554","k":"bench","t":{"amenity":"bench"}}},
{"type":"Feature","geometry":{"type":"Point","coordinates":[-122.317578,37.870218]},"properties":{"id":"n7678693631","k":"bench","t":{"amenity":"bench"}}},
{"type":"Feature","geometry":{"type":"Point","coordinates":[-122.31674,37.870344]},"properties":{"id":"n7678700919","k":"waste_basket","t":{"amenity":"waste_basket"}}},
{"type":"Feature","geometry":{"type":"Point","coordinates":[-122.283757,37.861965]},"properties":{"id":"n7681407592","k":"hydrant","t":{"emergency":"fire_hydrant"}}},
{"type":"Feature","geometry":{"type":"Point","coordinates":[-122.287405,37.861275]},"properties":{"id":"n7681411460","k":"hydrant","t":{"emergency":"fire_hydrant"}}},
{"type":"Feature","geometry":{"type":"Point","coordinates":[-122.294034,37.860304]},"properties":{"id":"n7681413959","k":"hydrant","t":{"emergency":"fire_hydrant"}}},
{"type":"Feature","geometry":{"type":"Point","coordinates":[-122.296191,37.863634]},"properties":{"id":"n7681420894","k":"hydrant","t":{"emergency":"fire_hydrant"}}},
{"type":"Feature","geometry":{"type":"Point","coordinates":[-122.298883,37.850196]},"properties":{"id":"n7779421738","k":"signal","t":{"highway":"traffic_signals"}}},
{"type":"Feature","geometry":{"type":"Point","coordinates":[-122.28386,37.867172]},"properties":{"id":"n7844097377","k":"hydrant","t":{"emergency":"fire_hydrant"}}},
{"type":"Feature","geometry":{"type":"Point","coordinates":[-122.286165,37.868841]},"properties":{"id":"n7844118075","k":"hydrant","t":{"emergency":"fire_hydrant"}}},
{"type":"Feature","geometry":{"type":"Point","coordinates":[-122.285373,37.866971]},"properties":{"id":"n7844123206","k":"hydrant","t":{"emergency":"fire_hydrant"}}},
{"type":"Feature","geometry":{"type":"Point","coordinates":[-122.281834,37.867427]},"properties":{"id":"n7844125255","k":"hydrant","t":{"emergency":"fire_hydrant"}}},
{"type":"Feature","geometry":{"type":"Point","coordinates":[-122.289391,37.86957]},"properties":{"id":"n7850814304","k":"post_box","t":{"amenity":"post_box"}}},
{"type":"Feature","geometry":{"type":"Point","coordinates":[-122.284541,37.857437]},"properties":{"id":"n7863316401","k":"post_box","t":{"amenity":"post_box"}}},
{"type":"Feature","geometry":{"type":"Point","coordinates":[-122.299773,37.860802]},"properties":{"id":"n7932842554","k":"bicycle_parking","t":{"amenity":"bicycle_parking","capacity":"3"}}},
{"type":"Feature","geometry":{"type":"Point","coordinates":[-122.29235,37.855372]},"properties":{"id":"n8048751985","k":"post_box","t":{"amenity":"post_box","operator":"United States Postal Service"}}},
{"type":"Feature","geometry":{"type":"Point","coordinates":[-122.291618,37.867851]},"properties":{"id":"n8131972582","k":"post_box","t":{"amenity":"post_box"}}},
{"type":"Feature","geometry":{"type":"Point","coordinates":[-122.289435,37.859951]},"properties":{"id":"n8235989482","k":"recycling","t":{"name":"Ecology Center Store","amenity":"recycling"}}},
{"type":"Feature","geometry":{"type":"Point","coordinates":[-122.299199,37.868534]},"properties":{"id":"n8275131379","k":"bicycle_parking","t":{"access":"yes","amenity":"bicycle_parking","capacity":"10"}}},
{"type":"Feature","geometry":{"type":"Point","coordinates":[-122.292033,37.853609]},"properties":{"id":"n8827509066","k":"post_box","t":{"name":"UPS","amenity":"post_box"}}},
{"type":"Feature","geometry":{"type":"Point","coordinates":[-122.297275,37.879905]},"properties":{"id":"n8868957313","k":"bicycle_parking","t":{"amenity":"bicycle_parking","capacity":"10"}}},
{"type":"Feature","geometry":{"type":"Point","coordinates":[-122.314651,37.864261]},"properties":{"id":"n9063656311","k":"bench","t":{"access":"yes","amenity":"bench"}}},
{"type":"Feature","geometry":{"type":"Point","coordinates":[-122.314916,37.864202]},"properties":{"id":"n9063656312","k":"bench","t":{"access":"yes","amenity":"bench"}}},
{"type":"Feature","geometry":{"type":"Point","coordinates":[-122.315124,37.864162]},"properties":{"id":"n9063656313","k":"bench","t":{"amenity":"bench"}}},
{"type":"Feature","geometry":{"type":"Point","coordinates":[-122.315343,37.864118]},"properties":{"id":"n9063656314","k":"bench","t":{"access":"yes","amenity":"bench"}}},
{"type":"Feature","geometry":{"type":"Point","coordinates":[-122.315982,37.864012]},"properties":{"id":"n9063656315","k":"bench","t":{"amenity":"bench"}}},
{"type":"Feature","geometry":{"type":"Point","coordinates":[-122.312055,37.864106]},"properties":{"id":"n9063682149","k":"crossing","t":{"crossing":"uncontrolled","highway":"crossing"}}},
{"type":"Feature","geometry":{"type":"Point","coordinates":[-122.312125,37.864251]},"properties":{"id":"n9063682151","k":"crossing","t":{"crossing":"uncontrolled","highway":"crossing"}}},
{"type":"Feature","geometry":{"type":"Point","coordinates":[-122.313089,37.863841]},"properties":{"id":"n9063682152","k":"crossing","t":{"crossing":"uncontrolled","highway":"crossing"}}},
{"type":"Feature","geometry":{"type":"Point","coordinates":[-122.313189,37.863895]},"properties":{"id":"n9063682153","k":"crossing","t":{"crossing":"uncontrolled","highway":"crossing"}}},
{"type":"Feature","geometry":{"type":"Point","coordinates":[-122.313132,37.863984]},"properties":{"id":"n9063682154","k":"crossing","t":{"crossing":"uncontrolled","highway":"crossing"}}},
{"type":"Feature","geometry":{"type":"Point","coordinates":[-122.314204,37.863617]},"properties":{"id":"n9063682155","k":"crossing","t":{"crossing":"uncontrolled","highway":"crossing"}}},
{"type":"Feature","geometry":{"type":"Point","coordinates":[-122.314153,37.863701]},"properties":{"id":"n9063682156","k":"crossing","t":{"crossing":"uncontrolled","highway":"crossing"}}},
{"type":"Feature","geometry":{"type":"Point","coordinates":[-122.314254,37.863751]},"properties":{"id":"n9063682157","k":"crossing","t":{"crossing":"uncontrolled","highway":"crossing"}}},
{"type":"Feature","geometry":{"type":"Point","coordinates":[-122.315325,37.863461]},"properties":{"id":"n9063682158","k":"crossing","t":{"crossing":"uncontrolled","highway":"crossing"}}},
{"type":"Feature","geometry":{"type":"Point","coordinates":[-122.301214,37.856791]},"properties":{"id":"n9118890713","k":"manhole","t":{"man_made":"manhole"}}},
{"type":"Feature","geometry":{"type":"Point","coordinates":[-122.312138,37.864266]},"properties":{"id":"n9121618898","k":"bollard","t":{"barrier":"bollard"}}},
{"type":"Feature","geometry":{"type":"Point","coordinates":[-122.312929,37.864599]},"properties":{"id":"n9121618899","k":"charging_station","t":{"name":"ChargePoint","amenity":"charging_station","capacity":"2"}}},
{"type":"Feature","geometry":{"type":"Point","coordinates":[-122.313083,37.863822]},"properties":{"id":"n9122833075","k":"signal","t":{"highway":"stop"}}},
{"type":"Feature","geometry":{"type":"Point","coordinates":[-122.31241,37.863492]},"properties":{"id":"n9130487379","k":"crossing","t":{"highway":"crossing"}}},
{"type":"Feature","geometry":{"type":"Point","coordinates":[-122.312479,37.863695]},"properties":{"id":"n9130487380","k":"crossing","t":{"highway":"crossing"}}},
{"type":"Feature","geometry":{"type":"Point","coordinates":[-122.289112,37.851675]},"properties":{"id":"n9239156778","k":"signal","t":{"highway":"traffic_signals"}}},
{"type":"Feature","geometry":{"type":"Point","coordinates":[-122.286067,37.850029]},"properties":{"id":"n9394151527","k":"crossing","t":{"crossing":"traffic_signals","highway":"crossing"}}},
{"type":"Feature","geometry":{"type":"Point","coordinates":[-122.285952,37.850072]},"properties":{"id":"n9394151531","k":"crossing","t":{"crossing":"traffic_signals","highway":"crossing"}}},
{"type":"Feature","geometry":{"type":"Point","coordinates":[-122.286476,37.850939]},"properties":{"id":"n9394151572","k":"signal","t":{"highway":"stop"}}},
{"type":"Feature","geometry":{"type":"Point","coordinates":[-122.291784,37.850198]},"properties":{"id":"n9401978353","k":"crossing","t":{"crossing":"uncontrolled","highway":"crossing"}}},
{"type":"Feature","geometry":{"type":"Point","coordinates":[-122.291799,37.850378]},"properties":{"id":"n9401978389","k":"crossing","t":{"crossing":"uncontrolled","highway":"crossing"}}},
{"type":"Feature","geometry":{"type":"Point","coordinates":[-122.289265,37.851237]},"properties":{"id":"n9401978450","k":"crossing","t":{"crossing":"uncontrolled","highway":"crossing"}}},
{"type":"Feature","geometry":{"type":"Point","coordinates":[-122.297355,37.880637]},"properties":{"id":"n9433476587","k":"charging_station","t":{"name":"eVgo","amenity":"charging_station","capacity":"10","operator":"EVgo"}}},
{"type":"Feature","geometry":{"type":"Point","coordinates":[-122.304839,37.871145]},"properties":{"id":"n9441350599","k":"manhole","t":{"man_made":"manhole"}}},
{"type":"Feature","geometry":{"type":"Point","coordinates":[-122.30551,37.874165]},"properties":{"id":"n9441359423","k":"crossing","t":{"crossing":"uncontrolled","highway":"crossing"}}},
{"type":"Feature","geometry":{"type":"Point","coordinates":[-122.305488,37.874169]},"properties":{"id":"n9441359424","k":"signal","t":{"highway":"stop"}}},
{"type":"Feature","geometry":{"type":"Point","coordinates":[-122.305842,37.875346]},"properties":{"id":"n9441359437","k":"signal","t":{"highway":"stop"}}},
{"type":"Feature","geometry":{"type":"Point","coordinates":[-122.306955,37.880917]},"properties":{"id":"n9441359554","k":"crossing","t":{"crossing":"uncontrolled","highway":"crossing"}}},
{"type":"Feature","geometry":{"type":"Point","coordinates":[-122.306894,37.881061]},"properties":{"id":"n9441359562","k":"crossing","t":{"crossing":"uncontrolled","highway":"crossing"}}},
{"type":"Feature","geometry":{"type":"Point","coordinates":[-122.288521,37.878103]},"properties":{"id":"n9589956368","k":"bicycle_parking","t":{"amenity":"bicycle_parking","capacity":"2"}}},
{"type":"Feature","geometry":{"type":"Point","coordinates":[-122.288724,37.878224]},"properties":{"id":"n9589956369","k":"bicycle_parking","t":{"amenity":"bicycle_parking","capacity":"2"}}},
{"type":"Feature","geometry":{"type":"Point","coordinates":[-122.285386,37.879741]},"properties":{"id":"n9589956403","k":"signal","t":{"highway":"stop"}}},
{"type":"Feature","geometry":{"type":"Point","coordinates":[-122.285839,37.879722]},"properties":{"id":"n9589956404","k":"signal","t":{"highway":"stop"}}},
{"type":"Feature","geometry":{"type":"Point","coordinates":[-122.283665,37.88191]},"properties":{"id":"n9589956406","k":"signal","t":{"highway":"stop"}}},
{"type":"Feature","geometry":{"type":"Point","coordinates":[-122.282729,37.881357]},"properties":{"id":"n9589956473","k":"signal","t":{"highway":"stop"}}},
{"type":"Feature","geometry":{"type":"Point","coordinates":[-122.281148,37.881976]},"properties":{"id":"n9589956494","k":"signal","t":{"highway":"stop"}}},
{"type":"Feature","geometry":{"type":"Point","coordinates":[-122.305279,37.864698]},"properties":{"id":"n9595774595","k":"charging_station","t":{"name":"Chargepoint","amenity":"charging_station"}}},
{"type":"Feature","geometry":{"type":"Point","coordinates":[-122.301976,37.872578]},"properties":{"id":"n9656737791","k":"tree","t":{"natural":"tree"}}},
{"type":"Feature","geometry":{"type":"Point","coordinates":[-122.289274,37.88011]},"properties":{"id":"n9811691036","k":"bollard","t":{"barrier":"bollard"}}},
{"type":"Feature","geometry":{"type":"Point","coordinates":[-122.300656,37.862609]},"properties":{"id":"n9829133637","k":"kerb:flush","t":{"kerb":"flush","barrier":"kerb"}}},
{"type":"Feature","geometry":{"type":"Point","coordinates":[-122.28519,37.87367]},"properties":{"id":"n9830199029","k":"hydrant","t":{"emergency":"fire_hydrant"}}},
{"type":"Feature","geometry":{"type":"Point","coordinates":[-122.300223,37.86898]},"properties":{"id":"n9880246880","k":"kerb:lowered","t":{"kerb":"lowered","tactile_paving":"yes","barrier":"kerb"}}},
{"type":"Feature","geometry":{"type":"Point","coordinates":[-122.300433,37.868938]},"properties":{"id":"n9880246883","k":"kerb:lowered","t":{"kerb":"lowered","tactile_paving":"yes","barrier":"kerb"}}},
{"type":"Feature","geometry":{"type":"Point","coordinates":[-122.299299,37.869202]},"properties":{"id":"n9880298724","k":"crossing","t":{"crossing":"uncontrolled","highway":"crossing"}}},
{"type":"Feature","geometry":{"type":"Point","coordinates":[-122.299521,37.866336]},"properties":{"id":"n9880298746","k":"kerb:flush","t":{"kerb":"flush","tactile_paving":"yes","wheelchair":"yes","barrier":"kerb"}}},
{"type":"Feature","geometry":{"type":"Point","coordinates":[-122.299532,37.866196]},"properties":{"id":"n9880298748","k":"kerb:lowered","t":{"kerb":"lowered","tactile_paving":"yes","wheelchair":"yes","barrier":"kerb"}}},
{"type":"Feature","geometry":{"type":"Point","coordinates":[-122.299445,37.866214]},"properties":{"id":"n9880298749","k":"crossing","t":{"crossing":"uncontrolled","highway":"crossing"}}},
{"type":"Feature","geometry":{"type":"Point","coordinates":[-122.299565,37.866305]},"properties":{"id":"n9880298750","k":"kerb:flush","t":{"kerb":"flush","tactile_paving":"yes","wheelchair":"yes","barrier":"kerb"}}},
{"type":"Feature","geometry":{"type":"Point","coordinates":[-122.29955,37.866256]},"properties":{"id":"n9880298751","k":"crossing","t":{"crossing":"uncontrolled","highway":"crossing"}}},
{"type":"Feature","geometry":{"type":"Point","coordinates":[-122.299885,37.867367]},"properties":{"id":"n9880298760","k":"kerb:lowered","t":{"kerb":"lowered","tactile_paving":"yes","barrier":"kerb"}}},
{"type":"Feature","geometry":{"type":"Point","coordinates":[-122.299841,37.86717]},"properties":{"id":"n9880298765","k":"kerb:lowered","t":{"kerb":"lowered","tactile_paving":"yes","wheelchair":"yes","barrier":"kerb"}}},
{"type":"Feature","geometry":{"type":"Point","coordinates":[-122.299822,37.867102]},"properties":{"id":"n9880298766","k":"kerb:lowered","t":{"kerb":"lowered","tactile_paving":"yes","wheelchair":"yes","barrier":"kerb"}}},
{"type":"Feature","geometry":{"type":"Point","coordinates":[-122.300772,37.870048]},"properties":{"id":"n9880298788","k":"kerb:flush","t":{"kerb":"flush","barrier":"kerb"}}},
{"type":"Feature","geometry":{"type":"Point","coordinates":[-122.299393,37.869066]},"properties":{"id":"n9880298823","k":"crossing","t":{"crossing":"uncontrolled","highway":"crossing"}}},
{"type":"Feature","geometry":{"type":"Point","coordinates":[-122.300023,37.868144]},"properties":{"id":"n9880298825","k":"kerb:flush","t":{"kerb":"flush","tactile_paving":"yes","barrier":"kerb"}}},
{"type":"Feature","geometry":{"type":"Point","coordinates":[-122.286407,37.867434]},"properties":{"id":"n9907867293","k":"waste_basket","t":{"amenity":"waste_basket","operator":"City of Berkeley"}}},
{"type":"Feature","geometry":{"type":"Point","coordinates":[-122.286329,37.866833]},"properties":{"id":"n9907867294","k":"waste_basket","t":{"amenity":"waste_basket","operator":"City of Berkeley"}}},
{"type":"Feature","geometry":{"type":"Point","coordinates":[-122.286251,37.868742]},"properties":{"id":"n9907867295","k":"waste_basket","t":{"amenity":"waste_basket","operator":"City of Berkeley"}}},
{"type":"Feature","geometry":{"type":"Point","coordinates":[-122.282136,37.870258]},"properties":{"id":"n9907945719","k":"waste_basket","t":{"amenity":"waste_basket","operator":"City of Berkeley"}}},
{"type":"Feature","geometry":{"type":"Point","coordinates":[-122.284061,37.870028]},"properties":{"id":"n9907945720","k":"waste_basket","t":{"amenity":"waste_basket","operator":"City of Berkeley"}}},
{"type":"Feature","geometry":{"type":"Point","coordinates":[-122.302575,37.868331]},"properties":{"id":"n9908989466","k":"crossing","t":{"crossing":"uncontrolled","railway":"crossing"}}},
{"type":"Feature","geometry":{"type":"Point","coordinates":[-122.302471,37.868365]},"properties":{"id":"n9908989477","k":"crossing","t":{"crossing":"uncontrolled","railway":"crossing"}}},
{"type":"Feature","geometry":{"type":"Point","coordinates":[-122.304759,37.866409]},"properties":{"id":"n9909069667","k":"kerb:raised","t":{"kerb":"raised","barrier":"kerb"}}},
{"type":"Feature","geometry":{"type":"Point","coordinates":[-122.304858,37.866407]},"properties":{"id":"n9909069684","k":"kerb:raised","t":{"kerb":"raised","barrier":"kerb"}}},
{"type":"Feature","geometry":{"type":"Point","coordinates":[-122.30538,37.866259]},"properties":{"id":"n9909069687","k":"kerb:raised","t":{"kerb":"raised","barrier":"kerb"}}},
{"type":"Feature","geometry":{"type":"Point","coordinates":[-122.305065,37.866396]},"properties":{"id":"n9909069698","k":"kerb:raised","t":{"kerb":"raised","barrier":"kerb"}}},
{"type":"Feature","geometry":{"type":"Point","coordinates":[-122.305122,37.866379]},"properties":{"id":"n9909069699","k":"kerb:raised","t":{"kerb":"raised","barrier":"kerb"}}},
{"type":"Feature","geometry":{"type":"Point","coordinates":[-122.305587,37.866177]},"properties":{"id":"n9909069701","k":"kerb:lowered","t":{"kerb":"lowered","tactile_paving":"yes","barrier":"kerb"}}},
{"type":"Feature","geometry":{"type":"Point","coordinates":[-122.305498,37.866216]},"properties":{"id":"n9909069703","k":"crossing","t":{"crossing":"uncontrolled","highway":"crossing"}}},
{"type":"Feature","geometry":{"type":"Point","coordinates":[-122.305092,37.866388]},"properties":{"id":"n9909069704","k":"crossing","t":{"crossing":"unmarked","wheelchair":"no","highway":"crossing"}}},
{"type":"Feature","geometry":{"type":"Point","coordinates":[-122.281556,37.876906]},"properties":{"id":"n9935285305","k":"signal","t":{"highway":"stop"}}},
{"type":"Feature","geometry":{"type":"Point","coordinates":[-122.281779,37.8781]},"properties":{"id":"n9935285306","k":"crossing","t":{"crossing":"uncontrolled","highway":"crossing"}}},
{"type":"Feature","geometry":{"type":"Point","coordinates":[-122.281613,37.878131]},"properties":{"id":"n9935285307","k":"crossing","t":{"crossing":"uncontrolled","highway":"crossing"}}},
{"type":"Feature","geometry":{"type":"Point","coordinates":[-122.280553,37.878477]},"properties":{"id":"n9935285308","k":"signal","t":{"highway":"stop"}}},
{"type":"Feature","geometry":{"type":"Point","coordinates":[-122.280574,37.878463]},"properties":{"id":"n9935285309","k":"crossing","t":{"crossing":"uncontrolled","highway":"crossing"}}},
{"type":"Feature","geometry":{"type":"Point","coordinates":[-122.280745,37.878352]},"properties":{"id":"n9935285310","k":"crossing","t":{"crossing":"uncontrolled","highway":"crossing"}}},
{"type":"Feature","geometry":{"type":"Point","coordinates":[-122.280477,37.877595]},"properties":{"id":"n9935285311","k":"crossing","t":{"crossing":"uncontrolled","highway":"crossing"}}},
{"type":"Feature","geometry":{"type":"Point","coordinates":[-122.283889,37.873604]},"properties":{"id":"n9935332656","k":"signal","t":{"highway":"stop"}}},
{"type":"Feature","geometry":{"type":"Point","coordinates":[-122.283765,37.873614]},"properties":{"id":"n9935332657","k":"signal","t":{"highway":"stop"}}},
{"type":"Feature","geometry":{"type":"Point","coordinates":[-122.283437,37.87375]},"properties":{"id":"n9935332658","k":"bicycle_parking","t":{"amenity":"bicycle_parking","capacity":"16"}}},
{"type":"Feature","geometry":{"type":"Point","coordinates":[-122.28326,37.87374]},"properties":{"id":"n9935332659","k":"bicycle_parking","t":{"amenity":"bicycle_parking","capacity":"4"}}},
{"type":"Feature","geometry":{"type":"Point","coordinates":[-122.285927,37.875122]},"properties":{"id":"n9935349817","k":"signal","t":{"highway":"stop"}}},
{"type":"Feature","geometry":{"type":"Point","coordinates":[-122.285357,37.874586]},"properties":{"id":"n9935349818","k":"signal","t":{"highway":"stop"}}},
{"type":"Feature","geometry":{"type":"Point","coordinates":[-122.286667,37.874422]},"properties":{"id":"n9935349819","k":"signal","t":{"highway":"stop"}}},
{"type":"Feature","geometry":{"type":"Point","coordinates":[-122.289202,37.874097]},"properties":{"id":"n9935349820","k":"signal","t":{"highway":"stop"}}},
{"type":"Feature","geometry":{"type":"Point","coordinates":[-122.290915,37.873874]},"properties":{"id":"n9935349821","k":"signal","t":{"highway":"stop"}}},
{"type":"Feature","geometry":{"type":"Point","coordinates":[-122.29169,37.873692]},"properties":{"id":"n9935349822","k":"crossing","t":{"crossing":"uncontrolled","highway":"crossing"}}},
{"type":"Feature","geometry":{"type":"Point","coordinates":[-122.292632,37.873657]},"properties":{"id":"n9935349824","k":"signal","t":{"highway":"stop"}}},
{"type":"Feature","geometry":{"type":"Point","coordinates":[-122.29346,37.873369]},"properties":{"id":"n9935349825","k":"signal","t":{"highway":"traffic_signals"}}},
{"type":"Feature","geometry":{"type":"Point","coordinates":[-122.29366,37.873577]},"properties":{"id":"n9935349826","k":"signal","t":{"highway":"traffic_signals"}}},
{"type":"Feature","geometry":{"type":"Point","coordinates":[-122.28493,37.874563]},"properties":{"id":"n9935349831","k":"signal","t":{"highway":"stop"}}},
{"type":"Feature","geometry":{"type":"Point","coordinates":[-122.282343,37.873786]},"properties":{"id":"n9935349834","k":"tree","t":{"natural":"tree"}}},
{"type":"Feature","geometry":{"type":"Point","coordinates":[-122.28249,37.875076]},"properties":{"id":"n9935349835","k":"tree","t":{"natural":"tree"}}},
{"type":"Feature","geometry":{"type":"Point","coordinates":[-122.282505,37.875181]},"properties":{"id":"n9935349836","k":"tree","t":{"natural":"tree"}}},
{"type":"Feature","geometry":{"type":"Point","coordinates":[-122.282518,37.875263]},"properties":{"id":"n9935349837","k":"tree","t":{"natural":"tree"}}},
{"type":"Feature","geometry":{"type":"Point","coordinates":[-122.28252,37.875322]},"properties":{"id":"n9935349838","k":"tree","t":{"natural":"tree"}}},
{"type":"Feature","geometry":{"type":"Point","coordinates":[-122.282531,37.875385]},"properties":{"id":"n9935349839","k":"tree","t":{"natural":"tree"}}},
{"type":"Feature","geometry":{"type":"Point","coordinates":[-122.282544,37.875462]},"properties":{"id":"n9935349840","k":"tree","t":{"natural":"tree"}}},
{"type":"Feature","geometry":{"type":"Point","coordinates":[-122.282544,37.875527]},"properties":{"id":"n9935349841","k":"tree","t":{"natural":"tree"}}},
{"type":"Feature","geometry":{"type":"Point","coordinates":[-122.282587,37.875973]},"properties":{"id":"n9935349842","k":"tree","t":{"natural":"tree"}}},
{"type":"Feature","geometry":{"type":"Point","coordinates":[-122.282602,37.876016]},"properties":{"id":"n9935349843","k":"tree","t":{"natural":"tree"}}},
{"type":"Feature","geometry":{"type":"Point","coordinates":[-122.282614,37.876067]},"properties":{"id":"n9935349844","k":"tree","t":{"natural":"tree"}}},
{"type":"Feature","geometry":{"type":"Point","coordinates":[-122.282657,37.876374]},"properties":{"id":"n9935349845","k":"tree","t":{"natural":"tree"}}},
{"type":"Feature","geometry":{"type":"Point","coordinates":[-122.282663,37.876433]},"properties":{"id":"n9935349846","k":"tree","t":{"natural":"tree"}}},
{"type":"Feature","geometry":{"type":"Point","coordinates":[-122.282672,37.876483]},"properties":{"id":"n9935349847","k":"tree","t":{"natural":"tree"}}},
{"type":"Feature","geometry":{"type":"Point","coordinates":[-122.282679,37.876548]},"properties":{"id":"n9935349848","k":"tree","t":{"natural":"tree"}}},
{"type":"Feature","geometry":{"type":"Point","coordinates":[-122.282681,37.876934]},"properties":{"id":"n9935349849","k":"tree","t":{"natural":"tree"}}},
{"type":"Feature","geometry":{"type":"Point","coordinates":[-122.282687,37.876998]},"properties":{"id":"n9935349850","k":"tree","t":{"natural":"tree"}}},
{"type":"Feature","geometry":{"type":"Point","coordinates":[-122.282693,37.877064]},"properties":{"id":"n9935349851","k":"tree","t":{"natural":"tree"}}},
{"type":"Feature","geometry":{"type":"Point","coordinates":[-122.282704,37.877139]},"properties":{"id":"n9935349852","k":"tree","t":{"natural":"tree"}}},
{"type":"Feature","geometry":{"type":"Point","coordinates":[-122.282712,37.877212]},"properties":{"id":"n9935349853","k":"tree","t":{"natural":"tree"}}},
{"type":"Feature","geometry":{"type":"Point","coordinates":[-122.282738,37.877357]},"properties":{"id":"n9935349854","k":"tree","t":{"natural":"tree"}}},
{"type":"Feature","geometry":{"type":"Point","coordinates":[-122.282784,37.877745]},"properties":{"id":"n9935349855","k":"tree","t":{"natural":"tree"}}},
{"type":"Feature","geometry":{"type":"Point","coordinates":[-122.282798,37.877818]},"properties":{"id":"n9935349856","k":"tree","t":{"natural":"tree"}}},
{"type":"Feature","geometry":{"type":"Point","coordinates":[-122.282806,37.877914]},"properties":{"id":"n9935349857","k":"tree","t":{"natural":"tree"}}},
{"type":"Feature","geometry":{"type":"Point","coordinates":[-122.282812,37.87799]},"properties":{"id":"n9935349858","k":"tree","t":{"natural":"tree"}}},
{"type":"Feature","geometry":{"type":"Point","coordinates":[-122.282823,37.878038]},"properties":{"id":"n9935349859","k":"tree","t":{"natural":"tree"}}},
{"type":"Feature","geometry":{"type":"Point","coordinates":[-122.282822,37.878096]},"properties":{"id":"n9935349860","k":"tree","t":{"natural":"tree"}}},
{"type":"Feature","geometry":{"type":"Point","coordinates":[-122.282918,37.873095]},"properties":{"id":"n9935349938","k":"signal","t":{"highway":"stop"}}},
{"type":"Feature","geometry":{"type":"Point","coordinates":[-122.288712,37.8788]},"properties":{"id":"n9935349941","k":"signal","t":{"highway":"stop"}}},
{"type":"Feature","geometry":{"type":"Point","coordinates":[-122.283769,37.87854]},"properties":{"id":"n9935349949","k":"signal","t":{"highway":"stop"}}},
{"type":"Feature","geometry":{"type":"Point","coordinates":[-122.28651,37.877552]},"properties":{"id":"n9935349956","k":"signal","t":{"highway":"stop"}}},
{"type":"Feature","geometry":{"type":"Point","coordinates":[-122.286965,37.877546]},"properties":{"id":"n9935349957","k":"signal","t":{"highway":"stop"}}},
{"type":"Feature","geometry":{"type":"Point","coordinates":[-122.289061,37.876769]},"properties":{"id":"n9935349965","k":"signal","t":{"highway":"stop"}}},
{"type":"Feature","geometry":{"type":"Point","coordinates":[-122.290801,37.876629]},"properties":{"id":"n9935349967","k":"signal","t":{"highway":"stop"}}},
{"type":"Feature","geometry":{"type":"Point","coordinates":[-122.291068,37.876742]},"properties":{"id":"n9935349968","k":"crossing","t":{"crossing":"uncontrolled","highway":"crossing"}}},
{"type":"Feature","geometry":{"type":"Point","coordinates":[-122.290889,37.876555]},"properties":{"id":"n9935349969","k":"crossing","t":{"crossing":"uncontrolled","highway":"crossing"}}},
{"type":"Feature","geometry":{"type":"Point","coordinates":[-122.291439,37.876533]},"properties":{"id":"n9935349970","k":"crossing","t":{"crossing":"uncontrolled","highway":"crossing"}}},
{"type":"Feature","geometry":{"type":"Point","coordinates":[-122.291725,37.876368]},"properties":{"id":"n9935349972","k":"crossing","t":{"crossing":"uncontrolled","highway":"crossing"}}},
{"type":"Feature","geometry":{"type":"Point","coordinates":[-122.282382,37.875801]},"properties":{"id":"n9935349999","k":"signal","t":{"highway":"stop"}}},
{"type":"Feature","geometry":{"type":"Point","coordinates":[-122.28277,37.875837]},"properties":{"id":"n9935350000","k":"signal","t":{"highway":"stop"}}},
{"type":"Feature","geometry":{"type":"Point","coordinates":[-122.283466,37.875702]},"properties":{"id":"n9935350001","k":"signal","t":{"highway":"stop"}}},
{"type":"Feature","geometry":{"type":"Point","coordinates":[-122.284795,37.875229]},"properties":{"id":"n9935350002","k":"signal","t":{"highway":"stop"}}},
{"type":"Feature","geometry":{"type":"Point","coordinates":[-122.286162,37.876217]},"properties":{"id":"n9935350011","k":"signal","t":{"highway":"stop"}}},
{"type":"Feature","geometry":{"type":"Point","coordinates":[-122.286164,37.876234]},"properties":{"id":"n9935350012","k":"crossing","t":{"crossing":"uncontrolled","highway":"crossing"}}},
{"type":"Feature","geometry":{"type":"Point","coordinates":[-122.286695,37.876311]},"properties":{"id":"n9935350013","k":"signal","t":{"highway":"stop"}}},
{"type":"Feature","geometry":{"type":"Point","coordinates":[-122.286693,37.876295]},"properties":{"id":"n9935350014","k":"crossing","t":{"crossing":"uncontrolled","highway":"crossing"}}},
{"type":"Feature","geometry":{"type":"Point","coordinates":[-122.289767,37.87587]},"properties":{"id":"n9935350017","k":"signal","t":{"highway":"stop"}}},
{"type":"Feature","geometry":{"type":"Point","coordinates":[-122.289712,37.875698]},"properties":{"id":"n9935350018","k":"signal","t":{"highway":"stop"}}},
{"type":"Feature","geometry":{"type":"Point","coordinates":[-122.290579,37.875607]},"properties":{"id":"n9935350021","k":"crossing","t":{"crossing":"uncontrolled","highway":"crossing"}}},
{"type":"Feature","geometry":{"type":"Point","coordinates":[-122.290531,37.875681]},"properties":{"id":"n9935350022","k":"crossing","t":{"crossing":"uncontrolled","highway":"crossing"}}},
{"type":"Feature","geometry":{"type":"Point","coordinates":[-122.290621,37.875739]},"properties":{"id":"n9935350023","k":"crossing","t":{"crossing":"uncontrolled","highway":"crossing"}}},
{"type":"Feature","geometry":{"type":"Point","coordinates":[-122.291488,37.875646]},"properties":{"id":"n9935350024","k":"signal","t":{"highway":"stop"}}},
{"type":"Feature","geometry":{"type":"Point","coordinates":[-122.291435,37.875477]},"properties":{"id":"n9935350025","k":"signal","t":{"highway":"stop"}}},
{"type":"Feature","geometry":{"type":"Point","coordinates":[-122.291441,37.875495]},"properties":{"id":"n9935350026","k":"crossing","t":{"crossing":"uncontrolled","highway":"crossing"}}},
{"type":"Feature","geometry":{"type":"Point","coordinates":[-122.291535,37.875553]},"properties":{"id":"n9935350027","k":"crossing","t":{"crossing":"uncontrolled","highway":"crossing"}}},
{"type":"Feature","geometry":{"type":"Point","coordinates":[-122.291484,37.875632]},"properties":{"id":"n9935350028","k":"crossing","t":{"crossing":"uncontrolled","highway":"crossing"}}},
{"type":"Feature","geometry":{"type":"Point","coordinates":[-122.292341,37.875517]},"properties":{"id":"n9935350029","k":"crossing","t":{"crossing":"uncontrolled","highway":"crossing"}}},
{"type":"Feature","geometry":{"type":"Point","coordinates":[-122.292299,37.875387]},"properties":{"id":"n9935350030","k":"crossing","t":{"crossing":"uncontrolled","tactile_paving":"yes","highway":"crossing"}}},
{"type":"Feature","geometry":{"type":"Point","coordinates":[-122.292247,37.875462]},"properties":{"id":"n9935350031","k":"crossing","t":{"crossing":"uncontrolled","tactile_paving":"yes","highway":"crossing"}}},
{"type":"Feature","geometry":{"type":"Point","coordinates":[-122.293496,37.876595]},"properties":{"id":"n9935350032","k":"signal","t":{"highway":"stop"}}},
{"type":"Feature","geometry":{"type":"Point","coordinates":[-122.293659,37.876561]},"properties":{"id":"n9935350033","k":"signal","t":{"highway":"stop"}}},
{"type":"Feature","geometry":{"type":"Point","coordinates":[-122.293636,37.876566]},"properties":{"id":"n9935350034","k":"crossing","t":{"crossing":"uncontrolled","highway":"crossing"}}},
{"type":"Feature","geometry":{"type":"Point","coordinates":[-122.293595,37.876638]},"properties":{"id":"n9935350035","k":"crossing","t":{"crossing":"uncontrolled","highway":"crossing"}}},
{"type":"Feature","geometry":{"type":"Point","coordinates":[-122.293519,37.87659]},"properties":{"id":"n9935350036","k":"crossing","t":{"crossing":"uncontrolled","highway":"crossing"}}},
{"type":"Feature","geometry":{"type":"Point","coordinates":[-122.293556,37.876518]},"properties":{"id":"n9935350037","k":"crossing","t":{"crossing":"uncontrolled","highway":"crossing"}}},
{"type":"Feature","geometry":{"type":"Point","coordinates":[-122.292809,37.876734]},"properties":{"id":"n9935350038","k":"crossing","t":{"crossing":"uncontrolled","highway":"crossing"}}},
{"type":"Feature","geometry":{"type":"Point","coordinates":[-122.29433,37.876425]},"properties":{"id":"n9935350041","k":"signal","t":{"highway":"stop"}}},
{"type":"Feature","geometry":{"type":"Point","coordinates":[-122.294676,37.876355]},"properties":{"id":"n9935350042","k":"signal","t":{"highway":"stop"}}},
{"type":"Feature","geometry":{"type":"Point","coordinates":[-122.305171,37.872994]},"properties":{"id":"n9935474554","k":"signal","t":{"highway":"stop"}}},
{"type":"Feature","geometry":{"type":"Point","coordinates":[-122.301865,37.873736]},"properties":{"id":"n9935474555","k":"crossing","t":{"crossing":"uncontrolled","kerb":"lowered","tactile_paving":"yes","highway":"crossing"}}},
{"type":"Feature","geometry":{"type":"Point","coordinates":[-122.301759,37.873679]},"properties":{"id":"n9935474556","k":"crossing","t":{"crossing":"uncontrolled","kerb":"lowered","tactile_paving":"yes","highway":"crossing"}}},
{"type":"Feature","geometry":{"type":"Point","coordinates":[-122.300775,37.873787]},"properties":{"id":"n9935474557","k":"signal","t":{"highway":"stop"}}},
{"type":"Feature","geometry":{"type":"Point","coordinates":[-122.300829,37.873955]},"properties":{"id":"n9935474558","k":"signal","t":{"highway":"stop"}}},
{"type":"Feature","geometry":{"type":"Point","coordinates":[-122.30078,37.873802]},"properties":{"id":"n9935474559","k":"crossing","t":{"crossing":"uncontrolled","highway":"crossing"}}},
{"type":"Feature","geometry":{"type":"Point","coordinates":[-122.297479,37.874457]},"properties":{"id":"n9935474560","k":"signal","t":{"highway":"stop"}}},
{"type":"Feature","geometry":{"type":"Point","coordinates":[-122.297533,37.874626]},"properties":{"id":"n9935474561","k":"signal","t":{"highway":"stop"}}},
{"type":"Feature","geometry":{"type":"Point","coordinates":[-122.298641,37.874401]},"properties":{"id":"n9935474564","k":"signal","t":{"highway":"stop"}}},
{"type":"Feature","geometry":{"type":"Point","coordinates":[-122.298587,37.874231]},"properties":{"id":"n9935474565","k":"signal","t":{"highway":"stop"}}},
{"type":"Feature","geometry":{"type":"Point","coordinates":[-122.298593,37.874249]},"properties":{"id":"n9935474566","k":"crossing","t":{"crossing":"uncontrolled","highway":"crossing"}}},
{"type":"Feature","geometry":{"type":"Point","coordinates":[-122.298532,37.874334]},"properties":{"id":"n9935474567","k":"crossing","t":{"crossing":"uncontrolled","highway":"crossing"}}},
{"type":"Feature","geometry":{"type":"Point","coordinates":[-122.298636,37.874383]},"properties":{"id":"n9935474568","k":"crossing","t":{"crossing":"uncontrolled","highway":"crossing"}}},
{"type":"Feature","geometry":{"type":"Point","coordinates":[-122.297484,37.874472]},"properties":{"id":"n9935474571","k":"crossing","t":{"crossing":"uncontrolled","highway":"crossing"}}},
{"type":"Feature","geometry":{"type":"Point","coordinates":[-122.297587,37.874524]},"properties":{"id":"n9935474572","k":"crossing","t":{"crossing":"uncontrolled","highway":"crossing"}}},
{"type":"Feature","geometry":{"type":"Point","coordinates":[-122.297527,37.874608]},"properties":{"id":"n9935474573","k":"crossing","t":{"crossing":"uncontrolled","highway":"crossing"}}},
{"type":"Feature","geometry":{"type":"Point","coordinates":[-122.296425,37.874849]},"properties":{"id":"n9935474574","k":"signal","t":{"highway":"stop"}}},
{"type":"Feature","geometry":{"type":"Point","coordinates":[-122.29637,37.874681]},"properties":{"id":"n9935474575","k":"signal","t":{"highway":"stop"}}},
{"type":"Feature","geometry":{"type":"Point","coordinates":[-122.29649,37.874778]},"properties":{"id":"n9935474579","k":"crossing","t":{"crossing":"uncontrolled","highway":"crossing"}}},
{"type":"Feature","geometry":{"type":"Point","coordinates":[-122.296318,37.874813]},"properties":{"id":"n9935474580","k":"crossing","t":{"crossing":"uncontrolled","highway":"crossing"}}},
{"type":"Feature","geometry":{"type":"Point","coordinates":[-122.295312,37.875056]},"properties":{"id":"n9935474598","k":"crossing","t":{"crossing":"uncontrolled","highway":"crossing"}}},
{"type":"Feature","geometry":{"type":"Point","coordinates":[-122.295267,37.874921]},"properties":{"id":"n9935474599","k":"crossing","t":{"crossing":"uncontrolled","highway":"crossing"}}},
{"type":"Feature","geometry":{"type":"Point","coordinates":[-122.295373,37.87497]},"properties":{"id":"n9935474600","k":"crossing","t":{"crossing":"uncontrolled","highway":"crossing"}}},
{"type":"Feature","geometry":{"type":"Point","coordinates":[-122.280599,37.861378]},"properties":{"id":"n9936541510","k":"signal","t":{"highway":"stop"}}},
{"type":"Feature","geometry":{"type":"Point","coordinates":[-122.280986,37.861328]},"properties":{"id":"n9936541511","k":"signal","t":{"highway":"stop"}}},
{"type":"Feature","geometry":{"type":"Point","coordinates":[-122.283049,37.860981]},"properties":{"id":"n9936541524","k":"signal","t":{"highway":"stop"}}},
{"type":"Feature","geometry":{"type":"Point","coordinates":[-122.282959,37.861074]},"properties":{"id":"n9936541525","k":"signal","t":{"highway":"stop"}}},
{"type":"Feature","geometry":{"type":"Point","coordinates":[-122.283078,37.861137]},"properties":{"id":"n9936541526","k":"signal","t":{"highway":"stop"}}},
{"type":"Feature","geometry":{"type":"Point","coordinates":[-122.283157,37.861048]},"properties":{"id":"n9936541527","k":"signal","t":{"highway":"stop"}}},
{"type":"Feature","geometry":{"type":"Point","coordinates":[-122.282129,37.862133]},"properties":{"id":"n9936541528","k":"crossing","t":{"crossing":"uncontrolled","kerb":"lowered","tactile_paving":"yes","highway":"crossing"}}},
{"type":"Feature","geometry":{"type":"Point","coordinates":[-122.283087,37.86201]},"properties":{"id":"n9936541529","k":"crossing","t":{"crossing":"uncontrolled","kerb":"lowered","tactile_paving":"yes","highway":"crossing"}}},
{"type":"Feature","geometry":{"type":"Point","coordinates":[-122.283986,37.861887]},"properties":{"id":"n9936541530","k":"bench","t":{"amenity":"bench"}}},
{"type":"Feature","geometry":{"type":"Point","coordinates":[-122.283974,37.86177]},"properties":{"id":"n9936541531","k":"bench","t":{"amenity":"bench"}}},
{"type":"Feature","geometry":{"type":"Point","coordinates":[-122.283819,37.86192]},"properties":{"id":"n9936541532","k":"crossing","t":{"crossing":"uncontrolled","kerb":"lowered","tactile_paving":"yes","highway":"crossing"}}},
{"type":"Feature","geometry":{"type":"Point","coordinates":[-122.283726,37.861862]},"properties":{"id":"n9936541533","k":"crossing","t":{"crossing":"uncontrolled","kerb":"lowered","tactile_paving":"yes","highway":"crossing"}}},
{"type":"Feature","geometry":{"type":"Point","coordinates":[-122.284638,37.861812]},"properties":{"id":"n9936541543","k":"crossing","t":{"crossing":"uncontrolled","kerb":"lowered","tactile_paving":"yes","highway":"crossing"}}},
{"type":"Feature","geometry":{"type":"Point","coordinates":[-122.285479,37.86157]},"properties":{"id":"n9936541545","k":"crossing","t":{"crossing":"uncontrolled","kerb":"lowered","tactile_paving":"yes","highway":"crossing"}}},
{"type":"Feature","geometry":{"type":"Point","coordinates":[-122.285862,37.861652]},"properties":{"id":"n9936541546","k":"crossing","t":{"crossing":"uncontrolled","kerb":"lowered","tactile_paving":"yes","highway":"crossing"}}},
{"type":"Feature","geometry":{"type":"Point","coordinates":[-122.286887,37.861536]},"properties":{"id":"n9936541547","k":"signal","t":{"highway":"stop"}}},
{"type":"Feature","geometry":{"type":"Point","coordinates":[-122.286883,37.861516]},"properties":{"id":"n9936541548","k":"crossing","t":{"crossing":"uncontrolled","kerb":"lowered","tactile_paving":"yes","highway":"crossing"}}},
{"type":"Feature","geometry":{"type":"Point","coordinates":[-122.287324,37.861329]},"properties":{"id":"n9936541549","k":"crossing","t":{"crossing":"uncontrolled","kerb":"lowered","tactile_paving":"yes","highway":"crossing"}}},
{"type":"Feature","geometry":{"type":"Point","coordinates":[-122.28732,37.861311]},"properties":{"id":"n9936541550","k":"signal","t":{"highway":"stop"}}},
{"type":"Feature","geometry":{"type":"Point","coordinates":[-122.287912,37.861401]},"properties":{"id":"n9936541551","k":"signal","t":{"highway":"stop"}}},
{"type":"Feature","geometry":{"type":"Point","coordinates":[-122.287909,37.861385]},"properties":{"id":"n9936541552","k":"crossing","t":{"crossing":"uncontrolled","kerb":"lowered","tactile_paving":"yes","highway":"crossing"}}},
{"type":"Feature","geometry":{"type":"Point","coordinates":[-122.288785,37.861289]},"properties":{"id":"n9936541554","k":"signal","t":{"highway":"stop"}}},
{"type":"Feature","geometry":{"type":"Point","coordinates":[-122.288782,37.861274]},"properties":{"id":"n9936541555","k":"crossing","t":{"crossing":"uncontrolled","kerb":"lowered","tactile_paving":"yes","highway":"crossing"}}},
{"type":"Feature","geometry":{"type":"Point","coordinates":[-122.285213,37.860778]},"properties":{"id":"n9936541566","k":"signal","t":{"highway":"stop"}}},
{"type":"Feature","geometry":{"type":"Point","coordinates":[-122.285412,37.860752]},"properties":{"id":"n9936541567","k":"signal","t":{"highway":"stop"}}},
{"type":"Feature","geometry":{"type":"Point","coordinates":[-122.287056,37.860541]},"properties":{"id":"n9936541568","k":"signal","t":{"highway":"stop"}}},
{"type":"Feature","geometry":{"type":"Point","coordinates":[-122.287138,37.860451]},"properties":{"id":"n9936541569","k":"signal","t":{"highway":"stop"}}},
{"type":"Feature","geometry":{"type":"Point","coordinates":[-122.287264,37.860514]},"properties":{"id":"n9936541570","k":"signal","t":{"highway":"stop"}}},
{"type":"Feature","geometry":{"type":"Point","coordinates":[-122.282972,37.860168]},"properties":{"id":"n9936541577","k":"signal","t":{"highway":"stop"}}},
{"type":"Feature","geometry":{"type":"Point","coordinates":[-122.282786,37.860192]},"properties":{"id":"n9936541578","k":"signal","t":{"highway":"stop"}}},
{"type":"Feature","geometry":{"type":"Point","coordinates":[-122.280339,37.860504]},"properties":{"id":"n9936541579","k":"signal","t":{"highway":"stop"}}},
{"type":"Feature","geometry":{"type":"Point","coordinates":[-122.280727,37.860456]},"properties":{"id":"n9936541580","k":"signal","t":{"highway":"stop"}}},
{"type":"Feature","geometry":{"type":"Point","coordinates":[-122.280163,37.859624]},"properties":{"id":"n9936541581","k":"signal","t":{"highway":"stop"}}},
{"type":"Feature","geometry":{"type":"Point","coordinates":[-122.280555,37.859575]},"properties":{"id":"n9936541582","k":"signal","t":{"highway":"stop"}}},
{"type":"Feature","geometry":{"type":"Point","coordinates":[-122.282678,37.859208]},"properties":{"id":"n9936541585","k":"signal","t":{"highway":"stop"}}},
{"type":"Feature","geometry":{"type":"Point","coordinates":[-122.282713,37.859383]},"properties":{"id":"n9936541586","k":"signal","t":{"highway":"stop"}}},
{"type":"Feature","geometry":{"type":"Point","coordinates":[-122.284939,37.858943]},"properties":{"id":"n9936541587","k":"crossing","t":{"crossing":"uncontrolled","highway":"crossing"}}},
{"type":"Feature","geometry":{"type":"Point","coordinates":[-122.286818,37.858856]},"properties":{"id":"n9936541589","k":"signal","t":{"highway":"stop"}}},
{"type":"Feature","geometry":{"type":"Point","coordinates":[-122.28678,37.858679]},"properties":{"id":"n9936541590","k":"signal","t":{"highway":"stop"}}},
{"type":"Feature","geometry":{"type":"Point","coordinates":[-122.286706,37.858782]},"properties":{"id":"n9936541591","k":"crossing","t":{"crossing":"uncontrolled","highway":"crossing"}}},
{"type":"Feature","geometry":{"type":"Point","coordinates":[-122.286893,37.858751]},"properties":{"id":"n9936541592","k":"crossing","t":{"crossing":"uncontrolled","highway":"crossing"}}},
{"type":"Feature","geometry":{"type":"Point","coordinates":[-122.286698,37.857877]},"properties":{"id":"n9936541598","k":"crossing","t":{"crossing":"uncontrolled","highway":"crossing"}}},
{"type":"Feature","geometry":{"type":"Point","coordinates":[-122.286542,37.857898]},"properties":{"id":"n9936541599","k":"crossing","t":{"crossing":"uncontrolled","highway":"crossing"}}},
{"type":"Feature","geometry":{"type":"Point","coordinates":[-122.282185,37.857635]},"properties":{"id":"n9936541600","k":"signal","t":{"highway":"stop"}}},
{"type":"Feature","geometry":{"type":"Point","coordinates":[-122.282821,37.857556]},"properties":{"id":"n9936541603","k":"signal","t":{"highway":"stop"}}},
{"type":"Feature","geometry":{"type":"Point","coordinates":[-122.284714,37.857312]},"properties":{"id":"n9936541606","k":"crossing","t":{"crossing":"uncontrolled","highway":"crossing"}}},
{"type":"Feature","geometry":{"type":"Point","coordinates":[-122.2852,37.85716]},"properties":{"id":"n9936541607","k":"signal","t":{"highway":"stop"}}},
{"type":"Feature","geometry":{"type":"Point","coordinates":[-122.286056,37.857138]},"properties":{"id":"n9936541608","k":"crossing","t":{"crossing":"uncontrolled","highway":"crossing"}}},
{"type":"Feature","geometry":{"type":"Point","coordinates":[-122.287012,37.856926]},"properties":{"id":"n9936541610","k":"signal","t":{"highway":"stop"}}},
{"type":"Feature","geometry":{"type":"Point","coordinates":[-122.287016,37.856945]},"properties":{"id":"n9936541611","k":"crossing","t":{"crossing":"uncontrolled","highway":"crossing"}}},
{"type":"Feature","geometry":{"type":"Point","coordinates":[-122.282065,37.86941]},"properties":{"id":"n9936639717","k":"signal","t":{"highway":"stop"}}},
{"type":"Feature","geometry":{"type":"Point","coordinates":[-122.281695,37.869462]},"properties":{"id":"n9936639718","k":"signal","t":{"highway":"stop"}}},
{"type":"Feature","geometry":{"type":"Point","coordinates":[-122.28183,37.869444]},"properties":{"id":"n9936639719","k":"signal","t":{"highway":"stop"}}},
{"type":"Feature","geometry":{"type":"Point","coordinates":[-122.281898,37.869433]},"properties":{"id":"n9936639720","k":"signal","t":{"highway":"stop"}}},
{"type":"Feature","geometry":{"type":"Point","coordinates":[-122.289333,37.868887]},"properties":{"id":"n9936639816","k":"bench","t":{"amenity":"bench"}}},
{"type":"Feature","geometry":{"type":"Point","coordinates":[-122.288884,37.869251]},"properties":{"id":"n9936639817","k":"bench","t":{"amenity":"bench"}}},
{"type":"Feature","geometry":{"type":"Point","coordinates":[-122.289483,37.868466]},"properties":{"id":"n9936639930","k":"signal","t":{"highway":"stop"}}},
{"type":"Feature","geometry":{"type":"Point","coordinates":[-122.29168,37.868179]},"properties":{"id":"n9936639931","k":"signal","t":{"highway":"stop"}}},
{"type":"Feature","geometry":{"type":"Point","coordinates":[-122.291393,37.867284]},"properties":{"id":"n9936639936","k":"signal","t":{"highway":"stop"}}},
{"type":"Feature","geometry":{"type":"Point","coordinates":[-122.284004,37.867081]},"properties":{"id":"n9936639938","k":"crossing","t":{"crossing":"uncontrolled","highway":"crossing"}}},
{"type":"Feature","geometry":{"type":"Point","coordinates":[-122.284788,37.867057]},"properties":{"id":"n9936639941","k":"signal","t":{"highway":"stop"}}},
{"type":"Feature","geometry":{"type":"Point","coordinates":[-122.286944,37.86689]},"properties":{"id":"n9936639950","k":"crossing","t":{"crossing":"uncontrolled","highway":"crossing"}}},
{"type":"Feature","geometry":{"type":"Point","coordinates":[-122.286874,37.866966]},"properties":{"id":"n9936639951","k":"crossing","t":{"crossing":"uncontrolled","highway":"crossing"}}},
{"type":"Feature","geometry":{"type":"Point","coordinates":[-122.28697,37.867019]},"properties":{"id":"n9936639952","k":"crossing","t":{"crossing":"uncontrolled","highway":"crossing"}}},
{"type":"Feature","geometry":{"type":"Point","coordinates":[-122.287041,37.866945]},"properties":{"id":"n9936639953","k":"crossing","t":{"crossing":"uncontrolled","highway":"crossing"}}},
{"type":"Feature","geometry":{"type":"Point","coordinates":[-122.288514,37.863901]},"properties":{"id":"n9936639987","k":"crossing","t":{"crossing":"uncontrolled","highway":"crossing"}}},
{"type":"Feature","geometry":{"type":"Point","coordinates":[-122.288722,37.86489]},"properties":{"id":"n9936639990","k":"crossing","t":{"crossing":"uncontrolled","highway":"crossing"}}},
{"type":"Feature","geometry":{"type":"Point","coordinates":[-122.288651,37.864968]},"properties":{"id":"n9936639991","k":"crossing","t":{"crossing":"uncontrolled","highway":"crossing"}}},
{"type":"Feature","geometry":{"type":"Point","coordinates":[-122.288557,37.864911]},"properties":{"id":"n9936639992","k":"crossing","t":{"crossing":"uncontrolled","highway":"crossing"}}},
{"type":"Feature","geometry":{"type":"Point","coordinates":[-122.288624,37.864839]},"properties":{"id":"n9936639993","k":"crossing","t":{"crossing":"uncontrolled","highway":"crossing"}}},
{"type":"Feature","geometry":{"type":"Point","coordinates":[-122.286575,37.865103]},"properties":{"id":"n9936639994","k":"crossing","t":{"crossing":"uncontrolled","highway":"crossing"}}},
{"type":"Feature","geometry":{"type":"Point","coordinates":[-122.286667,37.865154]},"properties":{"id":"n9936639995","k":"crossing","t":{"crossing":"uncontrolled","highway":"crossing"}}},
{"type":"Feature","geometry":{"type":"Point","coordinates":[-122.286601,37.86523]},"properties":{"id":"n9936639996","k":"crossing","t":{"crossing":"uncontrolled","highway":"crossing"}}},
{"type":"Feature","geometry":{"type":"Point","coordinates":[-122.286508,37.865175]},"properties":{"id":"n9936639997","k":"crossing","t":{"crossing":"uncontrolled","highway":"crossing"}}},
{"type":"Feature","geometry":{"type":"Point","coordinates":[-122.286315,37.864267]},"properties":{"id":"n9936639998","k":"crossing","t":{"crossing":"uncontrolled","highway":"crossing"}}},
{"type":"Feature","geometry":{"type":"Point","coordinates":[-122.282303,37.863793]},"properties":{"id":"n9936640009","k":"signal","t":{"highway":"stop"}}},
{"type":"Feature","geometry":{"type":"Point","coordinates":[-122.2851,37.86352]},"properties":{"id":"n9936640010","k":"signal","t":{"highway":"stop"}}},
{"type":"Feature","geometry":{"type":"Point","coordinates":[-122.285013,37.863621]},"properties":{"id":"n9936640011","k":"signal","t":{"highway":"stop"}}},
{"type":"Feature","geometry":{"type":"Point","coordinates":[-122.284886,37.863548]},"properties":{"id":"n9936640012","k":"signal","t":{"highway":"stop"}}},
{"type":"Feature","geometry":{"type":"Point","coordinates":[-122.284975,37.863448]},"properties":{"id":"n9936640013","k":"signal","t":{"highway":"stop"}}},
{"type":"Feature","geometry":{"type":"Point","coordinates":[-122.288572,37.875058]},"properties":{"id":"n9952021033","k":"signal","t":{"highway":"stop"}}},
{"type":"Feature","geometry":{"type":"Point","coordinates":[-122.293103,37.87261]},"properties":{"id":"n9952021034","k":"signal","t":{"highway":"stop"}}},
{"type":"Feature","geometry":{"type":"Point","coordinates":[-122.286947,37.87331]},"properties":{"id":"n9952021039","k":"bollard","t":{"barrier":"bollard"}}},
{"type":"Feature","geometry":{"type":"Point","coordinates":[-122.285957,37.873524]},"properties":{"id":"n9952021040","k":"signal","t":{"highway":"stop"}}},
{"type":"Feature","geometry":{"type":"Point","coordinates":[-122.285758,37.87355]},"properties":{"id":"n9952021041","k":"signal","t":{"highway":"stop"}}},
{"type":"Feature","geometry":{"type":"Point","coordinates":[-122.282176,37.873991]},"properties":{"id":"n9952021043","k":"signal","t":{"highway":"stop"}}},
{"type":"Feature","geometry":{"type":"Point","coordinates":[-122.283746,37.872982]},"properties":{"id":"n9952021046","k":"signal","t":{"highway":"stop"}}},
{"type":"Feature","geometry":{"type":"Point","coordinates":[-122.294182,37.871554]},"properties":{"id":"n9952021051","k":"signal","t":{"highway":"stop"}}},
{"type":"Feature","geometry":{"type":"Point","coordinates":[-122.294124,37.871358]},"properties":{"id":"n9952021052","k":"signal","t":{"highway":"stop"}}},
{"type":"Feature","geometry":{"type":"Point","coordinates":[-122.292678,37.870526]},"properties":{"id":"n9952021053","k":"signal","t":{"highway":"traffic_signals"}}},
{"type":"Feature","geometry":{"type":"Point","coordinates":[-122.292471,37.87032]},"properties":{"id":"n9952021054","k":"signal","t":{"highway":"traffic_signals"}}},
{"type":"Feature","geometry":{"type":"Point","coordinates":[-122.29275,37.8704]},"properties":{"id":"n9952021055","k":"signal","t":{"highway":"stop"}}},
{"type":"Feature","geometry":{"type":"Point","coordinates":[-122.2924,37.870436]},"properties":{"id":"n9952021056","k":"signal","t":{"highway":"stop"}}},
{"type":"Feature","geometry":{"type":"Point","coordinates":[-122.289796,37.870768]},"properties":{"id":"n9952021057","k":"signal","t":{"highway":"stop"}}},
{"type":"Feature","geometry":{"type":"Point","coordinates":[-122.289709,37.871016]},"properties":{"id":"n9952021058","k":"signal","t":{"highway":"stop"}}},
{"type":"Feature","geometry":{"type":"Point","coordinates":[-122.289605,37.870942]},"properties":{"id":"n9952021059","k":"signal","t":{"highway":"stop"}}},
{"type":"Feature","geometry":{"type":"Point","coordinates":[-122.289681,37.87075]},"properties":{"id":"n9952021060","k":"signal","t":{"highway":"stop"}}},
{"type":"Feature","geometry":{"type":"Point","coordinates":[-122.285639,37.871532]},"properties":{"id":"n9952021061","k":"signal","t":{"highway":"stop"}}},
{"type":"Feature","geometry":{"type":"Point","coordinates":[-122.282342,37.871868]},"properties":{"id":"n9952021062","k":"signal","t":{"highway":"stop"}}},
{"type":"Feature","geometry":{"type":"Point","coordinates":[-122.281973,37.872172]},"properties":{"id":"n9952021063","k":"signal","t":{"highway":"stop"}}},
{"type":"Feature","geometry":{"type":"Point","coordinates":[-122.28684,37.872592]},"properties":{"id":"n9952021074","k":"bollard","t":{"barrier":"bollard"}}},
{"type":"Feature","geometry":{"type":"Point","coordinates":[-122.286808,37.872371]},"properties":{"id":"n9952021075","k":"bollard","t":{"barrier":"bollard"}}},
{"type":"Feature","geometry":{"type":"Point","coordinates":[-122.286978,37.873482]},"properties":{"id":"n9952021078","k":"bollard","t":{"barrier":"bollard"}}},
{"type":"Feature","geometry":{"type":"Point","coordinates":[-122.286726,37.871405]},"properties":{"id":"n9952021079","k":"bollard","t":{"barrier":"bollard"}}},
{"type":"Feature","geometry":{"type":"Point","coordinates":[-122.286705,37.871229]},"properties":{"id":"n9952021080","k":"bollard","t":{"barrier":"bollard"}}},
{"type":"Feature","geometry":{"type":"Point","coordinates":[-122.286612,37.870521]},"properties":{"id":"n9952021084","k":"bollard","t":{"barrier":"bollard"}}},
{"type":"Feature","geometry":{"type":"Point","coordinates":[-122.28663,37.870682]},"properties":{"id":"n9952021085","k":"bollard","t":{"barrier":"bollard"}}},
{"type":"Feature","geometry":{"type":"Point","coordinates":[-122.285884,37.86973]},"properties":{"id":"n9952021093","k":"crossing","t":{"crossing":"unmarked","highway":"crossing"}}},
{"type":"Feature","geometry":{"type":"Point","coordinates":[-122.286196,37.869689]},"properties":{"id":"n9952021095","k":"crossing","t":{"crossing":"uncontrolled","highway":"crossing"}}},
{"type":"Feature","geometry":{"type":"Point","coordinates":[-122.2856,37.869727]},"properties":{"id":"n9952021096","k":"crossing","t":{"crossing":"uncontrolled","highway":"crossing"}}},
{"type":"Feature","geometry":{"type":"Point","coordinates":[-122.288237,37.871208]},"properties":{"id":"n9952021097","k":"signal","t":{"highway":"stop"}}},
{"type":"Feature","geometry":{"type":"Point","coordinates":[-122.288123,37.871137]},"properties":{"id":"n9952021098","k":"signal","t":{"highway":"stop"}}},
{"type":"Feature","geometry":{"type":"Point","coordinates":[-122.288217,37.871036]},"properties":{"id":"n9952021099","k":"signal","t":{"highway":"stop"}}},
{"type":"Feature","geometry":{"type":"Point","coordinates":[-122.288335,37.871109]},"properties":{"id":"n9952021100","k":"signal","t":{"highway":"stop"}}},
{"type":"Feature","geometry":{"type":"Point","coordinates":[-122.288165,37.856291]},"properties":{"id":"n9952336201","k":"bus_stop","t":{"name":"San Pablo Avenue & Grayson Street","highway":"bus_stop","bus":"yes","operator":"Alameda-Contra Costa Transit District","ref":"53003"}}},
{"type":"Feature","geometry":{"type":"Point","coordinates":[-122.305427,37.865188]},"properties":{"id":"n9962776139","k":"crossing","t":{"highway":"crossing"}}},
{"type":"Feature","geometry":{"type":"Point","coordinates":[-122.296732,37.879924]},"properties":{"id":"n10036792364","k":"recycling","t":{"amenity":"recycling"}}},
{"type":"Feature","geometry":{"type":"Point","coordinates":[-122.284431,37.870218]},"properties":{"id":"n10086640623","k":"hydrant","t":{"emergency":"fire_hydrant"}}},
{"type":"Feature","geometry":{"type":"Point","coordinates":[-122.284553,37.870204]},"properties":{"id":"n10086640624","k":"waste_basket","t":{"amenity":"waste_basket"}}},
{"type":"Feature","geometry":{"type":"Point","coordinates":[-122.284078,37.870025]},"properties":{"id":"n10086640625","k":"bicycle_parking","t":{"amenity":"bicycle_parking","capacity":"2"}}},
{"type":"Feature","geometry":{"type":"Point","coordinates":[-122.28404,37.87003]},"properties":{"id":"n10086640626","k":"bench","t":{"amenity":"bench"}}},
{"type":"Feature","geometry":{"type":"Point","coordinates":[-122.284001,37.870035]},"properties":{"id":"n10086640627","k":"bicycle_parking","t":{"amenity":"bicycle_parking","capacity":"2"}}},
{"type":"Feature","geometry":{"type":"Point","coordinates":[-122.2846,37.870199]},"properties":{"id":"n10086640628","k":"bench","t":{"amenity":"bench"}}},
{"type":"Feature","geometry":{"type":"Point","coordinates":[-122.281543,37.867618]},"properties":{"id":"n10086640629","k":"bench","t":{"amenity":"bench"}}},
{"type":"Feature","geometry":{"type":"Point","coordinates":[-122.280999,37.862359]},"properties":{"id":"n10086640630","k":"waste_basket","t":{"amenity":"waste_basket"}}},
{"type":"Feature","geometry":{"type":"Point","coordinates":[-122.280924,37.862055]},"properties":{"id":"n10086640631","k":"bench","t":{"amenity":"bench"}}},
{"type":"Feature","geometry":{"type":"Point","coordinates":[-122.280237,37.859818]},"properties":{"id":"n10086640632","k":"bench","t":{"amenity":"bench"}}},
{"type":"Feature","geometry":{"type":"Point","coordinates":[-122.281314,37.862372]},"properties":{"id":"n10086640633","k":"bicycle_parking","t":{"amenity":"bicycle_parking","capacity":"2"}}},
{"type":"Feature","geometry":{"type":"Point","coordinates":[-122.281306,37.862289]},"properties":{"id":"n10086640634","k":"hydrant","t":{"emergency":"fire_hydrant"}}},
{"type":"Feature","geometry":{"type":"Point","coordinates":[-122.281303,37.862276]},"properties":{"id":"n10086640635","k":"vending_machine","t":{"amenity":"vending_machine"}}},
{"type":"Feature","geometry":{"type":"Point","coordinates":[-122.281313,37.862349]},"properties":{"id":"n10086640636","k":"waste_basket","t":{"amenity":"waste_basket"}}},
{"type":"Feature","geometry":{"type":"Point","coordinates":[-122.281309,37.862315]},"properties":{"id":"n10086640637","k":"bench","t":{"amenity":"bench"}}},
{"type":"Feature","geometry":{"type":"Point","coordinates":[-122.281491,37.864138]},"properties":{"id":"n10086640638","k":"bench","t":{"amenity":"bench"}}},
{"type":"Feature","geometry":{"type":"Point","coordinates":[-122.292606,37.85967]},"properties":{"id":"n10092583113","k":"bench","t":{"amenity":"bench"}}},
{"type":"Feature","geometry":{"type":"Point","coordinates":[-122.292462,37.859206]},"properties":{"id":"n10092591729","k":"bench","t":{"amenity":"bench"}}},
{"type":"Feature","geometry":{"type":"Point","coordinates":[-122.289024,37.858725]},"properties":{"id":"n10104508630","k":"bicycle_parking","t":{"amenity":"bicycle_parking"}}},
{"type":"Feature","geometry":{"type":"Point","coordinates":[-122.297594,37.881887]},"properties":{"id":"n10109159345","k":"bicycle_parking","t":{"amenity":"bicycle_parking"}}},
{"type":"Feature","geometry":{"type":"Point","coordinates":[-122.280848,37.869509]},"properties":{"id":"n10182057587","k":"crossing","t":{"crossing":"uncontrolled","highway":"crossing"}}},
{"type":"Feature","geometry":{"type":"Point","coordinates":[-122.280846,37.869495]},"properties":{"id":"n10182057588","k":"signal","t":{"highway":"stop"}}},
{"type":"Feature","geometry":{"type":"Point","coordinates":[-122.280647,37.867572]},"properties":{"id":"n10182057612","k":"crossing","t":{"crossing":"uncontrolled","highway":"crossing"}}},
{"type":"Feature","geometry":{"type":"Point","coordinates":[-122.280545,37.86766]},"properties":{"id":"n10182057613","k":"crossing","t":{"crossing":"uncontrolled","highway":"crossing"}}},
{"type":"Feature","geometry":{"type":"Point","coordinates":[-122.280661,37.867702]},"properties":{"id":"n10182057614","k":"crossing","t":{"crossing":"uncontrolled","highway":"crossing"}}},
{"type":"Feature","geometry":{"type":"Point","coordinates":[-122.280765,37.867609]},"properties":{"id":"n10182057615","k":"crossing","t":{"crossing":"uncontrolled","highway":"crossing"}}},
{"type":"Feature","geometry":{"type":"Point","coordinates":[-122.280663,37.867719]},"properties":{"id":"n10182057616","k":"signal","t":{"highway":"stop"}}},
{"type":"Feature","geometry":{"type":"Point","coordinates":[-122.280645,37.867552]},"properties":{"id":"n10182070917","k":"signal","t":{"highway":"stop"}}},
{"type":"Feature","geometry":{"type":"Point","coordinates":[-122.280155,37.86422]},"properties":{"id":"n10182071007","k":"hydrant","t":{"emergency":"fire_hydrant"}}},
{"type":"Feature","geometry":{"type":"Point","coordinates":[-122.304677,37.871668]},"properties":{"id":"n10197894423","k":"ad","t":{}}},
{"type":"Feature","geometry":{"type":"Point","coordinates":[-122.280108,37.862412]},"properties":{"id":"n10213471930","k":"signal","t":{"highway":"stop"}}},
{"type":"Feature","geometry":{"type":"Point","coordinates":[-122.305534,37.871005]},"properties":{"id":"n10218805134","k":"manhole","t":{"man_made":"manhole"}}},
{"type":"Feature","geometry":{"type":"Point","coordinates":[-122.291047,37.874463]},"properties":{"id":"n10218805157","k":"manhole","t":{"man_made":"manhole"}}},
{"type":"Feature","geometry":{"type":"Point","coordinates":[-122.286176,37.875845]},"properties":{"id":"n10218805174","k":"manhole","t":{"man_made":"manhole"}}},
{"type":"Feature","geometry":{"type":"Point","coordinates":[-122.286062,37.875863]},"properties":{"id":"n10218805175","k":"manhole","t":{"man_made":"manhole"}}},
{"type":"Feature","geometry":{"type":"Point","coordinates":[-122.285014,37.875782]},"properties":{"id":"n10218805176","k":"manhole","t":{"man_made":"manhole"}}},
{"type":"Feature","geometry":{"type":"Point","coordinates":[-122.289704,37.859003]},"properties":{"id":"n10225116914","k":"parking_entrance","t":{"amenity":"parking_entrance"}}},
{"type":"Feature","geometry":{"type":"Point","coordinates":[-122.284557,37.872691]},"properties":{"id":"n10226310550","k":"kerb","t":{"barrier":"kerb"}}},
{"type":"Feature","geometry":{"type":"Point","coordinates":[-122.284779,37.872661]},"properties":{"id":"n10226310551","k":"kerb","t":{"barrier":"kerb"}}},
{"type":"Feature","geometry":{"type":"Point","coordinates":[-122.284576,37.873471]},"properties":{"id":"n10226310556","k":"kerb:flush","t":{"kerb":"flush","tactile_paving":"yes","wheelchair":"yes","barrier":"kerb"}}},
{"type":"Feature","geometry":{"type":"Point","coordinates":[-122.28463,37.873595]},"properties":{"id":"n10226310557","k":"kerb:flush","t":{"kerb":"flush","tactile_paving":"yes","wheelchair":"yes","barrier":"kerb"}}},
{"type":"Feature","geometry":{"type":"Point","coordinates":[-122.28242,37.873152]},"properties":{"id":"n10226310562","k":"kerb:flush","t":{"kerb":"flush","tactile_paving":"yes","wheelchair":"yes","barrier":"kerb"}}},
{"type":"Feature","geometry":{"type":"Point","coordinates":[-122.28215,37.873155]},"properties":{"id":"n10226310563","k":"kerb:flush","t":{"kerb":"flush","tactile_paving":"yes","wheelchair":"yes","barrier":"kerb"}}},
{"type":"Feature","geometry":{"type":"Point","coordinates":[-122.282439,37.87297]},"properties":{"id":"n10226310565","k":"kerb:flush","t":{"kerb":"flush","tactile_paving":"yes","wheelchair":"yes","barrier":"kerb"}}},
{"type":"Feature","geometry":{"type":"Point","coordinates":[-122.282392,37.872956]},"properties":{"id":"n10226310567","k":"kerb:flush","t":{"kerb":"flush","tactile_paving":"yes","wheelchair":"yes","barrier":"kerb"}}},
{"type":"Feature","geometry":{"type":"Point","coordinates":[-122.282125,37.872985]},"properties":{"id":"n10226310568","k":"kerb:flush","t":{"kerb":"flush","tactile_paving":"yes","wheelchair":"yes","barrier":"kerb"}}},
{"type":"Feature","geometry":{"type":"Point","coordinates":[-122.282179,37.873037]},"properties":{"id":"n10226310580","k":"crossing","t":{"highway":"crossing"}}},
{"type":"Feature","geometry":{"type":"Point","coordinates":[-122.282141,37.873045]},"properties":{"id":"n10226310581","k":"kerb:flush","t":{"kerb":"flush","tactile_paving":"yes","wheelchair":"yes","barrier":"kerb"}}},
{"type":"Feature","geometry":{"type":"Point","coordinates":[-122.282392,37.874049]},"properties":{"id":"n10226310585","k":"kerb:flush","t":{"kerb":"flush","tactile_paving":"yes","wheelchair":"yes","barrier":"kerb"}}},
{"type":"Feature","geometry":{"type":"Point","coordinates":[-122.282548,37.874029]},"properties":{"id":"n10226310586","k":"kerb:flush","t":{"kerb":"flush","tactile_paving":"yes","wheelchair":"yes","barrier":"kerb"}}},
{"type":"Feature","geometry":{"type":"Point","coordinates":[-122.282348,37.874052]},"properties":{"id":"n10226310587","k":"kerb:flush","t":{"kerb":"flush","tactile_paving":"yes","wheelchair":"yes","barrier":"kerb"}}},
{"type":"Feature","geometry":{"type":"Point","coordinates":[-122.282456,37.8731]},"properties":{"id":"n10226310589","k":"crossing","t":{"crossing":"traffic_signals","highway":"crossing"}}},
{"type":"Feature","geometry":{"type":"Point","coordinates":[-122.284535,37.872826]},"properties":{"id":"n10226310590","k":"crossing","t":{"crossing":"uncontrolled","highway":"crossing"}}},
{"type":"Feature","geometry":{"type":"Point","coordinates":[-122.283652,37.87295]},"properties":{"id":"n10226310595","k":"crossing","t":{"crossing":"uncontrolled","tactile_paving":"no","highway":"crossing"}}},
{"type":"Feature","geometry":{"type":"Point","coordinates":[-122.282331,37.873007]},"properties":{"id":"n10226310600","k":"crossing","t":{"highway":"crossing"}}},
{"type":"Feature","geometry":{"type":"Point","coordinates":[-122.282441,37.872985]},"properties":{"id":"n10226310601","k":"crossing","t":{"crossing":"traffic_signals","highway":"crossing"}}},
{"type":"Feature","geometry":{"type":"Point","coordinates":[-122.282225,37.873059]},"properties":{"id":"n10226310602","k":"crossing","t":{"highway":"crossing"}}},
{"type":"Feature","geometry":{"type":"Point","coordinates":[-122.282181,37.873052]},"properties":{"id":"n10226310603","k":"crossing","t":{"highway":"crossing"}}},
{"type":"Feature","geometry":{"type":"Point","coordinates":[-122.282339,37.873079]},"properties":{"id":"n10226310604","k":"crossing","t":{"highway":"crossing"}}},
{"type":"Feature","geometry":{"type":"Point","coordinates":[-122.282191,37.873137]},"properties":{"id":"n10226310605","k":"crossing","t":{"highway":"crossing"}}},
{"type":"Feature","geometry":{"type":"Point","coordinates":[-122.282343,37.873116]},"properties":{"id":"n10226310606","k":"crossing","t":{"highway":"crossing"}}},
{"type":"Feature","geometry":{"type":"Point","coordinates":[-122.283812,37.872959]},"properties":{"id":"n10226310612","k":"kerb:flush","t":{"kerb":"flush","tactile_paving":"yes","wheelchair":"yes","barrier":"kerb"}}},
{"type":"Feature","geometry":{"type":"Point","coordinates":[-122.28359,37.872824]},"properties":{"id":"n10226339917","k":"kerb","t":{"barrier":"kerb"}}},
{"type":"Feature","geometry":{"type":"Point","coordinates":[-122.283035,37.873063]},"properties":{"id":"n10226339920","k":"kerb:flush","t":{"kerb":"flush","tactile_paving":"yes","wheelchair":"yes","barrier":"kerb"}}},
{"type":"Feature","geometry":{"type":"Point","coordinates":[-122.282801,37.873093]},"properties":{"id":"n10226339921","k":"kerb:flush","t":{"kerb":"flush","tactile_paving":"yes","wheelchair":"yes","barrier":"kerb"}}},
{"type":"Feature","geometry":{"type":"Point","coordinates":[-122.295881,37.857883]},"properties":{"id":"n10270421368","k":"crossing","t":{"highway":"crossing"}}},
{"type":"Feature","geometry":{"type":"Point","coordinates":[-122.296007,37.855571]},"properties":{"id":"n10270421372","k":"signal","t":{"highway":"stop"}}},
{"type":"Feature","geometry":{"type":"Point","coordinates":[-122.295725,37.855284]},"properties":{"id":"n10270421373","k":"signal","t":{"highway":"stop"}}},
{"type":"Feature","geometry":{"type":"Point","coordinates":[-122.295655,37.855249]},"properties":{"id":"n10270421374","k":"signal","t":{"highway":"stop"}}},
{"type":"Feature","geometry":{"type":"Point","coordinates":[-122.294697,37.855438]},"properties":{"id":"n10270421376","k":"signal","t":{"highway":"stop"}}},
{"type":"Feature","geometry":{"type":"Point","coordinates":[-122.294327,37.855388]},"properties":{"id":"n10270421377","k":"signal","t":{"highway":"stop"}}},
{"type":"Feature","geometry":{"type":"Point","coordinates":[-122.294434,37.85528]},"properties":{"id":"n10270421378","k":"signal","t":{"highway":"stop"}}},
{"type":"Feature","geometry":{"type":"Point","coordinates":[-122.294221,37.85557]},"properties":{"id":"n10270421379","k":"signal","t":{"highway":"stop"}}},
{"type":"Feature","geometry":{"type":"Point","coordinates":[-122.294616,37.855495]},"properties":{"id":"n10270421380","k":"crossing","t":{"crossing":"uncontrolled","highway":"crossing"}}},
{"type":"Feature","geometry":{"type":"Point","coordinates":[-122.294267,37.855561]},"properties":{"id":"n10270421381","k":"crossing","t":{"crossing":"uncontrolled","highway":"crossing"}}},
{"type":"Feature","geometry":{"type":"Point","coordinates":[-122.290369,37.85983]},"properties":{"id":"n10349209212","k":"recycling","t":{"amenity":"recycling"}}},
{"type":"Feature","geometry":{"type":"Point","coordinates":[-122.286126,37.867433]},"properties":{"id":"n10572894447","k":"waste_basket","t":{"amenity":"waste_basket","operator":"City of Berkeley"}}},
{"type":"Feature","geometry":{"type":"Point","coordinates":[-122.286233,37.868551]},"properties":{"id":"n10572894448","k":"waste_basket","t":{"amenity":"waste_basket","operator":"City of Berkeley"}}},
{"type":"Feature","geometry":{"type":"Point","coordinates":[-122.295689,37.876232]},"properties":{"id":"n10593596446","k":"signal","t":{"highway":"stop"}}},
{"type":"Feature","geometry":{"type":"Point","coordinates":[-122.295641,37.876081]},"properties":{"id":"n10593596447","k":"signal","t":{"highway":"stop"}}},
{"type":"Feature","geometry":{"type":"Point","coordinates":[-122.295587,37.876171]},"properties":{"id":"n10593596448","k":"crossing","t":{"crossing":"uncontrolled","highway":"crossing"}}},
{"type":"Feature","geometry":{"type":"Point","coordinates":[-122.295645,37.876094]},"properties":{"id":"n10593596449","k":"crossing","t":{"crossing":"uncontrolled","highway":"crossing"}}},
{"type":"Feature","geometry":{"type":"Point","coordinates":[-122.295739,37.876141]},"properties":{"id":"n10593596450","k":"crossing","t":{"crossing":"uncontrolled","highway":"crossing"}}},
{"type":"Feature","geometry":{"type":"Point","coordinates":[-122.295684,37.876216]},"properties":{"id":"n10593596451","k":"crossing","t":{"crossing":"uncontrolled","highway":"crossing"}}},
{"type":"Feature","geometry":{"type":"Point","coordinates":[-122.296653,37.875957]},"properties":{"id":"n10593596452","k":"signal","t":{"highway":"stop"}}},
{"type":"Feature","geometry":{"type":"Point","coordinates":[-122.296895,37.875908]},"properties":{"id":"n10593596453","k":"signal","t":{"highway":"stop"}}},
{"type":"Feature","geometry":{"type":"Point","coordinates":[-122.297899,37.875767]},"properties":{"id":"n10593596454","k":"crossing","t":{"crossing":"uncontrolled","highway":"crossing"}}},
{"type":"Feature","geometry":{"type":"Point","coordinates":[-122.297798,37.875725]},"properties":{"id":"n10593596455","k":"crossing","t":{"crossing":"uncontrolled","highway":"crossing"}}},
{"type":"Feature","geometry":{"type":"Point","coordinates":[-122.297861,37.875649]},"properties":{"id":"n10593596456","k":"crossing","t":{"crossing":"uncontrolled","highway":"crossing"}}},
{"type":"Feature","geometry":{"type":"Point","coordinates":[-122.299012,37.875562]},"properties":{"id":"n10593596457","k":"signal","t":{"highway":"stop"}}},
{"type":"Feature","geometry":{"type":"Point","coordinates":[-122.298961,37.875411]},"properties":{"id":"n10593596458","k":"signal","t":{"highway":"stop"}}},
{"type":"Feature","geometry":{"type":"Point","coordinates":[-122.298967,37.875429]},"properties":{"id":"n10593596459","k":"crossing","t":{"crossing":"uncontrolled","highway":"crossing"}}},
{"type":"Feature","geometry":{"type":"Point","coordinates":[-122.299061,37.875468]},"properties":{"id":"n10593596460","k":"crossing","t":{"crossing":"uncontrolled","highway":"crossing"}}},
{"type":"Feature","geometry":{"type":"Point","coordinates":[-122.299904,37.875298]},"properties":{"id":"n10593596461","k":"signal","t":{"highway":"stop"}}},
{"type":"Feature","geometry":{"type":"Point","coordinates":[-122.300151,37.875249]},"properties":{"id":"n10593596462","k":"signal","t":{"highway":"stop"}}},
{"type":"Feature","geometry":{"type":"Point","coordinates":[-122.299927,37.875293]},"properties":{"id":"n10593596463","k":"crossing","t":{"crossing":"uncontrolled","highway":"crossing"}}},
{"type":"Feature","geometry":{"type":"Point","coordinates":[-122.300131,37.875253]},"properties":{"id":"n10593596464","k":"crossing","t":{"crossing":"uncontrolled","highway":"crossing"}}},
{"type":"Feature","geometry":{"type":"Point","coordinates":[-122.301204,37.875128]},"properties":{"id":"n10593596465","k":"signal","t":{"highway":"stop"}}},
{"type":"Feature","geometry":{"type":"Point","coordinates":[-122.301151,37.874964]},"properties":{"id":"n10593596466","k":"signal","t":{"highway":"stop"}}},
{"type":"Feature","geometry":{"type":"Point","coordinates":[-122.30126,37.875028]},"properties":{"id":"n10593596467","k":"crossing","t":{"crossing":"uncontrolled","highway":"crossing"}}},
{"type":"Feature","geometry":{"type":"Point","coordinates":[-122.301199,37.875111]},"properties":{"id":"n10593596470","k":"crossing","t":{"crossing":"uncontrolled","highway":"crossing"}}},
{"type":"Feature","geometry":{"type":"Point","coordinates":[-122.30211,37.874852]},"properties":{"id":"n10593596471","k":"signal","t":{"highway":"stop"}}},
{"type":"Feature","geometry":{"type":"Point","coordinates":[-122.302314,37.874812]},"properties":{"id":"n10593596472","k":"signal","t":{"highway":"stop"}}},
{"type":"Feature","geometry":{"type":"Point","coordinates":[-122.301461,37.876232]},"properties":{"id":"n10593596473","k":"signal","t":{"highway":"stop"}}},
{"type":"Feature","geometry":{"type":"Point","coordinates":[-122.301643,37.876195]},"properties":{"id":"n10593596474","k":"signal","t":{"highway":"stop"}}},
{"type":"Feature","geometry":{"type":"Point","coordinates":[-122.300533,37.876418]},"properties":{"id":"n10593596476","k":"signal","t":{"highway":"stop"}}},
{"type":"Feature","geometry":{"type":"Point","coordinates":[-122.300281,37.87647]},"properties":{"id":"n10593596477","k":"signal","t":{"highway":"stop"}}},
{"type":"Feature","geometry":{"type":"Point","coordinates":[-122.300301,37.876466]},"properties":{"id":"n10593596478","k":"crossing","t":{"crossing":"uncontrolled","highway":"crossing"}}},
{"type":"Feature","geometry":{"type":"Point","coordinates":[-122.30051,37.876423]},"properties":{"id":"n10593596479","k":"crossing","t":{"crossing":"uncontrolled","highway":"crossing"}}},
{"type":"Feature","geometry":{"type":"Point","coordinates":[-122.300426,37.876507]},"properties":{"id":"n10593596480","k":"crossing","t":{"crossing":"uncontrolled","highway":"crossing"}}},
{"type":"Feature","geometry":{"type":"Point","coordinates":[-122.299391,37.876732]},"properties":{"id":"n10593596481","k":"signal","t":{"highway":"stop"}}},
{"type":"Feature","geometry":{"type":"Point","coordinates":[-122.29934,37.876576]},"properties":{"id":"n10593596482","k":"signal","t":{"highway":"stop"}}},
{"type":"Feature","geometry":{"type":"Point","coordinates":[-122.297269,37.87708]},"properties":{"id":"n10593596483","k":"signal","t":{"highway":"stop"}}},
{"type":"Feature","geometry":{"type":"Point","coordinates":[-122.29703,37.877126]},"properties":{"id":"n10593596484","k":"signal","t":{"highway":"stop"}}},
{"type":"Feature","geometry":{"type":"Point","coordinates":[-122.296019,37.877255]},"properties":{"id":"n10593596485","k":"signal","t":{"highway":"stop"}}},
{"type":"Feature","geometry":{"type":"Point","coordinates":[-122.296066,37.877401]},"properties":{"id":"n10593596486","k":"signal","t":{"highway":"stop"}}},
{"type":"Feature","geometry":{"type":"Point","coordinates":[-122.305134,37.876743]},"properties":{"id":"n10593596487","k":"signal","t":{"highway":"stop"}}},
{"type":"Feature","geometry":{"type":"Point","coordinates":[-122.302876,37.877207]},"properties":{"id":"n10593596488","k":"signal","t":{"highway":"stop"}}},
{"type":"Feature","geometry":{"type":"Point","coordinates":[-122.303078,37.877167]},"properties":{"id":"n10593596489","k":"signal","t":{"highway":"stop"}}},
{"type":"Feature","geometry":{"type":"Point","coordinates":[-122.302894,37.877204]},"properties":{"id":"n10593596490","k":"crossing","t":{"crossing":"uncontrolled","highway":"crossing"}}},
{"type":"Feature","geometry":{"type":"Point","coordinates":[-122.302958,37.877116]},"properties":{"id":"n10593596491","k":"crossing","t":{"crossing":"uncontrolled","highway":"crossing"}}},
{"type":"Feature","geometry":{"type":"Point","coordinates":[-122.303056,37.877171]},"properties":{"id":"n10593596492","k":"crossing","t":{"crossing":"uncontrolled","highway":"crossing"}}},
{"type":"Feature","geometry":{"type":"Point","coordinates":[-122.303004,37.877255]},"properties":{"id":"n10593596493","k":"crossing","t":{"crossing":"uncontrolled","highway":"crossing"}}},
{"type":"Feature","geometry":{"type":"Point","coordinates":[-122.301913,37.877326]},"properties":{"id":"n10593596494","k":"signal","t":{"highway":"stop"}}},
{"type":"Feature","geometry":{"type":"Point","coordinates":[-122.301962,37.877476]},"properties":{"id":"n10593596495","k":"signal","t":{"highway":"stop"}}},
{"type":"Feature","geometry":{"type":"Point","coordinates":[-122.300665,37.877652]},"properties":{"id":"n10593596496","k":"signal","t":{"highway":"stop"}}},
{"type":"Feature","geometry":{"type":"Point","coordinates":[-122.300908,37.877604]},"properties":{"id":"n10593596497","k":"signal","t":{"highway":"stop"}}},
{"type":"Feature","geometry":{"type":"Point","coordinates":[-122.299648,37.877857]},"properties":{"id":"n10593596498","k":"signal","t":{"highway":"stop"}}},
{"type":"Feature","geometry":{"type":"Point","coordinates":[-122.29984,37.877819]},"properties":{"id":"n10593596499","k":"signal","t":{"highway":"stop"}}},
{"type":"Feature","geometry":{"type":"Point","coordinates":[-122.298609,37.877982]},"properties":{"id":"n10593596500","k":"signal","t":{"highway":"stop"}}},
{"type":"Feature","geometry":{"type":"Point","coordinates":[-122.29866,37.878141]},"properties":{"id":"n10593596501","k":"signal","t":{"highway":"stop"}}},
{"type":"Feature","geometry":{"type":"Point","coordinates":[-122.295046,37.877525]},"properties":{"id":"n10593597308","k":"signal","t":{"highway":"stop"}}},
{"type":"Feature","geometry":{"type":"Point","coordinates":[-122.294712,37.877592]},"properties":{"id":"n10593597309","k":"signal","t":{"highway":"stop"}}},
{"type":"Feature","geometry":{"type":"Point","coordinates":[-122.29393,37.877675]},"properties":{"id":"n10593597312","k":"signal","t":{"highway":"stop"}}},
{"type":"Feature","geometry":{"type":"Point","coordinates":[-122.293978,37.877823]},"properties":{"id":"n10593597313","k":"signal","t":{"highway":"stop"}}},
{"type":"Feature","geometry":{"type":"Point","coordinates":[-122.29314,37.877994]},"properties":{"id":"n10593597314","k":"signal","t":{"highway":"stop"}}},
{"type":"Feature","geometry":{"type":"Point","coordinates":[-122.293091,37.877845]},"properties":{"id":"n10593597315","k":"signal","t":{"highway":"stop"}}},
{"type":"Feature","geometry":{"type":"Point","coordinates":[-122.292367,37.878075]},"properties":{"id":"n10593597332","k":"signal","t":{"highway":"stop"}}},
{"type":"Feature","geometry":{"type":"Point","coordinates":[-122.292158,37.878232]},"properties":{"id":"n10593597333","k":"signal","t":{"highway":"stop"}}},
{"type":"Feature","geometry":{"type":"Point","coordinates":[-122.292248,37.878036]},"properties":{"id":"n10593597334","k":"crossing","t":{"crossing":"uncontrolled","highway":"crossing"}}},
{"type":"Feature","geometry":{"type":"Point","coordinates":[-122.292347,37.87808]},"properties":{"id":"n10593597335","k":"crossing","t":{"crossing":"uncontrolled","highway":"crossing"}}},
{"type":"Feature","geometry":{"type":"Point","coordinates":[-122.2923,37.878189]},"properties":{"id":"n10593597336","k":"crossing","t":{"crossing":"uncontrolled","highway":"crossing"}}},
{"type":"Feature","geometry":{"type":"Point","coordinates":[-122.292188,37.87826]},"properties":{"id":"n10593597337","k":"signal","t":{"highway":"stop"}}},
{"type":"Feature","geometry":{"type":"Point","coordinates":[-122.292238,37.878259]},"properties":{"id":"n10593597340","k":"crossing","t":{"crossing":"uncontrolled","highway":"crossing"}}},
{"type":"Feature","geometry":{"type":"Point","coordinates":[-122.292681,37.879346]},"properties":{"id":"n10593597342","k":"signal","t":{"highway":"stop"}}},
{"type":"Feature","geometry":{"type":"Point","coordinates":[-122.292634,37.879199]},"properties":{"id":"n10593597343","k":"signal","t":{"highway":"stop"}}},
{"type":"Feature","geometry":{"type":"Point","coordinates":[-122.292638,37.879212]},"properties":{"id":"n10593597344","k":"crossing","t":{"crossing":"uncontrolled","highway":"crossing"}}},
{"type":"Feature","geometry":{"type":"Point","coordinates":[-122.292594,37.879286]},"properties":{"id":"n10593597345","k":"crossing","t":{"crossing":"uncontrolled","highway":"crossing"}}},
{"type":"Feature","geometry":{"type":"Point","coordinates":[-122.292676,37.879331]},"properties":{"id":"n10593597346","k":"crossing","t":{"crossing":"uncontrolled","highway":"crossing"}}},
{"type":"Feature","geometry":{"type":"Point","coordinates":[-122.292721,37.87926]},"properties":{"id":"n10593597347","k":"crossing","t":{"crossing":"uncontrolled","highway":"crossing"}}},
{"type":"Feature","geometry":{"type":"Point","coordinates":[-122.293561,37.879088]},"properties":{"id":"n10593597348","k":"crossing","t":{"crossing":"uncontrolled","highway":"crossing"}}},
{"type":"Feature","geometry":{"type":"Point","coordinates":[-122.293517,37.879165]},"properties":{"id":"n10593597349","k":"crossing","t":{"crossing":"uncontrolled","highway":"crossing"}}},
{"type":"Feature","geometry":{"type":"Point","coordinates":[-122.293434,37.879114]},"properties":{"id":"n10593597350","k":"crossing","t":{"crossing":"uncontrolled","highway":"crossing"}}},
{"type":"Feature","geometry":{"type":"Point","coordinates":[-122.293477,37.879041]},"properties":{"id":"n10593597351","k":"crossing","t":{"crossing":"uncontrolled","highway":"crossing"}}},
{"type":"Feature","geometry":{"type":"Point","coordinates":[-122.293416,37.879117]},"properties":{"id":"n10593597352","k":"signal","t":{"highway":"stop"}}},
{"type":"Feature","geometry":{"type":"Point","coordinates":[-122.293581,37.879084]},"properties":{"id":"n10593597353","k":"signal","t":{"highway":"stop"}}},
{"type":"Feature","geometry":{"type":"Point","coordinates":[-122.294313,37.87886]},"properties":{"id":"n10593597354","k":"signal","t":{"highway":"stop"}}},
{"type":"Feature","geometry":{"type":"Point","coordinates":[-122.29436,37.879008]},"properties":{"id":"n10593597355","k":"signal","t":{"highway":"stop"}}},
{"type":"Feature","geometry":{"type":"Point","coordinates":[-122.295094,37.878781]},"properties":{"id":"n10593597358","k":"signal","t":{"highway":"stop"}}},
{"type":"Feature","geometry":{"type":"Point","coordinates":[-122.295425,37.878717]},"properties":{"id":"n10593597359","k":"signal","t":{"highway":"stop"}}},
{"type":"Feature","geometry":{"type":"Point","coordinates":[-122.297533,37.88196]},"properties":{"id":"n10593597378","k":"signal","t":{"highway":"stop"}}},
{"type":"Feature","geometry":{"type":"Point","coordinates":[-122.298639,37.881736]},"properties":{"id":"n10593597380","k":"signal","t":{"highway":"stop"}}},
{"type":"Feature","geometry":{"type":"Point","coordinates":[-122.298672,37.881897]},"properties":{"id":"n10593597381","k":"signal","t":{"highway":"stop"}}},
{"type":"Feature","geometry":{"type":"Point","coordinates":[-122.300851,37.881291]},"properties":{"id":"n10593597382","k":"signal","t":{"highway":"stop"}}},
{"type":"Feature","geometry":{"type":"Point","coordinates":[-122.304207,37.880692]},"properties":{"id":"n10593597383","k":"signal","t":{"highway":"stop"}}},
{"type":"Feature","geometry":{"type":"Point","coordinates":[-122.304006,37.880735]},"properties":{"id":"n10593597384","k":"signal","t":{"highway":"stop"}}},
{"type":"Feature","geometry":{"type":"Point","coordinates":[-122.304079,37.880625]},"properties":{"id":"n10593597385","k":"signal","t":{"highway":"stop"}}},
{"type":"Feature","geometry":{"type":"Point","coordinates":[-122.289982,37.881299]},"properties":{"id":"n10593597391","k":"bollard","t":{"barrier":"bollard"}}},
{"type":"Feature","geometry":{"type":"Point","coordinates":[-122.289951,37.881341]},"properties":{"id":"n10593597392","k":"signal","t":{"highway":"stop"}}},
{"type":"Feature","geometry":{"type":"Point","coordinates":[-122.290125,37.881564]},"properties":{"id":"n10593597393","k":"signal","t":{"highway":"stop"}}},
{"type":"Feature","geometry":{"type":"Point","coordinates":[-122.285568,37.880466]},"properties":{"id":"n10593597396","k":"signal","t":{"highway":"stop"}}},
{"type":"Feature","geometry":{"type":"Point","coordinates":[-122.28563,37.880303]},"properties":{"id":"n10593597397","k":"signal","t":{"highway":"stop"}}},
{"type":"Feature","geometry":{"type":"Point","coordinates":[-122.286754,37.880576]},"properties":{"id":"n10593597398","k":"signal","t":{"highway":"stop"}}},
{"type":"Feature","geometry":{"type":"Point","coordinates":[-122.286694,37.880733]},"properties":{"id":"n10593597399","k":"signal","t":{"highway":"stop"}}},
{"type":"Feature","geometry":{"type":"Point","coordinates":[-122.287672,37.880881]},"properties":{"id":"n10593597400","k":"signal","t":{"highway":"stop"}}},
{"type":"Feature","geometry":{"type":"Point","coordinates":[-122.287904,37.880936]},"properties":{"id":"n10593597401","k":"signal","t":{"highway":"stop"}}},
{"type":"Feature","geometry":{"type":"Point","coordinates":[-122.290953,37.881597]},"properties":{"id":"n10593597402","k":"bench","t":{"amenity":"bench"}}},
{"type":"Feature","geometry":{"type":"Point","coordinates":[-122.29093,37.881574]},"properties":{"id":"n10593597403","k":"waste_basket","t":{"amenity":"waste_basket"}}},
{"type":"Feature","geometry":{"type":"Point","coordinates":[-122.290818,37.881992]},"properties":{"id":"n10593597404","k":"signal","t":{"highway":"stop"}}},
{"type":"Feature","geometry":{"type":"Point","coordinates":[-122.290747,37.881585]},"properties":{"id":"n10593597405","k":"kerb:flush","t":{"kerb":"flush","tactile_paving":"no","barrier":"kerb"}}},
{"type":"Feature","geometry":{"type":"Point","coordinates":[-122.290791,37.881576]},"properties":{"id":"n10593597406","k":"kerb:flush","t":{"kerb":"flush","tactile_paving":"yes","barrier":"kerb"}}},
{"type":"Feature","geometry":{"type":"Point","coordinates":[-122.290814,37.881571]},"properties":{"id":"n10593597407","k":"kerb:flush","t":{"kerb":"flush","tactile_paving":"yes","barrier":"kerb"}}},
{"type":"Feature","geometry":{"type":"Point","coordinates":[-122.290804,37.881555]},"properties":{"id":"n10593597408","k":"kerb:flush","t":{"kerb":"flush","tactile_paving":"yes","barrier":"kerb"}}},
{"type":"Feature","geometry":{"type":"Point","coordinates":[-122.290681,37.881599]},"properties":{"id":"n10593597410","k":"kerb:flush","t":{"kerb":"flush","tactile_paving":"yes","barrier":"kerb"}}},
{"type":"Feature","geometry":{"type":"Point","coordinates":[-122.290765,37.881581]},"properties":{"id":"n10593597412","k":"crossing","t":{"crossing":"uncontrolled","highway":"crossing"}}},
{"type":"Feature","geometry":{"type":"Point","coordinates":[-122.291516,37.88128]},"properties":{"id":"n10593597414","k":"signal","t":{"highway":"stop"}}},
{"type":"Feature","geometry":{"type":"Point","coordinates":[-122.291564,37.881434]},"properties":{"id":"n10593597415","k":"signal","t":{"highway":"stop"}}},
{"type":"Feature","geometry":{"type":"Point","coordinates":[-122.291295,37.880718]},"properties":{"id":"n10593597416","k":"signal","t":{"highway":"stop"}}},
{"type":"Feature","geometry":{"type":"Point","coordinates":[-122.292352,37.881109]},"properties":{"id":"n10593597425","k":"signal","t":{"highway":"stop"}}},
{"type":"Feature","geometry":{"type":"Point","coordinates":[-122.292404,37.881266]},"properties":{"id":"n10593597426","k":"signal","t":{"highway":"stop"}}},
{"type":"Feature","geometry":{"type":"Point","coordinates":[-122.293194,37.880939]},"properties":{"id":"n10593597427","k":"signal","t":{"highway":"stop"}}},
{"type":"Feature","geometry":{"type":"Point","coordinates":[-122.293246,37.881098]},"properties":{"id":"n10593597428","k":"signal","t":{"highway":"stop"}}},
{"type":"Feature","geometry":{"type":"Point","coordinates":[-122.292313,37.878206]},"properties":{"id":"n10593597429","k":"signal","t":{"highway":"stop"}}},
{"type":"Feature","geometry":{"type":"Point","coordinates":[-122.294032,37.880768]},"properties":{"id":"n10593597430","k":"signal","t":{"highway":"stop"}}},
{"type":"Feature","geometry":{"type":"Point","coordinates":[-122.294083,37.880929]},"properties":{"id":"n10593597431","k":"signal","t":{"highway":"stop"}}},
{"type":"Feature","geometry":{"type":"Point","coordinates":[-122.294873,37.880599]},"properties":{"id":"n10593597432","k":"signal","t":{"highway":"stop"}}},
{"type":"Feature","geometry":{"type":"Point","coordinates":[-122.294925,37.880757]},"properties":{"id":"n10593597433","k":"signal","t":{"highway":"stop"}}},
{"type":"Feature","geometry":{"type":"Point","coordinates":[-122.291449,37.86957]},"properties":{"id":"n10595032044","k":"recycling","t":{"amenity":"recycling"}}},
{"type":"Feature","geometry":{"type":"Point","coordinates":[-122.295854,37.873076]},"properties":{"id":"n10607194310","k":"signal","t":{"highway":"stop"}}},
{"type":"Feature","geometry":{"type":"Point","coordinates":[-122.295802,37.872917]},"properties":{"id":"n10607194311","k":"signal","t":{"highway":"stop"}}},
{"type":"Feature","geometry":{"type":"Point","coordinates":[-122.295849,37.873061]},"properties":{"id":"n10607194312","k":"crossing","t":{"crossing":"uncontrolled","highway":"crossing"}}},
{"type":"Feature","geometry":{"type":"Point","coordinates":[-122.295721,37.873015]},"properties":{"id":"n10607194313","k":"crossing","t":{"crossing":"uncontrolled","highway":"crossing"}}},
{"type":"Feature","geometry":{"type":"Point","coordinates":[-122.295807,37.872932]},"properties":{"id":"n10607194314","k":"crossing","t":{"crossing":"uncontrolled","highway":"crossing"}}},
{"type":"Feature","geometry":{"type":"Point","coordinates":[-122.29593,37.872973]},"properties":{"id":"n10607194315","k":"crossing","t":{"crossing":"uncontrolled","highway":"crossing"}}},
{"type":"Feature","geometry":{"type":"Point","coordinates":[-122.300262,37.872195]},"properties":{"id":"n10607194317","k":"signal","t":{"highway":"stop"}}},
{"type":"Feature","geometry":{"type":"Point","coordinates":[-122.300203,37.872016]},"properties":{"id":"n10607194318","k":"signal","t":{"highway":"stop"}}},
{"type":"Feature","geometry":{"type":"Point","coordinates":[-122.300258,37.87218]},"properties":{"id":"n10607194319","k":"crossing","t":{"crossing":"uncontrolled","highway":"crossing"}}},
{"type":"Feature","geometry":{"type":"Point","coordinates":[-122.300208,37.872031]},"properties":{"id":"n10607194320","k":"crossing","t":{"crossing":"uncontrolled","highway":"crossing"}}},
{"type":"Feature","geometry":{"type":"Point","coordinates":[-122.303488,37.871361]},"properties":{"id":"n10607194321","k":"signal","t":{"highway":"stop"}}},
{"type":"Feature","geometry":{"type":"Point","coordinates":[-122.303548,37.871544]},"properties":{"id":"n10607194322","k":"signal","t":{"highway":"stop"}}},
{"type":"Feature","geometry":{"type":"Point","coordinates":[-122.304631,37.871213]},"properties":{"id":"n10607194323","k":"signal","t":{"highway":"stop"}}},
{"type":"Feature","geometry":{"type":"Point","coordinates":[-122.296397,37.874766]},"properties":{"id":"n10607194324","k":"bollard","t":{"barrier":"bollard","emergency":"yes"}}},
{"type":"Feature","geometry":{"type":"Point","coordinates":[-122.30539,37.874244]},"properties":{"id":"n10607194336","k":"kerb:lowered","t":{"kerb":"lowered","barrier":"kerb"}}},
{"type":"Feature","geometry":{"type":"Point","coordinates":[-122.305607,37.874448]},"properties":{"id":"n10607194337","k":"kerb:lowered","t":{"kerb":"lowered","barrier":"kerb"}}},
{"type":"Feature","geometry":{"type":"Point","coordinates":[-122.298276,37.876941]},"properties":{"id":"n10607194343","k":"crossing","t":{"crossing":"uncontrolled","highway":"crossing"}}},
{"type":"Feature","geometry":{"type":"Point","coordinates":[-122.298238,37.87682]},"properties":{"id":"n10607194344","k":"crossing","t":{"crossing":"uncontrolled","highway":"crossing"}}},
{"type":"Feature","geometry":{"type":"Point","coordinates":[-122.298178,37.876895]},"properties":{"id":"n10607194345","k":"crossing","t":{"crossing":"uncontrolled","highway":"crossing"}}},
{"type":"Feature","geometry":{"type":"Point","coordinates":[-122.300125,37.868124]},"properties":{"id":"n10607421189","k":"kerb:lowered","t":{"kerb":"lowered","tactile_paving":"yes","barrier":"kerb"}}},
{"type":"Feature","geometry":{"type":"Point","coordinates":[-122.299752,37.867493]},"properties":{"id":"n10607421190","k":"kerb:flush","t":{"kerb":"flush","tactile_paving":"yes","barrier":"kerb"}}},
{"type":"Feature","geometry":{"type":"Point","coordinates":[-122.299004,37.868548]},"properties":{"id":"n10607421196","k":"kerb:lowered","t":{"kerb":"lowered","barrier":"kerb"}}},
{"type":"Feature","geometry":{"type":"Point","coordinates":[-122.299153,37.868489]},"properties":{"id":"n10607421198","k":"kerb:lowered","t":{"kerb":"lowered","barrier":"kerb"}}},
{"type":"Feature","geometry":{"type":"Point","coordinates":[-122.299178,37.868484]},"properties":{"id":"n10607421199","k":"signal","t":{"highway":"stop"}}},
{"type":"Feature","geometry":{"type":"Point","coordinates":[-122.29937,37.86967]},"properties":{"id":"n10607421202","k":"kerb:lowered","t":{"kerb":"lowered","barrier":"kerb"}}},
{"type":"Feature","geometry":{"type":"Point","coordinates":[-122.300179,37.868849]},"properties":{"id":"n10607421203","k":"kerb:lowered","t":{"kerb":"lowered","tactile_paving":"yes","barrier":"kerb"}}},
{"type":"Feature","geometry":{"type":"Point","coordinates":[-122.300217,37.868815]},"properties":{"id":"n10607421204","k":"kerb:lowered","t":{"kerb":"lowered","tactile_paving":"yes","barrier":"kerb"}}},
{"type":"Feature","geometry":{"type":"Point","coordinates":[-122.294167,37.874792]},"properties":{"id":"n10607424762","k":"signal","t":{"highway":"stop"}}},
{"type":"Feature","geometry":{"type":"Point","coordinates":[-122.300379,37.868778]},"properties":{"id":"n10607543805","k":"kerb:lowered","t":{"kerb":"lowered","tactile_paving":"yes","barrier":"kerb"}}},
{"type":"Feature","geometry":{"type":"Point","coordinates":[-122.300411,37.868786]},"properties":{"id":"n10607543806","k":"kerb:lowered","t":{"kerb":"lowered","tactile_paving":"yes","barrier":"kerb"}}},
{"type":"Feature","geometry":{"type":"Point","coordinates":[-122.299395,37.869176]},"properties":{"id":"n10607543807","k":"kerb:lowered","t":{"kerb":"lowered","barrier":"kerb"}}},
{"type":"Feature","geometry":{"type":"Point","coordinates":[-122.29942,37.869146]},"properties":{"id":"n10607543808","k":"kerb:lowered","t":{"kerb":"lowered","barrier":"kerb"}}},
{"type":"Feature","geometry":{"type":"Point","coordinates":[-122.299367,37.868993]},"properties":{"id":"n10607543809","k":"kerb:lowered","t":{"kerb":"lowered","barrier":"kerb"}}},
{"type":"Feature","geometry":{"type":"Point","coordinates":[-122.29935,37.868986]},"properties":{"id":"n10607543810","k":"kerb:lowered","t":{"kerb":"lowered","barrier":"kerb"}}},
{"type":"Feature","geometry":{"type":"Point","coordinates":[-122.299167,37.869029]},"properties":{"id":"n10607543811","k":"kerb:lowered","t":{"kerb":"lowered","barrier":"kerb"}}},
{"type":"Feature","geometry":{"type":"Point","coordinates":[-122.299153,37.869043]},"properties":{"id":"n10607543812","k":"kerb:lowered","t":{"kerb":"lowered","barrier":"kerb"}}},
{"type":"Feature","geometry":{"type":"Point","coordinates":[-122.299151,37.869202]},"properties":{"id":"n10607543813","k":"kerb:lowered","t":{"kerb":"lowered","barrier":"kerb"}}},
{"type":"Feature","geometry":{"type":"Point","coordinates":[-122.299201,37.869227]},"properties":{"id":"n10607543814","k":"kerb:lowered","t":{"kerb":"lowered","barrier":"kerb"}}},
{"type":"Feature","geometry":{"type":"Point","coordinates":[-122.298959,37.869219]},"properties":{"id":"n10607543822","k":"kerb:lowered","t":{"kerb":"lowered","barrier":"kerb"}}},
{"type":"Feature","geometry":{"type":"Point","coordinates":[-122.298746,37.869258]},"properties":{"id":"n10607543823","k":"kerb:lowered","t":{"kerb":"lowered","barrier":"kerb"}}},
{"type":"Feature","geometry":{"type":"Point","coordinates":[-122.298711,37.869136]},"properties":{"id":"n10607543824","k":"kerb:lowered","t":{"kerb":"lowered","barrier":"kerb"}}},
{"type":"Feature","geometry":{"type":"Point","coordinates":[-122.298703,37.86911]},"properties":{"id":"n10607543825","k":"signal","t":{"highway":"stop"}}},
{"type":"Feature","geometry":{"type":"Point","coordinates":[-122.299834,37.869043]},"properties":{"id":"n10607543828","k":"kerb:lowered","t":{"kerb":"lowered","barrier":"kerb"}}},
{"type":"Feature","geometry":{"type":"Point","coordinates":[-122.297175,37.869514]},"properties":{"id":"n10607543876","k":"signal","t":{"highway":"stop"}}},
{"type":"Feature","geometry":{"type":"Point","coordinates":[-122.297101,37.86961]},"properties":{"id":"n10607543877","k":"signal","t":{"highway":"stop"}}},
{"type":"Feature","geometry":{"type":"Point","coordinates":[-122.296978,37.869559]},"properties":{"id":"n10607543878","k":"signal","t":{"highway":"stop"}}},
{"type":"Feature","geometry":{"type":"Point","coordinates":[-122.297052,37.869459]},"properties":{"id":"n10607543879","k":"signal","t":{"highway":"stop"}}},
{"type":"Feature","geometry":{"type":"Point","coordinates":[-122.294729,37.870008]},"properties":{"id":"n10607543880","k":"signal","t":{"highway":"stop"}}},
{"type":"Feature","geometry":{"type":"Point","coordinates":[-122.294985,37.869955]},"properties":{"id":"n10607543881","k":"signal","t":{"highway":"stop"}}},
{"type":"Feature","geometry":{"type":"Point","coordinates":[-122.294826,37.869882]},"properties":{"id":"n10607543882","k":"signal","t":{"highway":"stop"}}},
{"type":"Feature","geometry":{"type":"Point","coordinates":[-122.294963,37.86996]},"properties":{"id":"n10607543883","k":"crossing","t":{"crossing":"uncontrolled","highway":"crossing"}}},
{"type":"Feature","geometry":{"type":"Point","coordinates":[-122.294886,37.870071]},"properties":{"id":"n10607543884","k":"crossing","t":{"crossing":"uncontrolled","highway":"crossing"}}},
{"type":"Feature","geometry":{"type":"Point","coordinates":[-122.299767,37.870403]},"properties":{"id":"n10607543886","k":"kerb:lowered","t":{"kerb":"lowered","barrier":"kerb"}}},
{"type":"Feature","geometry":{"type":"Point","coordinates":[-122.299774,37.870431]},"properties":{"id":"n10607543887","k":"kerb:lowered","t":{"kerb":"lowered","tactile_paving":"yes","barrier":"kerb"}}},
{"type":"Feature","geometry":{"type":"Point","coordinates":[-122.299621,37.870455]},"properties":{"id":"n10607543888","k":"kerb:lowered","t":{"kerb":"lowered","tactile_paving":"yes","barrier":"kerb"}}},
{"type":"Feature","geometry":{"type":"Point","coordinates":[-122.299549,37.870262]},"properties":{"id":"n10607543889","k":"kerb:lowered","t":{"kerb":"lowered","tactile_paving":"yes","barrier":"kerb"}}},
{"type":"Feature","geometry":{"type":"Point","coordinates":[-122.299715,37.870232]},"properties":{"id":"n10607543890","k":"kerb:lowered","t":{"kerb":"lowered","tactile_paving":"yes","barrier":"kerb"}}},
{"type":"Feature","geometry":{"type":"Point","coordinates":[-122.299731,37.870287]},"properties":{"id":"n10607543891","k":"kerb:lowered","t":{"kerb":"lowered","barrier":"kerb"}}},
{"type":"Feature","geometry":{"type":"Point","coordinates":[-122.299592,37.870356]},"properties":{"id":"n10607543900","k":"kerb:lowered","t":{"kerb":"lowered","barrier":"kerb"}}},
{"type":"Feature","geometry":{"type":"Point","coordinates":[-122.298606,37.870556]},"properties":{"id":"n10607543901","k":"kerb:lowered","t":{"kerb":"lowered","barrier":"kerb"}}},
{"type":"Feature","geometry":{"type":"Point","coordinates":[-122.298392,37.8706]},"properties":{"id":"n10607543910","k":"signal","t":{"highway":"stop"}}},
{"type":"Feature","geometry":{"type":"Point","coordinates":[-122.296493,37.871089]},"properties":{"id":"n10607543936","k":"bollard","t":{"barrier":"bollard"}}},
{"type":"Feature","geometry":{"type":"Point","coordinates":[-122.297553,37.87077]},"properties":{"id":"n10607543974","k":"crossing","t":{"crossing":"uncontrolled","highway":"crossing"}}},
{"type":"Feature","geometry":{"type":"Point","coordinates":[-122.296292,37.871024]},"properties":{"id":"n10607543980","k":"crossing","t":{"crossing":"uncontrolled","highway":"crossing"}}},
{"type":"Feature","geometry":{"type":"Point","coordinates":[-122.300601,37.86957]},"properties":{"id":"n10607543981","k":"kerb:lowered","t":{"kerb":"lowered","barrier":"kerb"}}},
{"type":"Feature","geometry":{"type":"Point","coordinates":[-122.300451,37.869607]},"properties":{"id":"n10607543982","k":"kerb:lowered","t":{"kerb":"lowered","barrier":"kerb"}}},
{"type":"Feature","geometry":{"type":"Point","coordinates":[-122.300817,37.870205]},"properties":{"id":"n10607543983","k":"waste_basket","t":{"amenity":"waste_basket"}}},
{"type":"Feature","geometry":{"type":"Point","coordinates":[-122.300815,37.870292]},"properties":{"id":"n10607543984","k":"bicycle_parking","t":{"amenity":"bicycle_parking","capacity":"10"}}},
{"type":"Feature","geometry":{"type":"Point","coordinates":[-122.300908,37.870493]},"properties":{"id":"n10607543996","k":"waste_basket","t":{"amenity":"waste_basket"}}},
{"type":"Feature","geometry":{"type":"Point","coordinates":[-122.300936,37.870648]},"properties":{"id":"n10607544002","k":"kerb:lowered","t":{"kerb":"lowered","barrier":"kerb"}}},
{"type":"Feature","geometry":{"type":"Point","coordinates":[-122.300964,37.870739]},"properties":{"id":"n10607544003","k":"kerb:lowered","t":{"kerb":"lowered","barrier":"kerb"}}},
{"type":"Feature","geometry":{"type":"Point","coordinates":[-122.301041,37.870709]},"properties":{"id":"n10607544010","k":"kerb:flush","t":{"kerb":"flush","tactile_paving":"yes","barrier":"kerb"}}},
{"type":"Feature","geometry":{"type":"Point","coordinates":[-122.301052,37.870743]},"properties":{"id":"n10607544017","k":"kerb:flush","t":{"kerb":"flush","tactile_paving":"yes","barrier":"kerb"}}},
{"type":"Feature","geometry":{"type":"Point","coordinates":[-122.301027,37.870629]},"properties":{"id":"n10607544020","k":"crossing","t":{"crossing":"uncontrolled","highway":"crossing"}}},
{"type":"Feature","geometry":{"type":"Point","coordinates":[-122.301028,37.870668]},"properties":{"id":"n10607544021","k":"kerb:flush","t":{"kerb":"flush","tactile_paving":"yes","barrier":"kerb"}}},
{"type":"Feature","geometry":{"type":"Point","coordinates":[-122.301046,37.870724]},"properties":{"id":"n10607544022","k":"crossing","t":{"crossing":"uncontrolled","highway":"crossing"}}},
{"type":"Feature","geometry":{"type":"Point","coordinates":[-122.300947,37.871121]},"properties":{"id":"n10607544024","k":"kerb:lowered","t":{"kerb":"lowered","barrier":"kerb"}}},
{"type":"Feature","geometry":{"type":"Point","coordinates":[-122.300775,37.870102]},"properties":{"id":"n10607544032","k":"kerb:lowered","t":{"kerb":"lowered","barrier":"kerb"}}},
{"type":"Feature","geometry":{"type":"Point","coordinates":[-122.300619,37.870121]},"properties":{"id":"n10607544033","k":"kerb:lowered","t":{"kerb":"lowered","barrier":"kerb"}}},
{"type":"Feature","geometry":{"type":"Point","coordinates":[-122.300843,37.870089]},"properties":{"id":"n10607544034","k":"signal","t":{"highway":"stop"}}},
{"type":"Feature","geometry":{"type":"Point","coordinates":[-122.301199,37.869972]},"properties":{"id":"n10607544084","k":"kerb:lowered","t":{"kerb":"lowered","tactile_paving":"yes","barrier":"kerb"}}},
{"type":"Feature","geometry":{"type":"Point","coordinates":[-122.301228,37.870053]},"properties":{"id":"n10607544085","k":"kerb:lowered","t":{"kerb":"lowered","tactile_paving":"yes","barrier":"kerb"}}},
{"type":"Feature","geometry":{"type":"Point","coordinates":[-122.301491,37.869937]},"properties":{"id":"n10607544096","k":"kerb:lowered","t":{"kerb":"lowered","tactile_paving":"no","barrier":"kerb"}}},
{"type":"Feature","geometry":{"type":"Point","coordinates":[-122.301212,37.870009]},"properties":{"id":"n10607544121","k":"crossing","t":{"crossing":"uncontrolled","highway":"crossing"}}},
{"type":"Feature","geometry":{"type":"Point","coordinates":[-122.302851,37.869692]},"properties":{"id":"n10607544122","k":"signal","t":{"highway":"stop"}}},
{"type":"Feature","geometry":{"type":"Point","coordinates":[-122.30336,37.870008]},"properties":{"id":"n10607544202","k":"crossing","t":{"crossing":"uncontrolled","highway":"crossing"}}},
{"type":"Feature","geometry":{"type":"Point","coordinates":[-122.303226,37.86982]},"properties":{"id":"n10607544264","k":"crossing","t":{"crossing":"uncontrolled","highway":"crossing"}}},
{"type":"Feature","geometry":{"type":"Point","coordinates":[-122.30422,37.870323]},"properties":{"id":"n10607544266","k":"crossing","t":{"crossing":"uncontrolled","highway":"crossing"}}},
{"type":"Feature","geometry":{"type":"Point","coordinates":[-122.30026,37.868399]},"properties":{"id":"n10607560887","k":"vending_machine","t":{"amenity":"vending_machine"}}},
{"type":"Feature","geometry":{"type":"Point","coordinates":[-122.300257,37.868387]},"properties":{"id":"n10607560888","k":"vending_machine","t":{"amenity":"vending_machine"}}},
{"type":"Feature","geometry":{"type":"Point","coordinates":[-122.296545,37.871201]},"properties":{"id":"n10607604456","k":"tree","t":{"natural":"tree"}}},
{"type":"Feature","geometry":{"type":"Point","coordinates":[-122.296569,37.87128]},"properties":{"id":"n10607604457","k":"tree","t":{"natural":"tree"}}},
{"type":"Feature","geometry":{"type":"Point","coordinates":[-122.296603,37.871209]},"properties":{"id":"n10607604458","k":"tree","t":{"natural":"tree"}}},
{"type":"Feature","geometry":{"type":"Point","coordinates":[-122.296624,37.871277]},"properties":{"id":"n10607604459","k":"tree","t":{"natural":"tree"}}},
{"type":"Feature","geometry":{"type":"Point","coordinates":[-122.296646,37.871339]},"properties":{"id":"n10607604460","k":"tree","t":{"natural":"tree"}}},
{"type":"Feature","geometry":{"type":"Point","coordinates":[-122.296667,37.871409]},"properties":{"id":"n10607604461","k":"tree","t":{"natural":"tree"}}},
{"type":"Feature","geometry":{"type":"Point","coordinates":[-122.296686,37.871473]},"properties":{"id":"n10607604462","k":"tree","t":{"natural":"tree"}}},
{"type":"Feature","geometry":{"type":"Point","coordinates":[-122.296597,37.871364]},"properties":{"id":"n10607604463","k":"tree","t":{"natural":"tree"}}},
{"type":"Feature","geometry":{"type":"Point","coordinates":[-122.296626,37.871456]},"properties":{"id":"n10607604464","k":"tree","t":{"natural":"tree"}}},
{"type":"Feature","geometry":{"type":"Point","coordinates":[-122.296651,37.871548]},"properties":{"id":"n10607604465","k":"tree","t":{"natural":"tree"}}},
{"type":"Feature","geometry":{"type":"Point","coordinates":[-122.296677,37.871641]},"properties":{"id":"n10607604466","k":"tree","t":{"natural":"tree"}}},
{"type":"Feature","geometry":{"type":"Point","coordinates":[-122.296698,37.871738]},"properties":{"id":"n10607604467","k":"tree","t":{"natural":"tree"}}},
{"type":"Feature","geometry":{"type":"Point","coordinates":[-122.296769,37.871592]},"properties":{"id":"n10607604468","k":"tree","t":{"natural":"tree"}}},
{"type":"Feature","geometry":{"type":"Point","coordinates":[-122.296845,37.871617]},"properties":{"id":"n10607604469","k":"tree","t":{"natural":"tree"}}},
{"type":"Feature","geometry":{"type":"Point","coordinates":[-122.296835,37.871989]},"properties":{"id":"n10607604470","k":"tree","t":{"natural":"tree"}}},
{"type":"Feature","geometry":{"type":"Point","coordinates":[-122.296741,37.871927]},"properties":{"id":"n10607604471","k":"tree","t":{"natural":"tree"}}},
{"type":"Feature","geometry":{"type":"Point","coordinates":[-122.296764,37.872006]},"properties":{"id":"n10607604472","k":"tree","t":{"natural":"tree"}}},
{"type":"Feature","geometry":{"type":"Point","coordinates":[-122.296782,37.872061]},"properties":{"id":"n10607604473","k":"tree","t":{"natural":"tree"}}},
{"type":"Feature","geometry":{"type":"Point","coordinates":[-122.296841,37.87214]},"properties":{"id":"n10607604474","k":"tree","t":{"natural":"tree"}}},
{"type":"Feature","geometry":{"type":"Point","coordinates":[-122.296816,37.872172]},"properties":{"id":"n10607604475","k":"tree","t":{"natural":"tree"}}},
{"type":"Feature","geometry":{"type":"Point","coordinates":[-122.29684,37.87224]},"properties":{"id":"n10607604476","k":"tree","t":{"natural":"tree"}}},
{"type":"Feature","geometry":{"type":"Point","coordinates":[-122.296862,37.87231]},"properties":{"id":"n10607604477","k":"tree","t":{"natural":"tree"}}},
{"type":"Feature","geometry":{"type":"Point","coordinates":[-122.29688,37.872365]},"properties":{"id":"n10607604478","k":"tree","t":{"natural":"tree"}}},
{"type":"Feature","geometry":{"type":"Point","coordinates":[-122.296964,37.872533]},"properties":{"id":"n10607604479","k":"tree","t":{"natural":"tree"}}},
{"type":"Feature","geometry":{"type":"Point","coordinates":[-122.296983,37.872595]},"properties":{"id":"n10607604481","k":"tree","t":{"natural":"tree"}}},
{"type":"Feature","geometry":{"type":"Point","coordinates":[-122.297,37.872646]},"properties":{"id":"n10607604482","k":"tree","t":{"natural":"tree"}}},
{"type":"Feature","geometry":{"type":"Point","coordinates":[-122.297213,37.872658]},"properties":{"id":"n10607604483","k":"tree","t":{"natural":"tree"}}},
{"type":"Feature","geometry":{"type":"Point","coordinates":[-122.297113,37.872679]},"properties":{"id":"n10607604484","k":"tree","t":{"natural":"tree"}}},
{"type":"Feature","geometry":{"type":"Point","coordinates":[-122.297338,37.872631]},"properties":{"id":"n10607604485","k":"tree","t":{"natural":"tree"}}},
{"type":"Feature","geometry":{"type":"Point","coordinates":[-122.297426,37.872548]},"properties":{"id":"n10607604486","k":"tree","t":{"natural":"tree"}}},
{"type":"Feature","geometry":{"type":"Point","coordinates":[-122.297532,37.872594]},"properties":{"id":"n10607604487","k":"tree","t":{"natural":"tree"}}},
{"type":"Feature","geometry":{"type":"Point","coordinates":[-122.297622,37.872576]},"properties":{"id":"n10607604488","k":"tree","t":{"natural":"tree"}}},
{"type":"Feature","geometry":{"type":"Point","coordinates":[-122.297715,37.872557]},"properties":{"id":"n10607604489","k":"tree","t":{"natural":"tree"}}},
{"type":"Feature","geometry":{"type":"Point","coordinates":[-122.297892,37.872519]},"properties":{"id":"n10607604490","k":"tree","t":{"natural":"tree"}}},
{"type":"Feature","geometry":{"type":"Point","coordinates":[-122.297606,37.871569]},"properties":{"id":"n10607604491","k":"tree","t":{"natural":"tree"}}},
{"type":"Feature","geometry":{"type":"Point","coordinates":[-122.29759,37.87143]},"properties":{"id":"n10607604492","k":"tree","t":{"natural":"tree"}}},
{"type":"Feature","geometry":{"type":"Point","coordinates":[-122.297561,37.871335]},"properties":{"id":"n10607604493","k":"tree","t":{"natural":"tree"}}},
{"type":"Feature","geometry":{"type":"Point","coordinates":[-122.29718,37.870921]},"properties":{"id":"n10607604494","k":"tree","t":{"natural":"tree"}}},
{"type":"Feature","geometry":{"type":"Point","coordinates":[-122.296903,37.87098]},"properties":{"id":"n10607604495","k":"tree","t":{"natural":"tree"}}},
{"type":"Feature","geometry":{"type":"Point","coordinates":[-122.296819,37.870996]},"properties":{"id":"n10607604496","k":"tree","t":{"natural":"tree"}}},
{"type":"Feature","geometry":{"type":"Point","coordinates":[-122.296715,37.871017]},"properties":{"id":"n10607604497","k":"tree","t":{"natural":"tree"}}},
{"type":"Feature","geometry":{"type":"Point","coordinates":[-122.2966,37.871038]},"properties":{"id":"n10607604498","k":"tree","t":{"natural":"tree"}}},
{"type":"Feature","geometry":{"type":"Point","coordinates":[-122.296807,37.871876]},"properties":{"id":"n10607604499","k":"tree","t":{"natural":"tree"}}},
{"type":"Feature","geometry":{"type":"Point","coordinates":[-122.296855,37.871879]},"properties":{"id":"n10607604500","k":"tree","t":{"natural":"tree"}}},
{"type":"Feature","geometry":{"type":"Point","coordinates":[-122.29726,37.871782]},"properties":{"id":"n10607604501","k":"bench","t":{"amenity":"bench"}}},
{"type":"Feature","geometry":{"type":"Point","coordinates":[-122.297004,37.872193]},"properties":{"id":"n10607632819","k":"bench","t":{"amenity":"bench"}}},
{"type":"Feature","geometry":{"type":"Point","coordinates":[-122.296823,37.871648]},"properties":{"id":"n10607632820","k":"bench","t":{"amenity":"bench"}}},
{"type":"Feature","geometry":{"type":"Point","coordinates":[-122.297213,37.871768]},"properties":{"id":"n10607632821","k":"bench","t":{"amenity":"bench"}}},
{"type":"Feature","geometry":{"type":"Point","coordinates":[-122.297333,37.871745]},"properties":{"id":"n10607632822","k":"waste_basket","t":{"amenity":"waste_basket"}}},
{"type":"Feature","geometry":{"type":"Point","coordinates":[-122.297488,37.871734]},"properties":{"id":"n10607632823","k":"waste_basket","t":{"amenity":"waste_basket"}}},
{"type":"Feature","geometry":{"type":"Point","coordinates":[-122.297591,37.872526]},"properties":{"id":"n10607632842","k":"bench","t":{"amenity":"bench"}}},
{"type":"Feature","geometry":{"type":"Point","coordinates":[-122.297631,37.872516]},"properties":{"id":"n10607632843","k":"waste_basket","t":{"amenity":"waste_basket"}}},
{"type":"Feature","geometry":{"type":"Point","coordinates":[-122.297446,37.871782]},"properties":{"id":"n10607632861","k":"bench","t":{"amenity":"bench"}}},
{"type":"Feature","geometry":{"type":"Point","coordinates":[-122.297515,37.871768]},"properties":{"id":"n10607632862","k":"bench","t":{"amenity":"bench"}}},
{"type":"Feature","geometry":{"type":"Point","coordinates":[-122.297422,37.870913]},"properties":{"id":"n10607632869","k":"bollard","t":{"barrier":"bollard"}}},
{"type":"Feature","geometry":{"type":"Point","coordinates":[-122.29647,37.870988]},"properties":{"id":"n10607632893","k":"signal","t":{"highway":"stop"}}},
{"type":"Feature","geometry":{"type":"Point","coordinates":[-122.2964,37.871103]},"properties":{"id":"n10607632894","k":"signal","t":{"highway":"stop"}}},
{"type":"Feature","geometry":{"type":"Point","coordinates":[-122.296275,37.871028]},"properties":{"id":"n10607632895","k":"signal","t":{"highway":"stop"}}},
{"type":"Feature","geometry":{"type":"Point","coordinates":[-122.296338,37.870912]},"properties":{"id":"n10607632896","k":"signal","t":{"highway":"stop"}}},
{"type":"Feature","geometry":{"type":"Point","coordinates":[-122.296501,37.871134]},"properties":{"id":"n10607632898","k":"waste_basket","t":{"amenity":"waste_basket"}}},
{"type":"Feature","geometry":{"type":"Point","coordinates":[-122.296522,37.871164]},"properties":{"id":"n10607632899","k":"bench","t":{"amenity":"bench"}}},
{"type":"Feature","geometry":{"type":"Point","coordinates":[-122.297111,37.871865]},"properties":{"id":"n10607632902","k":"waste_basket","t":{"amenity":"waste_basket"}}},
{"type":"Feature","geometry":{"type":"Point","coordinates":[-122.296818,37.871934]},"properties":{"id":"n10607632938","k":"bollard","t":{"barrier":"bollard"}}},
{"type":"Feature","geometry":{"type":"Point","coordinates":[-122.296973,37.871949]},"properties":{"id":"n10607632939","k":"bicycle_parking","t":{"amenity":"bicycle_parking","capacity":"4"}}},
{"type":"Feature","geometry":{"type":"Point","coordinates":[-122.296855,37.872055]},"properties":{"id":"n10607632946","k":"bollard","t":{"barrier":"bollard"}}},
{"type":"Feature","geometry":{"type":"Point","coordinates":[-122.296723,37.871827]},"properties":{"id":"n10607632974","k":"bicycle_parking","t":{"amenity":"bicycle_parking","capacity":"8"}}},
{"type":"Feature","geometry":{"type":"Point","coordinates":[-122.281815,37.879259]},"properties":{"id":"n10648462732","k":"signal","t":{"highway":"stop"}}},
{"type":"Feature","geometry":{"type":"Point","coordinates":[-122.281043,37.879631]},"properties":{"id":"n10648462733","k":"signal","t":{"highway":"stop"}}},
{"type":"Feature","geometry":{"type":"Point","coordinates":[-122.280921,37.879593]},"properties":{"id":"n10648462734","k":"signal","t":{"highway":"stop"}}},
{"type":"Feature","geometry":{"type":"Point","coordinates":[-122.280752,37.879739]},"properties":{"id":"n10648462735","k":"signal","t":{"highway":"stop"}}},
{"type":"Feature","geometry":{"type":"Point","coordinates":[-122.280882,37.879777]},"properties":{"id":"n10648462736","k":"signal","t":{"highway":"stop"}}},
{"type":"Feature","geometry":{"type":"Point","coordinates":[-122.282332,37.880213]},"properties":{"id":"n10648462744","k":"signal","t":{"highway":"stop"}}},
{"type":"Feature","geometry":{"type":"Point","coordinates":[-122.281805,37.881851]},"properties":{"id":"n10648462745","k":"waste_basket","t":{"amenity":"waste_basket"}}},
{"type":"Feature","geometry":{"type":"Point","coordinates":[-122.281505,37.881817]},"properties":{"id":"n10648462746","k":"waste_basket","t":{"amenity":"waste_basket","operator":"City of Berkeley"}}},
{"type":"Feature","geometry":{"type":"Point","coordinates":[-122.281582,37.881785]},"properties":{"id":"n10648462747","k":"bicycle_parking","t":{"amenity":"bicycle_parking","capacity":"2"}}},
{"type":"Feature","geometry":{"type":"Point","coordinates":[-122.281804,37.881677]},"properties":{"id":"n10648462748","k":"waste_basket","t":{"amenity":"waste_basket"}}},
{"type":"Feature","geometry":{"type":"Point","coordinates":[-122.281744,37.881702]},"properties":{"id":"n10648462749","k":"bicycle_parking","t":{"amenity":"bicycle_parking","capacity":"2"}}},
{"type":"Feature","geometry":{"type":"Point","coordinates":[-122.281474,37.881829]},"properties":{"id":"n10648462750","k":"bench","t":{"amenity":"bench"}}},
{"type":"Feature","geometry":{"type":"Point","coordinates":[-122.283219,37.8799]},"properties":{"id":"n10648462753","k":"signal","t":{"highway":"stop"}}},
{"type":"Feature","geometry":{"type":"Point","coordinates":[-122.283021,37.879971]},"properties":{"id":"n10648462754","k":"signal","t":{"highway":"stop"}}},
{"type":"Feature","geometry":{"type":"Point","coordinates":[-122.281453,37.881822]},"properties":{"id":"n10694209674","k":"waste_basket","t":{"amenity":"waste_basket","operator":"Gioia Pizzeria"}}},
{"type":"Feature","geometry":{"type":"Point","coordinates":[-122.291151,37.874422]},"properties":{"id":"n10703216820","k":"manhole","t":{"man_made":"manhole"}}},
{"type":"Feature","geometry":{"type":"Point","coordinates":[-122.284901,37.875788]},"properties":{"id":"n10703216823","k":"manhole","t":{"man_made":"manhole"}}},
{"type":"Feature","geometry":{"type":"Point","coordinates":[-122.283441,37.874284]},"properties":{"id":"n10724954425","k":"kerb:flush","t":{"kerb":"flush","tactile_paving":"no","wheelchair":"yes","barrier":"kerb"}}},
{"type":"Feature","geometry":{"type":"Point","coordinates":[-122.283886,37.874239]},"properties":{"id":"n10724954434","k":"crossing","t":{"crossing":"uncontrolled","highway":"crossing"}}},
{"type":"Feature","geometry":{"type":"Point","coordinates":[-122.2833,37.873696]},"properties":{"id":"n10724957009","k":"kerb:raised","t":{"kerb":"raised","wheelchair":"separate","barrier":"kerb"}}},
{"type":"Feature","geometry":{"type":"Point","coordinates":[-122.283136,37.873087]},"properties":{"id":"n10724957012","k":"kerb:raised","t":{"kerb":"raised","barrier":"kerb"}}},
{"type":"Feature","geometry":{"type":"Point","coordinates":[-122.283106,37.873782]},"properties":{"id":"n10724957021","k":"kerb:lowered","t":{"kerb":"lowered","tactile_paving":"no","wheelchair":"limited","barrier":"kerb"}}},
{"type":"Feature","geometry":{"type":"Point","coordinates":[-122.282859,37.873301]},"properties":{"id":"n10724957023","k":"kerb:raised","t":{"kerb":"raised","barrier":"kerb"}}},
{"type":"Feature","geometry":{"type":"Point","coordinates":[-122.282762,37.873817]},"properties":{"id":"n10724957035","k":"kerb:raised","t":{"kerb":"raised","barrier":"kerb"}}},
{"type":"Feature","geometry":{"type":"Point","coordinates":[-122.28301,37.874068]},"properties":{"id":"n10724957051","k":"kerb:flush","t":{"kerb":"flush","tactile_paving":"yes","wheelchair":"yes","barrier":"kerb"}}},
{"type":"Feature","geometry":{"type":"Point","coordinates":[-122.282906,37.874078]},"properties":{"id":"n10724957052","k":"kerb:flush","t":{"kerb":"flush","tactile_paving":"yes","wheelchair":"yes","barrier":"kerb"}}},
{"type":"Feature","geometry":{"type":"Point","coordinates":[-122.282809,37.874086]},"properties":{"id":"n10724957053","k":"kerb:flush","t":{"kerb":"flush","tactile_paving":"yes","wheelchair":"yes","barrier":"kerb"}}},
{"type":"Feature","geometry":{"type":"Point","coordinates":[-122.28317,37.874214]},"properties":{"id":"n10724957066","k":"kerb:lowered","t":{"kerb":"lowered","tactile_paving":"no","wheelchair":"limited","barrier":"kerb"}}},
{"type":"Feature","geometry":{"type":"Point","coordinates":[-122.283325,37.874815]},"properties":{"id":"n10724957081","k":"kerb:lowered","t":{"kerb":"lowered","tactile_paving":"no","wheelchair":"limited","barrier":"kerb"}}},
{"type":"Feature","geometry":{"type":"Point","coordinates":[-122.299924,37.866242]},"properties":{"id":"n10731499282","k":"bench","t":{"amenity":"bench"}}},
{"type":"Feature","geometry":{"type":"Point","coordinates":[-122.313629,37.868023]},"properties":{"id":"n10767435515","k":"bollard","t":{"barrier":"bollard"}}},
{"type":"Feature","geometry":{"type":"Point","coordinates":[-122.313348,37.867978]},"properties":{"id":"n10767435516","k":"bollard","t":{"barrier":"bollard"}}},
{"type":"Feature","geometry":{"type":"Point","coordinates":[-122.313013,37.867999]},"properties":{"id":"n10767435517","k":"bollard","t":{"barrier":"bollard"}}},
{"type":"Feature","geometry":{"type":"Point","coordinates":[-122.300768,37.867201]},"properties":{"id":"n10792932277","k":"bicycle_parking","t":{"amenity":"bicycle_parking","capacity":"12"}}},
{"type":"Feature","geometry":{"type":"Point","coordinates":[-122.286138,37.865382]},"properties":{"id":"n10930747859","k":"bollard","t":{"barrier":"bollard"}}},
{"type":"Feature","geometry":{"type":"Point","coordinates":[-122.291736,37.85999]},"properties":{"id":"n10931874678","k":"bicycle_parking","t":{"amenity":"bicycle_parking","capacity":"2"}}},
{"type":"Feature","geometry":{"type":"Point","coordinates":[-122.289583,37.854038]},"properties":{"id":"n10931877427","k":"bicycle_parking","t":{"amenity":"bicycle_parking","capacity":"22"}}},
{"type":"Feature","geometry":{"type":"Point","coordinates":[-122.290576,37.857222]},"properties":{"id":"n10931880642","k":"bicycle_parking","t":{"access":"private","amenity":"bicycle_parking","capacity":"16"}}},
{"type":"Feature","geometry":{"type":"Point","coordinates":[-122.290548,37.857166]},"properties":{"id":"n10931880643","k":"bicycle_parking","t":{"access":"private","amenity":"bicycle_parking","capacity":"2"}}},
{"type":"Feature","geometry":{"type":"Point","coordinates":[-122.291433,37.859015]},"properties":{"id":"n10931886222","k":"bicycle_parking","t":{"amenity":"bicycle_parking","capacity":"2"}}},
{"type":"Feature","geometry":{"type":"Point","coordinates":[-122.291534,37.85939]},"properties":{"id":"n10931886223","k":"bicycle_parking","t":{"amenity":"bicycle_parking","capacity":"2"}}},
{"type":"Feature","geometry":{"type":"Point","coordinates":[-122.291494,37.859232]},"properties":{"id":"n10931886224","k":"bicycle_parking","t":{"amenity":"bicycle_parking","capacity":"2"}}},
{"type":"Feature","geometry":{"type":"Point","coordinates":[-122.29145,37.859139]},"properties":{"id":"n10931886225","k":"bicycle_parking","t":{"amenity":"bicycle_parking","capacity":"2"}}},
{"type":"Feature","geometry":{"type":"Point","coordinates":[-122.291441,37.85908]},"properties":{"id":"n10931886226","k":"bicycle_parking","t":{"amenity":"bicycle_parking","capacity":"2"}}},
{"type":"Feature","geometry":{"type":"Point","coordinates":[-122.291548,37.859444]},"properties":{"id":"n10931886227","k":"bicycle_parking","t":{"amenity":"bicycle_parking","capacity":"3"}}},
{"type":"Feature","geometry":{"type":"Point","coordinates":[-122.291424,37.858989]},"properties":{"id":"n10931886228","k":"bicycle_parking","t":{"amenity":"bicycle_parking","capacity":"2"}}},
{"type":"Feature","geometry":{"type":"Point","coordinates":[-122.28856,37.86826]},"properties":{"id":"n10934893497","k":"bicycle_parking","t":{"amenity":"bicycle_parking","capacity":"2"}}},
{"type":"Feature","geometry":{"type":"Point","coordinates":[-122.283381,37.869304]},"properties":{"id":"n10934940400","k":"bicycle_parking","t":{"amenity":"bicycle_parking","capacity":"8"}}},
{"type":"Feature","geometry":{"type":"Point","coordinates":[-122.303646,37.878856]},"properties":{"id":"n10999136451","k":"crossing","t":{"crossing":"traffic_signals","tactile_paving":"yes","highway":"crossing"}}},
{"type":"Feature","geometry":{"type":"Point","coordinates":[-122.304636,37.878657]},"properties":{"id":"n10999136454","k":"crossing","t":{"railway":"crossing","operator":"Union Pacific"}}},
{"type":"Feature","geometry":{"type":"Point","coordinates":[-122.304591,37.878666]},"properties":{"id":"n10999136455","k":"crossing","t":{"railway":"crossing","operator":"Union Pacific"}}},
{"type":"Feature","geometry":{"type":"Point","coordinates":[-122.305866,37.878371]},"properties":{"id":"n10999136463","k":"kerb:flush","t":{"kerb":"flush","tactile_paving":"yes","wheelchair":"yes","barrier":"kerb"}}},
{"type":"Feature","geometry":{"type":"Point","coordinates":[-122.305729,37.878381]},"properties":{"id":"n10999136464","k":"kerb:flush","t":{"kerb":"flush","tactile_paving":"yes","wheelchair":"yes","barrier":"kerb"}}},
{"type":"Feature","geometry":{"type":"Point","coordinates":[-122.304725,37.878602]},"properties":{"id":"n10999136465","k":"kerb:flush","t":{"kerb":"flush","tactile_paving":"yes","wheelchair":"yes","barrier":"kerb"}}},
{"type":"Feature","geometry":{"type":"Point","coordinates":[-122.30449,37.878652]},"properties":{"id":"n10999136466","k":"kerb:flush","t":{"kerb":"flush","tactile_paving":"yes","wheelchair":"yes","barrier":"kerb"}}},
{"type":"Feature","geometry":{"type":"Point","coordinates":[-122.303398,37.878891]},"properties":{"id":"n10999136471","k":"kerb:lowered","t":{"kerb":"lowered","tactile_paving":"yes","wheelchair":"yes","barrier":"kerb"}}},
{"type":"Feature","geometry":{"type":"Point","coordinates":[-122.303438,37.879024]},"properties":{"id":"n10999136472","k":"kerb:lowered","t":{"kerb":"lowered","tactile_paving":"yes","wheelchair":"yes","barrier":"kerb"}}},
{"type":"Feature","geometry":{"type":"Point","coordinates":[-122.304538,37.878808]},"properties":{"id":"n10999136476","k":"kerb:flush","t":{"kerb":"flush","tactile_paving":"yes","wheelchair":"yes","barrier":"kerb"}}},
{"type":"Feature","geometry":{"type":"Point","coordinates":[-122.304767,37.878759]},"properties":{"id":"n10999136477","k":"kerb:flush","t":{"kerb":"flush","tactile_paving":"yes","wheelchair":"yes","barrier":"kerb"}}},
{"type":"Feature","geometry":{"type":"Point","coordinates":[-122.305749,37.878568]},"properties":{"id":"n10999136480","k":"kerb:flush","t":{"kerb":"flush","tactile_paving":"yes","wheelchair":"yes","barrier":"kerb"}}},
{"type":"Feature","geometry":{"type":"Point","coordinates":[-122.305877,37.878562]},"properties":{"id":"n10999136481","k":"kerb:flush","t":{"kerb":"flush","tactile_paving":"yes","wheelchair":"yes","barrier":"kerb"}}},
{"type":"Feature","geometry":{"type":"Point","coordinates":[-122.303665,37.878918]},"properties":{"id":"n10999136490","k":"crossing","t":{"crossing":"traffic_signals","tactile_paving":"yes","highway":"crossing"}}},
{"type":"Feature","geometry":{"type":"Point","coordinates":[-122.304625,37.878623]},"properties":{"id":"n10999136492","k":"crossing","t":{"railway":"crossing","operator":"Union Pacific"}}},
{"type":"Feature","geometry":{"type":"Point","coordinates":[-122.304581,37.878633]},"properties":{"id":"n10999136493","k":"crossing","t":{"railway":"crossing","operator":"Union Pacific"}}},
{"type":"Feature","geometry":{"type":"Point","coordinates":[-122.304631,37.878788]},"properties":{"id":"n10999136495","k":"crossing","t":{"railway":"crossing","operator":"Union Pacific"}}},
{"type":"Feature","geometry":{"type":"Point","coordinates":[-122.304675,37.878778]},"properties":{"id":"n10999136497","k":"crossing","t":{"railway":"crossing","operator":"Union Pacific"}}},
{"type":"Feature","geometry":{"type":"Point","coordinates":[-122.304865,37.878739]},"properties":{"id":"n10999136498","k":"crossing","t":{"highway":"crossing"}}},
{"type":"Feature","geometry":{"type":"Point","coordinates":[-122.304093,37.878735]},"properties":{"id":"n10999136499","k":"crossing","t":{"highway":"crossing"}}},
{"type":"Feature","geometry":{"type":"Point","coordinates":[-122.305429,37.878627]},"properties":{"id":"n10999136500","k":"crossing","t":{"tactile_paving":"yes","highway":"crossing"}}},
{"type":"Feature","geometry":{"type":"Point","coordinates":[-122.305723,37.871044]},"properties":{"id":"n10999569943","k":"manhole","t":{"man_made":"manhole"}}},
{"type":"Feature","geometry":{"type":"Point","coordinates":[-122.305619,37.871832]},"properties":{"id":"n10999569945","k":"manhole","t":{"man_made":"manhole"}}},
{"type":"Feature","geometry":{"type":"Point","coordinates":[-122.305655,37.871825]},"properties":{"id":"n10999569946","k":"manhole","t":{"man_made":"manhole"}}},
{"type":"Feature","geometry":{"type":"Point","coordinates":[-122.305499,37.871427]},"properties":{"id":"n10999569947","k":"manhole","t":{"man_made":"manhole"}}},
{"type":"Feature","geometry":{"type":"Point","coordinates":[-122.305409,37.871163]},"properties":{"id":"n10999569948","k":"manhole","t":{"man_made":"manhole"}}},
{"type":"Feature","geometry":{"type":"Point","coordinates":[-122.305365,37.871039]},"properties":{"id":"n10999569949","k":"manhole","t":{"man_made":"manhole"}}},
{"type":"Feature","geometry":{"type":"Point","coordinates":[-122.305329,37.870899]},"properties":{"id":"n10999569950","k":"manhole","t":{"man_made":"manhole"}}},
{"type":"Feature","geometry":{"type":"Point","coordinates":[-122.305247,37.870632]},"properties":{"id":"n10999569951","k":"manhole","t":{"man_made":"manhole"}}},
{"type":"Feature","geometry":{"type":"Point","coordinates":[-122.305129,37.870229]},"properties":{"id":"n10999569952","k":"manhole","t":{"man_made":"manhole"}}},
{"type":"Feature","geometry":{"type":"Point","coordinates":[-122.30719,37.870475]},"properties":{"id":"n11004625527","k":"bicycle_parking","t":{"amenity":"bicycle_parking","capacity":"3"}}},
{"type":"Feature","geometry":{"type":"Point","coordinates":[-122.316137,37.868943]},"properties":{"id":"n11004916561","k":"bicycle_parking","t":{"amenity":"bicycle_parking","capacity":"10"}}},
{"type":"Feature","geometry":{"type":"Point","coordinates":[-122.31458,37.870699]},"properties":{"id":"n11004954870","k":"bicycle_parking","t":{"amenity":"bicycle_parking","capacity":"4"}}},
{"type":"Feature","geometry":{"type":"Point","coordinates":[-122.31236,37.866654]},"properties":{"id":"n11004954871","k":"bicycle_parking","t":{"amenity":"bicycle_parking","capacity":"8"}}},
{"type":"Feature","geometry":{"type":"Point","coordinates":[-122.30553,37.864587]},"properties":{"id":"n11004962826","k":"bicycle_parking","t":{"amenity":"bicycle_parking","capacity":"14"}}},
{"type":"Feature","geometry":{"type":"Point","coordinates":[-122.316732,37.868822]},"properties":{"id":"n11004971650","k":"bicycle_parking","t":{"amenity":"bicycle_parking","capacity":"8"}}},
{"type":"Feature","geometry":{"type":"Point","coordinates":[-122.311242,37.865454]},"properties":{"id":"n11006847227","k":"crossing","t":{"crossing":"uncontrolled","highway":"crossing"}}},
{"type":"Feature","geometry":{"type":"Point","coordinates":[-122.310783,37.865249]},"properties":{"id":"n11006847237","k":"crossing","t":{"crossing":"uncontrolled","highway":"crossing"}}},
{"type":"Feature","geometry":{"type":"Point","coordinates":[-122.310832,37.865355]},"properties":{"id":"n11006847238","k":"crossing","t":{"crossing":"uncontrolled","highway":"crossing"}}},
{"type":"Feature","geometry":{"type":"Point","coordinates":[-122.311246,37.864938]},"properties":{"id":"n11006847239","k":"crossing","t":{"crossing":"uncontrolled","highway":"crossing"}}},
{"type":"Feature","geometry":{"type":"Point","coordinates":[-122.311294,37.86496]},"properties":{"id":"n11006847240","k":"crossing","t":{"crossing":"uncontrolled","highway":"crossing"}}},
{"type":"Feature","geometry":{"type":"Point","coordinates":[-122.311329,37.86541]},"properties":{"id":"n11006847244","k":"crossing","t":{"crossing":"uncontrolled","highway":"crossing"}}},
{"type":"Feature","geometry":{"type":"Point","coordinates":[-122.30124,37.878778]},"properties":{"id":"n11061352008","k":"kerb:lowered","t":{"kerb":"lowered","barrier":"kerb"}}},
{"type":"Feature","geometry":{"type":"Point","coordinates":[-122.301745,37.879369]},"properties":{"id":"n11061352010","k":"bicycle_parking","t":{"amenity":"bicycle_parking","capacity":"2"}}},
{"type":"Feature","geometry":{"type":"Point","coordinates":[-122.301794,37.879352]},"properties":{"id":"n11061352011","k":"kerb:lowered","t":{"kerb":"lowered","barrier":"kerb"}}},
{"type":"Feature","geometry":{"type":"Point","coordinates":[-122.301895,37.879331]},"properties":{"id":"n11061352012","k":"kerb:lowered","t":{"kerb":"lowered","barrier":"kerb"}}},
{"type":"Feature","geometry":{"type":"Point","coordinates":[-122.302315,37.879248]},"properties":{"id":"n11061352013","k":"kerb:lowered","t":{"kerb":"lowered","barrier":"kerb"}}},
{"type":"Feature","geometry":{"type":"Point","coordinates":[-122.301855,37.879199]},"properties":{"id":"n11061352015","k":"kerb:lowered","t":{"kerb":"lowered","barrier":"kerb"}}},
{"type":"Feature","geometry":{"type":"Point","coordinates":[-122.302068,37.879156]},"properties":{"id":"n11061352016","k":"kerb:lowered","t":{"kerb":"lowered","barrier":"kerb"}}},
{"type":"Feature","geometry":{"type":"Point","coordinates":[-122.301906,37.879187]},"properties":{"id":"n11061352017","k":"kerb:lowered","t":{"kerb":"lowered","barrier":"kerb"}}},
{"type":"Feature","geometry":{"type":"Point","coordinates":[-122.297891,37.879674]},"properties":{"id":"n11061352035","k":"kerb:lowered","t":{"kerb":"lowered","barrier":"kerb"}}},
{"type":"Feature","geometry":{"type":"Point","coordinates":[-122.297854,37.879681]},"properties":{"id":"n11061352036","k":"signal","t":{"highway":"stop"}}},
{"type":"Feature","geometry":{"type":"Point","coordinates":[-122.297828,37.880016]},"properties":{"id":"n11061352037","k":"kerb:lowered","t":{"kerb":"lowered","barrier":"kerb"}}},
{"type":"Feature","geometry":{"type":"Point","coordinates":[-122.297817,37.879984]},"properties":{"id":"n11061352038","k":"signal","t":{"highway":"stop"}}},
{"type":"Feature","geometry":{"type":"Point","coordinates":[-122.29593,37.880272]},"properties":{"id":"n11061352039","k":"signal","t":{"highway":"stop"}}},
{"type":"Feature","geometry":{"type":"Point","coordinates":[-122.296278,37.880284]},"properties":{"id":"n11061352040","k":"signal","t":{"highway":"stop"}}},
{"type":"Feature","geometry":{"type":"Point","coordinates":[-122.296037,37.880332]},"properties":{"id":"n11061352041","k":"signal","t":{"highway":"stop"}}},
{"type":"Feature","geometry":{"type":"Point","coordinates":[-122.296051,37.880376]},"properties":{"id":"n11061352042","k":"kerb:lowered","t":{"kerb":"lowered","barrier":"kerb"}}},
{"type":"Feature","geometry":{"type":"Point","coordinates":[-122.296292,37.880327]},"properties":{"id":"n11061352043","k":"kerb:lowered","t":{"kerb":"lowered","barrier":"kerb"}}},
{"type":"Feature","geometry":{"type":"Point","coordinates":[-122.296417,37.8803]},"properties":{"id":"n11061352044","k":"kerb:lowered","t":{"kerb":"lowered","barrier":"kerb"}}},
{"type":"Feature","geometry":{"type":"Point","coordinates":[-122.296702,37.880383]},"properties":{"id":"n11061352045","k":"kerb:lowered","t":{"kerb":"lowered","barrier":"kerb"}}},
{"type":"Feature","geometry":{"type":"Point","coordinates":[-122.296459,37.880431]},"properties":{"id":"n11061352046","k":"kerb:lowered","t":{"kerb":"lowered","barrier":"kerb"}}},
{"type":"Feature","geometry":{"type":"Point","coordinates":[-122.296348,37.880466]},"properties":{"id":"n11061352047","k":"bench","t":{"amenity":"bench"}}},
{"type":"Feature","geometry":{"type":"Point","coordinates":[-122.296143,37.8805]},"properties":{"id":"n11061352048","k":"post_box","t":{"amenity":"post_box","operator":"United States Postal Service"}}},
{"type":"Feature","geometry":{"type":"Point","coordinates":[-122.296126,37.880503]},"properties":{"id":"n11061352049","k":"waste_basket","t":{"amenity":"waste_basket"}}},
{"type":"Feature","geometry":{"type":"Point","coordinates":[-122.296167,37.880498]},"properties":{"id":"n11061352050","k":"bicycle_parking","t":{"amenity":"bicycle_parking","capacity":"2"}}},
{"type":"Feature","geometry":{"type":"Point","coordinates":[-122.296059,37.880519]},"properties":{"id":"n11061352051","k":"bicycle_parking","t":{"amenity":"bicycle_parking","capacity":"2"}}},
{"type":"Feature","geometry":{"type":"Point","coordinates":[-122.303633,37.879042]},"properties":{"id":"n11061352064","k":"kerb:lowered","t":{"kerb":"lowered","tactile_paving":"yes","wheelchair":"yes","barrier":"kerb"}}},
{"type":"Feature","geometry":{"type":"Point","coordinates":[-122.303683,37.878976]},"properties":{"id":"n11061352065","k":"kerb:lowered","t":{"kerb":"lowered","tactile_paving":"yes","wheelchair":"yes","barrier":"kerb"}}},
{"type":"Feature","geometry":{"type":"Point","coordinates":[-122.303642,37.878844]},"properties":{"id":"n11061352066","k":"kerb:lowered","t":{"kerb":"lowered","tactile_paving":"yes","wheelchair":"yes","barrier":"kerb"}}},
{"type":"Feature","geometry":{"type":"Point","coordinates":[-122.303558,37.878827]},"properties":{"id":"n11061352067","k":"kerb:lowered","t":{"kerb":"lowered","tactile_paving":"yes","wheelchair":"yes","barrier":"kerb"}}},
{"type":"Feature","geometry":{"type":"Point","coordinates":[-122.280659,37.862185]},"properties":{"id":"n11166080069","k":"bench","t":{"amenity":"bench"}}},
{"type":"Feature","geometry":{"type":"Point","coordinates":[-122.284084,37.854038]},"properties":{"id":"n11214872235","k":"signal","t":{"highway":"stop"}}},
{"type":"Feature","geometry":{"type":"Point","coordinates":[-122.283456,37.854637]},"properties":{"id":"n11218846005","k":"bench","t":{"amenity":"bench"}}},
{"type":"Feature","geometry":{"type":"Point","coordinates":[-122.283264,37.85455]},"properties":{"id":"n11218846006","k":"bench","t":{"amenity":"bench"}}},
{"type":"Feature","geometry":{"type":"Point","coordinates":[-122.283836,37.85458]},"properties":{"id":"n11218846007","k":"bench","t":{"amenity":"bench"}}},
{"type":"Feature","geometry":{"type":"Point","coordinates":[-122.283621,37.855682]},"properties":{"id":"n11218846008","k":"bench","t":{"amenity":"bench"}}},
{"type":"Feature","geometry":{"type":"Point","coordinates":[-122.283646,37.85579]},"properties":{"id":"n11218846009","k":"bench","t":{"amenity":"bench"}}},
{"type":"Feature","geometry":{"type":"Point","coordinates":[-122.283228,37.855743]},"properties":{"id":"n11218846010","k":"bench","t":{"amenity":"bench"}}},
{"type":"Feature","geometry":{"type":"Point","coordinates":[-122.283248,37.855839]},"properties":{"id":"n11218846011","k":"bench","t":{"amenity":"bench"}}},
{"type":"Feature","geometry":{"type":"Point","coordinates":[-122.283279,37.855993]},"properties":{"id":"n11218846012","k":"bench","t":{"amenity":"bench"}}},
{"type":"Feature","geometry":{"type":"Point","coordinates":[-122.283299,37.856079]},"properties":{"id":"n11218846013","k":"bench","t":{"amenity":"bench"}}},
{"type":"Feature","geometry":{"type":"Point","coordinates":[-122.283757,37.85446]},"properties":{"id":"n11218846014","k":"bench","t":{"amenity":"bench"}}},
{"type":"Feature","geometry":{"type":"Point","coordinates":[-122.283586,37.854521]},"properties":{"id":"n11218846015","k":"bench","t":{"amenity":"bench"}}},
{"type":"Feature","geometry":{"type":"Point","coordinates":[-122.283667,37.854658]},"properties":{"id":"n11218846016","k":"bench","t":{"amenity":"bench"}}},
{"type":"Feature","geometry":{"type":"Point","coordinates":[-122.284067,37.855081]},"properties":{"id":"n11218846018","k":"bench","t":{"amenity":"bench"}}},
{"type":"Feature","geometry":{"type":"Point","coordinates":[-122.284617,37.854993]},"properties":{"id":"n11218846019","k":"bench","t":{"amenity":"bench"}}},
{"type":"Feature","geometry":{"type":"Point","coordinates":[-122.284294,37.855084]},"properties":{"id":"n11218846020","k":"bench","t":{"amenity":"bench"}}},
{"type":"Feature","geometry":{"type":"Point","coordinates":[-122.284277,37.854999]},"properties":{"id":"n11218846021","k":"bench","t":{"amenity":"bench"}}},
{"type":"Feature","geometry":{"type":"Point","coordinates":[-122.28423,37.854773]},"properties":{"id":"n11218846022","k":"bench","t":{"amenity":"bench"}}},
{"type":"Feature","geometry":{"type":"Point","coordinates":[-122.284212,37.854693]},"properties":{"id":"n11218846023","k":"bench","t":{"amenity":"bench"}}},
{"type":"Feature","geometry":{"type":"Point","coordinates":[-122.284001,37.854768]},"properties":{"id":"n11218846024","k":"bench","t":{"amenity":"bench"}}},
{"type":"Feature","geometry":{"type":"Point","coordinates":[-122.283995,37.854735]},"properties":{"id":"n11218846025","k":"bench","t":{"amenity":"bench"}}},
{"type":"Feature","geometry":{"type":"Point","coordinates":[-122.284555,37.854705]},"properties":{"id":"n11218846026","k":"bench","t":{"amenity":"bench"}}},
{"type":"Feature","geometry":{"type":"Point","coordinates":[-122.284549,37.854673]},"properties":{"id":"n11218846027","k":"bench","t":{"amenity":"bench"}}},
{"type":"Feature","geometry":{"type":"Point","coordinates":[-122.289062,37.851386]},"properties":{"id":"n11241658790","k":"bench","t":{"amenity":"bench"}}},
{"type":"Feature","geometry":{"type":"Point","coordinates":[-122.28314,37.873065]},"properties":{"id":"n11322981433","k":"kerb:raised","t":{"kerb":"raised","barrier":"kerb"}}},
{"type":"Feature","geometry":{"type":"Point","coordinates":[-122.28258,37.873959]},"properties":{"id":"n11322981435","k":"bench","t":{"amenity":"bench"}}},
{"type":"Feature","geometry":{"type":"Point","coordinates":[-122.282589,37.874026]},"properties":{"id":"n11322981436","k":"bench","t":{"amenity":"bench"}}},
{"type":"Feature","geometry":{"type":"Point","coordinates":[-122.282519,37.874032]},"properties":{"id":"n11322981439","k":"crossing","t":{"crossing":"uncontrolled","highway":"crossing"}}},
{"type":"Feature","geometry":{"type":"Point","coordinates":[-122.28246,37.87313]},"properties":{"id":"n11322981447","k":"kerb:flush","t":{"kerb":"flush","tactile_paving":"yes","wheelchair":"yes","barrier":"kerb"}}},
{"type":"Feature","geometry":{"type":"Point","coordinates":[-122.28287,37.873249]},"properties":{"id":"n11322981448","k":"signal","t":{"highway":"stop"}}},
{"type":"Feature","geometry":{"type":"Point","coordinates":[-122.282793,37.873946]},"properties":{"id":"n11322981451","k":"kerb:flush","t":{"kerb":"flush","barrier":"kerb"}}},
{"type":"Feature","geometry":{"type":"Point","coordinates":[-122.282977,37.87416]},"properties":{"id":"n11322981452","k":"signal","t":{"highway":"stop"}}},
{"type":"Feature","geometry":{"type":"Point","coordinates":[-122.283055,37.874686]},"properties":{"id":"n11322981453","k":"kerb:lowered","t":{"kerb":"lowered","tactile_paving":"yes","wheelchair":"yes","barrier":"kerb"}}},
{"type":"Feature","geometry":{"type":"Point","coordinates":[-122.283305,37.874662]},"properties":{"id":"n11322981454","k":"kerb:lowered","t":{"kerb":"lowered","tactile_paving":"yes","wheelchair":"yes","barrier":"kerb"}}},
{"type":"Feature","geometry":{"type":"Point","coordinates":[-122.283291,37.874657]},"properties":{"id":"n11322981455","k":"kerb:lowered","t":{"kerb":"lowered","tactile_paving":"yes","wheelchair":"yes","barrier":"kerb"}}},
{"type":"Feature","geometry":{"type":"Point","coordinates":[-122.284429,37.855437]},"properties":{"id":"n11367005403","k":"bench","t":{"amenity":"bench"}}},
{"type":"Feature","geometry":{"type":"Point","coordinates":[-122.284634,37.855542]},"properties":{"id":"n11367005404","k":"bench","t":{"amenity":"bench"}}},
{"type":"Feature","geometry":{"type":"Point","coordinates":[-122.283579,37.857053]},"properties":{"id":"n11367005405","k":"bench","t":{"amenity":"bench"}}},
{"type":"Feature","geometry":{"type":"Point","coordinates":[-122.283933,37.857215]},"properties":{"id":"n11367005406","k":"bench","t":{"amenity":"bench"}}},
{"type":"Feature","geometry":{"type":"Point","coordinates":[-122.283578,37.85714]},"properties":{"id":"n11367005407","k":"bench","t":{"amenity":"bench"}}},
{"type":"Feature","geometry":{"type":"Point","coordinates":[-122.284896,37.856973]},"properties":{"id":"n11367005408","k":"waste_basket","t":{"amenity":"waste_basket"}}},
{"type":"Feature","geometry":{"type":"Point","coordinates":[-122.284975,37.856525]},"properties":{"id":"n11367005409","k":"waste_basket","t":{"amenity":"waste_basket"}}},
{"type":"Feature","geometry":{"type":"Point","coordinates":[-122.284237,37.855461]},"properties":{"id":"n11367005410","k":"waste_basket","t":{"amenity":"waste_basket"}}},
{"type":"Feature","geometry":{"type":"Point","coordinates":[-122.283989,37.854563]},"properties":{"id":"n11367005411","k":"waste_basket","t":{"amenity":"waste_basket"}}},
{"type":"Feature","geometry":{"type":"Point","coordinates":[-122.283755,37.857238]},"properties":{"id":"n11367005412","k":"waste_basket","t":{"amenity":"waste_basket"}}},
{"type":"Feature","geometry":{"type":"Point","coordinates":[-122.283297,37.856274]},"properties":{"id":"n11367005413","k":"waste_basket","t":{"amenity":"waste_basket"}}},
{"type":"Feature","geometry":{"type":"Point","coordinates":[-122.283651,37.857247]},"properties":{"id":"n11367005414","k":"vending_machine","t":{"amenity":"vending_machine"}}},
{"type":"Feature","geometry":{"type":"Point","coordinates":[-122.284608,37.855408]},"properties":{"id":"n11367005415","k":"vending_machine","t":{"amenity":"vending_machine"}}},
{"type":"Feature","geometry":{"type":"Point","coordinates":[-122.283268,37.855968]},"properties":{"id":"n11367005416","k":"waste_basket","t":{"amenity":"waste_basket"}}},
{"type":"Feature","geometry":{"type":"Point","coordinates":[-122.283612,37.857158]},"properties":{"id":"n11367005417","k":"waste_basket","t":{"amenity":"waste_basket"}}},
{"type":"Feature","geometry":{"type":"Point","coordinates":[-122.284907,37.858149]},"properties":{"id":"n11399291669","k":"kerb:flush","t":{"kerb":"flush","tactile_paving":"yes","wheelchair":"yes","barrier":"kerb"}}},
{"type":"Feature","geometry":{"type":"Point","coordinates":[-122.28487,37.858067]},"properties":{"id":"n11399291670","k":"kerb:flush","t":{"kerb":"flush","tactile_paving":"yes","wheelchair":"yes","barrier":"kerb"}}},
{"type":"Feature","geometry":{"type":"Point","coordinates":[-122.284814,37.858039]},"properties":{"id":"n11399291671","k":"kerb:flush","t":{"kerb":"flush","tactile_paving":"yes","wheelchair":"yes","barrier":"kerb"}}},
{"type":"Feature","geometry":{"type":"Point","coordinates":[-122.284695,37.858027]},"properties":{"id":"n11399291672","k":"kerb:flush","t":{"kerb":"flush","tactile_paving":"yes","wheelchair":"yes","barrier":"kerb"}}},
{"type":"Feature","geometry":{"type":"Point","coordinates":[-122.284632,37.858098]},"properties":{"id":"n11399291673","k":"kerb:flush","t":{"kerb":"flush","tactile_paving":"yes","wheelchair":"yes","barrier":"kerb"}}},
{"type":"Feature","geometry":{"type":"Point","coordinates":[-122.284681,37.858186]},"properties":{"id":"n11399291674","k":"kerb:flush","t":{"kerb":"flush","tactile_paving":"yes","wheelchair":"yes","barrier":"kerb"}}},
{"type":"Feature","geometry":{"type":"Point","coordinates":[-122.284726,37.858212]},"properties":{"id":"n11399291675","k":"kerb:flush","t":{"kerb":"flush","tactile_paving":"yes","wheelchair":"yes","barrier":"kerb"}}},
{"type":"Feature","geometry":{"type":"Point","coordinates":[-122.284846,37.858221]},"properties":{"id":"n11399291676","k":"kerb:flush","t":{"kerb":"flush","tactile_paving":"yes","wheelchair":"yes","barrier":"kerb"}}},
{"type":"Feature","geometry":{"type":"Point","coordinates":[-122.284786,37.858217]},"properties":{"id":"n11399291677","k":"crossing","t":{"crossing":"uncontrolled","highway":"crossing"}}},
{"type":"Feature","geometry":{"type":"Point","coordinates":[-122.285079,37.856979]},"properties":{"id":"n11410735011","k":"bench","t":{"amenity":"bench"}}},
{"type":"Feature","geometry":{"type":"Point","coordinates":[-122.284268,37.855437]},"properties":{"id":"n11410735012","k":"bench","t":{"amenity":"bench"}}},
{"type":"Feature","geometry":{"type":"Point","coordinates":[-122.283952,37.854935]},"properties":{"id":"n11410735013","k":"bench","t":{"amenity":"bench"}}},
{"type":"Feature","geometry":{"type":"Point","coordinates":[-122.283681,37.855766]},"properties":{"id":"n11410735014","k":"bench","t":{"amenity":"bench"}}},
{"type":"Feature","geometry":{"type":"Point","coordinates":[-122.284355,37.857274]},"properties":{"id":"n11439199210","k":"bench","t":{"amenity":"bench"}}},
{"type":"Feature","geometry":{"type":"Point","coordinates":[-122.284962,37.856561]},"properties":{"id":"n11439199211","k":"vending_machine","t":{"amenity":"vending_machine"}}},
{"type":"Feature","geometry":{"type":"Point","coordinates":[-122.313736,37.864413]},"properties":{"id":"n11495027171","k":"bollard","t":{"barrier":"bollard"}}},
{"type":"Feature","geometry":{"type":"Point","coordinates":[-122.300428,37.879466]},"properties":{"id":"n11504373474","k":"bench","t":{"wheelchair":"no","amenity":"bench"}}},
{"type":"Feature","geometry":{"type":"Point","coordinates":[-122.280011,37.853341]},"properties":{"id":"n11613080886","k":"signal","t":{"highway":"stop"}}},
{"type":"Feature","geometry":{"type":"Point","coordinates":[-122.280862,37.853316]},"properties":{"id":"n11613080887","k":"signal","t":{"highway":"stop"}}},
{"type":"Feature","geometry":{"type":"Point","coordinates":[-122.281385,37.853117]},"properties":{"id":"n11613080888","k":"signal","t":{"highway":"stop"}}},
{"type":"Feature","geometry":{"type":"Point","coordinates":[-122.281421,37.853292]},"properties":{"id":"n11613080889","k":"signal","t":{"highway":"stop"}}},
{"type":"Feature","geometry":{"type":"Point","coordinates":[-122.281707,37.854056]},"properties":{"id":"n11613080891","k":"signal","t":{"highway":"stop"}}},
{"type":"Feature","geometry":{"type":"Point","coordinates":[-122.283092,37.853863]},"properties":{"id":"n11613080892","k":"signal","t":{"highway":"stop"}}},
{"type":"Feature","geometry":{"type":"Point","coordinates":[-122.283859,37.853627]},"properties":{"id":"n11613080893","k":"signal","t":{"highway":"stop"}}},
{"type":"Feature","geometry":{"type":"Point","coordinates":[-122.284072,37.853584]},"properties":{"id":"n11613080894","k":"signal","t":{"highway":"stop"}}},
{"type":"Feature","geometry":{"type":"Point","coordinates":[-122.286787,37.853025]},"properties":{"id":"n11613080895","k":"signal","t":{"highway":"stop"}}},
{"type":"Feature","geometry":{"type":"Point","coordinates":[-122.280326,37.854691]},"properties":{"id":"n11613080899","k":"crossing","t":{"crossing":"uncontrolled","kerb":"lowered","tactile_paving":"yes","highway":"crossing"}}},
{"type":"Feature","geometry":{"type":"Point","coordinates":[-122.283185,37.854191]},"properties":{"id":"n11613080901","k":"signal","t":{"highway":"stop"}}},
{"type":"Feature","geometry":{"type":"Point","coordinates":[-122.286322,37.853825]},"properties":{"id":"n11613080903","k":"signal","t":{"highway":"stop"}}},
{"type":"Feature","geometry":{"type":"Point","coordinates":[-122.286995,37.853636]},"properties":{"id":"n11613080904","k":"signal","t":{"highway":"stop"}}},
{"type":"Feature","geometry":{"type":"Point","coordinates":[-122.280069,37.853771]},"properties":{"id":"n11613080906","k":"kerb:lowered","t":{"kerb":"lowered","barrier":"kerb"}}},
{"type":"Feature","geometry":{"type":"Point","coordinates":[-122.280046,37.851255]},"properties":{"id":"n11613121015","k":"signal","t":{"highway":"stop"}}},
{"type":"Feature","geometry":{"type":"Point","coordinates":[-122.280909,37.850576]},"properties":{"id":"n11613121017","k":"signal","t":{"highway":"stop"}}},
{"type":"Feature","geometry":{"type":"Point","coordinates":[-122.280731,37.850616]},"properties":{"id":"n11613121018","k":"signal","t":{"highway":"stop"}}},
{"type":"Feature","geometry":{"type":"Point","coordinates":[-122.280808,37.851011]},"properties":{"id":"n11613121019","k":"signal","t":{"highway":"stop"}}},
{"type":"Feature","geometry":{"type":"Point","coordinates":[-122.281128,37.851547]},"properties":{"id":"n11613121021","k":"signal","t":{"highway":"stop"}}},
{"type":"Feature","geometry":{"type":"Point","coordinates":[-122.281323,37.85238]},"properties":{"id":"n11613121038","k":"signal","t":{"highway":"stop"}}},
{"type":"Feature","geometry":{"type":"Point","coordinates":[-122.286271,37.851379]},"properties":{"id":"n11613121041","k":"signal","t":{"highway":"stop"}}},
{"type":"Feature","geometry":{"type":"Point","coordinates":[-122.285705,37.855167]},"properties":{"id":"n11622270961","k":"tree","t":{"natural":"tree"}}},
{"type":"Feature","geometry":{"type":"Point","coordinates":[-122.295802,37.865571]},"properties":{"id":"n11637366516","k":"signal","t":{"highway":"stop"}}},
{"type":"Feature","geometry":{"type":"Point","coordinates":[-122.295659,37.865507]},"properties":{"id":"n11637366517","k":"signal","t":{"highway":"stop"}}},
{"type":"Feature","geometry":{"type":"Point","coordinates":[-122.295743,37.865392]},"properties":{"id":"n11637366518","k":"signal","t":{"highway":"stop"}}},
{"type":"Feature","geometry":{"type":"Point","coordinates":[-122.295885,37.865462]},"properties":{"id":"n11637366519","k":"signal","t":{"highway":"stop"}}},
{"type":"Feature","geometry":{"type":"Point","coordinates":[-122.296601,37.868062]},"properties":{"id":"n11637366536","k":"signal","t":{"highway":"stop"}}},
{"type":"Feature","geometry":{"type":"Point","coordinates":[-122.29669,37.868342]},"properties":{"id":"n11637366537","k":"signal","t":{"highway":"stop"}}},
{"type":"Feature","geometry":{"type":"Point","coordinates":[-122.295491,37.868288]},"properties":{"id":"n11637366565","k":"signal","t":{"highway":"stop"}}},
{"type":"Feature","geometry":{"type":"Point","coordinates":[-122.295582,37.868567]},"properties":{"id":"n11637366566","k":"signal","t":{"highway":"stop"}}},
{"type":"Feature","geometry":{"type":"Point","coordinates":[-122.294148,37.867347]},"properties":{"id":"n11637411499","k":"signal","t":{"highway":"stop"}}},
{"type":"Feature","geometry":{"type":"Point","coordinates":[-122.294053,37.867475]},"properties":{"id":"n11637411500","k":"signal","t":{"highway":"stop"}}},
{"type":"Feature","geometry":{"type":"Point","coordinates":[-122.293894,37.8674]},"properties":{"id":"n11637411501","k":"signal","t":{"highway":"stop"}}},
{"type":"Feature","geometry":{"type":"Point","coordinates":[-122.293987,37.867274]},"properties":{"id":"n11637411502","k":"signal","t":{"highway":"stop"}}},
{"type":"Feature","geometry":{"type":"Point","coordinates":[-122.293683,37.865904]},"properties":{"id":"n11637411503","k":"signal","t":{"highway":"stop"}}},
{"type":"Feature","geometry":{"type":"Point","coordinates":[-122.29359,37.866033]},"properties":{"id":"n11637411504","k":"signal","t":{"highway":"stop"}}},
{"type":"Feature","geometry":{"type":"Point","coordinates":[-122.293428,37.865955]},"properties":{"id":"n11637411505","k":"signal","t":{"highway":"stop"}}},
{"type":"Feature","geometry":{"type":"Point","coordinates":[-122.29352,37.865832]},"properties":{"id":"n11637411506","k":"signal","t":{"highway":"stop"}}},
{"type":"Feature","geometry":{"type":"Point","coordinates":[-122.29311,37.86414]},"properties":{"id":"n11637411529","k":"signal","t":{"highway":"stop"}}},
{"type":"Feature","geometry":{"type":"Point","coordinates":[-122.292959,37.864066]},"properties":{"id":"n11637411530","k":"signal","t":{"highway":"stop"}}},
{"type":"Feature","geometry":{"type":"Point","coordinates":[-122.292866,37.864191]},"properties":{"id":"n11637411531","k":"signal","t":{"highway":"stop"}}},
{"type":"Feature","geometry":{"type":"Point","coordinates":[-122.293023,37.864267]},"properties":{"id":"n11637411532","k":"signal","t":{"highway":"stop"}}},
{"type":"Feature","geometry":{"type":"Point","coordinates":[-122.29254,37.862381]},"properties":{"id":"n11637411565","k":"signal","t":{"highway":"stop"}}},
{"type":"Feature","geometry":{"type":"Point","coordinates":[-122.292447,37.862482]},"properties":{"id":"n11637411566","k":"signal","t":{"highway":"stop"}}},
{"type":"Feature","geometry":{"type":"Point","coordinates":[-122.292305,37.862428]},"properties":{"id":"n11637411567","k":"signal","t":{"highway":"stop"}}},
{"type":"Feature","geometry":{"type":"Point","coordinates":[-122.292398,37.862329]},"properties":{"id":"n11637411568","k":"signal","t":{"highway":"stop"}}},
{"type":"Feature","geometry":{"type":"Point","coordinates":[-122.292472,37.86696]},"properties":{"id":"n11637411581","k":"waste_basket","t":{"amenity":"waste_basket"}}},
{"type":"Feature","geometry":{"type":"Point","coordinates":[-122.291909,37.864482]},"properties":{"id":"n11637411586","k":"signal","t":{"highway":"stop"}}},
{"type":"Feature","geometry":{"type":"Point","coordinates":[-122.291772,37.864412]},"properties":{"id":"n11637411587","k":"signal","t":{"highway":"stop"}}},
{"type":"Feature","geometry":{"type":"Point","coordinates":[-122.291851,37.864302]},"properties":{"id":"n11637411588","k":"signal","t":{"highway":"stop"}}},
{"type":"Feature","geometry":{"type":"Point","coordinates":[-122.291988,37.864369]},"properties":{"id":"n11637411589","k":"signal","t":{"highway":"stop"}}},
{"type":"Feature","geometry":{"type":"Point","coordinates":[-122.293277,37.868735]},"properties":{"id":"n11637411620","k":"signal","t":{"highway":"stop"}}},
{"type":"Feature","geometry":{"type":"Point","coordinates":[-122.293366,37.869013]},"properties":{"id":"n11637411621","k":"signal","t":{"highway":"stop"}}},
{"type":"Feature","geometry":{"type":"Point","coordinates":[-122.290794,37.861207]},"properties":{"id":"n11637499212","k":"kerb:lowered","t":{"kerb":"lowered","barrier":"kerb"}}},
{"type":"Feature","geometry":{"type":"Point","coordinates":[-122.293819,37.862887]},"properties":{"id":"n11637499213","k":"kerb:lowered","t":{"kerb":"lowered","barrier":"kerb"}}},
{"type":"Feature","geometry":{"type":"Point","coordinates":[-122.291526,37.863501]},"properties":{"id":"n11637499214","k":"kerb:lowered","t":{"kerb":"lowered","barrier":"kerb"}}},
{"type":"Feature","geometry":{"type":"Point","coordinates":[-122.292717,37.867196]},"properties":{"id":"n11637499215","k":"kerb:lowered","t":{"kerb":"lowered","barrier":"kerb"}}},
{"type":"Feature","geometry":{"type":"Point","coordinates":[-122.292775,37.863771]},"properties":{"id":"n11637499216","k":"kerb:lowered","t":{"kerb":"lowered","barrier":"kerb"}}},
{"type":"Feature","geometry":{"type":"Point","coordinates":[-122.292886,37.863583]},"properties":{"id":"n11637499217","k":"kerb:lowered","t":{"kerb":"lowered","barrier":"kerb"}}},
{"type":"Feature","geometry":{"type":"Point","coordinates":[-122.292621,37.862751]},"properties":{"id":"n11637499218","k":"kerb:lowered","t":{"kerb":"lowered","barrier":"kerb"}}},
{"type":"Feature","geometry":{"type":"Point","coordinates":[-122.295355,37.865618]},"properties":{"id":"n11637499219","k":"kerb:lowered","t":{"kerb":"lowered","barrier":"kerb"}}},
{"type":"Feature","geometry":{"type":"Point","coordinates":[-122.295328,37.867576]},"properties":{"id":"n11637499220","k":"kerb:lowered","t":{"kerb":"lowered","barrier":"kerb"}}},
{"type":"Feature","geometry":{"type":"Point","coordinates":[-122.296398,37.867634]},"properties":{"id":"n11637499221","k":"kerb:lowered","t":{"kerb":"lowered","barrier":"kerb"}}},
{"type":"Feature","geometry":{"type":"Point","coordinates":[-122.295915,37.86824]},"properties":{"id":"n11637499222","k":"kerb:lowered","t":{"kerb":"lowered","barrier":"kerb"}}},
{"type":"Feature","geometry":{"type":"Point","coordinates":[-122.29651,37.867985]},"properties":{"id":"n11637499223","k":"kerb:lowered","t":{"kerb":"lowered","barrier":"kerb"}}},
{"type":"Feature","geometry":{"type":"Point","coordinates":[-122.2968,37.866865]},"properties":{"id":"n11637499224","k":"kerb:lowered","t":{"kerb":"lowered","barrier":"kerb"}}},
{"type":"Feature","geometry":{"type":"Point","coordinates":[-122.296033,37.865381]},"properties":{"id":"n11637499225","k":"kerb:lowered","t":{"kerb":"lowered","barrier":"kerb"}}},
{"type":"Feature","geometry":{"type":"Point","coordinates":[-122.296177,37.865352]},"properties":{"id":"n11637499226","k":"kerb:lowered","t":{"kerb":"lowered","barrier":"kerb"}}},
{"type":"Feature","geometry":{"type":"Point","coordinates":[-122.294962,37.861946]},"properties":{"id":"n11637499227","k":"kerb:lowered","t":{"kerb":"lowered","barrier":"kerb"}}},
{"type":"Feature","geometry":{"type":"Point","coordinates":[-122.294702,37.860119]},"properties":{"id":"n11637499230","k":"kerb:lowered","t":{"kerb":"lowered","barrier":"kerb"}}},
{"type":"Feature","geometry":{"type":"Point","coordinates":[-122.29536,37.8605]},"properties":{"id":"n11637499231","k":"kerb:lowered","t":{"kerb":"lowered","barrier":"kerb"}}},
{"type":"Feature","geometry":{"type":"Point","coordinates":[-122.295659,37.860429]},"properties":{"id":"n11637499232","k":"crossing","t":{"crossing":"uncontrolled","highway":"crossing"}}},
{"type":"Feature","geometry":{"type":"Point","coordinates":[-122.295315,37.860906]},"properties":{"id":"n11637499234","k":"kerb:lowered","t":{"kerb":"lowered","barrier":"kerb"}}},
{"type":"Feature","geometry":{"type":"Point","coordinates":[-122.295591,37.861219]},"properties":{"id":"n11637499235","k":"kerb:lowered","t":{"kerb":"lowered","barrier":"kerb"}}},
{"type":"Feature","geometry":{"type":"Point","coordinates":[-122.295888,37.862149]},"properties":{"id":"n11637499236","k":"kerb:lowered","t":{"kerb":"lowered","barrier":"kerb"}}},
{"type":"Feature","geometry":{"type":"Point","coordinates":[-122.296016,37.862518]},"properties":{"id":"n11637499237","k":"kerb:lowered","t":{"kerb":"lowered","barrier":"kerb"}}},
{"type":"Feature","geometry":{"type":"Point","coordinates":[-122.296557,37.864239]},"properties":{"id":"n11637499238","k":"kerb:lowered","t":{"kerb":"lowered","barrier":"kerb"}}},
{"type":"Feature","geometry":{"type":"Point","coordinates":[-122.296637,37.864465]},"properties":{"id":"n11637499239","k":"kerb:lowered","t":{"kerb":"lowered","barrier":"kerb"}}},
{"type":"Feature","geometry":{"type":"Point","coordinates":[-122.296744,37.864792]},"properties":{"id":"n11637499240","k":"kerb:lowered","t":{"kerb":"lowered","barrier":"kerb"}}},
{"type":"Feature","geometry":{"type":"Point","coordinates":[-122.296808,37.864778]},"properties":{"id":"n11637499241","k":"crossing","t":{"crossing":"uncontrolled","highway":"crossing"}}},
{"type":"Feature","geometry":{"type":"Point","coordinates":[-122.297417,37.867475]},"properties":{"id":"n11637499247","k":"bicycle_parking","t":{"amenity":"bicycle_parking","capacity":"2"}}},
{"type":"Feature","geometry":{"type":"Point","coordinates":[-122.29744,37.867541]},"properties":{"id":"n11637499248","k":"bicycle_parking","t":{"amenity":"bicycle_parking","capacity":"2"}}},
{"type":"Feature","geometry":{"type":"Point","coordinates":[-122.297257,37.866656]},"properties":{"id":"n11637499249","k":"crossing","t":{"crossing":"uncontrolled","highway":"crossing"}}},
{"type":"Feature","geometry":{"type":"Point","coordinates":[-122.295624,37.861868]},"properties":{"id":"n11637499257","k":"hydrant","t":{"emergency":"fire_hydrant"}}},
{"type":"Feature","geometry":{"type":"Point","coordinates":[-122.29586,37.861882]},"properties":{"id":"n11637499258","k":"bicycle_parking","t":{"amenity":"bicycle_parking","capacity":"3"}}},
{"type":"Feature","geometry":{"type":"Point","coordinates":[-122.295811,37.861853]},"properties":{"id":"n11637499259","k":"waste_basket","t":{"amenity":"waste_basket"}}},
{"type":"Feature","geometry":{"type":"Point","coordinates":[-122.295808,37.861841]},"properties":{"id":"n11637499260","k":"bench","t":{"amenity":"bench"}}},
{"type":"Feature","geometry":{"type":"Point","coordinates":[-122.295299,37.860625]},"properties":{"id":"n11637501871","k":"bollard","t":{"barrier":"bollard"}}},
{"type":"Feature","geometry":{"type":"Point","coordinates":[-122.295325,37.860564]},"properties":{"id":"n11637501872","k":"crossing","t":{"crossing":"uncontrolled","highway":"crossing"}}},
{"type":"Feature","geometry":{"type":"Point","coordinates":[-122.295227,37.860571]},"properties":{"id":"n11637501873","k":"crossing","t":{"crossing":"uncontrolled","highway":"crossing"}}},
{"type":"Feature","geometry":{"type":"Point","coordinates":[-122.295071,37.859869]},"properties":{"id":"n11637501877","k":"signal","t":{"highway":"stop"}}},
{"type":"Feature","geometry":{"type":"Point","coordinates":[-122.298621,37.866905]},"properties":{"id":"n11638174974","k":"kerb:lowered","t":{"kerb":"lowered","barrier":"kerb"}}},
{"type":"Feature","geometry":{"type":"Point","coordinates":[-122.29954,37.866717]},"properties":{"id":"n11638174975","k":"kerb:lowered","t":{"kerb":"lowered","barrier":"kerb"}}},
{"type":"Feature","geometry":{"type":"Point","coordinates":[-122.298345,37.8665]},"properties":{"id":"n11638174976","k":"crossing","t":{"crossing":"uncontrolled","tactile_paving":"no","highway":"crossing"}}},
{"type":"Feature","geometry":{"type":"Point","coordinates":[-122.298403,37.866421]},"properties":{"id":"n11638174977","k":"crossing","t":{"crossing":"uncontrolled","tactile_paving":"incorrect","highway":"crossing"}}},
{"type":"Feature","geometry":{"type":"Point","coordinates":[-122.298503,37.866467]},"properties":{"id":"n11638174978","k":"crossing","t":{"crossing":"uncontrolled","tactile_paving":"incorrect","highway":"crossing"}}},
{"type":"Feature","geometry":{"type":"Point","coordinates":[-122.298442,37.866545]},"properties":{"id":"n11638174979","k":"crossing","t":{"crossing":"uncontrolled","tactile_paving":"no","highway":"crossing"}}},
{"type":"Feature","geometry":{"type":"Point","coordinates":[-122.29729,37.868189]},"properties":{"id":"n11638174990","k":"kerb:lowered","t":{"kerb":"lowered","barrier":"kerb"}}},
{"type":"Feature","geometry":{"type":"Point","coordinates":[-122.297507,37.868142]},"properties":{"id":"n11638174991","k":"kerb:lowered","t":{"kerb":"lowered","barrier":"kerb"}}},
{"type":"Feature","geometry":{"type":"Point","coordinates":[-122.297676,37.868223]},"properties":{"id":"n11638174992","k":"kerb:lowered","t":{"kerb":"lowered","barrier":"kerb"}}},
{"type":"Feature","geometry":{"type":"Point","coordinates":[-122.297722,37.868365]},"properties":{"id":"n11638174993","k":"kerb:lowered","t":{"kerb":"lowered","barrier":"kerb"}}},
{"type":"Feature","geometry":{"type":"Point","coordinates":[-122.297792,37.867564]},"properties":{"id":"n11638175006","k":"crossing","t":{"crossing":"uncontrolled","highway":"crossing"}}},
{"type":"Feature","geometry":{"type":"Point","coordinates":[-122.297657,37.867591]},"properties":{"id":"n11638175007","k":"kerb:lowered","t":{"kerb":"lowered","barrier":"kerb"}}},
{"type":"Feature","geometry":{"type":"Point","coordinates":[-122.280101,37.872891]},"properties":{"id":"n11662309914","k":"kerb:lowered","t":{"kerb":"lowered","barrier":"kerb"}}},
{"type":"Feature","geometry":{"type":"Point","coordinates":[-122.280107,37.872889]},"properties":{"id":"n11662309917","k":"bollard","t":{"barrier":"bollard"}}},
{"type":"Feature","geometry":{"type":"Point","coordinates":[-122.288532,37.863899]},"properties":{"id":"n11662991949","k":"signal","t":{"highway":"stop"}}},
{"type":"Feature","geometry":{"type":"Point","coordinates":[-122.284685,37.87418]},"properties":{"id":"n11662991950","k":"signal","t":{"highway":"stop"}}},
{"type":"Feature","geometry":{"type":"Point","coordinates":[-122.298143,37.865052]},"properties":{"id":"n11681443340","k":"kerb:lowered","t":{"kerb":"lowered","barrier":"kerb"}}},
{"type":"Feature","geometry":{"type":"Point","coordinates":[-122.298117,37.865346]},"properties":{"id":"n11681443341","k":"kerb:lowered","t":{"kerb":"lowered","barrier":"kerb"}}},
{"type":"Feature","geometry":{"type":"Point","coordinates":[-122.298318,37.865971]},"properties":{"id":"n11681443342","k":"kerb:lowered","t":{"kerb":"lowered","barrier":"kerb"}}},
{"type":"Feature","geometry":{"type":"Point","coordinates":[-122.298042,37.865027]},"properties":{"id":"n11681443355","k":"crossing","t":{"crossing":"uncontrolled","highway":"crossing"}}},
{"type":"Feature","geometry":{"type":"Point","coordinates":[-122.297985,37.865124]},"properties":{"id":"n11681443356","k":"signal","t":{"highway":"stop"}}},
{"type":"Feature","geometry":{"type":"Point","coordinates":[-122.29798,37.865108]},"properties":{"id":"n11681443357","k":"crossing","t":{"crossing":"uncontrolled","highway":"crossing"}}},
{"type":"Feature","geometry":{"type":"Point","coordinates":[-122.29788,37.86506]},"properties":{"id":"n11681443358","k":"crossing","t":{"crossing":"uncontrolled","highway":"crossing"}}},
{"type":"Feature","geometry":{"type":"Point","coordinates":[-122.297938,37.864978]},"properties":{"id":"n11681443359","k":"crossing","t":{"crossing":"uncontrolled","highway":"crossing"}}},
{"type":"Feature","geometry":{"type":"Point","coordinates":[-122.297933,37.864964]},"properties":{"id":"n11681443360","k":"signal","t":{"highway":"stop"}}},
{"type":"Feature","geometry":{"type":"Point","coordinates":[-122.298485,37.866413]},"properties":{"id":"n11681443361","k":"kerb:lowered","t":{"kerb":"lowered","tactile_paving":"yes","barrier":"kerb"}}},
{"type":"Feature","geometry":{"type":"Point","coordinates":[-122.29847,37.866407]},"properties":{"id":"n11681443362","k":"kerb:lowered","t":{"kerb":"lowered","tactile_paving":"yes","barrier":"kerb"}}},
{"type":"Feature","geometry":{"type":"Point","coordinates":[-122.298332,37.866436]},"properties":{"id":"n11681443363","k":"kerb:lowered","t":{"kerb":"lowered","tactile_paving":"no","barrier":"kerb"}}},
{"type":"Feature","geometry":{"type":"Point","coordinates":[-122.298327,37.866447]},"properties":{"id":"n11681443364","k":"kerb:lowered","t":{"kerb":"lowered","tactile_paving":"no","barrier":"kerb"}}},
{"type":"Feature","geometry":{"type":"Point","coordinates":[-122.298362,37.866552]},"properties":{"id":"n11681443365","k":"kerb:lowered","t":{"kerb":"lowered","tactile_paving":"no","barrier":"kerb"}}},
{"type":"Feature","geometry":{"type":"Point","coordinates":[-122.298375,37.866558]},"properties":{"id":"n11681443366","k":"kerb:lowered","t":{"kerb":"lowered","tactile_paving":"no","barrier":"kerb"}}},
{"type":"Feature","geometry":{"type":"Point","coordinates":[-122.298513,37.866531]},"properties":{"id":"n11681443367","k":"kerb:flush","t":{"kerb":"flush","tactile_paving":"no","barrier":"kerb"}}},
{"type":"Feature","geometry":{"type":"Point","coordinates":[-122.29852,37.866518]},"properties":{"id":"n11681443368","k":"kerb:flush","t":{"kerb":"flush","tactile_paving":"no","barrier":"kerb"}}},
{"type":"Feature","geometry":{"type":"Point","coordinates":[-122.298963,37.867918]},"properties":{"id":"n11681444069","k":"kerb:lowered","t":{"kerb":"lowered","tactile_paving":"yes","barrier":"kerb"}}},
{"type":"Feature","geometry":{"type":"Point","coordinates":[-122.298814,37.867944]},"properties":{"id":"n11681444070","k":"kerb:lowered","t":{"kerb":"lowered","tactile_paving":"yes","barrier":"kerb"}}},
{"type":"Feature","geometry":{"type":"Point","coordinates":[-122.300028,37.867671]},"properties":{"id":"n11681444071","k":"kerb:lowered","t":{"kerb":"lowered","tactile_paving":"yes","barrier":"kerb"}}},
{"type":"Feature","geometry":{"type":"Point","coordinates":[-122.301841,37.866368]},"properties":{"id":"n11681444092","k":"kerb:lowered","t":{"kerb":"lowered","barrier":"kerb"}}},
{"type":"Feature","geometry":{"type":"Point","coordinates":[-122.30206,37.866655]},"properties":{"id":"n11681444093","k":"kerb:lowered","t":{"kerb":"lowered","barrier":"kerb"}}},
{"type":"Feature","geometry":{"type":"Point","coordinates":[-122.301971,37.866452]},"properties":{"id":"n11681444094","k":"kerb:lowered","t":{"kerb":"lowered","barrier":"kerb"}}},
{"type":"Feature","geometry":{"type":"Point","coordinates":[-122.302181,37.867246]},"properties":{"id":"n11681444100","k":"crossing","t":{"crossing":"uncontrolled","highway":"crossing"}}},
{"type":"Feature","geometry":{"type":"Point","coordinates":[-122.302058,37.867236]},"properties":{"id":"n11681444102","k":"signal","t":{"highway":"stop"}}},
{"type":"Feature","geometry":{"type":"Point","coordinates":[-122.301986,37.867012]},"properties":{"id":"n11681444103","k":"signal","t":{"highway":"stop"}}},
{"type":"Feature","geometry":{"type":"Point","coordinates":[-122.302086,37.86723]},"properties":{"id":"n11681444104","k":"crossing","t":{"crossing":"uncontrolled","highway":"crossing"}}},
{"type":"Feature","geometry":{"type":"Point","coordinates":[-122.30201,37.867007]},"properties":{"id":"n11681444105","k":"crossing","t":{"crossing":"uncontrolled","highway":"crossing"}}},
{"type":"Feature","geometry":{"type":"Point","coordinates":[-122.302077,37.866915]},"properties":{"id":"n11681444106","k":"crossing","t":{"crossing":"uncontrolled","highway":"crossing"}}},
{"type":"Feature","geometry":{"type":"Point","coordinates":[-122.302711,37.86597]},"properties":{"id":"n11681444107","k":"waste_basket","t":{"amenity":"waste_basket"}}},
{"type":"Feature","geometry":{"type":"Point","coordinates":[-122.302661,37.866006]},"properties":{"id":"n11681444108","k":"bicycle_parking","t":{"amenity":"bicycle_parking","capacity":"4"}}},
{"type":"Feature","geometry":{"type":"Point","coordinates":[-122.302559,37.865885]},"properties":{"id":"n11681444109","k":"bench","t":{"amenity":"bench"}}},
{"type":"Feature","geometry":{"type":"Point","coordinates":[-122.302595,37.865886]},"properties":{"id":"n11681444110","k":"bench","t":{"amenity":"bench"}}},
{"type":"Feature","geometry":{"type":"Point","coordinates":[-122.302334,37.865851]},"properties":{"id":"n11681444111","k":"bench","t":{"amenity":"bench"}}},
{"type":"Feature","geometry":{"type":"Point","coordinates":[-122.302377,37.86587]},"properties":{"id":"n11681444112","k":"bench","t":{"amenity":"bench"}}},
{"type":"Feature","geometry":{"type":"Point","coordinates":[-122.302433,37.865889]},"properties":{"id":"n11681444113","k":"bench","t":{"amenity":"bench"}}},
{"type":"Feature","geometry":{"type":"Point","coordinates":[-122.302487,37.8659]},"properties":{"id":"n11681444114","k":"bench","t":{"amenity":"bench"}}},
{"type":"Feature","geometry":{"type":"Point","coordinates":[-122.301866,37.865858]},"properties":{"id":"n11681444123","k":"bench","t":{"amenity":"bench"}}},
{"type":"Feature","geometry":{"type":"Point","coordinates":[-122.30191,37.865849]},"properties":{"id":"n11681444124","k":"bench","t":{"amenity":"bench"}}},
{"type":"Feature","geometry":{"type":"Point","coordinates":[-122.301997,37.865829]},"properties":{"id":"n11681444125","k":"bench","t":{"amenity":"bench"}}},
{"type":"Feature","geometry":{"type":"Point","coordinates":[-122.301954,37.865838]},"properties":{"id":"n11681444126","k":"bench","t":{"amenity":"bench"}}},
{"type":"Feature","geometry":{"type":"Point","coordinates":[-122.301963,37.865803]},"properties":{"id":"n11681444128","k":"bench","t":{"amenity":"bench"}}},
{"type":"Feature","geometry":{"type":"Point","coordinates":[-122.301877,37.865821]},"properties":{"id":"n11681444129","k":"bench","t":{"amenity":"bench"}}},
{"type":"Feature","geometry":{"type":"Point","coordinates":[-122.301855,37.865863]},"properties":{"id":"n11681444130","k":"tree","t":{"amenity":"bicycle_parking","natural":"tree","capacity":"3"}}},
{"type":"Feature","geometry":{"type":"Point","coordinates":[-122.29889,37.86491]},"properties":{"id":"n11681444143","k":"bicycle_parking","t":{"amenity":"bicycle_parking","capacity":"4"}}},
{"type":"Feature","geometry":{"type":"Point","coordinates":[-122.298906,37.864852]},"properties":{"id":"n11681444144","k":"signal","t":{"highway":"stop"}}},
{"type":"Feature","geometry":{"type":"Point","coordinates":[-122.299101,37.864813]},"properties":{"id":"n11681444145","k":"signal","t":{"highway":"stop"}}},
{"type":"Feature","geometry":{"type":"Point","coordinates":[-122.298983,37.864764]},"properties":{"id":"n11681444146","k":"crossing","t":{"crossing":"uncontrolled","highway":"crossing"}}},
{"type":"Feature","geometry":{"type":"Point","coordinates":[-122.298924,37.864848]},"properties":{"id":"n11681444147","k":"crossing","t":{"crossing":"uncontrolled","highway":"crossing"}}},
{"type":"Feature","geometry":{"type":"Point","coordinates":[-122.299345,37.865702]},"properties":{"id":"n11681444161","k":"kerb:lowered","t":{"kerb":"lowered","barrier":"kerb"}}},
{"type":"Feature","geometry":{"type":"Point","coordinates":[-122.299211,37.865291]},"properties":{"id":"n11681444162","k":"kerb:lowered","t":{"kerb":"lowered","barrier":"kerb"}}},
{"type":"Feature","geometry":{"type":"Point","coordinates":[-122.298829,37.86752]},"properties":{"id":"n11681444175","k":"waste_basket","t":{"amenity":"waste_basket"}}},
{"type":"Feature","geometry":{"type":"Point","coordinates":[-122.298717,37.867585]},"properties":{"id":"n11681444176","k":"kerb:flush","t":{"kerb":"flush","tactile_paving":"yes","barrier":"kerb"}}},
{"type":"Feature","geometry":{"type":"Point","coordinates":[-122.298834,37.867561]},"properties":{"id":"n11681444177","k":"kerb:lowered","t":{"kerb":"lowered","tactile_paving":"yes","barrier":"kerb"}}},
{"type":"Feature","geometry":{"type":"Point","coordinates":[-122.29937,37.867478]},"properties":{"id":"n11681444178","k":"vending_machine","t":{"amenity":"vending_machine"}}},
{"type":"Feature","geometry":{"type":"Point","coordinates":[-122.299196,37.867532]},"properties":{"id":"n11681444179","k":"vending_machine","t":{"amenity":"vending_machine"}}},
{"type":"Feature","geometry":{"type":"Point","coordinates":[-122.29949,37.867472]},"properties":{"id":"n11681444180","k":"waste_basket","t":{"amenity":"waste_basket"}}},
{"type":"Feature","geometry":{"type":"Point","coordinates":[-122.299799,37.867643]},"properties":{"id":"n11681444181","k":"kerb:flush","t":{"kerb":"flush","tactile_paving":"yes","barrier":"kerb"}}},
{"type":"Feature","geometry":{"type":"Point","coordinates":[-122.300005,37.867601]},"properties":{"id":"n11681444182","k":"kerb:flush","t":{"kerb":"flush","tactile_paving":"yes","barrier":"kerb"}}},
{"type":"Feature","geometry":{"type":"Point","coordinates":[-122.30069,37.867384]},"properties":{"id":"n11681444183","k":"kerb:flush","t":{"kerb":"flush","tactile_paving":"yes","barrier":"kerb"}}},
{"type":"Feature","geometry":{"type":"Point","coordinates":[-122.30055,37.867413]},"properties":{"id":"n11681444184","k":"kerb:flush","t":{"kerb":"flush","tactile_paving":"yes","barrier":"kerb"}}},
{"type":"Feature","geometry":{"type":"Point","coordinates":[-122.30061,37.8674]},"properties":{"id":"n11681444186","k":"crossing","t":{"crossing":"uncontrolled","highway":"crossing"}}},
{"type":"Feature","geometry":{"type":"Point","coordinates":[-122.300772,37.867285]},"properties":{"id":"n11681444188","k":"telephone","t":{"amenity":"telephone"}}},
{"type":"Feature","geometry":{"type":"Point","coordinates":[-122.300809,37.86736]},"properties":{"id":"n11681444189","k":"waste_basket","t":{"amenity":"waste_basket"}}},
{"type":"Feature","geometry":{"type":"Point","coordinates":[-122.300828,37.86742]},"properties":{"id":"n11681444190","k":"bench","t":{"amenity":"bench"}}},
{"type":"Feature","geometry":{"type":"Point","coordinates":[-122.300817,37.86738]},"properties":{"id":"n11681444191","k":"bench","t":{"amenity":"bench"}}},
{"type":"Feature","geometry":{"type":"Point","coordinates":[-122.300792,37.867306]},"properties":{"id":"n11681444192","k":"bench","t":{"amenity":"bench"}}},
{"type":"Feature","geometry":{"type":"Point","coordinates":[-122.300806,37.867344]},"properties":{"id":"n11681444193","k":"bench","t":{"amenity":"bench"}}},
{"type":"Feature","geometry":{"type":"Point","coordinates":[-122.30044,37.86746]},"properties":{"id":"n11681444194","k":"waste_basket","t":{"amenity":"waste_basket"}}},
{"type":"Feature","geometry":{"type":"Point","coordinates":[-122.30088,37.867527]},"properties":{"id":"n11681444195","k":"waste_basket","t":{"amenity":"waste_basket"}}},
{"type":"Feature","geometry":{"type":"Point","coordinates":[-122.300846,37.867515]},"properties":{"id":"n11681444196","k":"bollard","t":{"barrier":"bollard"}}},
{"type":"Feature","geometry":{"type":"Point","coordinates":[-122.300814,37.867529]},"properties":{"id":"n11681444199","k":"bench","t":{"amenity":"bench"}}},
{"type":"Feature","geometry":{"type":"Point","coordinates":[-122.30084,37.867523]},"properties":{"id":"n11681444200","k":"bench","t":{"amenity":"bench"}}},
{"type":"Feature","geometry":{"type":"Point","coordinates":[-122.302426,37.866009]},"properties":{"id":"n11681444201","k":"signal","t":{"highway":"stop"}}},
{"type":"Feature","geometry":{"type":"Point","coordinates":[-122.300793,37.867405]},"properties":{"id":"n11681444202","k":"waste_basket","t":{"amenity":"waste_basket"}}},
{"type":"Feature","geometry":{"type":"Point","coordinates":[-122.30077,37.867334]},"properties":{"id":"n11681444203","k":"waste_basket","t":{"amenity":"waste_basket"}}},
{"type":"Feature","geometry":{"type":"Point","coordinates":[-122.300775,37.86735]},"properties":{"id":"n11681444204","k":"bench","t":{"amenity":"bench"}}},
{"type":"Feature","geometry":{"type":"Point","coordinates":[-122.300787,37.867386]},"properties":{"id":"n11681444205","k":"bench","t":{"amenity":"bench"}}},
{"type":"Feature","geometry":{"type":"Point","coordinates":[-122.300799,37.867426]},"properties":{"id":"n11681444206","k":"bench","t":{"amenity":"bench"}}},
{"type":"Feature","geometry":{"type":"Point","coordinates":[-122.300764,37.867314]},"properties":{"id":"n11681444207","k":"bench","t":{"amenity":"bench"}}},
{"type":"Feature","geometry":{"type":"Point","coordinates":[-122.30075,37.867213]},"properties":{"id":"n11681444224","k":"bollard","t":{"barrier":"bollard"}}},
{"type":"Feature","geometry":{"type":"Point","coordinates":[-122.300702,37.867219]},"properties":{"id":"n11681444225","k":"bench","t":{"amenity":"bench"}}},
{"type":"Feature","geometry":{"type":"Point","coordinates":[-122.300732,37.867212]},"properties":{"id":"n11681444226","k":"bench","t":{"amenity":"bench"}}},
{"type":"Feature","geometry":{"type":"Point","coordinates":[-122.30055,37.867217]},"properties":{"id":"n11681444227","k":"bench","t":{"amenity":"bench"}}},
{"type":"Feature","geometry":{"type":"Point","coordinates":[-122.300538,37.867202]},"properties":{"id":"n11681444228","k":"bicycle_parking","t":{"amenity":"bicycle_parking","capacity":"4"}}},
{"type":"Feature","geometry":{"type":"Point","coordinates":[-122.300397,37.867118]},"properties":{"id":"n11681444229","k":"bench","t":{"amenity":"bench"}}},
{"type":"Feature","geometry":{"type":"Point","coordinates":[-122.300414,37.867205]},"properties":{"id":"n11681444230","k":"bench","t":{"amenity":"bench"}}},
{"type":"Feature","geometry":{"type":"Point","coordinates":[-122.30049,37.867142]},"properties":{"id":"n11681444231","k":"bench","t":{"amenity":"bench"}}},
{"type":"Feature","geometry":{"type":"Point","coordinates":[-122.300527,37.867189]},"properties":{"id":"n11681444232","k":"bench","t":{"amenity":"bench"}}},
{"type":"Feature","geometry":{"type":"Point","coordinates":[-122.300462,37.867146]},"properties":{"id":"n11681444233","k":"bench","t":{"amenity":"bench"}}},
{"type":"Feature","geometry":{"type":"Point","coordinates":[-122.30044,37.867197]},"properties":{"id":"n11681444234","k":"bench","t":{"amenity":"bench"}}},
{"type":"Feature","geometry":{"type":"Point","coordinates":[-122.300144,37.867338]},"properties":{"id":"n11681444237","k":"vending_machine","t":{"amenity":"vending_machine"}}},
{"type":"Feature","geometry":{"type":"Point","coordinates":[-122.29998,37.867479]},"properties":{"id":"n11681444238","k":"waste_basket","t":{"amenity":"waste_basket"}}},
{"type":"Feature","geometry":{"type":"Point","coordinates":[-122.299958,37.867453]},"properties":{"id":"n11681444239","k":"kerb:flush","t":{"kerb":"flush","tactile_paving":"yes","barrier":"kerb"}}},
{"type":"Feature","geometry":{"type":"Point","coordinates":[-122.299614,37.866966]},"properties":{"id":"n11681444244","k":"bicycle_parking","t":{"amenity":"bicycle_parking","capacity":"2"}}},
{"type":"Feature","geometry":{"type":"Point","coordinates":[-122.299584,37.866865]},"properties":{"id":"n11681444245","k":"bicycle_parking","t":{"amenity":"bicycle_parking","capacity":"2"}}},
{"type":"Feature","geometry":{"type":"Point","coordinates":[-122.299599,37.866919]},"properties":{"id":"n11681444246","k":"vending_machine","t":{"amenity":"vending_machine"}}},
{"type":"Feature","geometry":{"type":"Point","coordinates":[-122.299603,37.866933]},"properties":{"id":"n11681444247","k":"bicycle_parking","t":{"amenity":"bicycle_parking","capacity":"2"}}},
{"type":"Feature","geometry":{"type":"Point","coordinates":[-122.2997,37.867221]},"properties":{"id":"n11681444248","k":"vending_machine","t":{"amenity":"vending_machine"}}},
{"type":"Feature","geometry":{"type":"Point","coordinates":[-122.299723,37.867298]},"properties":{"id":"n11681444249","k":"bicycle_parking","t":{"amenity":"bicycle_parking","capacity":"2"}}},
{"type":"Feature","geometry":{"type":"Point","coordinates":[-122.299704,37.867235]},"properties":{"id":"n11681444250","k":"bicycle_parking","t":{"amenity":"bicycle_parking","capacity":"2"}}},
{"type":"Feature","geometry":{"type":"Point","coordinates":[-122.29974,37.867353]},"properties":{"id":"n11681444251","k":"waste_basket","t":{"amenity":"waste_basket"}}},
{"type":"Feature","geometry":{"type":"Point","coordinates":[-122.299942,37.867386]},"properties":{"id":"n11681444253","k":"kerb:lowered","t":{"kerb":"lowered","tactile_paving":"yes","barrier":"kerb"}}},
{"type":"Feature","geometry":{"type":"Point","coordinates":[-122.299879,37.867335]},"properties":{"id":"n11681444254","k":"waste_basket","t":{"amenity":"waste_basket"}}},
{"type":"Feature","geometry":{"type":"Point","coordinates":[-122.299632,37.866544]},"properties":{"id":"n11681444255","k":"tree","t":{"amenity":"bicycle_parking","natural":"tree","capacity":"3"}}},
{"type":"Feature","geometry":{"type":"Point","coordinates":[-122.299748,37.866925]},"properties":{"id":"n11681444256","k":"bench","t":{"amenity":"bench"}}},
{"type":"Feature","geometry":{"type":"Point","coordinates":[-122.299764,37.866979]},"properties":{"id":"n11681444257","k":"bench","t":{"amenity":"bench"}}},
{"type":"Feature","geometry":{"type":"Point","coordinates":[-122.299787,37.867043]},"properties":{"id":"n11681444258","k":"bench","t":{"amenity":"bench"}}},
{"type":"Feature","geometry":{"type":"Point","coordinates":[-122.299775,37.867002]},"properties":{"id":"n11681444259","k":"bench","t":{"amenity":"bench"}}},
{"type":"Feature","geometry":{"type":"Point","coordinates":[-122.299705,37.866789]},"properties":{"id":"n11681444260","k":"bench","t":{"amenity":"bench"}}},
{"type":"Feature","geometry":{"type":"Point","coordinates":[-122.299732,37.866864]},"properties":{"id":"n11681444261","k":"tree","t":{"amenity":"bicycle_parking","natural":"tree","capacity":"3"}}},
{"type":"Feature","geometry":{"type":"Point","coordinates":[-122.299705,37.866791]},"properties":{"id":"n11681444262","k":"bench","t":{"amenity":"bench"}}},
{"type":"Feature","geometry":{"type":"Point","coordinates":[-122.299675,37.866704]},"properties":{"id":"n11681444263","k":"tree","t":{"amenity":"bicycle_parking","natural":"tree","capacity":"3"}}},
{"type":"Feature","geometry":{"type":"Point","coordinates":[-122.299664,37.866673]},"properties":{"id":"n11681444264","k":"bench","t":{"amenity":"bench"}}},
{"type":"Feature","geometry":{"type":"Point","coordinates":[-122.299653,37.866634]},"properties":{"id":"n11681444265","k":"bench","t":{"amenity":"bench"}}},
{"type":"Feature","geometry":{"type":"Point","coordinates":[-122.299643,37.866603]},"properties":{"id":"n11681444266","k":"bench","t":{"amenity":"bench"}}},
{"type":"Feature","geometry":{"type":"Point","coordinates":[-122.299605,37.86648]},"properties":{"id":"n11681444267","k":"bench","t":{"amenity":"bench"}}},
{"type":"Feature","geometry":{"type":"Point","coordinates":[-122.299863,37.867278]},"properties":{"id":"n11681444268","k":"tree","t":{"amenity":"bicycle_parking","natural":"tree","capacity":"3"}}},
{"type":"Feature","geometry":{"type":"Point","coordinates":[-122.299524,37.866681]},"properties":{"id":"n11681444273","k":"waste_basket","t":{"amenity":"waste_basket"}}},
{"type":"Feature","geometry":{"type":"Point","coordinates":[-122.299465,37.866531]},"properties":{"id":"n11681444274","k":"bench","t":{"amenity":"bench"}}},
{"type":"Feature","geometry":{"type":"Point","coordinates":[-122.299496,37.866596]},"properties":{"id":"n11681444275","k":"tree","t":{"amenity":"bicycle_parking","natural":"tree","capacity":"3"}}},
{"type":"Feature","geometry":{"type":"Point","coordinates":[-122.299567,37.866365]},"properties":{"id":"n11681444276","k":"waste_basket","t":{"amenity":"waste_basket"}}},
{"type":"Feature","geometry":{"type":"Point","coordinates":[-122.299703,37.866286]},"properties":{"id":"n11681444277","k":"bench","t":{"amenity":"bench"}}},
{"type":"Feature","geometry":{"type":"Point","coordinates":[-122.299742,37.866279]},"properties":{"id":"n11681444278","k":"bench","t":{"amenity":"bench"}}},
{"type":"Feature","geometry":{"type":"Point","coordinates":[-122.29991,37.866246]},"properties":{"id":"n11681444279","k":"vending_machine","t":{"amenity":"vending_machine"}}},
{"type":"Feature","geometry":{"type":"Point","coordinates":[-122.299964,37.866234]},"properties":{"id":"n11681444280","k":"bench","t":{"amenity":"bench"}}},
{"type":"Feature","geometry":{"type":"Point","coordinates":[-122.299587,37.866426]},"properties":{"id":"n11681444281","k":"tree","t":{"amenity":"bicycle_parking","natural":"tree","capacity":"3"}}},
{"type":"Feature","geometry":{"type":"Point","coordinates":[-122.299438,37.866419]},"properties":{"id":"n11681444282","k":"waste_basket","t":{"amenity":"waste_basket"}}},
{"type":"Feature","geometry":{"type":"Point","coordinates":[-122.299447,37.866437]},"properties":{"id":"n11681444283","k":"tree","t":{"amenity":"bicycle_parking","natural":"tree","capacity":"3"}}},
{"type":"Feature","geometry":{"type":"Point","coordinates":[-122.299429,37.866394]},"properties":{"id":"n11681444284","k":"tree","t":{"amenity":"bicycle_parking","natural":"tree","capacity":"3"}}},
{"type":"Feature","geometry":{"type":"Point","coordinates":[-122.299666,37.867097]},"properties":{"id":"n11681444285","k":"kerb:lowered","t":{"kerb":"lowered","barrier":"kerb"}}},
{"type":"Feature","geometry":{"type":"Point","coordinates":[-122.299761,37.867393]},"properties":{"id":"n11681444286","k":"kerb:flush","t":{"kerb":"flush","tactile_paving":"yes","wheelchair":"yes","barrier":"kerb"}}},
{"type":"Feature","geometry":{"type":"Point","coordinates":[-122.299745,37.867423]},"properties":{"id":"n11681444287","k":"kerb:flush","t":{"kerb":"flush","tactile_paving":"yes","wheelchair":"yes","barrier":"kerb"}}},
{"type":"Feature","geometry":{"type":"Point","coordinates":[-122.299565,37.866353]},"properties":{"id":"n11681444288","k":"tree","t":{"amenity":"bicycle_parking","natural":"tree","capacity":"3"}}},
{"type":"Feature","geometry":{"type":"Point","coordinates":[-122.299373,37.866228]},"properties":{"id":"n11681444293","k":"kerb:lowered","t":{"kerb":"lowered","tactile_paving":"yes","wheelchair":"yes","barrier":"kerb"}}},
{"type":"Feature","geometry":{"type":"Point","coordinates":[-122.299365,37.866239]},"properties":{"id":"n11681444294","k":"kerb:lowered","t":{"kerb":"lowered","tactile_paving":"yes","wheelchair":"yes","barrier":"kerb"}}},
{"type":"Feature","geometry":{"type":"Point","coordinates":[-122.298999,37.866317]},"properties":{"id":"n11681444299","k":"kerb:lowered","t":{"kerb":"lowered","barrier":"kerb"}}},
{"type":"Feature","geometry":{"type":"Point","coordinates":[-122.299396,37.866343]},"properties":{"id":"n11681444300","k":"kerb:lowered","t":{"kerb":"lowered","tactile_paving":"yes","wheelchair":"yes","barrier":"kerb"}}},
{"type":"Feature","geometry":{"type":"Point","coordinates":[-122.299417,37.866355]},"properties":{"id":"n11681444301","k":"kerb:lowered","t":{"kerb":"lowered","tactile_paving":"yes","wheelchair":"yes","barrier":"kerb"}}},
{"type":"Feature","geometry":{"type":"Point","coordinates":[-122.299878,37.86625]},"properties":{"id":"n11681444302","k":"waste_basket","t":{"amenity":"waste_basket"}}},
{"type":"Feature","geometry":{"type":"Point","coordinates":[-122.300317,37.866192]},"properties":{"id":"n11681444303","k":"signal","t":{"highway":"stop"}}},
{"type":"Feature","geometry":{"type":"Point","coordinates":[-122.297576,37.864044]},"properties":{"id":"n11684393618","k":"kerb:lowered","t":{"kerb":"lowered","barrier":"kerb"}}},
{"type":"Feature","geometry":{"type":"Point","coordinates":[-122.297619,37.864175]},"properties":{"id":"n11684393619","k":"kerb:lowered","t":{"kerb":"lowered","barrier":"kerb"}}},
{"type":"Feature","geometry":{"type":"Point","coordinates":[-122.297684,37.864381]},"properties":{"id":"n11684393623","k":"kerb:lowered","t":{"kerb":"lowered","barrier":"kerb"}}},
{"type":"Feature","geometry":{"type":"Point","coordinates":[-122.298413,37.863002]},"properties":{"id":"n11684393632","k":"crossing","t":{"crossing":"uncontrolled","highway":"crossing"}}},
{"type":"Feature","geometry":{"type":"Point","coordinates":[-122.298351,37.863086]},"properties":{"id":"n11684393633","k":"crossing","t":{"crossing":"uncontrolled","highway":"crossing"}}},
{"type":"Feature","geometry":{"type":"Point","coordinates":[-122.298456,37.863132]},"properties":{"id":"n11684393634","k":"crossing","t":{"crossing":"uncontrolled","highway":"crossing"}}},
{"type":"Feature","geometry":{"type":"Point","coordinates":[-122.297879,37.864565]},"properties":{"id":"n11684393643","k":"kerb:lowered","t":{"kerb":"lowered","barrier":"kerb"}}},
{"type":"Feature","geometry":{"type":"Point","coordinates":[-122.298115,37.864959]},"properties":{"id":"n11684393644","k":"kerb:lowered","t":{"kerb":"lowered","barrier":"kerb"}}},
{"type":"Feature","geometry":{"type":"Point","coordinates":[-122.298306,37.864921]},"properties":{"id":"n11684393645","k":"kerb:lowered","t":{"kerb":"lowered","barrier":"kerb"}}},
{"type":"Feature","geometry":{"type":"Point","coordinates":[-122.298467,37.864889]},"properties":{"id":"n11684393646","k":"kerb:lowered","t":{"kerb":"lowered","barrier":"kerb"}}},
{"type":"Feature","geometry":{"type":"Point","coordinates":[-122.29651,37.860292]},"properties":{"id":"n11687209671","k":"kerb:lowered","t":{"kerb":"lowered","barrier":"kerb"}}},
{"type":"Feature","geometry":{"type":"Point","coordinates":[-122.297424,37.860113]},"properties":{"id":"n11687209687","k":"kerb:lowered","t":{"kerb":"lowered","barrier":"kerb"}}},
{"type":"Feature","geometry":{"type":"Point","coordinates":[-122.297372,37.859955]},"properties":{"id":"n11687209688","k":"kerb:lowered","t":{"kerb":"lowered","barrier":"kerb"}}},
{"type":"Feature","geometry":{"type":"Point","coordinates":[-122.296288,37.859834]},"properties":{"id":"n11687209725","k":"signal","t":{"highway":"stop"}}},
{"type":"Feature","geometry":{"type":"Point","coordinates":[-122.297069,37.862068]},"properties":{"id":"n11687209745","k":"kerb:lowered","t":{"kerb":"lowered","barrier":"kerb"}}},
{"type":"Feature","geometry":{"type":"Point","coordinates":[-122.297737,37.863158]},"properties":{"id":"n11687209762","k":"kerb:lowered","t":{"kerb":"lowered","barrier":"kerb"}}},
{"type":"Feature","geometry":{"type":"Point","coordinates":[-122.298017,37.861977]},"properties":{"id":"n11687209770","k":"kerb:lowered","t":{"kerb":"lowered","barrier":"kerb"}}},
{"type":"Feature","geometry":{"type":"Point","coordinates":[-122.298226,37.862224]},"properties":{"id":"n11687209771","k":"kerb:lowered","t":{"kerb":"lowered","barrier":"kerb"}}},
{"type":"Feature","geometry":{"type":"Point","coordinates":[-122.298251,37.8623]},"properties":{"id":"n11687209772","k":"kerb:lowered","t":{"kerb":"lowered","barrier":"kerb"}}},
{"type":"Feature","geometry":{"type":"Point","coordinates":[-122.2982,37.862527]},"properties":{"id":"n11687209773","k":"kerb:lowered","t":{"kerb":"lowered","barrier":"kerb"}}},
{"type":"Feature","geometry":{"type":"Point","coordinates":[-122.298216,37.862582]},"properties":{"id":"n11687209774","k":"kerb:lowered","t":{"kerb":"lowered","barrier":"kerb"}}},
{"type":"Feature","geometry":{"type":"Point","coordinates":[-122.29728,37.862733]},"properties":{"id":"n11687209776","k":"kerb:lowered","t":{"kerb":"lowered","barrier":"kerb"}}},
{"type":"Feature","geometry":{"type":"Point","coordinates":[-122.298574,37.862088]},"properties":{"id":"n11687209781","k":"crossing","t":{"crossing":"uncontrolled","highway":"crossing"}}},
{"type":"Feature","geometry":{"type":"Point","coordinates":[-122.299761,37.861801]},"properties":{"id":"n11687209815","k":"signal","t":{"highway":"stop"}}},
{"type":"Feature","geometry":{"type":"Point","coordinates":[-122.299664,37.861383]},"properties":{"id":"n11687209883","k":"crossing","t":{"crossing":"uncontrolled","highway":"crossing"}}},
{"type":"Feature","geometry":{"type":"Point","coordinates":[-122.300348,37.862631]},"properties":{"id":"n11687209897","k":"kerb:lowered","t":{"kerb":"lowered","barrier":"kerb"}}},
{"type":"Feature","geometry":{"type":"Point","coordinates":[-122.299661,37.861478]},"properties":{"id":"n11687209912","k":"crossing","t":{"crossing":"uncontrolled","highway":"crossing"}}},
{"type":"Feature","geometry":{"type":"Point","coordinates":[-122.29972,37.86181]},"properties":{"id":"n11687209913","k":"crossing","t":{"crossing":"uncontrolled","highway":"crossing"}}},
{"type":"Feature","geometry":{"type":"Point","coordinates":[-122.300111,37.862186]},"properties":{"id":"n11687209950","k":"signal","t":{"highway":"stop"}}},
{"type":"Feature","geometry":{"type":"Point","coordinates":[-122.300653,37.862733]},"properties":{"id":"n11687209959","k":"kerb:raised","t":{"kerb":"raised","wheelchair":"no","barrier":"kerb"}}},
{"type":"Feature","geometry":{"type":"Point","coordinates":[-122.289498,37.856973]},"properties":{"id":"n11687416247","k":"signal","t":{"highway":"stop"}}},
{"type":"Feature","geometry":{"type":"Point","coordinates":[-122.289458,37.856849]},"properties":{"id":"n11687416248","k":"signal","t":{"highway":"stop"}}},
{"type":"Feature","geometry":{"type":"Point","coordinates":[-122.289773,37.857831]},"properties":{"id":"n11687416251","k":"crossing","t":{"crossing":"uncontrolled","highway":"crossing"}}},
{"type":"Feature","geometry":{"type":"Point","coordinates":[-122.289682,37.857792]},"properties":{"id":"n11687416252","k":"crossing","t":{"crossing":"uncontrolled","highway":"crossing"}}},
{"type":"Feature","geometry":{"type":"Point","coordinates":[-122.289735,37.857717]},"properties":{"id":"n11687416253","k":"crossing","t":{"crossing":"uncontrolled","highway":"crossing"}}},
{"type":"Feature","geometry":{"type":"Point","coordinates":[-122.289824,37.857757]},"properties":{"id":"n11687416254","k":"crossing","t":{"crossing":"uncontrolled","highway":"crossing"}}},
{"type":"Feature","geometry":{"type":"Point","coordinates":[-122.292041,37.857202]},"properties":{"id":"n11687416255","k":"signal","t":{"highway":"stop"}}},
{"type":"Feature","geometry":{"type":"Point","coordinates":[-122.291839,37.857254]},"properties":{"id":"n11687416256","k":"signal","t":{"highway":"stop"}}},
{"type":"Feature","geometry":{"type":"Point","coordinates":[-122.289404,37.860126]},"properties":{"id":"n11687416260","k":"bicycle_parking","t":{"amenity":"bicycle_parking","capacity":"2"}}},
{"type":"Feature","geometry":{"type":"Point","coordinates":[-122.289391,37.860085]},"properties":{"id":"n11687416261","k":"bicycle_parking","t":{"amenity":"bicycle_parking","capacity":"2"}}},
{"type":"Feature","geometry":{"type":"Point","coordinates":[-122.289372,37.860036]},"properties":{"id":"n11687416262","k":"bicycle_parking","t":{"amenity":"bicycle_parking","capacity":"2"}}},
{"type":"Feature","geometry":{"type":"Point","coordinates":[-122.289358,37.859992]},"properties":{"id":"n11687416263","k":"bicycle_parking","t":{"amenity":"bicycle_parking","capacity":"2"}}},
{"type":"Feature","geometry":{"type":"Point","coordinates":[-122.289338,37.859924]},"properties":{"id":"n11687416264","k":"bicycle_parking","t":{"amenity":"bicycle_parking","capacity":"2"}}},
{"type":"Feature","geometry":{"type":"Point","coordinates":[-122.282384,37.881564]},"properties":{"id":"n11861913666","k":"telephone","t":{"amenity":"telephone"}}},
{"type":"Feature","geometry":{"type":"Point","coordinates":[-122.284898,37.874624]},"properties":{"id":"n11865339107","k":"kerb:lowered","t":{"kerb":"lowered","tactile_paving":"yes","barrier":"kerb"}}},
{"type":"Feature","geometry":{"type":"Point","coordinates":[-122.284738,37.874496]},"properties":{"id":"n11865339108","k":"kerb:lowered","t":{"kerb":"lowered","tactile_paving":"yes","barrier":"kerb"}}},
{"type":"Feature","geometry":{"type":"Point","coordinates":[-122.284726,37.874508]},"properties":{"id":"n11865339109","k":"kerb:lowered","t":{"kerb":"lowered","tactile_paving":"yes","barrier":"kerb"}}},
{"type":"Feature","geometry":{"type":"Point","coordinates":[-122.284741,37.874636]},"properties":{"id":"n11865339110","k":"kerb:lowered","t":{"kerb":"lowered","tactile_paving":"yes","barrier":"kerb"}}},
{"type":"Feature","geometry":{"type":"Point","coordinates":[-122.284762,37.874652]},"properties":{"id":"n11865339111","k":"kerb:lowered","t":{"kerb":"lowered","tactile_paving":"yes","barrier":"kerb"}}},
{"type":"Feature","geometry":{"type":"Point","coordinates":[-122.284894,37.874632]},"properties":{"id":"n11865339112","k":"kerb:lowered","t":{"kerb":"lowered","tactile_paving":"yes","barrier":"kerb"}}},
{"type":"Feature","geometry":{"type":"Point","coordinates":[-122.284908,37.874616]},"properties":{"id":"n11865339113","k":"kerb:lowered","t":{"kerb":"lowered","tactile_paving":"yes","barrier":"kerb"}}},
{"type":"Feature","geometry":{"type":"Point","coordinates":[-122.284902,37.874513]},"properties":{"id":"n11865339114","k":"kerb:lowered","t":{"kerb":"lowered","tactile_paving":"yes","barrier":"kerb"}}},
{"type":"Feature","geometry":{"type":"Point","coordinates":[-122.284879,37.874487]},"properties":{"id":"n11865339115","k":"kerb:lowered","t":{"kerb":"lowered","tactile_paving":"yes","barrier":"kerb"}}},
{"type":"Feature","geometry":{"type":"Point","coordinates":[-122.283942,37.87458]},"properties":{"id":"n11865339118","k":"kerb:lowered","t":{"kerb":"lowered","barrier":"kerb"}}},
{"type":"Feature","geometry":{"type":"Point","coordinates":[-122.284059,37.874564]},"properties":{"id":"n11865339119","k":"kerb:lowered","t":{"kerb":"lowered","barrier":"kerb"}}},
{"type":"Feature","geometry":{"type":"Point","coordinates":[-122.282578,37.874744]},"properties":{"id":"n11865339127","k":"kerb:lowered","t":{"kerb":"lowered","tactile_paving":"yes","barrier":"kerb"}}},
{"type":"Feature","geometry":{"type":"Point","coordinates":[-122.282663,37.874893]},"properties":{"id":"n11865339128","k":"kerb:lowered","t":{"kerb":"lowered","tactile_paving":"yes","barrier":"kerb"}}},
{"type":"Feature","geometry":{"type":"Point","coordinates":[-122.282638,37.874765]},"properties":{"id":"n11865339129","k":"kerb:lowered","t":{"kerb":"lowered","tactile_paving":"yes","barrier":"kerb"}}},
{"type":"Feature","geometry":{"type":"Point","coordinates":[-122.282617,37.874924]},"properties":{"id":"n11865339132","k":"kerb:lowered","t":{"kerb":"lowered","tactile_paving":"yes","barrier":"kerb"}}},
{"type":"Feature","geometry":{"type":"Point","coordinates":[-122.284709,37.872827]},"properties":{"id":"n11865339133","k":"kerb:flush","t":{"kerb":"flush","tactile_paving":"no","wheelchair":"yes","barrier":"kerb"}}},
{"type":"Feature","geometry":{"type":"Point","coordinates":[-122.284697,37.872836]},"properties":{"id":"n11865339134","k":"kerb:flush","t":{"kerb":"flush","tactile_paving":"no","wheelchair":"yes","barrier":"kerb"}}},
{"type":"Feature","geometry":{"type":"Point","coordinates":[-122.284029,37.874226]},"properties":{"id":"n11865339137","k":"signal","t":{"highway":"stop"}}},
{"type":"Feature","geometry":{"type":"Point","coordinates":[-122.283873,37.874241]},"properties":{"id":"n11865339138","k":"signal","t":{"highway":"stop"}}},
{"type":"Feature","geometry":{"type":"Point","coordinates":[-122.283879,37.874291]},"properties":{"id":"n11865339139","k":"signal","t":{"highway":"stop"}}},
{"type":"Feature","geometry":{"type":"Point","coordinates":[-122.283994,37.874554]},"properties":{"id":"n11865339140","k":"signal","t":{"highway":"stop"}}},
{"type":"Feature","geometry":{"type":"Point","coordinates":[-122.284532,37.872864]},"properties":{"id":"n11865339141","k":"kerb:flush","t":{"kerb":"flush","tactile_paving":"yes","barrier":"kerb"}}},
{"type":"Feature","geometry":{"type":"Point","coordinates":[-122.283686,37.87298]},"properties":{"id":"n11865339142","k":"kerb:flush","t":{"kerb":"flush","tactile_paving":"yes","wheelchair":"yes","barrier":"kerb"}}},
{"type":"Feature","geometry":{"type":"Point","coordinates":[-122.283663,37.872973]},"properties":{"id":"n11865339143","k":"kerb:flush","t":{"kerb":"flush","tactile_paving":"yes","wheelchair":"yes","barrier":"kerb"}}},
{"type":"Feature","geometry":{"type":"Point","coordinates":[-122.286351,37.867294]},"properties":{"id":"n12048158969","k":"bench","t":{"amenity":"bench"}}},
{"type":"Feature","geometry":{"type":"Point","coordinates":[-122.307643,37.877993]},"properties":{"id":"n12125858345","k":"surveillance","t":{"name":"Flock Falcon","man_made":"surveillance","operator":"California Highway Patrol (CHP)"}}},
{"type":"Feature","geometry":{"type":"Point","coordinates":[-122.307802,37.878388]},"properties":{"id":"n12125858346","k":"surveillance","t":{"name":"Flock Falcon","man_made":"surveillance","operator":"California Highway Patrol (CHP)"}}},
{"type":"Feature","geometry":{"type":"Point","coordinates":[-122.306846,37.878167]},"properties":{"id":"n12125858348","k":"surveillance","t":{"name":"Flock Falcon","man_made":"surveillance","operator":"California Highway Patrol (CHP)"}}},
{"type":"Feature","geometry":{"type":"Point","coordinates":[-122.30404,37.866498]},"properties":{"id":"n12125858349","k":"surveillance","t":{"name":"Flock Falcon","man_made":"surveillance","operator":"California Highway Patrol (CHP)"}}},
{"type":"Feature","geometry":{"type":"Point","coordinates":[-122.303478,37.867157]},"properties":{"id":"n12125858350","k":"surveillance","t":{"name":"Flock Falcon","man_made":"surveillance","operator":"California Highway Patrol (CHP)"}}},
{"type":"Feature","geometry":{"type":"Point","coordinates":[-122.303038,37.865408]},"properties":{"id":"n12125858351","k":"surveillance","t":{"name":"Flock Falcon","man_made":"surveillance","operator":"California Highway Patrol (CHP)"}}},
{"type":"Feature","geometry":{"type":"Point","coordinates":[-122.298891,37.850194]},"properties":{"id":"n12125858352","k":"surveillance","t":{"name":"Flock Falcon","man_made":"surveillance","operator":"California Highway Patrol (CHP)"}}},
{"type":"Feature","geometry":{"type":"Point","coordinates":[-122.283328,37.87012]},"properties":{"id":"n12212649668","k":"bicycle_parking","t":{"access":"yes","amenity":"bicycle_parking","capacity":"2"}}},
{"type":"Feature","geometry":{"type":"Point","coordinates":[-122.283296,37.86972]},"properties":{"id":"n12212649670","k":"bench","t":{"amenity":"bench"}}},
{"type":"Feature","geometry":{"type":"Point","coordinates":[-122.284003,37.869255]},"properties":{"id":"n12212649671","k":"manhole","t":{"man_made":"manhole"}}},
{"type":"Feature","geometry":{"type":"Point","coordinates":[-122.283689,37.869632]},"properties":{"id":"n12212649674","k":"bicycle_parking","t":{"amenity":"bicycle_parking","capacity":"4"}}},
{"type":"Feature","geometry":{"type":"Point","coordinates":[-122.283301,37.86991]},"properties":{"id":"n12212649675","k":"bicycle_parking","t":{"amenity":"bicycle_parking","capacity":"6"}}},
{"type":"Feature","geometry":{"type":"Point","coordinates":[-122.283432,37.869706]},"properties":{"id":"n12212649677","k":"kerb:lowered","t":{"kerb":"lowered","tactile_paving":"yes","barrier":"kerb"}}},
{"type":"Feature","geometry":{"type":"Point","coordinates":[-122.283345,37.869712]},"properties":{"id":"n12212649688","k":"kerb:lowered","t":{"kerb":"lowered","tactile_paving":"no","barrier":"kerb"}}},
{"type":"Feature","geometry":{"type":"Point","coordinates":[-122.283517,37.869681]},"properties":{"id":"n12212649690","k":"kerb:flush","t":{"kerb":"flush","tactile_paving":"yes","barrier":"kerb"}}},
{"type":"Feature","geometry":{"type":"Point","coordinates":[-122.283701,37.869592]},"properties":{"id":"n12212649692","k":"kerb:flush","t":{"kerb":"flush","tactile_paving":"yes","barrier":"kerb"}}},
{"type":"Feature","geometry":{"type":"Point","coordinates":[-122.313827,37.864558]},"properties":{"id":"n12212750896","k":"telephone","t":{"amenity":"telephone"}}},
{"type":"Feature","geometry":{"type":"Point","coordinates":[-122.313889,37.864159]},"properties":{"id":"n12212752901","k":"bench","t":{"amenity":"bench"}}},
{"type":"Feature","geometry":{"type":"Point","coordinates":[-122.31369,37.864432]},"properties":{"id":"n12212752904","k":"bicycle_parking","t":{"amenity":"bicycle_parking","capacity":"4"}}},
{"type":"Feature","geometry":{"type":"Point","coordinates":[-122.313576,37.863927]},"properties":{"id":"n12212752908","k":"bollard","t":{"barrier":"bollard"}}},
{"type":"Feature","geometry":{"type":"Point","coordinates":[-122.314512,37.864327]},"properties":{"id":"n12212752913","k":"vending_machine","t":{"amenity":"vending_machine"}}},
{"type":"Feature","geometry":{"type":"Point","coordinates":[-122.314737,37.86423]},"properties":{"id":"n12212752917","k":"street_cabinet","t":{"man_made":"street_cabinet"}}},
{"type":"Feature","geometry":{"type":"Point","coordinates":[-122.313881,37.864145]},"properties":{"id":"n12212752919","k":"waste_basket","t":{"amenity":"waste_basket"}}},
{"type":"Feature","geometry":{"type":"Point","coordinates":[-122.313771,37.864562]},"properties":{"id":"n12212752923","k":"bench","t":{"amenity":"bench"}}},
{"type":"Feature","geometry":{"type":"Point","coordinates":[-122.313571,37.863992]},"properties":{"id":"n12212752924","k":"bicycle_parking","t":{"amenity":"bicycle_parking","capacity":"2"}}},
{"type":"Feature","geometry":{"type":"Point","coordinates":[-122.313737,37.86416]},"properties":{"id":"n12212752926","k":"bench","t":{"amenity":"bench"}}},
{"type":"Feature","geometry":{"type":"Point","coordinates":[-122.313417,37.864489]},"properties":{"id":"n12212752927","k":"bicycle_parking","t":{"amenity":"bicycle_parking"}}},
{"type":"Feature","geometry":{"type":"Point","coordinates":[-122.313745,37.86419]},"properties":{"id":"n12212752931","k":"bench","t":{"amenity":"bench"}}},
{"type":"Feature","geometry":{"type":"Point","coordinates":[-122.313561,37.864459]},"properties":{"id":"n12212752934","k":"bicycle_parking","t":{"amenity":"bicycle_parking","capacity":"6"}}},
{"type":"Feature","geometry":{"type":"Point","coordinates":[-122.313743,37.864174]},"properties":{"id":"n12212752935","k":"waste_basket","t":{"amenity":"waste_basket"}}},
{"type":"Feature","geometry":{"type":"Point","coordinates":[-122.313879,37.864129]},"properties":{"id":"n12212752942","k":"bench","t":{"amenity":"bench"}}},
{"type":"Feature","geometry":{"type":"Point","coordinates":[-122.313809,37.864585]},"properties":{"id":"n12212752946","k":"bench","t":{"amenity":"bench"}}},
{"type":"Feature","geometry":{"type":"Point","coordinates":[-122.313793,37.864535]},"properties":{"id":"n12212752948","k":"bench","t":{"amenity":"bench"}}},
{"type":"Feature","geometry":{"type":"Point","coordinates":[-122.317378,37.865736]},"properties":{"id":"n12212803891","k":"bicycle_parking","t":{"access":"yes","amenity":"bicycle_parking","capacity":"14"}}},
{"type":"Feature","geometry":{"type":"Point","coordinates":[-122.317029,37.864885]},"properties":{"id":"n12212803892","k":"bench","t":{"access":"yes","amenity":"bench"}}},
{"type":"Feature","geometry":{"type":"Point","coordinates":[-122.31748,37.863592]},"properties":{"id":"n12212803898","k":"kerb:flush","t":{"kerb":"flush","tactile_paving":"yes","barrier":"kerb"}}},
{"type":"Feature","geometry":{"type":"Point","coordinates":[-122.317819,37.865985]},"properties":{"id":"n12212803900","k":"waste_basket","t":{"amenity":"waste_basket"}}},
{"type":"Feature","geometry":{"type":"Point","coordinates":[-122.316916,37.8646]},"properties":{"id":"n12212817506","k":"vending_machine","t":{"amenity":"vending_machine"}}},
{"type":"Feature","geometry":{"type":"Point","coordinates":[-122.317541,37.863587]},"properties":{"id":"n12212817507","k":"kerb:flush","t":{"kerb":"flush","tactile_paving":"yes","barrier":"kerb"}}},
{"type":"Feature","geometry":{"type":"Point","coordinates":[-122.317635,37.863598]},"properties":{"id":"n12212817512","k":"kerb:lowered","t":{"kerb":"lowered","tactile_paving":"yes","barrier":"kerb"}}},
{"type":"Feature","geometry":{"type":"Point","coordinates":[-122.317707,37.866101]},"properties":{"id":"n12212817513","k":"bench","t":{"amenity":"bench"}}},
{"type":"Feature","geometry":{"type":"Point","coordinates":[-122.317463,37.866121]},"properties":{"id":"n12212817517","k":"bench","t":{"amenity":"bench"}}},
{"type":"Feature","geometry":{"type":"Point","coordinates":[-122.317729,37.864449]},"properties":{"id":"n12212817520","k":"bench","t":{"access":"yes","amenity":"bench"}}},
{"type":"Feature","geometry":{"type":"Point","coordinates":[-122.317365,37.86356]},"properties":{"id":"n12212817526","k":"kerb:flush","t":{"kerb":"flush","tactile_paving":"yes","barrier":"kerb"}}},
{"type":"Feature","geometry":{"type":"Point","coordinates":[-122.31748,37.864397]},"properties":{"id":"n12212817528","k":"bollard","t":{"barrier":"bollard"}}},
{"type":"Feature","geometry":{"type":"Point","coordinates":[-122.317245,37.863582]},"properties":{"id":"n12212817531","k":"kerb:flush","t":{"kerb":"flush","tactile_paving":"yes","barrier":"kerb"}}},
{"type":"Feature","geometry":{"type":"Point","coordinates":[-122.316994,37.864507]},"properties":{"id":"n12212817532","k":"kerb:raised","t":{"kerb":"raised","wheelchair":"no","barrier":"kerb"}}},
{"type":"Feature","geometry":{"type":"Point","coordinates":[-122.317651,37.86609]},"properties":{"id":"n12212817533","k":"bench","t":{"amenity":"bench"}}},
{"type":"Feature","geometry":{"type":"Point","coordinates":[-122.281835,37.87059]},"properties":{"id":"n12357477169","k":"surveillance","t":{"name":"Flock Falcon","man_made":"surveillance","operator":"Berkeley Police Department"}}},
{"type":"Feature","geometry":{"type":"Point","coordinates":[-122.301416,37.879248]},"properties":{"id":"n12357477170","k":"surveillance","t":{"name":"Flock Falcon","man_made":"surveillance","operator":"Berkeley Police Department"}}},
{"type":"Feature","geometry":{"type":"Point","coordinates":[-122.29335,37.875342]},"properties":{"id":"n12357477171","k":"surveillance","t":{"name":"Flock Falcon","man_made":"surveillance","operator":"Berkeley Police Department"}}},
{"type":"Feature","geometry":{"type":"Point","coordinates":[-122.294238,37.875225]},"properties":{"id":"n12357477172","k":"surveillance","t":{"name":"Flock Falcon","man_made":"surveillance","operator":"Berkeley Police Department"}}},
{"type":"Feature","geometry":{"type":"Point","coordinates":[-122.292359,37.869173]},"properties":{"id":"n12357477173","k":"surveillance","t":{"name":"Flock Falcon","man_made":"surveillance","operator":"Berkeley Police Department"}}},
{"type":"Feature","geometry":{"type":"Point","coordinates":[-122.29193,37.869042]},"properties":{"id":"n12357477174","k":"surveillance","t":{"name":"Flock Falcon","man_made":"surveillance","operator":"Berkeley Police Department"}}},
{"type":"Feature","geometry":{"type":"Point","coordinates":[-122.282112,37.870244]},"properties":{"id":"n12357477185","k":"surveillance","t":{"name":"Flock Falcon","man_made":"surveillance","operator":"Berkeley Police Department"}}},
{"type":"Feature","geometry":{"type":"Point","coordinates":[-122.283177,37.879787]},"properties":{"id":"n12357477189","k":"surveillance","t":{"name":"Flock Falcon","man_made":"surveillance","operator":"Berkeley Police Department"}}},
{"type":"Feature","geometry":{"type":"Point","coordinates":[-122.286891,37.85219]},"properties":{"id":"n12357503903","k":"surveillance","t":{"name":"Flock Falcon","man_made":"surveillance","operator":"Berkeley Police Department"}}},
{"type":"Feature","geometry":{"type":"Point","coordinates":[-122.295707,37.880488]},"properties":{"id":"n12357503906","k":"surveillance","t":{"man_made":"surveillance"}}},
{"type":"Feature","geometry":{"type":"Point","coordinates":[-122.295737,37.880556]},"properties":{"id":"n12357503907","k":"surveillance","t":{"man_made":"surveillance"}}},
{"type":"Feature","geometry":{"type":"Point","coordinates":[-122.30029,37.8689]},"properties":{"id":"n12357503911","k":"surveillance","t":{"name":"Flock Falcon","man_made":"surveillance","operator":"Berkeley Police Department"}}},
{"type":"Feature","geometry":{"type":"Point","coordinates":[-122.29771,37.86797]},"properties":{"id":"n12357503912","k":"surveillance","t":{"name":"Flock Falcon","man_made":"surveillance","operator":"Berkeley Police Department"}}},
{"type":"Feature","geometry":{"type":"Point","coordinates":[-122.30029,37.8689]},"properties":{"id":"n12357503913","k":"surveillance","t":{"name":"Flock Falcon","man_made":"surveillance","operator":"Berkeley Police Department"}}},
{"type":"Feature","geometry":{"type":"Point","coordinates":[-122.30553,37.86635]},"properties":{"id":"n12357503914","k":"surveillance","t":{"name":"Flock Falcon","man_made":"surveillance","operator":"Berkeley Police Department"}}},
{"type":"Feature","geometry":{"type":"Point","coordinates":[-122.29108,37.85105]},"properties":{"id":"n12357503915","k":"surveillance","t":{"name":"Flock Falcon","man_made":"surveillance","operator":"Berkeley Police Department"}}},
{"type":"Feature","geometry":{"type":"Point","coordinates":[-122.29108,37.85105]},"properties":{"id":"n12357503916","k":"surveillance","t":{"name":"Flock Falcon","man_made":"surveillance","operator":"Berkeley Police Department"}}},
{"type":"Feature","geometry":{"type":"Point","coordinates":[-122.307652,37.877876]},"properties":{"id":"n12357504719","k":"surveillance","t":{"man_made":"surveillance"}}},
{"type":"Feature","geometry":{"type":"Point","coordinates":[-122.306902,37.878441]},"properties":{"id":"n12357504720","k":"surveillance","t":{"man_made":"surveillance"}}},
{"type":"Feature","geometry":{"type":"Point","coordinates":[-122.30404,37.866498]},"properties":{"id":"n12357504722","k":"surveillance","t":{"name":"Flock Falcon","man_made":"surveillance","operator":"California Highway Patrol (CHP)"}}},
{"type":"Feature","geometry":{"type":"Point","coordinates":[-122.303478,37.867157]},"properties":{"id":"n12357504723","k":"surveillance","t":{"name":"Flock Falcon","man_made":"surveillance","operator":"California Highway Patrol (CHP)"}}},
{"type":"Feature","geometry":{"type":"Point","coordinates":[-122.303038,37.865408]},"properties":{"id":"n12357504724","k":"surveillance","t":{"name":"Flock Falcon","man_made":"surveillance","operator":"California Highway Patrol (CHP)"}}},
{"type":"Feature","geometry":{"type":"Point","coordinates":[-122.287166,37.875427]},"properties":{"id":"n12363317397","k":"bench","t":{"amenity":"bench"}}},
{"type":"Feature","geometry":{"type":"Point","coordinates":[-122.300206,37.868383]},"properties":{"id":"n12378266137","k":"kerb:lowered","t":{"kerb":"lowered","barrier":"kerb"}}},
{"type":"Feature","geometry":{"type":"Point","coordinates":[-122.300059,37.867921]},"properties":{"id":"n12378266138","k":"kerb:lowered","t":{"kerb":"lowered","barrier":"kerb"}}},
{"type":"Feature","geometry":{"type":"Point","coordinates":[-122.293803,37.87518]},"properties":{"id":"n12383756062","k":"bench","t":{"amenity":"bench"}}},
{"type":"Feature","geometry":{"type":"Point","coordinates":[-122.293854,37.875173]},"properties":{"id":"n12383756063","k":"bench","t":{"amenity":"bench"}}},
{"type":"Feature","geometry":{"type":"Point","coordinates":[-122.293941,37.875091]},"properties":{"id":"n12383756071","k":"bench","t":{"amenity":"bench"}}},
{"type":"Feature","geometry":{"type":"Point","coordinates":[-122.293964,37.875335]},"properties":{"id":"n12383756072","k":"post_box","t":{"amenity":"post_box","operator":"United States Postal Service"}}},
{"type":"Feature","geometry":{"type":"Point","coordinates":[-122.293702,37.8752]},"properties":{"id":"n12383756075","k":"crossing","t":{"crossing":"unmarked","highway":"crossing"}}},
{"type":"Feature","geometry":{"type":"Point","coordinates":[-122.281459,37.870362]},"properties":{"id":"n12387627949","k":"waste_basket","t":{"amenity":"waste_basket"}}},
{"type":"Feature","geometry":{"type":"Point","coordinates":[-122.281664,37.870599]},"properties":{"id":"n12387627966","k":"waste_basket","t":{"amenity":"waste_basket"}}},
{"type":"Feature","geometry":{"type":"Point","coordinates":[-122.281639,37.870602]},"properties":{"id":"n12387627967","k":"bench","t":{"amenity":"bench"}}},
{"type":"Feature","geometry":{"type":"Point","coordinates":[-122.281847,37.870631]},"properties":{"id":"n12387627968","k":"kerb:lowered","t":{"kerb":"lowered","barrier":"kerb"}}},
{"type":"Feature","geometry":{"type":"Point","coordinates":[-122.281521,37.870583]},"properties":{"id":"n12387627969","k":"kerb:lowered","t":{"kerb":"lowered","barrier":"kerb"}}},
{"type":"Feature","geometry":{"type":"Point","coordinates":[-122.28176,37.87034]},"properties":{"id":"n12387627973","k":"ad","t":{"operator":"IKE"}}},
{"type":"Feature","geometry":{"type":"Point","coordinates":[-122.28177,37.869992]},"properties":{"id":"n12387627974","k":"kerb:lowered","t":{"kerb":"lowered","barrier":"kerb"}}},
{"type":"Feature","geometry":{"type":"Point","coordinates":[-122.281799,37.870202]},"properties":{"id":"n12387627975","k":"kerb:lowered","t":{"kerb":"lowered","barrier":"kerb"}}},
{"type":"Feature","geometry":{"type":"Point","coordinates":[-122.281604,37.870351]},"properties":{"id":"n12387627976","k":"kerb:lowered","t":{"kerb":"lowered","barrier":"kerb"}}},
{"type":"Feature","geometry":{"type":"Point","coordinates":[-122.281482,37.870324]},"properties":{"id":"n12387627977","k":"bench","t":{"amenity":"bench"}}},
{"type":"Feature","geometry":{"type":"Point","coordinates":[-122.280381,37.875142]},"properties":{"id":"n12444690851","k":"signal","t":{"highway":"stop"}}},
{"type":"Feature","geometry":{"type":"Point","coordinates":[-122.280224,37.87516]},"properties":{"id":"n12444690852","k":"signal","t":{"highway":"stop"}}},
{"type":"Feature","geometry":{"type":"Point","coordinates":[-122.306542,37.877949]},"properties":{"id":"n12451631010","k":"crossing","t":{"crossing":"uncontrolled","tactile_paving":"no","highway":"crossing"}}},
{"type":"Feature","geometry":{"type":"Point","coordinates":[-122.300533,37.870087]},"properties":{"id":"n12569362148","k":"waste_basket","t":{"amenity":"waste_basket"}}},
{"type":"Feature","geometry":{"type":"Point","coordinates":[-122.30108,37.871629]},"properties":{"id":"n12569419662","k":"vending_machine","t":{"amenity":"vending_machine"}}},
{"type":"Feature","geometry":{"type":"Point","coordinates":[-122.284889,37.856178]},"properties":{"id":"n12580361658","k":"bench","t":{"amenity":"bench"}}},
{"type":"Feature","geometry":{"type":"Point","coordinates":[-122.300826,37.866048]},"properties":{"id":"n12634582496","k":"bench","t":{"amenity":"bench"}}},
{"type":"Feature","geometry":{"type":"Point","coordinates":[-122.316554,37.863536]},"properties":{"id":"n12647069652","k":"bollard","t":{"barrier":"bollard"}}},
{"type":"Feature","geometry":{"type":"Point","coordinates":[-122.317239,37.863365]},"properties":{"id":"n12647069655","k":"bollard","t":{"barrier":"bollard"}}},
{"type":"Feature","geometry":{"type":"Point","coordinates":[-122.30703,37.878233]},"properties":{"id":"n12796976934","k":"kerb:flush","t":{"kerb":"flush","tactile_paving":"yes","wheelchair":"yes","barrier":"kerb"}}},
{"type":"Feature","geometry":{"type":"Point","coordinates":[-122.306998,37.878447]},"properties":{"id":"n12796976935","k":"kerb:flush","t":{"kerb":"flush","tactile_paving":"yes","wheelchair":"yes","barrier":"kerb"}}},
{"type":"Feature","geometry":{"type":"Point","coordinates":[-122.306938,37.878529]},"properties":{"id":"n12796976936","k":"kerb:flush","t":{"kerb":"flush","tactile_paving":"yes","wheelchair":"yes","barrier":"kerb"}}},
{"type":"Feature","geometry":{"type":"Point","coordinates":[-122.306806,37.877991]},"properties":{"id":"n12796976938","k":"crossing","t":{"crossing":"uncontrolled","tactile_paving":"no","highway":"crossing"}}},
{"type":"Feature","geometry":{"type":"Point","coordinates":[-122.307028,37.878167]},"properties":{"id":"n12796976939","k":"crossing","t":{"crossing":"uncontrolled","tactile_paving":"no","highway":"crossing"}}},
{"type":"Feature","geometry":{"type":"Point","coordinates":[-122.306966,37.878491]},"properties":{"id":"n12796976940","k":"crossing","t":{"crossing":"uncontrolled","tactile_paving":"no","highway":"crossing"}}},
{"type":"Feature","geometry":{"type":"Point","coordinates":[-122.307041,37.878254]},"properties":{"id":"n12796976941","k":"crossing","t":{"crossing":"uncontrolled","tactile_paving":"no","highway":"crossing"}}},
{"type":"Feature","geometry":{"type":"Point","coordinates":[-122.307637,37.877771]},"properties":{"id":"n12796976944","k":"kerb:flush","t":{"kerb":"flush","tactile_paving":"yes","wheelchair":"yes","barrier":"kerb"}}},
{"type":"Feature","geometry":{"type":"Point","coordinates":[-122.307903,37.87775]},"properties":{"id":"n12796976946","k":"kerb:flush","t":{"kerb":"flush","tactile_paving":"yes","wheelchair":"yes","barrier":"kerb"}}},
{"type":"Feature","geometry":{"type":"Point","coordinates":[-122.307607,37.877796]},"properties":{"id":"n12796976953","k":"crossing","t":{"crossing":"uncontrolled","tactile_paving":"no","highway":"crossing"}}},
{"type":"Feature","geometry":{"type":"Point","coordinates":[-122.307837,37.877751]},"properties":{"id":"n12796976954","k":"crossing","t":{"crossing":"uncontrolled","tactile_paving":"no","highway":"crossing"}}},
{"type":"Feature","geometry":{"type":"Point","coordinates":[-122.307927,37.877741]},"properties":{"id":"n12796976955","k":"crossing","t":{"crossing":"uncontrolled","tactile_paving":"no","highway":"crossing"}}},
{"type":"Feature","geometry":{"type":"Point","coordinates":[-122.306771,37.878667]},"properties":{"id":"n12796976972","k":"crossing","t":{"crossing":"uncontrolled","tactile_paving":"no","highway":"crossing"}}},
{"type":"Feature","geometry":{"type":"Point","coordinates":[-122.306723,37.878682]},"properties":{"id":"n12796976973","k":"crossing","t":{"crossing":"uncontrolled","tactile_paving":"no","highway":"crossing"}}},
{"type":"Feature","geometry":{"type":"Point","coordinates":[-122.306885,37.878715]},"properties":{"id":"n12796976974","k":"kerb:flush","t":{"kerb":"flush","tactile_paving":"no","wheelchair":"yes","barrier":"kerb"}}},
{"type":"Feature","geometry":{"type":"Point","coordinates":[-122.288043,37.876915]},"properties":{"id":"n12808709862","k":"waste_basket","t":{"amenity":"waste_basket"}}},
{"type":"Feature","geometry":{"type":"Point","coordinates":[-122.288522,37.877985]},"properties":{"id":"n12808709870","k":"bollard","t":{"barrier":"bollard"}}},
{"type":"Feature","geometry":{"type":"Point","coordinates":[-122.288506,37.878002]},"properties":{"id":"n12808709871","k":"waste_basket","t":{"amenity":"waste_basket"}}},
{"type":"Feature","geometry":{"type":"Point","coordinates":[-122.305097,37.878828]},"properties":{"id":"n12839053406","k":"recycling","t":{"name":"Berkeley Recycling Center","amenity":"recycling","operator":"City of Berkeley"}}},
{"type":"Feature","geometry":{"type":"Point","coordinates":[-122.289956,37.853079]},"properties":{"id":"n12918486577","k":"parking_entrance","t":{"amenity":"parking_entrance"}}},
{"type":"Feature","geometry":{"type":"Point","coordinates":[-122.29524,37.876134]},"properties":{"id":"n12926848471","k":"parking_entrance","t":{"parking":"multi-storey","access":"private","amenity":"parking_entrance"}}},
{"type":"Feature","geometry":{"type":"Point","coordinates":[-122.294569,37.876039]},"properties":{"id":"n12926848473","k":"parking_entrance","t":{"amenity":"parking_entrance"}}},
{"type":"Feature","geometry":{"type":"Point","coordinates":[-122.294774,37.875999]},"properties":{"id":"n12926848475","k":"parking_entrance","t":{"parking":"surface","access":"customers","amenity":"parking_entrance","capacity":"25"}}},
{"type":"Feature","geometry":{"type":"Point","coordinates":[-122.291732,37.867252]},"properties":{"id":"n12926857956","k":"parking_entrance","t":{"amenity":"parking_entrance"}}},
{"type":"Feature","geometry":{"type":"Point","coordinates":[-122.292873,37.86957]},"properties":{"id":"n12926863910","k":"parking_entrance","t":{"amenity":"parking_entrance"}}},
{"type":"Feature","geometry":{"type":"Point","coordinates":[-122.282209,37.870716]},"properties":{"id":"n12947774851","k":"parking_entrance","t":{"parking":"underground","amenity":"parking_entrance"}}},
{"type":"Feature","geometry":{"type":"Point","coordinates":[-122.29998,37.862946]},"properties":{"id":"n12950252846","k":"parking_entrance","t":{"amenity":"parking_entrance"}}},
{"type":"Feature","geometry":{"type":"Point","coordinates":[-122.300908,37.865843]},"properties":{"id":"n12950252849","k":"parking_entrance","t":{"amenity":"parking_entrance"}}},
{"type":"Feature","geometry":{"type":"Point","coordinates":[-122.297579,37.855219]},"properties":{"id":"n12972191015","k":"vending_machine","t":{"amenity":"vending_machine"}}},
{"type":"Feature","geometry":{"type":"Point","coordinates":[-122.297512,37.860569]},"properties":{"id":"n12972211379","k":"bench","t":{"amenity":"bench"}}},
{"type":"Feature","geometry":{"type":"Point","coordinates":[-122.29164,37.852438]},"properties":{"id":"n12972305575","k":"post_box","t":{"amenity":"post_box","operator":"United States Postal Service"}}},
{"type":"Feature","geometry":{"type":"Point","coordinates":[-122.291541,37.852882]},"properties":{"id":"n12972305576","k":"bench","t":{"amenity":"bench"}}},
{"type":"Feature","geometry":{"type":"Point","coordinates":[-122.291515,37.852889]},"properties":{"id":"n12972305577","k":"waste_basket","t":{"amenity":"waste_basket"}}},
{"type":"Feature","geometry":{"type":"Point","coordinates":[-122.290716,37.852342]},"properties":{"id":"n12972315401","k":"waste_basket","t":{"amenity":"waste_basket"}}},
{"type":"Feature","geometry":{"type":"Point","coordinates":[-122.300348,37.86658]},"properties":{"id":"n12996540691","k":"parking_entrance","t":{"parking":"underground","amenity":"parking_entrance"}}},
{"type":"Feature","geometry":{"type":"Point","coordinates":[-122.300273,37.867094]},"properties":{"id":"n12996587434","k":"parking_entrance","t":{"amenity":"parking_entrance"}}},
{"type":"Feature","geometry":{"type":"Point","coordinates":[-122.293399,37.871421]},"properties":{"id":"n13000150677","k":"parking_entrance","t":{"amenity":"parking_entrance"}}},
{"type":"Feature","geometry":{"type":"Point","coordinates":[-122.298843,37.866462]},"properties":{"id":"n13014561626","k":"crossing","t":{"highway":"crossing"}}},
{"type":"Feature","geometry":{"type":"Point","coordinates":[-122.298932,37.866445]},"properties":{"id":"n13014561637","k":"crossing","t":{"highway":"crossing"}}},
{"type":"Feature","geometry":{"type":"Point","coordinates":[-122.286816,37.850077]},"properties":{"id":"n13014687231","k":"parking_entrance","t":{"parking":"multi-storey","amenity":"parking_entrance"}}},
{"type":"Feature","geometry":{"type":"Point","coordinates":[-122.291156,37.869104]},"properties":{"id":"n13018324766","k":"parking_entrance","t":{"amenity":"parking_entrance"}}},
{"type":"Feature","geometry":{"type":"Point","coordinates":[-122.293463,37.852976]},"properties":{"id":"n13027714514","k":"bicycle_parking","t":{"amenity":"bicycle_parking"}}},
{"type":"Feature","geometry":{"type":"Point","coordinates":[-122.292319,37.855371]},"properties":{"id":"n13096739334","k":"post_box","t":{"amenity":"post_box","operator":"FedEx"}}},
{"type":"Feature","geometry":{"type":"Point","coordinates":[-122.303448,37.878851]},"properties":{"id":"n13105270576","k":"kerb:lowered","t":{"kerb":"lowered","tactile_paving":"yes","wheelchair":"yes","barrier":"kerb"}}},
{"type":"Feature","geometry":{"type":"Point","coordinates":[-122.30352,37.879064]},"properties":{"id":"n13105270587","k":"kerb:lowered","t":{"kerb":"lowered","tactile_paving":"yes","wheelchair":"yes","barrier":"kerb"}}},
{"type":"Feature","geometry":{"type":"Point","coordinates":[-122.302567,37.879125]},"properties":{"id":"n13105270588","k":"crossing","t":{"crossing":"uncontrolled","highway":"crossing"}}},
{"type":"Feature","geometry":{"type":"Point","coordinates":[-122.303002,37.880513]},"properties":{"id":"n13105270592","k":"kerb:lowered","t":{"kerb":"lowered","barrier":"kerb"}}},
{"type":"Feature","geometry":{"type":"Point","coordinates":[-122.302935,37.880312]},"properties":{"id":"n13105270593","k":"kerb:lowered","t":{"kerb":"lowered","barrier":"kerb"}}},
{"type":"Feature","geometry":{"type":"Point","coordinates":[-122.303856,37.880125]},"properties":{"id":"n13105270594","k":"kerb:lowered","t":{"kerb":"lowered","barrier":"kerb"}}},
{"type":"Feature","geometry":{"type":"Point","coordinates":[-122.303921,37.880319]},"properties":{"id":"n13105270595","k":"kerb:lowered","t":{"kerb":"lowered","barrier":"kerb"}}},
{"type":"Feature","geometry":{"type":"Point","coordinates":[-122.305948,37.875404]},"properties":{"id":"n13204491770","k":"crossing","t":{"crossing":"uncontrolled","tactile_paving":"no","highway":"crossing"}}},
{"type":"Feature","geometry":{"type":"Point","coordinates":[-122.287151,37.853978]},"properties":{"id":"n13238564637","k":"kerb:lowered","t":{"kerb":"lowered","barrier":"kerb"}}},
{"type":"Feature","geometry":{"type":"Point","coordinates":[-122.28709,37.853785]},"properties":{"id":"n13238564638","k":"kerb:lowered","t":{"kerb":"lowered","barrier":"kerb"}}},
{"type":"Feature","geometry":{"type":"Point","coordinates":[-122.287237,37.854252]},"properties":{"id":"n13238564643","k":"kerb:lowered","t":{"kerb":"lowered","barrier":"kerb"}}},
{"type":"Feature","geometry":{"type":"Point","coordinates":[-122.287187,37.854095]},"properties":{"id":"n13238564644","k":"kerb:lowered","t":{"kerb":"lowered","barrier":"kerb"}}},
{"type":"Feature","geometry":{"type":"Point","coordinates":[-122.287289,37.854412]},"properties":{"id":"n13238564649","k":"kerb:lowered","t":{"kerb":"lowered","barrier":"kerb"}}},
{"type":"Feature","geometry":{"type":"Point","coordinates":[-122.287329,37.854539]},"properties":{"id":"n13238564651","k":"kerb:lowered","t":{"kerb":"lowered","barrier":"kerb"}}},
{"type":"Feature","geometry":{"type":"Point","coordinates":[-122.287279,37.854547]},"properties":{"id":"n13238564654","k":"parking_entrance","t":{"access":"private","amenity":"parking_entrance"}}},
{"type":"Feature","geometry":{"type":"Point","coordinates":[-122.287363,37.854643]},"properties":{"id":"n13238564655","k":"kerb:lowered","t":{"kerb":"lowered","barrier":"kerb"}}},
{"type":"Feature","geometry":{"type":"Point","coordinates":[-122.287368,37.85472]},"properties":{"id":"n13238564658","k":"waste_basket","t":{"amenity":"waste_basket"}}},
{"type":"Feature","geometry":{"type":"Point","coordinates":[-122.287392,37.854786]},"properties":{"id":"n13238564659","k":"bench","t":{"amenity":"bench"}}},
{"type":"Feature","geometry":{"type":"Point","coordinates":[-122.287512,37.855126]},"properties":{"id":"n13238564660","k":"kerb:lowered","t":{"kerb":"lowered","barrier":"kerb"}}},
{"type":"Feature","geometry":{"type":"Point","coordinates":[-122.287549,37.855229]},"properties":{"id":"n13238564663","k":"kerb:lowered","t":{"kerb":"lowered","barrier":"kerb"}}},
{"type":"Feature","geometry":{"type":"Point","coordinates":[-122.287578,37.855316]},"properties":{"id":"n13238564666","k":"kerb:lowered","t":{"kerb":"lowered","barrier":"kerb"}}},
{"type":"Feature","geometry":{"type":"Point","coordinates":[-122.287624,37.85547]},"properties":{"id":"n13238564669","k":"kerb:lowered","t":{"kerb":"lowered","barrier":"kerb"}}},
{"type":"Feature","geometry":{"type":"Point","coordinates":[-122.287506,37.855486]},"properties":{"id":"n13238564672","k":"parking_entrance","t":{"access":"customers","amenity":"parking_entrance"}}},
{"type":"Feature","geometry":{"type":"Point","coordinates":[-122.287746,37.855815]},"properties":{"id":"n13238564673","k":"kerb:lowered","t":{"kerb":"lowered","barrier":"kerb"}}},
{"type":"Feature","geometry":{"type":"Point","coordinates":[-122.287699,37.855824]},"properties":{"id":"n13238564676","k":"parking_entrance","t":{"access":"private","amenity":"parking_entrance"}}},
{"type":"Feature","geometry":{"type":"Point","coordinates":[-122.287775,37.855963]},"properties":{"id":"n13238564677","k":"bicycle_parking","t":{"amenity":"bicycle_parking","capacity":"4"}}},
{"type":"Feature","geometry":{"type":"Point","coordinates":[-122.287807,37.856052]},"properties":{"id":"n13238564678","k":"bicycle_parking","t":{"amenity":"bicycle_parking","capacity":"4"}}},
{"type":"Feature","geometry":{"type":"Point","coordinates":[-122.287956,37.856491]},"properties":{"id":"n13238564679","k":"kerb:lowered","t":{"kerb":"lowered","barrier":"kerb"}}},
{"type":"Feature","geometry":{"type":"Point","coordinates":[-122.28799,37.856609]},"properties":{"id":"n13238564682","k":"kerb:lowered","t":{"kerb":"lowered","barrier":"kerb"}}},
{"type":"Feature","geometry":{"type":"Point","coordinates":[-122.288245,37.857397]},"properties":{"id":"n13238564685","k":"kerb:lowered","t":{"kerb":"lowered","barrier":"kerb"}}},
{"type":"Feature","geometry":{"type":"Point","coordinates":[-122.288199,37.857404]},"properties":{"id":"n13238564688","k":"parking_entrance","t":{"access":"customers","amenity":"parking_entrance"}}},
{"type":"Feature","geometry":{"type":"Point","coordinates":[-122.288416,37.857917]},"properties":{"id":"n13238564689","k":"kerb:lowered","t":{"kerb":"lowered","barrier":"kerb"}}},
{"type":"Feature","geometry":{"type":"Point","coordinates":[-122.288386,37.857828]},"properties":{"id":"n13238564690","k":"kerb:lowered","t":{"kerb":"lowered","barrier":"kerb"}}},
{"type":"Feature","geometry":{"type":"Point","coordinates":[-122.288703,37.858813]},"properties":{"id":"n13238564697","k":"kerb:lowered","t":{"kerb":"lowered","barrier":"kerb"}}},
{"type":"Feature","geometry":{"type":"Point","coordinates":[-122.288745,37.858947]},"properties":{"id":"n13238564700","k":"kerb:lowered","t":{"kerb":"lowered","barrier":"kerb"}}},
{"type":"Feature","geometry":{"type":"Point","coordinates":[-122.289002,37.859736]},"properties":{"id":"n13238589649","k":"kerb:lowered","t":{"kerb":"lowered","barrier":"kerb"}}},
{"type":"Feature","geometry":{"type":"Point","coordinates":[-122.289045,37.859912]},"properties":{"id":"n13238589652","k":"bicycle_parking","t":{"amenity":"bicycle_parking","capacity":"2"}}},
{"type":"Feature","geometry":{"type":"Point","coordinates":[-122.289031,37.859867]},"properties":{"id":"n13238589653","k":"bicycle_parking","t":{"amenity":"bicycle_parking","capacity":"2"}}},
{"type":"Feature","geometry":{"type":"Point","coordinates":[-122.289093,37.860038]},"properties":{"id":"n13238589654","k":"kerb:lowered","t":{"kerb":"lowered","barrier":"kerb"}}},
{"type":"Feature","geometry":{"type":"Point","coordinates":[-122.289403,37.861024]},"properties":{"id":"n13238589658","k":"waste_basket","t":{"amenity":"waste_basket"}}},
{"type":"Feature","geometry":{"type":"Point","coordinates":[-122.289352,37.860854]},"properties":{"id":"n13238589659","k":"bicycle_parking","t":{"amenity":"bicycle_parking","capacity":"4"}}},
{"type":"Feature","geometry":{"type":"Point","coordinates":[-122.289327,37.860747]},"properties":{"id":"n13238589660","k":"kerb:lowered","t":{"kerb":"lowered","barrier":"kerb"}}},
{"type":"Feature","geometry":{"type":"Point","coordinates":[-122.288831,37.859215]},"properties":{"id":"n13238593204","k":"kerb:lowered","t":{"kerb":"lowered","barrier":"kerb"}}},
{"type":"Feature","geometry":{"type":"Point","coordinates":[-122.288592,37.858466]},"properties":{"id":"n13238593207","k":"kerb:lowered","t":{"kerb":"lowered","tactile_paving":"yes","barrier":"kerb"}}},
{"type":"Feature","geometry":{"type":"Point","coordinates":[-122.288576,37.85848]},"properties":{"id":"n13238593208","k":"kerb:lowered","t":{"kerb":"lowered","tactile_paving":"yes","barrier":"kerb"}}},
{"type":"Feature","geometry":{"type":"Point","coordinates":[-122.288609,37.858584]},"properties":{"id":"n13238593209","k":"kerb:lowered","t":{"kerb":"lowered","tactile_paving":"yes","barrier":"kerb"}}},
{"type":"Feature","geometry":{"type":"Point","coordinates":[-122.28863,37.858594]},"properties":{"id":"n13238593210","k":"kerb:lowered","t":{"kerb":"lowered","tactile_paving":"yes","barrier":"kerb"}}},
{"type":"Feature","geometry":{"type":"Point","coordinates":[-122.287115,37.853534]},"properties":{"id":"n13238593211","k":"kerb:lowered","t":{"kerb":"lowered","tactile_paving":"yes","barrier":"kerb"}}},
{"type":"Feature","geometry":{"type":"Point","coordinates":[-122.287159,37.853525]},"properties":{"id":"n13238593212","k":"kerb:lowered","t":{"kerb":"lowered","tactile_paving":"yes","barrier":"kerb"}}},
{"type":"Feature","geometry":{"type":"Point","coordinates":[-122.287,37.853581]},"properties":{"id":"n13238593213","k":"kerb:lowered","t":{"kerb":"lowered","tactile_paving":"yes","barrier":"kerb"}}},
{"type":"Feature","geometry":{"type":"Point","coordinates":[-122.287011,37.853557]},"properties":{"id":"n13238593214","k":"kerb:lowered","t":{"kerb":"lowered","tactile_paving":"yes","barrier":"kerb"}}},
{"type":"Feature","geometry":{"type":"Point","coordinates":[-122.287031,37.853686]},"properties":{"id":"n13238593216","k":"kerb:lowered","t":{"kerb":"lowered","tactile_paving":"yes","barrier":"kerb"}}},
{"type":"Feature","geometry":{"type":"Point","coordinates":[-122.287505,37.854275]},"properties":{"id":"n13238593218","k":"kerb:lowered","t":{"kerb":"lowered","tactile_paving":"yes","barrier":"kerb"}}},
{"type":"Feature","geometry":{"type":"Point","coordinates":[-122.287547,37.854319]},"properties":{"id":"n13238593219","k":"kerb:lowered","t":{"kerb":"lowered","tactile_paving":"yes","barrier":"kerb"}}},
{"type":"Feature","geometry":{"type":"Point","coordinates":[-122.287579,37.854417]},"properties":{"id":"n13238593220","k":"kerb:lowered","t":{"kerb":"lowered","tactile_paving":"yes","barrier":"kerb"}}},
{"type":"Feature","geometry":{"type":"Point","coordinates":[-122.287565,37.854438]},"properties":{"id":"n13238593221","k":"kerb:lowered","t":{"kerb":"lowered","tactile_paving":"yes","barrier":"kerb"}}},
{"type":"Feature","geometry":{"type":"Point","coordinates":[-122.287263,37.854322]},"properties":{"id":"n13238593222","k":"kerb:lowered","t":{"kerb":"lowered","tactile_paving":"yes","barrier":"kerb"}}},
{"type":"Feature","geometry":{"type":"Point","coordinates":[-122.287312,37.854489]},"properties":{"id":"n13238593223","k":"kerb:lowered","t":{"kerb":"lowered","tactile_paving":"no","barrier":"kerb"}}},
{"type":"Feature","geometry":{"type":"Point","coordinates":[-122.287417,37.854888]},"properties":{"id":"n13238593224","k":"kerb:lowered","t":{"kerb":"lowered","tactile_paving":"yes","barrier":"kerb"}}},
{"type":"Feature","geometry":{"type":"Point","coordinates":[-122.287429,37.854877]},"properties":{"id":"n13238593225","k":"kerb:lowered","t":{"kerb":"lowered","tactile_paving":"yes","barrier":"kerb"}}},
{"type":"Feature","geometry":{"type":"Point","coordinates":[-122.287454,37.854996]},"properties":{"id":"n13238593227","k":"kerb:lowered","t":{"kerb":"lowered","tactile_paving":"yes","barrier":"kerb"}}},
{"type":"Feature","geometry":{"type":"Point","coordinates":[-122.287685,37.855661]},"properties":{"id":"n13238593228","k":"kerb:lowered","t":{"kerb":"lowered","barrier":"kerb"}}},
{"type":"Feature","geometry":{"type":"Point","coordinates":[-122.287898,37.856303]},"properties":{"id":"n13238593230","k":"kerb:raised","t":{"kerb":"raised","tactile_paving":"no","barrier":"kerb"}}},
{"type":"Feature","geometry":{"type":"Point","coordinates":[-122.287853,37.856171]},"properties":{"id":"n13238593231","k":"kerb:lowered","t":{"kerb":"lowered","tactile_paving":"yes","barrier":"kerb"}}},
{"type":"Feature","geometry":{"type":"Point","coordinates":[-122.287876,37.856241]},"properties":{"id":"n13238593234","k":"kerb:lowered","t":{"kerb":"lowered","barrier":"kerb"}}},
{"type":"Feature","geometry":{"type":"Point","coordinates":[-122.288074,37.856929]},"properties":{"id":"n13238593235","k":"kerb:lowered","t":{"kerb":"lowered","tactile_paving":"yes","barrier":"kerb"}}},
{"type":"Feature","geometry":{"type":"Point","coordinates":[-122.288098,37.85694]},"properties":{"id":"n13238593236","k":"kerb:lowered","t":{"kerb":"lowered","tactile_paving":"yes","barrier":"kerb"}}},
{"type":"Feature","geometry":{"type":"Point","coordinates":[-122.288039,37.856821]},"properties":{"id":"n13238593237","k":"kerb:lowered","t":{"kerb":"lowered","tactile_paving":"yes","barrier":"kerb"}}},
{"type":"Feature","geometry":{"type":"Point","coordinates":[-122.288221,37.857303]},"properties":{"id":"n13238593239","k":"kerb:lowered","t":{"kerb":"lowered","barrier":"kerb"}}},
{"type":"Feature","geometry":{"type":"Point","coordinates":[-122.288477,37.858097]},"properties":{"id":"n13238593240","k":"kerb:lowered","t":{"kerb":"lowered","barrier":"kerb"}}},
{"type":"Feature","geometry":{"type":"Point","coordinates":[-122.288294,37.857609]},"properties":{"id":"n13238593241","k":"kerb:lowered","t":{"kerb":"lowered","tactile_paving":"yes","barrier":"kerb"}}},
{"type":"Feature","geometry":{"type":"Point","coordinates":[-122.288333,37.857728]},"properties":{"id":"n13238593242","k":"kerb:lowered","t":{"kerb":"lowered","tactile_paving":"yes","barrier":"kerb"}}},
{"type":"Feature","geometry":{"type":"Point","coordinates":[-122.288492,37.858147]},"properties":{"id":"n13238593243","k":"kerb:lowered","t":{"kerb":"lowered","tactile_paving":"yes","barrier":"kerb"}}},
{"type":"Feature","geometry":{"type":"Point","coordinates":[-122.288917,37.859464]},"properties":{"id":"n13238593249","k":"kerb:lowered","t":{"kerb":"lowered","tactile_paving":"yes","barrier":"kerb"}}},
{"type":"Feature","geometry":{"type":"Point","coordinates":[-122.288873,37.85945]},"properties":{"id":"n13238593250","k":"kerb:lowered","t":{"kerb":"lowered","tactile_paving":"yes","barrier":"kerb"}}},
{"type":"Feature","geometry":{"type":"Point","coordinates":[-122.288849,37.859355]},"properties":{"id":"n13238593251","k":"kerb:lowered","t":{"kerb":"lowered","tactile_paving":"yes","barrier":"kerb"}}},
{"type":"Feature","geometry":{"type":"Point","coordinates":[-122.28887,37.859316]},"properties":{"id":"n13238593252","k":"kerb:lowered","t":{"kerb":"lowered","tactile_paving":"yes","barrier":"kerb"}}},
{"type":"Feature","geometry":{"type":"Point","coordinates":[-122.289063,37.859956]},"properties":{"id":"n13238593255","k":"kerb:lowered","t":{"kerb":"lowered","barrier":"kerb"}}},
{"type":"Feature","geometry":{"type":"Point","coordinates":[-122.289147,37.860203]},"properties":{"id":"n13238593256","k":"kerb:lowered","t":{"kerb":"lowered","tactile_paving":"yes","barrier":"kerb"}}},
{"type":"Feature","geometry":{"type":"Point","coordinates":[-122.289135,37.860218]},"properties":{"id":"n13238593257","k":"kerb:lowered","t":{"kerb":"lowered","tactile_paving":"yes","barrier":"kerb"}}},
{"type":"Feature","geometry":{"type":"Point","coordinates":[-122.289168,37.860323]},"properties":{"id":"n13238593259","k":"kerb:lowered","t":{"kerb":"lowered","tactile_paving":"yes","barrier":"kerb"}}},
{"type":"Feature","geometry":{"type":"Point","coordinates":[-122.289414,37.86105]},"properties":{"id":"n13238593260","k":"kerb:lowered","t":{"kerb":"lowered","tactile_paving":"yes","barrier":"kerb"}}},
{"type":"Feature","geometry":{"type":"Point","coordinates":[-122.289409,37.861071]},"properties":{"id":"n13238593262","k":"kerb:lowered","t":{"kerb":"lowered","tactile_paving":"yes","barrier":"kerb"}}},
{"type":"Feature","geometry":{"type":"Point","coordinates":[-122.296479,37.857837]},"properties":{"id":"n13248589143","k":"crossing","t":{"highway":"crossing"}}},
{"type":"Feature","geometry":{"type":"Point","coordinates":[-122.296117,37.856187]},"properties":{"id":"n13248589158","k":"crossing","t":{"highway":"crossing"}}},
{"type":"Feature","geometry":{"type":"Point","coordinates":[-122.295109,37.856063]},"properties":{"id":"n13248589165","k":"crossing","t":{"highway":"crossing"}}},
{"type":"Feature","geometry":{"type":"Point","coordinates":[-122.293747,37.874539]},"properties":{"id":"n13250657383","k":"crossing","t":{"crossing":"unmarked","highway":"crossing"}}},
{"type":"Feature","geometry":{"type":"Point","coordinates":[-122.293904,37.875025]},"properties":{"id":"n13250657385","k":"crossing","t":{"crossing":"unmarked","highway":"crossing"}}},
{"type":"Feature","geometry":{"type":"Point","coordinates":[-122.293528,37.873857]},"properties":{"id":"n13250657388","k":"crossing","t":{"crossing":"unmarked","highway":"crossing"}}},
{"type":"Feature","geometry":{"type":"Point","coordinates":[-122.28585,37.850019]},"properties":{"id":"n13252836914","k":"crossing","t":{"highway":"crossing"}}},
{"type":"Feature","geometry":{"type":"Point","coordinates":[-122.285924,37.850248]},"properties":{"id":"n13252836915","k":"crossing","t":{"highway":"crossing"}}},
{"type":"Feature","geometry":{"type":"Point","coordinates":[-122.286149,37.850947]},"properties":{"id":"n13252836916","k":"crossing","t":{"highway":"crossing"}}},
{"type":"Feature","geometry":{"type":"Point","coordinates":[-122.316938,37.868865]},"properties":{"id":"n13259922968","k":"kerb","t":{"tactile_paving":"yes","barrier":"kerb"}}},
{"type":"Feature","geometry":{"type":"Point","coordinates":[-122.317221,37.87002]},"properties":{"id":"n13259922969","k":"signal","t":{"highway":"stop"}}},
{"type":"Feature","geometry":{"type":"Point","coordinates":[-122.288722,37.857973]},"properties":{"id":"n13272842540","k":"kerb:lowered","t":{"kerb":"lowered","tactile_paving":"yes","barrier":"kerb"}}},
{"type":"Feature","geometry":{"type":"Point","coordinates":[-122.288478,37.857212]},"properties":{"id":"n13272842541","k":"kerb:lowered","t":{"kerb":"lowered","tactile_paving":"yes","barrier":"kerb"}}},
{"type":"Feature","geometry":{"type":"Point","coordinates":[-122.288445,37.857115]},"properties":{"id":"n13272842542","k":"kerb:lowered","t":{"kerb":"lowered","tactile_paving":"yes","barrier":"kerb"}}},
{"type":"Feature","geometry":{"type":"Point","coordinates":[-122.295858,37.879741]},"properties":{"id":"n13273882203","k":"crossing","t":{"crossing":"uncontrolled","highway":"crossing"}}},
{"type":"Feature","geometry":{"type":"Point","coordinates":[-122.296028,37.879693]},"properties":{"id":"n13273882204","k":"crossing","t":{"crossing":"uncontrolled","highway":"crossing"}}},
{"type":"Feature","geometry":{"type":"Point","coordinates":[-122.293142,37.872656]},"properties":{"id":"n13273882211","k":"kerb:lowered","t":{"kerb":"lowered","tactile_paving":"yes","barrier":"kerb"}}},
{"type":"Feature","geometry":{"type":"Point","coordinates":[-122.294223,37.875052]},"properties":{"id":"n13273882215","k":"crossing","t":{"crossing":"unmarked","highway":"crossing"}}},
{"type":"Feature","geometry":{"type":"Point","coordinates":[-122.294141,37.874797]},"properties":{"id":"n13273882216","k":"crossing","t":{"crossing":"unmarked","highway":"crossing"}}},
{"type":"Feature","geometry":{"type":"Point","coordinates":[-122.293875,37.873973]},"properties":{"id":"n13273882217","k":"crossing","t":{"crossing":"unmarked","highway":"crossing"}}},
{"type":"Feature","geometry":{"type":"Point","coordinates":[-122.293798,37.873735]},"properties":{"id":"n13273882218","k":"crossing","t":{"crossing":"unmarked","highway":"crossing"}}},
{"type":"Feature","geometry":{"type":"Point","coordinates":[-122.295475,37.879825]},"properties":{"id":"n13273882230","k":"kerb:lowered","t":{"kerb":"lowered","barrier":"kerb"}}},
{"type":"Feature","geometry":{"type":"Point","coordinates":[-122.295263,37.879167]},"properties":{"id":"n13273882231","k":"kerb:lowered","t":{"kerb":"lowered","barrier":"kerb"}}},
{"type":"Feature","geometry":{"type":"Point","coordinates":[-122.295231,37.879066]},"properties":{"id":"n13273882232","k":"kerb:lowered","t":{"kerb":"lowered","barrier":"kerb"}}},
{"type":"Feature","geometry":{"type":"Point","coordinates":[-122.295183,37.878919]},"properties":{"id":"n13273882233","k":"kerb:lowered","t":{"kerb":"lowered","barrier":"kerb"}}},
{"type":"Feature","geometry":{"type":"Point","coordinates":[-122.295884,37.880281]},"properties":{"id":"n13273882238","k":"kerb:lowered","t":{"kerb":"lowered","barrier":"kerb"}}},
{"type":"Feature","geometry":{"type":"Point","coordinates":[-122.29584,37.880144]},"properties":{"id":"n13273882239","k":"kerb:lowered","t":{"kerb":"lowered","barrier":"kerb"}}},
{"type":"Feature","geometry":{"type":"Point","coordinates":[-122.295814,37.880874]},"properties":{"id":"n13273882245","k":"kerb:lowered","t":{"kerb":"lowered","barrier":"kerb"}}},
{"type":"Feature","geometry":{"type":"Point","coordinates":[-122.296426,37.88194]},"properties":{"id":"n13273882247","k":"kerb:lowered","t":{"kerb":"lowered","barrier":"kerb"}}},
{"type":"Feature","geometry":{"type":"Point","coordinates":[-122.296306,37.881563]},"properties":{"id":"n13273882248","k":"kerb:lowered","t":{"kerb":"lowered","barrier":"kerb"}}},
{"type":"Feature","geometry":{"type":"Point","coordinates":[-122.296256,37.881405]},"properties":{"id":"n13273882249","k":"kerb:lowered","t":{"kerb":"lowered","barrier":"kerb"}}},
{"type":"Feature","geometry":{"type":"Point","coordinates":[-122.289164,37.859414]},"properties":{"id":"n13274080320","k":"kerb:lowered","t":{"kerb":"lowered","tactile_paving":"yes","barrier":"kerb"}}},
{"type":"Feature","geometry":{"type":"Point","coordinates":[-122.289101,37.859242]},"properties":{"id":"n13274080321","k":"kerb:lowered","t":{"kerb":"lowered","tactile_paving":"yes","barrier":"kerb"}}},
{"type":"Feature","geometry":{"type":"Point","coordinates":[-122.289139,37.859257]},"properties":{"id":"n13274080322","k":"kerb:lowered","t":{"kerb":"lowered","tactile_paving":"yes","barrier":"kerb"}}},
{"type":"Feature","geometry":{"type":"Point","coordinates":[-122.289174,37.859358]},"properties":{"id":"n13274080323","k":"kerb:lowered","t":{"kerb":"lowered","tactile_paving":"yes","barrier":"kerb"}}},
{"type":"Feature","geometry":{"type":"Point","coordinates":[-122.289409,37.86016]},"properties":{"id":"n13274080327","k":"kerb:lowered","t":{"kerb":"lowered","tactile_paving":"yes","barrier":"kerb"}}},
{"type":"Feature","geometry":{"type":"Point","coordinates":[-122.289441,37.861175]},"properties":{"id":"n13274080336","k":"kerb:lowered","t":{"kerb":"lowered","tactile_paving":"yes","barrier":"kerb"}}},
{"type":"Feature","geometry":{"type":"Point","coordinates":[-122.289471,37.861195]},"properties":{"id":"n13274080337","k":"kerb:lowered","t":{"kerb":"lowered","tactile_paving":"yes","barrier":"kerb"}}},
{"type":"Feature","geometry":{"type":"Point","coordinates":[-122.289727,37.861151]},"properties":{"id":"n13274080338","k":"kerb:lowered","t":{"kerb":"lowered","tactile_paving":"yes","barrier":"kerb"}}},
{"type":"Feature","geometry":{"type":"Point","coordinates":[-122.289739,37.861127]},"properties":{"id":"n13274080339","k":"kerb:lowered","t":{"kerb":"lowered","tactile_paving":"yes","barrier":"kerb"}}},
{"type":"Feature","geometry":{"type":"Point","coordinates":[-122.289706,37.861025]},"properties":{"id":"n13274080340","k":"kerb:lowered","t":{"kerb":"lowered","tactile_paving":"yes","barrier":"kerb"}}},
{"type":"Feature","geometry":{"type":"Point","coordinates":[-122.289677,37.861007]},"properties":{"id":"n13274080341","k":"kerb:lowered","t":{"kerb":"lowered","tactile_paving":"yes","barrier":"kerb"}}},
{"type":"Feature","geometry":{"type":"Point","coordinates":[-122.28726,37.853503]},"properties":{"id":"n13274973175","k":"kerb:lowered","t":{"kerb":"lowered","tactile_paving":"yes","barrier":"kerb"}}},
{"type":"Feature","geometry":{"type":"Point","coordinates":[-122.287693,37.854843]},"properties":{"id":"n13274973178","k":"kerb:lowered","t":{"kerb":"lowered","tactile_paving":"yes","barrier":"kerb"}}},
{"type":"Feature","geometry":{"type":"Point","coordinates":[-122.288114,37.85612]},"properties":{"id":"n13274973185","k":"kerb:lowered","t":{"kerb":"lowered","tactile_paving":"yes","barrier":"kerb"}}},
{"type":"Feature","geometry":{"type":"Point","coordinates":[-122.288133,37.856132]},"properties":{"id":"n13274973186","k":"kerb:lowered","t":{"kerb":"lowered","tactile_paving":"yes","barrier":"kerb"}}},
{"type":"Feature","geometry":{"type":"Point","coordinates":[-122.288166,37.856232]},"properties":{"id":"n13274973187","k":"kerb:lowered","t":{"kerb":"lowered","tactile_paving":"yes","barrier":"kerb"}}},
{"type":"Feature","geometry":{"type":"Point","coordinates":[-122.28815,37.856254]},"properties":{"id":"n13274973188","k":"kerb:lowered","t":{"kerb":"lowered","tactile_paving":"yes","barrier":"kerb"}}},
{"type":"Feature","geometry":{"type":"Point","coordinates":[-122.288353,37.856881]},"properties":{"id":"n13274973189","k":"kerb:lowered","t":{"kerb":"lowered","tactile_paving":"yes","barrier":"kerb"}}},
{"type":"Feature","geometry":{"type":"Point","coordinates":[-122.288212,37.856435]},"properties":{"id":"n13274973190","k":"bicycle_parking","t":{"amenity":"bicycle_parking","capacity":"4"}}},
{"type":"Feature","geometry":{"type":"Point","coordinates":[-122.288524,37.857437]},"properties":{"id":"n13274973192","k":"kerb:lowered","t":{"kerb":"lowered","barrier":"kerb"}}},
{"type":"Feature","geometry":{"type":"Point","coordinates":[-122.288825,37.858364]},"properties":{"id":"n13274973197","k":"kerb:lowered","t":{"kerb":"lowered","barrier":"kerb"}}},
{"type":"Feature","geometry":{"type":"Point","coordinates":[-122.288825,37.858342]},"properties":{"id":"n13274973198","k":"bicycle_parking","t":{"amenity":"bicycle_parking","capacity":"2"}}},
{"type":"Feature","geometry":{"type":"Point","coordinates":[-122.288891,37.858541]},"properties":{"id":"n13274973199","k":"kerb:lowered","t":{"kerb":"lowered","tactile_paving":"yes","barrier":"kerb"}}},
{"type":"Feature","geometry":{"type":"Point","coordinates":[-122.288852,37.858434]},"properties":{"id":"n13274973200","k":"kerb:lowered","t":{"kerb":"lowered","tactile_paving":"yes","barrier":"kerb"}}},
{"type":"Feature","geometry":{"type":"Point","coordinates":[-122.288759,37.858081]},"properties":{"id":"n13274994703","k":"kerb:lowered","t":{"kerb":"lowered","tactile_paving":"yes","barrier":"kerb"}}},
{"type":"Feature","geometry":{"type":"Point","coordinates":[-122.288744,37.858101]},"properties":{"id":"n13274994704","k":"kerb:lowered","t":{"kerb":"lowered","tactile_paving":"yes","barrier":"kerb"}}},
{"type":"Feature","geometry":{"type":"Point","coordinates":[-122.286722,37.851698]},"properties":{"id":"n13275135080","k":"signal","t":{"highway":"stop"}}},
{"type":"Feature","geometry":{"type":"Point","coordinates":[-122.294064,37.859598]},"properties":{"id":"n13285906795","k":"surveillance","t":{"man_made":"surveillance"}}},
{"type":"Feature","geometry":{"type":"Point","coordinates":[-122.294223,37.860079]},"properties":{"id":"n13285906796","k":"surveillance","t":{"man_made":"surveillance"}}},
{"type":"Feature","geometry":{"type":"Point","coordinates":[-122.294969,37.859866]},"properties":{"id":"n13285906797","k":"surveillance","t":{"man_made":"surveillance"}}},
{"type":"Feature","geometry":{"type":"Point","coordinates":[-122.280147,37.857747]},"properties":{"id":"n13288498201","k":"kerb:lowered","t":{"kerb":"lowered","tactile_paving":"yes","barrier":"kerb"}}},
{"type":"Feature","geometry":{"type":"Point","coordinates":[-122.28672,37.869921]},"properties":{"id":"n13308183177","k":"hydrant","t":{"emergency":"fire_hydrant"}}},
{"type":"Feature","geometry":{"type":"Point","coordinates":[-122.28655,37.869715]},"properties":{"id":"n13308183178","k":"bollard","t":{"barrier":"bollard"}}},
{"type":"Feature","geometry":{"type":"Point","coordinates":[-122.286566,37.869837]},"properties":{"id":"n13308183180","k":"bollard","t":{"barrier":"bollard"}}},
{"type":"Feature","geometry":{"type":"Point","coordinates":[-122.286563,37.869816]},"properties":{"id":"n13308183181","k":"bollard","t":{"barrier":"bollard"}}},
{"type":"Feature","geometry":{"type":"Point","coordinates":[-122.286518,37.869952]},"properties":{"id":"n13308183182","k":"waste_basket","t":{"amenity":"waste_basket"}}},
{"type":"Feature","geometry":{"type":"Point","coordinates":[-122.286406,37.869896]},"properties":{"id":"n13308183183","k":"signal","t":{"highway":"traffic_signals"}}},
{"type":"Feature","geometry":{"type":"Point","coordinates":[-122.28672,37.869748]},"properties":{"id":"n13308183184","k":"signal","t":{"highway":"traffic_signals"}}},
{"type":"Feature","geometry":{"type":"Point","coordinates":[-122.298379,37.863204]},"properties":{"id":"n13309168292","k":"bench","t":{"amenity":"bench"}}},
{"type":"Feature","geometry":{"type":"Point","coordinates":[-122.298388,37.863243]},"properties":{"id":"n13309168293","k":"bench","t":{"amenity":"bench"}}},
{"type":"Feature","geometry":{"type":"Point","coordinates":[-122.298434,37.863392]},"properties":{"id":"n13309168294","k":"bench","t":{"amenity":"bench"}}},
{"type":"Feature","geometry":{"type":"Point","coordinates":[-122.298513,37.86367]},"properties":{"id":"n13309168295","k":"bench","t":{"amenity":"bench"}}},
{"type":"Feature","geometry":{"type":"Point","coordinates":[-122.298604,37.863755]},"properties":{"id":"n13309168296","k":"bicycle_parking","t":{"amenity":"bicycle_parking"}}},
{"type":"Feature","geometry":{"type":"Point","coordinates":[-122.299009,37.864536]},"properties":{"id":"n13309168297","k":"bench","t":{"amenity":"bench"}}},
{"type":"Feature","geometry":{"type":"Point","coordinates":[-122.299282,37.865854]},"properties":{"id":"n13309168298","k":"bicycle_parking","t":{"amenity":"bicycle_parking"}}},
{"type":"Feature","geometry":{"type":"Point","coordinates":[-122.293529,37.875224]},"properties":{"id":"n13353700007","k":"crossing","t":{"crossing":"unmarked","highway":"crossing"}}},
{"type":"Feature","geometry":{"type":"Point","coordinates":[-122.293159,37.875279]},"properties":{"id":"n13353700015","k":"crossing","t":{"crossing":"unmarked","highway":"crossing"}}},
{"type":"Feature","geometry":{"type":"Point","coordinates":[-122.289358,37.877635]},"properties":{"id":"n13353856637","k":"crossing","t":{"crossing":"unmarked","highway":"crossing"}}},
{"type":"Feature","geometry":{"type":"Point","coordinates":[-122.288873,37.877894]},"properties":{"id":"n13353856638","k":"crossing","t":{"crossing":"unmarked","highway":"crossing"}}},
{"type":"Feature","geometry":{"type":"Point","coordinates":[-122.288579,37.877998]},"properties":{"id":"n13353856639","k":"signal","t":{"highway":"stop"}}},
{"type":"Feature","geometry":{"type":"Point","coordinates":[-122.29049,37.877205]},"properties":{"id":"n13353856642","k":"crossing","t":{"crossing":"unmarked","highway":"crossing"}}},
{"type":"Feature","geometry":{"type":"Point","coordinates":[-122.290032,37.877448]},"properties":{"id":"n13353856646","k":"crossing","t":{"crossing":"unmarked","highway":"crossing"}}},
{"type":"Feature","geometry":{"type":"Point","coordinates":[-122.288668,37.878095]},"properties":{"id":"n13353856652","k":"crossing","t":{"crossing":"uncontrolled","highway":"crossing"}}},
{"type":"Feature","geometry":{"type":"Point","coordinates":[-122.308317,37.88101]},"properties":{"id":"n13417310619","k":"surveillance","t":{"man_made":"surveillance"}}},
{"type":"Feature","geometry":{"type":"Point","coordinates":[-122.306136,37.875631]},"properties":{"id":"n13417310620","k":"surveillance","t":{"man_made":"surveillance"}}},
{"type":"Feature","geometry":{"type":"Point","coordinates":[-122.305118,37.866952]},"properties":{"id":"n13417310621","k":"surveillance","t":{"man_made":"surveillance"}}},
{"type":"Feature","geometry":{"type":"Point","coordinates":[-122.306328,37.866214]},"properties":{"id":"n13417310622","k":"surveillance","t":{"man_made":"surveillance"}}},
{"type":"Feature","geometry":{"type":"Point","coordinates":[-122.302861,37.864931]},"properties":{"id":"n13417310623","k":"surveillance","t":{"man_made":"surveillance"}}},
{"type":"Feature","geometry":{"type":"Point","coordinates":[-122.29884,37.850214]},"properties":{"id":"n13417310625","k":"surveillance","t":{"man_made":"surveillance"}}},
{"type":"Feature","geometry":{"type":"Point","coordinates":[-122.308271,37.877999]},"properties":{"id":"n13436839731","k":"kerb:flush","t":{"kerb":"flush","tactile_paving":"yes","wheelchair":"yes","barrier":"kerb"}}},
{"type":"Feature","geometry":{"type":"Point","coordinates":[-122.307574,37.877827]},"properties":{"id":"n13436839739","k":"kerb:flush","t":{"kerb":"flush","tactile_paving":"yes","wheelchair":"yes","barrier":"kerb"}}},
{"type":"Feature","geometry":{"type":"Point","coordinates":[-122.307031,37.87814]},"properties":{"id":"n13436839748","k":"kerb:flush","t":{"kerb":"flush","tactile_paving":"yes","wheelchair":"yes","barrier":"kerb"}}},
{"type":"Feature","geometry":{"type":"Point","coordinates":[-122.306836,37.878003]},"properties":{"id":"n13436839749","k":"kerb:flush","t":{"kerb":"flush","tactile_paving":"yes","wheelchair":"yes","barrier":"kerb"}}},
{"type":"Feature","geometry":{"type":"Point","coordinates":[-122.308221,37.877948]},"properties":{"id":"n13436839758","k":"kerb:flush","t":{"kerb":"flush","tactile_paving":"yes","wheelchair":"yes","barrier":"kerb"}}},
{"type":"Feature","geometry":{"type":"Point","coordinates":[-122.30822,37.877923]},"properties":{"id":"n13436839759","k":"kerb:flush","t":{"kerb":"flush","tactile_paving":"yes","wheelchair":"yes","barrier":"kerb"}}},
{"type":"Feature","geometry":{"type":"Point","coordinates":[-122.308218,37.877873]},"properties":{"id":"n13436839760","k":"kerb:flush","t":{"kerb":"flush","tactile_paving":"yes","wheelchair":"yes","barrier":"kerb"}}},
{"type":"Feature","geometry":{"type":"Point","coordinates":[-122.308219,37.877902]},"properties":{"id":"n13436839761","k":"crossing","t":{"crossing":"uncontrolled","tactile_paving":"no","highway":"crossing"}}},
{"type":"Feature","geometry":{"type":"Point","coordinates":[-122.308243,37.877971]},"properties":{"id":"n13436839762","k":"crossing","t":{"crossing":"uncontrolled","tactile_paving":"no","highway":"crossing"}}},
{"type":"Feature","geometry":{"type":"Point","coordinates":[-122.307966,37.877727]},"properties":{"id":"n13436839763","k":"kerb:flush","t":{"kerb":"flush","tactile_paving":"yes","wheelchair":"yes","barrier":"kerb"}}},
{"type":"Feature","geometry":{"type":"Point","coordinates":[-122.307866,37.877753]},"properties":{"id":"n13436839764","k":"kerb:flush","t":{"kerb":"flush","tactile_paving":"yes","wheelchair":"yes","barrier":"kerb"}}},
{"type":"Feature","geometry":{"type":"Point","coordinates":[-122.307804,37.877748]},"properties":{"id":"n13436839765","k":"kerb:flush","t":{"kerb":"flush","tactile_paving":"yes","wheelchair":"yes","barrier":"kerb"}}},
{"type":"Feature","geometry":{"type":"Point","coordinates":[-122.307059,37.878281]},"properties":{"id":"n13436839767","k":"kerb:flush","t":{"kerb":"flush","tactile_paving":"yes","wheelchair":"yes","barrier":"kerb"}}},
{"type":"Feature","geometry":{"type":"Point","coordinates":[-122.306753,37.878677]},"properties":{"id":"n13436839769","k":"kerb:flush","t":{"kerb":"flush","tactile_paving":"yes","wheelchair":"yes","barrier":"kerb"}}},
{"type":"Feature","geometry":{"type":"Point","coordinates":[-122.306733,37.878678]},"properties":{"id":"n13436839770","k":"kerb:flush","t":{"kerb":"flush","tactile_paving":"yes","wheelchair":"yes","barrier":"kerb"}}},
{"type":"Feature","geometry":{"type":"Point","coordinates":[-122.305673,37.878444]},"properties":{"id":"n13436839782","k":"crossing","t":{"crossing":"uncontrolled","tactile_paving":"no","highway":"crossing"}}},
{"type":"Feature","geometry":{"type":"Point","coordinates":[-122.305667,37.878428]},"properties":{"id":"n13436839783","k":"kerb:flush","t":{"kerb":"flush","tactile_paving":"yes","wheelchair":"yes","barrier":"kerb"}}},
{"type":"Feature","geometry":{"type":"Point","coordinates":[-122.305712,37.878552]},"properties":{"id":"n13436839784","k":"kerb:flush","t":{"kerb":"flush","tactile_paving":"yes","wheelchair":"yes","barrier":"kerb"}}},
{"type":"Feature","geometry":{"type":"Point","coordinates":[-122.305694,37.878502]},"properties":{"id":"n13436839786","k":"crossing","t":{"crossing":"uncontrolled","tactile_paving":"no","highway":"crossing"}}},
{"type":"Feature","geometry":{"type":"Point","coordinates":[-122.306756,37.877967]},"properties":{"id":"n13436839792","k":"kerb:flush","t":{"kerb":"flush","tactile_paving":"yes","wheelchair":"yes","barrier":"kerb"}}},
{"type":"Feature","geometry":{"type":"Point","coordinates":[-122.306579,37.877947]},"properties":{"id":"n13436839793","k":"kerb:flush","t":{"kerb":"flush","tactile_paving":"yes","wheelchair":"yes","barrier":"kerb"}}},
{"type":"Feature","geometry":{"type":"Point","coordinates":[-122.306604,37.877792]},"properties":{"id":"n13436839795","k":"kerb:flush","t":{"kerb":"flush","tactile_paving":"no","wheelchair":"yes","barrier":"kerb"}}},
{"type":"Feature","geometry":{"type":"Point","coordinates":[-122.306715,37.878688]},"properties":{"id":"n13436841370","k":"kerb:flush","t":{"kerb":"flush","tactile_paving":"yes","wheelchair":"yes","barrier":"kerb"}}},
{"type":"Feature","geometry":{"type":"Point","coordinates":[-122.306513,37.877952]},"properties":{"id":"n13436841373","k":"kerb:flush","t":{"kerb":"flush","tactile_paving":"yes","wheelchair":"yes","barrier":"kerb"}}},
{"type":"Feature","geometry":{"type":"Point","coordinates":[-122.307026,37.878199]},"properties":{"id":"n13436841375","k":"kerb:flush","t":{"kerb":"flush","tactile_paving":"yes","wheelchair":"yes","barrier":"kerb"}}},
{"type":"Feature","geometry":{"type":"Point","coordinates":[-122.306796,37.878656]},"properties":{"id":"n13436841377","k":"kerb:flush","t":{"kerb":"flush","tactile_paving":"yes","wheelchair":"yes","barrier":"kerb"}}},
{"type":"Feature","geometry":{"type":"Point","coordinates":[-122.305946,37.875661]},"properties":{"id":"n13436878307","k":"crossing","t":{"highway":"crossing"}}},
{"type":"Feature","geometry":{"type":"Point","coordinates":[-122.306976,37.879301]},"properties":{"id":"n13436878308","k":"crossing","t":{"highway":"crossing"}}},
{"type":"Feature","geometry":{"type":"Point","coordinates":[-122.307022,37.87947]},"properties":{"id":"n13436878309","k":"crossing","t":{"highway":"crossing"}}},
{"type":"Feature","geometry":{"type":"Point","coordinates":[-122.307063,37.87962]},"properties":{"id":"n13436878310","k":"crossing","t":{"highway":"crossing"}}},
{"type":"Feature","geometry":{"type":"Point","coordinates":[-122.290166,37.853143]},"properties":{"id":"n13469428901","k":"charging_station","t":{"name":"Shell Recharge Charging Station","amenity":"charging_station","operator":"Shell Recharge"}}},
{"type":"Feature","geometry":{"type":"Point","coordinates":[-122.280107,37.862403]},"properties":{"id":"n13529824004","k":"crossing","t":{"crossing":"unmarked","highway":"crossing"}}},
{"type":"Feature","geometry":{"type":"Point","coordinates":[-122.280952,37.862165]},"properties":{"id":"n13529839996","k":"kerb:lowered","t":{"kerb":"lowered","tactile_paving":"yes","barrier":"kerb"}}},
{"type":"Feature","geometry":{"type":"Point","coordinates":[-122.280978,37.862284]},"properties":{"id":"n13529839997","k":"kerb:lowered","t":{"kerb":"lowered","tactile_paving":"yes","barrier":"kerb"}}},
{"type":"Feature","geometry":{"type":"Point","coordinates":[-122.298829,37.86775]},"properties":{"id":"n13708833301","k":"surveillance","t":{"man_made":"surveillance"}}},
{"type":"Feature","geometry":{"type":"Point","coordinates":[-122.294115,37.860094]},"properties":{"id":"n13751150401","k":"surveillance","t":{"man_made":"surveillance"}}},
{"type":"Feature","geometry":{"type":"Point","coordinates":[-122.304979,37.867173]},"properties":{"id":"n13983540269","k":"tree","t":{"natural":"tree"}}},
{"type":"Feature","geometry":{"type":"Point","coordinates":[-122.304933,37.867184]},"properties":{"id":"n13983540270","k":"tree","t":{"natural":"tree"}}},
{"type":"Feature","geometry":{"type":"Point","coordinates":[-122.304876,37.867201]},"properties":{"id":"n13983540271","k":"tree","t":{"natural":"tree"}}},
{"type":"Feature","geometry":{"type":"Point","coordinates":[-122.304826,37.867217]},"properties":{"id":"n13983540272","k":"tree","t":{"natural":"tree"}}},
{"type":"Feature","geometry":{"type":"Point","coordinates":[-122.304763,37.867221]},"properties":{"id":"n13983540273","k":"tree","t":{"natural":"tree"}}},
{"type":"Feature","geometry":{"type":"Point","coordinates":[-122.304558,37.867109]},"properties":{"id":"n13983540274","k":"tree","t":{"natural":"tree"}}},
{"type":"Feature","geometry":{"type":"Point","coordinates":[-122.304658,37.867042]},"properties":{"id":"n13983540275","k":"tree","t":{"natural":"tree"}}},
{"type":"Feature","geometry":{"type":"Point","coordinates":[-122.30477,37.866961]},"properties":{"id":"n13983540276","k":"tree","t":{"natural":"tree"}}},
{"type":"Feature","geometry":{"type":"Point","coordinates":[-122.304539,37.867042]},"properties":{"id":"n13983540277","k":"tree","t":{"natural":"tree"}}},
{"type":"Feature","geometry":{"type":"Point","coordinates":[-122.304467,37.866996]},"properties":{"id":"n13983540278","k":"tree","t":{"natural":"tree"}}},
{"type":"Feature","geometry":{"type":"Point","coordinates":[-122.30459,37.866979]},"properties":{"id":"n13983540279","k":"tree","t":{"natural":"tree"}}},
{"type":"Feature","geometry":{"type":"Point","coordinates":[-122.304568,37.866928]},"properties":{"id":"n13983540280","k":"tree","t":{"natural":"tree"}}},
{"type":"Feature","geometry":{"type":"Point","coordinates":[-122.304653,37.866871]},"properties":{"id":"n13983540281","k":"tree","t":{"natural":"tree"}}},
{"type":"Feature","geometry":{"type":"Point","coordinates":[-122.304579,37.866821]},"properties":{"id":"n13983540282","k":"tree","t":{"natural":"tree"}}},
{"type":"Feature","geometry":{"type":"Point","coordinates":[-122.304414,37.866845]},"properties":{"id":"n13983540283","k":"tree","t":{"natural":"tree"}}},
{"type":"Feature","geometry":{"type":"Point","coordinates":[-122.304826,37.86685]},"properties":{"id":"n13983540284","k":"tree","t":{"natural":"tree"}}},
{"type":"Feature","geometry":{"type":"Point","coordinates":[-122.304981,37.866899]},"properties":{"id":"n13983540285","k":"tree","t":{"natural":"tree"}}},
{"type":"Feature","geometry":{"type":"Point","coordinates":[-122.304858,37.867096]},"properties":{"id":"n13983540286","k":"tree","t":{"natural":"tree"}}},
{"type":"Feature","geometry":{"type":"Point","coordinates":[-122.304254,37.865994]},"properties":{"id":"n13983543862","k":"tree","t":{"natural":"tree"}}},
{"type":"Feature","geometry":{"type":"Point","coordinates":[-122.304213,37.86604]},"properties":{"id":"n13983543863","k":"tree","t":{"natural":"tree"}}},
{"type":"Feature","geometry":{"type":"Point","coordinates":[-122.304193,37.866088]},"properties":{"id":"n13983543864","k":"tree","t":{"natural":"tree"}}},
{"type":"Feature","geometry":{"type":"Point","coordinates":[-122.304162,37.866125]},"properties":{"id":"n13983543865","k":"tree","t":{"natural":"tree"}}},
{"type":"Feature","geometry":{"type":"Point","coordinates":[-122.304133,37.866178]},"properties":{"id":"n13983543866","k":"tree","t":{"natural":"tree"}}},
{"type":"Feature","geometry":{"type":"Point","coordinates":[-122.304291,37.866192]},"properties":{"id":"n13983543867","k":"tree","t":{"natural":"tree"}}},
{"type":"Feature","geometry":{"type":"Point","coordinates":[-122.304158,37.866287]},"properties":{"id":"n13983543868","k":"tree","t":{"natural":"tree"}}},
{"type":"Feature","geometry":{"type":"Point","coordinates":[-122.304097,37.866373]},"properties":{"id":"n13983543869","k":"tree","t":{"natural":"tree"}}},
{"type":"Feature","geometry":{"type":"Point","coordinates":[-122.304108,37.866416]},"properties":{"id":"n13983543870","k":"tree","t":{"natural":"tree"}}},
{"type":"Feature","geometry":{"type":"Point","coordinates":[-122.304084,37.866411]},"properties":{"id":"n13983543871","k":"tree","t":{"natural":"tree"}}},
{"type":"Feature","geometry":{"type":"Point","coordinates":[-122.304272,37.866389]},"properties":{"id":"n13983543872","k":"tree","t":{"natural":"tree"}}},
{"type":"Feature","geometry":{"type":"Point","coordinates":[-122.304349,37.866368]},"properties":{"id":"n13983543873","k":"tree","t":{"natural":"tree"}}},
{"type":"Feature","geometry":{"type":"Point","coordinates":[-122.304457,37.866201]},"properties":{"id":"n13983543874","k":"tree","t":{"natural":"tree"}}},
{"type":"Feature","geometry":{"type":"Point","coordinates":[-122.304548,37.866287]},"properties":{"id":"n13983543875","k":"tree","t":{"natural":"tree"}}},
{"type":"Feature","geometry":{"type":"Point","coordinates":[-122.304652,37.86624]},"properties":{"id":"n13983543876","k":"tree","t":{"natural":"tree"}}},
{"type":"Feature","geometry":{"type":"Point","coordinates":[-122.304685,37.866307]},"properties":{"id":"n13983543877","k":"tree","t":{"natural":"tree"}}},
{"type":"Feature","geometry":{"type":"Point","coordinates":[-122.304613,37.866345]},"properties":{"id":"n13983543878","k":"tree","t":{"natural":"tree"}}},
{"type":"Feature","geometry":{"type":"Point","coordinates":[-122.304576,37.866114]},"properties":{"id":"n13983543879","k":"tree","t":{"natural":"tree"}}},
{"type":"Feature","geometry":{"type":"Point","coordinates":[-122.304591,37.866184]},"properties":{"id":"n13983543880","k":"tree","t":{"natural":"tree"}}},
{"type":"Feature","geometry":{"type":"Point","coordinates":[-122.304517,37.866158]},"properties":{"id":"n13983543881","k":"tree","t":{"natural":"tree"}}},
{"type":"Feature","geometry":{"type":"Point","coordinates":[-122.304499,37.86604]},"properties":{"id":"n13983543882","k":"tree","t":{"natural":"tree"}}},
{"type":"Feature","geometry":{"type":"Point","coordinates":[-122.304292,37.865926]},"properties":{"id":"n13983543883","k":"tree","t":{"natural":"tree"}}},
{"type":"Feature","geometry":{"type":"Point","coordinates":[-122.30434,37.866034]},"properties":{"id":"n13983543884","k":"tree","t":{"natural":"tree"}}},
{"type":"Feature","geometry":{"type":"Point","coordinates":[-122.304349,37.866094]},"properties":{"id":"n13983543885","k":"tree","t":{"natural":"tree"}}},
{"type":"Feature","geometry":{"type":"Point","coordinates":[-122.29096,37.851009]},"properties":{"id":"n14077573901","k":"surveillance","t":{"man_made":"surveillance"}}},
{"type":"Feature","geometry":{"type":"Point","coordinates":[-122.296315,37.881981]},"properties":{"id":"n14079298257","k":"tree","t":{"natural":"tree"}}},
{"type":"Feature","geometry":{"type":"Point","coordinates":[-122.296308,37.881956]},"properties":{"id":"n14079298258","k":"tree","t":{"natural":"tree"}}},
{"type":"Feature","geometry":{"type":"Point","coordinates":[-122.296219,37.881745]},"properties":{"id":"n14079298259","k":"tree","t":{"natural":"tree"}}},
{"type":"Feature","geometry":{"type":"Point","coordinates":[-122.296208,37.881682]},"properties":{"id":"n14079298260","k":"tree","t":{"natural":"tree"}}},
{"type":"Feature","geometry":{"type":"Point","coordinates":[-122.296161,37.881555]},"properties":{"id":"n14079298261","k":"tree","t":{"natural":"tree"}}},
{"type":"Feature","geometry":{"type":"Point","coordinates":[-122.296128,37.881448]},"properties":{"id":"n14079298262","k":"tree","t":{"natural":"tree"}}},
{"type":"Feature","geometry":{"type":"Point","coordinates":[-122.296145,37.881496]},"properties":{"id":"n14079298263","k":"tree","t":{"natural":"tree"}}},
{"type":"Feature","geometry":{"type":"Point","coordinates":[-122.296096,37.881342]},"properties":{"id":"n14079298264","k":"tree","t":{"natural":"tree"}}},
{"type":"Feature","geometry":{"type":"Point","coordinates":[-122.296122,37.881396]},"properties":{"id":"n14079298265","k":"tree","t":{"natural":"tree"}}},
{"type":"Feature","geometry":{"type":"Point","coordinates":[-122.296053,37.881205]},"properties":{"id":"n14079298266","k":"tree","t":{"natural":"tree"}}},
{"type":"Feature","geometry":{"type":"Point","coordinates":[-122.29602,37.881103]},"properties":{"id":"n14079298267","k":"tree","t":{"natural":"tree"}}},
{"type":"Feature","geometry":{"type":"Point","coordinates":[-122.296023,37.88114]},"properties":{"id":"n14079298268","k":"tree","t":{"natural":"tree"}}},
{"type":"Feature","geometry":{"type":"Point","coordinates":[-122.282219,37.870522]},"properties":{"id":"n14111379502","k":"surveillance","t":{"man_made":"surveillance"}}},
{"type":"Feature","geometry":{"type":"Point","coordinates":[-122.281106,37.862135]},"properties":{"id":"n14111381501","k":"surveillance","t":{"man_made":"surveillance"}}},
{"type":"Feature","geometry":{"type":"Point","coordinates":[-122.29073,37.85394]},"properties":{"id":"n14125606175","k":"charging_station","t":{"amenity":"charging_station","capacity":"8"}}},
{"type":"Feature","geometry":{"type":"Point","coordinates":[-122.291067,37.851079]},"properties":{"id":"n14135826301","k":"surveillance","t":{"name":"Flock Falcon","man_made":"surveillance"}}},
{"type":"Feature","geometry":{"type":"Point","coordinates":[-122.28129,37.855896]},"properties":{"id":"n14177207736","k":"crossing","t":{"crossing":"uncontrolled","kerb":"lowered","tactile_paving":"no","highway":"crossing"}}},
{"type":"Feature","geometry":{"type":"Point","coordinates":[-122.281184,37.855832]},"properties":{"id":"n14177207737","k":"crossing","t":{"crossing":"uncontrolled","kerb":"lowered","tactile_paving":"no","highway":"crossing"}}},
{"type":"Feature","geometry":{"type":"Point","coordinates":[-122.281261,37.855754]},"properties":{"id":"n14177207738","k":"crossing","t":{"crossing":"uncontrolled","kerb":"lowered","tactile_paving":"no","highway":"crossing"}}},
{"type":"Feature","geometry":{"type":"Point","coordinates":[-122.281366,37.855809]},"properties":{"id":"n14177207739","k":"crossing","t":{"crossing":"uncontrolled","kerb":"lowered","tactile_paving":"no","highway":"crossing"}}},
{"type":"Feature","geometry":{"type":"Point","coordinates":[-122.28183,37.854591]},"properties":{"id":"n14177210732","k":"hydrant","t":{"emergency":"fire_hydrant"}}},
{"type":"Feature","geometry":{"type":"Point","coordinates":[-122.282151,37.855647]},"properties":{"id":"n14177279926","k":"crossing","t":{"crossing":"uncontrolled","kerb":"lowered","tactile_paving":"no","highway":"crossing"}}},
{"type":"Feature","geometry":{"type":"Point","coordinates":[-122.28226,37.855692]},"properties":{"id":"n14177279927","k":"crossing","t":{"crossing":"uncontrolled","kerb":"lowered","tactile_paving":"no","highway":"crossing"}}},
{"type":"Feature","geometry":{"type":"Point","coordinates":[-122.282065,37.855719]},"properties":{"id":"n14177279928","k":"crossing","t":{"crossing":"uncontrolled","kerb":"lowered","tactile_paving":"no","highway":"crossing"}}},
{"type":"Feature","geometry":{"type":"Point","coordinates":[-122.282181,37.855781]},"properties":{"id":"n14177279929","k":"crossing","t":{"crossing":"uncontrolled","kerb":"lowered","tactile_paving":"no","highway":"crossing"}}},
{"type":"Feature","geometry":{"type":"Point","coordinates":[-122.284617,37.855025]},"properties":{"id":"n14178564738","k":"bench","t":{"amenity":"bench"}}},
{"type":"Feature","geometry":{"type":"Point","coordinates":[-122.284599,37.854908]},"properties":{"id":"n14178564739","k":"waste_basket","t":{"amenity":"waste_basket"}}},
{"type":"Feature","geometry":{"type":"Point","coordinates":[-122.286592,37.852263]},"properties":{"id":"n14197660618","k":"surveillance","t":{"man_made":"surveillance"}}},
{"type":"Feature","geometry":{"type":"Point","coordinates":[-122.286877,37.852197]},"properties":{"id":"n14197660619","k":"surveillance","t":{"man_made":"surveillance"}}},
{"type":"Feature","geometry":{"type":"Point","coordinates":[-122.286792,37.852006]},"properties":{"id":"n14197660620","k":"surveillance","t":{"man_made":"surveillance"}}},
{"type":"Feature","geometry":{"type":"Point","coordinates":[-122.286492,37.852118]},"properties":{"id":"n14197660621","k":"surveillance","t":{"man_made":"surveillance"}}}
]}
