{"type":"FeatureCollection","features":[
{"type":"Feature","geometry":{"type":"Polygon","coordinates":[[[-122.288363,37.881738],[-122.288272,37.881716],[-122.288313,37.881609],[-122.288373,37.881624],[-122.288397,37.881562],[-122.288439,37.881572],[-122.288397,37.88168],[-122.288386,37.881677],[-122.288363,37.881738]]]},"properties":{"id":"w485178416","b":"yes","lv":null,"n":null}},
{"type":"Feature","geometry":{"type":"Polygon","coordinates":[[[-122.288239,37.881711],[-122.288183,37.881697],[-122.288192,37.881676],[-122.288179,37.881673],[-122.288184,37.88166],[-122.288169,37.881656],[-122.288212,37.881545],[-122.288244,37.881552],[-122.28825,37.881538],[-122.2883,37.88155],[-122.288239,37.881711]]]},"properties":{"id":"w485178417","b":"yes","lv":null,"n":null}},
{"type":"Feature","geometry":{"type":"Polygon","coordinates":[[[-122.28847,37.881495],[-122.288453,37.881542],[-122.288422,37.881536],[-122.288427,37.881522],[-122.288416,37.88152],[-122.288428,37.881486],[-122.28847,37.881495]]]},"properties":{"id":"w485178419","b":"yes","lv":null,"n":null}},
{"type":"Feature","geometry":{"type":"Polygon","coordinates":[[[-122.288309,37.881504],[-122.288238,37.881489],[-122.288256,37.881439],[-122.288327,37.881454],[-122.288309,37.881504]]]},"properties":{"id":"w485178420","b":"yes","lv":null,"n":null}},
{"type":"Feature","geometry":{"type":"Polygon","coordinates":[[[-122.288353,37.881443],[-122.288261,37.881421],[-122.28829,37.881345],[-122.288382,37.881367],[-122.288353,37.881443]]]},"properties":{"id":"w485178421","b":"yes","lv":null,"n":null}},
{"type":"Feature","geometry":{"type":"Polygon","coordinates":[[[-122.288405,37.881326],[-122.288317,37.881305],[-122.288367,37.881177],[-122.2884,37.881185],[-122.288397,37.881194],[-122.288444,37.881205],[-122.288441,37.881213],[-122.288449,37.881215],[-122.288405,37.881326]]]},"properties":{"id":"w485178422","b":"yes","lv":null,"n":null}},
{"type":"Feature","geometry":{"type":"Polygon","coordinates":[[[-122.288524,37.88137],[-122.28844,37.881349],[-122.28849,37.881223],[-122.288574,37.881244],[-122.288524,37.88137]]]},"properties":{"id":"w485178423","b":"yes","lv":null,"n":null}},
{"type":"Feature","geometry":{"type":"Polygon","coordinates":[[[-122.288613,37.88151],[-122.288567,37.881498],[-122.288578,37.88147],[-122.288591,37.881473],[-122.288596,37.881461],[-122.288574,37.881455],[-122.288588,37.881419],[-122.288551,37.881409],[-122.288562,37.881383],[-122.288587,37.881318],[-122.288584,37.881317],[-122.288593,37.881294],[-122.288573,37.881289],[-122.288587,37.881255],[-122.28861,37.88126],[-122.288637,37.881193],[-122.288732,37.881216],[-122.288704,37.881289],[-122.288693,37.881286],[-122.288686,37.881306],[-122.28869,37.881307],[-122.288683,37.881325],[-122.288678,37.881324],[-122.288674,37.881335],[-122.28868,37.881336],[-122.288675,37.881349],[-122.288669,37.881347],[-122.288647,37.881404],[-122.288654,37.881405],[-122.288613,37.88151]]]},"properties":{"id":"w485178425","b":"retail","lv":null,"n":null}},
{"type":"Feature","geometry":{"type":"Polygon","coordinates":[[[-122.288897,37.881444],[-122.288671,37.88139],[-122.288703,37.881306],[-122.288883,37.881349],[-122.288909,37.881291],[-122.288947,37.881299],[-122.288929,37.88136],[-122.288897,37.881444]]]},"properties":{"id":"w485178427","b":"yes","lv":null,"n":null}},
{"type":"Feature","geometry":{"type":"Polygon","coordinates":[[[-122.288941,37.881586],[-122.288797,37.881553],[-122.288799,37.88155],[-122.288773,37.881544],[-122.288785,37.88151],[-122.288777,37.881508],[-122.288789,37.881473],[-122.288958,37.881511],[-122.288957,37.881515],[-122.288982,37.881521],[-122.288967,37.881562],[-122.288951,37.881559],[-122.288941,37.881586]]]},"properties":{"id":"w485178429","b":"yes","lv":null,"n":null}},
{"type":"Feature","geometry":{"type":"Polygon","coordinates":[[[-122.288499,37.881771],[-122.288425,37.881753],[-122.288435,37.881728],[-122.288416,37.881724],[-122.288458,37.881618],[-122.28855,37.88164],[-122.288499,37.881771]]]},"properties":{"id":"w485178434","b":"yes","lv":null,"n":null}},
{"type":"Feature","geometry":{"type":"Polygon","coordinates":[[[-122.288623,37.881684],[-122.288559,37.881668],[-122.28858,37.881617],[-122.288643,37.881633],[-122.288623,37.881684]]]},"properties":{"id":"w485178435","b":"yes","lv":null,"n":null}},
{"type":"Feature","geometry":{"type":"Polygon","coordinates":[[[-122.288553,37.881789],[-122.288512,37.881779],[-122.28854,37.881707],[-122.288581,37.881717],[-122.288553,37.881789]]]},"properties":{"id":"w485178436","b":"yes","lv":null,"n":null}},
{"type":"Feature","geometry":{"type":"Polygon","coordinates":[[[-122.28888,37.881674],[-122.288748,37.881642],[-122.288757,37.88162],[-122.288734,37.881615],[-122.288751,37.881572],[-122.288783,37.88158],[-122.288786,37.881575],[-122.288823,37.881584],[-122.288821,37.881589],[-122.288835,37.881593],[-122.288838,37.881586],[-122.288869,37.881594],[-122.288866,37.881601],[-122.288906,37.881611],[-122.288896,37.881635],[-122.288904,37.881637],[-122.288892,37.881667],[-122.288884,37.881665],[-122.28888,37.881674]]]},"properties":{"id":"w485178437","b":"yes","lv":null,"n":null}},
{"type":"Feature","geometry":{"type":"Polygon","coordinates":[[[-122.288847,37.881768],[-122.288654,37.881723],[-122.288674,37.881669],[-122.288708,37.881677],[-122.288715,37.881657],[-122.288743,37.881664],[-122.288742,37.881669],[-122.288873,37.8817],[-122.288847,37.881768]]]},"properties":{"id":"w485178438","b":"yes","lv":null,"n":null}},
{"type":"Feature","geometry":{"type":"Polygon","coordinates":[[[-122.288816,37.881851],[-122.288647,37.881811],[-122.288671,37.881747],[-122.28884,37.881787],[-122.288816,37.881851]]]},"properties":{"id":"w485178439","b":"yes","lv":null,"n":null}},
{"type":"Feature","geometry":{"type":"Polygon","coordinates":[[[-122.28803,37.882019],[-122.288096,37.881854],[-122.28814,37.881865],[-122.288135,37.881878],[-122.288171,37.881887],[-122.288104,37.882055],[-122.288057,37.882043],[-122.288063,37.882027],[-122.28803,37.882019]]]},"properties":{"id":"w485178440","b":"yes","lv":null,"n":null}},
{"type":"Feature","geometry":{"type":"Polygon","coordinates":[[[-122.288232,37.882056],[-122.28814,37.882034],[-122.288199,37.881881],[-122.28829,37.881903],[-122.288249,37.88201],[-122.28826,37.882013],[-122.28825,37.882041],[-122.288238,37.882039],[-122.288232,37.882056]]]},"properties":{"id":"w485178441","b":"yes","lv":null,"n":null}},
{"type":"Feature","geometry":{"type":"Polygon","coordinates":[[[-122.288736,37.882058],[-122.288594,37.882022],[-122.288621,37.881955],[-122.288763,37.88199],[-122.288736,37.882058]]]},"properties":{"id":"w485178442","b":"yes","lv":null,"n":null}},
{"type":"Feature","geometry":{"type":"Polygon","coordinates":[[[-122.288566,37.882016],[-122.288521,37.882005],[-122.28854,37.881956],[-122.288585,37.881967],[-122.288566,37.882016]]]},"properties":{"id":"w485178443","b":"yes","lv":null,"n":null}},
{"type":"Feature","geometry":{"type":"Polygon","coordinates":[[[-122.28834,37.882072],[-122.288259,37.882052],[-122.288307,37.881929],[-122.288338,37.881936],[-122.288344,37.881921],[-122.288394,37.881933],[-122.28834,37.882072]]]},"properties":{"id":"w485178445","b":"yes","lv":null,"n":null}},
{"type":"Feature","geometry":{"type":"Polygon","coordinates":[[[-122.288465,37.882104],[-122.288377,37.882083],[-122.288433,37.881933],[-122.288521,37.881954],[-122.288465,37.882104]]]},"properties":{"id":"w485178446","b":"yes","lv":null,"n":null}},
{"type":"Feature","geometry":{"type":"Polygon","coordinates":[[[-122.28561,37.878269],[-122.285601,37.878132],[-122.285592,37.878132],[-122.28559,37.878112],[-122.285531,37.878115],[-122.285532,37.878133],[-122.285508,37.878134],[-122.285514,37.87822],[-122.285484,37.878221],[-122.285488,37.878275],[-122.28561,37.878269]]]},"properties":{"id":"w488797805","b":"house","lv":null,"n":null}},
{"type":"Feature","geometry":{"type":"Polygon","coordinates":[[[-122.285591,37.878608],[-122.285426,37.878668],[-122.285397,37.878618],[-122.285396,37.878616],[-122.285414,37.878609],[-122.285413,37.878606],[-122.285452,37.878592],[-122.285447,37.878583],[-122.285464,37.878577],[-122.285451,37.878554],[-122.285539,37.878521],[-122.285591,37.878608]]]},"properties":{"id":"w488797807","b":"house","lv":null,"n":null}},
{"type":"Feature","geometry":{"type":"Polygon","coordinates":[[[-122.286132,37.878047],[-122.286124,37.877989],[-122.286174,37.877985],[-122.286166,37.877928],[-122.286115,37.877933],[-122.28612,37.87797],[-122.286093,37.877972],[-122.286089,37.877944],[-122.286078,37.877945],[-122.286077,37.877934],[-122.286025,37.877939],[-122.286041,37.878055],[-122.286132,37.878047]]]},"properties":{"id":"w488797809","b":"house","lv":null,"n":null}},
{"type":"Feature","geometry":{"type":"Polygon","coordinates":[[[-122.285848,37.87821],[-122.285847,37.878193],[-122.285842,37.878193],[-122.285841,37.878146],[-122.285817,37.878146],[-122.285817,37.878142],[-122.285793,37.878142],[-122.285791,37.878069],[-122.285782,37.87807],[-122.285781,37.878046],[-122.285838,37.878045],[-122.285838,37.878027],[-122.285883,37.878026],[-122.285888,37.878209],[-122.285848,37.87821]]]},"properties":{"id":"w488797812","b":"house","lv":null,"n":null}},
{"type":"Feature","geometry":{"type":"Polygon","coordinates":[[[-122.28552,37.878372],[-122.285519,37.878337],[-122.285362,37.87834],[-122.285363,37.878367],[-122.285357,37.878367],[-122.285357,37.878378],[-122.285364,37.878377],[-122.285365,37.878407],[-122.285368,37.878407],[-122.285369,37.878427],[-122.285405,37.878426],[-122.285405,37.878422],[-122.285434,37.878421],[-122.285434,37.878412],[-122.285469,37.878411],[-122.285468,37.878398],[-122.285511,37.878397],[-122.28551,37.878372],[-122.28552,37.878372]]]},"properties":{"id":"w488797814","b":"house","lv":null,"n":null}},
{"type":"Feature","geometry":{"type":"Polygon","coordinates":[[[-122.285453,37.878317],[-122.285449,37.878264],[-122.285454,37.878264],[-122.285452,37.878236],[-122.285468,37.878235],[-122.285466,37.878218],[-122.28546,37.878218],[-122.28546,37.878212],[-122.285442,37.878212],[-122.285441,37.878205],[-122.285448,37.878204],[-122.285447,37.878189],[-122.285439,37.878189],[-122.285438,37.878176],[-122.285343,37.878181],[-122.285351,37.878282],[-122.285365,37.878281],[-122.285368,37.878321],[-122.285453,37.878317]]]},"properties":{"id":"w488797817","b":"house","lv":null,"n":null}},
{"type":"Feature","geometry":{"type":"Polygon","coordinates":[[[-122.285622,37.878638],[-122.285637,37.878665],[-122.285625,37.878669],[-122.285637,37.878691],[-122.285625,37.878695],[-122.285634,37.878711],[-122.285579,37.87873],[-122.285586,37.878742],[-122.285514,37.878767],[-122.285522,37.87878],[-122.285432,37.878811],[-122.28541,37.87877],[-122.285402,37.878773],[-122.285391,37.878752],[-122.28541,37.878746],[-122.285403,37.878733],[-122.28548,37.878706],[-122.285473,37.878692],[-122.285536,37.878671],[-122.285531,37.878662],[-122.285618,37.878632],[-122.285622,37.878638]]]},"properties":{"id":"w488797820","b":"house","lv":null,"n":null}},
{"type":"Feature","geometry":{"type":"Polygon","coordinates":[[[-122.286542,37.877948],[-122.286488,37.877785],[-122.286411,37.877801],[-122.28644,37.87789],[-122.286411,37.877896],[-122.286435,37.87797],[-122.286542,37.877948]]]},"properties":{"id":"w488797822","b":"house","lv":null,"n":null}},
{"type":"Feature","geometry":{"type":"Polygon","coordinates":[[[-122.286024,37.878086],[-122.286013,37.877952],[-122.285973,37.877954],[-122.285972,37.877942],[-122.285911,37.877946],[-122.285923,37.878091],[-122.286024,37.878086]]]},"properties":{"id":"w488797824","b":"house","lv":null,"n":null}},
{"type":"Feature","geometry":{"type":"Polygon","coordinates":[[[-122.285734,37.878219],[-122.285733,37.878175],[-122.285743,37.878175],[-122.285742,37.878129],[-122.28573,37.878129],[-122.285728,37.87808],[-122.285643,37.878082],[-122.285647,37.878221],[-122.285734,37.878219]]]},"properties":{"id":"w488797826","b":"house","lv":null,"n":null}},
{"type":"Feature","geometry":{"type":"Polygon","coordinates":[[[-122.285608,37.87848],[-122.28559,37.878451],[-122.285602,37.878446],[-122.285567,37.878389],[-122.285393,37.878456],[-122.285427,37.87851],[-122.285456,37.878498],[-122.285476,37.87853],[-122.285608,37.87848]]]},"properties":{"id":"w488797828","b":"house","lv":null,"n":null}},
{"type":"Feature","geometry":{"type":"Polygon","coordinates":[[[-122.286363,37.877987],[-122.286334,37.877854],[-122.286284,37.877861],[-122.286281,37.877845],[-122.286223,37.877853],[-122.286256,37.878006],[-122.286316,37.877998],[-122.286315,37.877993],[-122.286318,37.877993],[-122.286363,37.877987]]]},"properties":{"id":"w488797830","b":"house","lv":null,"n":null}},
{"type":"Feature","geometry":{"type":"Polygon","coordinates":[[[-122.298299,37.859709],[-122.297514,37.859866],[-122.297431,37.859605],[-122.298215,37.859448],[-122.298299,37.859709]]]},"properties":{"id":"w505902450","b":"warehouse","lv":null,"n":null}},
{"type":"Feature","geometry":{"type":"Polygon","coordinates":[[[-122.298299,37.859709],[-122.298478,37.860266],[-122.298451,37.860271],[-122.298475,37.860345],[-122.298085,37.860423],[-122.298062,37.860351],[-122.297976,37.860085],[-122.29781,37.860118],[-122.297736,37.859887],[-122.297534,37.859928],[-122.297514,37.859866],[-122.298299,37.859709]]]},"properties":{"id":"w505902452","b":"industrial","lv":null,"n":null}},
{"type":"Feature","geometry":{"type":"Polygon","coordinates":[[[-122.29781,37.860118],[-122.297605,37.860159],[-122.297534,37.859928],[-122.297736,37.859887],[-122.29781,37.860118]]]},"properties":{"id":"w505902453","b":"industrial","lv":null,"n":null}},
{"type":"Feature","geometry":{"type":"Polygon","coordinates":[[[-122.298062,37.860351],[-122.297949,37.860374],[-122.29769,37.860425],[-122.297605,37.860159],[-122.29781,37.860118],[-122.297976,37.860085],[-122.298062,37.860351]]]},"properties":{"id":"w505902454","b":"industrial","lv":null,"n":null}},
{"type":"Feature","geometry":{"type":"Polygon","coordinates":[[[-122.297949,37.860374],[-122.298007,37.860558],[-122.297748,37.860609],[-122.29769,37.860425],[-122.297949,37.860374]]]},"properties":{"id":"w505902456","b":"industrial","lv":null,"n":null}},
{"type":"Feature","geometry":{"type":"Polygon","coordinates":[[[-122.298282,37.860893],[-122.298328,37.861032],[-122.29821,37.861056],[-122.298163,37.860917],[-122.298282,37.860893]]]},"properties":{"id":"w505902457","b":"commercial","lv":null,"n":null}},
{"type":"Feature","geometry":{"type":"Polygon","coordinates":[[[-122.293974,37.858174],[-122.293865,37.858196],[-122.293712,37.857733],[-122.293601,37.857753],[-122.293745,37.858199],[-122.293697,37.858207],[-122.293663,37.858111],[-122.293547,37.858131],[-122.293603,37.858323],[-122.293996,37.858245],[-122.293974,37.858174]]]},"properties":{"id":"w505902468","b":"commercial","lv":null,"n":null}},
{"type":"Feature","geometry":{"type":"Polygon","coordinates":[[[-122.293651,37.858075],[-122.293552,37.857762],[-122.293424,37.857788],[-122.293523,37.858099],[-122.293651,37.858075]]]},"properties":{"id":"w505902469","b":"commercial","lv":null,"n":null}},
{"type":"Feature","geometry":{"type":"Polygon","coordinates":[[[-122.293517,37.857511],[-122.293326,37.857549],[-122.293374,37.857707],[-122.293495,37.857685],[-122.293488,37.857654],[-122.293559,37.857641],[-122.293517,37.857511]]]},"properties":{"id":"w505902471","b":"commercial","lv":null,"n":null}},
{"type":"Feature","geometry":{"type":"Polygon","coordinates":[[[-122.292975,37.858452],[-122.292922,37.858288],[-122.292835,37.858307],[-122.292889,37.858469],[-122.292975,37.858452]]]},"properties":{"id":"w505902473","b":"commercial","lv":null,"n":null}},
{"type":"Feature","geometry":{"type":"Polygon","coordinates":[[[-122.292889,37.858469],[-122.29245,37.858559],[-122.292396,37.858392],[-122.292835,37.858307],[-122.292889,37.858469]]]},"properties":{"id":"w505902474","b":"commercial","lv":null,"n":null}},
{"type":"Feature","geometry":{"type":"Polygon","coordinates":[[[-122.292473,37.858017],[-122.29231,37.858051],[-122.292401,37.858336],[-122.292522,37.85831],[-122.29248,37.858172],[-122.292525,37.858163],[-122.292473,37.858017]]]},"properties":{"id":"w505902476","b":"commercial","lv":null,"n":null}},
{"type":"Feature","geometry":{"type":"Polygon","coordinates":[[[-122.292358,37.857997],[-122.29229,37.858009],[-122.292253,37.857886],[-122.292316,37.857871],[-122.292358,37.857997]]]},"properties":{"id":"w505902478","b":"commercial","lv":null,"n":null}},
{"type":"Feature","geometry":{"type":"Polygon","coordinates":[[[-122.29256,37.857814],[-122.292509,37.857658],[-122.292485,37.857664],[-122.29248,37.857649],[-122.2922,37.857718],[-122.292253,37.857886],[-122.292316,37.857871],[-122.292436,37.857844],[-122.29256,37.857814]]]},"properties":{"id":"w505902479","b":"commercial","lv":null,"n":null}},
{"type":"Feature","geometry":{"type":"Polygon","coordinates":[[[-122.291127,37.857534],[-122.291191,37.857717],[-122.291129,37.85773],[-122.291064,37.857744],[-122.290998,37.857559],[-122.291127,37.857534]]]},"properties":{"id":"w505902481","b":"commercial","lv":null,"n":null}},
{"type":"Feature","geometry":{"type":"Polygon","coordinates":[[[-122.29119,37.857515],[-122.291127,37.857534],[-122.291191,37.857717],[-122.291129,37.85773],[-122.291151,37.857788],[-122.291264,37.857755],[-122.29119,37.857515]]]},"properties":{"id":"w505902482","b":"commercial","lv":null,"n":null}},
{"type":"Feature","geometry":{"type":"Polygon","coordinates":[[[-122.291357,37.85788],[-122.291233,37.85791],[-122.291121,37.857937],[-122.291089,37.857826],[-122.291271,37.85778],[-122.291323,37.85777],[-122.291357,37.85788]]]},"properties":{"id":"w505902483","b":"commercial","lv":null,"n":null}},
{"type":"Feature","geometry":{"type":"Polygon","coordinates":[[[-122.291233,37.85791],[-122.291247,37.857951],[-122.29137,37.857922],[-122.291357,37.85788],[-122.291233,37.85791]]]},"properties":{"id":"w505902484","b":"commercial","lv":null,"n":null}},
{"type":"Feature","geometry":{"type":"Polygon","coordinates":[[[-122.29137,37.857922],[-122.291423,37.858103],[-122.291352,37.858117],[-122.291263,37.858135],[-122.291191,37.85815],[-122.291134,37.857978],[-122.29137,37.857922]]]},"properties":{"id":"w505902485","b":"commercial","lv":null,"n":null}},
{"type":"Feature","geometry":{"type":"Polygon","coordinates":[[[-122.291423,37.858103],[-122.291438,37.858148],[-122.291467,37.858238],[-122.291355,37.85826],[-122.291231,37.858285],[-122.291191,37.85815],[-122.291263,37.858135],[-122.291275,37.858181],[-122.291361,37.858164],[-122.291352,37.858117],[-122.291423,37.858103]]]},"properties":{"id":"w505902486","b":"commercial","lv":"2","n":null}},
{"type":"Feature","geometry":{"type":"Polygon","coordinates":[[[-122.291523,37.85841],[-122.291619,37.858723],[-122.291383,37.85877],[-122.291231,37.858285],[-122.291355,37.85826],[-122.291415,37.858431],[-122.291523,37.85841]]]},"properties":{"id":"w505902488","b":"commercial","lv":null,"n":null}},
{"type":"Feature","geometry":{"type":"Polygon","coordinates":[[[-122.297134,37.859479],[-122.297016,37.859106],[-122.296979,37.859111],[-122.296943,37.859014],[-122.296563,37.85909],[-122.296717,37.859563],[-122.297134,37.859479]]]},"properties":{"id":"w505902490","b":"commercial","lv":null,"n":null}},
{"type":"Feature","geometry":{"type":"Polygon","coordinates":[[[-122.296596,37.859584],[-122.296451,37.859135],[-122.296039,37.859212],[-122.296193,37.859665],[-122.296596,37.859584]]]},"properties":{"id":"w505902491","b":"commercial","lv":null,"n":null}},
{"type":"Feature","geometry":{"type":"Polygon","coordinates":[[[-122.294019,37.859067],[-122.293906,37.858689],[-122.293729,37.858722],[-122.293851,37.859105],[-122.294019,37.859067]]]},"properties":{"id":"w505902499","b":"commercial","lv":null,"n":null}},
{"type":"Feature","geometry":{"type":"Polygon","coordinates":[[[-122.293422,37.858531],[-122.293312,37.858551],[-122.293375,37.85874],[-122.293487,37.858719],[-122.293422,37.858531]]]},"properties":{"id":"w505902504","b":"commercial","lv":null,"n":null}},
{"type":"Feature","geometry":{"type":"Polygon","coordinates":[[[-122.2935,37.858773],[-122.293446,37.858783],[-122.293497,37.858954],[-122.293551,37.858944],[-122.2935,37.858773]]]},"properties":{"id":"w505902505","b":"commercial","lv":null,"n":null}},
{"type":"Feature","geometry":{"type":"Polygon","coordinates":[[[-122.293388,37.858796],[-122.293232,37.858826],[-122.29327,37.858945],[-122.293427,37.858916],[-122.293388,37.858796]]]},"properties":{"id":"w505902506","b":"commercial","lv":null,"n":null}},
{"type":"Feature","geometry":{"type":"Polygon","coordinates":[[[-122.293427,37.858916],[-122.293468,37.859038],[-122.293272,37.859078],[-122.293235,37.858955],[-122.293427,37.858916]]]},"properties":{"id":"w505902507","b":"commercial","lv":null,"n":null}},
{"type":"Feature","geometry":{"type":"Polygon","coordinates":[[[-122.293272,37.859078],[-122.293116,37.85859],[-122.29252,37.858718],[-122.292677,37.859198],[-122.293272,37.859078]]]},"properties":{"id":"w505902508","b":"commercial","lv":null,"n":null}},
{"type":"Feature","geometry":{"type":"Polygon","coordinates":[[[-122.292133,37.859976],[-122.291985,37.859509],[-122.292076,37.859487],[-122.292046,37.859396],[-122.291627,37.85953],[-122.291797,37.860043],[-122.291927,37.860017],[-122.292064,37.85999],[-122.292133,37.859976]]]},"properties":{"id":"w505902509","b":"commercial","lv":null,"n":null}},
{"type":"Feature","geometry":{"type":"Polygon","coordinates":[[[-122.292354,37.860446],[-122.292209,37.859977],[-122.292174,37.859983],[-122.292307,37.860396],[-122.292264,37.860401],[-122.292133,37.859976],[-122.292064,37.85999],[-122.292135,37.860205],[-122.292095,37.860212],[-122.292122,37.860293],[-122.292077,37.860301],[-122.292025,37.860175],[-122.291982,37.860184],[-122.291927,37.860017],[-122.291797,37.860043],[-122.291954,37.860526],[-122.292354,37.860446]]]},"properties":{"id":"w505902510","b":"commercial","lv":null,"n":null}},
{"type":"Feature","geometry":{"type":"Polygon","coordinates":[[[-122.292559,37.860135],[-122.292624,37.860342],[-122.292501,37.860366],[-122.292426,37.860161],[-122.292559,37.860135]]]},"properties":{"id":"w505902511","b":"commercial","lv":null,"n":null}},
{"type":"Feature","geometry":{"type":"Polygon","coordinates":[[[-122.291115,37.859021],[-122.290743,37.859099],[-122.29082,37.859343],[-122.291185,37.859266],[-122.291115,37.859021]]]},"properties":{"id":"w505923317","b":"commercial","lv":null,"n":null}},
{"type":"Feature","geometry":{"type":"Polygon","coordinates":[[[-122.29082,37.859343],[-122.290743,37.859099],[-122.290308,37.859188],[-122.290383,37.859432],[-122.29082,37.859343]]]},"properties":{"id":"w505923318","b":"commercial","lv":null,"n":null}},
{"type":"Feature","geometry":{"type":"Polygon","coordinates":[[[-122.290383,37.859432],[-122.290456,37.859646],[-122.290713,37.859594],[-122.291343,37.85947],[-122.29126,37.859258],[-122.290383,37.859432]]]},"properties":{"id":"w505923319","b":"commercial","lv":null,"n":null}},
{"type":"Feature","geometry":{"type":"Polygon","coordinates":[[[-122.290713,37.859594],[-122.290735,37.85965],[-122.29048,37.859696],[-122.290456,37.859646],[-122.290713,37.859594]]]},"properties":{"id":"w505923320","b":"commercial","lv":null,"n":null}},
{"type":"Feature","geometry":{"type":"Polygon","coordinates":[[[-122.290735,37.859687],[-122.290761,37.859771],[-122.290513,37.859822],[-122.290484,37.859737],[-122.290735,37.859687]]]},"properties":{"id":"w505923321","b":"commercial","lv":null,"n":null}},
{"type":"Feature","geometry":{"type":"Polygon","coordinates":[[[-122.29067,37.859871],[-122.290552,37.859894],[-122.290586,37.859992],[-122.290699,37.859969],[-122.29067,37.859871]]]},"properties":{"id":"w505923322","b":"commercial","lv":null,"n":null}},
{"type":"Feature","geometry":{"type":"Polygon","coordinates":[[[-122.290763,37.86001],[-122.290587,37.860043],[-122.290611,37.86011],[-122.290785,37.860078],[-122.290763,37.86001]]]},"properties":{"id":"w505923324","b":"commercial","lv":null,"n":null}},
{"type":"Feature","geometry":{"type":"Polygon","coordinates":[[[-122.290814,37.860081],[-122.290622,37.860118],[-122.290646,37.860188],[-122.290837,37.860152],[-122.290814,37.860081]]]},"properties":{"id":"w505923325","b":"commercial","lv":null,"n":null}},
{"type":"Feature","geometry":{"type":"Polygon","coordinates":[[[-122.290813,37.860286],[-122.290781,37.860181],[-122.29065,37.860202],[-122.290687,37.860309],[-122.290813,37.860286]]]},"properties":{"id":"w505923326","b":"commercial","lv":null,"n":null}},
{"type":"Feature","geometry":{"type":"Polygon","coordinates":[[[-122.290799,37.860323],[-122.290677,37.860346],[-122.290681,37.860369],[-122.290705,37.860362],[-122.290715,37.860396],[-122.290815,37.860376],[-122.290799,37.860323]]]},"properties":{"id":"w505923327","b":"commercial","lv":null,"n":null}},
{"type":"Feature","geometry":{"type":"Polygon","coordinates":[[[-122.291503,37.860003],[-122.2909,37.860127],[-122.290951,37.860288],[-122.291556,37.860171],[-122.291503,37.860003]]]},"properties":{"id":"w505923329","b":"commercial","lv":null,"n":null}},
{"type":"Feature","geometry":{"type":"Polygon","coordinates":[[[-122.29169,37.86058],[-122.291638,37.860423],[-122.291533,37.860444],[-122.291575,37.860574],[-122.291584,37.860602],[-122.29169,37.86058]]]},"properties":{"id":"w505923330","b":"commercial","lv":null,"n":null}},
{"type":"Feature","geometry":{"type":"Polygon","coordinates":[[[-122.291533,37.860444],[-122.291368,37.860479],[-122.291408,37.860599],[-122.291411,37.860609],[-122.291575,37.860574],[-122.291533,37.860444]]]},"properties":{"id":"w505923331","b":"commercial","lv":null,"n":null}},
{"type":"Feature","geometry":{"type":"Polygon","coordinates":[[[-122.291368,37.860479],[-122.291213,37.860508],[-122.291255,37.860634],[-122.291408,37.860599],[-122.291368,37.860479]]]},"properties":{"id":"w505923332","b":"commercial","lv":null,"n":null}},
{"type":"Feature","geometry":{"type":"Polygon","coordinates":[[[-122.290828,37.860397],[-122.290726,37.860418],[-122.290744,37.860475],[-122.290845,37.860453],[-122.290828,37.860397]]]},"properties":{"id":"w505923335","b":"commercial","lv":null,"n":null}},
{"type":"Feature","geometry":{"type":"Polygon","coordinates":[[[-122.290907,37.86061],[-122.290876,37.860506],[-122.290755,37.860528],[-122.29079,37.860632],[-122.290907,37.86061]]]},"properties":{"id":"w505923337","b":"commercial","lv":null,"n":null}},
{"type":"Feature","geometry":{"type":"Polygon","coordinates":[[[-122.291082,37.860618],[-122.291005,37.860634],[-122.291031,37.860714],[-122.291106,37.860701],[-122.291082,37.860618]]]},"properties":{"id":"w505923338","b":"commercial","lv":null,"n":null}},
{"type":"Feature","geometry":{"type":"Polygon","coordinates":[[[-122.291,37.860723],[-122.29097,37.860637],[-122.290892,37.860653],[-122.29092,37.860737],[-122.291,37.860723]]]},"properties":{"id":"w505923340","b":"commercial","lv":null,"n":null}},
{"type":"Feature","geometry":{"type":"Polygon","coordinates":[[[-122.290895,37.860735],[-122.290861,37.860628],[-122.290773,37.860644],[-122.290789,37.860701],[-122.29081,37.860699],[-122.290826,37.860749],[-122.290895,37.860735]]]},"properties":{"id":"w505923341","b":"commercial","lv":null,"n":null}},
{"type":"Feature","geometry":{"type":"Polygon","coordinates":[[[-122.290316,37.859975],[-122.290212,37.86],[-122.29023,37.860053],[-122.290334,37.860031],[-122.290316,37.859975]]]},"properties":{"id":"w505923342","b":"house","lv":null,"n":null}},
{"type":"Feature","geometry":{"type":"Polygon","coordinates":[[[-122.290313,37.860124],[-122.290365,37.860113],[-122.290387,37.860178],[-122.29033,37.86019],[-122.290335,37.860205],[-122.290312,37.86021],[-122.290307,37.860195],[-122.290212,37.860215],[-122.29019,37.86015],[-122.290285,37.86013],[-122.290281,37.860117],[-122.290309,37.860111],[-122.290313,37.860124]]]},"properties":{"id":"w505923343","b":"house","lv":null,"n":null}},
{"type":"Feature","geometry":{"type":"Polygon","coordinates":[[[-122.289822,37.859372],[-122.289507,37.859435],[-122.289502,37.859423],[-122.289353,37.85945],[-122.289415,37.859639],[-122.289557,37.859609],[-122.289565,37.859632],[-122.289633,37.859618],[-122.289639,37.859636],[-122.289571,37.85965],[-122.289602,37.85974],[-122.289821,37.859694],[-122.28979,37.859604],[-122.289722,37.859618],[-122.289719,37.859601],[-122.289881,37.859567],[-122.289822,37.859372]]]},"properties":{"id":"w505941126","b":"commercial","lv":null,"n":null}},
{"type":"Feature","geometry":{"type":"Polygon","coordinates":[[[-122.289358,37.859868],[-122.289474,37.860226],[-122.28992,37.860136],[-122.289804,37.859778],[-122.289358,37.859868]]]},"properties":{"id":"w505941127","b":"commercial","lv":null,"n":null}},
{"type":"Feature","geometry":{"type":"Polygon","coordinates":[[[-122.289109,37.857635],[-122.28916,37.857786],[-122.289065,37.857803],[-122.289009,37.857652],[-122.289109,37.857635]]]},"properties":{"id":"w505941129","b":"commercial","lv":null,"n":null}},
{"type":"Feature","geometry":{"type":"Polygon","coordinates":[[[-122.289227,37.857616],[-122.289131,37.857635],[-122.289179,37.857776],[-122.289273,37.857759],[-122.289227,37.857616]]]},"properties":{"id":"w505941130","b":"commercial","lv":null,"n":null}},
{"type":"Feature","geometry":{"type":"Polygon","coordinates":[[[-122.289714,37.858039],[-122.289655,37.857897],[-122.289372,37.857972],[-122.289423,37.858112],[-122.289714,37.858039]]]},"properties":{"id":"w505941131","b":"commercial","lv":null,"n":null}},
{"type":"Feature","geometry":{"type":"Polygon","coordinates":[[[-122.289367,37.857971],[-122.289283,37.857993],[-122.289352,37.858212],[-122.289437,37.858192],[-122.289367,37.857971]]]},"properties":{"id":"w505941134","b":"commercial","lv":null,"n":null}},
{"type":"Feature","geometry":{"type":"Polygon","coordinates":[[[-122.289151,37.858148],[-122.288969,37.858195],[-122.288978,37.858219],[-122.288829,37.858257],[-122.288858,37.858335],[-122.289188,37.858255],[-122.289151,37.858148]]]},"properties":{"id":"w505941135","b":"commercial","lv":null,"n":null}},
{"type":"Feature","geometry":{"type":"Polygon","coordinates":[[[-122.289143,37.858136],[-122.289064,37.858154],[-122.289029,37.858064],[-122.289114,37.858044],[-122.289143,37.858136]]]},"properties":{"id":"w505941136","b":"commercial","lv":null,"n":null}},
{"type":"Feature","geometry":{"type":"Polygon","coordinates":[[[-122.288999,37.858166],[-122.288966,37.85807],[-122.288785,37.858114],[-122.288831,37.858233],[-122.288929,37.85821],[-122.288919,37.858184],[-122.288999,37.858166]]]},"properties":{"id":"w505941137","b":"commercial","lv":null,"n":null}},
{"type":"Feature","geometry":{"type":"Polygon","coordinates":[[[-122.289289,37.858262],[-122.288892,37.85836],[-122.288939,37.858479],[-122.289072,37.858449],[-122.289067,37.858434],[-122.289333,37.858371],[-122.289289,37.858262]]]},"properties":{"id":"w505941138","b":"commercial","lv":null,"n":null}},
{"type":"Feature","geometry":{"type":"Polygon","coordinates":[[[-122.28941,37.858525],[-122.28938,37.858443],[-122.28934,37.858452],[-122.289325,37.858404],[-122.289088,37.858465],[-122.289101,37.858488],[-122.28906,37.858497],[-122.28905,37.858474],[-122.28892,37.858503],[-122.288972,37.858632],[-122.28941,37.858525]]]},"properties":{"id":"w505941139","b":"commercial","lv":null,"n":null}},
{"type":"Feature","geometry":{"type":"Polygon","coordinates":[[[-122.296184,37.859852],[-122.295271,37.860037],[-122.295369,37.860341],[-122.295824,37.860248],[-122.295811,37.860208],[-122.296253,37.860118],[-122.296207,37.859978],[-122.296224,37.859974],[-122.296184,37.859852]]]},"properties":{"id":"w505941140","b":"industrial","lv":null,"n":null}},
{"type":"Feature","geometry":{"type":"Polygon","coordinates":[[[-122.296052,37.860362],[-122.295683,37.860438],[-122.295691,37.860464],[-122.295424,37.860518],[-122.29548,37.86069],[-122.295515,37.860682],[-122.295509,37.860661],[-122.295578,37.860647],[-122.295562,37.860599],[-122.296094,37.860491],[-122.296052,37.860362]]]},"properties":{"id":"w505941141","b":"industrial","lv":null,"n":null}},
{"type":"Feature","geometry":{"type":"Polygon","coordinates":[[[-122.295562,37.860599],[-122.295578,37.860647],[-122.295509,37.860661],[-122.295515,37.860682],[-122.295565,37.860833],[-122.295979,37.860751],[-122.296013,37.860743],[-122.296022,37.86077],[-122.296432,37.860687],[-122.296368,37.860491],[-122.296297,37.860505],[-122.296282,37.86046],[-122.29628,37.860453],[-122.296094,37.860491],[-122.295562,37.860599]]]},"properties":{"id":"w505941142","b":"industrial","lv":null,"n":"Sixth Street Center"}},
{"type":"Feature","geometry":{"type":"Polygon","coordinates":[[[-122.295979,37.860751],[-122.295565,37.860833],[-122.295529,37.86084],[-122.295571,37.860973],[-122.295575,37.860972],[-122.296022,37.860883],[-122.295979,37.860751]]]},"properties":{"id":"w505941143","b":"industrial","lv":null,"n":null}},
{"type":"Feature","geometry":{"type":"Polygon","coordinates":[[[-122.296022,37.860883],[-122.296069,37.861029],[-122.296026,37.861038],[-122.296025,37.861033],[-122.295619,37.861114],[-122.295575,37.860972],[-122.296022,37.860883]]]},"properties":{"id":"w505941144","b":"industrial","lv":null,"n":null}},
{"type":"Feature","geometry":{"type":"Polygon","coordinates":[[[-122.296026,37.861038],[-122.296051,37.861116],[-122.295645,37.861197],[-122.295619,37.861114],[-122.296025,37.861033],[-122.296026,37.861038]]]},"properties":{"id":"w505941145","b":"industrial","lv":null,"n":null}},
{"type":"Feature","geometry":{"type":"Polygon","coordinates":[[[-122.297225,37.859642],[-122.297301,37.859882],[-122.296882,37.859965],[-122.296849,37.859862],[-122.296765,37.859878],[-122.296722,37.859741],[-122.297225,37.859642]]]},"properties":{"id":"w505941146","b":"warehouse","lv":null,"n":null}},
{"type":"Feature","geometry":{"type":"Polygon","coordinates":[[[-122.296924,37.8601],[-122.296885,37.859988],[-122.296486,37.860073],[-122.296524,37.860185],[-122.296924,37.8601]]]},"properties":{"id":"w505941147","b":"mixed_use","lv":null,"n":null}},
{"type":"Feature","geometry":{"type":"Polygon","coordinates":[[[-122.296558,37.859776],[-122.296386,37.85981],[-122.296463,37.860053],[-122.296635,37.860019],[-122.296558,37.859776]]]},"properties":{"id":"w505941148","b":"industrial","lv":null,"n":null}},
{"type":"Feature","geometry":{"type":"Polygon","coordinates":[[[-122.296995,37.860324],[-122.296592,37.860406],[-122.296623,37.8605],[-122.29701,37.860421],[-122.296999,37.860386],[-122.297014,37.860383],[-122.296995,37.860324]]]},"properties":{"id":"w505941151","b":"mixed_use","lv":null,"n":null}},
{"type":"Feature","geometry":{"type":"Polygon","coordinates":[[[-122.297008,37.860306],[-122.297051,37.860439],[-122.29739,37.86037],[-122.297454,37.860357],[-122.297411,37.860225],[-122.297207,37.860267],[-122.297008,37.860306]]]},"properties":{"id":"w505941152","b":"industrial","lv":null,"n":"Graysix"}},
{"type":"Feature","geometry":{"type":"Polygon","coordinates":[[[-122.29739,37.86037],[-122.297434,37.860501],[-122.297078,37.860574],[-122.297035,37.860442],[-122.297051,37.860439],[-122.29739,37.86037]]]},"properties":{"id":"w505941153","b":"industrial","lv":null,"n":null}},
{"type":"Feature","geometry":{"type":"Polygon","coordinates":[[[-122.297199,37.860691],[-122.297243,37.860825],[-122.297579,37.860756],[-122.297535,37.860623],[-122.297342,37.860662],[-122.297199,37.860691]]]},"properties":{"id":"w505941155","b":"industrial","lv":null,"n":null}},
{"type":"Feature","geometry":{"type":"Polygon","coordinates":[[[-122.297579,37.860756],[-122.297604,37.860831],[-122.297195,37.860915],[-122.297171,37.860839],[-122.297243,37.860825],[-122.297579,37.860756]]]},"properties":{"id":"w505941156","b":"industrial","lv":null,"n":null}},
{"type":"Feature","geometry":{"type":"Polygon","coordinates":[[[-122.297604,37.860831],[-122.29765,37.860971],[-122.297418,37.861019],[-122.297241,37.861055],[-122.297195,37.860915],[-122.297604,37.860831]]]},"properties":{"id":"w505941157","b":"commercial","lv":null,"n":null}},
{"type":"Feature","geometry":{"type":"Polygon","coordinates":[[[-122.297683,37.861071],[-122.29765,37.860971],[-122.297418,37.861019],[-122.297452,37.861119],[-122.297683,37.861071]]]},"properties":{"id":"w505941158","b":"industrial","lv":null,"n":null}},
{"type":"Feature","geometry":{"type":"Polygon","coordinates":[[[-122.297692,37.861101],[-122.297735,37.861234],[-122.297504,37.861281],[-122.2975,37.861269],[-122.297461,37.861149],[-122.297692,37.861101]]]},"properties":{"id":"w505941159","b":"industrial","lv":null,"n":null}},
{"type":"Feature","geometry":{"type":"Polygon","coordinates":[[[-122.295986,37.862066],[-122.295953,37.862073],[-122.295867,37.861809],[-122.296116,37.861758],[-122.296202,37.862022],[-122.296064,37.86205],[-122.296072,37.862076],[-122.295995,37.862092],[-122.295986,37.862066]]]},"properties":{"id":"w505941160","b":"office","lv":null,"n":null}},
{"type":"Feature","geometry":{"type":"Polygon","coordinates":[[[-122.296848,37.862172],[-122.29658,37.862225],[-122.296621,37.862355],[-122.29689,37.862301],[-122.296848,37.862172]]]},"properties":{"id":"w505941161","b":"commercial","lv":null,"n":null}},
{"type":"Feature","geometry":{"type":"Polygon","coordinates":[[[-122.296389,37.862145],[-122.295999,37.862223],[-122.296074,37.86242],[-122.296456,37.862344],[-122.296389,37.862145]]]},"properties":{"id":"w505941162","b":"commercial","lv":null,"n":null}},
{"type":"Feature","geometry":{"type":"Polygon","coordinates":[[[-122.295233,37.861924],[-122.295111,37.861946],[-122.29521,37.862241],[-122.295256,37.862226],[-122.29528,37.86225],[-122.295324,37.862249],[-122.295233,37.861924]]]},"properties":{"id":"w505941163","b":"commercial","lv":null,"n":null}},
{"type":"Feature","geometry":{"type":"Polygon","coordinates":[[[-122.295179,37.862245],[-122.295151,37.862158],[-122.29492,37.862202],[-122.294953,37.862289],[-122.295179,37.862245]]]},"properties":{"id":"w505941164","b":"commercial","lv":null,"n":null}},
{"type":"Feature","geometry":{"type":"Polygon","coordinates":[[[-122.297065,37.862851],[-122.296935,37.862437],[-122.296558,37.862511],[-122.296683,37.862911],[-122.297065,37.862851]]]},"properties":{"id":"w505941165","b":"industrial","lv":"1","n":"Clearwater Innovation Center"}},
{"type":"Feature","geometry":{"type":"Polygon","coordinates":[[[-122.297781,37.861421],[-122.297611,37.861455],[-122.297698,37.861721],[-122.297868,37.861686],[-122.297781,37.861421]]]},"properties":{"id":"w505941166","b":"industrial","lv":null,"n":null}},
{"type":"Feature","geometry":{"type":"Polygon","coordinates":[[[-122.297901,37.861746],[-122.297951,37.861902],[-122.297682,37.861956],[-122.297646,37.861987],[-122.297696,37.862142],[-122.297592,37.862163],[-122.297549,37.862028],[-122.297506,37.861894],[-122.297485,37.86183],[-122.297901,37.861746]]]},"properties":{"id":"w505941167","b":"industrial","lv":null,"n":null}},
{"type":"Feature","geometry":{"type":"Polygon","coordinates":[[[-122.297544,37.862029],[-122.297587,37.862164],[-122.297169,37.862248],[-122.297125,37.862112],[-122.297164,37.862104],[-122.297229,37.862091],[-122.297361,37.862065],[-122.297419,37.862053],[-122.297544,37.862029]]]},"properties":{"id":"w505941169","b":"commercial","lv":null,"n":null}},
{"type":"Feature","geometry":{"type":"Polygon","coordinates":[[[-122.298008,37.862079],[-122.297696,37.862142],[-122.297592,37.862163],[-122.297587,37.862164],[-122.297169,37.862248],[-122.297212,37.86238],[-122.297297,37.862363],[-122.297567,37.862308],[-122.297605,37.862423],[-122.29772,37.8624],[-122.297909,37.862362],[-122.298088,37.862326],[-122.298008,37.862079]]]},"properties":{"id":"w505941170","b":"commercial","lv":null,"n":null}},
{"type":"Feature","geometry":{"type":"Polygon","coordinates":[[[-122.298088,37.862326],[-122.298147,37.862511],[-122.297953,37.86255],[-122.297923,37.862454],[-122.297938,37.862451],[-122.297909,37.862362],[-122.298088,37.862326]]]},"properties":{"id":"w505941171","b":"commercial","lv":null,"n":null}},
{"type":"Feature","geometry":{"type":"Polygon","coordinates":[[[-122.297605,37.862423],[-122.297646,37.862555],[-122.297376,37.862608],[-122.297297,37.862363],[-122.297567,37.862308],[-122.297605,37.862423]]]},"properties":{"id":"w505941172","b":"industrial","lv":null,"n":null}},
{"type":"Feature","geometry":{"type":"Polygon","coordinates":[[[-122.297376,37.862608],[-122.29729,37.862625],[-122.297212,37.86238],[-122.297297,37.862363],[-122.297376,37.862608]]]},"properties":{"id":"w505941173","b":"industrial","lv":null,"n":null}},
{"type":"Feature","geometry":{"type":"Polygon","coordinates":[[[-122.298202,37.862676],[-122.298306,37.863007],[-122.29811,37.863046],[-122.298065,37.862904],[-122.298004,37.862708],[-122.298202,37.862676]]]},"properties":{"id":"w505941174","b":"industrial","lv":null,"n":null}},
{"type":"Feature","geometry":{"type":"Polygon","coordinates":[[[-122.29756,37.862789],[-122.297624,37.862989],[-122.297671,37.863136],[-122.297466,37.863177],[-122.297355,37.86283],[-122.29756,37.862789]]]},"properties":{"id":"w505941176","b":"industrial","lv":null,"n":null}},
{"type":"Feature","geometry":{"type":"Polygon","coordinates":[[[-122.29852,37.862124],[-122.298414,37.86179],[-122.298151,37.861842],[-122.298257,37.862176],[-122.29852,37.862124]]]},"properties":{"id":"w505941177","b":"commercial","lv":null,"n":null}},
{"type":"Feature","geometry":{"type":"Polygon","coordinates":[[[-122.298959,37.862282],[-122.298317,37.86238],[-122.298406,37.862647],[-122.298738,37.862592],[-122.299046,37.862548],[-122.298959,37.862282]]]},"properties":{"id":"w505941179","b":"industrial","lv":"2","n":null}},
{"type":"Feature","geometry":{"type":"Polygon","coordinates":[[[-122.29914,37.862842],[-122.299046,37.862548],[-122.298738,37.862592],[-122.298834,37.862905],[-122.29914,37.862842]]]},"properties":{"id":"w505941180","b":"industrial","lv":null,"n":null}},
{"type":"Feature","geometry":{"type":"Polygon","coordinates":[[[-122.298516,37.862962],[-122.298534,37.862964],[-122.298834,37.862905],[-122.298738,37.862592],[-122.298406,37.862647],[-122.298502,37.862951],[-122.298516,37.862962]]]},"properties":{"id":"w505941181","b":"industrial","lv":null,"n":null}},
{"type":"Feature","geometry":{"type":"Polygon","coordinates":[[[-122.300012,37.862292],[-122.29984,37.862327],[-122.299873,37.862431],[-122.299801,37.862445],[-122.299786,37.8624],[-122.299589,37.862439],[-122.299668,37.86268],[-122.300103,37.862592],[-122.300093,37.862561],[-122.300128,37.862554],[-122.300098,37.862463],[-122.300076,37.862467],[-122.300064,37.86243],[-122.300086,37.862426],[-122.300049,37.862311],[-122.30002,37.862317],[-122.300012,37.862292]]]},"properties":{"id":"w505941451","b":"commercial","lv":null,"n":null}},
{"type":"Feature","geometry":{"type":"Polygon","coordinates":[[[-122.298356,37.863167],[-122.298442,37.863432],[-122.298379,37.863445],[-122.298162,37.863489],[-122.297604,37.863602],[-122.297518,37.863337],[-122.298356,37.863167]]]},"properties":{"id":"w505941453","b":"commercial","lv":null,"n":"The Lab - Building 3"}},
{"type":"Feature","geometry":{"type":"Polygon","coordinates":[[[-122.298379,37.863445],[-122.298424,37.863581],[-122.298207,37.863625],[-122.298162,37.863489],[-122.298379,37.863445]]]},"properties":{"id":"w505941454","b":"roof","lv":null,"n":"Shade Lounge"}},
{"type":"Feature","geometry":{"type":"Polygon","coordinates":[[[-122.298424,37.863581],[-122.298481,37.863755],[-122.298121,37.863828],[-122.298109,37.86379],[-122.298064,37.863654],[-122.298207,37.863625],[-122.298424,37.863581]]]},"properties":{"id":"w505941455","b":"commercial","lv":null,"n":"The Lab - Building 2"}},
{"type":"Feature","geometry":{"type":"Polygon","coordinates":[[[-122.298769,37.864439],[-122.29835,37.864522],[-122.298372,37.86459],[-122.298455,37.864573],[-122.298534,37.864823],[-122.298539,37.864839],[-122.298875,37.864773],[-122.298769,37.864439]]]},"properties":{"id":"w505941459","b":"warehouse","lv":null,"n":null}},
{"type":"Feature","geometry":{"type":"Polygon","coordinates":[[[-122.299713,37.863993],[-122.299887,37.864535],[-122.299706,37.864571],[-122.299641,37.864369],[-122.299532,37.864029],[-122.299713,37.863993]]]},"properties":{"id":"w505941465","b":"industrial","lv":null,"n":null}},
{"type":"Feature","geometry":{"type":"Polygon","coordinates":[[[-122.299302,37.864076],[-122.299423,37.864452],[-122.299008,37.864535],[-122.298888,37.864158],[-122.299302,37.864076]]]},"properties":{"id":"w505941468","b":"industrial","lv":null,"n":null}},
{"type":"Feature","geometry":{"type":"Polygon","coordinates":[[[-122.299423,37.864452],[-122.299486,37.86465],[-122.299071,37.864733],[-122.299008,37.864535],[-122.299423,37.864452]]]},"properties":{"id":"w505941469","b":"industrial","lv":null,"n":null}},
{"type":"Feature","geometry":{"type":"Polygon","coordinates":[[[-122.289106,37.860189],[-122.289081,37.86012],[-122.288704,37.86017],[-122.288674,37.860027],[-122.288568,37.860041],[-122.288569,37.860046],[-122.288577,37.860083],[-122.288613,37.860255],[-122.289106,37.860189]]]},"properties":{"id":"w505943352","b":"commercial","lv":null,"n":null}},
{"type":"Feature","geometry":{"type":"Polygon","coordinates":[[[-122.288995,37.859862],[-122.288958,37.859747],[-122.288746,37.859775],[-122.288748,37.859782],[-122.288508,37.859814],[-122.288506,37.859806],[-122.288383,37.859823],[-122.288388,37.859848],[-122.288407,37.859938],[-122.288463,37.859931],[-122.288568,37.859917],[-122.288995,37.859862]]]},"properties":{"id":"w505943353","b":"apartments","lv":"4","n":"Breland"}},
{"type":"Feature","geometry":{"type":"Polygon","coordinates":[[[-122.288995,37.859862],[-122.289027,37.859951],[-122.28859,37.86001],[-122.288568,37.859917],[-122.288995,37.859862]]]},"properties":{"id":"w505943354","b":"retail","lv":null,"n":null}},
{"type":"Feature","geometry":{"type":"Polygon","coordinates":[[[-122.290138,37.882081],[-122.29004,37.88211],[-122.289952,37.881925],[-122.290049,37.881896],[-122.290138,37.882081]]]},"properties":{"id":"w546497214","b":"yes","lv":null,"n":null}},
{"type":"Feature","geometry":{"type":"Polygon","coordinates":[[[-122.289977,37.882038],[-122.289933,37.882052],[-122.289902,37.881987],[-122.289945,37.881974],[-122.289977,37.882038]]]},"properties":{"id":"w546497215","b":"yes","lv":null,"n":null}},
{"type":"Feature","geometry":{"type":"Polygon","coordinates":[[[-122.290488,37.881843],[-122.29056,37.881656],[-122.290462,37.881632],[-122.290413,37.881758],[-122.29039,37.881819],[-122.290488,37.881843]]]},"properties":{"id":"w546497216","b":"retail","lv":"1","n":null}},
{"type":"Feature","geometry":{"type":"Polygon","coordinates":[[[-122.290413,37.881758],[-122.290391,37.881753],[-122.290377,37.881792],[-122.290276,37.881768],[-122.290291,37.881729],[-122.290268,37.881723],[-122.290317,37.881598],[-122.290462,37.881632],[-122.290413,37.881758]]]},"properties":{"id":"w546497217","b":"retail","lv":"2","n":null}},
{"type":"Feature","geometry":{"type":"Polygon","coordinates":[[[-122.290839,37.881414],[-122.290655,37.881452],[-122.290725,37.881266],[-122.290822,37.881276],[-122.290886,37.881291],[-122.290839,37.881414]]]},"properties":{"id":"w546497218","b":"retail","lv":null,"n":null}},
{"type":"Feature","geometry":{"type":"Polygon","coordinates":[[[-122.289649,37.882039],[-122.289634,37.88208],[-122.289619,37.882077],[-122.289611,37.882098],[-122.289442,37.882059],[-122.289458,37.882015],[-122.289436,37.88201],[-122.289443,37.881991],[-122.289649,37.882039]]]},"properties":{"id":"w546497229","b":"house","lv":null,"n":null}},
{"type":"Feature","geometry":{"type":"Polygon","coordinates":[[[-122.289669,37.882005],[-122.289569,37.881981],[-122.289605,37.881886],[-122.289706,37.88191],[-122.289669,37.882005]]]},"properties":{"id":"w546497230","b":"house","lv":null,"n":null}},
{"type":"Feature","geometry":{"type":"Polygon","coordinates":[[[-122.281827,37.870971],[-122.281047,37.871063],[-122.281044,37.871049],[-122.280981,37.871055],[-122.280966,37.870961],[-122.280995,37.870958],[-122.280952,37.870691],[-122.281426,37.870628],[-122.281446,37.870885],[-122.281477,37.870882],[-122.28148,37.8709],[-122.28181,37.870867],[-122.281827,37.870971]]]},"properties":{"id":"w581409739","b":"mixed_use","lv":"4","n":"Helios Corner"}},
{"type":"Feature","geometry":{"type":"Polygon","coordinates":[[[-122.300772,37.881529],[-122.3009,37.88193],[-122.30087,37.881936],[-122.300907,37.88205],[-122.300797,37.882072],[-122.300772,37.881994],[-122.300326,37.882083],[-122.300208,37.881715],[-122.300321,37.881692],[-122.300308,37.881651],[-122.300374,37.881638],[-122.300365,37.88161],[-122.300772,37.881529]]]},"properties":{"id":"w586040857","b":"yes","lv":null,"n":"USPS Detatched Delivery Unit"}},
{"type":"Feature","geometry":{"type":"Polygon","coordinates":[[[-122.284813,37.878797],[-122.284772,37.8784],[-122.285078,37.87838],[-122.285119,37.878777],[-122.284854,37.878794],[-122.284887,37.878841],[-122.284897,37.878836],[-122.284878,37.878811],[-122.285109,37.878796],[-122.285126,37.878958],[-122.284993,37.878966],[-122.284976,37.878943],[-122.284498,37.879155],[-122.284459,37.8791],[-122.284408,37.879123],[-122.284426,37.879148],[-122.284447,37.879178],[-122.283927,37.879408],[-122.28374,37.879145],[-122.283842,37.8791],[-122.283832,37.879086],[-122.283896,37.879058],[-122.283959,37.879147],[-122.283953,37.87915],[-122.284009,37.879229],[-122.284317,37.879093],[-122.284298,37.879066],[-122.28446,37.878994],[-122.284479,37.879021],[-122.28485,37.878857],[-122.284817,37.87881],[-122.284813,37.878797]]]},"properties":{"id":"w621966767","b":"school","lv":null,"n":null}},
{"type":"Feature","geometry":{"type":"Polygon","coordinates":[[[-122.283311,37.880231],[-122.283257,37.880168],[-122.283387,37.880098],[-122.283441,37.880162],[-122.283311,37.880231]]]},"properties":{"id":"w621966779","b":"house","lv":null,"n":null}},
{"type":"Feature","geometry":{"type":"Polygon","coordinates":[[[-122.283281,37.880121],[-122.283233,37.880066],[-122.283257,37.880053],[-122.283236,37.880028],[-122.283347,37.879969],[-122.283416,37.880049],[-122.283281,37.880121]]]},"properties":{"id":"w621966786","b":"house","lv":null,"n":null}},
{"type":"Feature","geometry":{"type":"Polygon","coordinates":[[[-122.28342,37.880365],[-122.283424,37.88037],[-122.283324,37.880423],[-122.283279,37.88037],[-122.283379,37.880317],[-122.283414,37.880298],[-122.283455,37.880346],[-122.28342,37.880365]]]},"properties":{"id":"w621966787","b":"house","lv":null,"n":null}},
{"type":"Feature","geometry":{"type":"Polygon","coordinates":[[[-122.283322,37.880334],[-122.28329,37.880351],[-122.283269,37.880328],[-122.283292,37.880316],[-122.28327,37.880289],[-122.283424,37.880207],[-122.283456,37.880245],[-122.283467,37.880257],[-122.283322,37.880334]]]},"properties":{"id":"w621966788","b":"house","lv":null,"n":null}},
{"type":"Feature","geometry":{"type":"Polygon","coordinates":[[[-122.28936,37.877253],[-122.289396,37.87755],[-122.289289,37.877558],[-122.28926,37.877322],[-122.289036,37.87727],[-122.289055,37.877218],[-122.289015,37.877208],[-122.289027,37.877175],[-122.28936,37.877253]]]},"properties":{"id":"w621966789","b":"apartments","lv":null,"n":null}},
{"type":"Feature","geometry":{"type":"Polygon","coordinates":[[[-122.283377,37.879579],[-122.283403,37.879614],[-122.283379,37.879624],[-122.283412,37.87967],[-122.283314,37.879714],[-122.283249,37.879623],[-122.283347,37.879579],[-122.283354,37.879589],[-122.283377,37.879579]]]},"properties":{"id":"w621966790","b":"yes","lv":null,"n":null}},
{"type":"Feature","geometry":{"type":"Polygon","coordinates":[[[-122.288829,37.877439],[-122.28887,37.877428],[-122.289015,37.877752],[-122.288911,37.877781],[-122.288632,37.877157],[-122.288736,37.877128],[-122.288858,37.877401],[-122.288817,37.877412],[-122.288829,37.877439]]]},"properties":{"id":"w621966791","b":"apartments","lv":null,"n":null}},
{"type":"Feature","geometry":{"type":"Polygon","coordinates":[[[-122.298677,37.866978],[-122.298871,37.867573],[-122.299732,37.867398],[-122.299649,37.867146],[-122.299626,37.867151],[-122.299612,37.86711],[-122.299599,37.867069],[-122.299623,37.867065],[-122.299536,37.866804],[-122.298677,37.866978]]]},"properties":{"id":"w667821462","b":"yes","lv":"5","n":"The Aquatic Fourth Street"}},
{"type":"Feature","geometry":{"type":"Polygon","coordinates":[[[-122.298611,37.867627],[-122.298613,37.867634],[-122.298566,37.867643],[-122.298564,37.867637],[-122.298527,37.867644],[-122.298531,37.867655],[-122.298484,37.867664],[-122.29848,37.867654],[-122.298445,37.867661],[-122.298451,37.867679],[-122.298345,37.8677],[-122.298307,37.867581],[-122.298343,37.867574],[-122.298339,37.86756],[-122.298391,37.86755],[-122.298395,37.867563],[-122.298422,37.867558],[-122.29829,37.867145],[-122.298529,37.867098],[-122.298694,37.86761],[-122.298611,37.867627]]]},"properties":{"id":"w667821463","b":"mixed_use","lv":"5","n":"The Aquatic Fourth Street"}},
{"type":"Feature","geometry":{"type":"Polygon","coordinates":[[[-122.28649,37.85208],[-122.286069,37.852165],[-122.285969,37.851858],[-122.285884,37.851876],[-122.285806,37.851639],[-122.285827,37.851634],[-122.28582,37.851611],[-122.285799,37.851615],[-122.28578,37.851557],[-122.286286,37.851454],[-122.286377,37.851732],[-122.28632,37.851744],[-122.286342,37.851813],[-122.286399,37.851801],[-122.28649,37.85208]]]},"properties":{"id":"w669469197","b":"mixed_use","lv":"6","n":"Higby"}},
{"type":"Feature","geometry":{"type":"Polygon","coordinates":[[[-122.297842,37.867638],[-122.298297,37.867548],[-122.298307,37.867581],[-122.298345,37.8677],[-122.29829,37.867711],[-122.298291,37.867715],[-122.298178,37.867737],[-122.29818,37.867742],[-122.298098,37.867759],[-122.2981,37.867763],[-122.298016,37.86778],[-122.298018,37.867785],[-122.29778,37.867832],[-122.297712,37.867618],[-122.297807,37.867599],[-122.297819,37.867636],[-122.29784,37.867632],[-122.297842,37.867638]]]},"properties":{"id":"w677593544","b":"mixed_use","lv":"5","n":"The Aquatic Fourth Street"}},
{"type":"Feature","geometry":{"type":"Polygon","coordinates":[[[-122.281867,37.871263],[-122.281594,37.871298],[-122.281592,37.871291],[-122.281565,37.871161],[-122.281833,37.871126],[-122.281838,37.871125],[-122.281867,37.871263]]]},"properties":{"id":"w677593569","b":"commercial","lv":"1","n":"Berkeley Chinese Baptist Church"}},
{"type":"Feature","geometry":{"type":"Polygon","coordinates":[[[-122.283456,37.868656],[-122.283496,37.868651],[-122.283486,37.868601],[-122.283926,37.868545],[-122.28395,37.868664],[-122.283941,37.868665],[-122.283945,37.868688],[-122.283799,37.868707],[-122.283802,37.868724],[-122.283532,37.868759],[-122.283523,37.868718],[-122.28351,37.86872],[-122.283501,37.868673],[-122.283461,37.868678],[-122.283467,37.868706],[-122.283388,37.868759],[-122.283294,37.868728],[-122.283277,37.868647],[-122.283355,37.868598],[-122.28345,37.868625],[-122.283456,37.868656]]]},"properties":{"id":"w677593572","b":"church","lv":null,"n":"Berkeley Chinese Community Church"}},
{"type":"Feature","geometry":{"type":"Polygon","coordinates":[[[-122.295059,37.87891],[-122.295119,37.879103],[-122.295047,37.879116],[-122.294987,37.878924],[-122.295059,37.87891]]]},"properties":{"id":"w677593581","b":"roof","lv":null,"n":null}},
{"type":"Feature","geometry":{"type":"Polygon","coordinates":[[[-122.29495,37.879162],[-122.294869,37.879177],[-122.294827,37.879037],[-122.294861,37.87903],[-122.294881,37.879098],[-122.294928,37.879089],[-122.29495,37.879162]]]},"properties":{"id":"w677593582","b":"retail","lv":null,"n":"Food Mart"}},
{"type":"Feature","geometry":{"type":"Polygon","coordinates":[[[-122.292953,37.862022],[-122.292938,37.861979],[-122.293048,37.861957],[-122.29307,37.862021],[-122.293032,37.862029],[-122.293043,37.862062],[-122.293059,37.862059],[-122.29307,37.86209],[-122.293054,37.862093],[-122.293055,37.862096],[-122.292976,37.862112],[-122.292947,37.862023],[-122.292953,37.862022]]]},"properties":{"id":"w678597112","b":"church","lv":null,"n":"Grace Baptist Church"}},
{"type":"Feature","geometry":{"type":"Polygon","coordinates":[[[-122.302888,37.874308],[-122.302791,37.87401],[-122.302927,37.873982],[-122.303116,37.874559],[-122.302945,37.874594],[-122.302854,37.874315],[-122.302888,37.874308]]]},"properties":{"id":"w704263806","b":"industrial","lv":null,"n":null}},
{"type":"Feature","geometry":{"type":"Polygon","coordinates":[[[-122.301847,37.874153],[-122.30186,37.874194],[-122.301699,37.874225],[-122.301679,37.874161],[-122.301723,37.874153],[-122.301719,37.874141],[-122.301843,37.874116],[-122.301855,37.874152],[-122.301847,37.874153]]]},"properties":{"id":"w704263808","b":"house","lv":null,"n":null}},
{"type":"Feature","geometry":{"type":"Polygon","coordinates":[[[-122.302285,37.873948],[-122.302283,37.873941],[-122.302249,37.873833],[-122.302238,37.873835],[-122.302188,37.873674],[-122.302332,37.873646],[-122.302382,37.873807],[-122.302356,37.873812],[-122.302359,37.873822],[-122.302338,37.873827],[-122.302368,37.873925],[-122.302349,37.873929],[-122.302375,37.874012],[-122.302234,37.87404],[-122.302228,37.87402],[-122.302215,37.874023],[-122.302219,37.874038],[-122.302158,37.87405],[-122.302153,37.874035],[-122.302118,37.874042],[-122.302117,37.874038],[-122.30207,37.874047],[-122.302053,37.873993],[-122.302285,37.873948]]]},"properties":{"id":"w704263809","b":"industrial","lv":null,"n":"O C Jones Paving Contractor"}},
{"type":"Feature","geometry":{"type":"Polygon","coordinates":[[[-122.303449,37.874489],[-122.303423,37.874409],[-122.303394,37.874319],[-122.303389,37.87432],[-122.303372,37.874268],[-122.303377,37.874267],[-122.303361,37.87422],[-122.303448,37.874203],[-122.303463,37.87425],[-122.30348,37.874302],[-122.303484,37.874301],[-122.303513,37.87439],[-122.304176,37.874256],[-122.304134,37.874123],[-122.304274,37.874096],[-122.30434,37.87431],[-122.303449,37.874489]]]},"properties":{"id":"w704263814","b":"yes","lv":null,"n":null}},
{"type":"Feature","geometry":{"type":"Polygon","coordinates":[[[-122.303292,37.873447],[-122.303375,37.873716],[-122.303375,37.873716],[-122.303385,37.873748],[-122.303228,37.873778],[-122.303218,37.873747],[-122.303212,37.873748],[-122.303128,37.873479],[-122.303292,37.873447]]]},"properties":{"id":"w704263815","b":"industrial","lv":null,"n":"Tinkering Monkey"}},
{"type":"Feature","geometry":{"type":"Polygon","coordinates":[[[-122.304076,37.873944],[-122.304104,37.874033],[-122.304055,37.874043],[-122.304057,37.87405],[-122.303913,37.874077],[-122.30371,37.874117],[-122.303637,37.873883],[-122.303646,37.873881],[-122.303624,37.87381],[-122.303667,37.873802],[-122.303756,37.873785],[-122.303778,37.873856],[-122.303689,37.873873],[-122.303697,37.873896],[-122.303847,37.873867],[-122.303883,37.873981],[-122.304076,37.873944]]]},"properties":{"id":"w704263816","b":"industrial","lv":null,"n":null}},
{"type":"Feature","geometry":{"type":"Polygon","coordinates":[[[-122.303732,37.873591],[-122.30382,37.873574],[-122.303843,37.87365],[-122.303711,37.873675],[-122.303694,37.873619],[-122.303565,37.873644],[-122.3035,37.873435],[-122.303582,37.873406],[-122.303673,37.873401],[-122.303732,37.873591]]]},"properties":{"id":"w704263817","b":"industrial","lv":null,"n":null}},
{"type":"Feature","geometry":{"type":"Polygon","coordinates":[[[-122.304065,37.87388],[-122.304193,37.873855],[-122.304244,37.874016],[-122.304115,37.874041],[-122.304065,37.87388]]]},"properties":{"id":"w704263818","b":"industrial","lv":null,"n":null}},
{"type":"Feature","geometry":{"type":"Polygon","coordinates":[[[-122.303472,37.873412],[-122.303557,37.873682],[-122.303419,37.873709],[-122.303335,37.873438],[-122.303472,37.873412]]]},"properties":{"id":"w704263821","b":"industrial","lv":null,"n":"A1 Sun"}},
{"type":"Feature","geometry":{"type":"Polygon","coordinates":[[[-122.303813,37.873342],[-122.304018,37.873302],[-122.304143,37.873703],[-122.303938,37.873743],[-122.303813,37.873342]]]},"properties":{"id":"w704263822","b":"industrial","lv":null,"n":null}},
{"type":"Feature","geometry":{"type":"Polygon","coordinates":[[[-122.304951,37.872857],[-122.304973,37.872923],[-122.30427,37.873066],[-122.30419,37.873082],[-122.304168,37.873016],[-122.303929,37.872279],[-122.304009,37.872263],[-122.304249,37.873],[-122.304951,37.872857]]]},"properties":{"id":"w704263825","b":"warehouse","lv":null,"n":null}},
{"type":"Feature","geometry":{"type":"Polygon","coordinates":[[[-122.304808,37.872097],[-122.304886,37.872083],[-122.305076,37.872768],[-122.304998,37.872781],[-122.304808,37.872097]]]},"properties":{"id":"w704263830","b":"warehouse","lv":null,"n":null}},
{"type":"Feature","geometry":{"type":"Polygon","coordinates":[[[-122.305324,37.874114],[-122.305209,37.874138],[-122.305172,37.874026],[-122.305286,37.874002],[-122.305273,37.873963],[-122.305399,37.873936],[-122.305449,37.874088],[-122.305324,37.874114]]]},"properties":{"id":"w704263832","b":"office","lv":null,"n":null}},
{"type":"Feature","geometry":{"type":"Polygon","coordinates":[[[-122.304456,37.874004],[-122.304657,37.873963],[-122.304961,37.873899],[-122.305049,37.874163],[-122.304545,37.874269],[-122.304456,37.874004]]]},"properties":{"id":"w704263833","b":"industrial","lv":null,"n":null}},
{"type":"Feature","geometry":{"type":"Polygon","coordinates":[[[-122.304307,37.87356],[-122.30431,37.873559],[-122.30421,37.873257],[-122.304543,37.873188],[-122.304546,37.873195],[-122.304883,37.873124],[-122.30492,37.873234],[-122.304447,37.873332],[-122.304509,37.873518],[-122.304641,37.873914],[-122.305176,37.873802],[-122.305051,37.87343],[-122.305083,37.873423],[-122.305003,37.873185],[-122.305169,37.87315],[-122.305249,37.873388],[-122.305352,37.873762],[-122.305367,37.873815],[-122.305192,37.873851],[-122.304961,37.873899],[-122.304657,37.873963],[-122.304456,37.874004],[-122.304307,37.87356]]]},"properties":{"id":"w704263834","b":"warehouse","lv":null,"n":null}},
{"type":"Feature","geometry":{"type":"Polygon","coordinates":[[[-122.280633,37.871072],[-122.280457,37.871094],[-122.280443,37.870978],[-122.280463,37.870976],[-122.280435,37.870748],[-122.280591,37.870728],[-122.280633,37.871072]]]},"properties":{"id":"w708391475","b":"mixed_use","lv":"2","n":null}},
{"type":"Feature","geometry":{"type":"Polygon","coordinates":[[[-122.280931,37.870685],[-122.280973,37.871029],[-122.280803,37.87105],[-122.280761,37.870707],[-122.280931,37.870685]]]},"properties":{"id":"w708391476","b":"retail","lv":"1","n":null}},
{"type":"Feature","geometry":{"type":"Polygon","coordinates":[[[-122.280761,37.870707],[-122.280803,37.87105],[-122.280633,37.871072],[-122.280591,37.870728],[-122.280761,37.870707]]]},"properties":{"id":"w708391477","b":"retail","lv":"1","n":null}},
{"type":"Feature","geometry":{"type":"Polygon","coordinates":[[[-122.280094,37.871078],[-122.280114,37.871076],[-122.28012,37.871131],[-122.279948,37.871153],[-122.279944,37.871122],[-122.279909,37.870815],[-122.280083,37.870793],[-122.280094,37.870886],[-122.280073,37.870888],[-122.280094,37.871078]]]},"properties":{"id":"w708391478","b":"mixed_use","lv":"3","n":null}},
{"type":"Feature","geometry":{"type":"Polygon","coordinates":[[[-122.293291,37.880399],[-122.293283,37.880373],[-122.293306,37.880369],[-122.2933,37.880348],[-122.29327,37.880354],[-122.293257,37.880314],[-122.293141,37.880337],[-122.293169,37.880423],[-122.293291,37.880399]]]},"properties":{"id":"w722551775","b":"house","lv":"1","n":null}},
{"type":"Feature","geometry":{"type":"Polygon","coordinates":[[[-122.293339,37.880474],[-122.293319,37.880418],[-122.293265,37.880429],[-122.293268,37.880439],[-122.29322,37.880449],[-122.293217,37.88044],[-122.29317,37.88045],[-122.293166,37.88044],[-122.293143,37.880445],[-122.293158,37.880489],[-122.293174,37.880485],[-122.293181,37.880507],[-122.293339,37.880474]]]},"properties":{"id":"w722551776","b":"house","lv":"1","n":null}},
{"type":"Feature","geometry":{"type":"Polygon","coordinates":[[[-122.29067,37.881718],[-122.290672,37.881713],[-122.29068,37.881715],[-122.290689,37.881695],[-122.290683,37.881693],[-122.290685,37.881687],[-122.290651,37.881678],[-122.290648,37.881685],[-122.290643,37.881683],[-122.290636,37.881702],[-122.29064,37.881703],[-122.290637,37.88171],[-122.29067,37.881718]]]},"properties":{"id":"w722551777","b":"shed","lv":null,"n":null}},
{"type":"Feature","geometry":{"type":"Polygon","coordinates":[[[-122.29324,37.880268],[-122.293234,37.880252],[-122.293258,37.880247],[-122.293228,37.880158],[-122.293091,37.880187],[-122.293121,37.880274],[-122.293162,37.880266],[-122.293168,37.880283],[-122.29324,37.880268]]]},"properties":{"id":"w722554180","b":"house","lv":null,"n":null}},
{"type":"Feature","geometry":{"type":"Polygon","coordinates":[[[-122.279965,37.8744],[-122.279976,37.874526],[-122.280073,37.874521],[-122.280061,37.874394],[-122.279965,37.8744]]]},"properties":{"id":"w722774460","b":"detached","lv":"1","n":null}},
{"type":"Feature","geometry":{"type":"Polygon","coordinates":[[[-122.280505,37.874374],[-122.280336,37.874386],[-122.280347,37.874486],[-122.280516,37.874474],[-122.280505,37.874374]]]},"properties":{"id":"w722774462","b":"yes","lv":null,"n":null}},
{"type":"Feature","geometry":{"type":"Polygon","coordinates":[[[-122.280114,37.874711],[-122.280097,37.874637],[-122.2799,37.874665],[-122.279917,37.874739],[-122.280114,37.874711]]]},"properties":{"id":"w722774463","b":"yes","lv":null,"n":null}},
{"type":"Feature","geometry":{"type":"Polygon","coordinates":[[[-122.280346,37.874512],[-122.280355,37.874581],[-122.280514,37.874568],[-122.280505,37.874499],[-122.280346,37.874512]]]},"properties":{"id":"w725199034","b":"yes","lv":null,"n":null}},
{"type":"Feature","geometry":{"type":"Polygon","coordinates":[[[-122.280514,37.874597],[-122.28036,37.874609],[-122.280369,37.874677],[-122.280522,37.874665],[-122.280514,37.874597]]]},"properties":{"id":"w725199035","b":"yes","lv":null,"n":null}},
{"type":"Feature","geometry":{"type":"Polygon","coordinates":[[[-122.280394,37.874698],[-122.280409,37.874769],[-122.280643,37.874737],[-122.280628,37.874666],[-122.280394,37.874698]]]},"properties":{"id":"w725199036","b":"yes","lv":null,"n":null}},
{"type":"Feature","geometry":{"type":"Polygon","coordinates":[[[-122.280612,37.8743],[-122.280615,37.874433],[-122.280705,37.874431],[-122.280701,37.874298],[-122.280612,37.8743]]]},"properties":{"id":"w725199037","b":"yes","lv":null,"n":null}},
{"type":"Feature","geometry":{"type":"Polygon","coordinates":[[[-122.280812,37.874282],[-122.280723,37.874288],[-122.280737,37.874422],[-122.280826,37.874416],[-122.280812,37.874282]]]},"properties":{"id":"w725199038","b":"yes","lv":null,"n":null}},
{"type":"Feature","geometry":{"type":"Polygon","coordinates":[[[-122.280935,37.874432],[-122.280935,37.874271],[-122.280844,37.874271],[-122.280844,37.874432],[-122.280935,37.874432]]]},"properties":{"id":"w725199039","b":"yes","lv":null,"n":null}},
{"type":"Feature","geometry":{"type":"Polygon","coordinates":[[[-122.280024,37.874887],[-122.28004,37.875068],[-122.280147,37.875063],[-122.280131,37.874881],[-122.280024,37.874887]]]},"properties":{"id":"w725199040","b":"yes","lv":null,"n":null}},
{"type":"Feature","geometry":{"type":"Polygon","coordinates":[[[-122.279904,37.874953],[-122.279921,37.875085],[-122.280033,37.875075],[-122.280015,37.874943],[-122.279904,37.874953]]]},"properties":{"id":"w725199041","b":"yes","lv":null,"n":null}},
{"type":"Feature","geometry":{"type":"Polygon","coordinates":[[[-122.280074,37.874743],[-122.2799,37.874756],[-122.27991,37.874843],[-122.280085,37.87483],[-122.280074,37.874743]]]},"properties":{"id":"w725199052","b":"yes","lv":null,"n":null}},
{"type":"Feature","geometry":{"type":"Polygon","coordinates":[[[-122.280516,37.869745],[-122.280436,37.86975],[-122.280448,37.869873],[-122.280528,37.869868],[-122.280516,37.869745]]]},"properties":{"id":"w730885957","b":"residential","lv":"2","n":null}},
{"type":"Feature","geometry":{"type":"Polygon","coordinates":[[[-122.280645,37.869725],[-122.280543,37.86973],[-122.280555,37.869867],[-122.280656,37.869862],[-122.280645,37.869725]]]},"properties":{"id":"w730885958","b":"residential","lv":"3","n":null}},
{"type":"Feature","geometry":{"type":"Polygon","coordinates":[[[-122.288267,37.879224],[-122.288038,37.87917],[-122.288064,37.87909],[-122.288247,37.879136],[-122.288239,37.879157],[-122.288289,37.879169],[-122.288267,37.879224]]]},"properties":{"id":"w760447712","b":"yes","lv":null,"n":null}},
{"type":"Feature","geometry":{"type":"Polygon","coordinates":[[[-122.288269,37.879121],[-122.288296,37.879046],[-122.288129,37.879006],[-122.2881,37.879081],[-122.288269,37.879121]]]},"properties":{"id":"w760447713","b":"yes","lv":null,"n":null}},
{"type":"Feature","geometry":{"type":"Polygon","coordinates":[[[-122.28832,37.879041],[-122.288341,37.878964],[-122.28821,37.878934],[-122.288203,37.878958],[-122.288117,37.878939],[-122.2881,37.878978],[-122.288121,37.878987],[-122.28832,37.879041]]]},"properties":{"id":"w760447714","b":"yes","lv":null,"n":null}},
{"type":"Feature","geometry":{"type":"Polygon","coordinates":[[[-122.288496,37.878477],[-122.288404,37.878502],[-122.288367,37.878425],[-122.288406,37.878414],[-122.288403,37.878408],[-122.28846,37.878393],[-122.288496,37.878477]]]},"properties":{"id":"w760447715","b":"yes","lv":null,"n":"EcoHouse"}},
{"type":"Feature","geometry":{"type":"Polygon","coordinates":[[[-122.288417,37.878597],[-122.288307,37.878628],[-122.288259,37.878527],[-122.288291,37.878518],[-122.288285,37.878508],[-122.288299,37.878504],[-122.288278,37.87846],[-122.288294,37.878457],[-122.288298,37.878446],[-122.288318,37.878441],[-122.288333,37.878446],[-122.288347,37.878442],[-122.288417,37.878597]]]},"properties":{"id":"w760447716","b":"yes","lv":null,"n":null}},
{"type":"Feature","geometry":{"type":"Polygon","coordinates":[[[-122.288439,37.878652],[-122.28833,37.878681],[-122.288402,37.878834],[-122.28845,37.878821],[-122.288423,37.878766],[-122.288437,37.878762],[-122.288432,37.878748],[-122.288479,37.878734],[-122.288439,37.878652]]]},"properties":{"id":"w760447717","b":"yes","lv":null,"n":null}},
{"type":"Feature","geometry":{"type":"Polygon","coordinates":[[[-122.288212,37.878501],[-122.28819,37.878506],[-122.288193,37.878516],[-122.288141,37.87853],[-122.288277,37.878831],[-122.288353,37.87881],[-122.288212,37.878501]]]},"properties":{"id":"w760447718","b":"yes","lv":null,"n":null}},
{"type":"Feature","geometry":{"type":"Polygon","coordinates":[[[-122.288166,37.878669],[-122.288074,37.878694],[-122.288025,37.878582],[-122.288119,37.878557],[-122.288166,37.878669]]]},"properties":{"id":"w760447720","b":"yes","lv":null,"n":null}},
{"type":"Feature","geometry":{"type":"Polygon","coordinates":[[[-122.288058,37.878753],[-122.288027,37.878762],[-122.288017,37.87874],[-122.287978,37.878753],[-122.28792,37.87864],[-122.288016,37.878612],[-122.288064,37.878719],[-122.288046,37.878725],[-122.288058,37.878753]]]},"properties":{"id":"w760447722","b":"yes","lv":null,"n":null}},
{"type":"Feature","geometry":{"type":"Polygon","coordinates":[[[-122.288026,37.878877],[-122.287874,37.878957],[-122.287808,37.878878],[-122.287873,37.878842],[-122.287798,37.878692],[-122.287892,37.878663],[-122.287963,37.878798],[-122.288026,37.878877]]]},"properties":{"id":"w760447723","b":"yes","lv":null,"n":null}},
{"type":"Feature","geometry":{"type":"Polygon","coordinates":[[[-122.287711,37.878817],[-122.287736,37.878792],[-122.287681,37.878759],[-122.287655,37.878785],[-122.287711,37.878817]]]},"properties":{"id":"w760447724","b":"yes","lv":null,"n":null}},
{"type":"Feature","geometry":{"type":"Polygon","coordinates":[[[-122.287606,37.878921],[-122.287584,37.878943],[-122.287525,37.87891],[-122.287551,37.878886],[-122.287606,37.878921]]]},"properties":{"id":"w760447725","b":"yes","lv":null,"n":null}},
{"type":"Feature","geometry":{"type":"Polygon","coordinates":[[[-122.287699,37.878944],[-122.287769,37.878875],[-122.28764,37.878793],[-122.287573,37.878865],[-122.287699,37.878944]]]},"properties":{"id":"w760447726","b":"yes","lv":null,"n":null}},
{"type":"Feature","geometry":{"type":"Polygon","coordinates":[[[-122.287672,37.879082],[-122.28751,37.879045],[-122.28754,37.878969],[-122.2877,37.879007],[-122.287672,37.879082]]]},"properties":{"id":"w760447728","b":"yes","lv":null,"n":null}},
{"type":"Feature","geometry":{"type":"Polygon","coordinates":[[[-122.287698,37.879184],[-122.287723,37.879115],[-122.287548,37.879074],[-122.287545,37.879085],[-122.287488,37.879071],[-122.287462,37.879139],[-122.287553,37.87916],[-122.287557,37.879149],[-122.287698,37.879184]]]},"properties":{"id":"w760447729","b":"yes","lv":null,"n":null}},
{"type":"Feature","geometry":{"type":"Polygon","coordinates":[[[-122.287666,37.879268],[-122.287691,37.879199],[-122.287453,37.879143],[-122.287428,37.879199],[-122.287446,37.879203],[-122.28744,37.879215],[-122.287666,37.879268]]]},"properties":{"id":"w760447730","b":"yes","lv":null,"n":null}},
{"type":"Feature","geometry":{"type":"Polygon","coordinates":[[[-122.288788,37.879273],[-122.288809,37.87921],[-122.288666,37.87918],[-122.28867,37.879168],[-122.28862,37.879154],[-122.288592,37.879226],[-122.288788,37.879273]]]},"properties":{"id":"w760447732","b":"yes","lv":null,"n":null}},
{"type":"Feature","geometry":{"type":"Polygon","coordinates":[[[-122.288752,37.879158],[-122.2887,37.879144],[-122.288696,37.879149],[-122.288676,37.879145],[-122.28868,37.879139],[-122.288627,37.879126],[-122.28868,37.878993],[-122.288746,37.879005],[-122.288782,37.879087],[-122.288752,37.879158]]]},"properties":{"id":"w760447733","b":"apartments","lv":null,"n":null}},
{"type":"Feature","geometry":{"type":"Polygon","coordinates":[[[-122.288301,37.878134],[-122.288197,37.878162],[-122.288086,37.877931],[-122.288127,37.877918],[-122.288073,37.877802],[-122.288146,37.877782],[-122.288301,37.878134]]]},"properties":{"id":"w760449797","b":"apartments","lv":null,"n":null}},
{"type":"Feature","geometry":{"type":"Polygon","coordinates":[[[-122.288179,37.878205],[-122.288108,37.878223],[-122.288084,37.878172],[-122.288063,37.878177],[-122.288059,37.878164],[-122.288014,37.878177],[-122.28795,37.878031],[-122.288053,37.878],[-122.288115,37.878128],[-122.288141,37.878122],[-122.288179,37.878205]]]},"properties":{"id":"w760449799","b":"yes","lv":null,"n":null}},
{"type":"Feature","geometry":{"type":"Polygon","coordinates":[[[-122.288009,37.87749],[-122.287906,37.877521],[-122.287795,37.87729],[-122.287903,37.877257],[-122.288009,37.87749]]]},"properties":{"id":"w760449800","b":"apartments","lv":null,"n":null}},
{"type":"Feature","geometry":{"type":"Polygon","coordinates":[[[-122.287874,37.877539],[-122.287771,37.877307],[-122.287667,37.877338],[-122.287771,37.877571],[-122.287874,37.877539]]]},"properties":{"id":"w760449801","b":"apartments","lv":null,"n":null}},
{"type":"Feature","geometry":{"type":"Polygon","coordinates":[[[-122.2878,37.877687],[-122.287697,37.877716],[-122.287655,37.877633],[-122.287688,37.877623],[-122.287633,37.877507],[-122.287605,37.877516],[-122.287564,37.877432],[-122.287611,37.877418],[-122.287597,37.87738],[-122.287656,37.877363],[-122.2878,37.877687]]]},"properties":{"id":"w760449802","b":"apartments","lv":null,"n":null}},
{"type":"Feature","geometry":{"type":"Polygon","coordinates":[[[-122.287641,37.877744],[-122.287537,37.877772],[-122.287499,37.877689],[-122.287528,37.87768],[-122.287474,37.877562],[-122.287443,37.877571],[-122.287404,37.877486],[-122.287455,37.877476],[-122.28744,37.877438],[-122.287498,37.877424],[-122.287641,37.877744]]]},"properties":{"id":"w760449803","b":"apartments","lv":null,"n":null}},
{"type":"Feature","geometry":{"type":"Polygon","coordinates":[[[-122.287297,37.877537],[-122.287127,37.877598],[-122.287085,37.877529],[-122.287254,37.877466],[-122.287297,37.877537]]]},"properties":{"id":"w760449804","b":"yes","lv":null,"n":null}},
{"type":"Feature","geometry":{"type":"Polygon","coordinates":[[[-122.287354,37.877639],[-122.287186,37.8777],[-122.287155,37.877676],[-122.287133,37.877636],[-122.287189,37.877615],[-122.287184,37.877605],[-122.287269,37.877573],[-122.287286,37.877604],[-122.287293,37.877604],[-122.2873,37.877615],[-122.287333,37.877604],[-122.287354,37.877639]]]},"properties":{"id":"w760449805","b":"yes","lv":null,"n":null}},
{"type":"Feature","geometry":{"type":"Polygon","coordinates":[[[-122.287378,37.877728],[-122.287336,37.877659],[-122.28727,37.877684],[-122.287281,37.877704],[-122.287178,37.877742],[-122.287218,37.877808],[-122.287369,37.877754],[-122.287359,37.877736],[-122.287378,37.877728]]]},"properties":{"id":"w760449806","b":"yes","lv":null,"n":null}},
{"type":"Feature","geometry":{"type":"Polygon","coordinates":[[[-122.287398,37.877863],[-122.287258,37.877913],[-122.287228,37.877859],[-122.287244,37.877853],[-122.287228,37.877828],[-122.287348,37.877782],[-122.287398,37.877863]]]},"properties":{"id":"w760449807","b":"yes","lv":null,"n":null}},
{"type":"Feature","geometry":{"type":"Polygon","coordinates":[[[-122.287467,37.877959],[-122.287331,37.878008],[-122.287325,37.877994],[-122.287301,37.878002],[-122.287293,37.877984],[-122.287279,37.877989],[-122.287256,37.877946],[-122.287423,37.877885],[-122.287467,37.877959]]]},"properties":{"id":"w760449808","b":"yes","lv":null,"n":null}},
{"type":"Feature","geometry":{"type":"Polygon","coordinates":[[[-122.287537,37.87805],[-122.287336,37.878121],[-122.287302,37.87806],[-122.287319,37.878053],[-122.287311,37.878042],[-122.287421,37.878002],[-122.28743,37.878018],[-122.287506,37.877989],[-122.287537,37.87805]]]},"properties":{"id":"w760449809","b":"yes","lv":null,"n":null}},
{"type":"Feature","geometry":{"type":"Polygon","coordinates":[[[-122.287337,37.878164],[-122.287353,37.878186],[-122.287361,37.878183],[-122.28738,37.878216],[-122.287398,37.878209],[-122.287403,37.878218],[-122.287416,37.878221],[-122.287428,37.878216],[-122.287436,37.878206],[-122.287553,37.878165],[-122.287515,37.878096],[-122.287337,37.878164]]]},"properties":{"id":"w760449811","b":"yes","lv":null,"n":null}},
{"type":"Feature","geometry":{"type":"Polygon","coordinates":[[[-122.287551,37.878218],[-122.287537,37.878194],[-122.287372,37.878255],[-122.287407,37.878315],[-122.287425,37.878308],[-122.287431,37.878318],[-122.287532,37.878282],[-122.287536,37.878289],[-122.287581,37.878272],[-122.287567,37.878249],[-122.287581,37.878244],[-122.287563,37.878215],[-122.287551,37.878218]]]},"properties":{"id":"w760449813","b":"yes","lv":null,"n":null}},
{"type":"Feature","geometry":{"type":"Polygon","coordinates":[[[-122.287472,37.87858],[-122.287413,37.878426],[-122.28751,37.878401],[-122.287573,37.878569],[-122.287531,37.878579],[-122.287526,37.878566],[-122.287472,37.87858]]]},"properties":{"id":"w760449815","b":"yes","lv":null,"n":null}},
{"type":"Feature","geometry":{"type":"Polygon","coordinates":[[[-122.287658,37.878472],[-122.287565,37.878495],[-122.287509,37.878364],[-122.287607,37.878341],[-122.287658,37.878472]]]},"properties":{"id":"w760449816","b":"yes","lv":null,"n":null}},
{"type":"Feature","geometry":{"type":"Polygon","coordinates":[[[-122.287776,37.878426],[-122.287679,37.878455],[-122.287627,37.878347],[-122.28765,37.87834],[-122.287644,37.878324],[-122.287683,37.878312],[-122.287691,37.878327],[-122.287725,37.878318],[-122.287776,37.878426]]]},"properties":{"id":"w760449817","b":"yes","lv":null,"n":null}},
{"type":"Feature","geometry":{"type":"Polygon","coordinates":[[[-122.287852,37.878382],[-122.28778,37.878402],[-122.287741,37.878316],[-122.287764,37.878311],[-122.287715,37.878204],[-122.287757,37.878193],[-122.287744,37.87816],[-122.287735,37.878162],[-122.287722,37.878131],[-122.287761,37.878121],[-122.287764,37.878128],[-122.287802,37.878118],[-122.287884,37.878298],[-122.287837,37.878311],[-122.287844,37.878325],[-122.287829,37.87833],[-122.287852,37.878382]]]},"properties":{"id":"w760449818","b":"yes","lv":null,"n":null}},
{"type":"Feature","geometry":{"type":"Polygon","coordinates":[[[-122.287988,37.87831],[-122.287916,37.878329],[-122.287854,37.878191],[-122.287874,37.878185],[-122.287864,37.878164],[-122.287955,37.878139],[-122.287982,37.878192],[-122.288002,37.878187],[-122.288025,37.878236],[-122.287961,37.878254],[-122.287988,37.87831]]]},"properties":{"id":"w760449819","b":"yes","lv":null,"n":null}},
{"type":"Feature","geometry":{"type":"Polygon","coordinates":[[[-122.289542,37.877496],[-122.289442,37.877515],[-122.289396,37.877375],[-122.289501,37.877354],[-122.289542,37.877496]]]},"properties":{"id":"w760450831","b":"yes","lv":null,"n":null}},
{"type":"Feature","geometry":{"type":"Polygon","coordinates":[[[-122.289686,37.877408],[-122.28957,37.877432],[-122.289525,37.877294],[-122.289642,37.877271],[-122.289686,37.877408]]]},"properties":{"id":"w760450832","b":"yes","lv":null,"n":null}},
{"type":"Feature","geometry":{"type":"Polygon","coordinates":[[[-122.289862,37.877297],[-122.289802,37.87731],[-122.289805,37.877321],[-122.289725,37.877338],[-122.289694,37.877237],[-122.289771,37.87722],[-122.289766,37.877208],[-122.289828,37.877194],[-122.289862,37.877297]]]},"properties":{"id":"w760450835","b":"yes","lv":null,"n":null}},
{"type":"Feature","geometry":{"type":"Polygon","coordinates":[[[-122.290011,37.877229],[-122.289931,37.877244],[-122.289925,37.877231],[-122.289903,37.877236],[-122.289892,37.877203],[-122.289903,37.8772],[-122.289892,37.877167],[-122.289861,37.877174],[-122.289845,37.877131],[-122.28989,37.877122],[-122.289887,37.877111],[-122.289963,37.877096],[-122.290011,37.877229]]]},"properties":{"id":"w760450836","b":"yes","lv":null,"n":null}},
{"type":"Feature","geometry":{"type":"Polygon","coordinates":[[[-122.29007,37.877188],[-122.290027,37.877196],[-122.289977,37.877041],[-122.290085,37.87702],[-122.290099,37.877061],[-122.290091,37.877062],[-122.290123,37.877165],[-122.290067,37.877176],[-122.29007,37.877188]]]},"properties":{"id":"w760450837","b":"yes","lv":null,"n":null}},
{"type":"Feature","geometry":{"type":"Polygon","coordinates":[[[-122.290227,37.877123],[-122.290186,37.87713],[-122.29014,37.876993],[-122.290159,37.876989],[-122.290157,37.876983],[-122.290213,37.876971],[-122.290256,37.8771],[-122.290222,37.877107],[-122.290227,37.877123]]]},"properties":{"id":"w760450838","b":"yes","lv":null,"n":null}},
{"type":"Feature","geometry":{"type":"Polygon","coordinates":[[[-122.290306,37.87696],[-122.290229,37.876974],[-122.290269,37.8771],[-122.290305,37.877091],[-122.290301,37.877077],[-122.290334,37.877071],[-122.290306,37.87696]]]},"properties":{"id":"w760450840","b":"yes","lv":null,"n":null}},
{"type":"Feature","geometry":{"type":"Polygon","coordinates":[[[-122.289028,37.877137],[-122.288979,37.876998],[-122.289038,37.876986],[-122.289042,37.876995],[-122.289079,37.876986],[-122.289107,37.877067],[-122.289066,37.877077],[-122.289077,37.877109],[-122.289056,37.877113],[-122.289063,37.87713],[-122.289028,37.877137]]]},"properties":{"id":"w760450841","b":"yes","lv":null,"n":null}},
{"type":"Feature","geometry":{"type":"Polygon","coordinates":[[[-122.289265,37.876961],[-122.289235,37.876967],[-122.289233,37.876959],[-122.289137,37.876975],[-122.289188,37.877136],[-122.289302,37.877114],[-122.289276,37.877029],[-122.289285,37.877028],[-122.289265,37.876961]]]},"properties":{"id":"w760450842","b":"yes","lv":null,"n":null}},
{"type":"Feature","geometry":{"type":"Polygon","coordinates":[[[-122.289424,37.877044],[-122.28931,37.877066],[-122.289296,37.877026],[-122.289285,37.877028],[-122.289265,37.876961],[-122.289299,37.876955],[-122.289297,37.87695],[-122.289388,37.876932],[-122.289424,37.877044]]]},"properties":{"id":"w760450843","b":"yes","lv":null,"n":null}},
{"type":"Feature","geometry":{"type":"Polygon","coordinates":[[[-122.28949,37.876928],[-122.289417,37.876943],[-122.289458,37.877073],[-122.289496,37.877065],[-122.289499,37.877073],[-122.289513,37.87707],[-122.289497,37.87702],[-122.28952,37.877015],[-122.28949,37.876928]]]},"properties":{"id":"w760450844","b":"yes","lv":null,"n":null}},
{"type":"Feature","geometry":{"type":"Polygon","coordinates":[[[-122.289614,37.877053],[-122.289577,37.87706],[-122.289531,37.876929],[-122.289606,37.876914],[-122.289634,37.877],[-122.289615,37.877004],[-122.289619,37.877015],[-122.289601,37.877019],[-122.289614,37.877053]]]},"properties":{"id":"w760450846","b":"yes","lv":null,"n":null}},
{"type":"Feature","geometry":{"type":"Polygon","coordinates":[[[-122.289751,37.876986],[-122.289675,37.877002],[-122.289646,37.876914],[-122.289668,37.876909],[-122.289663,37.876895],[-122.28969,37.87689],[-122.289697,37.876903],[-122.289721,37.876898],[-122.289751,37.876986]]]},"properties":{"id":"w760450848","b":"yes","lv":null,"n":null}},
{"type":"Feature","geometry":{"type":"Polygon","coordinates":[[[-122.289815,37.877028],[-122.289798,37.876974],[-122.289829,37.876969],[-122.28982,37.876937],[-122.289807,37.876939],[-122.289799,37.876905],[-122.28982,37.8769],[-122.289815,37.876885],[-122.289838,37.876882],[-122.289832,37.876865],[-122.289891,37.876852],[-122.289934,37.877005],[-122.289815,37.877028]]]},"properties":{"id":"w760450850","b":"yes","lv":null,"n":null}},
{"type":"Feature","geometry":{"type":"Polygon","coordinates":[[[-122.290126,37.876973],[-122.289967,37.877005],[-122.289937,37.876927],[-122.289956,37.876923],[-122.28994,37.87687],[-122.290063,37.876846],[-122.29008,37.876899],[-122.290099,37.876895],[-122.290126,37.876973]]]},"properties":{"id":"w760450851","b":"yes","lv":null,"n":null}},
{"type":"Feature","geometry":{"type":"Polygon","coordinates":[[[-122.290127,37.876943],[-122.290194,37.876931],[-122.290163,37.87683],[-122.290121,37.876838],[-122.290117,37.876827],[-122.290091,37.876833],[-122.290127,37.876943]]]},"properties":{"id":"w760450852","b":"yes","lv":null,"n":null}},
{"type":"Feature","geometry":{"type":"Polygon","coordinates":[[[-122.290328,37.876934],[-122.290268,37.876947],[-122.290263,37.876936],[-122.29022,37.876945],[-122.290182,37.876832],[-122.290266,37.876816],[-122.290271,37.876828],[-122.290293,37.876824],[-122.290328,37.876934]]]},"properties":{"id":"w760450853","b":"yes","lv":null,"n":null}},
{"type":"Feature","geometry":{"type":"Polygon","coordinates":[[[-122.290427,37.87701],[-122.290375,37.877018],[-122.290337,37.876899],[-122.29038,37.876892],[-122.290377,37.876883],[-122.290422,37.876874],[-122.290462,37.876988],[-122.290422,37.876995],[-122.290427,37.87701]]]},"properties":{"id":"w760450854","b":"yes","lv":null,"n":null}},
{"type":"Feature","geometry":{"type":"Polygon","coordinates":[[[-122.290566,37.876936],[-122.290524,37.876944],[-122.290519,37.876951],[-122.290502,37.876954],[-122.290492,37.876949],[-122.290484,37.876952],[-122.290473,37.876917],[-122.290466,37.876912],[-122.290458,37.876888],[-122.290463,37.876883],[-122.290443,37.876827],[-122.290525,37.876812],[-122.290539,37.876857],[-122.290554,37.876855],[-122.29057,37.876917],[-122.290565,37.876922],[-122.290561,37.876922],[-122.290566,37.876936]]]},"properties":{"id":"w760450855","b":"yes","lv":null,"n":null}},
{"type":"Feature","geometry":{"type":"Polygon","coordinates":[[[-122.290559,37.876744],[-122.290573,37.876787],[-122.290524,37.876796],[-122.290512,37.876752],[-122.290559,37.876744]]]},"properties":{"id":"w760450856","b":"yes","lv":null,"n":null}},
{"type":"Feature","geometry":{"type":"Polygon","coordinates":[[[-122.290818,37.87672],[-122.290781,37.876738],[-122.290763,37.876728],[-122.290732,37.876746],[-122.290738,37.876751],[-122.29071,37.876765],[-122.290697,37.876754],[-122.290614,37.876799],[-122.290624,37.876812],[-122.290596,37.876828],[-122.290658,37.876902],[-122.290698,37.876883],[-122.290691,37.876874],[-122.290758,37.876838],[-122.290768,37.876848],[-122.290808,37.876826],[-122.290798,37.876815],[-122.290829,37.876799],[-122.290836,37.876809],[-122.290876,37.876787],[-122.290818,37.87672]]]},"properties":{"id":"w760450857","b":"yes","lv":null,"n":null}},
{"type":"Feature","geometry":{"type":"Polygon","coordinates":[[[-122.300652,37.862495],[-122.300581,37.862515],[-122.300495,37.862326],[-122.300484,37.862329],[-122.300437,37.862224],[-122.30053,37.862198],[-122.300575,37.862299],[-122.300565,37.862302],[-122.300652,37.862495]]]},"properties":{"id":"w760833937","b":"yes","lv":null,"n":"Street Level Cycles - Public Shop"}},
{"type":"Feature","geometry":{"type":"Polygon","coordinates":[[[-122.289349,37.879238],[-122.289199,37.879202],[-122.289197,37.879207],[-122.289137,37.879191],[-122.289146,37.879158],[-122.289183,37.879165],[-122.289187,37.879148],[-122.289205,37.879151],[-122.289214,37.879125],[-122.289389,37.879166],[-122.289372,37.87921],[-122.289361,37.879207],[-122.289349,37.879238]]]},"properties":{"id":"w761885131","b":"yes","lv":null,"n":null}},
{"type":"Feature","geometry":{"type":"Polygon","coordinates":[[[-122.289415,37.879066],[-122.28943,37.879031],[-122.28942,37.879029],[-122.289435,37.878991],[-122.289245,37.878946],[-122.289222,37.879006],[-122.289252,37.879012],[-122.289246,37.879027],[-122.289415,37.879066]]]},"properties":{"id":"w761885133","b":"yes","lv":null,"n":null}},
{"type":"Feature","geometry":{"type":"Polygon","coordinates":[[[-122.289454,37.878901],[-122.289426,37.878973],[-122.289264,37.878934],[-122.289295,37.87886],[-122.289454,37.878901]]]},"properties":{"id":"w761885134","b":"yes","lv":null,"n":null}},
{"type":"Feature","geometry":{"type":"Polygon","coordinates":[[[-122.289485,37.878878],[-122.289311,37.878837],[-122.289338,37.878766],[-122.289516,37.878809],[-122.289485,37.878878]]]},"properties":{"id":"w761885136","b":"yes","lv":null,"n":null}},
{"type":"Feature","geometry":{"type":"Polygon","coordinates":[[[-122.28952,37.878792],[-122.289542,37.878728],[-122.289369,37.878684],[-122.289344,37.87875],[-122.28952,37.878792]]]},"properties":{"id":"w761885137","b":"yes","lv":null,"n":null}},
{"type":"Feature","geometry":{"type":"Polygon","coordinates":[[[-122.289353,37.878663],[-122.289539,37.878708],[-122.289546,37.87869],[-122.289573,37.878696],[-122.289588,37.878658],[-122.2895,37.878638],[-122.289497,37.878646],[-122.289339,37.878608],[-122.289325,37.87864],[-122.289357,37.878648],[-122.289353,37.878663]]]},"properties":{"id":"w761885138","b":"yes","lv":null,"n":null}},
{"type":"Feature","geometry":{"type":"Polygon","coordinates":[[[-122.289017,37.878628],[-122.289043,37.878555],[-122.288867,37.878515],[-122.288838,37.878586],[-122.289017,37.878628]]]},"properties":{"id":"w761885140","b":"yes","lv":null,"n":null}},
{"type":"Feature","geometry":{"type":"Polygon","coordinates":[[[-122.289052,37.878537],[-122.288874,37.878494],[-122.288903,37.878421],[-122.289081,37.878463],[-122.289052,37.878537]]]},"properties":{"id":"w761885141","b":"yes","lv":null,"n":null}},
{"type":"Feature","geometry":{"type":"Polygon","coordinates":[[[-122.289451,37.878625],[-122.289283,37.878584],[-122.289307,37.878523],[-122.289473,37.878563],[-122.289451,37.878625]]]},"properties":{"id":"w761885142","b":"yes","lv":null,"n":null}},
{"type":"Feature","geometry":{"type":"Polygon","coordinates":[[[-122.289579,37.87857],[-122.289418,37.878531],[-122.28946,37.878425],[-122.28962,37.878462],[-122.289579,37.87857]]]},"properties":{"id":"w761885143","b":"yes","lv":null,"n":null}},
{"type":"Feature","geometry":{"type":"Polygon","coordinates":[[[-122.289138,37.878462],[-122.288908,37.878411],[-122.288941,37.878334],[-122.289129,37.878376],[-122.289124,37.878387],[-122.289163,37.878396],[-122.289138,37.878462]]]},"properties":{"id":"w761885145","b":"yes","lv":null,"n":null}},
{"type":"Feature","geometry":{"type":"Polygon","coordinates":[[[-122.288955,37.878308],[-122.288979,37.878242],[-122.28912,37.878278],[-122.289095,37.878341],[-122.288955,37.878308]]]},"properties":{"id":"w761885147","b":"yes","lv":null,"n":null}},
{"type":"Feature","geometry":{"type":"Polygon","coordinates":[[[-122.289639,37.878449],[-122.289667,37.878381],[-122.289547,37.878355],[-122.289522,37.878419],[-122.289639,37.878449]]]},"properties":{"id":"w761885148","b":"yes","lv":null,"n":null}},
{"type":"Feature","geometry":{"type":"Polygon","coordinates":[[[-122.289144,37.878262],[-122.289172,37.878188],[-122.288988,37.878142],[-122.288962,37.878217],[-122.289144,37.878262]]]},"properties":{"id":"w761885150","b":"yes","lv":null,"n":null}},
{"type":"Feature","geometry":{"type":"Polygon","coordinates":[[[-122.289257,37.878179],[-122.289017,37.878128],[-122.289049,37.87805],[-122.28924,37.878095],[-122.289227,37.878128],[-122.289271,37.878139],[-122.289257,37.878179]]]},"properties":{"id":"w761885151","b":"yes","lv":null,"n":null}},
{"type":"Feature","geometry":{"type":"Polygon","coordinates":[[[-122.289697,37.878313],[-122.289588,37.878287],[-122.289593,37.878274],[-122.289547,37.878263],[-122.289571,37.878196],[-122.289727,37.878233],[-122.289697,37.878313]]]},"properties":{"id":"w761885153","b":"yes","lv":null,"n":null}},
{"type":"Feature","geometry":{"type":"Polygon","coordinates":[[[-122.289728,37.878215],[-122.289555,37.87817],[-122.289582,37.878106],[-122.289729,37.878137],[-122.289724,37.878152],[-122.289741,37.878156],[-122.289737,37.878172],[-122.289747,37.878174],[-122.289728,37.878215]]]},"properties":{"id":"w761885154","b":"yes","lv":null,"n":null}},
{"type":"Feature","geometry":{"type":"Polygon","coordinates":[[[-122.289276,37.878071],[-122.289136,37.878042],[-122.289171,37.877964],[-122.289305,37.877996],[-122.289276,37.878071]]]},"properties":{"id":"w761885156","b":"yes","lv":null,"n":null}},
{"type":"Feature","geometry":{"type":"Polygon","coordinates":[[[-122.289364,37.877966],[-122.289302,37.877897],[-122.289427,37.87783],[-122.289497,37.877917],[-122.289483,37.877923],[-122.289488,37.877928],[-122.289485,37.877941],[-122.289474,37.877947],[-122.289455,37.877947],[-122.289433,37.877921],[-122.289423,37.877927],[-122.289428,37.877933],[-122.289364,37.877966]]]},"properties":{"id":"w761885158","b":"yes","lv":null,"n":null}},
{"type":"Feature","geometry":{"type":"Polygon","coordinates":[[[-122.289813,37.878025],[-122.289787,37.878096],[-122.289754,37.878087],[-122.28975,37.878102],[-122.289598,37.878067],[-122.28963,37.877986],[-122.289813,37.878025]]]},"properties":{"id":"w761885159","b":"yes","lv":null,"n":null}},
{"type":"Feature","geometry":{"type":"Polygon","coordinates":[[[-122.289832,37.877987],[-122.289793,37.877978],[-122.28979,37.877983],[-122.289762,37.877977],[-122.289764,37.877972],[-122.289722,37.877961],[-122.289753,37.877873],[-122.289846,37.877903],[-122.289836,37.877933],[-122.289855,37.877937],[-122.289832,37.877987]]]},"properties":{"id":"w761885160","b":"yes","lv":null,"n":null}},
{"type":"Feature","geometry":{"type":"Polygon","coordinates":[[[-122.289672,37.877754],[-122.289583,37.877733],[-122.289543,37.877842],[-122.289572,37.87785],[-122.289569,37.87786],[-122.289578,37.877862],[-122.289574,37.877873],[-122.289619,37.877883],[-122.289626,37.877862],[-122.289631,37.877863],[-122.289672,37.877754]]]},"properties":{"id":"w761885161","b":"yes","lv":null,"n":null}},
{"type":"Feature","geometry":{"type":"Polygon","coordinates":[[[-122.289872,37.877862],[-122.289832,37.877852],[-122.289829,37.877858],[-122.289803,37.877851],[-122.289805,37.877846],[-122.289765,37.877836],[-122.289797,37.87775],[-122.289851,37.877763],[-122.289848,37.87777],[-122.289888,37.87778],[-122.289871,37.877827],[-122.289885,37.87783],[-122.289872,37.877862]]]},"properties":{"id":"w761885162","b":"yes","lv":null,"n":null}},
{"type":"Feature","geometry":{"type":"Polygon","coordinates":[[[-122.28991,37.877691],[-122.289819,37.87767],[-122.289863,37.877559],[-122.289955,37.877576],[-122.28991,37.877691]]]},"properties":{"id":"w761885163","b":"yes","lv":null,"n":null}},
{"type":"Feature","geometry":{"type":"Polygon","coordinates":[[[-122.289853,37.877728],[-122.289908,37.877742],[-122.289919,37.877707],[-122.289868,37.877695],[-122.289853,37.877728]]]},"properties":{"id":"w761885164","b":"yes","lv":null,"n":null}},
{"type":"Feature","geometry":{"type":"Polygon","coordinates":[[[-122.281389,37.869685],[-122.2814,37.869642],[-122.281452,37.86965],[-122.281438,37.869708],[-122.281485,37.869715],[-122.28147,37.869779],[-122.281518,37.869787],[-122.28149,37.869903],[-122.281437,37.869906],[-122.28143,37.869834],[-122.281404,37.869835],[-122.281396,37.869762],[-122.281372,37.869764],[-122.281364,37.869687],[-122.281389,37.869685]]]},"properties":{"id":"w762582293","b":"residential","lv":"2","n":null}},
{"type":"Feature","geometry":{"type":"Polygon","coordinates":[[[-122.281582,37.869746],[-122.281567,37.869601],[-122.281613,37.869598],[-122.281676,37.869593],[-122.281692,37.869741],[-122.281698,37.86974],[-122.281701,37.869765],[-122.281692,37.869765],[-122.281686,37.869787],[-122.281697,37.869789],[-122.281685,37.869841],[-122.281659,37.869837],[-122.281652,37.869866],[-122.281571,37.869854],[-122.281588,37.869787],[-122.281573,37.869785],[-122.281582,37.869746]]]},"properties":{"id":"w762582294","b":"residential","lv":"2","n":null}},
{"type":"Feature","geometry":{"type":"Polygon","coordinates":[[[-122.281567,37.869601],[-122.281565,37.869589],[-122.281612,37.869585],[-122.281613,37.869598],[-122.281567,37.869601]]]},"properties":{"id":"w762582295","b":"yes","lv":null,"n":null}},
{"type":"Feature","geometry":{"type":"Polygon","coordinates":[[[-122.281065,37.869665],[-122.281117,37.869661],[-122.281119,37.869677],[-122.281164,37.869674],[-122.281179,37.869799],[-122.281181,37.869815],[-122.28113,37.869819],[-122.28113,37.869821],[-122.281082,37.869824],[-122.28108,37.869806],[-122.281075,37.869807],[-122.28106,37.869681],[-122.281067,37.869681],[-122.281065,37.869665]]]},"properties":{"id":"w762582296","b":"residential","lv":"2","n":null}},
{"type":"Feature","geometry":{"type":"Polygon","coordinates":[[[-122.281352,37.869728],[-122.28124,37.869736],[-122.281229,37.869646],[-122.281341,37.869638],[-122.281352,37.869728]]]},"properties":{"id":"w762582299","b":"residential","lv":"1","n":null}},
{"type":"Feature","geometry":{"type":"Polygon","coordinates":[[[-122.280922,37.869819],[-122.280924,37.869833],[-122.280882,37.869835],[-122.280881,37.869821],[-122.280844,37.869823],[-122.280839,37.869768],[-122.280846,37.869768],[-122.280845,37.869758],[-122.280837,37.869758],[-122.280833,37.86971],[-122.280963,37.869703],[-122.280968,37.869751],[-122.280968,37.869757],[-122.280924,37.869759],[-122.280926,37.869775],[-122.280919,37.869775],[-122.280923,37.869819],[-122.280922,37.869819]]]},"properties":{"id":"w762582301","b":"residential","lv":"2","n":null}},
{"type":"Feature","geometry":{"type":"Polygon","coordinates":[[[-122.280708,37.869844],[-122.280696,37.869716],[-122.280741,37.869713],[-122.280742,37.869733],[-122.28078,37.869731],[-122.280778,37.869711],[-122.280824,37.869709],[-122.280834,37.869812],[-122.280788,37.869815],[-122.280787,37.869805],[-122.280749,37.869807],[-122.280753,37.869841],[-122.280708,37.869844]]]},"properties":{"id":"w762582304","b":"residential","lv":"2","n":null}},
{"type":"Feature","geometry":{"type":"Polygon","coordinates":[[[-122.280358,37.869752],[-122.280413,37.869749],[-122.280425,37.869875],[-122.280435,37.869979],[-122.280384,37.869982],[-122.280376,37.869891],[-122.280338,37.869893],[-122.280337,37.86988],[-122.280326,37.869881],[-122.280313,37.869743],[-122.280357,37.86974],[-122.280358,37.869752]]]},"properties":{"id":"w762582306","b":"residential","lv":"1","n":null}},
{"type":"Feature","geometry":{"type":"Polygon","coordinates":[[[-122.280135,37.869838],[-122.280145,37.869837],[-122.280153,37.869874],[-122.280142,37.869876],[-122.280152,37.869928],[-122.280051,37.86994],[-122.280031,37.869833],[-122.280042,37.869831],[-122.280038,37.86981],[-122.280127,37.869799],[-122.280135,37.869838]]]},"properties":{"id":"w762582308","b":"residential","lv":"2","n":null}},
{"type":"Feature","geometry":{"type":"Polygon","coordinates":[[[-122.282745,37.869602],[-122.282733,37.869544],[-122.28275,37.869542],[-122.28273,37.869442],[-122.282727,37.86943],[-122.282781,37.869423],[-122.282783,37.869435],[-122.282827,37.869429],[-122.282848,37.869529],[-122.282839,37.86953],[-122.282851,37.869588],[-122.282745,37.869602]]]},"properties":{"id":"w762582322","b":"residential","lv":null,"n":null}},
{"type":"Feature","geometry":{"type":"Polygon","coordinates":[[[-122.282857,37.869529],[-122.282832,37.869408],[-122.282932,37.869395],[-122.282957,37.869516],[-122.28293,37.86952],[-122.282935,37.86954],[-122.282861,37.86955],[-122.282857,37.869529]]]},"properties":{"id":"w762582323","b":"residential","lv":null,"n":null}},
{"type":"Feature","geometry":{"type":"Polygon","coordinates":[[[-122.282989,37.869512],[-122.282964,37.869391],[-122.283063,37.869378],[-122.283088,37.869499],[-122.283092,37.869519],[-122.283052,37.869524],[-122.283048,37.869504],[-122.282989,37.869512]]]},"properties":{"id":"w762582324","b":"residential","lv":null,"n":null}},
{"type":"Feature","geometry":{"type":"Polygon","coordinates":[[[-122.282675,37.869558],[-122.282643,37.869562],[-122.282619,37.869447],[-122.282686,37.869438],[-122.28271,37.869553],[-122.282714,37.869575],[-122.282679,37.86958],[-122.282675,37.869558]]]},"properties":{"id":"w762582327","b":"residential","lv":null,"n":null}},
{"type":"Feature","geometry":{"type":"Polygon","coordinates":[[[-122.28259,37.869569],[-122.282593,37.869584],[-122.282513,37.869594],[-122.28251,37.869579],[-122.282487,37.86947],[-122.282598,37.869456],[-122.282621,37.869565],[-122.28259,37.869569]]]},"properties":{"id":"w762582328","b":"residential","lv":null,"n":null}},
{"type":"Feature","geometry":{"type":"Polygon","coordinates":[[[-122.282131,37.869817],[-122.282127,37.869796],[-122.282141,37.869794],[-122.282137,37.869772],[-122.282147,37.869771],[-122.282145,37.869763],[-122.282194,37.869756],[-122.282188,37.869731],[-122.282227,37.869726],[-122.282258,37.869722],[-122.282263,37.869747],[-122.282275,37.869746],[-122.282276,37.869754],[-122.282283,37.869787],[-122.282248,37.869792],[-122.282251,37.869805],[-122.282146,37.869819],[-122.282146,37.869815],[-122.282131,37.869817]]]},"properties":{"id":"w762582330","b":"residential","lv":"1","n":null}},
{"type":"Feature","geometry":{"type":"Polygon","coordinates":[[[-122.282175,37.869667],[-122.282157,37.869669],[-122.282153,37.869649],[-122.282184,37.869645],[-122.282183,37.869639],[-122.282205,37.869636],[-122.282206,37.869642],[-122.282242,37.869637],[-122.282248,37.869671],[-122.282256,37.869708],[-122.282224,37.869712],[-122.282227,37.869726],[-122.282188,37.869731],[-122.282124,37.869739],[-122.282112,37.869681],[-122.282176,37.869673],[-122.282175,37.869667]]]},"properties":{"id":"w762582331","b":"residential","lv":"2","n":null}},
{"type":"Feature","geometry":{"type":"Polygon","coordinates":[[[-122.282115,37.869854],[-122.282162,37.869848],[-122.282163,37.869853],[-122.282243,37.869842],[-122.282265,37.869949],[-122.282185,37.86996],[-122.282188,37.86997],[-122.28214,37.869976],[-122.282134,37.869944],[-122.282127,37.869945],[-122.282115,37.869887],[-122.282122,37.869886],[-122.282115,37.869854]]]},"properties":{"id":"w762582333","b":"apartments","lv":"3","n":"University Avenue Coop Homes"}},
{"type":"Feature","geometry":{"type":"Polygon","coordinates":[[[-122.282368,37.869479],[-122.282391,37.869592],[-122.282116,37.869628],[-122.282092,37.869515],[-122.282368,37.869479]]]},"properties":{"id":"w762582336","b":"apartments","lv":"3","n":null}},
{"type":"Feature","geometry":{"type":"Polygon","coordinates":[[[-122.282377,37.870027],[-122.282371,37.870001],[-122.282409,37.869996],[-122.282415,37.870022],[-122.282449,37.870018],[-122.282481,37.870014],[-122.282503,37.870121],[-122.282522,37.870209],[-122.282347,37.870232],[-122.282332,37.870161],[-122.282348,37.870159],[-122.282332,37.870083],[-122.282316,37.870085],[-122.282306,37.870037],[-122.282322,37.870035],[-122.282377,37.870027]]]},"properties":{"id":"w762582339","b":"commercial","lv":"2","n":null}},
{"type":"Feature","geometry":{"type":"Polygon","coordinates":[[[-122.282625,37.870011],[-122.282637,37.87001],[-122.282642,37.870033],[-122.28263,37.870035],[-122.282636,37.870063],[-122.28261,37.870066],[-122.282618,37.870106],[-122.282638,37.870103],[-122.282657,37.870191],[-122.282522,37.870209],[-122.282503,37.870121],[-122.282525,37.870118],[-122.282473,37.869875],[-122.282464,37.869876],[-122.282453,37.869824],[-122.282761,37.869784],[-122.282823,37.870079],[-122.282703,37.870095],[-122.282687,37.87002],[-122.282679,37.870021],[-122.282675,37.870001],[-122.282683,37.87],[-122.282651,37.869851],[-122.282593,37.869859],[-122.282625,37.870011]]]},"properties":{"id":"w762582346","b":"commercial","lv":null,"n":"Fox Court"}},
{"type":"Feature","geometry":{"type":"Polygon","coordinates":[[[-122.28302,37.869925],[-122.283018,37.869919],[-122.283054,37.869914],[-122.283055,37.86992],[-122.283068,37.869918],[-122.283104,37.869914],[-122.283111,37.869947],[-122.283075,37.869951],[-122.283088,37.870011],[-122.283096,37.87001],[-122.283112,37.870086],[-122.28315,37.870081],[-122.283159,37.870121],[-122.283121,37.870126],[-122.283122,37.870132],[-122.282999,37.870148],[-122.282995,37.870133],[-122.28298,37.870135],[-122.282982,37.870144],[-122.282954,37.870148],[-122.282957,37.870159],[-122.282918,37.870164],[-122.282915,37.870153],[-122.282867,37.870159],[-122.28286,37.870127],[-122.282902,37.870122],[-122.282893,37.870079],[-122.282897,37.870078],[-122.282892,37.870052],[-122.282884,37.870053],[-122.282881,37.870037],[-122.282884,37.870037],[-122.282878,37.870008],[-122.282863,37.87001],[-122.282856,37.869976],[-122.282881,37.869973],[-122.282877,37.869954],[-122.282913,37.869949],[-122.282917,37.869968],[-122.282945,37.869965],[-122.282943,37.869956],[-122.282996,37.869949],[-122.282991,37.869928],[-122.28302,37.869925]]]},"properties":{"id":"w762582349","b":"apartments","lv":"4","n":"University Avenue Coop Homes"}},
{"type":"Feature","geometry":{"type":"Polygon","coordinates":[[[-122.283615,37.869901],[-122.283642,37.869897],[-122.283663,37.87],[-122.283673,37.87005],[-122.283602,37.870058],[-122.283592,37.870009],[-122.283601,37.870008],[-122.283592,37.869966],[-122.28355,37.869971],[-122.28354,37.86992],[-122.283578,37.869916],[-122.283573,37.869889],[-122.283611,37.869884],[-122.283615,37.869901]]]},"properties":{"id":"w762582352","b":"greenhouse","lv":null,"n":null}},
{"type":"Feature","geometry":{"type":"Polygon","coordinates":[[[-122.283749,37.870051],[-122.283675,37.870061],[-122.283673,37.87005],[-122.283663,37.87],[-122.283642,37.869897],[-122.283641,37.869895],[-122.283716,37.869886],[-122.283749,37.870051]]]},"properties":{"id":"w762582355","b":"retail","lv":"1","n":null}},
{"type":"Feature","geometry":{"type":"Polygon","coordinates":[[[-122.283794,37.870754],[-122.283797,37.870768],[-122.283802,37.870768],[-122.283821,37.870866],[-122.283729,37.870876],[-122.28371,37.870778],[-122.28376,37.870773],[-122.283757,37.870758],[-122.283794,37.870754]]]},"properties":{"id":"w762582357","b":"residential","lv":"2","n":null}},
{"type":"Feature","geometry":{"type":"Polygon","coordinates":[[[-122.284244,37.870823],[-122.284147,37.870834],[-122.284118,37.870678],[-122.284215,37.870667],[-122.284218,37.870687],[-122.284229,37.870686],[-122.28425,37.870796],[-122.28424,37.870798],[-122.284244,37.870823]]]},"properties":{"id":"w762582358","b":"apartments","lv":"2","n":null}},
{"type":"Feature","geometry":{"type":"Polygon","coordinates":[[[-122.283876,37.870855],[-122.283862,37.870779],[-122.284056,37.870755],[-122.28407,37.870832],[-122.283876,37.870855]]]},"properties":{"id":"w762582360","b":"apartments","lv":"2","n":null}},
{"type":"Feature","geometry":{"type":"Polygon","coordinates":[[[-122.282214,37.870801],[-122.282556,37.870759],[-122.282502,37.870485],[-122.282185,37.870524],[-122.282214,37.870801]]]},"properties":{"id":"w762582362","b":"hotel","lv":"4","n":"Aiden by Best Western"}},
{"type":"Feature","geometry":{"type":"Polygon","coordinates":[[[-122.281119,37.871221],[-122.281117,37.871204],[-122.281134,37.871203],[-122.28113,37.871173],[-122.281214,37.871167],[-122.281233,37.87132],[-122.28115,37.871327],[-122.281146,37.871295],[-122.281132,37.871296],[-122.281131,37.871281],[-122.281144,37.87128],[-122.281136,37.87122],[-122.281119,37.871221]]]},"properties":{"id":"w762582363","b":"residential","lv":"1","n":null}},
{"type":"Feature","geometry":{"type":"Polygon","coordinates":[[[-122.281425,37.871247],[-122.281413,37.871188],[-122.281395,37.87119],[-122.281392,37.871172],[-122.281409,37.87117],[-122.281403,37.871141],[-122.281486,37.871131],[-122.281517,37.871283],[-122.281434,37.871294],[-122.281428,37.871261],[-122.281413,37.871263],[-122.28141,37.871248],[-122.281425,37.871247]]]},"properties":{"id":"w762582364","b":"residential","lv":"1","n":null}},
{"type":"Feature","geometry":{"type":"Polygon","coordinates":[[[-122.280804,37.871242],[-122.280895,37.871235],[-122.28091,37.871356],[-122.280892,37.871358],[-122.280894,37.871374],[-122.280821,37.871379],[-122.280804,37.871242]]]},"properties":{"id":"w762582365","b":"residential","lv":"2","n":null}},
{"type":"Feature","geometry":{"type":"Polygon","coordinates":[[[-122.2806,37.871246],[-122.280617,37.8714],[-122.280554,37.871404],[-122.280552,37.871386],[-122.280506,37.871389],[-122.280492,37.871253],[-122.2806,37.871246]]]},"properties":{"id":"w762582366","b":"residential","lv":"1","n":null}},
{"type":"Feature","geometry":{"type":"Polygon","coordinates":[[[-122.280018,37.871489],[-122.279981,37.871313],[-122.280152,37.871291],[-122.280189,37.871467],[-122.280018,37.871489]]]},"properties":{"id":"w762582369","b":"terrace","lv":"1","n":null}},
{"type":"Feature","geometry":{"type":"Polygon","coordinates":[[[-122.280242,37.87147],[-122.280206,37.871297],[-122.280377,37.871274],[-122.280413,37.871447],[-122.280242,37.87147]]]},"properties":{"id":"w762582370","b":"terrace","lv":"1","n":null}},
{"type":"Feature","geometry":{"type":"Polygon","coordinates":[[[-122.280645,37.87126],[-122.280643,37.87124],[-122.280692,37.871236],[-122.280695,37.871256],[-122.28074,37.871253],[-122.280756,37.871373],[-122.280656,37.871381],[-122.280641,37.87126],[-122.280645,37.87126]]]},"properties":{"id":"w762582373","b":"residential","lv":"2","n":null}},
{"type":"Feature","geometry":{"type":"Polygon","coordinates":[[[-122.281051,37.871339],[-122.280937,37.871348],[-122.280916,37.871182],[-122.28103,37.871173],[-122.281051,37.871339]]]},"properties":{"id":"w762582374","b":"residential","lv":"2","n":null}},
{"type":"Feature","geometry":{"type":"Polygon","coordinates":[[[-122.281322,37.871181],[-122.281339,37.87118],[-122.281341,37.871198],[-122.281324,37.871199],[-122.281331,37.871258],[-122.281348,37.871257],[-122.28135,37.871272],[-122.281333,37.871273],[-122.281337,37.871303],[-122.281255,37.87131],[-122.281236,37.871161],[-122.281318,37.871155],[-122.281322,37.871181]]]},"properties":{"id":"w762582376","b":"residential","lv":"1","n":null}},
{"type":"Feature","geometry":{"type":"Polygon","coordinates":[[[-122.281901,37.872029],[-122.281905,37.872065],[-122.281841,37.87207],[-122.281837,37.872033],[-122.281823,37.872034],[-122.281813,37.871955],[-122.281832,37.871954],[-122.281827,37.87191],[-122.281892,37.871906],[-122.281897,37.871945],[-122.281939,37.871942],[-122.281949,37.872025],[-122.281901,37.872029]]]},"properties":{"id":"w765145050","b":"yes","lv":null,"n":null}},
{"type":"Feature","geometry":{"type":"Polygon","coordinates":[[[-122.281785,37.872078],[-122.281747,37.87208],[-122.281748,37.872093],[-122.281682,37.872097],[-122.281683,37.872103],[-122.281635,37.872106],[-122.281626,37.872003],[-122.281672,37.872001],[-122.281669,37.871964],[-122.281745,37.87196],[-122.281749,37.872],[-122.281778,37.871999],[-122.281785,37.872078]]]},"properties":{"id":"w765145051","b":"yes","lv":null,"n":null}},
{"type":"Feature","geometry":{"type":"Polygon","coordinates":[[[-122.281587,37.872109],[-122.281565,37.872116],[-122.281542,37.872117],[-122.281532,37.872112],[-122.281534,37.872122],[-122.281511,37.872124],[-122.281498,37.872033],[-122.28149,37.87203],[-122.281483,37.87198],[-122.281603,37.871971],[-122.28161,37.872024],[-122.281576,37.872027],[-122.281587,37.872109]]]},"properties":{"id":"w765145052","b":"yes","lv":null,"n":null}},
{"type":"Feature","geometry":{"type":"Polygon","coordinates":[[[-122.281915,37.871874],[-122.281901,37.871802],[-122.281852,37.871808],[-122.28185,37.871796],[-122.281829,37.871798],[-122.281831,37.871811],[-122.28176,37.871819],[-122.281757,37.871803],[-122.281733,37.871806],[-122.281736,37.871823],[-122.281702,37.871827],[-122.281707,37.871852],[-122.281648,37.871859],[-122.281657,37.871905],[-122.281915,37.871874]]]},"properties":{"id":"w765145053","b":"yes","lv":null,"n":null}},
{"type":"Feature","geometry":{"type":"Polygon","coordinates":[[[-122.281903,37.872407],[-122.281893,37.872318],[-122.28167,37.872334],[-122.281701,37.872616],[-122.281829,37.872607],[-122.281808,37.872414],[-122.281903,37.872407]]]},"properties":{"id":"w765145054","b":"yes","lv":null,"n":null}},
{"type":"Feature","geometry":{"type":"Polygon","coordinates":[[[-122.281468,37.87213],[-122.281383,37.872137],[-122.281365,37.872002],[-122.281451,37.871995],[-122.281468,37.87213]]]},"properties":{"id":"w765145055","b":"yes","lv":null,"n":null}},
{"type":"Feature","geometry":{"type":"Polygon","coordinates":[[[-122.281332,37.872139],[-122.28125,37.872145],[-122.281235,37.872015],[-122.281317,37.872009],[-122.281332,37.872139]]]},"properties":{"id":"w765145056","b":"yes","lv":null,"n":null}},
{"type":"Feature","geometry":{"type":"Polygon","coordinates":[[[-122.288984,37.879956],[-122.288943,37.879877],[-122.288922,37.879885],[-122.288915,37.879877],[-122.288846,37.879901],[-122.288952,37.880084],[-122.289043,37.880054],[-122.288995,37.879974],[-122.288973,37.879981],[-122.288964,37.879963],[-122.288984,37.879956]]]},"properties":{"id":"w765254412","b":"yes","lv":null,"n":null}},
{"type":"Feature","geometry":{"type":"Polygon","coordinates":[[[-122.289508,37.881577],[-122.289569,37.88142],[-122.289237,37.88134],[-122.289177,37.881497],[-122.289508,37.881577]]]},"properties":{"id":"w768686339","b":"commercial","lv":"1","n":null}},
{"type":"Feature","geometry":{"type":"Polygon","coordinates":[[[-122.289754,37.88173],[-122.289495,37.88167],[-122.289589,37.881428],[-122.289846,37.881491],[-122.289754,37.88173]]]},"properties":{"id":"w768686340","b":"apartments","lv":"2","n":null}},
{"type":"Feature","geometry":{"type":"Polygon","coordinates":[[[-122.289472,37.881223],[-122.289438,37.881147],[-122.289369,37.880994],[-122.289297,37.881181],[-122.289472,37.881223]]]},"properties":{"id":"w768686342","b":"retail","lv":"1","n":null}},
{"type":"Feature","geometry":{"type":"Polygon","coordinates":[[[-122.289049,37.880891],[-122.289046,37.880898],[-122.288959,37.880877],[-122.288986,37.880806],[-122.289067,37.880825],[-122.289071,37.880813],[-122.289231,37.880851],[-122.289215,37.880894],[-122.289205,37.880891],[-122.289192,37.880925],[-122.289049,37.880891]]]},"properties":{"id":"w771876263","b":"house","lv":"1","n":null}},
{"type":"Feature","geometry":{"type":"Polygon","coordinates":[[[-122.289185,37.880579],[-122.289187,37.880574],[-122.289225,37.880584],[-122.289212,37.880617],[-122.28922,37.880619],[-122.289191,37.880695],[-122.289059,37.880664],[-122.289068,37.880639],[-122.28906,37.880637],[-122.289072,37.880608],[-122.289079,37.88061],[-122.289099,37.880558],[-122.289185,37.880579]]]},"properties":{"id":"w771876264","b":"house","lv":"1","n":null}},
{"type":"Feature","geometry":{"type":"Polygon","coordinates":[[[-122.289211,37.880205],[-122.289283,37.880222],[-122.289282,37.880224],[-122.289309,37.880231],[-122.289298,37.880261],[-122.28927,37.880255],[-122.289269,37.880259],[-122.289197,37.880242],[-122.289211,37.880205]]]},"properties":{"id":"w771876265","b":"garage","lv":null,"n":null}},
{"type":"Feature","geometry":{"type":"Polygon","coordinates":[[[-122.289235,37.880333],[-122.289296,37.880348],[-122.289268,37.88042],[-122.289163,37.880395],[-122.289172,37.880371],[-122.289165,37.880369],[-122.289173,37.880348],[-122.28918,37.880349],[-122.2892,37.880298],[-122.289245,37.880308],[-122.289235,37.880333]]]},"properties":{"id":"w771876266","b":"house","lv":null,"n":null}},
{"type":"Feature","geometry":{"type":"Polygon","coordinates":[[[-122.289124,37.880501],[-122.289115,37.880499],[-122.289144,37.880423],[-122.2892,37.880436],[-122.289189,37.880463],[-122.289298,37.880489],[-122.289269,37.880566],[-122.289113,37.880529],[-122.289124,37.880501]]]},"properties":{"id":"w771876267","b":"house","lv":null,"n":null}},
{"type":"Feature","geometry":{"type":"Polygon","coordinates":[[[-122.289047,37.880711],[-122.289039,37.880709],[-122.289049,37.880684],[-122.289258,37.880733],[-122.289248,37.880761],[-122.28924,37.880759],[-122.289225,37.880798],[-122.289031,37.880752],[-122.289047,37.880711]]]},"properties":{"id":"w771876268","b":"house","lv":"2","n":null}},
{"type":"Feature","geometry":{"type":"Polygon","coordinates":[[[-122.289127,37.881039],[-122.289069,37.881025],[-122.289056,37.881059],[-122.289009,37.881048],[-122.289022,37.881014],[-122.288942,37.880995],[-122.288964,37.880936],[-122.288926,37.880927],[-122.288941,37.880886],[-122.289165,37.880939],[-122.289127,37.881039]]]},"properties":{"id":"w771876269","b":"warehouse","lv":null,"n":null}},
{"type":"Feature","geometry":{"type":"Polygon","coordinates":[[[-122.289433,37.880923],[-122.289427,37.88092],[-122.28945,37.880878],[-122.289457,37.880881],[-122.289495,37.880894],[-122.289472,37.880843],[-122.289465,37.880828],[-122.289524,37.880811],[-122.289526,37.880815],[-122.289555,37.880807],[-122.28956,37.880819],[-122.289569,37.880816],[-122.2896,37.880885],[-122.289634,37.880961],[-122.289584,37.880975],[-122.289586,37.880981],[-122.289518,37.881],[-122.289515,37.880994],[-122.289464,37.881008],[-122.289449,37.880974],[-122.289412,37.880961],[-122.289433,37.880923]]]},"properties":{"id":"w771876271","b":"apartments","lv":null,"n":null}},
{"type":"Feature","geometry":{"type":"Polygon","coordinates":[[[-122.290873,37.880535],[-122.290919,37.880415],[-122.290981,37.88043],[-122.290973,37.88045],[-122.291035,37.880465],[-122.291027,37.880485],[-122.291149,37.880514],[-122.291119,37.880594],[-122.290873,37.880535]]]},"properties":{"id":"w771876272","b":"yes","lv":null,"n":null}},
{"type":"Feature","geometry":{"type":"Polygon","coordinates":[[[-122.291099,37.880665],[-122.290953,37.880631],[-122.290963,37.880606],[-122.290939,37.8806],[-122.290951,37.880568],[-122.291121,37.880609],[-122.291099,37.880665]]]},"properties":{"id":"w771876273","b":"house","lv":null,"n":null}},
{"type":"Feature","geometry":{"type":"Polygon","coordinates":[[[-122.291071,37.880732],[-122.2909,37.880691],[-122.290912,37.880659],[-122.290942,37.880666],[-122.290952,37.88064],[-122.291082,37.880671],[-122.291072,37.880697],[-122.291083,37.8807],[-122.291071,37.880732]]]},"properties":{"id":"w771876274","b":"house","lv":null,"n":null}},
{"type":"Feature","geometry":{"type":"Polygon","coordinates":[[[-122.290935,37.881101],[-122.290919,37.881097],[-122.290908,37.881127],[-122.290782,37.881097],[-122.290796,37.881061],[-122.290821,37.881067],[-122.290842,37.881011],[-122.290818,37.881006],[-122.290831,37.880971],[-122.290956,37.881],[-122.290945,37.881029],[-122.290961,37.881033],[-122.290954,37.881049],[-122.290966,37.881052],[-122.290953,37.881086],[-122.290941,37.881083],[-122.290935,37.881101]]]},"properties":{"id":"w771876275","b":"terrace","lv":null,"n":null}},
{"type":"Feature","geometry":{"type":"Polygon","coordinates":[[[-122.290328,37.880945],[-122.290345,37.880902],[-122.290387,37.880912],[-122.2904,37.880878],[-122.290522,37.880907],[-122.290492,37.880984],[-122.290328,37.880945]]]},"properties":{"id":"w771876282","b":"house","lv":null,"n":null}},
{"type":"Feature","geometry":{"type":"Polygon","coordinates":[[[-122.290351,37.881035],[-122.290354,37.881028],[-122.290448,37.881051],[-122.290446,37.881057],[-122.290455,37.88106],[-122.290432,37.88112],[-122.290271,37.881082],[-122.290294,37.881021],[-122.290351,37.881035]]]},"properties":{"id":"w771876283","b":"house","lv":null,"n":null}},
{"type":"Feature","geometry":{"type":"Polygon","coordinates":[[[-122.291059,37.880777],[-122.291041,37.880823],[-122.291023,37.880819],[-122.29101,37.880853],[-122.290838,37.880812],[-122.290869,37.880732],[-122.291059,37.880777]]]},"properties":{"id":"w771876284","b":"house","lv":null,"n":null}},
{"type":"Feature","geometry":{"type":"Polygon","coordinates":[[[-122.290791,37.880876],[-122.290812,37.880823],[-122.290999,37.880867],[-122.290979,37.88092],[-122.290791,37.880876]]]},"properties":{"id":"w771876285","b":"house","lv":null,"n":null}},
{"type":"Feature","geometry":{"type":"Polygon","coordinates":[[[-122.290839,37.880904],[-122.29084,37.8809],[-122.290977,37.880933],[-122.290967,37.880959],[-122.290975,37.880961],[-122.290963,37.880993],[-122.29081,37.880956],[-122.290813,37.880951],[-122.290763,37.880939],[-122.290781,37.88089],[-122.290839,37.880904]]]},"properties":{"id":"w771876287","b":"house","lv":null,"n":null}},
{"type":"Feature","geometry":{"type":"Polygon","coordinates":[[[-122.290713,37.881211],[-122.290742,37.881135],[-122.290885,37.881169],[-122.290856,37.881245],[-122.290713,37.881211]]]},"properties":{"id":"w771876288","b":"house","lv":null,"n":null}},
{"type":"Feature","geometry":{"type":"Polygon","coordinates":[[[-122.290286,37.881168],[-122.290226,37.881154],[-122.290244,37.881108],[-122.290311,37.881124],[-122.290309,37.881127],[-122.290361,37.881139],[-122.290351,37.881165],[-122.290405,37.881178],[-122.290395,37.881203],[-122.290341,37.881191],[-122.29034,37.881194],[-122.290281,37.88118],[-122.290286,37.881168]]]},"properties":{"id":"w771876289","b":"yes","lv":null,"n":null}},
{"type":"Feature","geometry":{"type":"Polygon","coordinates":[[[-122.290522,37.881299],[-122.290201,37.881223],[-122.290219,37.881174],[-122.29054,37.88125],[-122.290522,37.881299]]]},"properties":{"id":"w771876290","b":"roof","lv":null,"n":null}},
{"type":"Feature","geometry":{"type":"Polygon","coordinates":[[[-122.291014,37.882071],[-122.291,37.882029],[-122.29102,37.882025],[-122.291009,37.881992],[-122.291147,37.881965],[-122.291171,37.882039],[-122.291014,37.882071]]]},"properties":{"id":"w772677037","b":"yes","lv":null,"n":null}},
{"type":"Feature","geometry":{"type":"Polygon","coordinates":[[[-122.290557,37.882068],[-122.290569,37.882071],[-122.290543,37.882135],[-122.29045,37.882112],[-122.290474,37.88205],[-122.290471,37.882049],[-122.29049,37.882],[-122.290467,37.881994],[-122.290473,37.881979],[-122.290362,37.881952],[-122.290391,37.881879],[-122.290629,37.881937],[-122.290607,37.881992],[-122.290595,37.881989],[-122.290581,37.882023],[-122.290576,37.882021],[-122.290557,37.882068]]]},"properties":{"id":"w772677065","b":"yes","lv":null,"n":null}},
{"type":"Feature","geometry":{"type":"Polygon","coordinates":[[[-122.289346,37.88168],[-122.289321,37.881744],[-122.289156,37.881704],[-122.289165,37.881681],[-122.289155,37.881678],[-122.289171,37.881637],[-122.289346,37.88168]]]},"properties":{"id":"w772677088","b":"house","lv":null,"n":null}},
{"type":"Feature","geometry":{"type":"Polygon","coordinates":[[[-122.289064,37.881982],[-122.289051,37.881979],[-122.289067,37.881936],[-122.28924,37.881977],[-122.289232,37.881997],[-122.28924,37.881999],[-122.289223,37.882042],[-122.289056,37.882002],[-122.289064,37.881982]]]},"properties":{"id":"w772677097","b":"house","lv":null,"n":null}},
{"type":"Feature","geometry":{"type":"Polygon","coordinates":[[[-122.289117,37.8819],[-122.289083,37.881892],[-122.289107,37.881831],[-122.289288,37.881875],[-122.289261,37.881946],[-122.289113,37.88191],[-122.289117,37.8819]]]},"properties":{"id":"w772677100","b":"house","lv":null,"n":null}},
{"type":"Feature","geometry":{"type":"Polygon","coordinates":[[[-122.28932,37.88178],[-122.289294,37.881845],[-122.289122,37.881803],[-122.289129,37.881785],[-122.289122,37.881784],[-122.289141,37.881736],[-122.28932,37.88178]]]},"properties":{"id":"w772677101","b":"house","lv":null,"n":null}},
{"type":"Feature","geometry":{"type":"Polygon","coordinates":[[[-122.289728,37.881757],[-122.289743,37.881761],[-122.28972,37.881822],[-122.289653,37.881806],[-122.289646,37.881822],[-122.289576,37.881806],[-122.289564,37.881839],[-122.28948,37.88182],[-122.289493,37.881786],[-122.28949,37.881785],[-122.289506,37.881743],[-122.289511,37.881744],[-122.289526,37.881705],[-122.28973,37.881754],[-122.289728,37.881757]]]},"properties":{"id":"w772677103","b":"house","lv":null,"n":null}},
{"type":"Feature","geometry":{"type":"Polygon","coordinates":[[[-122.288598,37.859547],[-122.288645,37.85977],[-122.288585,37.859778],[-122.288582,37.859764],[-122.288529,37.859771],[-122.288487,37.859572],[-122.288543,37.859564],[-122.288541,37.859554],[-122.288598,37.859547]]]},"properties":{"id":"w795834440","b":"house","lv":null,"n":null}},
{"type":"Feature","geometry":{"type":"Polygon","coordinates":[[[-122.288745,37.859671],[-122.28872,37.859539],[-122.288673,37.859545],[-122.288672,37.859539],[-122.288609,37.859546],[-122.288614,37.859568],[-122.288625,37.859567],[-122.288647,37.859683],[-122.288745,37.859671]]]},"properties":{"id":"w795834441","b":"house","lv":null,"n":null}},
{"type":"Feature","geometry":{"type":"Polygon","coordinates":[[[-122.288506,37.859777],[-122.288482,37.859662],[-122.288471,37.859664],[-122.288466,37.859643],[-122.288477,37.859643],[-122.288467,37.859579],[-122.288395,37.85959],[-122.288397,37.859597],[-122.288351,37.859602],[-122.288392,37.859791],[-122.288506,37.859777]]]},"properties":{"id":"w795834442","b":"house","lv":null,"n":null}},
{"type":"Feature","geometry":{"type":"Polygon","coordinates":[[[-122.28831,37.859587],[-122.288257,37.859593],[-122.288259,37.859602],[-122.288208,37.859608],[-122.288228,37.859721],[-122.288236,37.859721],[-122.288246,37.859776],[-122.288322,37.859768],[-122.288311,37.859704],[-122.288331,37.859702],[-122.28831,37.859587]]]},"properties":{"id":"w795834443","b":"house","lv":null,"n":null}},
{"type":"Feature","geometry":{"type":"Polygon","coordinates":[[[-122.28812,37.859762],[-122.288091,37.859623],[-122.288148,37.859616],[-122.288146,37.859605],[-122.288185,37.8596],[-122.288217,37.859749],[-122.28812,37.859762]]]},"properties":{"id":"w795834444","b":"house","lv":null,"n":null}},
{"type":"Feature","geometry":{"type":"Polygon","coordinates":[[[-122.288082,37.859738],[-122.288056,37.859612],[-122.288021,37.859616],[-122.288019,37.85961],[-122.287968,37.859616],[-122.28797,37.859625],[-122.287945,37.859628],[-122.287971,37.859752],[-122.288082,37.859738]]]},"properties":{"id":"w795834445","b":"house","lv":null,"n":null}},
{"type":"Feature","geometry":{"type":"Polygon","coordinates":[[[-122.288785,37.859666],[-122.288755,37.859521],[-122.28886,37.859507],[-122.288889,37.859652],[-122.288785,37.859666]]]},"properties":{"id":"w795834446","b":"house","lv":null,"n":null}},
{"type":"Feature","geometry":{"type":"Polygon","coordinates":[[[-122.287602,37.859805],[-122.287578,37.859691],[-122.287522,37.859699],[-122.287524,37.859705],[-122.287488,37.85971],[-122.287511,37.859817],[-122.287602,37.859805]]]},"properties":{"id":"w795834447","b":"house","lv":null,"n":null}},
{"type":"Feature","geometry":{"type":"Polygon","coordinates":[[[-122.303301,37.881993],[-122.302851,37.882084],[-122.3028,37.881927],[-122.30325,37.881836],[-122.303301,37.881993]]]},"properties":{"id":"w818482013","b":"warehouse","lv":null,"n":null}},
{"type":"Feature","geometry":{"type":"Polygon","coordinates":[[[-122.303059,37.88123],[-122.302796,37.881283],[-122.302759,37.881171],[-122.303023,37.881118],[-122.303059,37.88123]]]},"properties":{"id":"w818482015","b":"warehouse","lv":null,"n":null}},
{"type":"Feature","geometry":{"type":"Polygon","coordinates":[[[-122.302459,37.880948],[-122.302042,37.881028],[-122.301998,37.880884],[-122.302415,37.880804],[-122.302459,37.880948]]]},"properties":{"id":"w818482016","b":"warehouse","lv":null,"n":null}},
{"type":"Feature","geometry":{"type":"Polygon","coordinates":[[[-122.302937,37.880855],[-122.302596,37.880921],[-122.302569,37.880833],[-122.302456,37.880855],[-122.302438,37.880798],[-122.302892,37.880711],[-122.302937,37.880855]]]},"properties":{"id":"w818482017","b":"warehouse","lv":null,"n":null}},
{"type":"Feature","geometry":{"type":"Polygon","coordinates":[[[-122.302886,37.880674],[-122.302679,37.880716],[-122.302665,37.880672],[-122.302394,37.880727],[-122.302334,37.88054],[-122.302812,37.880444],[-122.302886,37.880674]]]},"properties":{"id":"w818482018","b":"warehouse","lv":null,"n":null}},
{"type":"Feature","geometry":{"type":"Polygon","coordinates":[[[-122.303486,37.880586],[-122.303514,37.88058],[-122.303565,37.880737],[-122.303145,37.880822],[-122.303094,37.880665],[-122.303106,37.880663],[-122.303486,37.880586]]]},"properties":{"id":"w818482019","b":"warehouse","lv":null,"n":null}},
{"type":"Feature","geometry":{"type":"Polygon","coordinates":[[[-122.303792,37.880313],[-122.303109,37.880447],[-122.303069,37.880319],[-122.303752,37.880186],[-122.303792,37.880313]]]},"properties":{"id":"w818482020","b":"roof","lv":null,"n":null}},
{"type":"Feature","geometry":{"type":"Polygon","coordinates":[[[-122.295498,37.878935],[-122.295452,37.87879],[-122.295852,37.878711],[-122.295898,37.878856],[-122.295498,37.878935]]]},"properties":{"id":"w821645335","b":"yes","lv":null,"n":null}},
{"type":"Feature","geometry":{"type":"Polygon","coordinates":[[[-122.291674,37.880089],[-122.291681,37.880108],[-122.291656,37.880114],[-122.291661,37.880127],[-122.291645,37.880131],[-122.291661,37.880174],[-122.291544,37.8802],[-122.291515,37.880119],[-122.291551,37.880111],[-122.29154,37.880081],[-122.291554,37.880078],[-122.291553,37.880076],[-122.29167,37.88005],[-122.291683,37.880088],[-122.291674,37.880089]]]},"properties":{"id":"w821645337","b":"yes","lv":null,"n":null}},
{"type":"Feature","geometry":{"type":"Polygon","coordinates":[[[-122.291431,37.880514],[-122.291421,37.880483],[-122.291442,37.880479],[-122.291431,37.880448],[-122.291607,37.88041],[-122.29162,37.880446],[-122.291634,37.880443],[-122.291643,37.880468],[-122.291431,37.880514]]]},"properties":{"id":"w821645339","b":"yes","lv":null,"n":null}},
{"type":"Feature","geometry":{"type":"Polygon","coordinates":[[[-122.304834,37.876723],[-122.304824,37.876693],[-122.304706,37.876716],[-122.304717,37.876752],[-122.30431,37.876833],[-122.304276,37.876724],[-122.304187,37.876742],[-122.304078,37.876399],[-122.304153,37.876385],[-122.304053,37.876071],[-122.304137,37.876055],[-122.304097,37.875926],[-122.304371,37.875872],[-122.304328,37.875735],[-122.304487,37.875703],[-122.304571,37.875967],[-122.304858,37.875911],[-122.305066,37.876566],[-122.305036,37.876572],[-122.305069,37.876676],[-122.304834,37.876723]]]},"properties":{"id":"w821645341","b":"industrial","lv":null,"n":"Pacific Steel Casting"}},
{"type":"Feature","geometry":{"type":"Polygon","coordinates":[[[-122.291495,37.880706],[-122.291483,37.880673],[-122.291467,37.880677],[-122.291456,37.880644],[-122.291475,37.88064],[-122.291608,37.880611],[-122.291631,37.880677],[-122.291495,37.880706]]]},"properties":{"id":"w821645342","b":"yes","lv":null,"n":null}},
{"type":"Feature","geometry":{"type":"Polygon","coordinates":[[[-122.30286,37.875304],[-122.302852,37.875279],[-122.302838,37.875281],[-122.302825,37.875243],[-122.302834,37.875241],[-122.302827,37.875219],[-122.302472,37.87529],[-122.302448,37.875215],[-122.302442,37.875216],[-122.302436,37.875198],[-122.302442,37.875197],[-122.302427,37.875151],[-122.30243,37.875151],[-122.302363,37.874941],[-122.302609,37.874892],[-122.302591,37.874834],[-122.302688,37.874815],[-122.302689,37.87482],[-122.302702,37.874817],[-122.302719,37.874871],[-122.302677,37.87488],[-122.302694,37.874935],[-122.302629,37.874948],[-122.302677,37.8751],[-122.302858,37.875065],[-122.302773,37.8748],[-122.303052,37.874745],[-122.303172,37.874721],[-122.303275,37.875044],[-122.303136,37.875071],[-122.303162,37.875153],[-122.303301,37.875125],[-122.303328,37.875211],[-122.30286,37.875304]]]},"properties":{"id":"w821645344","b":"yes","lv":null,"n":null}},
{"type":"Feature","geometry":{"type":"Polygon","coordinates":[[[-122.291448,37.880596],[-122.291438,37.880563],[-122.291429,37.880565],[-122.291416,37.880525],[-122.291575,37.880493],[-122.291586,37.880526],[-122.291582,37.880527],[-122.291588,37.880544],[-122.291595,37.880567],[-122.291448,37.880596]]]},"properties":{"id":"w821645345","b":"yes","lv":null,"n":null}},
{"type":"Feature","geometry":{"type":"Polygon","coordinates":[[[-122.303341,37.875753],[-122.303344,37.875763],[-122.302672,37.875896],[-122.302629,37.875762],[-122.302544,37.875494],[-122.302761,37.875451],[-122.302752,37.875423],[-122.302742,37.875425],[-122.30273,37.875388],[-122.302739,37.875386],[-122.302732,37.875365],[-122.303272,37.875258],[-122.303282,37.875288],[-122.303293,37.875286],[-122.303303,37.875317],[-122.303294,37.875319],[-122.303302,37.875345],[-122.302879,37.875429],[-122.302894,37.875475],[-122.302973,37.87546],[-122.303001,37.87555],[-122.30326,37.875499],[-122.303296,37.875612],[-122.303312,37.875609],[-122.303357,37.87575],[-122.303341,37.875753]]]},"properties":{"id":"w821645346","b":"office","lv":"1","n":null}},
{"type":"Feature","geometry":{"type":"Polygon","coordinates":[[[-122.302545,37.876854],[-122.302517,37.876769],[-122.302579,37.876756],[-122.302583,37.876767],[-122.302701,37.876742],[-122.302722,37.876803],[-122.302604,37.876827],[-122.302609,37.876841],[-122.302545,37.876854]]]},"properties":{"id":"w821645348","b":"yes","lv":null,"n":null}},
{"type":"Feature","geometry":{"type":"Polygon","coordinates":[[[-122.302703,37.877098],[-122.302675,37.87701],[-122.302564,37.877032],[-122.302574,37.877061],[-122.302656,37.877045],[-122.302694,37.877164],[-122.302602,37.877182],[-122.302583,37.877122],[-122.302415,37.877155],[-122.302348,37.876944],[-122.302766,37.876861],[-122.302833,37.877073],[-122.302703,37.877098]]]},"properties":{"id":"w821645349","b":"yes","lv":null,"n":null}},
{"type":"Feature","geometry":{"type":"Polygon","coordinates":[[[-122.302225,37.877237],[-122.302168,37.877248],[-122.302171,37.877259],[-122.302089,37.877276],[-122.302086,37.877266],[-122.302025,37.877278],[-122.301991,37.877173],[-122.302076,37.877155],[-122.302072,37.877143],[-122.302108,37.877136],[-122.302112,37.877148],[-122.302191,37.877132],[-122.302225,37.877237]]]},"properties":{"id":"w821645350","b":"yes","lv":null,"n":null}},
{"type":"Feature","geometry":{"type":"Polygon","coordinates":[[[-122.291611,37.880304],[-122.291616,37.880317],[-122.291491,37.880343],[-122.291477,37.880303],[-122.291491,37.8803],[-122.291476,37.880258],[-122.291605,37.880231],[-122.291612,37.880252],[-122.291626,37.880249],[-122.291642,37.880297],[-122.291611,37.880304]]]},"properties":{"id":"w821645353","b":"yes","lv":null,"n":null}},
{"type":"Feature","geometry":{"type":"Polygon","coordinates":[[[-122.302147,37.877015],[-122.302157,37.877049],[-122.302029,37.877073],[-122.302011,37.877012],[-122.302161,37.876984],[-122.302169,37.877011],[-122.302147,37.877015]]]},"properties":{"id":"w821645354","b":"yes","lv":null,"n":null}},
{"type":"Feature","geometry":{"type":"Polygon","coordinates":[[[-122.302134,37.876925],[-122.30214,37.876946],[-122.301977,37.876979],[-122.30197,37.876958],[-122.301959,37.87696],[-122.301944,37.876912],[-122.302005,37.8769],[-122.302003,37.876892],[-122.302064,37.876879],[-122.302066,37.876887],[-122.302141,37.876873],[-122.302156,37.87692],[-122.302134,37.876925]]]},"properties":{"id":"w821645355","b":"yes","lv":null,"n":null}},
{"type":"Feature","geometry":{"type":"Polygon","coordinates":[[[-122.296527,37.877908],[-122.296428,37.877927],[-122.296418,37.877897],[-122.296402,37.8779],[-122.296399,37.877888],[-122.296379,37.877892],[-122.296368,37.877857],[-122.296395,37.877852],[-122.296424,37.877846],[-122.296423,37.877844],[-122.296438,37.877841],[-122.296439,37.877843],[-122.29653,37.877826],[-122.296543,37.877868],[-122.296576,37.877861],[-122.296587,37.877896],[-122.296527,37.877908]]]},"properties":{"id":"w821645356","b":"detached","lv":null,"n":null}},
{"type":"Feature","geometry":{"type":"Polygon","coordinates":[[[-122.29643,37.878043],[-122.29642,37.87801],[-122.296436,37.878007],[-122.296433,37.877996],[-122.296447,37.877993],[-122.296437,37.877961],[-122.296564,37.877936],[-122.296573,37.877964],[-122.296619,37.877956],[-122.296609,37.877922],[-122.296688,37.877907],[-122.296713,37.877989],[-122.29643,37.878043]]]},"properties":{"id":"w821645357","b":"detached","lv":null,"n":null}},
{"type":"Feature","geometry":{"type":"Polygon","coordinates":[[[-122.291618,37.880403],[-122.291612,37.880387],[-122.291458,37.880422],[-122.291441,37.880373],[-122.291642,37.880332],[-122.291654,37.880369],[-122.29167,37.880365],[-122.291679,37.88039],[-122.291618,37.880403]]]},"properties":{"id":"w821645358","b":"yes","lv":null,"n":null}},
{"type":"Feature","geometry":{"type":"Polygon","coordinates":[[[-122.301922,37.876861],[-122.301904,37.876804],[-122.30193,37.876799],[-122.301926,37.876784],[-122.302026,37.876764],[-122.302049,37.876836],[-122.301922,37.876861]]]},"properties":{"id":"w821645359","b":"yes","lv":null,"n":null}},
{"type":"Feature","geometry":{"type":"Polygon","coordinates":[[[-122.301881,37.87673],[-122.301856,37.876657],[-122.30189,37.87665],[-122.30189,37.876652],[-122.301986,37.876632],[-122.30201,37.876702],[-122.301881,37.87673]]]},"properties":{"id":"w821645360","b":"yes","lv":null,"n":null}},
{"type":"Feature","geometry":{"type":"Polygon","coordinates":[[[-122.296548,37.878114],[-122.29655,37.87812],[-122.296459,37.878139],[-122.296447,37.878101],[-122.296525,37.878085],[-122.296514,37.878051],[-122.29665,37.878023],[-122.296671,37.878089],[-122.296548,37.878114]]]},"properties":{"id":"w821645361","b":"detached","lv":null,"n":null}},
{"type":"Feature","geometry":{"type":"Polygon","coordinates":[[[-122.296563,37.878203],[-122.29655,37.878166],[-122.296475,37.878182],[-122.296463,37.878147],[-122.29655,37.878129],[-122.296552,37.878136],[-122.29669,37.878107],[-122.296712,37.878172],[-122.296563,37.878203]]]},"properties":{"id":"w821645363","b":"detached","lv":null,"n":null}},
{"type":"Feature","geometry":{"type":"Polygon","coordinates":[[[-122.301851,37.876631],[-122.301829,37.876562],[-122.301973,37.876533],[-122.301983,37.876562],[-122.302026,37.876553],[-122.302039,37.876593],[-122.301851,37.876631]]]},"properties":{"id":"w821645365","b":"yes","lv":null,"n":null}},
{"type":"Feature","geometry":{"type":"Polygon","coordinates":[[[-122.301824,37.876497],[-122.301817,37.876476],[-122.301803,37.876478],[-122.301779,37.876401],[-122.301865,37.876385],[-122.301895,37.876484],[-122.301824,37.876497]]]},"properties":{"id":"w821645366","b":"yes","lv":null,"n":null}},
{"type":"Feature","geometry":{"type":"Polygon","coordinates":[[[-122.296599,37.878285],[-122.296601,37.878292],[-122.296511,37.87831],[-122.296499,37.878274],[-122.296578,37.878258],[-122.296567,37.878223],[-122.296616,37.878213],[-122.296615,37.878209],[-122.296625,37.878207],[-122.296626,37.87821],[-122.296713,37.878193],[-122.296734,37.878257],[-122.296599,37.878285]]]},"properties":{"id":"w821645367","b":"detached","lv":null,"n":null}},
{"type":"Feature","geometry":{"type":"Polygon","coordinates":[[[-122.296618,37.878377],[-122.296607,37.878344],[-122.29653,37.87836],[-122.296517,37.878321],[-122.296606,37.878303],[-122.296608,37.878309],[-122.296745,37.878281],[-122.296766,37.878346],[-122.296618,37.878377]]]},"properties":{"id":"w821645369","b":"detached","lv":null,"n":null}},
{"type":"Feature","geometry":{"type":"Polygon","coordinates":[[[-122.292317,37.88013],[-122.292323,37.880151],[-122.292194,37.880177],[-122.292192,37.880172],[-122.292173,37.880176],[-122.292152,37.880111],[-122.29231,37.880078],[-122.292316,37.880096],[-122.292328,37.880093],[-122.292338,37.880125],[-122.292317,37.88013]]]},"properties":{"id":"w821645370","b":"yes","lv":null,"n":null}},
{"type":"Feature","geometry":{"type":"Polygon","coordinates":[[[-122.301948,37.876007],[-122.301948,37.876006],[-122.301927,37.87601],[-122.301923,37.875998],[-122.301897,37.876004],[-122.301877,37.875945],[-122.302004,37.875918],[-122.302029,37.875991],[-122.301948,37.876007]]]},"properties":{"id":"w821645371","b":"yes","lv":null,"n":null}},
{"type":"Feature","geometry":{"type":"Polygon","coordinates":[[[-122.297143,37.878272],[-122.297145,37.878281],[-122.297084,37.878293],[-122.297082,37.878287],[-122.296997,37.878304],[-122.296966,37.878207],[-122.296946,37.878211],[-122.296918,37.878123],[-122.296955,37.878116],[-122.296948,37.878095],[-122.296979,37.878089],[-122.296985,37.878109],[-122.297041,37.878098],[-122.297069,37.878185],[-122.297057,37.878188],[-122.297058,37.878192],[-122.297114,37.878181],[-122.297112,37.878176],[-122.297202,37.878158],[-122.297233,37.878254],[-122.297143,37.878272]]]},"properties":{"id":"w821645372","b":"yes","lv":null,"n":null}},
{"type":"Feature","geometry":{"type":"Polygon","coordinates":[[[-122.301739,37.87605],[-122.30174,37.876053],[-122.301708,37.876059],[-122.301707,37.876056],[-122.301692,37.876059],[-122.301688,37.876048],[-122.301661,37.876054],[-122.301642,37.875995],[-122.301654,37.875993],[-122.301651,37.875986],[-122.301662,37.875984],[-122.301664,37.875991],[-122.301767,37.875969],[-122.30179,37.876039],[-122.301739,37.87605]]]},"properties":{"id":"w821645373","b":"yes","lv":null,"n":null}},
{"type":"Feature","geometry":{"type":"Polygon","coordinates":[[[-122.292808,37.880309],[-122.292805,37.880299],[-122.292677,37.880327],[-122.292657,37.880269],[-122.292816,37.880234],[-122.292833,37.880282],[-122.29284,37.88028],[-122.292847,37.880301],[-122.292808,37.880309]]]},"properties":{"id":"w821645375","b":"yes","lv":null,"n":null}},
{"type":"Feature","geometry":{"type":"Polygon","coordinates":[[[-122.301639,37.875934],[-122.301632,37.875911],[-122.301616,37.875914],[-122.301592,37.875836],[-122.301681,37.875818],[-122.301713,37.875919],[-122.301639,37.875934]]]},"properties":{"id":"w821645376","b":"yes","lv":null,"n":null}},
{"type":"Feature","geometry":{"type":"Polygon","coordinates":[[[-122.301502,37.875529],[-122.301482,37.875462],[-122.301523,37.875454],[-122.301516,37.875428],[-122.301567,37.875419],[-122.301594,37.875512],[-122.301502,37.875529]]]},"properties":{"id":"w821645379","b":"yes","lv":null,"n":null}},
{"type":"Feature","geometry":{"type":"Polygon","coordinates":[[[-122.296843,37.878237],[-122.296863,37.8783],[-122.29682,37.878308],[-122.296798,37.878239],[-122.296805,37.878238],[-122.29677,37.878129],[-122.296785,37.878126],[-122.296775,37.878094],[-122.296829,37.878083],[-122.296839,37.878115],[-122.296851,37.878112],[-122.296888,37.878228],[-122.296843,37.878237]]]},"properties":{"id":"w821645380","b":"yes","lv":null,"n":null}},
{"type":"Feature","geometry":{"type":"Polygon","coordinates":[[[-122.292684,37.88025],[-122.292623,37.880262],[-122.292595,37.880177],[-122.292681,37.880159],[-122.292773,37.88014],[-122.292781,37.880165],[-122.292794,37.880162],[-122.292802,37.880186],[-122.29281,37.880184],[-122.292822,37.880221],[-122.292684,37.88025]]]},"properties":{"id":"w821645384","b":"yes","lv":null,"n":null}},
{"type":"Feature","geometry":{"type":"Polygon","coordinates":[[[-122.301452,37.875418],[-122.301436,37.875372],[-122.301448,37.87537],[-122.301441,37.875349],[-122.301488,37.875339],[-122.30149,37.875344],[-122.301578,37.875326],[-122.301599,37.875388],[-122.301452,37.875418]]]},"properties":{"id":"w821645385","b":"yes","lv":null,"n":null}},
{"type":"Feature","geometry":{"type":"Polygon","coordinates":[[[-122.297195,37.877962],[-122.297203,37.877988],[-122.297029,37.878023],[-122.297027,37.878015],[-122.296992,37.878022],[-122.296975,37.87797],[-122.297008,37.877963],[-122.297006,37.877956],[-122.297035,37.87795],[-122.297033,37.877944],[-122.297204,37.87791],[-122.297219,37.877957],[-122.297195,37.877962]]]},"properties":{"id":"w821645386","b":"detached","lv":null,"n":null}},
{"type":"Feature","geometry":{"type":"Polygon","coordinates":[[[-122.292774,37.880089],[-122.292775,37.880093],[-122.292702,37.880108],[-122.292707,37.880122],[-122.292647,37.880134],[-122.292645,37.880128],[-122.292592,37.880139],[-122.292575,37.880087],[-122.292601,37.880081],[-122.292599,37.880075],[-122.292664,37.880062],[-122.292661,37.880053],[-122.292755,37.880034],[-122.292762,37.880056],[-122.292784,37.880051],[-122.292796,37.880085],[-122.292774,37.880089]]]},"properties":{"id":"w821645387","b":"yes","lv":null,"n":null}},
{"type":"Feature","geometry":{"type":"Polygon","coordinates":[[[-122.301428,37.875307],[-122.301421,37.875283],[-122.301406,37.875285],[-122.301389,37.87523],[-122.301517,37.875206],[-122.301541,37.875286],[-122.301428,37.875307]]]},"properties":{"id":"w821645388","b":"yes","lv":null,"n":null}},
{"type":"Feature","geometry":{"type":"Polygon","coordinates":[[[-122.302896,37.876587],[-122.302723,37.876059],[-122.303058,37.87599],[-122.303103,37.876128],[-122.303204,37.876108],[-122.303298,37.876392],[-122.303322,37.876467],[-122.303329,37.876487],[-122.303332,37.876498],[-122.302896,37.876587]]]},"properties":{"id":"w821645391","b":"yes","lv":null,"n":null}},
{"type":"Feature","geometry":{"type":"Polygon","coordinates":[[[-122.297183,37.877855],[-122.297188,37.87787],[-122.296987,37.87791],[-122.296959,37.877819],[-122.297171,37.877777],[-122.297195,37.877853],[-122.297183,37.877855]]]},"properties":{"id":"w821645392","b":"apartments","lv":null,"n":null}},
{"type":"Feature","geometry":{"type":"Polygon","coordinates":[[[-122.301901,37.876326],[-122.301907,37.876345],[-122.301759,37.876373],[-122.301739,37.876307],[-122.301744,37.876306],[-122.301734,37.876275],[-122.301874,37.876248],[-122.30188,37.876267],[-122.30194,37.876256],[-122.301958,37.876315],[-122.301901,37.876326]]]},"properties":{"id":"w821645394","b":"yes","lv":null,"n":null}},
{"type":"Feature","geometry":{"type":"Polygon","coordinates":[[[-122.303564,37.876103],[-122.30357,37.876122],[-122.303498,37.876136],[-122.303492,37.876117],[-122.303462,37.876123],[-122.303441,37.876058],[-122.303475,37.876051],[-122.303431,37.875917],[-122.30355,37.875893],[-122.303615,37.876093],[-122.303564,37.876103]]]},"properties":{"id":"w821645397","b":"yes","lv":null,"n":null}},
{"type":"Feature","geometry":{"type":"Polygon","coordinates":[[[-122.296833,37.877777],[-122.29681,37.877703],[-122.297117,37.877644],[-122.29714,37.877718],[-122.296833,37.877777]]]},"properties":{"id":"w821645398","b":"apartments","lv":null,"n":null}},
{"type":"Feature","geometry":{"type":"Polygon","coordinates":[[[-122.296576,37.877768],[-122.296583,37.877791],[-122.296395,37.877829],[-122.296395,37.877827],[-122.296382,37.877829],[-122.296364,37.877833],[-122.296353,37.877799],[-122.296369,37.877795],[-122.296365,37.877784],[-122.29638,37.877781],[-122.29637,37.877751],[-122.296422,37.87774],[-122.296425,37.877749],[-122.296447,37.877745],[-122.296444,37.877736],[-122.296558,37.877712],[-122.29656,37.877716],[-122.296588,37.87771],[-122.296605,37.877762],[-122.296576,37.877768]]]},"properties":{"id":"w821645399","b":"detached","lv":null,"n":null}},
{"type":"Feature","geometry":{"type":"Polygon","coordinates":[[[-122.296331,37.877634],[-122.296321,37.877603],[-122.29638,37.877592],[-122.296389,37.877623],[-122.296331,37.877634]]]},"properties":{"id":"w821645402","b":"hut","lv":null,"n":null}},
{"type":"Feature","geometry":{"type":"Polygon","coordinates":[[[-122.296296,37.877605],[-122.29628,37.877551],[-122.296361,37.877536],[-122.296377,37.87759],[-122.296296,37.877605]]]},"properties":{"id":"w821645403","b":"hut","lv":null,"n":null}},
{"type":"Feature","geometry":{"type":"Polygon","coordinates":[[[-122.296484,37.877703],[-122.296482,37.877698],[-122.296435,37.877707],[-122.296432,37.877698],[-122.29641,37.877703],[-122.296413,37.877711],[-122.296385,37.877717],[-122.296347,37.877724],[-122.296334,37.877681],[-122.296311,37.877685],[-122.296301,37.877652],[-122.296359,37.87764],[-122.296357,37.877635],[-122.296372,37.877632],[-122.296374,37.877637],[-122.296457,37.877621],[-122.296456,37.877617],[-122.296537,37.877601],[-122.296564,37.877687],[-122.296484,37.877703]]]},"properties":{"id":"w821645404","b":"detached","lv":null,"n":null}},
{"type":"Feature","geometry":{"type":"Polygon","coordinates":[[[-122.292039,37.880638],[-122.292036,37.880642],[-122.292033,37.88064],[-122.292015,37.880643],[-122.292021,37.88066],[-122.291859,37.880695],[-122.291831,37.880611],[-122.292014,37.880573],[-122.292019,37.880591],[-122.292044,37.880585],[-122.29206,37.880634],[-122.292039,37.880638]]]},"properties":{"id":"w821645405","b":"yes","lv":null,"n":null}},
{"type":"Feature","geometry":{"type":"Polygon","coordinates":[[[-122.291859,37.880562],[-122.291831,37.88048],[-122.291882,37.880469],[-122.292009,37.880442],[-122.292037,37.880524],[-122.291859,37.880562]]]},"properties":{"id":"w821645406","b":"yes","lv":null,"n":null}},
{"type":"Feature","geometry":{"type":"Polygon","coordinates":[[[-122.305311,37.876631],[-122.305225,37.876361],[-122.305425,37.876321],[-122.305435,37.876353],[-122.30579,37.876281],[-122.305785,37.876265],[-122.305896,37.876243],[-122.305889,37.876222],[-122.306059,37.876188],[-122.306148,37.876464],[-122.305311,37.876631]]]},"properties":{"id":"w821645409","b":"industrial","lv":null,"n":"Pacific Steel Casting"}},
{"type":"Feature","geometry":{"type":"Polygon","coordinates":[[[-122.29226,37.880406],[-122.292251,37.880378],[-122.292269,37.880374],[-122.29226,37.880347],[-122.292388,37.880321],[-122.292406,37.880377],[-122.29226,37.880406]]]},"properties":{"id":"w821645411","b":"yes","lv":null,"n":null}},
{"type":"Feature","geometry":{"type":"Polygon","coordinates":[[[-122.305936,37.875908],[-122.30592,37.875861],[-122.305953,37.875854],[-122.305969,37.875901],[-122.305936,37.875908]]]},"properties":{"id":"w821645412","b":"yes","lv":null,"n":null}},
{"type":"Feature","geometry":{"type":"Polygon","coordinates":[[[-122.296912,37.877646],[-122.296887,37.877564],[-122.297075,37.877528],[-122.297101,37.877609],[-122.296912,37.877646]]]},"properties":{"id":"w821645413","b":"detached","lv":null,"n":null}},
{"type":"Feature","geometry":{"type":"Polygon","coordinates":[[[-122.292242,37.880296],[-122.29223,37.880259],[-122.292213,37.880262],[-122.292201,37.880228],[-122.29235,37.880197],[-122.292374,37.880269],[-122.292242,37.880296]]]},"properties":{"id":"w821645414","b":"yes","lv":null,"n":null}},
{"type":"Feature","geometry":{"type":"Polygon","coordinates":[[[-122.305823,37.876142],[-122.305838,37.876194],[-122.30568,37.876226],[-122.305663,37.876175],[-122.305522,37.876203],[-122.305538,37.876256],[-122.305286,37.876305],[-122.305185,37.875989],[-122.305474,37.875931],[-122.305467,37.875908],[-122.305538,37.875894],[-122.305545,37.875916],[-122.305556,37.875914],[-122.305554,37.875893],[-122.305596,37.875884],[-122.305582,37.875835],[-122.305573,37.875833],[-122.305534,37.875841],[-122.305523,37.875805],[-122.30573,37.875766],[-122.305733,37.875776],[-122.305757,37.875771],[-122.305776,37.875829],[-122.305786,37.875827],[-122.3058,37.875841],[-122.30582,37.875837],[-122.305836,37.875856],[-122.305903,37.875842],[-122.305987,37.876108],[-122.305823,37.876142]]]},"properties":{"id":"w821645415","b":"industrial","lv":null,"n":"Pacific Steel Casting"}},
{"type":"Feature","geometry":{"type":"Polygon","coordinates":[[[-122.292335,37.880669],[-122.292324,37.880635],[-122.292313,37.880637],[-122.292299,37.880593],[-122.292499,37.880552],[-122.292512,37.880591],[-122.292524,37.88063],[-122.292335,37.880669]]]},"properties":{"id":"w821645416","b":"yes","lv":null,"n":null}},
{"type":"Feature","geometry":{"type":"Polygon","coordinates":[[[-122.296987,37.877498],[-122.296973,37.877446],[-122.297072,37.877429],[-122.297087,37.877481],[-122.296987,37.877498]]]},"properties":{"id":"w821645418","b":"detached","lv":null,"n":null}},
{"type":"Feature","geometry":{"type":"Polygon","coordinates":[[[-122.304576,37.87547],[-122.304539,37.875357],[-122.304489,37.875367],[-122.304482,37.875345],[-122.304539,37.875333],[-122.304518,37.875268],[-122.304618,37.875248],[-122.30465,37.875346],[-122.304634,37.875349],[-122.304668,37.875452],[-122.304576,37.87547]]]},"properties":{"id":"w821645420","b":"yes","lv":null,"n":null}},
{"type":"Feature","geometry":{"type":"Polygon","coordinates":[[[-122.293056,37.881365],[-122.293053,37.881354],[-122.293021,37.881361],[-122.293008,37.88132],[-122.29304,37.881314],[-122.293038,37.881305],[-122.293164,37.88128],[-122.293183,37.88134],[-122.293056,37.881365]]]},"properties":{"id":"w821645422","b":"house","lv":null,"n":null}},
{"type":"Feature","geometry":{"type":"Polygon","coordinates":[[[-122.304073,37.875611],[-122.304018,37.875451],[-122.304031,37.875448],[-122.304128,37.875427],[-122.304183,37.875588],[-122.304073,37.875611]]]},"properties":{"id":"w821645423","b":"yes","lv":null,"n":null}},
{"type":"Feature","geometry":{"type":"Polygon","coordinates":[[[-122.293046,37.881461],[-122.293026,37.881401],[-122.293195,37.881366],[-122.293215,37.881427],[-122.293046,37.881461]]]},"properties":{"id":"w821645425","b":"house","lv":null,"n":null}},
{"type":"Feature","geometry":{"type":"Polygon","coordinates":[[[-122.305424,37.87526],[-122.305344,37.874996],[-122.305679,37.874933],[-122.305758,37.875197],[-122.305424,37.87526]]]},"properties":{"id":"w821645426","b":"yes","lv":null,"n":null}},
{"type":"Feature","geometry":{"type":"Polygon","coordinates":[[[-122.291939,37.881163],[-122.291931,37.881139],[-122.291884,37.881149],[-122.291863,37.881086],[-122.29191,37.881076],[-122.291875,37.880971],[-122.291901,37.880965],[-122.291887,37.880925],[-122.291955,37.880911],[-122.292033,37.881143],[-122.291939,37.881163]]]},"properties":{"id":"w821645428","b":"apartments","lv":null,"n":null}},
{"type":"Feature","geometry":{"type":"Polygon","coordinates":[[[-122.30521,37.875651],[-122.305184,37.875571],[-122.305384,37.87553],[-122.30541,37.87561],[-122.30521,37.875651]]]},"properties":{"id":"w821645429","b":"industrial","lv":null,"n":null}},
{"type":"Feature","geometry":{"type":"Polygon","coordinates":[[[-122.297017,37.877334],[-122.297029,37.877375],[-122.296966,37.877387],[-122.296936,37.877286],[-122.296954,37.877283],[-122.296955,37.877287],[-122.29697,37.877285],[-122.296965,37.877267],[-122.297018,37.877258],[-122.297039,37.87733],[-122.297017,37.877334]]]},"properties":{"id":"w821645430","b":"detached","lv":null,"n":null}},
{"type":"Feature","geometry":{"type":"Polygon","coordinates":[[[-122.305636,37.875534],[-122.305645,37.875563],[-122.305444,37.875604],[-122.305419,37.875524],[-122.305648,37.875478],[-122.305665,37.875528],[-122.305636,37.875534]]]},"properties":{"id":"w821645431","b":"industrial","lv":null,"n":null}},
{"type":"Feature","geometry":{"type":"Polygon","coordinates":[[[-122.296868,37.877436],[-122.296854,37.877387],[-122.296837,37.87739],[-122.296813,37.87731],[-122.296847,37.877304],[-122.296842,37.877289],[-122.296894,37.877279],[-122.296936,37.877423],[-122.296868,37.877436]]]},"properties":{"id":"w821645432","b":"yes","lv":null,"n":null}},
{"type":"Feature","geometry":{"type":"Polygon","coordinates":[[[-122.296739,37.877393],[-122.296752,37.877435],[-122.296702,37.877444],[-122.296669,37.877339],[-122.296693,37.877334],[-122.296689,37.877322],[-122.296711,37.877318],[-122.29671,37.877314],[-122.29675,37.877306],[-122.296775,37.877386],[-122.296739,37.877393]]]},"properties":{"id":"w821645434","b":"yes","lv":null,"n":null}},
{"type":"Feature","geometry":{"type":"Polygon","coordinates":[[[-122.29213,37.880876],[-122.292132,37.880881],[-122.292113,37.880888],[-122.292012,37.880906],[-122.291986,37.880835],[-122.292106,37.88081],[-122.29212,37.880846],[-122.292139,37.880841],[-122.29215,37.880871],[-122.29213,37.880876]]]},"properties":{"id":"w821645435","b":"yes","lv":null,"n":null}},
{"type":"Feature","geometry":{"type":"Polygon","coordinates":[[[-122.292903,37.880974],[-122.292888,37.880932],[-122.292919,37.880925],[-122.292934,37.880967],[-122.292903,37.880974]]]},"properties":{"id":"w821645436","b":"shed","lv":null,"n":null}},
{"type":"Feature","geometry":{"type":"Polygon","coordinates":[[[-122.305519,37.87495],[-122.305498,37.874885],[-122.305483,37.874888],[-122.305416,37.874675],[-122.305432,37.874672],[-122.30541,37.8746],[-122.305474,37.874588],[-122.305464,37.874557],[-122.30556,37.874538],[-122.305566,37.874558],[-122.305591,37.874553],[-122.305704,37.874914],[-122.305519,37.87495]]]},"properties":{"id":"w821645437","b":"yes","lv":null,"n":null}},
{"type":"Feature","geometry":{"type":"Polygon","coordinates":[[[-122.296574,37.877522],[-122.296546,37.877433],[-122.296511,37.87744],[-122.296487,37.877362],[-122.296551,37.87735],[-122.296555,37.877361],[-122.296575,37.877357],[-122.296595,37.877423],[-122.296637,37.877415],[-122.29666,37.87749],[-122.296624,37.877497],[-122.296629,37.877512],[-122.296574,37.877522]]]},"properties":{"id":"w821645438","b":"detached","lv":null,"n":null}},
{"type":"Feature","geometry":{"type":"Polygon","coordinates":[[[-122.304836,37.875088],[-122.30478,37.874913],[-122.305388,37.874793],[-122.305444,37.874968],[-122.304836,37.875088]]]},"properties":{"id":"w821645439","b":"yes","lv":null,"n":null}},
{"type":"Feature","geometry":{"type":"Polygon","coordinates":[[[-122.296457,37.877523],[-122.296448,37.877498],[-122.296393,37.877509],[-122.296383,37.877479],[-122.296392,37.877477],[-122.296366,37.8774],[-122.296391,37.877395],[-122.296387,37.877382],[-122.296447,37.87737],[-122.296495,37.877515],[-122.296457,37.877523]]]},"properties":{"id":"w821645440","b":"detached","lv":null,"n":null}},
{"type":"Feature","geometry":{"type":"Polygon","coordinates":[[[-122.292078,37.881025],[-122.29205,37.880936],[-122.292149,37.880916],[-122.292177,37.881005],[-122.292078,37.881025]]]},"properties":{"id":"w821645441","b":"yes","lv":null,"n":null}},
{"type":"Feature","geometry":{"type":"Polygon","coordinates":[[[-122.304782,37.874515],[-122.304747,37.874409],[-122.305311,37.874294],[-122.305346,37.8744],[-122.304782,37.874515]]]},"properties":{"id":"w821645442","b":"yes","lv":null,"n":null}},
{"type":"Feature","geometry":{"type":"Polygon","coordinates":[[[-122.296296,37.877481],[-122.296304,37.877507],[-122.296277,37.877512],[-122.296273,37.877502],[-122.296251,37.877506],[-122.296229,37.877432],[-122.296274,37.877423],[-122.296269,37.877405],[-122.296307,37.877398],[-122.296331,37.877475],[-122.296296,37.877481]]]},"properties":{"id":"w821645443","b":"detached","lv":null,"n":null}},
{"type":"Feature","geometry":{"type":"Polygon","coordinates":[[[-122.300806,37.879348],[-122.300774,37.879243],[-122.300822,37.879234],[-122.300864,37.879226],[-122.300896,37.879331],[-122.300806,37.879348]]]},"properties":{"id":"w821645444","b":"yes","lv":null,"n":null}},
{"type":"Feature","geometry":{"type":"Polygon","coordinates":[[[-122.292713,37.880943],[-122.292697,37.880894],[-122.29273,37.880887],[-122.292746,37.880937],[-122.292713,37.880943]]]},"properties":{"id":"w821645445","b":"garage","lv":null,"n":null}},
{"type":"Feature","geometry":{"type":"Polygon","coordinates":[[[-122.300951,37.879322],[-122.300933,37.879256],[-122.301025,37.87924],[-122.301043,37.879306],[-122.300951,37.879322]]]},"properties":{"id":"w821645446","b":"yes","lv":null,"n":null}},
{"type":"Feature","geometry":{"type":"Polygon","coordinates":[[[-122.301086,37.879291],[-122.301076,37.879257],[-122.301062,37.87926],[-122.301058,37.879246],[-122.301039,37.87925],[-122.301029,37.879216],[-122.301062,37.87921],[-122.30106,37.8792],[-122.301009,37.87921],[-122.300979,37.879107],[-122.301082,37.879088],[-122.30111,37.879184],[-122.301149,37.879177],[-122.301177,37.879275],[-122.301086,37.879291]]]},"properties":{"id":"w821645447","b":"yes","lv":null,"n":null}},
{"type":"Feature","geometry":{"type":"Polygon","coordinates":[[[-122.292587,37.880863],[-122.292596,37.880894],[-122.292452,37.880922],[-122.292442,37.880893],[-122.292421,37.880898],[-122.292408,37.880855],[-122.292476,37.880842],[-122.292475,37.880836],[-122.292519,37.880828],[-122.292521,37.880833],[-122.292574,37.880822],[-122.292579,37.880838],[-122.29259,37.880836],[-122.292598,37.880861],[-122.292587,37.880863]]]},"properties":{"id":"w821645448","b":"yes","lv":null,"n":null}},
{"type":"Feature","geometry":{"type":"Polygon","coordinates":[[[-122.292458,37.88106],[-122.292454,37.881047],[-122.292452,37.881047],[-122.29245,37.881041],[-122.292435,37.880994],[-122.292563,37.880969],[-122.292584,37.881035],[-122.292458,37.88106]]]},"properties":{"id":"w821645451","b":"house","lv":null,"n":null}},
{"type":"Feature","geometry":{"type":"Polygon","coordinates":[[[-122.298446,37.87925],[-122.298415,37.879154],[-122.298484,37.87914],[-122.29849,37.879159],[-122.298561,37.879144],[-122.298555,37.879127],[-122.298694,37.879098],[-122.2987,37.879118],[-122.298771,37.879103],[-122.298765,37.879084],[-122.298839,37.879069],[-122.29887,37.879163],[-122.298446,37.87925]]]},"properties":{"id":"w821645452","b":"office","lv":null,"n":null}},
{"type":"Feature","geometry":{"type":"Polygon","coordinates":[[[-122.297918,37.879069],[-122.29783,37.878791],[-122.29864,37.878631],[-122.298728,37.878909],[-122.298359,37.878982],[-122.297992,37.879057],[-122.297918,37.879069]]]},"properties":{"id":"w821645453","b":"industrial","lv":null,"n":null}},
{"type":"Feature","geometry":{"type":"Polygon","coordinates":[[[-122.292607,37.881028],[-122.292584,37.880962],[-122.292694,37.880939],[-122.292706,37.880972],[-122.292699,37.880973],[-122.29271,37.881006],[-122.292607,37.881028]]]},"properties":{"id":"w821645454","b":"house","lv":null,"n":null}},
{"type":"Feature","geometry":{"type":"Polygon","coordinates":[[[-122.297806,37.878691],[-122.297694,37.878342],[-122.298214,37.878237],[-122.298327,37.878586],[-122.297806,37.878691]]]},"properties":{"id":"w821645455","b":"industrial","lv":null,"n":null}},
{"type":"Feature","geometry":{"type":"Polygon","coordinates":[[[-122.292029,37.881449],[-122.292007,37.881371],[-122.292058,37.881362],[-122.292054,37.881348],[-122.292135,37.881333],[-122.292138,37.881344],[-122.292193,37.881334],[-122.292216,37.881415],[-122.292029,37.881449]]]},"properties":{"id":"w821645456","b":"house","lv":null,"n":null}},
{"type":"Feature","geometry":{"type":"Polygon","coordinates":[[[-122.298316,37.878495],[-122.298232,37.878233],[-122.298567,37.878167],[-122.29865,37.878428],[-122.298316,37.878495]]]},"properties":{"id":"w821645457","b":"yes","lv":null,"n":null}},
{"type":"Feature","geometry":{"type":"Polygon","coordinates":[[[-122.292258,37.881425],[-122.292217,37.881299],[-122.292267,37.881289],[-122.292317,37.881279],[-122.292329,37.881317],[-122.292334,37.881316],[-122.29234,37.881336],[-122.292346,37.881353],[-122.29234,37.881355],[-122.292357,37.881405],[-122.292258,37.881425]]]},"properties":{"id":"w821645458","b":"house","lv":null,"n":null}},
{"type":"Feature","geometry":{"type":"Polygon","coordinates":[[[-122.29996,37.879054],[-122.299987,37.879139],[-122.299398,37.879256],[-122.299371,37.879172],[-122.299367,37.879173],[-122.299293,37.878939],[-122.29926,37.878904],[-122.299384,37.878831],[-122.299431,37.878806],[-122.299555,37.878735],[-122.299614,37.878706],[-122.299678,37.878669],[-122.299704,37.878699],[-122.299703,37.8787],[-122.299832,37.87867],[-122.299903,37.878659],[-122.300026,37.87904],[-122.29996,37.879054]]]},"properties":{"id":"w821645459","b":"yes","lv":null,"n":null}},
{"type":"Feature","geometry":{"type":"Polygon","coordinates":[[[-122.292115,37.881136],[-122.292087,37.881048],[-122.292186,37.881027],[-122.292215,37.881115],[-122.292115,37.881136]]]},"properties":{"id":"w821645460","b":"house","lv":null,"n":null}},
{"type":"Feature","geometry":{"type":"Polygon","coordinates":[[[-122.299042,37.878473],[-122.299026,37.878423],[-122.298885,37.87845],[-122.298866,37.878388],[-122.299077,37.878347],[-122.299088,37.878382],[-122.299035,37.878392],[-122.299041,37.878414],[-122.2991,37.878402],[-122.299118,37.878458],[-122.299042,37.878473]]]},"properties":{"id":"w821645461","b":"house","lv":null,"n":null}},
{"type":"Feature","geometry":{"type":"Polygon","coordinates":[[[-122.291792,37.881074],[-122.291597,37.881117],[-122.29159,37.881098],[-122.29158,37.8811],[-122.291566,37.881064],[-122.291714,37.881031],[-122.291708,37.881013],[-122.291752,37.881003],[-122.291759,37.881023],[-122.291773,37.881019],[-122.291792,37.881074]]]},"properties":{"id":"w821645462","b":"yes","lv":null,"n":null}},
{"type":"Feature","geometry":{"type":"Polygon","coordinates":[[[-122.291585,37.881011],[-122.291571,37.88097],[-122.291555,37.880973],[-122.291544,37.88094],[-122.291751,37.880897],[-122.291764,37.880934],[-122.291776,37.880971],[-122.291585,37.881011]]]},"properties":{"id":"w821645463","b":"yes","lv":null,"n":null}},
{"type":"Feature","geometry":{"type":"Polygon","coordinates":[[[-122.299076,37.878184],[-122.299056,37.87813],[-122.299113,37.878117],[-122.299132,37.878172],[-122.299076,37.878184]]]},"properties":{"id":"w821645464","b":"yes","lv":null,"n":null}},
{"type":"Feature","geometry":{"type":"Polygon","coordinates":[[[-122.291382,37.881256],[-122.291388,37.881274],[-122.291327,37.881286],[-122.291306,37.881225],[-122.29132,37.881222],[-122.291292,37.88114],[-122.291335,37.881131],[-122.291339,37.881141],[-122.291358,37.881137],[-122.291363,37.881153],[-122.291354,37.881155],[-122.291357,37.881163],[-122.291383,37.881157],[-122.291399,37.881205],[-122.291387,37.881208],[-122.291402,37.881252],[-122.291382,37.881256]]]},"properties":{"id":"w821645465","b":"yes","lv":null,"n":null}},
{"type":"Feature","geometry":{"type":"Polygon","coordinates":[[[-122.299157,37.878154],[-122.299137,37.878096],[-122.299109,37.878102],[-122.299102,37.878082],[-122.299093,37.878057],[-122.299193,37.878035],[-122.29923,37.878137],[-122.299157,37.878154]]]},"properties":{"id":"w821645466","b":"yes","lv":null,"n":null}},
{"type":"Feature","geometry":{"type":"Polygon","coordinates":[[[-122.291303,37.880955],[-122.291311,37.880956],[-122.291283,37.88106],[-122.291171,37.881041],[-122.291204,37.88092],[-122.291216,37.880923],[-122.291222,37.880899],[-122.291314,37.880914],[-122.291303,37.880955]]]},"properties":{"id":"w821645467","b":"yes","lv":null,"n":null}},
{"type":"Feature","geometry":{"type":"Polygon","coordinates":[[[-122.299369,37.878425],[-122.299243,37.878029],[-122.299348,37.878008],[-122.29953,37.877972],[-122.299586,37.878147],[-122.299622,37.87814],[-122.299604,37.878083],[-122.299595,37.878084],[-122.299569,37.878001],[-122.299669,37.877981],[-122.299695,37.878063],[-122.299688,37.878065],[-122.299695,37.878087],[-122.299702,37.878085],[-122.299714,37.878122],[-122.299729,37.878119],[-122.299752,37.87819],[-122.299613,37.878218],[-122.299618,37.878233],[-122.299751,37.878207],[-122.299793,37.878341],[-122.299369,37.878425]]]},"properties":{"id":"w821645468","b":"yes","lv":null,"n":null}},
{"type":"Feature","geometry":{"type":"Polygon","coordinates":[[[-122.291132,37.881241],[-122.291122,37.88121],[-122.291142,37.881206],[-122.29113,37.881168],[-122.291228,37.881148],[-122.291251,37.881217],[-122.291132,37.881241]]]},"properties":{"id":"w821645469","b":"yes","lv":null,"n":null}},
{"type":"Feature","geometry":{"type":"Polygon","coordinates":[[[-122.300677,37.878388],[-122.300665,37.878352],[-122.300063,37.878474],[-122.299945,37.878111],[-122.300184,37.878063],[-122.300188,37.878062],[-122.300164,37.877989],[-122.29992,37.878039],[-122.299873,37.877896],[-122.300152,37.87784],[-122.300156,37.877852],[-122.300278,37.877827],[-122.300345,37.878031],[-122.300749,37.877949],[-122.300879,37.878347],[-122.300677,37.878388]]]},"properties":{"id":"w821645470","b":"yes","lv":null,"n":null}},
{"type":"Feature","geometry":{"type":"Polygon","coordinates":[[[-122.291211,37.881318],[-122.291209,37.881313],[-122.29112,37.881331],[-122.291115,37.881315],[-122.291093,37.881319],[-122.291079,37.881275],[-122.291191,37.881252],[-122.291233,37.881244],[-122.291254,37.881309],[-122.291211,37.881318]]]},"properties":{"id":"w821645471","b":"yes","lv":null,"n":null}},
{"type":"Feature","geometry":{"type":"Polygon","coordinates":[[[-122.301092,37.877916],[-122.301081,37.877885],[-122.301157,37.877869],[-122.301167,37.8779],[-122.301092,37.877916]]]},"properties":{"id":"w821645472","b":"yes","lv":null,"n":null}},
{"type":"Feature","geometry":{"type":"Polygon","coordinates":[[[-122.291859,37.881552],[-122.291855,37.881539],[-122.291753,37.88156],[-122.291731,37.881494],[-122.291905,37.881459],[-122.29193,37.881538],[-122.291859,37.881552]]]},"properties":{"id":"w821645473","b":"house","lv":null,"n":null}},
{"type":"Feature","geometry":{"type":"Polygon","coordinates":[[[-122.301268,37.87797],[-122.30127,37.877976],[-122.301106,37.87801],[-122.301093,37.877971],[-122.301073,37.877975],[-122.301062,37.877941],[-122.301084,37.877936],[-122.301083,37.877932],[-122.301244,37.877898],[-122.301257,37.877937],[-122.301272,37.877934],[-122.301283,37.877967],[-122.301268,37.87797]]]},"properties":{"id":"w821645474","b":"yes","lv":null,"n":null}},
{"type":"Feature","geometry":{"type":"Polygon","coordinates":[[[-122.291802,37.880291],[-122.291772,37.880202],[-122.291834,37.88019],[-122.291825,37.880163],[-122.291893,37.880149],[-122.291902,37.880176],[-122.291922,37.880172],[-122.291951,37.880259],[-122.291802,37.880291]]]},"properties":{"id":"w821645475","b":"yes","lv":null,"n":null}},
{"type":"Feature","geometry":{"type":"Polygon","coordinates":[[[-122.292526,37.880765],[-122.29253,37.880777],[-122.292394,37.880805],[-122.292377,37.880755],[-122.292381,37.880754],[-122.292368,37.880714],[-122.292398,37.880708],[-122.292414,37.880705],[-122.292412,37.880701],[-122.292423,37.880699],[-122.292424,37.880702],[-122.292525,37.880681],[-122.292539,37.880724],[-122.292551,37.88076],[-122.292526,37.880765]]]},"properties":{"id":"w821645477","b":"yes","lv":null,"n":null}},
{"type":"Feature","geometry":{"type":"Polygon","coordinates":[[[-122.302817,37.877826],[-122.302814,37.877816],[-122.302589,37.87786],[-122.30247,37.877884],[-122.302453,37.87783],[-122.302436,37.877775],[-122.303003,37.877664],[-122.303041,37.877782],[-122.302817,37.877826]]]},"properties":{"id":"w821645478","b":"yes","lv":null,"n":null}},
{"type":"Feature","geometry":{"type":"Polygon","coordinates":[[[-122.302635,37.878007],[-122.302589,37.87786],[-122.302814,37.877816],[-122.302817,37.877826],[-122.302827,37.877857],[-122.303071,37.877809],[-122.303105,37.877915],[-122.302635,37.878007]]]},"properties":{"id":"w821645479","b":"yes","lv":null,"n":null}},
{"type":"Feature","geometry":{"type":"Polygon","coordinates":[[[-122.302299,37.878204],[-122.302185,37.87784],[-122.30239,37.877799],[-122.302504,37.878164],[-122.302299,37.878204]]]},"properties":{"id":"w821645481","b":"yes","lv":null,"n":null}},
{"type":"Feature","geometry":{"type":"Polygon","coordinates":[[[-122.302372,37.877743],[-122.302381,37.877772],[-122.30239,37.877799],[-122.302185,37.87784],[-122.302177,37.877815],[-122.302148,37.877723],[-122.302385,37.877677],[-122.302404,37.877737],[-122.302372,37.877743]]]},"properties":{"id":"w821645483","b":"yes","lv":null,"n":null}},
{"type":"Feature","geometry":{"type":"Polygon","coordinates":[[[-122.302148,37.877723],[-122.302064,37.877453],[-122.3023,37.877407],[-122.302385,37.877677],[-122.302148,37.877723]]]},"properties":{"id":"w821645484","b":"yes","lv":null,"n":null}},
{"type":"Feature","geometry":{"type":"Polygon","coordinates":[[[-122.291774,37.881208],[-122.291775,37.881212],[-122.291626,37.881247],[-122.291604,37.881189],[-122.29162,37.881185],[-122.291602,37.881138],[-122.291737,37.881107],[-122.291759,37.881166],[-122.291774,37.881163],[-122.29179,37.881204],[-122.291774,37.881208]]]},"properties":{"id":"w821645485","b":"house","lv":null,"n":null}},
{"type":"Feature","geometry":{"type":"Polygon","coordinates":[[[-122.301496,37.877731],[-122.301461,37.877617],[-122.301563,37.877597],[-122.30158,37.877652],[-122.301598,37.877711],[-122.301496,37.877731]]]},"properties":{"id":"w821645486","b":"yes","lv":null,"n":null}},
{"type":"Feature","geometry":{"type":"Polygon","coordinates":[[[-122.301606,37.877719],[-122.301591,37.877672],[-122.301622,37.877666],[-122.301587,37.877555],[-122.301674,37.877538],[-122.301724,37.877696],[-122.301606,37.877719]]]},"properties":{"id":"w821645487","b":"yes","lv":null,"n":null}},
{"type":"Feature","geometry":{"type":"Polygon","coordinates":[[[-122.291676,37.880862],[-122.291679,37.880871],[-122.29156,37.880897],[-122.291554,37.880882],[-122.291543,37.880884],[-122.291524,37.880829],[-122.291542,37.880825],[-122.291523,37.880771],[-122.29164,37.880746],[-122.291643,37.880754],[-122.291672,37.880748],[-122.29171,37.880855],[-122.291676,37.880862]]]},"properties":{"id":"w821645488","b":"yes","lv":null,"n":null}},
{"type":"Feature","geometry":{"type":"Polygon","coordinates":[[[-122.301822,37.877829],[-122.301722,37.877523],[-122.301861,37.877495],[-122.301961,37.877801],[-122.301822,37.877829]]]},"properties":{"id":"w821645489","b":"yes","lv":null,"n":null}},
{"type":"Feature","geometry":{"type":"Polygon","coordinates":[[[-122.301618,37.878128],[-122.301561,37.877956],[-122.301985,37.877868],[-122.302042,37.87804],[-122.301618,37.878128]]]},"properties":{"id":"w821645490","b":"yes","lv":null,"n":null}},
{"type":"Feature","geometry":{"type":"Polygon","coordinates":[[[-122.291899,37.880118],[-122.291901,37.880125],[-122.291789,37.880148],[-122.291769,37.880088],[-122.291773,37.880087],[-122.291754,37.880032],[-122.291854,37.880012],[-122.291853,37.880007],[-122.291869,37.880004],[-122.291872,37.880013],[-122.291893,37.880009],[-122.291928,37.880112],[-122.291899,37.880118]]]},"properties":{"id":"w821645491","b":"yes","lv":null,"n":null}},
{"type":"Feature","geometry":{"type":"Polygon","coordinates":[[[-122.301654,37.878236],[-122.301621,37.878133],[-122.302039,37.878051],[-122.302072,37.878154],[-122.301654,37.878236]]]},"properties":{"id":"w821645492","b":"yes","lv":null,"n":null}},
{"type":"Feature","geometry":{"type":"Polygon","coordinates":[[[-122.301272,37.878691],[-122.301191,37.878424],[-122.301327,37.878399],[-122.301368,37.878533],[-122.30134,37.878538],[-122.30138,37.87867],[-122.301272,37.878691]]]},"properties":{"id":"w821645493","b":"yes","lv":null,"n":null}},
{"type":"Feature","geometry":{"type":"Polygon","coordinates":[[[-122.291786,37.880433],[-122.291764,37.880368],[-122.291795,37.880362],[-122.291829,37.880355],[-122.291837,37.880377],[-122.29187,37.88037],[-122.291852,37.880317],[-122.29189,37.880309],[-122.291892,37.880314],[-122.29196,37.880299],[-122.291991,37.88039],[-122.291786,37.880433]]]},"properties":{"id":"w821645494","b":"yes","lv":null,"n":null}},
{"type":"Feature","geometry":{"type":"Polygon","coordinates":[[[-122.303048,37.878913],[-122.303018,37.878818],[-122.30285,37.878852],[-122.302809,37.878726],[-122.302724,37.878743],[-122.302576,37.878286],[-122.303013,37.878198],[-122.303063,37.878351],[-122.303235,37.878316],[-122.303405,37.878841],[-122.303048,37.878913]]]},"properties":{"id":"w821645495","b":"yes","lv":null,"n":null}},
{"type":"Feature","geometry":{"type":"Polygon","coordinates":[[[-122.291954,37.880824],[-122.291955,37.880828],[-122.29191,37.880838],[-122.291846,37.880851],[-122.291838,37.880827],[-122.291902,37.880814],[-122.291889,37.880774],[-122.291835,37.880785],[-122.291831,37.880772],[-122.291804,37.880778],[-122.291788,37.880728],[-122.291908,37.880703],[-122.291924,37.880752],[-122.29193,37.880751],[-122.291931,37.880753],[-122.292084,37.880722],[-122.292097,37.880761],[-122.292113,37.880758],[-122.292117,37.880772],[-122.292123,37.88079],[-122.291954,37.880824]]]},"properties":{"id":"w821645496","b":"yes","lv":null,"n":null}},
{"type":"Feature","geometry":{"type":"Polygon","coordinates":[[[-122.304016,37.877782],[-122.303975,37.877649],[-122.303837,37.877676],[-122.303704,37.877248],[-122.303839,37.877222],[-122.303803,37.877104],[-122.303932,37.877079],[-122.304142,37.877758],[-122.304016,37.877782]]]},"properties":{"id":"w821645499","b":"industrial","lv":"3","n":"The California Ink Company"}},
{"type":"Feature","geometry":{"type":"Polygon","coordinates":[[[-122.305096,37.877073],[-122.305085,37.877038],[-122.304925,37.87707],[-122.30492,37.877052],[-122.304801,37.877076],[-122.304795,37.877057],[-122.304766,37.877063],[-122.304773,37.877085],[-122.304668,37.877106],[-122.304699,37.877201],[-122.304542,37.877233],[-122.304458,37.876972],[-122.304878,37.876887],[-122.304914,37.876999],[-122.304962,37.87699],[-122.304924,37.876872],[-122.305158,37.876824],[-122.30523,37.877046],[-122.305096,37.877073]]]},"properties":{"id":"w821645500","b":"industrial","lv":null,"n":"Pacific Steel Casting"}},
{"type":"Feature","geometry":{"type":"Polygon","coordinates":[[[-122.304891,37.877413],[-122.304862,37.87733],[-122.305004,37.8773],[-122.305008,37.87731],[-122.305284,37.877253],[-122.30531,37.87733],[-122.304891,37.877413]]]},"properties":{"id":"w821645501","b":"industrial","lv":null,"n":"Pacific Steel Casting"}},
{"type":"Feature","geometry":{"type":"Polygon","coordinates":[[[-122.305037,37.877599],[-122.305012,37.877535],[-122.305014,37.877534],[-122.304989,37.877457],[-122.305258,37.8774],[-122.305306,37.877542],[-122.305037,37.877599]]]},"properties":{"id":"w821645502","b":"industrial","lv":null,"n":"Pacific Steel Casting"}},
{"type":"Feature","geometry":{"type":"Polygon","coordinates":[[[-122.305278,37.87788],[-122.305279,37.877883],[-122.305035,37.877932],[-122.304971,37.87773],[-122.305098,37.877705],[-122.305095,37.877696],[-122.304981,37.877719],[-122.304973,37.877693],[-122.304953,37.877697],[-122.305024,37.877915],[-122.305027,37.877917],[-122.305054,37.877999],[-122.305059,37.877998],[-122.305101,37.878126],[-122.304657,37.878217],[-122.304616,37.878094],[-122.304611,37.878093],[-122.304503,37.877758],[-122.30495,37.87767],[-122.304955,37.877684],[-122.304966,37.877682],[-122.304959,37.877659],[-122.305283,37.877595],[-122.305284,37.877598],[-122.305395,37.877575],[-122.305418,37.877644],[-122.305483,37.877839],[-122.305278,37.87788]]]},"properties":{"id":"w821645505","b":"industrial","lv":null,"n":"Pacific Steel Casting"}},
{"type":"Feature","geometry":{"type":"Polygon","coordinates":[[[-122.304803,37.878557],[-122.304804,37.87856],[-122.304767,37.878567],[-122.304724,37.878429],[-122.304756,37.878423],[-122.304756,37.87842],[-122.304864,37.878398],[-122.304908,37.878535],[-122.304803,37.878557]]]},"properties":{"id":"w821645507","b":"industrial","lv":null,"n":"Pacific Steel Casting"}},
{"type":"Feature","geometry":{"type":"Polygon","coordinates":[[[-122.305017,37.878498],[-122.305015,37.878492],[-122.304989,37.878497],[-122.304971,37.878441],[-122.305088,37.878417],[-122.305107,37.878481],[-122.305017,37.878498]]]},"properties":{"id":"w821645508","b":"industrial","lv":null,"n":"Pacific Steel Casting"}},
{"type":"Feature","geometry":{"type":"Polygon","coordinates":[[[-122.305144,37.878479],[-122.305119,37.878405],[-122.305212,37.878385],[-122.305236,37.87846],[-122.305144,37.878479]]]},"properties":{"id":"w821645509","b":"industrial","lv":null,"n":"Pacific Steel Casting"}},
{"type":"Feature","geometry":{"type":"Polygon","coordinates":[[[-122.305279,37.87846],[-122.305261,37.878406],[-122.305333,37.87839],[-122.305352,37.878444],[-122.305279,37.87846]]]},"properties":{"id":"w821645510","b":"yes","lv":null,"n":null}},
{"type":"Feature","geometry":{"type":"Polygon","coordinates":[[[-122.305603,37.878386],[-122.305607,37.878398],[-122.305503,37.878418],[-122.305502,37.878414],[-122.305353,37.878446],[-122.305312,37.878325],[-122.305301,37.878291],[-122.305162,37.878319],[-122.305118,37.878182],[-122.305136,37.878178],[-122.305058,37.877937],[-122.30547,37.877854],[-122.305547,37.878094],[-122.305508,37.878102],[-122.305512,37.878114],[-122.305572,37.878105],[-122.305582,37.878141],[-122.305588,37.87814],[-122.30566,37.878376],[-122.305603,37.878386]]]},"properties":{"id":"w821645511","b":"industrial","lv":null,"n":"Pacific Steel Casting"}},
{"type":"Feature","geometry":{"type":"Polygon","coordinates":[[[-122.302566,37.879011],[-122.302515,37.878853],[-122.302714,37.878813],[-122.302766,37.878971],[-122.302566,37.879011]]]},"properties":{"id":"w821645512","b":"yes","lv":null,"n":null}},
{"type":"Feature","geometry":{"type":"Polygon","coordinates":[[[-122.305637,37.877652],[-122.305573,37.877458],[-122.305673,37.877438],[-122.305665,37.877415],[-122.305869,37.877373],[-122.305877,37.877399],[-122.306035,37.877367],[-122.306027,37.877343],[-122.306184,37.877311],[-122.306179,37.877296],[-122.306258,37.87728],[-122.306264,37.877298],[-122.306353,37.87728],[-122.306468,37.877632],[-122.306467,37.87767],[-122.306261,37.877712],[-122.306294,37.877814],[-122.306138,37.877845],[-122.30618,37.877974],[-122.306307,37.877949],[-122.306318,37.87798],[-122.306347,37.877974],[-122.306364,37.878025],[-122.306338,37.878031],[-122.306354,37.87808],[-122.306231,37.878105],[-122.306199,37.878009],[-122.305781,37.878094],[-122.305747,37.877992],[-122.305637,37.877652]]]},"properties":{"id":"w821645515","b":"industrial","lv":null,"n":"Pacific Steel Casting"}},
{"type":"Feature","geometry":{"type":"Polygon","coordinates":[[[-122.305687,37.877379],[-122.305686,37.877375],[-122.30556,37.877401],[-122.305517,37.87727],[-122.305961,37.877178],[-122.306142,37.87714],[-122.306186,37.877275],[-122.305687,37.877379]]]},"properties":{"id":"w821645516","b":"industrial","lv":null,"n":"Pacific Steel Casting"}},
{"type":"Feature","geometry":{"type":"Polygon","coordinates":[[[-122.29124,37.881143],[-122.291231,37.881114],[-122.29127,37.881107],[-122.291279,37.881135],[-122.29124,37.881143]]]},"properties":{"id":"w821645517","b":"yes","lv":null,"n":null}},
{"type":"Feature","geometry":{"type":"Polygon","coordinates":[[[-122.305949,37.877141],[-122.305961,37.877178],[-122.305517,37.87727],[-122.305439,37.877045],[-122.306089,37.876911],[-122.306104,37.876957],[-122.306226,37.876932],[-122.30627,37.876921],[-122.306314,37.877066],[-122.305949,37.877141]]]},"properties":{"id":"w821645518","b":"industrial","lv":null,"n":"Berkeley Forge and Tool"}},
{"type":"Feature","geometry":{"type":"Polygon","coordinates":[[[-122.306104,37.876957],[-122.306089,37.876911],[-122.305439,37.877045],[-122.305403,37.877052],[-122.305361,37.876926],[-122.30549,37.876899],[-122.305477,37.876859],[-122.305462,37.876862],[-122.305459,37.876852],[-122.305414,37.876861],[-122.305417,37.876871],[-122.305388,37.876877],[-122.305358,37.876786],[-122.305371,37.876783],[-122.305354,37.87673],[-122.305424,37.876716],[-122.305417,37.876695],[-122.305544,37.876669],[-122.30555,37.876688],[-122.305557,37.876687],[-122.305576,37.876743],[-122.305591,37.87674],[-122.305573,37.876684],[-122.305656,37.876667],[-122.305667,37.8767],[-122.305659,37.876702],[-122.305666,37.876723],[-122.30604,37.876646],[-122.306042,37.876651],[-122.306169,37.876625],[-122.306213,37.876758],[-122.306115,37.876778],[-122.306125,37.876808],[-122.306182,37.876797],[-122.306226,37.876932],[-122.306104,37.876957]]]},"properties":{"id":"w821645519","b":"industrial","lv":null,"n":"Berkeley Forge and Tool"}},
{"type":"Feature","geometry":{"type":"Polygon","coordinates":[[[-122.301207,37.878279],[-122.301183,37.878208],[-122.301177,37.87819],[-122.301167,37.878192],[-122.301153,37.87815],[-122.301105,37.87816],[-122.301062,37.87803],[-122.30149,37.877941],[-122.301534,37.878071],[-122.301524,37.878073],[-122.301547,37.878143],[-122.301531,37.878146],[-122.301551,37.878208],[-122.301207,37.878279]]]},"properties":{"id":"w821645520","b":"yes","lv":null,"n":null}},
{"type":"Feature","geometry":{"type":"Polygon","coordinates":[[[-122.300894,37.881056],[-122.301023,37.881027],[-122.301045,37.881091],[-122.300916,37.881119],[-122.300894,37.881056]]]},"properties":{"id":"w821645521","b":"yes","lv":null,"n":null}},
{"type":"Feature","geometry":{"type":"Polygon","coordinates":[[[-122.302349,37.879281],[-122.302438,37.879265],[-122.302491,37.879438],[-122.302403,37.879455],[-122.302349,37.879281]]]},"properties":{"id":"w821645522","b":"yes","lv":null,"n":null}},
{"type":"Feature","geometry":{"type":"Polygon","coordinates":[[[-122.300981,37.881266],[-122.30098,37.881263],[-122.30097,37.881265],[-122.300936,37.881168],[-122.301106,37.881131],[-122.30114,37.881228],[-122.301122,37.881232],[-122.301123,37.881237],[-122.301099,37.881242],[-122.301097,37.881237],[-122.301037,37.88125],[-122.301039,37.881255],[-122.301017,37.88126],[-122.301017,37.881259],[-122.301,37.881262],[-122.300981,37.881266]]]},"properties":{"id":"w821645523","b":"yes","lv":null,"n":null}},
{"type":"Feature","geometry":{"type":"Polygon","coordinates":[[[-122.301073,37.879867],[-122.30099,37.879606],[-122.300976,37.879563],[-122.301142,37.87953],[-122.301193,37.879693],[-122.301204,37.879691],[-122.301154,37.879532],[-122.301259,37.879511],[-122.301342,37.879773],[-122.301225,37.879797],[-122.301237,37.879834],[-122.301073,37.879867]]]},"properties":{"id":"w821645524","b":"yes","lv":null,"n":null}},
{"type":"Feature","geometry":{"type":"Polygon","coordinates":[[[-122.301249,37.880846],[-122.301178,37.880622],[-122.301126,37.880458],[-122.301116,37.880429],[-122.301095,37.880363],[-122.301073,37.880291],[-122.301482,37.88021],[-122.301516,37.880318],[-122.301442,37.880333],[-122.301561,37.880706],[-122.301492,37.880719],[-122.301487,37.880705],[-122.301423,37.880717],[-122.301427,37.88073],[-122.301367,37.880742],[-122.301363,37.880729],[-122.301279,37.880745],[-122.301307,37.880835],[-122.301249,37.880846]]]},"properties":{"id":"w821645527","b":"yes","lv":null,"n":null}},
{"type":"Feature","geometry":{"type":"Polygon","coordinates":[[[-122.30134,37.88099],[-122.301306,37.880881],[-122.301385,37.880866],[-122.301378,37.880843],[-122.301446,37.88083],[-122.301453,37.880852],[-122.301608,37.880822],[-122.30162,37.88086],[-122.301551,37.880873],[-122.301561,37.880907],[-122.301593,37.8809],[-122.301605,37.880939],[-122.30134,37.88099]]]},"properties":{"id":"w821645529","b":"yes","lv":null,"n":null}},
{"type":"Feature","geometry":{"type":"Polygon","coordinates":[[[-122.301153,37.88101],[-122.301292,37.880982],[-122.301327,37.881089],[-122.301188,37.881117],[-122.301153,37.88101]]]},"properties":{"id":"w821645530","b":"yes","lv":null,"n":null}},
{"type":"Feature","geometry":{"type":"Polygon","coordinates":[[[-122.30156,37.880971],[-122.301707,37.880941],[-122.30173,37.881012],[-122.301592,37.88104],[-122.301584,37.881042],[-122.30156,37.880971]]]},"properties":{"id":"w821645531","b":"yes","lv":null,"n":null}},
{"type":"Feature","geometry":{"type":"Polygon","coordinates":[[[-122.301622,37.881132],[-122.301592,37.88104],[-122.30173,37.881012],[-122.30176,37.881103],[-122.301622,37.881132]]]},"properties":{"id":"w821645532","b":"yes","lv":null,"n":null}},
{"type":"Feature","geometry":{"type":"Polygon","coordinates":[[[-122.301522,37.879449],[-122.301774,37.8794],[-122.301894,37.879787],[-122.301643,37.879836],[-122.301522,37.879449]]]},"properties":{"id":"w821645533","b":"yes","lv":null,"n":null}},
{"type":"Feature","geometry":{"type":"Polygon","coordinates":[[[-122.302011,37.879477],[-122.301972,37.879359],[-122.302173,37.879318],[-122.302212,37.879436],[-122.302011,37.879477]]]},"properties":{"id":"w821645534","b":"yes","lv":null,"n":null}},
{"type":"Feature","geometry":{"type":"Polygon","coordinates":[[[-122.302138,37.879866],[-122.302011,37.879477],[-122.302212,37.879436],[-122.302276,37.87963],[-122.302523,37.87958],[-122.302587,37.879775],[-122.302138,37.879866]]]},"properties":{"id":"w821645535","b":"yes","lv":null,"n":null}},
{"type":"Feature","geometry":{"type":"Polygon","coordinates":[[[-122.302165,37.879948],[-122.302615,37.879856],[-122.302683,37.880065],[-122.30237,37.880129],[-122.302234,37.880157],[-122.302177,37.879985],[-122.302165,37.879948]]]},"properties":{"id":"w821645538","b":"yes","lv":null,"n":null}},
{"type":"Feature","geometry":{"type":"Polygon","coordinates":[[[-122.291706,37.879933],[-122.291703,37.879932],[-122.29167,37.880013],[-122.29168,37.880016],[-122.29167,37.88004],[-122.291625,37.880029],[-122.291628,37.880024],[-122.291571,37.880009],[-122.291623,37.879879],[-122.291628,37.879868],[-122.291631,37.879861],[-122.291667,37.87987],[-122.291665,37.879875],[-122.29166,37.879887],[-122.291719,37.879902],[-122.291706,37.879933]]]},"properties":{"id":"w821645539","b":"yes","lv":null,"n":null}},
{"type":"Feature","geometry":{"type":"Polygon","coordinates":[[[-122.30183,37.880421],[-122.301786,37.880289],[-122.301957,37.880253],[-122.301965,37.880277],[-122.302249,37.880219],[-122.302285,37.880327],[-122.302042,37.880377],[-122.302035,37.880356],[-122.301991,37.880366],[-122.301998,37.880387],[-122.30183,37.880421]]]},"properties":{"id":"w821645541","b":"yes","lv":null,"n":null}},
{"type":"Feature","geometry":{"type":"Polygon","coordinates":[[[-122.291783,37.880005],[-122.291736,37.87987],[-122.291832,37.879849],[-122.29187,37.879958],[-122.291863,37.879959],[-122.291872,37.879986],[-122.291783,37.880005]]]},"properties":{"id":"w821645542","b":"yes","lv":null,"n":null}},
{"type":"Feature","geometry":{"type":"Polygon","coordinates":[[[-122.303194,37.879295],[-122.303181,37.879254],[-122.303385,37.879212],[-122.303411,37.879293],[-122.303339,37.879308],[-122.30337,37.879402],[-122.303238,37.879429],[-122.303194,37.879295]]]},"properties":{"id":"w821645543","b":"yes","lv":null,"n":null}},
{"type":"Feature","geometry":{"type":"Polygon","coordinates":[[[-122.292754,37.879997],[-122.292763,37.880022],[-122.292598,37.880057],[-122.292574,37.879985],[-122.292619,37.879976],[-122.292617,37.879969],[-122.292736,37.879944],[-122.292745,37.87997],[-122.292765,37.879966],[-122.292774,37.879993],[-122.292754,37.879997]]]},"properties":{"id":"w821645544","b":"yes","lv":null,"n":null}},
{"type":"Feature","geometry":{"type":"Polygon","coordinates":[[[-122.30337,37.879402],[-122.303339,37.879308],[-122.303411,37.879293],[-122.303385,37.879212],[-122.303346,37.879094],[-122.303459,37.879071],[-122.30346,37.879074],[-122.303467,37.879073],[-122.303479,37.879111],[-122.303472,37.879112],[-122.303554,37.879365],[-122.30337,37.879402]]]},"properties":{"id":"w821645545","b":"yes","lv":null,"n":null}},
{"type":"Feature","geometry":{"type":"Polygon","coordinates":[[[-122.29223,37.880005],[-122.292232,37.880011],[-122.292257,37.880006],[-122.292267,37.880039],[-122.292156,37.880061],[-122.292151,37.880045],[-122.292161,37.880043],[-122.292147,37.88],[-122.292127,37.880004],[-122.292116,37.879968],[-122.292208,37.87995],[-122.292206,37.879943],[-122.292307,37.879923],[-122.292327,37.879986],[-122.29223,37.880005]]]},"properties":{"id":"w821645546","b":"yes","lv":null,"n":null}},
{"type":"Feature","geometry":{"type":"Polygon","coordinates":[[[-122.300786,37.88053],[-122.300993,37.880487],[-122.301023,37.880579],[-122.301047,37.880651],[-122.30084,37.880693],[-122.300786,37.88053]]]},"properties":{"id":"w821645547","b":"yes","lv":null,"n":null}},
{"type":"Feature","geometry":{"type":"Polygon","coordinates":[[[-122.302894,37.879181],[-122.303069,37.879145],[-122.303123,37.879309],[-122.303194,37.879295],[-122.303238,37.879429],[-122.303151,37.879447],[-122.302991,37.879479],[-122.302972,37.879422],[-122.302894,37.879181]]]},"properties":{"id":"w821645548","b":"yes","lv":null,"n":null}},
{"type":"Feature","geometry":{"type":"Polygon","coordinates":[[[-122.302815,37.879515],[-122.302763,37.879356],[-122.302721,37.879228],[-122.302832,37.879206],[-122.302907,37.879435],[-122.302972,37.879422],[-122.302991,37.879479],[-122.302815,37.879515]]]},"properties":{"id":"w821645549","b":"yes","lv":null,"n":null}},
{"type":"Feature","geometry":{"type":"Polygon","coordinates":[[[-122.302821,37.879808],[-122.302731,37.879532],[-122.302815,37.879515],[-122.302991,37.879479],[-122.303151,37.879447],[-122.303195,37.879581],[-122.303213,37.879638],[-122.303221,37.879661],[-122.303241,37.879723],[-122.302821,37.879808]]]},"properties":{"id":"w821645550","b":"yes","lv":null,"n":null}},
{"type":"Feature","geometry":{"type":"Polygon","coordinates":[[[-122.303035,37.88025],[-122.303033,37.880243],[-122.30302,37.880246],[-122.303013,37.880223],[-122.303025,37.880221],[-122.303013,37.880186],[-122.303338,37.88012],[-122.303364,37.880115],[-122.303385,37.880179],[-122.303035,37.88025]]]},"properties":{"id":"w821645551","b":"yes","lv":null,"n":null}},
{"type":"Feature","geometry":{"type":"Polygon","coordinates":[[[-122.303285,37.879859],[-122.303241,37.879723],[-122.303221,37.879661],[-122.30364,37.879576],[-122.303704,37.879774],[-122.303285,37.879859]]]},"properties":{"id":"w821645552","b":"yes","lv":null,"n":null}},
{"type":"Feature","geometry":{"type":"Polygon","coordinates":[[[-122.303213,37.879638],[-122.303195,37.879581],[-122.303151,37.879447],[-122.303238,37.879429],[-122.303243,37.879444],[-122.303284,37.879436],[-122.303293,37.879465],[-122.303263,37.879471],[-122.303274,37.879506],[-122.303598,37.879441],[-122.303634,37.879552],[-122.303213,37.879638]]]},"properties":{"id":"w821645553","b":"yes","lv":null,"n":null}},
{"type":"Feature","geometry":{"type":"Polygon","coordinates":[[[-122.302929,37.880139],[-122.302866,37.879947],[-122.302821,37.879808],[-122.303241,37.879723],[-122.303285,37.879859],[-122.303293,37.879881],[-122.303317,37.879876],[-122.303327,37.879907],[-122.303303,37.879912],[-122.303307,37.879925],[-122.303312,37.87994],[-122.303279,37.879947],[-122.303297,37.88],[-122.303299,37.88],[-122.303338,37.88012],[-122.303013,37.880186],[-122.302949,37.880199],[-122.302929,37.880139]]]},"properties":{"id":"w821645554","b":"yes","lv":null,"n":null}},
{"type":"Feature","geometry":{"type":"Polygon","coordinates":[[[-122.303364,37.880115],[-122.303376,37.880112],[-122.30373,37.88004],[-122.303751,37.880105],[-122.303385,37.880179],[-122.303364,37.880115]]]},"properties":{"id":"w821645555","b":"industrial","lv":null,"n":null}},
{"type":"Feature","geometry":{"type":"Polygon","coordinates":[[[-122.303376,37.880112],[-122.303332,37.879977],[-122.303324,37.879979],[-122.303312,37.87994],[-122.303307,37.879925],[-122.303404,37.879905],[-122.303488,37.879888],[-122.303504,37.879938],[-122.303742,37.879889],[-122.303788,37.880029],[-122.30373,37.88004],[-122.303376,37.880112]]]},"properties":{"id":"w821645556","b":"yes","lv":null,"n":null}},
{"type":"Feature","geometry":{"type":"Polygon","coordinates":[[[-122.303953,37.879891],[-122.304014,37.87988],[-122.304041,37.879965],[-122.303981,37.879977],[-122.303953,37.879891]]]},"properties":{"id":"w821645557","b":"yes","lv":"1","n":null}},
{"type":"Feature","geometry":{"type":"Polygon","coordinates":[[[-122.304026,37.880127],[-122.304195,37.880092],[-122.304224,37.88018],[-122.304054,37.880215],[-122.304026,37.880127]]]},"properties":{"id":"w821645558","b":"yes","lv":null,"n":null}},
{"type":"Feature","geometry":{"type":"Polygon","coordinates":[[[-122.304153,37.880013],[-122.304103,37.879865],[-122.304351,37.879814],[-122.304401,37.879961],[-122.304153,37.880013]]]},"properties":{"id":"w821645559","b":"yes","lv":"2","n":null}},
{"type":"Feature","geometry":{"type":"Polygon","coordinates":[[[-122.304105,37.880035],[-122.30436,37.879982],[-122.304381,37.880048],[-122.304126,37.8801],[-122.304105,37.880035]]]},"properties":{"id":"w821645560","b":"yes","lv":null,"n":null}},
{"type":"Feature","geometry":{"type":"Polygon","coordinates":[[[-122.304238,37.880432],[-122.30422,37.880377],[-122.304185,37.880384],[-122.304181,37.880372],[-122.304149,37.880378],[-122.304113,37.880269],[-122.304456,37.880199],[-122.304492,37.880308],[-122.304438,37.880319],[-122.30446,37.880387],[-122.304277,37.880424],[-122.304238,37.880432]]]},"properties":{"id":"w821645562","b":"yes","lv":"2","n":null}},
{"type":"Feature","geometry":{"type":"Polygon","coordinates":[[[-122.30446,37.880176],[-122.304676,37.880132],[-122.304793,37.880491],[-122.304578,37.880534],[-122.304525,37.880373],[-122.30446,37.880176]]]},"properties":{"id":"w821645563","b":"industrial","lv":"2","n":null}},
{"type":"Feature","geometry":{"type":"Polygon","coordinates":[[[-122.30442,37.880032],[-122.304531,37.880011],[-122.304573,37.880148],[-122.304463,37.88017],[-122.30442,37.880032]]]},"properties":{"id":"w821645564","b":"yes","lv":null,"n":null}},
{"type":"Feature","geometry":{"type":"Polygon","coordinates":[[[-122.304561,37.880006],[-122.304698,37.879979],[-122.30474,37.880113],[-122.304603,37.88014],[-122.304561,37.880006]]]},"properties":{"id":"w821645565","b":"yes","lv":null,"n":null}},
{"type":"Feature","geometry":{"type":"Polygon","coordinates":[[[-122.30443,37.879896],[-122.304399,37.879803],[-122.304456,37.879792],[-122.304565,37.879771],[-122.304598,37.879878],[-122.30449,37.879899],[-122.304499,37.879928],[-122.304445,37.879939],[-122.30443,37.879896]]]},"properties":{"id":"w821645566","b":"yes","lv":null,"n":null}},
{"type":"Feature","geometry":{"type":"Polygon","coordinates":[[[-122.305378,37.878735],[-122.305436,37.878723],[-122.305503,37.878923],[-122.305444,37.878935],[-122.305378,37.878735]]]},"properties":{"id":"w821645569","b":"yes","lv":null,"n":null}},
{"type":"Feature","geometry":{"type":"Polygon","coordinates":[[[-122.306239,37.878782],[-122.306015,37.878828],[-122.305952,37.878633],[-122.305938,37.878636],[-122.305927,37.878601],[-122.30594,37.878598],[-122.305928,37.878561],[-122.306349,37.878476],[-122.3065,37.878942],[-122.306438,37.878954],[-122.306435,37.878945],[-122.3063,37.878972],[-122.306239,37.878782]]]},"properties":{"id":"w821645571","b":"industrial","lv":null,"n":null}},
{"type":"Feature","geometry":{"type":"Polygon","coordinates":[[[-122.30613,37.879164],[-122.306185,37.879155],[-122.306199,37.879203],[-122.306144,37.879212],[-122.30613,37.879164]]]},"properties":{"id":"w821645573","b":"yes","lv":null,"n":null}},
{"type":"Feature","geometry":{"type":"Polygon","coordinates":[[[-122.3063,37.878972],[-122.306435,37.878945],[-122.306438,37.878954],[-122.3065,37.878942],[-122.306808,37.87888],[-122.306872,37.879078],[-122.306367,37.87918],[-122.3063,37.878972]]]},"properties":{"id":"w821645576","b":"industrial","lv":null,"n":null}},
{"type":"Feature","geometry":{"type":"Polygon","coordinates":[[[-122.300541,37.879963],[-122.300448,37.879671],[-122.30054,37.879653],[-122.30055,37.879684],[-122.300565,37.879681],[-122.300568,37.879689],[-122.30099,37.879606],[-122.301073,37.879867],[-122.30065,37.87995],[-122.300648,37.879942],[-122.300541,37.879963]]]},"properties":{"id":"w821645577","b":"retail","lv":null,"n":null}},
{"type":"Feature","geometry":{"type":"Polygon","coordinates":[[[-122.306439,37.880155],[-122.306354,37.879892],[-122.306333,37.879824],[-122.307022,37.879686],[-122.307114,37.879974],[-122.30706,37.879985],[-122.307073,37.880027],[-122.30659,37.880124],[-122.306593,37.880133],[-122.3065,37.880152],[-122.306497,37.880143],[-122.306439,37.880155]]]},"properties":{"id":"w821645580","b":"warehouse","lv":null,"n":"Public Storage"}},
{"type":"Feature","geometry":{"type":"Polygon","coordinates":[[[-122.297869,37.877828],[-122.297873,37.87784],[-122.297816,37.877851],[-122.297814,37.877845],[-122.297768,37.877854],[-122.297767,37.877849],[-122.297585,37.877884],[-122.297563,37.877813],[-122.297628,37.877801],[-122.297618,37.87777],[-122.297834,37.877729],[-122.297857,37.877804],[-122.29787,37.877802],[-122.297878,37.877826],[-122.297869,37.877828]]]},"properties":{"id":"w821645581","b":"apartments","lv":null,"n":null}},
{"type":"Feature","geometry":{"type":"Polygon","coordinates":[[[-122.304192,37.880613],[-122.304147,37.880476],[-122.304285,37.880448],[-122.304277,37.880424],[-122.30446,37.880387],[-122.304525,37.880373],[-122.304578,37.880534],[-122.304192,37.880613]]]},"properties":{"id":"w821645582","b":"yes","lv":null,"n":null}},
{"type":"Feature","geometry":{"type":"Polygon","coordinates":[[[-122.292964,37.880826],[-122.292966,37.880833],[-122.292932,37.880841],[-122.292929,37.880832],[-122.292886,37.880841],[-122.292884,37.880835],[-122.292877,37.880836],[-122.292868,37.880808],[-122.292875,37.880807],[-122.292854,37.880742],[-122.292935,37.880726],[-122.292941,37.880742],[-122.292969,37.880737],[-122.292978,37.880763],[-122.292996,37.880759],[-122.293003,37.880781],[-122.293,37.880781],[-122.293012,37.880816],[-122.292964,37.880826]]]},"properties":{"id":"w821645583","b":"yes","lv":null,"n":null}},
{"type":"Feature","geometry":{"type":"Polygon","coordinates":[[[-122.306505,37.880326],[-122.307009,37.880224],[-122.307045,37.880331],[-122.30654,37.880434],[-122.306505,37.880326]]]},"properties":{"id":"w821645584","b":"yes","lv":null,"n":null}},
{"type":"Feature","geometry":{"type":"Polygon","coordinates":[[[-122.297654,37.877986],[-122.297652,37.877977],[-122.297598,37.877988],[-122.297575,37.877919],[-122.297708,37.877892],[-122.297733,37.87797],[-122.297654,37.877986]]]},"properties":{"id":"w821645586","b":"house","lv":null,"n":null}},
{"type":"Feature","geometry":{"type":"Polygon","coordinates":[[[-122.297723,37.87812],[-122.297725,37.878127],[-122.297687,37.878134],[-122.297682,37.878118],[-122.297655,37.878124],[-122.297618,37.878007],[-122.297722,37.877987],[-122.297762,37.878113],[-122.297723,37.87812]]]},"properties":{"id":"w821645588","b":"detached","lv":null,"n":null}},
{"type":"Feature","geometry":{"type":"Polygon","coordinates":[[[-122.297924,37.878063],[-122.29793,37.878083],[-122.297899,37.878089],[-122.297897,37.878085],[-122.297843,37.878095],[-122.297807,37.877975],[-122.297871,37.877963],[-122.297873,37.87797],[-122.297916,37.877962],[-122.297945,37.878059],[-122.297924,37.878063]]]},"properties":{"id":"w821645590","b":"house","lv":null,"n":null}},
{"type":"Feature","geometry":{"type":"Polygon","coordinates":[[[-122.304401,37.880889],[-122.304427,37.880973],[-122.304464,37.880966],[-122.304506,37.881102],[-122.30431,37.88114],[-122.304228,37.880872],[-122.304533,37.880714],[-122.304629,37.880694],[-122.304661,37.880802],[-122.30452,37.88083],[-122.304401,37.880889]]]},"properties":{"id":"w821645591","b":"yes","lv":null,"n":null}},
{"type":"Feature","geometry":{"type":"Polygon","coordinates":[[[-122.298013,37.878082],[-122.297971,37.877951],[-122.298059,37.877933],[-122.298102,37.878064],[-122.298013,37.878082]]]},"properties":{"id":"w821645594","b":"yes","lv":null,"n":null}},
{"type":"Feature","geometry":{"type":"Polygon","coordinates":[[[-122.292956,37.880632],[-122.292966,37.880662],[-122.292797,37.880699],[-122.292781,37.880655],[-122.292766,37.880657],[-122.292752,37.880612],[-122.292879,37.880586],[-122.292878,37.880581],[-122.292936,37.880569],[-122.292945,37.880599],[-122.29296,37.880596],[-122.292973,37.880628],[-122.292956,37.880632]]]},"properties":{"id":"w821645595","b":"yes","lv":null,"n":null}},
{"type":"Feature","geometry":{"type":"Polygon","coordinates":[[[-122.304857,37.88092],[-122.304852,37.880906],[-122.30486,37.880904],[-122.304859,37.8809],[-122.304765,37.880921],[-122.304743,37.880858],[-122.304838,37.880837],[-122.30483,37.880816],[-122.304819,37.880818],[-122.304809,37.880789],[-122.304818,37.880787],[-122.304808,37.88076],[-122.304816,37.880758],[-122.304814,37.880754],[-122.304788,37.880759],[-122.304792,37.88077],[-122.304761,37.880777],[-122.304757,37.880766],[-122.304718,37.880775],[-122.304693,37.880703],[-122.304782,37.880683],[-122.304777,37.880669],[-122.304854,37.880652],[-122.304918,37.880831],[-122.304909,37.880833],[-122.304934,37.880903],[-122.304857,37.88092]]]},"properties":{"id":"w821645596","b":"yes","lv":null,"n":null}},
{"type":"Feature","geometry":{"type":"Polygon","coordinates":[[[-122.298148,37.878058],[-122.298101,37.877931],[-122.298192,37.87791],[-122.298239,37.878037],[-122.298148,37.878058]]]},"properties":{"id":"w821645598","b":"yes","lv":null,"n":null}},
{"type":"Feature","geometry":{"type":"Polygon","coordinates":[[[-122.298259,37.878027],[-122.298208,37.877884],[-122.298311,37.877862],[-122.298362,37.878004],[-122.298259,37.878027]]]},"properties":{"id":"w821645601","b":"yes","lv":null,"n":null}},
{"type":"Feature","geometry":{"type":"Polygon","coordinates":[[[-122.292763,37.880447],[-122.29274,37.880369],[-122.292871,37.880344],[-122.292895,37.880422],[-122.292763,37.880447]]]},"properties":{"id":"w821645602","b":"yes","lv":null,"n":null}},
{"type":"Feature","geometry":{"type":"Polygon","coordinates":[[[-122.29112,37.881712],[-122.291122,37.881717],[-122.291089,37.881724],[-122.291088,37.881718],[-122.291002,37.881736],[-122.290984,37.88168],[-122.290965,37.881684],[-122.290951,37.881642],[-122.290972,37.881638],[-122.290964,37.881613],[-122.290974,37.881611],[-122.290968,37.881592],[-122.291051,37.881575],[-122.291052,37.881578],[-122.291084,37.881572],[-122.291083,37.881568],[-122.291138,37.881556],[-122.291184,37.881698],[-122.29112,37.881712]]]},"properties":{"id":"w821645604","b":"yes","lv":null,"n":null}},
{"type":"Feature","geometry":{"type":"Polygon","coordinates":[[[-122.29846,37.877953],[-122.298466,37.877973],[-122.298374,37.877991],[-122.298326,37.87783],[-122.298421,37.877812],[-122.298427,37.877832],[-122.298431,37.877832],[-122.298468,37.877952],[-122.29846,37.877953]]]},"properties":{"id":"w821645605","b":"yes","lv":null,"n":null}},
{"type":"Feature","geometry":{"type":"Polygon","coordinates":[[[-122.29285,37.880997],[-122.292853,37.881007],[-122.292828,37.881012],[-122.292825,37.881002],[-122.292781,37.881012],[-122.292768,37.880973],[-122.292775,37.880972],[-122.29276,37.880926],[-122.292859,37.880905],[-122.292874,37.880951],[-122.292886,37.880949],[-122.292899,37.880987],[-122.29285,37.880997]]]},"properties":{"id":"w821645607","b":"house","lv":null,"n":null}},
{"type":"Feature","geometry":{"type":"Polygon","coordinates":[[[-122.297533,37.877711],[-122.297496,37.877592],[-122.297646,37.877561],[-122.297683,37.87768],[-122.297533,37.877711]]]},"properties":{"id":"w821645610","b":"apartments","lv":null,"n":null}},
{"type":"Feature","geometry":{"type":"Polygon","coordinates":[[[-122.291409,37.881746],[-122.291375,37.881638],[-122.2915,37.881613],[-122.291509,37.881641],[-122.291489,37.881645],[-122.2915,37.881677],[-122.29148,37.881681],[-122.291495,37.881729],[-122.291409,37.881746]]]},"properties":{"id":"w821645611","b":"house","lv":null,"n":null}},
{"type":"Feature","geometry":{"type":"Polygon","coordinates":[[[-122.298077,37.877781],[-122.298063,37.877739],[-122.298079,37.877735],[-122.298067,37.8777],[-122.29821,37.87767],[-122.298216,37.877685],[-122.298369,37.877653],[-122.29839,37.877715],[-122.298077,37.877781]]]},"properties":{"id":"w821645613","b":"apartments","lv":null,"n":null}},
{"type":"Feature","geometry":{"type":"Polygon","coordinates":[[[-122.292721,37.880594],[-122.292693,37.880508],[-122.292743,37.880498],[-122.292781,37.88049],[-122.292783,37.880495],[-122.292793,37.880493],[-122.292789,37.88048],[-122.292824,37.880473],[-122.292828,37.880486],[-122.292837,37.880484],[-122.292837,37.880483],[-122.292872,37.880476],[-122.29288,37.880501],[-122.292908,37.880496],[-122.292926,37.880553],[-122.292721,37.880594]]]},"properties":{"id":"w821645614","b":"yes","lv":null,"n":null}},
{"type":"Feature","geometry":{"type":"Polygon","coordinates":[[[-122.303992,37.881068],[-122.303933,37.880883],[-122.304056,37.880859],[-122.304115,37.881043],[-122.303992,37.881068]]]},"properties":{"id":"w821645615","b":"yes","lv":null,"n":null}},
{"type":"Feature","geometry":{"type":"Polygon","coordinates":[[[-122.291519,37.881855],[-122.291519,37.881857],[-122.291446,37.881871],[-122.291422,37.881796],[-122.291496,37.881782],[-122.291506,37.881815],[-122.291526,37.881811],[-122.291538,37.881851],[-122.291519,37.881855]]]},"properties":{"id":"w821645616","b":"house","lv":null,"n":null}},
{"type":"Feature","geometry":{"type":"Polygon","coordinates":[[[-122.291471,37.881953],[-122.291452,37.881898],[-122.291509,37.881886],[-122.291513,37.881898],[-122.291577,37.881884],[-122.291592,37.881927],[-122.291471,37.881953]]]},"properties":{"id":"w821645617","b":"yes","lv":null,"n":null}},
{"type":"Feature","geometry":{"type":"Polygon","coordinates":[[[-122.29833,37.877609],[-122.29834,37.877642],[-122.298236,37.877662],[-122.298232,37.877648],[-122.298174,37.87766],[-122.298151,37.877588],[-122.298313,37.877556],[-122.298323,37.877584],[-122.298339,37.877581],[-122.298343,37.877594],[-122.298347,37.877606],[-122.29833,37.877609]]]},"properties":{"id":"w821645618","b":"house","lv":null,"n":null}},
{"type":"Feature","geometry":{"type":"Polygon","coordinates":[[[-122.29155,37.882011],[-122.291553,37.882021],[-122.291495,37.882032],[-122.291478,37.881977],[-122.2916,37.881953],[-122.291614,37.881998],[-122.29155,37.882011]]]},"properties":{"id":"w821645619","b":"yes","lv":null,"n":null}},
{"type":"Feature","geometry":{"type":"Polygon","coordinates":[[[-122.298089,37.877555],[-122.298067,37.877487],[-122.298295,37.877441],[-122.298317,37.87751],[-122.298089,37.877555]]]},"properties":{"id":"w821645620","b":"house","lv":null,"n":null}},
{"type":"Feature","geometry":{"type":"Polygon","coordinates":[[[-122.307266,37.880797],[-122.307081,37.880213],[-122.307166,37.880196],[-122.307292,37.880594],[-122.307277,37.880597],[-122.307336,37.880783],[-122.307266,37.880797]]]},"properties":{"id":"w821645622","b":"yes","lv":null,"n":null}},
{"type":"Feature","geometry":{"type":"Polygon","coordinates":[[[-122.29811,37.87738],[-122.298099,37.877349],[-122.298078,37.877354],[-122.298067,37.87732],[-122.298225,37.877286],[-122.298236,37.877317],[-122.298256,37.877313],[-122.298268,37.877347],[-122.29811,37.87738]]]},"properties":{"id":"w821645627","b":"house","lv":null,"n":null}},
{"type":"Feature","geometry":{"type":"Polygon","coordinates":[[[-122.297471,37.877502],[-122.297444,37.877419],[-122.297727,37.877362],[-122.297754,37.877445],[-122.297471,37.877502]]]},"properties":{"id":"w821645629","b":"apartments","lv":null,"n":null}},
{"type":"Feature","geometry":{"type":"Polygon","coordinates":[[[-122.306691,37.880911],[-122.306564,37.880517],[-122.307037,37.880422],[-122.307165,37.880816],[-122.306691,37.880911]]]},"properties":{"id":"w821645630","b":"yes","lv":null,"n":null}},
{"type":"Feature","geometry":{"type":"Polygon","coordinates":[[[-122.306949,37.881703],[-122.3068,37.88124],[-122.306751,37.881089],[-122.306853,37.881068],[-122.30701,37.881553],[-122.306993,37.881556],[-122.307035,37.881686],[-122.306949,37.881703]]]},"properties":{"id":"w821645632","b":"yes","lv":null,"n":null}},
{"type":"Feature","geometry":{"type":"Polygon","coordinates":[[[-122.297405,37.877356],[-122.297367,37.877238],[-122.297454,37.877221],[-122.297438,37.87717],[-122.297476,37.877163],[-122.297506,37.877255],[-122.29753,37.877331],[-122.297405,37.877356]]]},"properties":{"id":"w821645634","b":"detached","lv":null,"n":null}},
{"type":"Feature","geometry":{"type":"Polygon","coordinates":[[[-122.297538,37.877274],[-122.297494,37.877139],[-122.297589,37.87712],[-122.297633,37.877255],[-122.297538,37.877274]]]},"properties":{"id":"w821645638","b":"yes","lv":null,"n":null}},
{"type":"Feature","geometry":{"type":"Polygon","coordinates":[[[-122.297757,37.877346],[-122.297746,37.877311],[-122.29773,37.877314],[-122.297712,37.877259],[-122.297705,37.87726],[-122.297694,37.877225],[-122.2977,37.877224],[-122.297698,37.877216],[-122.297666,37.877222],[-122.297631,37.877113],[-122.297722,37.877095],[-122.29776,37.877213],[-122.29774,37.877217],[-122.297744,37.877231],[-122.297791,37.877222],[-122.297826,37.877332],[-122.297757,37.877346]]]},"properties":{"id":"w821645640","b":"yes","lv":null,"n":null}},
{"type":"Feature","geometry":{"type":"Polygon","coordinates":[[[-122.297798,37.87721],[-122.297758,37.877085],[-122.297842,37.877068],[-122.297874,37.877167],[-122.297836,37.877174],[-122.297845,37.877201],[-122.297798,37.87721]]]},"properties":{"id":"w821645642","b":"yes","lv":null,"n":null}},
{"type":"Feature","geometry":{"type":"Polygon","coordinates":[[[-122.297923,37.87716],[-122.297891,37.877057],[-122.29798,37.877039],[-122.298012,37.877143],[-122.297923,37.87716]]]},"properties":{"id":"w821645644","b":"yes","lv":null,"n":null}},
{"type":"Feature","geometry":{"type":"Polygon","coordinates":[[[-122.298088,37.877265],[-122.298082,37.877246],[-122.298073,37.877218],[-122.298071,37.877212],[-122.298101,37.877206],[-122.298163,37.877193],[-122.298181,37.877245],[-122.298088,37.877265]]]},"properties":{"id":"w821645648","b":"garage","lv":null,"n":null}},
{"type":"Feature","geometry":{"type":"Polygon","coordinates":[[[-122.298168,37.877171],[-122.298174,37.87719],[-122.298163,37.877193],[-122.298101,37.877206],[-122.298041,37.877029],[-122.298143,37.877007],[-122.298169,37.877086],[-122.298183,37.877083],[-122.29821,37.877163],[-122.298168,37.877171]]]},"properties":{"id":"w821645650","b":"house","lv":null,"n":null}},
{"type":"Feature","geometry":{"type":"Polygon","coordinates":[[[-122.293555,37.881652],[-122.293545,37.881625],[-122.293527,37.881629],[-122.293518,37.881603],[-122.293647,37.881575],[-122.29365,37.881584],[-122.293701,37.881573],[-122.293716,37.881618],[-122.293555,37.881652]]]},"properties":{"id":"w821645656","b":"house","lv":null,"n":null}},
{"type":"Feature","geometry":{"type":"Polygon","coordinates":[[[-122.291929,37.882071],[-122.291897,37.881969],[-122.291958,37.881957],[-122.292025,37.881944],[-122.292057,37.882046],[-122.291929,37.882071]]]},"properties":{"id":"w821645659","b":"house","lv":null,"n":null}},
{"type":"Feature","geometry":{"type":"Polygon","coordinates":[[[-122.294154,37.881554],[-122.294157,37.881564],[-122.294015,37.881593],[-122.293994,37.881529],[-122.294136,37.881499],[-122.294145,37.881527],[-122.294164,37.881523],[-122.294172,37.88155],[-122.294154,37.881554]]]},"properties":{"id":"w821645660","b":"detached","lv":null,"n":null}},
{"type":"Feature","geometry":{"type":"Polygon","coordinates":[[[-122.291934,37.881942],[-122.291931,37.881933],[-122.291867,37.881947],[-122.291851,37.881902],[-122.29197,37.881877],[-122.291989,37.88193],[-122.291934,37.881942]]]},"properties":{"id":"w821645661","b":"house","lv":null,"n":null}},
{"type":"Feature","geometry":{"type":"Polygon","coordinates":[[[-122.294291,37.881184],[-122.294268,37.88111],[-122.294448,37.881075],[-122.294471,37.881149],[-122.294291,37.881184]]]},"properties":{"id":"w821645662","b":"detached","lv":null,"n":null}},
{"type":"Feature","geometry":{"type":"Polygon","coordinates":[[[-122.291834,37.88188],[-122.291819,37.881834],[-122.291892,37.881819],[-122.291889,37.881812],[-122.291947,37.881801],[-122.291964,37.881853],[-122.291834,37.88188]]]},"properties":{"id":"w821645663","b":"house","lv":null,"n":null}},
{"type":"Feature","geometry":{"type":"Polygon","coordinates":[[[-122.291927,37.881727],[-122.291937,37.88176],[-122.29193,37.881761],[-122.291939,37.881789],[-122.291868,37.881802],[-122.291872,37.881815],[-122.291804,37.881828],[-122.29179,37.881783],[-122.29181,37.881779],[-122.291792,37.88172],[-122.291918,37.881696],[-122.291921,37.881705],[-122.291947,37.8817],[-122.291954,37.881722],[-122.291927,37.881727]]]},"properties":{"id":"w821645665","b":"house","lv":null,"n":null}},
{"type":"Feature","geometry":{"type":"Polygon","coordinates":[[[-122.293979,37.881302],[-122.293949,37.88121],[-122.293946,37.881211],[-122.293882,37.881015],[-122.294006,37.88099],[-122.29404,37.881091],[-122.294034,37.881093],[-122.294044,37.881122],[-122.294017,37.881127],[-122.294069,37.881284],[-122.293979,37.881302]]]},"properties":{"id":"w821645666","b":"apartments","lv":null,"n":null}},
{"type":"Feature","geometry":{"type":"Polygon","coordinates":[[[-122.29358,37.881445],[-122.293583,37.881456],[-122.293532,37.881467],[-122.293524,37.881441],[-122.293484,37.881449],[-122.293472,37.88141],[-122.293511,37.881402],[-122.293507,37.881392],[-122.293534,37.881387],[-122.293559,37.881382],[-122.293561,37.881388],[-122.293588,37.881383],[-122.293606,37.88144],[-122.29358,37.881445]]]},"properties":{"id":"w821645667","b":"house","lv":null,"n":null}},
{"type":"Feature","geometry":{"type":"Polygon","coordinates":[[[-122.291782,37.881677],[-122.29177,37.881642],[-122.291783,37.881639],[-122.291773,37.88161],[-122.291917,37.88158],[-122.291938,37.881645],[-122.291782,37.881677]]]},"properties":{"id":"w821645668","b":"house","lv":null,"n":null}},
{"type":"Feature","geometry":{"type":"Polygon","coordinates":[[[-122.294097,37.881416],[-122.2941,37.881425],[-122.293918,37.881461],[-122.293893,37.881387],[-122.294074,37.88135],[-122.294085,37.881382],[-122.294103,37.881378],[-122.294113,37.881413],[-122.294097,37.881416]]]},"properties":{"id":"w821645670","b":"yes","lv":null,"n":null}},
{"type":"Feature","geometry":{"type":"Polygon","coordinates":[[[-122.29476,37.879022],[-122.294767,37.879045],[-122.294729,37.879052],[-122.294723,37.87903],[-122.294703,37.879034],[-122.294677,37.87895],[-122.294762,37.878933],[-122.294788,37.879017],[-122.29476,37.879022]]]},"properties":{"id":"w821645675","b":"yes","lv":null,"n":null}},
{"type":"Feature","geometry":{"type":"Polygon","coordinates":[[[-122.294613,37.879056],[-122.294594,37.878998],[-122.29466,37.878985],[-122.294679,37.879042],[-122.294613,37.879056]]]},"properties":{"id":"w821645676","b":"yes","lv":null,"n":null}},
{"type":"Feature","geometry":{"type":"Polygon","coordinates":[[[-122.292402,37.881696],[-122.29241,37.881721],[-122.29235,37.881733],[-122.292348,37.881726],[-122.292261,37.881743],[-122.29225,37.881711],[-122.292271,37.881706],[-122.292261,37.881674],[-122.292388,37.881649],[-122.292396,37.881675],[-122.292411,37.881672],[-122.292417,37.881693],[-122.292402,37.881696]]]},"properties":{"id":"w821645678","b":"house","lv":null,"n":null}},
{"type":"Feature","geometry":{"type":"Polygon","coordinates":[[[-122.292395,37.881801],[-122.292412,37.881852],[-122.292359,37.881863],[-122.292351,37.881837],[-122.292303,37.881847],[-122.292305,37.881856],[-122.29225,37.881867],[-122.292237,37.881828],[-122.292232,37.881829],[-122.292221,37.881795],[-122.292421,37.881755],[-122.292433,37.881793],[-122.292395,37.881801]]]},"properties":{"id":"w821645680","b":"house","lv":null,"n":null}},
{"type":"Feature","geometry":{"type":"Polygon","coordinates":[[[-122.294738,37.879178],[-122.294741,37.87919],[-122.294545,37.87923],[-122.294523,37.879163],[-122.294681,37.87913],[-122.294676,37.879113],[-122.294683,37.879111],[-122.294682,37.879107],[-122.294736,37.879097],[-122.294743,37.879123],[-122.294748,37.879122],[-122.294751,37.879133],[-122.294747,37.879134],[-122.294759,37.879173],[-122.294738,37.879178]]]},"properties":{"id":"w821645681","b":"yes","lv":null,"n":null}},
{"type":"Feature","geometry":{"type":"Polygon","coordinates":[[[-122.292379,37.881938],[-122.292389,37.88197],[-122.292335,37.881981],[-122.292338,37.881991],[-122.292322,37.881994],[-122.292291,37.881896],[-122.292453,37.881864],[-122.292471,37.881919],[-122.292379,37.881938]]]},"properties":{"id":"w821645682","b":"house","lv":null,"n":null}},
{"type":"Feature","geometry":{"type":"Polygon","coordinates":[[[-122.294556,37.879064],[-122.294563,37.879085],[-122.2945,37.879097],[-122.294467,37.87899],[-122.294557,37.878972],[-122.294584,37.879058],[-122.294556,37.879064]]]},"properties":{"id":"w821645683","b":"yes","lv":null,"n":null}},
{"type":"Feature","geometry":{"type":"Polygon","coordinates":[[[-122.294241,37.879113],[-122.294253,37.879147],[-122.294107,37.879179],[-122.294106,37.879175],[-122.294078,37.879181],[-122.294063,37.87914],[-122.294141,37.879122],[-122.294119,37.879061],[-122.294188,37.879045],[-122.294189,37.879047],[-122.294253,37.879033],[-122.294268,37.879074],[-122.294286,37.879071],[-122.294297,37.879101],[-122.294241,37.879113]]]},"properties":{"id":"w821645698","b":"yes","lv":null,"n":null}},
{"type":"Feature","geometry":{"type":"Polygon","coordinates":[[[-122.294136,37.879293],[-122.294129,37.87927],[-122.294121,37.879246],[-122.294147,37.879241],[-122.294138,37.879216],[-122.294152,37.879213],[-122.294149,37.879204],[-122.294285,37.879178],[-122.29431,37.879258],[-122.294136,37.879293]]]},"properties":{"id":"w821645700","b":"yes","lv":null,"n":null}},
{"type":"Feature","geometry":{"type":"Polygon","coordinates":[[[-122.294205,37.879385],[-122.294185,37.879321],[-122.294336,37.879291],[-122.294357,37.879354],[-122.294205,37.879385]]]},"properties":{"id":"w821645703","b":"yes","lv":null,"n":null}},
{"type":"Feature","geometry":{"type":"Polygon","coordinates":[[[-122.292783,37.881653],[-122.292793,37.881682],[-122.292679,37.881706],[-122.292662,37.881655],[-122.292835,37.881619],[-122.292842,37.88164],[-122.292783,37.881653]]]},"properties":{"id":"w821645704","b":"house","lv":null,"n":null}},
{"type":"Feature","geometry":{"type":"Polygon","coordinates":[[[-122.292742,37.881777],[-122.292724,37.881721],[-122.292865,37.881692],[-122.292883,37.881748],[-122.292742,37.881777]]]},"properties":{"id":"w821645705","b":"house","lv":null,"n":null}},
{"type":"Feature","geometry":{"type":"Polygon","coordinates":[[[-122.294347,37.879626],[-122.29429,37.879637],[-122.294292,37.879643],[-122.294188,37.879663],[-122.294169,37.879597],[-122.294176,37.879596],[-122.294171,37.87958],[-122.294217,37.879572],[-122.294222,37.879588],[-122.294241,37.879584],[-122.294243,37.879593],[-122.294253,37.879591],[-122.294247,37.879571],[-122.294316,37.879559],[-122.294314,37.879555],[-122.294344,37.879549],[-122.294346,37.879556],[-122.294399,37.879547],[-122.294405,37.879567],[-122.294402,37.879568],[-122.294415,37.879614],[-122.294347,37.879626]]]},"properties":{"id":"w821645706","b":"yes","lv":null,"n":null}},
{"type":"Feature","geometry":{"type":"Polygon","coordinates":[[[-122.292821,37.88184],[-122.292818,37.881829],[-122.292711,37.88185],[-122.292692,37.881789],[-122.292797,37.881769],[-122.2928,37.881778],[-122.292903,37.881758],[-122.292922,37.881821],[-122.292821,37.88184]]]},"properties":{"id":"w821645707","b":"house","lv":null,"n":null}},
{"type":"Feature","geometry":{"type":"Polygon","coordinates":[[[-122.294237,37.879795],[-122.294221,37.879742],[-122.294385,37.87971],[-122.294388,37.879721],[-122.294404,37.879718],[-122.294407,37.879728],[-122.294446,37.879721],[-122.294456,37.879752],[-122.294237,37.879795]]]},"properties":{"id":"w821645708","b":"yes","lv":null,"n":null}},
{"type":"Feature","geometry":{"type":"Polygon","coordinates":[[[-122.292766,37.88197],[-122.292761,37.881952],[-122.292742,37.881956],[-122.292732,37.881924],[-122.292751,37.881921],[-122.292745,37.881902],[-122.292772,37.881897],[-122.292771,37.881894],[-122.292779,37.881893],[-122.29278,37.881896],[-122.292854,37.881881],[-122.292875,37.881949],[-122.292766,37.88197]]]},"properties":{"id":"w821645709","b":"house","lv":null,"n":null}},
{"type":"Feature","geometry":{"type":"Polygon","coordinates":[[[-122.294147,37.880727],[-122.294115,37.880629],[-122.294266,37.880598],[-122.294298,37.880695],[-122.294147,37.880727]]]},"properties":{"id":"w821645712","b":"house","lv":null,"n":null}},
{"type":"Feature","geometry":{"type":"Polygon","coordinates":[[[-122.294115,37.880583],[-122.294111,37.880574],[-122.294114,37.880573],[-122.294106,37.880552],[-122.294128,37.880547],[-122.294113,37.880501],[-122.294106,37.880502],[-122.294099,37.880482],[-122.294206,37.88046],[-122.294216,37.880488],[-122.294194,37.880492],[-122.294218,37.880562],[-122.294115,37.880583]]]},"properties":{"id":"w821645713","b":"yes","lv":null,"n":null}},
{"type":"Feature","geometry":{"type":"Polygon","coordinates":[[[-122.292786,37.882114],[-122.292758,37.88203],[-122.292908,37.881999],[-122.29291,37.882007],[-122.292924,37.882004],[-122.292936,37.882043],[-122.292949,37.88204],[-122.292961,37.882078],[-122.292786,37.882114]]]},"properties":{"id":"w821645714","b":"house","lv":null,"n":null}},
{"type":"Feature","geometry":{"type":"Polygon","coordinates":[[[-122.294225,37.880361],[-122.294246,37.880423],[-122.29411,37.880452],[-122.294104,37.880435],[-122.29406,37.880444],[-122.294039,37.880382],[-122.294057,37.880378],[-122.294055,37.880371],[-122.294073,37.880367],[-122.294076,37.880375],[-122.294155,37.880358],[-122.294153,37.88035],[-122.294194,37.880342],[-122.294197,37.88035],[-122.29426,37.880337],[-122.294265,37.880353],[-122.294225,37.880361]]]},"properties":{"id":"w821645716","b":"yes","lv":null,"n":null}},
{"type":"Feature","geometry":{"type":"Polygon","coordinates":[[[-122.294016,37.880339],[-122.293998,37.880285],[-122.293988,37.880287],[-122.293981,37.880267],[-122.293992,37.880264],[-122.294148,37.880231],[-122.294162,37.880271],[-122.294169,37.88027],[-122.294171,37.880275],[-122.294163,37.880277],[-122.294173,37.880306],[-122.294016,37.880339]]]},"properties":{"id":"w821645717","b":"yes","lv":null,"n":null}},
{"type":"Feature","geometry":{"type":"Polygon","coordinates":[[[-122.294145,37.880201],[-122.294147,37.880207],[-122.293997,37.880235],[-122.293973,37.880156],[-122.294121,37.880128],[-122.294132,37.880126],[-122.294139,37.88015],[-122.294208,37.880137],[-122.294223,37.880186],[-122.294145,37.880201]]]},"properties":{"id":"w821645720","b":"yes","lv":null,"n":null}},
{"type":"Feature","geometry":{"type":"Polygon","coordinates":[[[-122.294124,37.880091],[-122.294118,37.88007],[-122.294114,37.880071],[-122.294127,37.880114],[-122.29397,37.880144],[-122.293945,37.880064],[-122.294107,37.880034],[-122.294109,37.880042],[-122.29416,37.880033],[-122.294175,37.880082],[-122.294124,37.880091]]]},"properties":{"id":"w821645721","b":"yes","lv":null,"n":null}},
{"type":"Feature","geometry":{"type":"Polygon","coordinates":[[[-122.294115,37.879984],[-122.294116,37.879987],[-122.294094,37.879991],[-122.294104,37.880023],[-122.293942,37.880055],[-122.293917,37.879975],[-122.294078,37.879944],[-122.294084,37.879962],[-122.294125,37.879955],[-122.294133,37.879981],[-122.294115,37.879984]]]},"properties":{"id":"w821645724","b":"yes","lv":null,"n":null}},
{"type":"Feature","geometry":{"type":"Polygon","coordinates":[[[-122.298741,37.877942],[-122.298669,37.877718],[-122.298914,37.877669],[-122.298918,37.877679],[-122.298945,37.877673],[-122.299014,37.877888],[-122.298741,37.877942]]]},"properties":{"id":"w821645725","b":"church","lv":null,"n":null}},
{"type":"Feature","geometry":{"type":"Polygon","coordinates":[[[-122.29407,37.879904],[-122.294076,37.879923],[-122.293941,37.87995],[-122.293942,37.879954],[-122.293934,37.879955],[-122.293933,37.879952],[-122.293914,37.879955],[-122.293896,37.879899],[-122.293939,37.879891],[-122.293934,37.879876],[-122.294054,37.879852],[-122.294058,37.879865],[-122.294075,37.879862],[-122.294077,37.87987],[-122.294087,37.879868],[-122.294097,37.879899],[-122.29407,37.879904]]]},"properties":{"id":"w821645726","b":"yes","lv":null,"n":null}},
{"type":"Feature","geometry":{"type":"Polygon","coordinates":[[[-122.298882,37.877626],[-122.298883,37.877629],[-122.298658,37.877674],[-122.298632,37.877593],[-122.298664,37.877587],[-122.298654,37.877557],[-122.298847,37.877518],[-122.298847,37.87752],[-122.298878,37.877514],[-122.298913,37.87762],[-122.298882,37.877626]]]},"properties":{"id":"w821645730","b":"house","lv":null,"n":null}},
{"type":"Feature","geometry":{"type":"Polygon","coordinates":[[[-122.298853,37.877472],[-122.298858,37.877489],[-122.298775,37.877505],[-122.298777,37.877513],[-122.298634,37.87754],[-122.298622,37.877501],[-122.298661,37.877494],[-122.298653,37.877469],[-122.298848,37.877431],[-122.298861,37.877471],[-122.298853,37.877472]]]},"properties":{"id":"w821645732","b":"house","lv":null,"n":null}},
{"type":"Feature","geometry":{"type":"Polygon","coordinates":[[[-122.29399,37.879761],[-122.293994,37.879774],[-122.293873,37.879799],[-122.293854,37.879742],[-122.29398,37.879716],[-122.293988,37.87974],[-122.294002,37.879738],[-122.294008,37.879757],[-122.29399,37.879761]]]},"properties":{"id":"w821645733","b":"yes","lv":null,"n":null}},
{"type":"Feature","geometry":{"type":"Polygon","coordinates":[[[-122.298581,37.877471],[-122.29857,37.877434],[-122.298654,37.877418],[-122.298647,37.877394],[-122.298763,37.877372],[-122.298766,37.877383],[-122.298811,37.877375],[-122.298826,37.877426],[-122.298581,37.877471]]]},"properties":{"id":"w821645734","b":"yes","lv":null,"n":null}},
{"type":"Feature","geometry":{"type":"Polygon","coordinates":[[[-122.293911,37.87972],[-122.29391,37.879716],[-122.293848,37.879729],[-122.293832,37.879681],[-122.293901,37.879667],[-122.293902,37.87967],[-122.294038,37.879642],[-122.294054,37.879691],[-122.293911,37.87972]]]},"properties":{"id":"w821645735","b":"yes","lv":null,"n":null}},
{"type":"Feature","geometry":{"type":"Polygon","coordinates":[[[-122.293288,37.882014],[-122.293277,37.881981],[-122.293266,37.881984],[-122.293257,37.881957],[-122.293248,37.881929],[-122.293259,37.881927],[-122.293248,37.881895],[-122.29335,37.881874],[-122.293358,37.8819],[-122.293365,37.881899],[-122.293376,37.881932],[-122.293385,37.881958],[-122.293378,37.88196],[-122.293389,37.881993],[-122.293288,37.882014]]]},"properties":{"id":"w821645736","b":"house","lv":null,"n":null}},
{"type":"Feature","geometry":{"type":"Polygon","coordinates":[[[-122.29334,37.88182],[-122.293352,37.881856],[-122.293202,37.881885],[-122.293179,37.881815],[-122.293345,37.881781],[-122.293358,37.881816],[-122.29334,37.88182]]]},"properties":{"id":"w821645737","b":"house","lv":null,"n":null}},
{"type":"Feature","geometry":{"type":"Polygon","coordinates":[[[-122.29331,37.881722],[-122.293322,37.88176],[-122.2931,37.881802],[-122.293079,37.881742],[-122.293148,37.881727],[-122.293145,37.881716],[-122.293316,37.881682],[-122.293327,37.881719],[-122.29331,37.881722]]]},"properties":{"id":"w821645740","b":"house","lv":null,"n":null}},
{"type":"Feature","geometry":{"type":"Polygon","coordinates":[[[-122.298716,37.877366],[-122.298718,37.877374],[-122.298563,37.877406],[-122.298553,37.877374],[-122.298588,37.877367],[-122.298577,37.877333],[-122.298697,37.877309],[-122.29869,37.877289],[-122.29886,37.877254],[-122.298885,37.877332],[-122.298716,37.877366]]]},"properties":{"id":"w821645741","b":"yes","lv":null,"n":null}},
{"type":"Feature","geometry":{"type":"Polygon","coordinates":[[[-122.29395,37.879639],[-122.293952,37.879643],[-122.293911,37.879651],[-122.293912,37.879655],[-122.293863,37.879665],[-122.29386,37.879658],[-122.293844,37.879661],[-122.293835,37.879634],[-122.293851,37.879631],[-122.293849,37.879623],[-122.293962,37.879601],[-122.293973,37.879634],[-122.29395,37.879639]]]},"properties":{"id":"w821645742","b":"yes","lv":null,"n":null}},
{"type":"Feature","geometry":{"type":"Polygon","coordinates":[[[-122.293097,37.881696],[-122.293084,37.881655],[-122.2931,37.881652],[-122.293085,37.881604],[-122.293151,37.881591],[-122.293153,37.881596],[-122.293237,37.881579],[-122.293245,37.881606],[-122.293252,37.881605],[-122.293255,37.881614],[-122.293249,37.881615],[-122.293254,37.881631],[-122.29328,37.881626],[-122.29329,37.881657],[-122.293097,37.881696]]]},"properties":{"id":"w821645743","b":"house","lv":null,"n":null}},
{"type":"Feature","geometry":{"type":"Polygon","coordinates":[[[-122.298546,37.877291],[-122.298527,37.87723],[-122.298666,37.877203],[-122.298685,37.877263],[-122.298546,37.877291]]]},"properties":{"id":"w821645744","b":"house","lv":null,"n":null}},
{"type":"Feature","geometry":{"type":"Polygon","coordinates":[[[-122.293951,37.879555],[-122.293957,37.879573],[-122.293808,37.879608],[-122.293785,37.879546],[-122.293886,37.879523],[-122.293888,37.879529],[-122.29395,37.879514],[-122.293964,37.879552],[-122.293951,37.879555]]]},"properties":{"id":"w821645745","b":"yes","lv":null,"n":null}},
{"type":"Feature","geometry":{"type":"Polygon","coordinates":[[[-122.292242,37.881658],[-122.292221,37.881588],[-122.292352,37.881563],[-122.292376,37.881558],[-122.292397,37.881628],[-122.292242,37.881658]]]},"properties":{"id":"w821645746","b":"house","lv":null,"n":null}},
{"type":"Feature","geometry":{"type":"Polygon","coordinates":[[[-122.293771,37.879523],[-122.293752,37.879459],[-122.293806,37.87945],[-122.293803,37.879442],[-122.293884,37.879427],[-122.293905,37.879498],[-122.293771,37.879523]]]},"properties":{"id":"w821645749","b":"yes","lv":null,"n":null}},
{"type":"Feature","geometry":{"type":"Polygon","coordinates":[[[-122.293393,37.882056],[-122.293397,37.882068],[-122.293296,37.882089],[-122.293294,37.882081],[-122.29323,37.882095],[-122.29321,37.882038],[-122.293414,37.881995],[-122.293433,37.882048],[-122.293393,37.882056]]]},"properties":{"id":"w821645750","b":"house","lv":null,"n":null}},
{"type":"Feature","geometry":{"type":"Polygon","coordinates":[[[-122.298488,37.877186],[-122.298474,37.877135],[-122.298487,37.877133],[-122.298483,37.87712],[-122.298544,37.877109],[-122.298562,37.877173],[-122.298488,37.877186]]]},"properties":{"id":"w821645751","b":"yes","lv":null,"n":null}},
{"type":"Feature","geometry":{"type":"Polygon","coordinates":[[[-122.298501,37.877082],[-122.298506,37.877099],[-122.298453,37.87711],[-122.298404,37.876962],[-122.298478,37.876946],[-122.298481,37.876955],[-122.2985,37.876951],[-122.29854,37.877074],[-122.298501,37.877082]]]},"properties":{"id":"w821645753","b":"house","lv":null,"n":null}},
{"type":"Feature","geometry":{"type":"Polygon","coordinates":[[[-122.293738,37.879424],[-122.293719,37.879358],[-122.29377,37.879349],[-122.293769,37.879344],[-122.293851,37.879329],[-122.29386,37.87936],[-122.293875,37.879357],[-122.293887,37.879397],[-122.293738,37.879424]]]},"properties":{"id":"w821645754","b":"yes","lv":null,"n":null}},
{"type":"Feature","geometry":{"type":"Polygon","coordinates":[[[-122.298652,37.877098],[-122.298641,37.877065],[-122.298612,37.87707],[-122.298585,37.876984],[-122.29862,37.876977],[-122.298614,37.876959],[-122.298669,37.876949],[-122.298712,37.877087],[-122.298652,37.877098]]]},"properties":{"id":"w821645755","b":"yes","lv":null,"n":null}},
{"type":"Feature","geometry":{"type":"Polygon","coordinates":[[[-122.293994,37.879203],[-122.293977,37.87915],[-122.294049,37.879136],[-122.294066,37.879188],[-122.293994,37.879203]]]},"properties":{"id":"w821645756","b":"yes","lv":null,"n":null}},
{"type":"Feature","geometry":{"type":"Polygon","coordinates":[[[-122.299235,37.877835],[-122.299212,37.877763],[-122.299311,37.877744],[-122.299305,37.877725],[-122.29956,37.877675],[-122.299588,37.877765],[-122.299235,37.877835]]]},"properties":{"id":"w821645758","b":"yes","lv":null,"n":null}},
{"type":"Feature","geometry":{"type":"Polygon","coordinates":[[[-122.29377,37.879322],[-122.293763,37.879303],[-122.293699,37.879316],[-122.293688,37.879285],[-122.293925,37.879236],[-122.293941,37.879287],[-122.29377,37.879322]]]},"properties":{"id":"w821645759","b":"yes","lv":null,"n":null}},
{"type":"Feature","geometry":{"type":"Polygon","coordinates":[[[-122.299489,37.877644],[-122.299482,37.877624],[-122.299242,37.877673],[-122.299241,37.87767],[-122.299201,37.877679],[-122.299172,37.877592],[-122.299266,37.877572],[-122.299268,37.877578],[-122.299514,37.877527],[-122.299549,37.877632],[-122.299489,37.877644]]]},"properties":{"id":"w821645762","b":"yes","lv":null,"n":null}},
{"type":"Feature","geometry":{"type":"Polygon","coordinates":[[[-122.293676,37.879268],[-122.29365,37.879188],[-122.293667,37.879184],[-122.293662,37.87917],[-122.293864,37.879129],[-122.293895,37.879223],[-122.293676,37.879268]]]},"properties":{"id":"w821645763","b":"yes","lv":null,"n":null}},
{"type":"Feature","geometry":{"type":"Polygon","coordinates":[[[-122.293098,37.879414],[-122.293095,37.879403],[-122.293034,37.879415],[-122.293017,37.879361],[-122.293027,37.879359],[-122.29301,37.879304],[-122.293033,37.879299],[-122.293032,37.879296],[-122.2931,37.879282],[-122.29314,37.879405],[-122.293098,37.879414]]]},"properties":{"id":"w821645767","b":"yes","lv":null,"n":null}},
{"type":"Feature","geometry":{"type":"Polygon","coordinates":[[[-122.293208,37.879357],[-122.293211,37.879365],[-122.293195,37.879368],[-122.293194,37.879362],[-122.29315,37.879371],[-122.293123,37.87929],[-122.293207,37.879273],[-122.293233,37.879352],[-122.293208,37.879357]]]},"properties":{"id":"w821645769","b":"yes","lv":null,"n":null}},
{"type":"Feature","geometry":{"type":"Polygon","coordinates":[[[-122.299102,37.877436],[-122.29907,37.877337],[-122.299288,37.877293],[-122.299286,37.877289],[-122.2993,37.877286],[-122.299304,37.877299],[-122.29933,37.877294],[-122.299359,37.877383],[-122.299102,37.877436]]]},"properties":{"id":"w821645771","b":"yes","lv":null,"n":null}},
{"type":"Feature","geometry":{"type":"Polygon","coordinates":[[[-122.299196,37.877268],[-122.299177,37.87721],[-122.299263,37.877193],[-122.299267,37.877203],[-122.299278,37.877201],[-122.299274,37.877191],[-122.299368,37.877172],[-122.299387,37.87723],[-122.299196,37.877268]]]},"properties":{"id":"w821645773","b":"yes","lv":null,"n":null}},
{"type":"Feature","geometry":{"type":"Polygon","coordinates":[[[-122.293319,37.879332],[-122.293321,37.879338],[-122.293307,37.879341],[-122.293306,37.879336],[-122.293261,37.879345],[-122.293237,37.879267],[-122.293252,37.879264],[-122.293251,37.879261],[-122.293318,37.879248],[-122.293342,37.879328],[-122.293319,37.879332]]]},"properties":{"id":"w821645774","b":"yes","lv":null,"n":null}},
{"type":"Feature","geometry":{"type":"Polygon","coordinates":[[[-122.293366,37.879337],[-122.293352,37.879295],[-122.293371,37.879291],[-122.293352,37.879231],[-122.293405,37.879221],[-122.293408,37.879234],[-122.293434,37.879229],[-122.293464,37.879316],[-122.293366,37.879337]]]},"properties":{"id":"w821645776","b":"yes","lv":null,"n":null}},
{"type":"Feature","geometry":{"type":"Polygon","coordinates":[[[-122.294039,37.881674],[-122.29402,37.881612],[-122.294125,37.881592],[-122.294128,37.881586],[-122.294133,37.88159],[-122.29416,37.881585],[-122.294183,37.881645],[-122.294039,37.881674]]]},"properties":{"id":"w821645781","b":"detached","lv":null,"n":null}},
{"type":"Feature","geometry":{"type":"Polygon","coordinates":[[[-122.294071,37.881774],[-122.29405,37.881711],[-122.294157,37.881689],[-122.294156,37.881685],[-122.294164,37.881683],[-122.294165,37.881687],[-122.294193,37.881681],[-122.294215,37.881744],[-122.294071,37.881774]]]},"properties":{"id":"w821645784","b":"detached","lv":null,"n":null}},
{"type":"Feature","geometry":{"type":"Polygon","coordinates":[[[-122.299291,37.877094],[-122.299296,37.877109],[-122.299195,37.877131],[-122.299169,37.877057],[-122.299247,37.87704],[-122.299243,37.87703],[-122.299267,37.877025],[-122.299263,37.877013],[-122.29929,37.877007],[-122.299294,37.877019],[-122.299308,37.877016],[-122.299312,37.877026],[-122.299341,37.87702],[-122.299351,37.877049],[-122.299361,37.877079],[-122.299291,37.877094]]]},"properties":{"id":"w821645785","b":"yes","lv":null,"n":null}},
{"type":"Feature","geometry":{"type":"Polygon","coordinates":[[[-122.29324,37.879504],[-122.293221,37.879448],[-122.293384,37.879414],[-122.293392,37.879437],[-122.293467,37.879422],[-122.293478,37.879454],[-122.29324,37.879504]]]},"properties":{"id":"w821645786","b":"yes","lv":null,"n":null}},
{"type":"Feature","geometry":{"type":"Polygon","coordinates":[[[-122.294025,37.881933],[-122.294011,37.881885],[-122.294016,37.881883],[-122.294014,37.881875],[-122.294057,37.881865],[-122.294061,37.881875],[-122.294092,37.881869],[-122.294089,37.881859],[-122.294135,37.881849],[-122.294119,37.881797],[-122.294208,37.881781],[-122.294218,37.88181],[-122.29423,37.881808],[-122.294242,37.88185],[-122.294183,37.881863],[-122.294194,37.881898],[-122.294025,37.881933]]]},"properties":{"id":"w821645787","b":"detached","lv":null,"n":null}},
{"type":"Feature","geometry":{"type":"Polygon","coordinates":[[[-122.298847,37.876993],[-122.298851,37.877006],[-122.298801,37.877016],[-122.298797,37.877003],[-122.298772,37.877008],[-122.29877,37.877002],[-122.298732,37.87701],[-122.298718,37.876966],[-122.298755,37.876959],[-122.298746,37.876928],[-122.298739,37.876906],[-122.298822,37.87689],[-122.298854,37.876992],[-122.298847,37.876993]]]},"properties":{"id":"w821645790","b":"yes","lv":null,"n":null}},
{"type":"Feature","geometry":{"type":"Polygon","coordinates":[[[-122.293657,37.882005],[-122.293633,37.88193],[-122.293671,37.881922],[-122.293667,37.881908],[-122.293726,37.881896],[-122.293718,37.881873],[-122.293751,37.881867],[-122.293789,37.881859],[-122.293808,37.88192],[-122.293881,37.881906],[-122.293898,37.881957],[-122.293657,37.882005]]]},"properties":{"id":"w821645791","b":"house","lv":null,"n":null}},
{"type":"Feature","geometry":{"type":"Polygon","coordinates":[[[-122.298924,37.877041],[-122.298872,37.876876],[-122.298953,37.87686],[-122.299005,37.877025],[-122.298924,37.877041]]]},"properties":{"id":"w821645793","b":"yes","lv":null,"n":null}},
{"type":"Feature","geometry":{"type":"Polygon","coordinates":[[[-122.29363,37.881791],[-122.293631,37.881793],[-122.293805,37.881756],[-122.293829,37.881827],[-122.293624,37.88187],[-122.293599,37.881797],[-122.29363,37.881791]]]},"properties":{"id":"w821645794","b":"house","lv":null,"n":null}},
{"type":"Feature","geometry":{"type":"Polygon","coordinates":[[[-122.293349,37.879571],[-122.293329,37.87951],[-122.293355,37.879505],[-122.293477,37.87948],[-122.293497,37.879541],[-122.293479,37.879544],[-122.293408,37.879559],[-122.293349,37.879571]]]},"properties":{"id":"w821645795","b":"yes","lv":null,"n":null}},
{"type":"Feature","geometry":{"type":"Polygon","coordinates":[[[-122.293579,37.881741],[-122.29357,37.881714],[-122.293553,37.881718],[-122.293544,37.881689],[-122.293672,37.881663],[-122.293677,37.881676],[-122.293699,37.881672],[-122.293713,37.881714],[-122.293579,37.881741]]]},"properties":{"id":"w821645796","b":"house","lv":null,"n":null}},
{"type":"Feature","geometry":{"type":"Polygon","coordinates":[[[-122.299037,37.877029],[-122.298977,37.876842],[-122.299023,37.876832],[-122.299027,37.876844],[-122.299062,37.876837],[-122.299118,37.877013],[-122.299037,37.877029]]]},"properties":{"id":"w821645797","b":"yes","lv":null,"n":null}},
{"type":"Feature","geometry":{"type":"Polygon","coordinates":[[[-122.299255,37.876935],[-122.299242,37.876896],[-122.299309,37.876883],[-122.299322,37.876921],[-122.299255,37.876935]]]},"properties":{"id":"w821645799","b":"yes","lv":null,"n":null}},
{"type":"Feature","geometry":{"type":"Polygon","coordinates":[[[-122.293417,37.879589],[-122.293408,37.879559],[-122.293479,37.879544],[-122.293489,37.879574],[-122.293417,37.879589]]]},"properties":{"id":"w821645800","b":"yes","lv":null,"n":null}},
{"type":"Feature","geometry":{"type":"Polygon","coordinates":[[[-122.29914,37.87698],[-122.299094,37.876833],[-122.299193,37.876813],[-122.299239,37.87696],[-122.29914,37.87698]]]},"properties":{"id":"w821645801","b":"yes","lv":null,"n":null}},
{"type":"Feature","geometry":{"type":"Polygon","coordinates":[[[-122.294178,37.882028],[-122.294171,37.882003],[-122.294141,37.88201],[-122.294117,37.881946],[-122.294251,37.881918],[-122.294265,37.881958],[-122.294276,37.881956],[-122.294282,37.881973],[-122.294298,37.88197],[-122.294309,37.882007],[-122.294295,37.88201],[-122.294301,37.882028],[-122.294287,37.882031],[-122.2943,37.882069],[-122.294166,37.882097],[-122.294149,37.882034],[-122.294178,37.882028]]]},"properties":{"id":"w821645803","b":"semidetached_house","lv":null,"n":null}},
{"type":"Feature","geometry":{"type":"Polygon","coordinates":[[[-122.293359,37.87969],[-122.293353,37.879671],[-122.293329,37.879676],[-122.293314,37.879626],[-122.293337,37.879621],[-122.293335,37.879615],[-122.293497,37.879583],[-122.293521,37.879659],[-122.293359,37.87969]]]},"properties":{"id":"w821645810","b":"yes","lv":null,"n":null}},
{"type":"Feature","geometry":{"type":"Polygon","coordinates":[[[-122.293374,37.879831],[-122.293354,37.87977],[-122.293445,37.879752],[-122.293442,37.879743],[-122.293355,37.87976],[-122.293346,37.879729],[-122.293358,37.879726],[-122.293351,37.879707],[-122.293451,37.879687],[-122.293449,37.879682],[-122.29352,37.879668],[-122.293523,37.879678],[-122.293541,37.879674],[-122.29355,37.879703],[-122.293515,37.87971],[-122.29353,37.879759],[-122.293565,37.879752],[-122.293577,37.879791],[-122.293374,37.879831]]]},"properties":{"id":"w821645813","b":"yes","lv":null,"n":null}},
{"type":"Feature","geometry":{"type":"Polygon","coordinates":[[[-122.293464,37.87992],[-122.293448,37.879869],[-122.293462,37.879866],[-122.293455,37.879844],[-122.293587,37.879818],[-122.293596,37.879847],[-122.293617,37.879843],[-122.293624,37.879865],[-122.293631,37.879886],[-122.293464,37.87992]]]},"properties":{"id":"w821645815","b":"yes","lv":null,"n":null}},
{"type":"Feature","geometry":{"type":"Polygon","coordinates":[[[-122.293639,37.879965],[-122.293646,37.879988],[-122.293461,37.880025],[-122.293447,37.879982],[-122.293497,37.879972],[-122.293486,37.879936],[-122.293622,37.879909],[-122.293629,37.879932],[-122.293643,37.879929],[-122.293654,37.879962],[-122.293639,37.879965]]]},"properties":{"id":"w821645817","b":"yes","lv":null,"n":null}},
{"type":"Feature","geometry":{"type":"Polygon","coordinates":[[[-122.293635,37.880156],[-122.293638,37.880163],[-122.293575,37.880176],[-122.293573,37.880172],[-122.293469,37.880192],[-122.293453,37.880142],[-122.293505,37.880131],[-122.293502,37.880123],[-122.293514,37.880121],[-122.293517,37.880128],[-122.293557,37.88012],[-122.293556,37.880117],[-122.293639,37.8801],[-122.293645,37.880118],[-122.293684,37.88011],[-122.293689,37.880127],[-122.293695,37.880144],[-122.293635,37.880156]]]},"properties":{"id":"w821645819","b":"yes","lv":null,"n":null}},
{"type":"Feature","geometry":{"type":"Polygon","coordinates":[[[-122.29351,37.880109],[-122.293484,37.880033],[-122.293645,37.88],[-122.29367,37.880076],[-122.29351,37.880109]]]},"properties":{"id":"w821645823","b":"yes","lv":null,"n":null}},
{"type":"Feature","geometry":{"type":"Polygon","coordinates":[[[-122.293703,37.880229],[-122.293713,37.880259],[-122.293551,37.880291],[-122.293527,37.880217],[-122.293708,37.880181],[-122.293722,37.880225],[-122.293703,37.880229]]]},"properties":{"id":"w821645825","b":"yes","lv":null,"n":null}},
{"type":"Feature","geometry":{"type":"Polygon","coordinates":[[[-122.293688,37.880337],[-122.29369,37.880343],[-122.293714,37.880338],[-122.293732,37.880394],[-122.293617,37.880417],[-122.293613,37.880402],[-122.293577,37.880409],[-122.293565,37.88037],[-122.293543,37.880374],[-122.293528,37.880326],[-122.29364,37.880305],[-122.293636,37.880291],[-122.293736,37.880272],[-122.293753,37.880325],[-122.293688,37.880337]]]},"properties":{"id":"w821645828","b":"yes","lv":null,"n":null}},
{"type":"Feature","geometry":{"type":"Polygon","coordinates":[[[-122.293661,37.880549],[-122.293637,37.880472],[-122.293795,37.880441],[-122.293819,37.880517],[-122.293661,37.880549]]]},"properties":{"id":"w821645829","b":"yes","lv":null,"n":null}},
{"type":"Feature","geometry":{"type":"Polygon","coordinates":[[[-122.293693,37.880656],[-122.293701,37.88068],[-122.293644,37.880691],[-122.293618,37.880606],[-122.293705,37.880589],[-122.293702,37.880579],[-122.293732,37.880573],[-122.293735,37.880582],[-122.29375,37.880579],[-122.293748,37.88057],[-122.29377,37.880566],[-122.293773,37.880574],[-122.293807,37.880568],[-122.293806,37.880566],[-122.293834,37.880561],[-122.293854,37.880626],[-122.293693,37.880656]]]},"properties":{"id":"w821645830","b":"yes","lv":null,"n":null}},
{"type":"Feature","geometry":{"type":"Polygon","coordinates":[[[-122.293852,37.880696],[-122.293861,37.880722],[-122.29371,37.880754],[-122.293694,37.880706],[-122.293757,37.880692],[-122.293754,37.880683],[-122.293771,37.88068],[-122.293773,37.880686],[-122.293783,37.880684],[-122.293799,37.88068],[-122.293801,37.880685],[-122.293862,37.880672],[-122.293869,37.880692],[-122.293852,37.880696]]]},"properties":{"id":"w821645831","b":"yes","lv":null,"n":null}},
{"type":"Feature","geometry":{"type":"Polygon","coordinates":[[[-122.293886,37.880766],[-122.293896,37.880799],[-122.293723,37.880834],[-122.293701,37.880767],[-122.293896,37.880728],[-122.293907,37.880762],[-122.293886,37.880766]]]},"properties":{"id":"w821645832","b":"house","lv":null,"n":null}},
{"type":"Feature","geometry":{"type":"Polygon","coordinates":[[[-122.29361,37.880842],[-122.293594,37.880785],[-122.293635,37.880778],[-122.293652,37.880835],[-122.29361,37.880842]]]},"properties":{"id":"w821645833","b":"garage","lv":null,"n":null}},
{"type":"Feature","geometry":{"type":"Polygon","coordinates":[[[-122.299868,37.877682],[-122.299814,37.877527],[-122.29991,37.877506],[-122.299964,37.877662],[-122.299868,37.877682]]]},"properties":{"id":"w821645835","b":"yes","lv":null,"n":null}},
{"type":"Feature","geometry":{"type":"Polygon","coordinates":[[[-122.293369,37.880693],[-122.293381,37.880733],[-122.293265,37.880755],[-122.293235,37.880654],[-122.293332,37.880636],[-122.29335,37.880696],[-122.293369,37.880693]]]},"properties":{"id":"w821645836","b":"house","lv":null,"n":null}},
{"type":"Feature","geometry":{"type":"Polygon","coordinates":[[[-122.29338,37.880571],[-122.293387,37.880591],[-122.293353,37.880598],[-122.293351,37.880592],[-122.29322,37.880617],[-122.293208,37.880578],[-122.293185,37.880583],[-122.293173,37.880547],[-122.293373,37.880507],[-122.293392,37.880569],[-122.29338,37.880571]]]},"properties":{"id":"w821645838","b":"yes","lv":null,"n":null}},
{"type":"Feature","geometry":{"type":"Polygon","coordinates":[[[-122.300244,37.87762],[-122.300212,37.877512],[-122.300288,37.877498],[-122.30032,37.877606],[-122.300244,37.87762]]]},"properties":{"id":"w821645839","b":"yes","lv":null,"n":null}},
{"type":"Feature","geometry":{"type":"Polygon","coordinates":[[[-122.293225,37.880138],[-122.293226,37.880143],[-122.293078,37.880173],[-122.293068,37.880141],[-122.293062,37.880142],[-122.293049,37.880101],[-122.29312,37.880086],[-122.293126,37.880085],[-122.293127,37.880085],[-122.293205,37.880069],[-122.293221,37.880117],[-122.29324,37.880113],[-122.293247,37.880133],[-122.293225,37.880138]]]},"properties":{"id":"w821645840","b":"yes","lv":null,"n":null}},
{"type":"Feature","geometry":{"type":"Polygon","coordinates":[[[-122.293199,37.87999],[-122.293206,37.880012],[-122.293042,37.880045],[-122.293032,37.880011],[-122.293052,37.880007],[-122.293043,37.87998],[-122.293187,37.879952],[-122.293188,37.879955],[-122.293217,37.879949],[-122.293228,37.879984],[-122.293199,37.87999]]]},"properties":{"id":"w821645842","b":"yes","lv":null,"n":null}},
{"type":"Feature","geometry":{"type":"Polygon","coordinates":[[[-122.299805,37.877448],[-122.299797,37.877423],[-122.299778,37.877427],[-122.299771,37.877407],[-122.299791,37.877403],[-122.299784,37.877384],[-122.299898,37.87736],[-122.299909,37.877395],[-122.299919,37.877424],[-122.299805,37.877448]]]},"properties":{"id":"w821645843","b":"yes","lv":null,"n":null}},
{"type":"Feature","geometry":{"type":"Polygon","coordinates":[[[-122.293025,37.879978],[-122.293021,37.879964],[-122.293012,37.879966],[-122.293006,37.879948],[-122.293014,37.879946],[-122.29301,37.879933],[-122.293116,37.879912],[-122.293109,37.879891],[-122.293164,37.87988],[-122.293185,37.879946],[-122.293025,37.879978]]]},"properties":{"id":"w821645844","b":"yes","lv":null,"n":null}},
{"type":"Feature","geometry":{"type":"Polygon","coordinates":[[[-122.293019,37.879897],[-122.29301,37.87987],[-122.292994,37.879874],[-122.292976,37.879818],[-122.293085,37.879796],[-122.293098,37.879837],[-122.293127,37.879832],[-122.293133,37.879852],[-122.293149,37.879849],[-122.293155,37.87987],[-122.293019,37.879897]]]},"properties":{"id":"w821645845","b":"yes","lv":null,"n":null}},
{"type":"Feature","geometry":{"type":"Polygon","coordinates":[[[-122.299884,37.87732],[-122.299882,37.877314],[-122.299768,37.877337],[-122.299746,37.87727],[-122.299951,37.877229],[-122.299974,37.877302],[-122.299884,37.87732]]]},"properties":{"id":"w821645846","b":"yes","lv":null,"n":null}},
{"type":"Feature","geometry":{"type":"Polygon","coordinates":[[[-122.292954,37.879781],[-122.292934,37.879717],[-122.293058,37.879692],[-122.293078,37.879757],[-122.292954,37.879781]]]},"properties":{"id":"w821645848","b":"yes","lv":null,"n":null}},
{"type":"Feature","geometry":{"type":"Polygon","coordinates":[[[-122.299704,37.877247],[-122.299682,37.877181],[-122.299939,37.877128],[-122.299942,37.877139],[-122.299979,37.877131],[-122.299998,37.877187],[-122.299704,37.877247]]]},"properties":{"id":"w821645849","b":"yes","lv":null,"n":null}},
{"type":"Feature","geometry":{"type":"Polygon","coordinates":[[[-122.293088,37.879646],[-122.293097,37.879672],[-122.293045,37.879682],[-122.293046,37.879686],[-122.292941,37.879707],[-122.292922,37.879649],[-122.293063,37.879621],[-122.293066,37.879629],[-122.293093,37.879624],[-122.2931,37.879644],[-122.293088,37.879646]]]},"properties":{"id":"w821645850","b":"yes","lv":null,"n":null}},
{"type":"Feature","geometry":{"type":"Polygon","coordinates":[[[-122.293026,37.879583],[-122.293031,37.879596],[-122.29291,37.87962],[-122.29289,37.879557],[-122.292912,37.879553],[-122.292904,37.879527],[-122.293001,37.879508],[-122.293015,37.879552],[-122.29304,37.879547],[-122.293041,37.87955],[-122.29305,37.879578],[-122.293026,37.879583]]]},"properties":{"id":"w821645851","b":"yes","lv":null,"n":null}},
{"type":"Feature","geometry":{"type":"Polygon","coordinates":[[[-122.292909,37.879497],[-122.292902,37.879475],[-122.292972,37.879461],[-122.292979,37.879483],[-122.292909,37.879497]]]},"properties":{"id":"w821645852","b":"yes","lv":null,"n":null}},
{"type":"Feature","geometry":{"type":"Polygon","coordinates":[[[-122.299643,37.877061],[-122.299621,37.876995],[-122.299874,37.876943],[-122.299896,37.877009],[-122.299643,37.877061]]]},"properties":{"id":"w821645853","b":"yes","lv":null,"n":null}},
{"type":"Feature","geometry":{"type":"Polygon","coordinates":[[[-122.292981,37.879423],[-122.292986,37.87944],[-122.292983,37.87944],[-122.292985,37.879447],[-122.292964,37.879451],[-122.292962,37.879445],[-122.292897,37.879457],[-122.292899,37.879463],[-122.292881,37.879467],[-122.292874,37.879443],[-122.292849,37.879447],[-122.292825,37.879364],[-122.292903,37.87935],[-122.292978,37.879336],[-122.292983,37.879351],[-122.292994,37.879349],[-122.292997,37.879361],[-122.292987,37.879363],[-122.293003,37.879419],[-122.292981,37.879423]]]},"properties":{"id":"w821645854","b":"yes","lv":null,"n":null}},
{"type":"Feature","geometry":{"type":"Polygon","coordinates":[[[-122.299562,37.876917],[-122.299532,37.876807],[-122.299525,37.876808],[-122.299509,37.876748],[-122.299557,37.87674],[-122.299604,37.876732],[-122.29965,37.876902],[-122.299562,37.876917]]]},"properties":{"id":"w821645855","b":"yes","lv":null,"n":null}},
{"type":"Feature","geometry":{"type":"Polygon","coordinates":[[[-122.299664,37.876865],[-122.299618,37.876727],[-122.299653,37.87672],[-122.299649,37.876708],[-122.299675,37.876703],[-122.299679,37.876715],[-122.299711,37.876708],[-122.299732,37.87677],[-122.29972,37.876772],[-122.299746,37.876848],[-122.299664,37.876865]]]},"properties":{"id":"w821645857","b":"yes","lv":null,"n":null}},
{"type":"Feature","geometry":{"type":"Polygon","coordinates":[[[-122.299834,37.876781],[-122.299845,37.876815],[-122.299782,37.876827],[-122.299773,37.876797],[-122.299756,37.8768],[-122.299725,37.876704],[-122.299757,37.876698],[-122.299754,37.876686],[-122.299788,37.876679],[-122.299791,37.876691],[-122.299819,37.876686],[-122.299848,37.876779],[-122.299834,37.876781]]]},"properties":{"id":"w821645858","b":"yes","lv":null,"n":null}},
{"type":"Feature","geometry":{"type":"Polygon","coordinates":[[[-122.299867,37.876771],[-122.299838,37.87668],[-122.299883,37.876671],[-122.299886,37.87668],[-122.299943,37.876668],[-122.299949,37.87669],[-122.299986,37.876682],[-122.300006,37.876744],[-122.299867,37.876771]]]},"properties":{"id":"w821645859","b":"yes","lv":null,"n":null}},
{"type":"Feature","geometry":{"type":"Polygon","coordinates":[[[-122.300571,37.877545],[-122.300573,37.877549],[-122.300502,37.877562],[-122.300466,37.877441],[-122.300545,37.877426],[-122.300548,37.877437],[-122.300576,37.877432],[-122.300607,37.877538],[-122.300571,37.877545]]]},"properties":{"id":"w821645862","b":"yes","lv":null,"n":null}},
{"type":"Feature","geometry":{"type":"Polygon","coordinates":[[[-122.300404,37.877587],[-122.300401,37.877576],[-122.300361,37.877583],[-122.300341,37.877512],[-122.300348,37.877511],[-122.300333,37.877456],[-122.300375,37.877448],[-122.300379,37.877465],[-122.300407,37.87746],[-122.300418,37.877499],[-122.300421,37.877498],[-122.300444,37.877579],[-122.300404,37.877587]]]},"properties":{"id":"w821645863","b":"yes","lv":null,"n":null}},
{"type":"Feature","geometry":{"type":"Polygon","coordinates":[[[-122.300403,37.877413],[-122.300379,37.877349],[-122.300444,37.877334],[-122.300468,37.877398],[-122.300403,37.877413]]]},"properties":{"id":"w821645864","b":"yes","lv":null,"n":null}},
{"type":"Feature","geometry":{"type":"Polygon","coordinates":[[[-122.300435,37.877325],[-122.30042,37.877277],[-122.300514,37.877259],[-122.30053,37.877307],[-122.300435,37.877325]]]},"properties":{"id":"w821645865","b":"yes","lv":null,"n":null}},
{"type":"Feature","geometry":{"type":"Polygon","coordinates":[[[-122.300358,37.877257],[-122.300357,37.877254],[-122.30033,37.877259],[-122.300309,37.877189],[-122.300335,37.877184],[-122.300334,37.87718],[-122.300443,37.877159],[-122.300457,37.877203],[-122.30045,37.877205],[-122.300461,37.877238],[-122.300358,37.877257]]]},"properties":{"id":"w821645866","b":"yes","lv":null,"n":null}},
{"type":"Feature","geometry":{"type":"Polygon","coordinates":[[[-122.300407,37.877141],[-122.300412,37.877153],[-122.300317,37.877173],[-122.300294,37.877104],[-122.300431,37.877075],[-122.30045,37.877132],[-122.300407,37.877141]]]},"properties":{"id":"w821645867","b":"yes","lv":null,"n":null}},
{"type":"Feature","geometry":{"type":"Polygon","coordinates":[[[-122.300259,37.877092],[-122.300247,37.877058],[-122.30022,37.877064],[-122.300213,37.877042],[-122.30024,37.877036],[-122.300235,37.87702],[-122.300337,37.876998],[-122.300343,37.877017],[-122.300407,37.877004],[-122.300425,37.877058],[-122.300259,37.877092]]]},"properties":{"id":"w821645868","b":"yes","lv":null,"n":null}},
{"type":"Feature","geometry":{"type":"Polygon","coordinates":[[[-122.300315,37.876958],[-122.300321,37.876977],[-122.300311,37.876979],[-122.300312,37.876983],[-122.300143,37.877016],[-122.300125,37.876956],[-122.300379,37.876908],[-122.30039,37.876943],[-122.300315,37.876958]]]},"properties":{"id":"w821645869","b":"yes","lv":null,"n":null}},
{"type":"Feature","geometry":{"type":"Polygon","coordinates":[[[-122.300251,37.87692],[-122.300231,37.876855],[-122.300348,37.876831],[-122.300369,37.876896],[-122.300251,37.87692]]]},"properties":{"id":"w821645870","b":"yes","lv":null,"n":null}},
{"type":"Feature","geometry":{"type":"Polygon","coordinates":[[[-122.300044,37.876799],[-122.30001,37.876696],[-122.300038,37.87669],[-122.300025,37.876647],[-122.30003,37.876646],[-122.300027,37.876635],[-122.300068,37.876627],[-122.300072,37.876639],[-122.300118,37.87663],[-122.300165,37.876775],[-122.300044,37.876799]]]},"properties":{"id":"w821645872","b":"yes","lv":null,"n":null}},
{"type":"Feature","geometry":{"type":"Polygon","coordinates":[[[-122.30029,37.876684],[-122.300303,37.876727],[-122.300207,37.876746],[-122.300189,37.87669],[-122.300168,37.876694],[-122.300147,37.876627],[-122.300218,37.876613],[-122.300215,37.876602],[-122.300299,37.876585],[-122.300328,37.876676],[-122.30029,37.876684]]]},"properties":{"id":"w821645873","b":"yes","lv":null,"n":null}},
{"type":"Feature","geometry":{"type":"Polygon","coordinates":[[[-122.301238,37.876547],[-122.301245,37.876566],[-122.301192,37.876577],[-122.301151,37.876454],[-122.301159,37.876452],[-122.30114,37.876395],[-122.301149,37.876393],[-122.301146,37.876383],[-122.301215,37.876368],[-122.301224,37.876397],[-122.301237,37.876436],[-122.301239,37.876435],[-122.301274,37.876539],[-122.301238,37.876547]]]},"properties":{"id":"w821645875","b":"yes","lv":null,"n":null}},
{"type":"Feature","geometry":{"type":"Polygon","coordinates":[[[-122.300895,37.87752],[-122.300872,37.877452],[-122.300949,37.877436],[-122.300938,37.877402],[-122.300996,37.87739],[-122.301008,37.877424],[-122.301056,37.877414],[-122.301078,37.877482],[-122.300895,37.87752]]]},"properties":{"id":"w821645876","b":"mixed_use","lv":"2","n":null}},
{"type":"Feature","geometry":{"type":"Polygon","coordinates":[[[-122.30095,37.877213],[-122.300952,37.877218],[-122.300854,37.877235],[-122.300848,37.877212],[-122.300838,37.877214],[-122.300832,37.877192],[-122.300841,37.877191],[-122.300833,37.87716],[-122.300972,37.877136],[-122.300992,37.877206],[-122.30095,37.877213]]]},"properties":{"id":"w821645878","b":"yes","lv":null,"n":null}},
{"type":"Feature","geometry":{"type":"Polygon","coordinates":[[[-122.300763,37.876937],[-122.300736,37.876845],[-122.3008,37.876833],[-122.300797,37.876823],[-122.300817,37.876819],[-122.30082,37.87683],[-122.300829,37.876828],[-122.300831,37.876835],[-122.300844,37.87688],[-122.300867,37.876876],[-122.300878,37.876915],[-122.300763,37.876937]]]},"properties":{"id":"w821645879","b":"yes","lv":null,"n":null}},
{"type":"Feature","geometry":{"type":"Polygon","coordinates":[[[-122.30071,37.876827],[-122.300688,37.876761],[-122.300859,37.876727],[-122.30088,37.876793],[-122.30071,37.876827]]]},"properties":{"id":"w821645883","b":"yes","lv":null,"n":null}},
{"type":"Feature","geometry":{"type":"Polygon","coordinates":[[[-122.300666,37.876715],[-122.300599,37.876513],[-122.30068,37.876496],[-122.300747,37.876698],[-122.300666,37.876715]]]},"properties":{"id":"w821645885","b":"yes","lv":null,"n":null}},
{"type":"Feature","geometry":{"type":"Polygon","coordinates":[[[-122.300884,37.876614],[-122.300833,37.876453],[-122.301007,37.876419],[-122.301058,37.876579],[-122.300884,37.876614]]]},"properties":{"id":"w821645886","b":"yes","lv":null,"n":null}},
{"type":"Feature","geometry":{"type":"Polygon","coordinates":[[[-122.301389,37.877387],[-122.301383,37.877368],[-122.301367,37.877371],[-122.301329,37.877249],[-122.301419,37.877232],[-122.301429,37.877266],[-122.301424,37.877267],[-122.301457,37.877374],[-122.301389,37.877387]]]},"properties":{"id":"w821645887","b":"yes","lv":null,"n":null}},
{"type":"Feature","geometry":{"type":"Polygon","coordinates":[[[-122.301495,37.877365],[-122.30149,37.877347],[-122.301473,37.87735],[-122.301441,37.877241],[-122.301525,37.877225],[-122.301563,37.877353],[-122.301495,37.877365]]]},"properties":{"id":"w821645888","b":"yes","lv":null,"n":null}},
{"type":"Feature","geometry":{"type":"Polygon","coordinates":[[[-122.301607,37.877339],[-122.301601,37.877319],[-122.301585,37.877322],[-122.301553,37.877218],[-122.301637,37.877202],[-122.301674,37.877326],[-122.301607,37.877339]]]},"properties":{"id":"w821645889","b":"yes","lv":null,"n":null}},
{"type":"Feature","geometry":{"type":"Polygon","coordinates":[[[-122.301751,37.877305],[-122.301753,37.877313],[-122.301705,37.877322],[-122.301657,37.87717],[-122.301705,37.877161],[-122.30171,37.877179],[-122.301743,37.877172],[-122.301783,37.877299],[-122.301751,37.877305]]]},"properties":{"id":"w821645890","b":"yes","lv":null,"n":null}},
{"type":"Feature","geometry":{"type":"Polygon","coordinates":[[[-122.301397,37.877132],[-122.301355,37.876997],[-122.301562,37.876957],[-122.301567,37.876974],[-122.301665,37.876955],[-122.301702,37.877073],[-122.301397,37.877132]]]},"properties":{"id":"w821645891","b":"yes","lv":null,"n":null}},
{"type":"Feature","geometry":{"type":"Polygon","coordinates":[[[-122.301457,37.876959],[-122.301446,37.876926],[-122.301437,37.876928],[-122.301425,37.876889],[-122.301434,37.876887],[-122.301432,37.876883],[-122.301602,37.876849],[-122.301627,37.876924],[-122.301457,37.876959]]]},"properties":{"id":"w821645894","b":"yes","lv":null,"n":null}},
{"type":"Feature","geometry":{"type":"Polygon","coordinates":[[[-122.301417,37.876832],[-122.301396,37.876762],[-122.301483,37.876746],[-122.301484,37.876748],[-122.301566,37.876733],[-122.301587,37.876803],[-122.301589,37.87681],[-122.301495,37.876828],[-122.301493,37.876821],[-122.301492,37.876818],[-122.301417,37.876832]]]},"properties":{"id":"w821645895","b":"yes","lv":null,"n":null}},
{"type":"Feature","geometry":{"type":"Polygon","coordinates":[[[-122.30144,37.876726],[-122.301428,37.876691],[-122.301416,37.876694],[-122.30141,37.876675],[-122.301423,37.876672],[-122.301416,37.87665],[-122.301443,37.876645],[-122.30144,37.876634],[-122.301496,37.876623],[-122.301499,37.876633],[-122.301544,37.876624],[-122.301569,37.8767],[-122.30144,37.876726]]]},"properties":{"id":"w821645896","b":"yes","lv":null,"n":null}},
{"type":"Feature","geometry":{"type":"Polygon","coordinates":[[[-122.301428,37.876596],[-122.301398,37.876494],[-122.301469,37.876481],[-122.301476,37.876503],[-122.301492,37.8765],[-122.301497,37.876517],[-122.301503,37.876516],[-122.30151,37.876539],[-122.301503,37.87654],[-122.301515,37.87658],[-122.301428,37.876596]]]},"properties":{"id":"w821645898","b":"yes","lv":null,"n":null}},
{"type":"Feature","geometry":{"type":"Polygon","coordinates":[[[-122.301389,37.876434],[-122.30136,37.876349],[-122.301463,37.876328],[-122.301491,37.876413],[-122.301389,37.876434]]]},"properties":{"id":"w821645899","b":"yes","lv":null,"n":null}},
{"type":"Feature","geometry":{"type":"Polygon","coordinates":[[[-122.299469,37.877519],[-122.299432,37.877406],[-122.299344,37.877424],[-122.299359,37.877469],[-122.29933,37.877475],[-122.299334,37.877488],[-122.299308,37.877493],[-122.299325,37.877548],[-122.299469,37.877519]]]},"properties":{"id":"w821645900","b":"yes","lv":null,"n":null}},
{"type":"Feature","geometry":{"type":"Polygon","coordinates":[[[-122.292794,37.881618],[-122.292785,37.881587],[-122.292641,37.881617],[-122.292619,37.881554],[-122.292629,37.881552],[-122.292623,37.881532],[-122.292763,37.881502],[-122.292769,37.88152],[-122.292821,37.881501],[-122.292842,37.881573],[-122.292858,37.88157],[-122.292866,37.881603],[-122.292794,37.881618]]]},"properties":{"id":"w821645901","b":"house","lv":null,"n":null}},
{"type":"Feature","geometry":{"type":"Polygon","coordinates":[[[-122.291428,37.881605],[-122.29139,37.88149],[-122.291451,37.881477],[-122.291457,37.881493],[-122.29148,37.881489],[-122.291513,37.881588],[-122.291428,37.881605]]]},"properties":{"id":"w821645902","b":"house","lv":null,"n":null}},
{"type":"Feature","geometry":{"type":"Polygon","coordinates":[[[-122.293101,37.881274],[-122.293059,37.881144],[-122.293114,37.881133],[-122.293117,37.881145],[-122.293164,37.881135],[-122.293203,37.881254],[-122.293101,37.881274]]]},"properties":{"id":"w821645903","b":"house","lv":null,"n":null}},
{"type":"Feature","geometry":{"type":"Polygon","coordinates":[[[-122.291187,37.881611],[-122.29116,37.881528],[-122.291253,37.881509],[-122.291258,37.881525],[-122.291275,37.881522],[-122.291297,37.881589],[-122.291187,37.881611]]]},"properties":{"id":"w821645904","b":"yes","lv":null,"n":null}},
{"type":"Feature","geometry":{"type":"Polygon","coordinates":[[[-122.294198,37.879427],[-122.294196,37.879422],[-122.29427,37.879407],[-122.294271,37.879413],[-122.294287,37.87941],[-122.294289,37.879415],[-122.294348,37.879403],[-122.294372,37.879479],[-122.294258,37.879502],[-122.294251,37.879481],[-122.294237,37.879484],[-122.294229,37.879457],[-122.294206,37.879462],[-122.294204,37.879455],[-122.294196,37.87945],[-122.294192,37.879437],[-122.294198,37.879427]]]},"properties":{"id":"w821645905","b":"yes","lv":null,"n":null}},
{"type":"Feature","geometry":{"type":"Polygon","coordinates":[[[-122.29296,37.880976],[-122.292937,37.880907],[-122.292991,37.880896],[-122.292974,37.880843],[-122.293054,37.880826],[-122.293074,37.880888],[-122.293069,37.880889],[-122.293089,37.880949],[-122.29296,37.880976]]]},"properties":{"id":"w821645906","b":"house","lv":null,"n":null}},
{"type":"Feature","geometry":{"type":"Polygon","coordinates":[[[-122.292338,37.881492],[-122.292349,37.881527],[-122.292182,37.88156],[-122.292161,37.881494],[-122.292345,37.881458],[-122.292354,37.881489],[-122.292338,37.881492]]]},"properties":{"id":"w821645907","b":"apartments","lv":null,"n":null}},
{"type":"Feature","geometry":{"type":"Polygon","coordinates":[[[-122.293244,37.881516],[-122.293207,37.881524],[-122.29311,37.881543],[-122.29309,37.881482],[-122.293097,37.88148],[-122.293094,37.881471],[-122.293111,37.881467],[-122.293114,37.881477],[-122.293225,37.881455],[-122.293244,37.881516]]]},"properties":{"id":"w821645908","b":"house","lv":null,"n":null}},
{"type":"Feature","geometry":{"type":"Polygon","coordinates":[[[-122.300862,37.877331],[-122.300842,37.877269],[-122.300975,37.877243],[-122.300995,37.877306],[-122.300862,37.877331]]]},"properties":{"id":"w821645909","b":"yes","lv":null,"n":null}},
{"type":"Feature","geometry":{"type":"Polygon","coordinates":[[[-122.293672,37.881499],[-122.293682,37.881531],[-122.293521,37.881562],[-122.293513,37.881535],[-122.293495,37.881539],[-122.293487,37.881512],[-122.293686,37.881473],[-122.293693,37.881495],[-122.293672,37.881499]]]},"properties":{"id":"w821645910","b":"house","lv":null,"n":null}},
{"type":"Feature","geometry":{"type":"Polygon","coordinates":[[[-122.292646,37.879914],[-122.292649,37.879921],[-122.29261,37.879929],[-122.292608,37.879922],[-122.292541,37.879936],[-122.292521,37.879874],[-122.292705,37.879836],[-122.292717,37.879875],[-122.29273,37.879872],[-122.292738,37.879895],[-122.292646,37.879914]]]},"properties":{"id":"w821645911","b":"yes","lv":null,"n":null}},
{"type":"Feature","geometry":{"type":"Polygon","coordinates":[[[-122.292619,37.879819],[-122.292625,37.879837],[-122.292471,37.87987],[-122.292451,37.879814],[-122.292622,37.879777],[-122.292625,37.879788],[-122.29266,37.87978],[-122.29267,37.879808],[-122.292619,37.879819]]]},"properties":{"id":"w821645912","b":"yes","lv":null,"n":null}},
{"type":"Feature","geometry":{"type":"Polygon","coordinates":[[[-122.292655,37.879745],[-122.29266,37.879759],[-122.292448,37.879802],[-122.292418,37.879711],[-122.292434,37.879707],[-122.292431,37.879699],[-122.292528,37.879679],[-122.292521,37.879661],[-122.292589,37.879647],[-122.292595,37.879666],[-122.292603,37.879664],[-122.292605,37.879672],[-122.29263,37.879667],[-122.29265,37.87973],[-122.292661,37.879728],[-122.292666,37.879742],[-122.292655,37.879745]]]},"properties":{"id":"w821645913","b":"yes","lv":null,"n":null}},
{"type":"Feature","geometry":{"type":"Polygon","coordinates":[[[-122.292003,37.879676],[-122.291994,37.879649],[-122.292074,37.879633],[-122.292082,37.879661],[-122.292003,37.879676]]]},"properties":{"id":"w821645914","b":"yes","lv":null,"n":null}},
{"type":"Feature","geometry":{"type":"Polygon","coordinates":[[[-122.292315,37.879717],[-122.292289,37.879722],[-122.292301,37.879759],[-122.292154,37.879789],[-122.292137,37.879738],[-122.292179,37.87973],[-122.292176,37.879721],[-122.292218,37.879713],[-122.292199,37.879653],[-122.292288,37.879635],[-122.292315,37.879717]]]},"properties":{"id":"w821645915","b":"yes","lv":null,"n":null}},
{"type":"Feature","geometry":{"type":"Polygon","coordinates":[[[-122.292203,37.879923],[-122.292196,37.879901],[-122.292121,37.879916],[-122.292109,37.879881],[-122.292097,37.879842],[-122.29217,37.879827],[-122.292164,37.879807],[-122.292307,37.879777],[-122.292345,37.879894],[-122.292203,37.879923]]]},"properties":{"id":"w821645916","b":"yes","lv":null,"n":null}},
{"type":"Feature","geometry":{"type":"Polygon","coordinates":[[[-122.292439,37.879645],[-122.292445,37.87966],[-122.292409,37.879667],[-122.292385,37.879595],[-122.29251,37.87957],[-122.292498,37.879532],[-122.292511,37.87953],[-122.292506,37.879514],[-122.292521,37.879511],[-122.292526,37.879527],[-122.292593,37.879513],[-122.292624,37.879607],[-122.292439,37.879645]]]},"properties":{"id":"w821645917","b":"yes","lv":null,"n":null}},
{"type":"Feature","geometry":{"type":"Polygon","coordinates":[[[-122.292355,37.879535],[-122.29232,37.879428],[-122.292392,37.879413],[-122.292399,37.879435],[-122.292569,37.8794],[-122.292597,37.879485],[-122.292355,37.879535]]]},"properties":{"id":"w821645918","b":"yes","lv":null,"n":null}},
{"type":"Feature","geometry":{"type":"Polygon","coordinates":[[[-122.292234,37.879577],[-122.29223,37.879564],[-122.292139,37.879581],[-122.292118,37.879512],[-122.29218,37.8795],[-122.292171,37.879472],[-122.292228,37.879461],[-122.292261,37.879572],[-122.292234,37.879577]]]},"properties":{"id":"w821645919","b":"yes","lv":null,"n":null}},
{"type":"Feature","geometry":{"type":"Polygon","coordinates":[[[-122.292013,37.879602],[-122.29202,37.879623],[-122.291992,37.879629],[-122.291955,37.879521],[-122.292002,37.879511],[-122.292011,37.879536],[-122.292074,37.879523],[-122.292095,37.879585],[-122.292013,37.879602]]]},"properties":{"id":"w821645920","b":"yes","lv":null,"n":null}},
{"type":"Feature","geometry":{"type":"Polygon","coordinates":[[[-122.291755,37.879805],[-122.291656,37.879782],[-122.291706,37.879647],[-122.291805,37.87967],[-122.291755,37.879805]]]},"properties":{"id":"w821645921","b":"yes","lv":null,"n":null}},
{"type":"Feature","geometry":{"type":"Polygon","coordinates":[[[-122.291535,37.879501],[-122.291499,37.879492],[-122.291492,37.879508],[-122.291359,37.879476],[-122.291388,37.879401],[-122.291502,37.879429],[-122.291505,37.87942],[-122.291552,37.879431],[-122.291544,37.879451],[-122.291554,37.879454],[-122.291535,37.879501]]]},"properties":{"id":"w821730108","b":"yes","lv":null,"n":null}},
{"type":"Feature","geometry":{"type":"Polygon","coordinates":[[[-122.291408,37.879649],[-122.291307,37.879627],[-122.291318,37.879594],[-122.29142,37.879616],[-122.291408,37.879649]]]},"properties":{"id":"w821730109","b":"yes","lv":null,"n":null}},
{"type":"Feature","geometry":{"type":"Polygon","coordinates":[[[-122.289674,37.879295],[-122.289604,37.879278],[-122.289618,37.879243],[-122.289687,37.879259],[-122.289674,37.879295]]]},"properties":{"id":"w821730111","b":"yes","lv":null,"n":null}},
{"type":"Feature","geometry":{"type":"Polygon","coordinates":[[[-122.291407,37.879822],[-122.291413,37.879824],[-122.291397,37.879866],[-122.291248,37.87983],[-122.29126,37.879797],[-122.291244,37.879793],[-122.29126,37.879753],[-122.29132,37.879767],[-122.291321,37.879763],[-122.291375,37.879776],[-122.291373,37.87978],[-122.291419,37.879791],[-122.291407,37.879822]]]},"properties":{"id":"w821730112","b":"yes","lv":null,"n":null}},
{"type":"Feature","geometry":{"type":"Polygon","coordinates":[[[-122.290622,37.879492],[-122.290618,37.879491],[-122.290611,37.879508],[-122.290388,37.879456],[-122.290407,37.879405],[-122.290575,37.879445],[-122.290571,37.879457],[-122.29063,37.879471],[-122.290622,37.879492]]]},"properties":{"id":"w821730113","b":"yes","lv":null,"n":null}},
{"type":"Feature","geometry":{"type":"Polygon","coordinates":[[[-122.291427,37.87974],[-122.291277,37.879704],[-122.291279,37.879698],[-122.291206,37.87968],[-122.291226,37.879629],[-122.291302,37.879647],[-122.2913,37.879652],[-122.291363,37.879667],[-122.291366,37.879658],[-122.29141,37.879669],[-122.291407,37.879676],[-122.291448,37.879686],[-122.291427,37.87974]]]},"properties":{"id":"w821730115","b":"yes","lv":null,"n":null}},
{"type":"Feature","geometry":{"type":"Polygon","coordinates":[[[-122.290349,37.879143],[-122.290326,37.879138],[-122.290319,37.879157],[-122.290343,37.879163],[-122.29033,37.879198],[-122.290254,37.87918],[-122.290258,37.87917],[-122.290208,37.879158],[-122.290198,37.879185],[-122.290154,37.879174],[-122.290165,37.879144],[-122.290163,37.879144],[-122.290179,37.879103],[-122.290164,37.8791],[-122.290177,37.879066],[-122.290362,37.87911],[-122.290349,37.879143]]]},"properties":{"id":"w821730117","b":"yes","lv":null,"n":null}},
{"type":"Feature","geometry":{"type":"Polygon","coordinates":[[[-122.290022,37.87984],[-122.289863,37.879804],[-122.289884,37.879749],[-122.289891,37.879751],[-122.2899,37.879727],[-122.29005,37.879762],[-122.290022,37.87984]]]},"properties":{"id":"w821730119","b":"yes","lv":null,"n":null}},
{"type":"Feature","geometry":{"type":"Polygon","coordinates":[[[-122.291493,37.879614],[-122.291324,37.879572],[-122.291327,37.879565],[-122.291271,37.87955],[-122.291286,37.879512],[-122.291342,37.879526],[-122.291348,37.879511],[-122.2915,37.879549],[-122.291499,37.879552],[-122.291516,37.879556],[-122.291493,37.879614]]]},"properties":{"id":"w821730120","b":"yes","lv":null,"n":null}},
{"type":"Feature","geometry":{"type":"Polygon","coordinates":[[[-122.290022,37.87972],[-122.289908,37.879693],[-122.289921,37.879659],[-122.289932,37.879662],[-122.289949,37.879615],[-122.289975,37.879621],[-122.289984,37.879597],[-122.290062,37.879615],[-122.290022,37.87972]]]},"properties":{"id":"w821730122","b":"yes","lv":null,"n":null}},
{"type":"Feature","geometry":{"type":"Polygon","coordinates":[[[-122.291065,37.879517],[-122.290995,37.8795],[-122.290992,37.879508],[-122.290951,37.879498],[-122.290954,37.87949],[-122.290884,37.879474],[-122.290918,37.879384],[-122.291099,37.879427],[-122.291065,37.879517]]]},"properties":{"id":"w821730124","b":"yes","lv":null,"n":null}},
{"type":"Feature","geometry":{"type":"Polygon","coordinates":[[[-122.29538,37.878007],[-122.295377,37.877998],[-122.295268,37.87802],[-122.295271,37.878029],[-122.295211,37.87804],[-122.295181,37.877946],[-122.29542,37.877899],[-122.295449,37.877994],[-122.29538,37.878007]]]},"properties":{"id":"w821730125","b":"yes","lv":null,"n":null}},
{"type":"Feature","geometry":{"type":"Polygon","coordinates":[[[-122.292439,37.879098],[-122.292443,37.879108],[-122.292301,37.879137],[-122.292281,37.879075],[-122.292446,37.879041],[-122.292463,37.879093],[-122.292439,37.879098]]]},"properties":{"id":"w821730126","b":"yes","lv":null,"n":null}},
{"type":"Feature","geometry":{"type":"Polygon","coordinates":[[[-122.290597,37.879558],[-122.290591,37.879557],[-122.290585,37.879574],[-122.290369,37.879525],[-122.290389,37.879469],[-122.290551,37.879506],[-122.290545,37.879523],[-122.290605,37.879537],[-122.290597,37.879558]]]},"properties":{"id":"w821730128","b":"yes","lv":null,"n":null}},
{"type":"Feature","geometry":{"type":"Polygon","coordinates":[[[-122.295241,37.878137],[-122.295211,37.87804],[-122.295271,37.878029],[-122.295344,37.878014],[-122.295375,37.878111],[-122.295325,37.878121],[-122.295241,37.878137]]]},"properties":{"id":"w821730131","b":"yes","lv":null,"n":null}},
{"type":"Feature","geometry":{"type":"Polygon","coordinates":[[[-122.295271,37.878216],[-122.29525,37.878149],[-122.295329,37.878133],[-122.295325,37.878121],[-122.295375,37.878111],[-122.295389,37.878108],[-122.295396,37.87813],[-122.295464,37.878117],[-122.295482,37.878175],[-122.295271,37.878216]]]},"properties":{"id":"w821730132","b":"yes","lv":null,"n":null}},
{"type":"Feature","geometry":{"type":"Polygon","coordinates":[[[-122.291958,37.879164],[-122.291933,37.879081],[-122.292084,37.879052],[-122.292089,37.879067],[-122.292107,37.879064],[-122.292116,37.879093],[-122.292125,37.879091],[-122.292137,37.87913],[-122.291958,37.879164]]]},"properties":{"id":"w821730133","b":"yes","lv":null,"n":null}},
{"type":"Feature","geometry":{"type":"Polygon","coordinates":[[[-122.290547,37.879694],[-122.290386,37.879655],[-122.290408,37.879597],[-122.290467,37.879611],[-122.29047,37.879604],[-122.290521,37.879616],[-122.290518,37.879622],[-122.29057,37.879634],[-122.290547,37.879694]]]},"properties":{"id":"w821730134","b":"yes","lv":null,"n":null}},
{"type":"Feature","geometry":{"type":"Polygon","coordinates":[[[-122.291886,37.879332],[-122.291858,37.87925],[-122.291984,37.879223],[-122.292012,37.879306],[-122.291886,37.879332]]]},"properties":{"id":"w821730137","b":"yes","lv":null,"n":null}},
{"type":"Feature","geometry":{"type":"Polygon","coordinates":[[[-122.295432,37.878407],[-122.295333,37.878428],[-122.295308,37.878351],[-122.295272,37.878243],[-122.295677,37.878159],[-122.295702,37.878235],[-122.295395,37.878298],[-122.295407,37.878332],[-122.295432,37.878407]]]},"properties":{"id":"w821730138","b":"yes","lv":null,"n":null}},
{"type":"Feature","geometry":{"type":"Polygon","coordinates":[[[-122.295511,37.878583],[-122.295467,37.878451],[-122.29556,37.878431],[-122.295604,37.878564],[-122.295511,37.878583]]]},"properties":{"id":"w821730139","b":"yes","lv":null,"n":null}},
{"type":"Feature","geometry":{"type":"Polygon","coordinates":[[[-122.291963,37.878388],[-122.291945,37.878383],[-122.291933,37.878412],[-122.291819,37.878384],[-122.291843,37.878326],[-122.291876,37.878334],[-122.291881,37.878322],[-122.29198,37.878347],[-122.291963,37.878388]]]},"properties":{"id":"w821730140","b":"yes","lv":null,"n":null}},
{"type":"Feature","geometry":{"type":"Polygon","coordinates":[[[-122.290633,37.87944],[-122.290557,37.87942],[-122.290598,37.879321],[-122.290674,37.879341],[-122.290633,37.87944]]]},"properties":{"id":"w821730141","b":"yes","lv":null,"n":null}},
{"type":"Feature","geometry":{"type":"Polygon","coordinates":[[[-122.295467,37.878591],[-122.295475,37.878617],[-122.295401,37.878632],[-122.295368,37.878526],[-122.295443,37.878511],[-122.295457,37.878559],[-122.29547,37.878556],[-122.29548,37.878588],[-122.295467,37.878591]]]},"properties":{"id":"w821730142","b":"yes","lv":null,"n":null}},
{"type":"Feature","geometry":{"type":"Polygon","coordinates":[[[-122.29566,37.878556],[-122.295658,37.878547],[-122.29562,37.878554],[-122.29559,37.878457],[-122.295614,37.878452],[-122.295607,37.878428],[-122.29567,37.878416],[-122.295709,37.878546],[-122.29566,37.878556]]]},"properties":{"id":"w821730143","b":"yes","lv":null,"n":null}},
{"type":"Feature","geometry":{"type":"Polygon","coordinates":[[[-122.291283,37.879164],[-122.291237,37.879153],[-122.291234,37.87916],[-122.291151,37.879139],[-122.291153,37.879135],[-122.291032,37.879104],[-122.291052,37.879053],[-122.291062,37.879055],[-122.291069,37.879037],[-122.291181,37.879065],[-122.291201,37.879016],[-122.291284,37.879037],[-122.291257,37.879104],[-122.291302,37.879116],[-122.291283,37.879164]]]},"properties":{"id":"w821730144","b":"yes","lv":null,"n":null}},
{"type":"Feature","geometry":{"type":"Polygon","coordinates":[[[-122.290697,37.879322],[-122.290523,37.87928],[-122.290548,37.879215],[-122.290722,37.879257],[-122.290697,37.879322]]]},"properties":{"id":"w821730145","b":"yes","lv":null,"n":null}},
{"type":"Feature","geometry":{"type":"Polygon","coordinates":[[[-122.295717,37.878539],[-122.295674,37.878407],[-122.29574,37.878394],[-122.29575,37.878425],[-122.295775,37.87842],[-122.295807,37.878521],[-122.295717,37.878539]]]},"properties":{"id":"w821730146","b":"yes","lv":null,"n":null}},
{"type":"Feature","geometry":{"type":"Polygon","coordinates":[[[-122.29126,37.8802],[-122.291246,37.880197],[-122.291234,37.880227],[-122.291216,37.880223],[-122.291215,37.880227],[-122.291177,37.880217],[-122.291178,37.880215],[-122.291056,37.880185],[-122.291086,37.880109],[-122.291199,37.880137],[-122.291204,37.880123],[-122.291292,37.880145],[-122.291276,37.880186],[-122.291266,37.880184],[-122.29126,37.8802]]]},"properties":{"id":"w821730151","b":"yes","lv":null,"n":null}},
{"type":"Feature","geometry":{"type":"Polygon","coordinates":[[[-122.290747,37.879187],[-122.290562,37.879144],[-122.290576,37.879105],[-122.290604,37.879111],[-122.290612,37.87909],[-122.290656,37.8791],[-122.290653,37.879108],[-122.290767,37.879135],[-122.290747,37.879187]]]},"properties":{"id":"w821730153","b":"yes","lv":null,"n":null}},
{"type":"Feature","geometry":{"type":"Polygon","coordinates":[[[-122.295885,37.878059],[-122.295864,37.877997],[-122.296,37.877969],[-122.295998,37.877963],[-122.29601,37.87796],[-122.296012,37.877967],[-122.296074,37.877954],[-122.296083,37.877981],[-122.296108,37.877976],[-122.296119,37.878011],[-122.295885,37.878059]]]},"properties":{"id":"w821730154","b":"detached","lv":null,"n":null}},
{"type":"Feature","geometry":{"type":"Polygon","coordinates":[[[-122.291228,37.88033],[-122.291154,37.880311],[-122.291157,37.880303],[-122.291119,37.880293],[-122.291115,37.880302],[-122.291038,37.880281],[-122.291041,37.880273],[-122.291062,37.880223],[-122.291101,37.880233],[-122.291107,37.880218],[-122.291236,37.880252],[-122.291221,37.880287],[-122.291243,37.880293],[-122.291228,37.88033]]]},"properties":{"id":"w821730155","b":"yes","lv":null,"n":null}},
{"type":"Feature","geometry":{"type":"Polygon","coordinates":[[[-122.295857,37.878513],[-122.295813,37.878378],[-122.29588,37.878364],[-122.295891,37.878397],[-122.295913,37.878393],[-122.295946,37.878495],[-122.295857,37.878513]]]},"properties":{"id":"w821730156","b":"yes","lv":null,"n":null}},
{"type":"Feature","geometry":{"type":"Polygon","coordinates":[[[-122.290208,37.879423],[-122.290182,37.879417],[-122.290183,37.879415],[-122.290012,37.879373],[-122.29003,37.879327],[-122.290207,37.879371],[-122.290199,37.87939],[-122.290219,37.879395],[-122.290208,37.879423]]]},"properties":{"id":"w821730157","b":"yes","lv":null,"n":null}},
{"type":"Feature","geometry":{"type":"Polygon","coordinates":[[[-122.296009,37.878483],[-122.296006,37.878474],[-122.295967,37.878482],[-122.295937,37.878385],[-122.29603,37.878367],[-122.296062,37.878473],[-122.296009,37.878483]]]},"properties":{"id":"w821730158","b":"yes","lv":null,"n":null}},
{"type":"Feature","geometry":{"type":"Polygon","coordinates":[[[-122.296091,37.878468],[-122.296066,37.878392],[-122.296045,37.878396],[-122.296029,37.878349],[-122.296059,37.878343],[-122.296061,37.87835],[-122.296138,37.878335],[-122.296142,37.878349],[-122.296147,37.878348],[-122.296181,37.87845],[-122.296091,37.878468]]]},"properties":{"id":"w821730160","b":"yes","lv":null,"n":null}},
{"type":"Feature","geometry":{"type":"Polygon","coordinates":[[[-122.290255,37.879315],[-122.290068,37.879269],[-122.290101,37.879187],[-122.290149,37.879199],[-122.29015,37.879197],[-122.29027,37.879227],[-122.290252,37.879271],[-122.29027,37.879275],[-122.290255,37.879315]]]},"properties":{"id":"w821730161","b":"yes","lv":null,"n":null}},
{"type":"Feature","geometry":{"type":"Polygon","coordinates":[[[-122.296227,37.87844],[-122.29622,37.878419],[-122.296187,37.878426],[-122.296144,37.878292],[-122.296135,37.878294],[-122.296121,37.878249],[-122.296192,37.878235],[-122.296204,37.878273],[-122.296233,37.878267],[-122.296284,37.878429],[-122.296227,37.87844]]]},"properties":{"id":"w821730162","b":"yes","lv":null,"n":null}},
{"type":"Feature","geometry":{"type":"Polygon","coordinates":[[[-122.290374,37.878903],[-122.290221,37.878867],[-122.290235,37.878829],[-122.29023,37.878828],[-122.290243,37.878793],[-122.290401,37.878829],[-122.290374,37.878903]]]},"properties":{"id":"w821730168","b":"yes","lv":null,"n":null}},
{"type":"Feature","geometry":{"type":"Polygon","coordinates":[[[-122.295926,37.878195],[-122.295999,37.87818],[-122.296001,37.878188],[-122.296169,37.878153],[-122.296193,37.878224],[-122.295953,37.878274],[-122.295926,37.878195]]]},"properties":{"id":"w821730169","b":"detached","lv":null,"n":null}},
{"type":"Feature","geometry":{"type":"Polygon","coordinates":[[[-122.290472,37.878823],[-122.290297,37.878783],[-122.290313,37.87874],[-122.290326,37.878743],[-122.290334,37.878721],[-122.2904,37.878736],[-122.290407,37.878717],[-122.290503,37.878739],[-122.290472,37.878823]]]},"properties":{"id":"w821730170","b":"yes","lv":null,"n":null}},
{"type":"Feature","geometry":{"type":"Polygon","coordinates":[[[-122.296028,37.878154],[-122.296006,37.878084],[-122.29614,37.878057],[-122.296163,37.878127],[-122.296028,37.878154]]]},"properties":{"id":"w821730171","b":"detached","lv":null,"n":null}},
{"type":"Feature","geometry":{"type":"Polygon","coordinates":[[[-122.295853,37.877967],[-122.295839,37.877921],[-122.295858,37.877917],[-122.29585,37.877892],[-122.296069,37.87785],[-122.296089,37.877915],[-122.296,37.877932],[-122.296002,37.877938],[-122.295941,37.87795],[-122.295943,37.877958],[-122.295855,37.877975],[-122.295853,37.877967]]]},"properties":{"id":"w821730172","b":"detached","lv":null,"n":null}},
{"type":"Feature","geometry":{"type":"Polygon","coordinates":[[[-122.290574,37.878602],[-122.290558,37.878598],[-122.290536,37.878655],[-122.290441,37.878632],[-122.290444,37.878625],[-122.290423,37.87862],[-122.290428,37.878608],[-122.290386,37.878598],[-122.290388,37.878593],[-122.290376,37.87859],[-122.290382,37.878575],[-122.290341,37.878565],[-122.290358,37.878521],[-122.290568,37.878572],[-122.290567,37.878575],[-122.290582,37.878579],[-122.290574,37.878602]]]},"properties":{"id":"w821730173","b":"yes","lv":null,"n":null}},
{"type":"Feature","geometry":{"type":"Polygon","coordinates":[[[-122.295936,37.877853],[-122.295914,37.877782],[-122.296041,37.877757],[-122.296063,37.877828],[-122.295936,37.877853]]]},"properties":{"id":"w821730174","b":"yes","lv":null,"n":null}},
{"type":"Feature","geometry":{"type":"Polygon","coordinates":[[[-122.295996,37.877726],[-122.295998,37.87773],[-122.295867,37.877755],[-122.295849,37.877694],[-122.29598,37.87767],[-122.295981,37.877676],[-122.296,37.877672],[-122.296015,37.877722],[-122.295996,37.877726]]]},"properties":{"id":"w821730175","b":"detached","lv":null,"n":null}},
{"type":"Feature","geometry":{"type":"Polygon","coordinates":[[[-122.29005,37.878808],[-122.290043,37.878806],[-122.290033,37.878833],[-122.289862,37.878792],[-122.289878,37.87875],[-122.289896,37.878754],[-122.289899,37.878746],[-122.289907,37.878748],[-122.289914,37.878732],[-122.290057,37.878766],[-122.290051,37.878781],[-122.29006,37.878784],[-122.29005,37.878808]]]},"properties":{"id":"w821730176","b":"yes","lv":null,"n":null}},
{"type":"Feature","geometry":{"type":"Polygon","coordinates":[[[-122.295944,37.877661],[-122.295936,37.877634],[-122.296001,37.877622],[-122.296009,37.87765],[-122.295944,37.877661]]]},"properties":{"id":"w821730177","b":"yes","lv":null,"n":null}},
{"type":"Feature","geometry":{"type":"Polygon","coordinates":[[[-122.28999,37.878928],[-122.289894,37.878906],[-122.289915,37.87885],[-122.289945,37.878856],[-122.289958,37.878821],[-122.290025,37.878836],[-122.28999,37.878928]]]},"properties":{"id":"w821730182","b":"yes","lv":null,"n":null}},
{"type":"Feature","geometry":{"type":"Polygon","coordinates":[[[-122.290841,37.878915],[-122.290647,37.878866],[-122.290648,37.878863],[-122.290619,37.878856],[-122.290652,37.878775],[-122.290763,37.878802],[-122.29076,37.87881],[-122.290872,37.878838],[-122.290841,37.878915]]]},"properties":{"id":"w821730184","b":"yes","lv":null,"n":null}},
{"type":"Feature","geometry":{"type":"Polygon","coordinates":[[[-122.290821,37.879],[-122.290805,37.878997],[-122.2908,37.879011],[-122.290642,37.878974],[-122.290636,37.878991],[-122.290599,37.878982],[-122.290615,37.878941],[-122.29061,37.87894],[-122.290611,37.878935],[-122.290584,37.878929],[-122.290601,37.878882],[-122.290634,37.87889],[-122.290635,37.878886],[-122.29083,37.878932],[-122.290824,37.878947],[-122.29084,37.878951],[-122.290821,37.879]]]},"properties":{"id":"w821730186","b":"yes","lv":null,"n":null}},
{"type":"Feature","geometry":{"type":"Polygon","coordinates":[[[-122.295326,37.877793],[-122.295331,37.877806],[-122.29516,37.87784],[-122.295146,37.877796],[-122.29517,37.877791],[-122.295161,37.877764],[-122.295306,37.877735],[-122.295308,37.877743],[-122.295339,37.877737],[-122.295355,37.877787],[-122.295326,37.877793]]]},"properties":{"id":"w821730188","b":"yes","lv":null,"n":null}},
{"type":"Feature","geometry":{"type":"Polygon","coordinates":[[[-122.29527,37.877651],[-122.295273,37.87766],[-122.295105,37.877693],[-122.295087,37.877634],[-122.295079,37.877635],[-122.295073,37.877614],[-122.295123,37.877604],[-122.295121,37.877598],[-122.295243,37.877575],[-122.295246,37.877584],[-122.295282,37.877577],[-122.295303,37.877644],[-122.29527,37.877651]]]},"properties":{"id":"w821730190","b":"yes","lv":null,"n":null}},
{"type":"Feature","geometry":{"type":"Polygon","coordinates":[[[-122.295599,37.877705],[-122.295546,37.87754],[-122.295603,37.877528],[-122.295608,37.877545],[-122.295641,37.877539],[-122.295689,37.877687],[-122.295599,37.877705]]]},"properties":{"id":"w821730192","b":"yes","lv":null,"n":null}},
{"type":"Feature","geometry":{"type":"Polygon","coordinates":[[[-122.291174,37.880435],[-122.291186,37.880437],[-122.291176,37.880462],[-122.291166,37.88046],[-122.291163,37.880466],[-122.291022,37.880433],[-122.291027,37.880419],[-122.291009,37.880415],[-122.291018,37.880392],[-122.291039,37.880397],[-122.291069,37.880316],[-122.291131,37.880331],[-122.291133,37.880325],[-122.291208,37.880343],[-122.291174,37.880435]]]},"properties":{"id":"w821730193","b":"yes","lv":null,"n":null}},
{"type":"Feature","geometry":{"type":"Polygon","coordinates":[[[-122.295678,37.877618],[-122.295645,37.877516],[-122.295734,37.877499],[-122.295767,37.8776],[-122.295678,37.877618]]]},"properties":{"id":"w821730194","b":"yes","lv":null,"n":null}},
{"type":"Feature","geometry":{"type":"Polygon","coordinates":[[[-122.295829,37.877615],[-122.295788,37.877494],[-122.295827,37.877485],[-122.295834,37.877503],[-122.295866,37.877497],[-122.295901,37.8776],[-122.295829,37.877615]]]},"properties":{"id":"w821730197","b":"yes","lv":null,"n":null}},
{"type":"Feature","geometry":{"type":"Polygon","coordinates":[[[-122.295924,37.877603],[-122.295885,37.877487],[-122.295919,37.87748],[-122.295913,37.877462],[-122.295969,37.87745],[-122.296014,37.877584],[-122.295924,37.877603]]]},"properties":{"id":"w821730198","b":"detached","lv":null,"n":null}},
{"type":"Feature","geometry":{"type":"Polygon","coordinates":[[[-122.290667,37.878382],[-122.290549,37.878355],[-122.290552,37.878347],[-122.290531,37.878342],[-122.290536,37.878329],[-122.290481,37.878316],[-122.290487,37.878299],[-122.290448,37.87829],[-122.290465,37.878244],[-122.290676,37.878293],[-122.290659,37.878338],[-122.290682,37.878343],[-122.290667,37.878382]]]},"properties":{"id":"w821730199","b":"yes","lv":null,"n":null}},
{"type":"Feature","geometry":{"type":"Polygon","coordinates":[[[-122.29058,37.878547],[-122.290369,37.878498],[-122.290386,37.878451],[-122.290427,37.87846],[-122.290435,37.878439],[-122.290514,37.878457],[-122.290521,37.878439],[-122.290613,37.87846],[-122.29058,37.878547]]]},"properties":{"id":"w821730200","b":"yes","lv":null,"n":null}},
{"type":"Feature","geometry":{"type":"Polygon","coordinates":[[[-122.29014,37.878345],[-122.290119,37.87834],[-122.290117,37.878345],[-122.289973,37.878311],[-122.289983,37.878284],[-122.28997,37.878281],[-122.289978,37.878259],[-122.289992,37.878262],[-122.290002,37.878235],[-122.290145,37.878269],[-122.290135,37.878297],[-122.290157,37.878302],[-122.29014,37.878345]]]},"properties":{"id":"w821730202","b":"yes","lv":null,"n":null}},
{"type":"Feature","geometry":{"type":"Polygon","coordinates":[[[-122.291319,37.880055],[-122.291305,37.880052],[-122.291275,37.880129],[-122.291149,37.880099],[-122.291163,37.880061],[-122.291191,37.880068],[-122.291218,37.879995],[-122.291238,37.879999],[-122.29124,37.879994],[-122.291294,37.880007],[-122.291293,37.880011],[-122.291332,37.88002],[-122.291319,37.880055]]]},"properties":{"id":"w821730203","b":"yes","lv":null,"n":null}},
{"type":"Feature","geometry":{"type":"Polygon","coordinates":[[[-122.290086,37.87845],[-122.290072,37.878447],[-122.290061,37.878476],[-122.289925,37.878443],[-122.289945,37.878391],[-122.28994,37.87839],[-122.289948,37.878369],[-122.289957,37.878371],[-122.289962,37.878359],[-122.290029,37.878375],[-122.290023,37.878391],[-122.290102,37.878409],[-122.290086,37.87845]]]},"properties":{"id":"w821730204","b":"yes","lv":null,"n":null}},
{"type":"Feature","geometry":{"type":"Polygon","coordinates":[[[-122.290235,37.878287],[-122.29017,37.878271],[-122.290184,37.878236],[-122.290249,37.878252],[-122.290235,37.878287]]]},"properties":{"id":"w821730205","b":"yes","lv":null,"n":null}},
{"type":"Feature","geometry":{"type":"Polygon","coordinates":[[[-122.289582,37.878348],[-122.28951,37.878331],[-122.289524,37.878295],[-122.289596,37.878312],[-122.289582,37.878348]]]},"properties":{"id":"w821730206","b":"yes","lv":null,"n":null}},
{"type":"Feature","geometry":{"type":"Polygon","coordinates":[[[-122.29659,37.876427],[-122.296577,37.876387],[-122.29651,37.8764],[-122.296499,37.876367],[-122.296568,37.876353],[-122.296567,37.876348],[-122.296614,37.876339],[-122.296618,37.876349],[-122.296642,37.876344],[-122.296639,37.876336],[-122.296689,37.876326],[-122.296698,37.876356],[-122.296713,37.876354],[-122.296716,37.876364],[-122.296736,37.87636],[-122.296748,37.876396],[-122.29659,37.876427]]]},"properties":{"id":"w821730207","b":"detached","lv":null,"n":null}},
{"type":"Feature","geometry":{"type":"Polygon","coordinates":[[[-122.296809,37.876649],[-122.296823,37.876693],[-122.296786,37.8767],[-122.296787,37.876703],[-122.296779,37.876705],[-122.296778,37.876701],[-122.296638,37.87673],[-122.296625,37.87669],[-122.296668,37.876681],[-122.296656,37.876643],[-122.296814,37.876611],[-122.296825,37.876646],[-122.296809,37.876649]]]},"properties":{"id":"w821730208","b":"detached","lv":null,"n":null}},
{"type":"Feature","geometry":{"type":"Polygon","coordinates":[[[-122.290937,37.877148],[-122.290903,37.87704],[-122.290936,37.877034],[-122.290934,37.877026],[-122.290977,37.877017],[-122.291013,37.877133],[-122.290937,37.877148]]]},"properties":{"id":"w821730210","b":"yes","lv":null,"n":null}},
{"type":"Feature","geometry":{"type":"Polygon","coordinates":[[[-122.290673,37.877461],[-122.290653,37.877398],[-122.290799,37.87737],[-122.290819,37.877432],[-122.290673,37.877461]]]},"properties":{"id":"w821730211","b":"yes","lv":null,"n":null}},
{"type":"Feature","geometry":{"type":"Polygon","coordinates":[[[-122.290389,37.877397],[-122.290327,37.877324],[-122.290347,37.877314],[-122.290342,37.877309],[-122.290392,37.877282],[-122.29044,37.877337],[-122.290433,37.87734],[-122.290453,37.877363],[-122.290389,37.877397]]]},"properties":{"id":"w821730212","b":"yes","lv":null,"n":null}},
{"type":"Feature","geometry":{"type":"Polygon","coordinates":[[[-122.294756,37.876506],[-122.29473,37.876421],[-122.294772,37.876413],[-122.294776,37.876427],[-122.294791,37.876424],[-122.294789,37.87642],[-122.294828,37.876413],[-122.294829,37.876416],[-122.294903,37.876402],[-122.294899,37.87639],[-122.294944,37.876381],[-122.294962,37.876437],[-122.294947,37.87644],[-122.294956,37.876467],[-122.294756,37.876506]]]},"properties":{"id":"w821730214","b":"yes","lv":null,"n":null}},
{"type":"Feature","geometry":{"type":"Polygon","coordinates":[[[-122.294922,37.876667],[-122.294923,37.876669],[-122.294814,37.876691],[-122.294789,37.876614],[-122.294955,37.876581],[-122.294979,37.876656],[-122.294922,37.876667]]]},"properties":{"id":"w821730215","b":"yes","lv":null,"n":null}},
{"type":"Feature","geometry":{"type":"Polygon","coordinates":[[[-122.294874,37.876576],[-122.294876,37.876581],[-122.294837,37.876589],[-122.294835,37.876584],[-122.294785,37.876594],[-122.294774,37.876559],[-122.294762,37.876562],[-122.29475,37.876521],[-122.294926,37.876487],[-122.294949,37.876562],[-122.294874,37.876576]]]},"properties":{"id":"w821730216","b":"yes","lv":null,"n":null}},
{"type":"Feature","geometry":{"type":"Polygon","coordinates":[[[-122.294952,37.876759],[-122.294953,37.876763],[-122.294894,37.876775],[-122.294892,37.876772],[-122.294846,37.876781],[-122.294822,37.876709],[-122.294986,37.876676],[-122.295009,37.876748],[-122.294952,37.876759]]]},"properties":{"id":"w821730217","b":"yes","lv":null,"n":null}},
{"type":"Feature","geometry":{"type":"Polygon","coordinates":[[[-122.295538,37.877333],[-122.295535,37.877322],[-122.295522,37.877324],[-122.295508,37.877278],[-122.295522,37.877276],[-122.295514,37.87725],[-122.295622,37.87723],[-122.295647,37.877313],[-122.295538,37.877333]]]},"properties":{"id":"w821730218","b":"yes","lv":null,"n":null}},
{"type":"Feature","geometry":{"type":"Polygon","coordinates":[[[-122.295853,37.877256],[-122.295854,37.87726],[-122.295739,37.877284],[-122.295714,37.877212],[-122.295831,37.877187],[-122.295843,37.877223],[-122.295855,37.87722],[-122.295866,37.877253],[-122.295853,37.877256]]]},"properties":{"id":"w821730219","b":"detached","lv":null,"n":null}},
{"type":"Feature","geometry":{"type":"Polygon","coordinates":[[[-122.295815,37.877139],[-122.295825,37.877169],[-122.295689,37.877195],[-122.295678,37.87716],[-122.295693,37.877157],[-122.295681,37.87712],[-122.295821,37.877093],[-122.295834,37.877135],[-122.295815,37.877139]]]},"properties":{"id":"w821730220","b":"detached","lv":null,"n":null}},
{"type":"Feature","geometry":{"type":"Polygon","coordinates":[[[-122.295691,37.877088],[-122.295693,37.877094],[-122.295638,37.877104],[-122.295621,37.877048],[-122.295655,37.877042],[-122.295648,37.877019],[-122.295774,37.876995],[-122.295775,37.876998],[-122.295782,37.876997],[-122.295792,37.877031],[-122.295785,37.877032],[-122.295796,37.877068],[-122.295691,37.877088]]]},"properties":{"id":"w821730222","b":"detached","lv":null,"n":null}},
{"type":"Feature","geometry":{"type":"Polygon","coordinates":[[[-122.295752,37.876935],[-122.295762,37.876966],[-122.295617,37.876996],[-122.295604,37.876955],[-122.295626,37.876951],[-122.295616,37.876917],[-122.295754,37.87689],[-122.295768,37.876931],[-122.295752,37.876935]]]},"properties":{"id":"w821730223","b":"detached","lv":null,"n":null}},
{"type":"Feature","geometry":{"type":"Polygon","coordinates":[[[-122.29037,37.877869],[-122.290228,37.877837],[-122.290241,37.877799],[-122.290256,37.877802],[-122.290269,37.877766],[-122.290396,37.877795],[-122.29037,37.877869]]]},"properties":{"id":"w821730225","b":"yes","lv":null,"n":null}},
{"type":"Feature","geometry":{"type":"Polygon","coordinates":[[[-122.29572,37.876834],[-122.295729,37.876863],[-122.295628,37.876884],[-122.29563,37.876889],[-122.29554,37.876907],[-122.295527,37.876866],[-122.295562,37.876858],[-122.295556,37.87684],[-122.29559,37.876833],[-122.295585,37.876819],[-122.295698,37.876796],[-122.295723,37.876791],[-122.295736,37.876831],[-122.29572,37.876834]]]},"properties":{"id":"w821730226","b":"detached","lv":null,"n":null}},
{"type":"Feature","geometry":{"type":"Polygon","coordinates":[[[-122.290475,37.877624],[-122.290436,37.877614],[-122.290428,37.877634],[-122.290386,37.877624],[-122.290425,37.877527],[-122.290437,37.87753],[-122.29045,37.877499],[-122.290518,37.877516],[-122.290475,37.877624]]]},"properties":{"id":"w821730227","b":"yes","lv":null,"n":null}},
{"type":"Feature","geometry":{"type":"Polygon","coordinates":[[[-122.290763,37.877887],[-122.290617,37.877852],[-122.290646,37.877779],[-122.290791,37.877815],[-122.290763,37.877887]]]},"properties":{"id":"w821730229","b":"yes","lv":null,"n":null}},
{"type":"Feature","geometry":{"type":"Polygon","coordinates":[[[-122.295685,37.87673],[-122.295697,37.876765],[-122.295522,37.8768],[-122.295497,37.876722],[-122.295572,37.876707],[-122.295574,37.876713],[-122.295691,37.876689],[-122.295703,37.876726],[-122.295685,37.87673]]]},"properties":{"id":"w821730230","b":"detached","lv":null,"n":null}},
{"type":"Feature","geometry":{"type":"Polygon","coordinates":[[[-122.290298,37.878019],[-122.290186,37.877992],[-122.290201,37.877952],[-122.290093,37.877926],[-122.29012,37.877856],[-122.290237,37.877884],[-122.290232,37.877898],[-122.290306,37.877915],[-122.290302,37.877926],[-122.290331,37.877933],[-122.290298,37.878019]]]},"properties":{"id":"w821730233","b":"yes","lv":null,"n":null}},
{"type":"Feature","geometry":{"type":"Polygon","coordinates":[[[-122.295354,37.876722],[-122.295337,37.876669],[-122.295397,37.876657],[-122.295395,37.87665],[-122.295517,37.876626],[-122.295513,37.876614],[-122.29564,37.876588],[-122.295665,37.876664],[-122.295416,37.876715],[-122.295414,37.87671],[-122.295354,37.876722]]]},"properties":{"id":"w821730234","b":"yes","lv":null,"n":null}},
{"type":"Feature","geometry":{"type":"Polygon","coordinates":[[[-122.290115,37.878105],[-122.290138,37.878111],[-122.290124,37.878146],[-122.290014,37.87812],[-122.290032,37.878072],[-122.290017,37.878068],[-122.290031,37.878033],[-122.290047,37.878036],[-122.290065,37.87799],[-122.290171,37.878015],[-122.290157,37.878052],[-122.290137,37.878047],[-122.290115,37.878105]]]},"properties":{"id":"w821730235","b":"yes","lv":null,"n":null}},
{"type":"Feature","geometry":{"type":"Polygon","coordinates":[[[-122.295621,37.876526],[-122.295632,37.876562],[-122.295522,37.876583],[-122.295514,37.876555],[-122.2955,37.876558],[-122.295486,37.876513],[-122.295624,37.876486],[-122.295635,37.876523],[-122.295621,37.876526]]]},"properties":{"id":"w821730236","b":"detached","lv":null,"n":null}},
{"type":"Feature","geometry":{"type":"Polygon","coordinates":[[[-122.290298,37.878103],[-122.290307,37.878105],[-122.290297,37.878132],[-122.290287,37.87813],[-122.290268,37.878181],[-122.290159,37.878156],[-122.290172,37.87812],[-122.290191,37.878125],[-122.290215,37.878063],[-122.290197,37.878059],[-122.290209,37.878027],[-122.290317,37.878052],[-122.290298,37.878103]]]},"properties":{"id":"w821730238","b":"yes","lv":null,"n":null}},
{"type":"Feature","geometry":{"type":"Polygon","coordinates":[[[-122.295258,37.876481],[-122.295244,37.87644],[-122.295312,37.876426],[-122.29531,37.876422],[-122.295369,37.87641],[-122.295384,37.876456],[-122.295258,37.876481]]]},"properties":{"id":"w821730239","b":"yes","lv":null,"n":null}},
{"type":"Feature","geometry":{"type":"Polygon","coordinates":[[[-122.295587,37.876427],[-122.295597,37.87646],[-122.29549,37.876482],[-122.295481,37.876452],[-122.295467,37.876455],[-122.295454,37.876414],[-122.295594,37.876386],[-122.295606,37.876423],[-122.295587,37.876427]]]},"properties":{"id":"w821730240","b":"detached","lv":null,"n":null}},
{"type":"Feature","geometry":{"type":"Polygon","coordinates":[[[-122.2907,37.878176],[-122.290519,37.878133],[-122.290548,37.878058],[-122.290729,37.878102],[-122.2907,37.878176]]]},"properties":{"id":"w821730241","b":"yes","lv":null,"n":null}},
{"type":"Feature","geometry":{"type":"Polygon","coordinates":[[[-122.295551,37.876326],[-122.295562,37.876358],[-122.295457,37.876379],[-122.295448,37.876349],[-122.295435,37.876352],[-122.295422,37.876312],[-122.295556,37.876285],[-122.295568,37.876322],[-122.295551,37.876326]]]},"properties":{"id":"w821730242","b":"detached","lv":null,"n":null}},
{"type":"Feature","geometry":{"type":"Polygon","coordinates":[[[-122.290761,37.87799],[-122.290582,37.877945],[-122.290612,37.877871],[-122.290791,37.877916],[-122.290761,37.87799]]]},"properties":{"id":"w821730244","b":"yes","lv":null,"n":null}},
{"type":"Feature","geometry":{"type":"Polygon","coordinates":[[[-122.290721,37.878036],[-122.290728,37.878038],[-122.290713,37.878075],[-122.290551,37.878035],[-122.290579,37.877963],[-122.290734,37.878001],[-122.290721,37.878036]]]},"properties":{"id":"w821730246","b":"yes","lv":null,"n":null}},
{"type":"Feature","geometry":{"type":"Polygon","coordinates":[[[-122.296517,37.876264],[-122.296505,37.876223],[-122.296473,37.876229],[-122.296468,37.876214],[-122.296449,37.876217],[-122.296425,37.876141],[-122.296465,37.876133],[-122.296461,37.876119],[-122.296517,37.876108],[-122.29654,37.876187],[-122.296547,37.876186],[-122.296568,37.876255],[-122.296517,37.876264]]]},"properties":{"id":"w821730247","b":"yes","lv":null,"n":null}},
{"type":"Feature","geometry":{"type":"Polygon","coordinates":[[[-122.296361,37.876263],[-122.296358,37.876255],[-122.29633,37.87626],[-122.296325,37.876241],[-122.296301,37.876246],[-122.296277,37.876168],[-122.2963,37.876163],[-122.296296,37.87615],[-122.296369,37.876136],[-122.296405,37.876255],[-122.296361,37.876263]]]},"properties":{"id":"w821730253","b":"yes","lv":null,"n":null}},
{"type":"Feature","geometry":{"type":"Polygon","coordinates":[[[-122.290801,37.877792],[-122.29065,37.877758],[-122.290661,37.87773],[-122.290664,37.87773],[-122.290679,37.87769],[-122.290826,37.877723],[-122.290801,37.877792]]]},"properties":{"id":"w821730254","b":"yes","lv":null,"n":null}},
{"type":"Feature","geometry":{"type":"Polygon","coordinates":[[[-122.289855,37.880212],[-122.289762,37.88019],[-122.289767,37.880176],[-122.289729,37.880167],[-122.289753,37.880102],[-122.289885,37.880133],[-122.289855,37.880212]]]},"properties":{"id":"w821730255","b":"yes","lv":null,"n":null}},
{"type":"Feature","geometry":{"type":"Polygon","coordinates":[[[-122.296212,37.876256],[-122.296214,37.876265],[-122.296156,37.876277],[-122.296131,37.876198],[-122.296167,37.876191],[-122.296163,37.876179],[-122.296221,37.876168],[-122.296247,37.876249],[-122.296212,37.876256]]]},"properties":{"id":"w821730256","b":"yes","lv":null,"n":null}},
{"type":"Feature","geometry":{"type":"Polygon","coordinates":[[[-122.296098,37.876326],[-122.296077,37.876329],[-122.29606,37.876319],[-122.296052,37.876291],[-122.296002,37.8763],[-122.295974,37.876211],[-122.296072,37.876194],[-122.296086,37.876243],[-122.296093,37.876242],[-122.296099,37.876263],[-122.296095,37.876264],[-122.296109,37.876313],[-122.296098,37.876326]]]},"properties":{"id":"w821730257","b":"detached","lv":null,"n":null}},
{"type":"Feature","geometry":{"type":"Polygon","coordinates":[[[-122.290833,37.877656],[-122.29081,37.877651],[-122.290805,37.877664],[-122.290704,37.877639],[-122.290714,37.877615],[-122.290695,37.87761],[-122.290714,37.877562],[-122.290837,37.877592],[-122.290826,37.877619],[-122.290845,37.877623],[-122.290833,37.877656]]]},"properties":{"id":"w821730258","b":"yes","lv":null,"n":null}},
{"type":"Feature","geometry":{"type":"Polygon","coordinates":[[[-122.29045,37.877744],[-122.290413,37.877734],[-122.290425,37.877703],[-122.290463,37.877713],[-122.29045,37.877744]]]},"properties":{"id":"w821730260","b":"yes","lv":null,"n":null}},
{"type":"Feature","geometry":{"type":"Polygon","coordinates":[[[-122.295882,37.876372],[-122.295871,37.876335],[-122.295866,37.876336],[-122.295859,37.876313],[-122.295862,37.876313],[-122.29585,37.876271],[-122.295889,37.876263],[-122.295881,37.876238],[-122.295927,37.876229],[-122.295965,37.876357],[-122.295882,37.876372]]]},"properties":{"id":"w821730261","b":"detached","lv":null,"n":null}},
{"type":"Feature","geometry":{"type":"Polygon","coordinates":[[[-122.289931,37.880069],[-122.289775,37.880032],[-122.289798,37.879973],[-122.289954,37.880011],[-122.289931,37.880069]]]},"properties":{"id":"w821730262","b":"yes","lv":null,"n":null}},
{"type":"Feature","geometry":{"type":"Polygon","coordinates":[[[-122.295907,37.876468],[-122.295894,37.876427],[-122.295984,37.876409],[-122.295997,37.876451],[-122.295907,37.876468]]]},"properties":{"id":"w821730264","b":"garage","lv":null,"n":null}},
{"type":"Feature","geometry":{"type":"Polygon","coordinates":[[[-122.290855,37.877488],[-122.290863,37.877515],[-122.290751,37.877537],[-122.290737,37.877495],[-122.290719,37.877498],[-122.290712,37.877478],[-122.290863,37.877448],[-122.290875,37.877484],[-122.290855,37.877488]]]},"properties":{"id":"w821730265","b":"yes","lv":null,"n":null}},
{"type":"Feature","geometry":{"type":"Polygon","coordinates":[[[-122.295963,37.876548],[-122.295955,37.876519],[-122.295938,37.876522],[-122.295924,37.876476],[-122.296028,37.876457],[-122.296036,37.876485],[-122.296062,37.87648],[-122.296076,37.876526],[-122.295963,37.876548]]]},"properties":{"id":"w821730267","b":"detached","lv":null,"n":null}},
{"type":"Feature","geometry":{"type":"Polygon","coordinates":[[[-122.290747,37.880275],[-122.290581,37.880233],[-122.290593,37.880204],[-122.290614,37.880209],[-122.290627,37.880178],[-122.290751,37.880209],[-122.290745,37.880224],[-122.290766,37.880229],[-122.290747,37.880275]]]},"properties":{"id":"w821730268","b":"yes","lv":null,"n":null}},
{"type":"Feature","geometry":{"type":"Polygon","coordinates":[[[-122.290323,37.877731],[-122.290163,37.877691],[-122.290191,37.87762],[-122.29022,37.877628],[-122.290229,37.877607],[-122.290265,37.877616],[-122.290256,37.877637],[-122.290352,37.87766],[-122.290323,37.877731]]]},"properties":{"id":"w821730270","b":"yes","lv":null,"n":null}},
{"type":"Feature","geometry":{"type":"Polygon","coordinates":[[[-122.296125,37.876698],[-122.296131,37.876718],[-122.296026,37.876739],[-122.296022,37.876725],[-122.296003,37.876729],[-122.295984,37.876669],[-122.296086,37.876649],[-122.296094,37.876674],[-122.296116,37.87667],[-122.296117,37.876675],[-122.296148,37.876669],[-122.296155,37.876693],[-122.296125,37.876698]]]},"properties":{"id":"w821730271","b":"detached","lv":null,"n":null}},
{"type":"Feature","geometry":{"type":"Polygon","coordinates":[[[-122.290361,37.880164],[-122.290281,37.880145],[-122.290283,37.880138],[-122.290173,37.880113],[-122.290191,37.880067],[-122.290198,37.880068],[-122.29021,37.880039],[-122.290392,37.880082],[-122.290361,37.880164]]]},"properties":{"id":"w821730272","b":"yes","lv":null,"n":null}},
{"type":"Feature","geometry":{"type":"Polygon","coordinates":[[[-122.296159,37.876796],[-122.296165,37.876815],[-122.296055,37.876836],[-122.29605,37.87682],[-122.296034,37.876823],[-122.296016,37.876765],[-122.296121,37.876745],[-122.296129,37.876772],[-122.296176,37.876763],[-122.296184,37.876791],[-122.296159,37.876796]]]},"properties":{"id":"w821730273","b":"detached","lv":null,"n":null}},
{"type":"Feature","geometry":{"type":"Polygon","coordinates":[[[-122.290559,37.880429],[-122.290563,37.880418],[-122.290539,37.880412],[-122.290557,37.880365],[-122.290731,37.880406],[-122.290709,37.880465],[-122.290559,37.880429]]]},"properties":{"id":"w821730275","b":"yes","lv":null,"n":null}},
{"type":"Feature","geometry":{"type":"Polygon","coordinates":[[[-122.290679,37.880495],[-122.290664,37.880531],[-122.290508,37.880492],[-122.290533,37.88043],[-122.290707,37.880473],[-122.290696,37.880499],[-122.290679,37.880495]]]},"properties":{"id":"w821730276","b":"yes","lv":null,"n":null}},
{"type":"Feature","geometry":{"type":"Polygon","coordinates":[[[-122.296207,37.876871],[-122.296212,37.876886],[-122.296188,37.876891],[-122.296194,37.876911],[-122.296089,37.876932],[-122.296085,37.876919],[-122.296067,37.876923],[-122.296047,37.876859],[-122.296268,37.876817],[-122.29628,37.876856],[-122.296207,37.876871]]]},"properties":{"id":"w821730278","b":"detached","lv":null,"n":null}},
{"type":"Feature","geometry":{"type":"Polygon","coordinates":[[[-122.290678,37.880611],[-122.290655,37.880605],[-122.290647,37.880624],[-122.290481,37.880583],[-122.290491,37.88056],[-122.290472,37.880556],[-122.290492,37.880508],[-122.290698,37.880559],[-122.290678,37.880611]]]},"properties":{"id":"w821730280","b":"yes","lv":null,"n":null}},
{"type":"Feature","geometry":{"type":"Polygon","coordinates":[[[-122.290637,37.880679],[-122.290647,37.880682],[-122.29063,37.880724],[-122.290486,37.880688],[-122.290488,37.880683],[-122.290434,37.88067],[-122.290461,37.880602],[-122.290514,37.880615],[-122.290516,37.880611],[-122.290651,37.880645],[-122.290637,37.880679]]]},"properties":{"id":"w821730281","b":"yes","lv":null,"n":null}},
{"type":"Feature","geometry":{"type":"Polygon","coordinates":[[[-122.296101,37.877023],[-122.296079,37.876954],[-122.296166,37.876937],[-122.296187,37.877006],[-122.296101,37.877023]]]},"properties":{"id":"w821730282","b":"hut","lv":null,"n":null}},
{"type":"Feature","geometry":{"type":"Polygon","coordinates":[[[-122.296229,37.877152],[-122.296232,37.877162],[-122.296185,37.87717],[-122.296182,37.87716],[-122.296143,37.877167],[-122.29612,37.877083],[-122.296165,37.877075],[-122.29617,37.877093],[-122.296218,37.877085],[-122.296236,37.877151],[-122.296229,37.877152]]]},"properties":{"id":"w821730284","b":"detached","lv":null,"n":null}},
{"type":"Feature","geometry":{"type":"Polygon","coordinates":[[[-122.292367,37.877607],[-122.292372,37.877623],[-122.292304,37.877635],[-122.2923,37.877618],[-122.29225,37.877627],[-122.292227,37.877548],[-122.292412,37.877515],[-122.292421,37.877546],[-122.292447,37.877541],[-122.292461,37.87759],[-122.292367,37.877607]]]},"properties":{"id":"w821730285","b":"yes","lv":null,"n":null}},
{"type":"Feature","geometry":{"type":"Polygon","coordinates":[[[-122.296326,37.877141],[-122.296323,37.877129],[-122.296284,37.877136],[-122.296261,37.877057],[-122.296308,37.877048],[-122.296313,37.877064],[-122.29635,37.877057],[-122.296372,37.877133],[-122.296326,37.877141]]]},"properties":{"id":"w821730286","b":"yes","lv":null,"n":null}},
{"type":"Feature","geometry":{"type":"Polygon","coordinates":[[[-122.290189,37.880672],[-122.290019,37.880631],[-122.290041,37.880573],[-122.290078,37.880582],[-122.29008,37.880577],[-122.290195,37.880605],[-122.290187,37.880625],[-122.290206,37.88063],[-122.290189,37.880672]]]},"properties":{"id":"w821730288","b":"yes","lv":null,"n":null}},
{"type":"Feature","geometry":{"type":"Polygon","coordinates":[[[-122.296456,37.877106],[-122.296459,37.877114],[-122.296408,37.877125],[-122.296383,37.877049],[-122.296419,37.877042],[-122.296406,37.877003],[-122.296418,37.877],[-122.296415,37.876991],[-122.296436,37.876986],[-122.29644,37.876996],[-122.296454,37.876993],[-122.296489,37.877099],[-122.296456,37.877106]]]},"properties":{"id":"w821730291","b":"yes","lv":null,"n":null}},
{"type":"Feature","geometry":{"type":"Polygon","coordinates":[[[-122.29042,37.880042],[-122.290402,37.880038],[-122.290392,37.880064],[-122.290248,37.88003],[-122.290272,37.879968],[-122.29037,37.879992],[-122.290376,37.879977],[-122.29044,37.879992],[-122.29042,37.880042]]]},"properties":{"id":"w821730293","b":"yes","lv":null,"n":null}},
{"type":"Feature","geometry":{"type":"Polygon","coordinates":[[[-122.290815,37.877213],[-122.29078,37.877101],[-122.290821,37.877093],[-122.290817,37.877077],[-122.290866,37.877067],[-122.290906,37.877195],[-122.290815,37.877213]]]},"properties":{"id":"w821730294","b":"yes","lv":null,"n":null}},
{"type":"Feature","geometry":{"type":"Polygon","coordinates":[[[-122.296593,37.877088],[-122.296564,37.876997],[-122.296569,37.876996],[-122.296562,37.876974],[-122.296639,37.876959],[-122.296675,37.877072],[-122.296593,37.877088]]]},"properties":{"id":"w821730296","b":"yes","lv":null,"n":null}},
{"type":"Feature","geometry":{"type":"Polygon","coordinates":[[[-122.290802,37.87725],[-122.290713,37.877269],[-122.290674,37.877158],[-122.290718,37.877149],[-122.290712,37.877133],[-122.290758,37.877123],[-122.290802,37.87725]]]},"properties":{"id":"w821730297","b":"yes","lv":null,"n":null}},
{"type":"Feature","geometry":{"type":"Polygon","coordinates":[[[-122.296796,37.877034],[-122.2968,37.877047],[-122.296729,37.87706],[-122.296697,37.876948],[-122.296705,37.876947],[-122.296694,37.876908],[-122.296727,37.876902],[-122.296724,37.876891],[-122.296773,37.876882],[-122.296783,37.876915],[-122.296786,37.876914],[-122.296798,37.876954],[-122.296787,37.876956],[-122.296809,37.877031],[-122.296796,37.877034]]]},"properties":{"id":"w821730298","b":"yes","lv":null,"n":null}},
{"type":"Feature","geometry":{"type":"Polygon","coordinates":[[[-122.290226,37.880485],[-122.290137,37.880464],[-122.290155,37.880417],[-122.290244,37.880438],[-122.290226,37.880485]]]},"properties":{"id":"w821730299","b":"yes","lv":null,"n":null}},
{"type":"Feature","geometry":{"type":"Polygon","coordinates":[[[-122.296874,37.877031],[-122.29687,37.877019],[-122.296853,37.877022],[-122.296816,37.876904],[-122.296895,37.876888],[-122.296887,37.876863],[-122.296926,37.876856],[-122.29694,37.876902],[-122.296905,37.876909],[-122.296939,37.877019],[-122.296874,37.877031]]]},"properties":{"id":"w821730300","b":"detached","lv":null,"n":null}},
{"type":"Feature","geometry":{"type":"Polygon","coordinates":[[[-122.29062,37.877323],[-122.290582,37.877208],[-122.290645,37.877196],[-122.29065,37.877214],[-122.290668,37.87721],[-122.2907,37.877307],[-122.29062,37.877323]]]},"properties":{"id":"w821730301","b":"yes","lv":null,"n":null}},
{"type":"Feature","geometry":{"type":"Polygon","coordinates":[[[-122.29023,37.880535],[-122.290239,37.880537],[-122.290226,37.88057],[-122.290088,37.880537],[-122.290101,37.880504],[-122.290092,37.880502],[-122.290104,37.880472],[-122.290241,37.880505],[-122.29023,37.880535]]]},"properties":{"id":"w821730303","b":"yes","lv":null,"n":null}},
{"type":"Feature","geometry":{"type":"Polygon","coordinates":[[[-122.29669,37.876813],[-122.296668,37.876742],[-122.296808,37.876715],[-122.296815,37.876738],[-122.296837,37.876733],[-122.296841,37.876746],[-122.29686,37.876742],[-122.296871,37.876778],[-122.29669,37.876813]]]},"properties":{"id":"w821730304","b":"detached","lv":null,"n":null}},
{"type":"Feature","geometry":{"type":"Polygon","coordinates":[[[-122.290204,37.880207],[-122.290231,37.880141],[-122.290354,37.880173],[-122.290338,37.880211],[-122.290359,37.880217],[-122.290348,37.880244],[-122.290204,37.880207]]]},"properties":{"id":"w821730305","b":"yes","lv":null,"n":null}},
{"type":"Feature","geometry":{"type":"Polygon","coordinates":[[[-122.29663,37.876624],[-122.296623,37.876602],[-122.29656,37.876615],[-122.296543,37.876563],[-122.296626,37.876546],[-122.296625,37.876543],[-122.296764,37.876515],[-122.296778,37.876557],[-122.2968,37.876552],[-122.296812,37.876587],[-122.29663,37.876624]]]},"properties":{"id":"w821730306","b":"detached","lv":null,"n":null}},
{"type":"Feature","geometry":{"type":"Polygon","coordinates":[[[-122.290255,37.880294],[-122.290126,37.880262],[-122.29013,37.880251],[-122.290126,37.88025],[-122.290129,37.880245],[-122.290132,37.880246],[-122.290141,37.880224],[-122.290209,37.88024],[-122.29027,37.880255],[-122.290255,37.880294]]]},"properties":{"id":"w821730307","b":"yes","lv":null,"n":null}},
{"type":"Feature","geometry":{"type":"Polygon","coordinates":[[[-122.296744,37.876454],[-122.296748,37.876465],[-122.296734,37.876468],[-122.296745,37.876502],[-122.296553,37.876541],[-122.296536,37.876489],[-122.296602,37.876476],[-122.296593,37.876448],[-122.296754,37.876416],[-122.296765,37.87645],[-122.296744,37.876454]]]},"properties":{"id":"w821730308","b":"detached","lv":null,"n":null}},
{"type":"Feature","geometry":{"type":"Polygon","coordinates":[[[-122.29025,37.880408],[-122.290259,37.88041],[-122.290254,37.880424],[-122.290105,37.880389],[-122.290138,37.880301],[-122.290205,37.880317],[-122.290214,37.880294],[-122.290287,37.880311],[-122.29025,37.880408]]]},"properties":{"id":"w821730309","b":"yes","lv":null,"n":null}},
{"type":"Feature","geometry":{"type":"Polygon","coordinates":[[[-122.296706,37.876211],[-122.296695,37.876176],[-122.29673,37.876169],[-122.296741,37.876204],[-122.296706,37.876211]]]},"properties":{"id":"w821730310","b":"hut","lv":null,"n":null}},
{"type":"Feature","geometry":{"type":"Polygon","coordinates":[[[-122.296601,37.876275],[-122.296575,37.876194],[-122.296583,37.876193],[-122.296553,37.876094],[-122.296613,37.876082],[-122.296632,37.876146],[-122.296662,37.87614],[-122.296699,37.876256],[-122.296601,37.876275]]]},"properties":{"id":"w821730311","b":"detached","lv":null,"n":null}},
{"type":"Feature","geometry":{"type":"Polygon","coordinates":[[[-122.290598,37.880902],[-122.290383,37.880849],[-122.290409,37.880783],[-122.290505,37.880807],[-122.290507,37.8808],[-122.290552,37.880811],[-122.29054,37.88084],[-122.290615,37.880859],[-122.290598,37.880902]]]},"properties":{"id":"w821730312","b":"yes","lv":null,"n":null}},
{"type":"Feature","geometry":{"type":"Polygon","coordinates":[[[-122.291594,37.877456],[-122.291598,37.877467],[-122.291576,37.877472],[-122.291588,37.87751],[-122.291522,37.877523],[-122.291506,37.877473],[-122.291485,37.877477],[-122.291477,37.877451],[-122.291498,37.877446],[-122.291491,37.877423],[-122.291626,37.877396],[-122.291642,37.877446],[-122.291594,37.877456]]]},"properties":{"id":"w821730313","b":"yes","lv":null,"n":null}},
{"type":"Feature","geometry":{"type":"Polygon","coordinates":[[[-122.289824,37.88035],[-122.289812,37.880347],[-122.289801,37.880373],[-122.289665,37.880339],[-122.289676,37.880312],[-122.289693,37.880316],[-122.289711,37.880271],[-122.289694,37.880267],[-122.289704,37.880241],[-122.289739,37.88025],[-122.289737,37.880254],[-122.289836,37.880279],[-122.289827,37.880301],[-122.289842,37.880305],[-122.289824,37.88035]]]},"properties":{"id":"w821730314","b":"yes","lv":null,"n":null}},
{"type":"Feature","geometry":{"type":"Polygon","coordinates":[[[-122.291991,37.878205],[-122.291946,37.878195],[-122.291955,37.878173],[-122.292,37.878183],[-122.291991,37.878205]]]},"properties":{"id":"w821730315","b":"yes","lv":null,"n":null}},
{"type":"Feature","geometry":{"type":"Polygon","coordinates":[[[-122.290136,37.8808],[-122.290031,37.880774],[-122.29004,37.880751],[-122.289962,37.880732],[-122.289956,37.880747],[-122.289951,37.880746],[-122.289938,37.880779],[-122.289829,37.880753],[-122.289841,37.880723],[-122.28986,37.880727],[-122.289862,37.880723],[-122.289852,37.880721],[-122.289879,37.880652],[-122.289937,37.880666],[-122.289941,37.880655],[-122.290104,37.880694],[-122.290099,37.880706],[-122.290166,37.880722],[-122.290136,37.8808]]]},"properties":{"id":"w821730316","b":"yes","lv":null,"n":null}},
{"type":"Feature","geometry":{"type":"Polygon","coordinates":[[[-122.292102,37.877939],[-122.291935,37.877932],[-122.291938,37.877881],[-122.291986,37.877883],[-122.291987,37.877868],[-122.292106,37.877873],[-122.292102,37.877939]]]},"properties":{"id":"w821730317","b":"yes","lv":null,"n":null}},
{"type":"Feature","geometry":{"type":"Polygon","coordinates":[[[-122.290599,37.880805],[-122.29041,37.880761],[-122.290433,37.880699],[-122.290588,37.880735],[-122.290575,37.88077],[-122.290609,37.880777],[-122.290599,37.880805]]]},"properties":{"id":"w821730318","b":"yes","lv":null,"n":null}},
{"type":"Feature","geometry":{"type":"Polygon","coordinates":[[[-122.291992,37.877855],[-122.29198,37.877817],[-122.291906,37.877832],[-122.291883,37.877759],[-122.292034,37.877729],[-122.29207,37.87784],[-122.291992,37.877855]]]},"properties":{"id":"w821730319","b":"yes","lv":null,"n":null}},
{"type":"Feature","geometry":{"type":"Polygon","coordinates":[[[-122.292026,37.877682],[-122.292034,37.877707],[-122.291906,37.877733],[-122.291896,37.877703],[-122.291835,37.877715],[-122.291826,37.877687],[-122.292031,37.877644],[-122.292043,37.877678],[-122.292026,37.877682]]]},"properties":{"id":"w821730320","b":"yes","lv":null,"n":null}},
{"type":"Feature","geometry":{"type":"Polygon","coordinates":[[[-122.291112,37.877453],[-122.291119,37.877477],[-122.291014,37.877497],[-122.290987,37.877407],[-122.291063,37.877393],[-122.291062,37.877388],[-122.291182,37.877366],[-122.291202,37.877436],[-122.291112,37.877453]]]},"properties":{"id":"w821730321","b":"yes","lv":null,"n":null}},
{"type":"Feature","geometry":{"type":"Polygon","coordinates":[[[-122.292081,37.878105],[-122.291916,37.878064],[-122.291929,37.878033],[-122.29195,37.878038],[-122.291961,37.878012],[-122.292087,37.878043],[-122.292078,37.878066],[-122.292095,37.87807],[-122.292081,37.878105]]]},"properties":{"id":"w821730322","b":"yes","lv":null,"n":null}},
{"type":"Feature","geometry":{"type":"Polygon","coordinates":[[[-122.291977,37.878148],[-122.291916,37.878133],[-122.291906,37.878159],[-122.29189,37.878155],[-122.291881,37.878178],[-122.291805,37.87816],[-122.291803,37.878165],[-122.291733,37.878148],[-122.291772,37.878048],[-122.291925,37.878085],[-122.291929,37.878075],[-122.291998,37.878092],[-122.291977,37.878148]]]},"properties":{"id":"w821730323","b":"yes","lv":null,"n":null}},
{"type":"Feature","geometry":{"type":"Polygon","coordinates":[[[-122.291683,37.877848],[-122.291694,37.877851],[-122.291679,37.877889],[-122.291614,37.877873],[-122.291612,37.877877],[-122.291588,37.877871],[-122.291593,37.877859],[-122.291531,37.877844],[-122.291551,37.877796],[-122.291572,37.877801],[-122.291584,37.877771],[-122.291702,37.8778],[-122.291683,37.877848]]]},"properties":{"id":"w821730324","b":"yes","lv":null,"n":null}},
{"type":"Feature","geometry":{"type":"Polygon","coordinates":[[[-122.291346,37.879956],[-122.291323,37.87995],[-122.29131,37.879985],[-122.291191,37.879958],[-122.291196,37.879944],[-122.291151,37.879934],[-122.291168,37.879886],[-122.291212,37.879897],[-122.291217,37.879883],[-122.291245,37.879889],[-122.291243,37.879895],[-122.291309,37.87991],[-122.291311,37.879904],[-122.291361,37.879916],[-122.291346,37.879956]]]},"properties":{"id":"w821730325","b":"yes","lv":null,"n":null}},
{"type":"Feature","geometry":{"type":"Polygon","coordinates":[[[-122.291639,37.878067],[-122.291628,37.878065],[-122.291613,37.878102],[-122.291445,37.878062],[-122.291465,37.878008],[-122.291496,37.878016],[-122.291503,37.877999],[-122.29164,37.878031],[-122.291633,37.878051],[-122.291645,37.878054],[-122.291639,37.878067]]]},"properties":{"id":"w821730326","b":"yes","lv":null,"n":null}},
{"type":"Feature","geometry":{"type":"Polygon","coordinates":[[[-122.291575,37.878163],[-122.291555,37.878159],[-122.291543,37.878191],[-122.291409,37.878159],[-122.291429,37.878105],[-122.291444,37.878109],[-122.291453,37.878085],[-122.291592,37.878118],[-122.291575,37.878163]]]},"properties":{"id":"w821730327","b":"yes","lv":null,"n":null}},
{"type":"Feature","geometry":{"type":"Polygon","coordinates":[[[-122.289953,37.879903],[-122.289919,37.879895],[-122.289894,37.87996],[-122.289805,37.879939],[-122.289844,37.879837],[-122.289967,37.879867],[-122.289953,37.879903]]]},"properties":{"id":"w821730328","b":"yes","lv":null,"n":null}},
{"type":"Feature","geometry":{"type":"Polygon","coordinates":[[[-122.291232,37.877856],[-122.291224,37.877854],[-122.291212,37.877884],[-122.291049,37.877843],[-122.291074,37.87778],[-122.291193,37.87781],[-122.291198,37.877797],[-122.291239,37.877807],[-122.29123,37.877829],[-122.291241,37.877832],[-122.291232,37.877856]]]},"properties":{"id":"w821730329","b":"yes","lv":null,"n":null}},
{"type":"Feature","geometry":{"type":"Polygon","coordinates":[[[-122.290747,37.880377],[-122.290544,37.880329],[-122.290556,37.880298],[-122.290582,37.880304],[-122.290596,37.880268],[-122.290664,37.880284],[-122.290662,37.880289],[-122.290771,37.880315],[-122.290747,37.880377]]]},"properties":{"id":"w821730330","b":"yes","lv":null,"n":null}},
{"type":"Feature","geometry":{"type":"Polygon","coordinates":[[[-122.296072,37.876627],[-122.296076,37.876638],[-122.296005,37.876652],[-122.29599,37.876602],[-122.296057,37.87659],[-122.296047,37.876555],[-122.296228,37.876521],[-122.29625,37.876594],[-122.296072,37.876627]]]},"properties":{"id":"w821730331","b":"detached","lv":null,"n":null}},
{"type":"Feature","geometry":{"type":"Polygon","coordinates":[[[-122.291191,37.877945],[-122.291194,37.877946],[-122.291175,37.877991],[-122.291042,37.877956],[-122.291061,37.877912],[-122.291052,37.87791],[-122.29106,37.877892],[-122.291079,37.877897],[-122.291088,37.877877],[-122.291194,37.877905],[-122.291184,37.877929],[-122.291196,37.877932],[-122.291191,37.877945]]]},"properties":{"id":"w821730332","b":"yes","lv":null,"n":null}},
{"type":"Feature","geometry":{"type":"Polygon","coordinates":[[[-122.290484,37.879888],[-122.290303,37.879844],[-122.290322,37.879797],[-122.290388,37.879813],[-122.290396,37.879791],[-122.290492,37.879815],[-122.290481,37.879842],[-122.290501,37.879847],[-122.290484,37.879888]]]},"properties":{"id":"w821730333","b":"yes","lv":null,"n":null}},
{"type":"Feature","geometry":{"type":"Polygon","coordinates":[[[-122.291151,37.878057],[-122.291148,37.878056],[-122.291141,37.878075],[-122.291134,37.878093],[-122.291013,37.878064],[-122.291025,37.878033],[-122.291017,37.878031],[-122.291016,37.878034],[-122.290941,37.878016],[-122.290959,37.877968],[-122.291109,37.878004],[-122.291112,37.877998],[-122.291168,37.878012],[-122.291151,37.878057]]]},"properties":{"id":"w821730334","b":"yes","lv":null,"n":null}},
{"type":"Feature","geometry":{"type":"Polygon","coordinates":[[[-122.290911,37.878736],[-122.290875,37.878727],[-122.290866,37.878749],[-122.290809,37.878736],[-122.290806,37.878745],[-122.290786,37.87874],[-122.290782,37.878751],[-122.290686,37.878728],[-122.290718,37.878643],[-122.290792,37.87866],[-122.290795,37.878653],[-122.290853,37.878666],[-122.29085,37.878674],[-122.290927,37.878693],[-122.290911,37.878736]]]},"properties":{"id":"w821730335","b":"yes","lv":null,"n":null}},
{"type":"Feature","geometry":{"type":"Polygon","coordinates":[[[-122.291096,37.878197],[-122.29097,37.878166],[-122.290981,37.878138],[-122.290964,37.878134],[-122.290984,37.878082],[-122.291128,37.878117],[-122.291096,37.878197]]]},"properties":{"id":"w821730336","b":"yes","lv":null,"n":null}},
{"type":"Feature","geometry":{"type":"Polygon","coordinates":[[[-122.291005,37.878497],[-122.290962,37.878486],[-122.290956,37.878501],[-122.290905,37.878489],[-122.2909,37.8785],[-122.290873,37.878493],[-122.29087,37.878501],[-122.290781,37.87848],[-122.290813,37.878398],[-122.291024,37.878448],[-122.291005,37.878497]]]},"properties":{"id":"w821730337","b":"yes","lv":null,"n":null}},
{"type":"Feature","geometry":{"type":"Polygon","coordinates":[[[-122.291035,37.878421],[-122.290825,37.87837],[-122.290858,37.878283],[-122.290953,37.878306],[-122.29095,37.878315],[-122.290967,37.878319],[-122.290962,37.87833],[-122.291015,37.878343],[-122.291008,37.878363],[-122.291053,37.878373],[-122.291035,37.878421]]]},"properties":{"id":"w821730339","b":"yes","lv":null,"n":null}},
{"type":"Feature","geometry":{"type":"Polygon","coordinates":[[[-122.29094,37.878672],[-122.290872,37.878656],[-122.290874,37.878652],[-122.29073,37.878618],[-122.290761,37.878536],[-122.290724,37.878527],[-122.290735,37.878497],[-122.290801,37.878513],[-122.290792,37.878539],[-122.290907,37.878566],[-122.290909,37.878562],[-122.290975,37.878578],[-122.29094,37.878672]]]},"properties":{"id":"w821730341","b":"yes","lv":null,"n":null}},
{"type":"Feature","geometry":{"type":"Polygon","coordinates":[[[-122.29164,37.87797],[-122.291655,37.877974],[-122.291647,37.877995],[-122.291487,37.877955],[-122.291506,37.877909],[-122.291521,37.877913],[-122.291531,37.877888],[-122.291591,37.877903],[-122.29159,37.877907],[-122.291659,37.877924],[-122.29164,37.87797]]]},"properties":{"id":"w821730342","b":"yes","lv":null,"n":null}},
{"type":"Feature","geometry":{"type":"Polygon","coordinates":[[[-122.29045,37.879975],[-122.290299,37.87994],[-122.290301,37.879936],[-122.290282,37.879932],[-122.290295,37.879899],[-122.290312,37.879903],[-122.290324,37.879872],[-122.290459,37.879904],[-122.290448,37.879932],[-122.290465,37.879936],[-122.29045,37.879975]]]},"properties":{"id":"w821730343","b":"yes","lv":null,"n":null}},
{"type":"Feature","geometry":{"type":"Polygon","coordinates":[[[-122.291589,37.877748],[-122.291564,37.87767],[-122.291723,37.877638],[-122.291748,37.877716],[-122.291589,37.877748]]]},"properties":{"id":"w821730344","b":"yes","lv":null,"n":null}},
{"type":"Feature","geometry":{"type":"Polygon","coordinates":[[[-122.291965,37.877617],[-122.291874,37.877634],[-122.291811,37.877582],[-122.291835,37.877512],[-122.291844,37.877511],[-122.291832,37.877475],[-122.291902,37.877461],[-122.291913,37.877497],[-122.291927,37.877494],[-122.291989,37.877547],[-122.291965,37.877617]]]},"properties":{"id":"w821730345","b":"yes","lv":null,"n":null}},
{"type":"Feature","geometry":{"type":"Polygon","coordinates":[[[-122.290787,37.880182],[-122.290628,37.880144],[-122.290639,37.880116],[-122.290648,37.880118],[-122.290661,37.880085],[-122.290811,37.880121],[-122.290787,37.880182]]]},"properties":{"id":"w821730347","b":"yes","lv":null,"n":null}},
{"type":"Feature","geometry":{"type":"Polygon","coordinates":[[[-122.297733,37.876006],[-122.297711,37.875936],[-122.297752,37.875928],[-122.297739,37.875885],[-122.297712,37.87589],[-122.297699,37.87585],[-122.297802,37.87583],[-122.29785,37.875983],[-122.297733,37.876006]]]},"properties":{"id":"w821730349","b":"house","lv":null,"n":null}},
{"type":"Feature","geometry":{"type":"Polygon","coordinates":[[[-122.290823,37.880088],[-122.290664,37.88005],[-122.290675,37.880022],[-122.290684,37.880024],[-122.290697,37.879991],[-122.290768,37.880008],[-122.290828,37.880022],[-122.290822,37.880038],[-122.290841,37.880042],[-122.290823,37.880088]]]},"properties":{"id":"w821730350","b":"yes","lv":null,"n":null}},
{"type":"Feature","geometry":{"type":"Polygon","coordinates":[[[-122.291199,37.877664],[-122.291193,37.877643],[-122.291137,37.877652],[-122.291117,37.877581],[-122.291241,37.877559],[-122.291267,37.877652],[-122.291199,37.877664]]]},"properties":{"id":"w821730351","b":"yes","lv":null,"n":null}},
{"type":"Feature","geometry":{"type":"Polygon","coordinates":[[[-122.290912,37.88],[-122.290714,37.879953],[-122.290741,37.87988],[-122.290839,37.879903],[-122.290837,37.879908],[-122.290938,37.879931],[-122.290912,37.88]]]},"properties":{"id":"w821730352","b":"yes","lv":null,"n":null}},
{"type":"Feature","geometry":{"type":"Polygon","coordinates":[[[-122.299937,37.875651],[-122.299926,37.875619],[-122.299972,37.87561],[-122.299983,37.875641],[-122.299937,37.875651]]]},"properties":{"id":"w821730353","b":"yes","lv":null,"n":null}},
{"type":"Feature","geometry":{"type":"Polygon","coordinates":[[[-122.291087,37.877574],[-122.291074,37.877528],[-122.291067,37.87753],[-122.291059,37.877501],[-122.291212,37.877473],[-122.291234,37.877547],[-122.291087,37.877574]]]},"properties":{"id":"w821730354","b":"yes","lv":null,"n":null}},
{"type":"Feature","geometry":{"type":"Polygon","coordinates":[[[-122.290992,37.879815],[-122.290775,37.879763],[-122.290802,37.879693],[-122.290821,37.879697],[-122.290822,37.879693],[-122.290838,37.879697],[-122.290837,37.879701],[-122.291019,37.879745],[-122.290992,37.879815]]]},"properties":{"id":"w821730355","b":"yes","lv":null,"n":null}},
{"type":"Feature","geometry":{"type":"Polygon","coordinates":[[[-122.291266,37.877749],[-122.29126,37.877748],[-122.291254,37.877764],[-122.291247,37.877781],[-122.291119,37.877751],[-122.291149,37.877673],[-122.291268,37.877702],[-122.29126,37.877722],[-122.291275,37.877725],[-122.291266,37.877749]]]},"properties":{"id":"w821730356","b":"yes","lv":null,"n":null}},
{"type":"Feature","geometry":{"type":"Polygon","coordinates":[[[-122.290909,37.879909],[-122.290841,37.879893],[-122.290839,37.879899],[-122.290775,37.879883],[-122.290782,37.879863],[-122.290768,37.879859],[-122.290777,37.879838],[-122.290761,37.879834],[-122.290784,37.879776],[-122.290827,37.879786],[-122.290823,37.879794],[-122.290943,37.879824],[-122.290909,37.879909]]]},"properties":{"id":"w821730357","b":"yes","lv":null,"n":null}},
{"type":"Feature","geometry":{"type":"Polygon","coordinates":[[[-122.29212,37.878041],[-122.292039,37.878022],[-122.292055,37.877979],[-122.292136,37.877998],[-122.29212,37.878041]]]},"properties":{"id":"w821730358","b":"yes","lv":null,"n":null}},
{"type":"Feature","geometry":{"type":"Polygon","coordinates":[[[-122.291531,37.87685],[-122.291484,37.876707],[-122.291535,37.876696],[-122.291538,37.876706],[-122.29158,37.876697],[-122.291623,37.876831],[-122.291531,37.87685]]]},"properties":{"id":"w821730359","b":"yes","lv":null,"n":null}},
{"type":"Feature","geometry":{"type":"Polygon","coordinates":[[[-122.292544,37.876952],[-122.292432,37.876975],[-122.292418,37.876932],[-122.292486,37.876918],[-122.292487,37.876923],[-122.292531,37.876914],[-122.292544,37.876952]]]},"properties":{"id":"w821730360","b":"yes","lv":null,"n":null}},
{"type":"Feature","geometry":{"type":"Polygon","coordinates":[[[-122.289609,37.879924],[-122.2896,37.879922],[-122.289594,37.87994],[-122.289538,37.879927],[-122.289545,37.879909],[-122.289491,37.879896],[-122.289495,37.879884],[-122.289476,37.879879],[-122.289494,37.879829],[-122.289514,37.879833],[-122.289516,37.879829],[-122.289634,37.879857],[-122.289609,37.879924]]]},"properties":{"id":"w821730361","b":"yes","lv":null,"n":null}},
{"type":"Feature","geometry":{"type":"Polygon","coordinates":[[[-122.291344,37.877018],[-122.291387,37.877009],[-122.291383,37.876997],[-122.291426,37.876988],[-122.291432,37.877005],[-122.291441,37.877003],[-122.291427,37.87696],[-122.291472,37.876951],[-122.291487,37.876998],[-122.291492,37.876997],[-122.291503,37.87703],[-122.291358,37.87706],[-122.291344,37.877018]]]},"properties":{"id":"w821730362","b":"yes","lv":null,"n":null}},
{"type":"Feature","geometry":{"type":"Polygon","coordinates":[[[-122.29153,37.877188],[-122.291532,37.877195],[-122.291421,37.877217],[-122.291399,37.877151],[-122.291511,37.877128],[-122.291517,37.877147],[-122.29153,37.877145],[-122.291543,37.877185],[-122.29153,37.877188]]]},"properties":{"id":"w821730363","b":"yes","lv":null,"n":null}},
{"type":"Feature","geometry":{"type":"Polygon","coordinates":[[[-122.291484,37.877298],[-122.291482,37.877291],[-122.291451,37.877298],[-122.29143,37.877233],[-122.291566,37.877206],[-122.291589,37.877277],[-122.291484,37.877298]]]},"properties":{"id":"w821730365","b":"yes","lv":null,"n":null}},
{"type":"Feature","geometry":{"type":"Polygon","coordinates":[[[-122.291617,37.877367],[-122.291516,37.877386],[-122.291515,37.877382],[-122.291482,37.877389],[-122.291462,37.877324],[-122.291516,37.877313],[-122.291515,37.87731],[-122.291594,37.877295],[-122.291617,37.877367]]]},"properties":{"id":"w821730366","b":"yes","lv":null,"n":null}},
{"type":"Feature","geometry":{"type":"Polygon","coordinates":[[[-122.291666,37.87702],[-122.291656,37.876976],[-122.291639,37.876978],[-122.291633,37.876955],[-122.291649,37.876953],[-122.291648,37.876949],[-122.291768,37.876926],[-122.291788,37.876995],[-122.291666,37.87702]]]},"properties":{"id":"w821730367","b":"yes","lv":null,"n":null}},
{"type":"Feature","geometry":{"type":"Polygon","coordinates":[[[-122.290669,37.878266],[-122.290488,37.878222],[-122.290516,37.878151],[-122.290697,37.878195],[-122.290669,37.878266]]]},"properties":{"id":"w821730368","b":"yes","lv":null,"n":null}},
{"type":"Feature","geometry":{"type":"Polygon","coordinates":[[[-122.291002,37.877272],[-122.290984,37.877209],[-122.291111,37.877186],[-122.291115,37.877198],[-122.291119,37.877197],[-122.291134,37.877247],[-122.291002,37.877272]]]},"properties":{"id":"w821730370","b":"yes","lv":null,"n":null}},
{"type":"Feature","geometry":{"type":"Polygon","coordinates":[[[-122.291032,37.877375],[-122.29101,37.877306],[-122.291092,37.877289],[-122.291093,37.877293],[-122.291152,37.877282],[-122.291172,37.877347],[-122.291032,37.877375]]]},"properties":{"id":"w821730371","b":"yes","lv":null,"n":null}},
{"type":"Feature","geometry":{"type":"Polygon","coordinates":[[[-122.291393,37.877127],[-122.291386,37.877106],[-122.29137,37.877109],[-122.291363,37.877086],[-122.291497,37.877061],[-122.29151,37.877105],[-122.291393,37.877127]]]},"properties":{"id":"w821730372","b":"yes","lv":null,"n":null}},
{"type":"Feature","geometry":{"type":"Polygon","coordinates":[[[-122.290246,37.878247],[-122.290156,37.878227],[-122.290175,37.878176],[-122.290264,37.878196],[-122.290246,37.878247]]]},"properties":{"id":"w821730373","b":"yes","lv":null,"n":null}},
{"type":"Feature","geometry":{"type":"Polygon","coordinates":[[[-122.290077,37.878207],[-122.289987,37.878186],[-122.290006,37.878134],[-122.290097,37.878154],[-122.290077,37.878207]]]},"properties":{"id":"w821730374","b":"yes","lv":null,"n":null}},
{"type":"Feature","geometry":{"type":"Polygon","coordinates":[[[-122.291034,37.877112],[-122.290995,37.876991],[-122.291074,37.876975],[-122.291113,37.877096],[-122.291034,37.877112]]]},"properties":{"id":"w821730375","b":"yes","lv":null,"n":null}},
{"type":"Feature","geometry":{"type":"Polygon","coordinates":[[[-122.291591,37.878319],[-122.291493,37.878296],[-122.291496,37.878287],[-122.291369,37.878257],[-122.291382,37.878221],[-122.291388,37.878223],[-122.291402,37.878185],[-122.291536,37.878217],[-122.291553,37.878221],[-122.291551,37.878228],[-122.291579,37.878235],[-122.291567,37.878267],[-122.291607,37.878277],[-122.291591,37.878319]]]},"properties":{"id":"w821730376","b":"yes","lv":null,"n":null}},
{"type":"Feature","geometry":{"type":"Polygon","coordinates":[[[-122.291745,37.877121],[-122.291746,37.877125],[-122.29171,37.877132],[-122.291699,37.877102],[-122.291683,37.877105],[-122.291679,37.877095],[-122.291669,37.877061],[-122.291722,37.87705],[-122.291804,37.877036],[-122.291826,37.877104],[-122.291745,37.877121]]]},"properties":{"id":"w821730378","b":"yes","lv":null,"n":null}},
{"type":"Feature","geometry":{"type":"Polygon","coordinates":[[[-122.292022,37.878277],[-122.292007,37.878273],[-122.291997,37.8783],[-122.291855,37.878266],[-122.291881,37.878197],[-122.292023,37.878231],[-122.292013,37.878258],[-122.292028,37.878262],[-122.292022,37.878277]]]},"properties":{"id":"w821730379","b":"yes","lv":null,"n":null}},
{"type":"Feature","geometry":{"type":"Polygon","coordinates":[[[-122.291848,37.877214],[-122.291849,37.877217],[-122.29184,37.877219],[-122.291839,37.877215],[-122.291822,37.877218],[-122.291823,37.877221],[-122.291785,37.877228],[-122.291782,37.877223],[-122.291718,37.877236],[-122.29173,37.877271],[-122.291665,37.877285],[-122.291648,37.877235],[-122.291704,37.877223],[-122.291688,37.877173],[-122.291842,37.87714],[-122.291865,37.877211],[-122.291848,37.877214]]]},"properties":{"id":"w821730380","b":"yes","lv":null,"n":null}},
{"type":"Feature","geometry":{"type":"Polygon","coordinates":[[[-122.291684,37.876922],[-122.291678,37.876901],[-122.291729,37.876892],[-122.291734,37.876913],[-122.291684,37.876922]]]},"properties":{"id":"w821730381","b":"yes","lv":null,"n":null}},
{"type":"Feature","geometry":{"type":"Polygon","coordinates":[[[-122.291455,37.876859],[-122.291461,37.876878],[-122.291428,37.876884],[-122.291423,37.876865],[-122.29141,37.876867],[-122.291382,37.876776],[-122.291415,37.87677],[-122.291411,37.876757],[-122.291475,37.876744],[-122.291507,37.876849],[-122.291455,37.876859]]]},"properties":{"id":"w821730382","b":"yes","lv":null,"n":null}},
{"type":"Feature","geometry":{"type":"Polygon","coordinates":[[[-122.297567,37.876881],[-122.29754,37.876794],[-122.297624,37.876778],[-122.29763,37.876795],[-122.297638,37.876793],[-122.297663,37.876876],[-122.297575,37.876893],[-122.297571,37.87688],[-122.297567,37.876881]]]},"properties":{"id":"w821730383","b":"yes","lv":null,"n":null}},
{"type":"Feature","geometry":{"type":"Polygon","coordinates":[[[-122.291287,37.876923],[-122.291267,37.876867],[-122.291287,37.876862],[-122.291274,37.876827],[-122.291361,37.876808],[-122.291392,37.8769],[-122.291287,37.876923]]]},"properties":{"id":"w821730384","b":"yes","lv":null,"n":null}},
{"type":"Feature","geometry":{"type":"Polygon","coordinates":[[[-122.29744,37.876921],[-122.297436,37.876909],[-122.297419,37.876913],[-122.297386,37.87681],[-122.297478,37.876791],[-122.297514,37.876907],[-122.29744,37.876921]]]},"properties":{"id":"w821730385","b":"house","lv":null,"n":null}},
{"type":"Feature","geometry":{"type":"Polygon","coordinates":[[[-122.297278,37.876929],[-122.297263,37.876882],[-122.297247,37.876886],[-122.297229,37.876829],[-122.297244,37.876826],[-122.29723,37.87678],[-122.297311,37.876764],[-122.297359,37.876913],[-122.297278,37.876929]]]},"properties":{"id":"w821730386","b":"house","lv":null,"n":null}},
{"type":"Feature","geometry":{"type":"Polygon","coordinates":[[[-122.297358,37.876649],[-122.297368,37.87668],[-122.2972,37.876711],[-122.29719,37.876677],[-122.297211,37.876673],[-122.297208,37.876661],[-122.297216,37.87666],[-122.297206,37.876626],[-122.297232,37.876621],[-122.297231,37.87662],[-122.297256,37.876615],[-122.297257,37.876617],[-122.297436,37.876583],[-122.297451,37.876631],[-122.297358,37.876649]]]},"properties":{"id":"w821730391","b":"house","lv":null,"n":null}},
{"type":"Feature","geometry":{"type":"Polygon","coordinates":[[[-122.297375,37.876551],[-122.297383,37.876576],[-122.297304,37.876592],[-122.297273,37.876598],[-122.297272,37.876595],[-122.29725,37.876599],[-122.297252,37.876604],[-122.297202,37.876613],[-122.297201,37.87661],[-122.297186,37.876613],[-122.297174,37.876574],[-122.297154,37.876578],[-122.297142,37.876541],[-122.297389,37.876492],[-122.297405,37.876545],[-122.297375,37.876551]]]},"properties":{"id":"w821730393","b":"house","lv":null,"n":null}},
{"type":"Feature","geometry":{"type":"Polygon","coordinates":[[[-122.297286,37.87645],[-122.297298,37.876489],[-122.297136,37.87652],[-122.297125,37.876484],[-122.297146,37.87648],[-122.297133,37.876438],[-122.297202,37.876425],[-122.297204,37.876434],[-122.297224,37.87643],[-122.29722,37.876419],[-122.297382,37.876387],[-122.297395,37.876429],[-122.297286,37.87645]]]},"properties":{"id":"w821730394","b":"house","lv":null,"n":null}},
{"type":"Feature","geometry":{"type":"Polygon","coordinates":[[[-122.297139,37.876426],[-122.297129,37.876393],[-122.297112,37.876397],[-122.297109,37.876385],[-122.297096,37.876388],[-122.297083,37.876351],[-122.297323,37.876303],[-122.297349,37.876383],[-122.297139,37.876426]]]},"properties":{"id":"w821730395","b":"house","lv":null,"n":null}},
{"type":"Feature","geometry":{"type":"Polygon","coordinates":[[[-122.297075,37.876327],[-122.297066,37.876296],[-122.297098,37.87629],[-122.297084,37.876245],[-122.297136,37.876235],[-122.297139,37.876245],[-122.297163,37.876241],[-122.297159,37.876228],[-122.297213,37.876218],[-122.297237,37.876297],[-122.297075,37.876327]]]},"properties":{"id":"w821730398","b":"house","lv":null,"n":null}},
{"type":"Feature","geometry":{"type":"Polygon","coordinates":[[[-122.297087,37.876127],[-122.297101,37.87617],[-122.297028,37.876185],[-122.296978,37.876032],[-122.297033,37.876021],[-122.297028,37.876007],[-122.297074,37.875997],[-122.297115,37.876122],[-122.297087,37.876127]]]},"properties":{"id":"w821730399","b":"house","lv":null,"n":null}},
{"type":"Feature","geometry":{"type":"Polygon","coordinates":[[[-122.297199,37.876055],[-122.297215,37.876105],[-122.29717,37.876113],[-122.297194,37.876191],[-122.297153,37.876199],[-122.297117,37.876083],[-122.297148,37.876077],[-122.297122,37.875997],[-122.297149,37.875992],[-122.297145,37.875979],[-122.29721,37.875966],[-122.297236,37.876048],[-122.297199,37.876055]]]},"properties":{"id":"w821730400","b":"yes","lv":null,"n":null}},
{"type":"Feature","geometry":{"type":"Polygon","coordinates":[[[-122.297352,37.876028],[-122.297356,37.876042],[-122.297299,37.876052],[-122.297273,37.875966],[-122.297291,37.875963],[-122.297287,37.875952],[-122.297362,37.875938],[-122.297376,37.875983],[-122.297387,37.876022],[-122.297352,37.876028]]]},"properties":{"id":"w821730401","b":"yes","lv":null,"n":null}},
{"type":"Feature","geometry":{"type":"Polygon","coordinates":[[[-122.298073,37.876802],[-122.29807,37.876793],[-122.29801,37.876806],[-122.297961,37.876664],[-122.298063,37.876642],[-122.298115,37.876793],[-122.298073,37.876802]]]},"properties":{"id":"w821730402","b":"house","lv":null,"n":null}},
{"type":"Feature","geometry":{"type":"Polygon","coordinates":[[[-122.297885,37.876831],[-122.297881,37.876819],[-122.297861,37.876823],[-122.297834,37.876735],[-122.297856,37.876731],[-122.297851,37.876715],[-122.297923,37.876701],[-122.297959,37.876817],[-122.297885,37.876831]]]},"properties":{"id":"w821730403","b":"yes","lv":null,"n":null}},
{"type":"Feature","geometry":{"type":"Polygon","coordinates":[[[-122.297734,37.876861],[-122.297731,37.87685],[-122.297714,37.876853],[-122.297682,37.876745],[-122.29773,37.876736],[-122.297722,37.876709],[-122.297762,37.876701],[-122.297806,37.876848],[-122.297734,37.876861]]]},"properties":{"id":"w821730404","b":"yes","lv":null,"n":null}},
{"type":"Feature","geometry":{"type":"Polygon","coordinates":[[[-122.297973,37.87653],[-122.297981,37.876556],[-122.297832,37.876585],[-122.297812,37.876518],[-122.297913,37.876498],[-122.297911,37.876493],[-122.297959,37.876484],[-122.297967,37.876509],[-122.297986,37.876505],[-122.297993,37.876526],[-122.297973,37.87653]]]},"properties":{"id":"w821730407","b":"house","lv":null,"n":null}},
{"type":"Feature","geometry":{"type":"Polygon","coordinates":[[[-122.297841,37.876439],[-122.297835,37.87642],[-122.2978,37.876427],[-122.297781,37.876364],[-122.297899,37.876341],[-122.297909,37.876372],[-122.297924,37.87637],[-122.297939,37.87642],[-122.297841,37.876439]]]},"properties":{"id":"w821730410","b":"house","lv":null,"n":null}},
{"type":"Feature","geometry":{"type":"Polygon","coordinates":[[[-122.297487,37.876077],[-122.297468,37.876021],[-122.297448,37.876025],[-122.297419,37.875941],[-122.297443,37.875936],[-122.297437,37.875919],[-122.297453,37.875916],[-122.297505,37.875905],[-122.297558,37.876062],[-122.297487,37.876077]]]},"properties":{"id":"w821730416","b":"yes","lv":null,"n":null}},
{"type":"Feature","geometry":{"type":"Polygon","coordinates":[[[-122.297868,37.876271],[-122.297876,37.876296],[-122.297777,37.876315],[-122.29777,37.876291],[-122.297759,37.876293],[-122.29775,37.876262],[-122.297761,37.87626],[-122.297754,37.876238],[-122.297873,37.876216],[-122.297888,37.876267],[-122.297868,37.876271]]]},"properties":{"id":"w821730417","b":"house","lv":null,"n":null}},
{"type":"Feature","geometry":{"type":"Polygon","coordinates":[[[-122.29784,37.876146],[-122.297844,37.876158],[-122.297831,37.87616],[-122.297837,37.876179],[-122.297684,37.876207],[-122.297663,37.876134],[-122.297842,37.876102],[-122.297854,37.876143],[-122.29784,37.876146]]]},"properties":{"id":"w821730418","b":"house","lv":null,"n":null}},
{"type":"Feature","geometry":{"type":"Polygon","coordinates":[[[-122.297595,37.875993],[-122.297572,37.875906],[-122.297586,37.875904],[-122.297583,37.875889],[-122.297659,37.875877],[-122.297663,37.875891],[-122.297666,37.875891],[-122.297688,37.875977],[-122.297595,37.875993]]]},"properties":{"id":"w821730419","b":"yes","lv":null,"n":null}},
{"type":"Feature","geometry":{"type":"Polygon","coordinates":[[[-122.297794,37.876086],[-122.297796,37.876095],[-122.297775,37.876099],[-122.297772,37.87609],[-122.297755,37.876094],[-122.297737,37.876037],[-122.297842,37.876016],[-122.29786,37.876073],[-122.297794,37.876086]]]},"properties":{"id":"w821730420","b":"garage","lv":null,"n":null}},
{"type":"Feature","geometry":{"type":"Polygon","coordinates":[[[-122.296636,37.876328],[-122.296622,37.876283],[-122.296713,37.876265],[-122.296727,37.87631],[-122.296636,37.876328]]]},"properties":{"id":"w821730421","b":"yes","lv":null,"n":null}},
{"type":"Feature","geometry":{"type":"Polygon","coordinates":[[[-122.300261,37.875436],[-122.300227,37.87533],[-122.300596,37.875257],[-122.300611,37.875307],[-122.300579,37.875313],[-122.300597,37.87537],[-122.300261,37.875436]]]},"properties":{"id":"w821730422","b":"yes","lv":null,"n":null}},
{"type":"Feature","geometry":{"type":"Polygon","coordinates":[[[-122.294021,37.878441],[-122.29403,37.878467],[-122.293848,37.878503],[-122.293828,37.878442],[-122.293877,37.878432],[-122.293875,37.878424],[-122.294029,37.878394],[-122.294043,37.878437],[-122.294021,37.878441]]]},"properties":{"id":"w821730424","b":"yes","lv":null,"n":null}},
{"type":"Feature","geometry":{"type":"Polygon","coordinates":[[[-122.298444,37.876701],[-122.298447,37.876712],[-122.298363,37.876729],[-122.298325,37.876611],[-122.298309,37.876615],[-122.298292,37.876561],[-122.298378,37.876543],[-122.298386,37.876567],[-122.2984,37.876565],[-122.298442,37.876694],[-122.298454,37.876692],[-122.298456,37.876698],[-122.298444,37.876701]]]},"properties":{"id":"w821730427","b":"house","lv":null,"n":null}},
{"type":"Feature","geometry":{"type":"Polygon","coordinates":[[[-122.298481,37.876708],[-122.298432,37.876552],[-122.298447,37.876549],[-122.298441,37.876529],[-122.298529,37.876512],[-122.298543,37.876555],[-122.29854,37.876556],[-122.298543,37.876566],[-122.298527,37.876569],[-122.298565,37.876692],[-122.298481,37.876708]]]},"properties":{"id":"w821730428","b":"yes","lv":null,"n":null}},
{"type":"Feature","geometry":{"type":"Polygon","coordinates":[[[-122.298654,37.876672],[-122.298617,37.876553],[-122.298599,37.876557],[-122.298582,37.876503],[-122.298666,37.876486],[-122.298672,37.876505],[-122.298688,37.876502],[-122.298736,37.876656],[-122.298654,37.876672]]]},"properties":{"id":"w821730429","b":"yes","lv":null,"n":null}},
{"type":"Feature","geometry":{"type":"Polygon","coordinates":[[[-122.298839,37.876634],[-122.298791,37.876492],[-122.298874,37.876475],[-122.298922,37.876617],[-122.298839,37.876634]]]},"properties":{"id":"w821730430","b":"yes","lv":null,"n":null}},
{"type":"Feature","geometry":{"type":"Polygon","coordinates":[[[-122.298963,37.876622],[-122.298931,37.876519],[-122.298959,37.876514],[-122.29895,37.876485],[-122.299021,37.876472],[-122.299059,37.876592],[-122.299015,37.876601],[-122.299018,37.876612],[-122.298963,37.876622]]]},"properties":{"id":"w821730431","b":"yes","lv":null,"n":null}},
{"type":"Feature","geometry":{"type":"Polygon","coordinates":[[[-122.299195,37.876548],[-122.299199,37.876563],[-122.299109,37.87658],[-122.299093,37.876527],[-122.299073,37.87653],[-122.299052,37.876462],[-122.299072,37.876458],[-122.299064,37.876432],[-122.299123,37.876421],[-122.299131,37.876447],[-122.299168,37.876441],[-122.2992,37.876546],[-122.299195,37.876548]]]},"properties":{"id":"w821730432","b":"yes","lv":null,"n":null}},
{"type":"Feature","geometry":{"type":"Polygon","coordinates":[[[-122.2981,37.875975],[-122.298085,37.875931],[-122.298106,37.875926],[-122.298062,37.875798],[-122.298143,37.87578],[-122.298202,37.875953],[-122.2981,37.875975]]]},"properties":{"id":"w821730434","b":"yes","lv":null,"n":null}},
{"type":"Feature","geometry":{"type":"Polygon","coordinates":[[[-122.298249,37.875944],[-122.298243,37.875922],[-122.298226,37.875926],[-122.298177,37.87577],[-122.298266,37.875752],[-122.298305,37.875877],[-122.298319,37.875874],[-122.298321,37.875881],[-122.298324,37.875881],[-122.298339,37.875926],[-122.298249,37.875944]]]},"properties":{"id":"w821730435","b":"yes","lv":null,"n":null}},
{"type":"Feature","geometry":{"type":"Polygon","coordinates":[[[-122.298546,37.875847],[-122.298501,37.875708],[-122.298598,37.875689],[-122.298643,37.875827],[-122.298546,37.875847]]]},"properties":{"id":"w821730436","b":"yes","lv":null,"n":null}},
{"type":"Feature","geometry":{"type":"Polygon","coordinates":[[[-122.298468,37.875875],[-122.298475,37.875897],[-122.298428,37.875906],[-122.298428,37.875905],[-122.298389,37.875913],[-122.298373,37.875861],[-122.29839,37.875858],[-122.298351,37.875734],[-122.298434,37.875718],[-122.298482,37.875872],[-122.298468,37.875875]]]},"properties":{"id":"w821730438","b":"yes","lv":null,"n":null}},
{"type":"Feature","geometry":{"type":"Polygon","coordinates":[[[-122.298685,37.87577],[-122.298655,37.87568],[-122.298696,37.875671],[-122.298699,37.875681],[-122.298723,37.875676],[-122.298719,37.875664],[-122.298748,37.875658],[-122.298778,37.87575],[-122.298685,37.87577]]]},"properties":{"id":"w821730441","b":"yes","lv":null,"n":null}},
{"type":"Feature","geometry":{"type":"Polygon","coordinates":[[[-122.298993,37.875826],[-122.298891,37.875845],[-122.29887,37.875772],[-122.298971,37.875753],[-122.298993,37.875826]]]},"properties":{"id":"w821730442","b":"yes","lv":null,"n":null}},
{"type":"Feature","geometry":{"type":"Polygon","coordinates":[[[-122.30096,37.875235],[-122.300943,37.875179],[-122.301066,37.875155],[-122.301083,37.87521],[-122.30096,37.875235]]]},"properties":{"id":"w821730443","b":"yes","lv":null,"n":null}},
{"type":"Feature","geometry":{"type":"Polygon","coordinates":[[[-122.301003,37.875368],[-122.300986,37.875313],[-122.301109,37.875289],[-122.301126,37.875344],[-122.301003,37.875368]]]},"properties":{"id":"w821730444","b":"yes","lv":null,"n":null}},
{"type":"Feature","geometry":{"type":"Polygon","coordinates":[[[-122.298852,37.875758],[-122.298846,37.875738],[-122.298837,37.87574],[-122.29881,37.875659],[-122.298815,37.875659],[-122.298811,37.875647],[-122.298901,37.875628],[-122.298931,37.87572],[-122.298926,37.875721],[-122.298932,37.875741],[-122.298852,37.875758]]]},"properties":{"id":"w821730445","b":"yes","lv":null,"n":null}},
{"type":"Feature","geometry":{"type":"Polygon","coordinates":[[[-122.300981,37.875301],[-122.300964,37.875246],[-122.301087,37.875221],[-122.301105,37.875276],[-122.300981,37.875301]]]},"properties":{"id":"w821730446","b":"yes","lv":null,"n":null}},
{"type":"Feature","geometry":{"type":"Polygon","coordinates":[[[-122.301024,37.875434],[-122.301007,37.875379],[-122.30113,37.875355],[-122.301148,37.87541],[-122.301024,37.875434]]]},"properties":{"id":"w821730447","b":"yes","lv":null,"n":null}},
{"type":"Feature","geometry":{"type":"Polygon","coordinates":[[[-122.293035,37.878668],[-122.293008,37.87859],[-122.293071,37.878576],[-122.293069,37.878571],[-122.293184,37.878546],[-122.293213,37.87863],[-122.293035,37.878668]]]},"properties":{"id":"w821730450","b":"yes","lv":null,"n":null}},
{"type":"Feature","geometry":{"type":"Polygon","coordinates":[[[-122.3011,37.876111],[-122.301074,37.876032],[-122.301141,37.876018],[-122.301167,37.876097],[-122.3011,37.876111]]]},"properties":{"id":"w821730451","b":"yes","lv":null,"n":null}},
{"type":"Feature","geometry":{"type":"Polygon","coordinates":[[[-122.301077,37.876208],[-122.301008,37.876223],[-122.300952,37.876052],[-122.301022,37.876038],[-122.301077,37.876208]]]},"properties":{"id":"w821730453","b":"yes","lv":null,"n":null}},
{"type":"Feature","geometry":{"type":"Polygon","coordinates":[[[-122.301197,37.876188],[-122.301128,37.8762],[-122.301106,37.876121],[-122.301175,37.876109],[-122.301197,37.876188]]]},"properties":{"id":"w821730456","b":"yes","lv":null,"n":null}},
{"type":"Feature","geometry":{"type":"Polygon","coordinates":[[[-122.292782,37.87822],[-122.292784,37.878227],[-122.292709,37.878242],[-122.292698,37.878209],[-122.292754,37.878197],[-122.292749,37.878183],[-122.292836,37.878165],[-122.292849,37.878206],[-122.292782,37.87822]]]},"properties":{"id":"w821730458","b":"yes","lv":null,"n":null}},
{"type":"Feature","geometry":{"type":"Polygon","coordinates":[[[-122.29321,37.876844],[-122.293168,37.876852],[-122.293151,37.876801],[-122.293194,37.876792],[-122.29321,37.876844]]]},"properties":{"id":"w821730459","b":"yes","lv":null,"n":null}},
{"type":"Feature","geometry":{"type":"Polygon","coordinates":[[[-122.292456,37.878252],[-122.292446,37.878217],[-122.292431,37.878219],[-122.292425,37.878197],[-122.292442,37.878194],[-122.292432,37.87816],[-122.292514,37.878144],[-122.292517,37.878156],[-122.292589,37.878142],[-122.292604,37.878191],[-122.292611,37.87819],[-122.292621,37.878221],[-122.292456,37.878252]]]},"properties":{"id":"w821730460","b":"yes","lv":null,"n":null}},
{"type":"Feature","geometry":{"type":"Polygon","coordinates":[[[-122.292507,37.878322],[-122.292497,37.87829],[-122.292567,37.878277],[-122.292576,37.87831],[-122.292507,37.878322]]]},"properties":{"id":"w821730461","b":"yes","lv":null,"n":null}},
{"type":"Feature","geometry":{"type":"Polygon","coordinates":[[[-122.29266,37.878385],[-122.292661,37.878391],[-122.292532,37.878417],[-122.292513,37.878358],[-122.292683,37.878324],[-122.292699,37.878377],[-122.29266,37.878385]]]},"properties":{"id":"w821730462","b":"yes","lv":null,"n":null}},
{"type":"Feature","geometry":{"type":"Polygon","coordinates":[[[-122.292654,37.878457],[-122.292657,37.878466],[-122.292532,37.87849],[-122.292517,37.878442],[-122.292556,37.878434],[-122.292554,37.878426],[-122.292585,37.87842],[-122.292584,37.878417],[-122.292667,37.878401],[-122.292672,37.8784],[-122.292701,37.878394],[-122.292717,37.878444],[-122.292654,37.878457]]]},"properties":{"id":"w821730463","b":"yes","lv":null,"n":null}},
{"type":"Feature","geometry":{"type":"Polygon","coordinates":[[[-122.292649,37.878535],[-122.292647,37.878527],[-122.292635,37.87853],[-122.292638,37.878539],[-122.292566,37.878553],[-122.292549,37.878496],[-122.29268,37.878471],[-122.292697,37.878525],[-122.292649,37.878535]]]},"properties":{"id":"w821730464","b":"yes","lv":null,"n":null}},
{"type":"Feature","geometry":{"type":"Polygon","coordinates":[[[-122.292669,37.87856],[-122.29267,37.878563],[-122.292606,37.878576],[-122.292597,37.878549],[-122.292701,37.878527],[-122.292709,37.878552],[-122.292669,37.87856]]]},"properties":{"id":"w821730465","b":"yes","lv":null,"n":null}},
{"type":"Feature","geometry":{"type":"Polygon","coordinates":[[[-122.292648,37.878639],[-122.292651,37.878648],[-122.292597,37.878659],[-122.292575,37.878588],[-122.292676,37.878568],[-122.292675,37.878564],[-122.292749,37.87855],[-122.292769,37.878616],[-122.292648,37.878639]]]},"properties":{"id":"w821730466","b":"yes","lv":null,"n":null}},
{"type":"Feature","geometry":{"type":"Polygon","coordinates":[[[-122.292788,37.878708],[-122.292789,37.878711],[-122.2927,37.878729],[-122.292703,37.878739],[-122.292615,37.878756],[-122.292596,37.878695],[-122.292684,37.878678],[-122.292687,37.878687],[-122.292739,37.878677],[-122.292728,37.878644],[-122.292812,37.878628],[-122.292834,37.8787],[-122.292788,37.878708]]]},"properties":{"id":"w821730467","b":"yes","lv":null,"n":null}},
{"type":"Feature","geometry":{"type":"Polygon","coordinates":[[[-122.292814,37.878841],[-122.292816,37.878845],[-122.292797,37.878849],[-122.292796,37.878843],[-122.292732,37.878856],[-122.292734,37.878861],[-122.292715,37.878865],[-122.292714,37.878862],[-122.292648,37.878875],[-122.292627,37.878808],[-122.292712,37.878791],[-122.292713,37.878792],[-122.29275,37.878785],[-122.292749,37.87878],[-122.292853,37.878759],[-122.292875,37.878829],[-122.292814,37.878841]]]},"properties":{"id":"w821730468","b":"yes","lv":null,"n":null}},
{"type":"Feature","geometry":{"type":"Polygon","coordinates":[[[-122.292802,37.87898],[-122.292799,37.878969],[-122.292759,37.878977],[-122.292762,37.878987],[-122.292706,37.878999],[-122.292698,37.878976],[-122.292684,37.878979],[-122.292666,37.878924],[-122.29268,37.878921],[-122.292673,37.878898],[-122.292829,37.878866],[-122.292862,37.878968],[-122.292802,37.87898]]]},"properties":{"id":"w821730469","b":"yes","lv":null,"n":null}},
{"type":"Feature","geometry":{"type":"Polygon","coordinates":[[[-122.292846,37.879052],[-122.292851,37.879066],[-122.292716,37.879092],[-122.292696,37.879028],[-122.292832,37.879002],[-122.292834,37.879011],[-122.29285,37.879008],[-122.292863,37.879049],[-122.292846,37.879052]]]},"properties":{"id":"w821730470","b":"yes","lv":null,"n":null}},
{"type":"Feature","geometry":{"type":"Polygon","coordinates":[[[-122.293049,37.879103],[-122.293005,37.878963],[-122.293061,37.878952],[-122.293087,37.879036],[-122.293077,37.879037],[-122.293087,37.879072],[-122.293153,37.87906],[-122.293161,37.879088],[-122.293091,37.879101],[-122.293089,37.879095],[-122.293049,37.879103]]]},"properties":{"id":"w821730471","b":"yes","lv":null,"n":null}},
{"type":"Feature","geometry":{"type":"Polygon","coordinates":[[[-122.293181,37.879063],[-122.293155,37.878981],[-122.2933,37.878952],[-122.293326,37.879034],[-122.293181,37.879063]]]},"properties":{"id":"w821730472","b":"yes","lv":null,"n":null}},
{"type":"Feature","geometry":{"type":"Polygon","coordinates":[[[-122.2932,37.878891],[-122.293207,37.878912],[-122.293097,37.878933],[-122.293068,37.878839],[-122.293246,37.878805],[-122.293255,37.878834],[-122.293263,37.878833],[-122.293276,37.878876],[-122.2932,37.878891]]]},"properties":{"id":"w821730474","b":"yes","lv":null,"n":null}},
{"type":"Feature","geometry":{"type":"Polygon","coordinates":[[[-122.293122,37.878788],[-122.29312,37.87878],[-122.293098,37.878785],[-122.293075,37.878713],[-122.293207,37.878687],[-122.29322,37.87873],[-122.293195,37.878735],[-122.293206,37.878771],[-122.293122,37.878788]]]},"properties":{"id":"w821730475","b":"yes","lv":null,"n":null}},
{"type":"Feature","geometry":{"type":"Polygon","coordinates":[[[-122.29303,37.87852],[-122.293035,37.878533],[-122.292995,37.87854],[-122.292985,37.878509],[-122.292945,37.878516],[-122.292941,37.878502],[-122.29293,37.878469],[-122.293,37.878455],[-122.293001,37.878458],[-122.293109,37.878438],[-122.293114,37.878452],[-122.293143,37.878446],[-122.293158,37.878495],[-122.29303,37.87852]]]},"properties":{"id":"w821730476","b":"yes","lv":null,"n":null}},
{"type":"Feature","geometry":{"type":"Polygon","coordinates":[[[-122.2932,37.877115],[-122.293187,37.877118],[-122.293189,37.877124],[-122.293165,37.877129],[-122.293163,37.877122],[-122.293099,37.877135],[-122.293089,37.877104],[-122.29319,37.877084],[-122.2932,37.877115]]]},"properties":{"id":"w821730477","b":"yes","lv":null,"n":null}},
{"type":"Feature","geometry":{"type":"Polygon","coordinates":[[[-122.292955,37.878437],[-122.292937,37.87838],[-122.292967,37.878374],[-122.292962,37.878358],[-122.293109,37.878329],[-122.293132,37.878402],[-122.292955,37.878437]]]},"properties":{"id":"w821730478","b":"yes","lv":null,"n":null}},
{"type":"Feature","geometry":{"type":"Polygon","coordinates":[[[-122.293077,37.878307],[-122.293078,37.878312],[-122.29307,37.878313],[-122.293068,37.878309],[-122.292958,37.878331],[-122.292948,37.8783],[-122.292935,37.878303],[-122.292928,37.878281],[-122.292941,37.878278],[-122.292937,37.878266],[-122.293076,37.878238],[-122.293086,37.878269],[-122.293082,37.87827],[-122.293088,37.878291],[-122.293093,37.87829],[-122.293097,37.878303],[-122.293077,37.878307]]]},"properties":{"id":"w821730479","b":"yes","lv":null,"n":null}},
{"type":"Feature","geometry":{"type":"Polygon","coordinates":[[[-122.299284,37.875877],[-122.299263,37.875804],[-122.299369,37.875785],[-122.299389,37.875858],[-122.299284,37.875877]]]},"properties":{"id":"w821730480","b":"yes","lv":null,"n":null}},
{"type":"Feature","geometry":{"type":"Polygon","coordinates":[[[-122.293055,37.878208],[-122.293056,37.878213],[-122.29304,37.878216],[-122.293039,37.878211],[-122.292928,37.878233],[-122.292908,37.87817],[-122.293037,37.878145],[-122.293041,37.878161],[-122.293048,37.878159],[-122.293063,37.878207],[-122.293055,37.878208]]]},"properties":{"id":"w821730481","b":"yes","lv":null,"n":null}},
{"type":"Feature","geometry":{"type":"Polygon","coordinates":[[[-122.292836,37.878151],[-122.292823,37.87811],[-122.292812,37.878113],[-122.292805,37.87809],[-122.292817,37.878088],[-122.292813,37.878079],[-122.292877,37.878066],[-122.29288,37.878075],[-122.292969,37.878057],[-122.292972,37.878068],[-122.29301,37.87806],[-122.293013,37.878069],[-122.293018,37.878068],[-122.293032,37.878111],[-122.292836,37.878151]]]},"properties":{"id":"w821730482","b":"yes","lv":null,"n":null}},
{"type":"Feature","geometry":{"type":"Polygon","coordinates":[[[-122.299224,37.875796],[-122.299201,37.875721],[-122.29919,37.875723],[-122.299181,37.875694],[-122.299286,37.875674],[-122.299318,37.875778],[-122.299224,37.875796]]]},"properties":{"id":"w821730483","b":"yes","lv":null,"n":null}},
{"type":"Feature","geometry":{"type":"Polygon","coordinates":[[[-122.294177,37.878833],[-122.294187,37.878867],[-122.294084,37.878887],[-122.294086,37.878894],[-122.294032,37.878904],[-122.294002,37.878807],[-122.294112,37.878786],[-122.294113,37.878787],[-122.294138,37.878782],[-122.29414,37.87879],[-122.29418,37.878782],[-122.294195,37.87883],[-122.294177,37.878833]]]},"properties":{"id":"w821730485","b":"yes","lv":null,"n":null}},
{"type":"Feature","geometry":{"type":"Polygon","coordinates":[[[-122.293898,37.878936],[-122.293863,37.878829],[-122.293983,37.878805],[-122.294017,37.878912],[-122.293898,37.878936]]]},"properties":{"id":"w821730486","b":"yes","lv":null,"n":null}},
{"type":"Feature","geometry":{"type":"Polygon","coordinates":[[[-122.299209,37.87563],[-122.299212,37.875639],[-122.2992,37.875642],[-122.299196,37.875632],[-122.299183,37.875634],[-122.299165,37.875578],[-122.299182,37.875574],[-122.299179,37.875565],[-122.299208,37.875559],[-122.299207,37.875554],[-122.299239,37.875548],[-122.29924,37.875551],[-122.299288,37.875541],[-122.29931,37.87561],[-122.299209,37.87563]]]},"properties":{"id":"w821730487","b":"yes","lv":null,"n":null}},
{"type":"Feature","geometry":{"type":"Polygon","coordinates":[[[-122.299336,37.875591],[-122.299318,37.875536],[-122.299357,37.875528],[-122.299374,37.875583],[-122.299336,37.875591]]]},"properties":{"id":"w821730489","b":"yes","lv":null,"n":null}},
{"type":"Feature","geometry":{"type":"Polygon","coordinates":[[[-122.293968,37.878725],[-122.293944,37.878648],[-122.293997,37.878637],[-122.293994,37.878628],[-122.294017,37.878623],[-122.294019,37.878627],[-122.294075,37.878616],[-122.294076,37.878621],[-122.294114,37.878614],[-122.294138,37.878691],[-122.293968,37.878725]]]},"properties":{"id":"w821730490","b":"yes","lv":null,"n":null}},
{"type":"Feature","geometry":{"type":"Polygon","coordinates":[[[-122.299439,37.875916],[-122.299447,37.875941],[-122.29943,37.875944],[-122.299433,37.875953],[-122.299323,37.875973],[-122.299318,37.875957],[-122.2993,37.87596],[-122.299282,37.875901],[-122.299299,37.875897],[-122.299298,37.875893],[-122.299479,37.875859],[-122.299493,37.875906],[-122.299439,37.875916]]]},"properties":{"id":"w821730494","b":"yes","lv":null,"n":null}},
{"type":"Feature","geometry":{"type":"Polygon","coordinates":[[[-122.293989,37.878613],[-122.293972,37.878574],[-122.293962,37.878533],[-122.294068,37.878511],[-122.294088,37.87855],[-122.294094,37.878591],[-122.293989,37.878613]]]},"properties":{"id":"w821730496","b":"yes","lv":null,"n":null}},
{"type":"Feature","geometry":{"type":"Polygon","coordinates":[[[-122.299551,37.876039],[-122.299547,37.876027],[-122.299537,37.876029],[-122.299527,37.875998],[-122.299464,37.87601],[-122.299475,37.876044],[-122.299353,37.876069],[-122.299347,37.876052],[-122.29933,37.876056],[-122.299311,37.875998],[-122.299552,37.875949],[-122.299554,37.875955],[-122.299617,37.875943],[-122.299642,37.876021],[-122.299551,37.876039]]]},"properties":{"id":"w821730497","b":"yes","lv":null,"n":null}},
{"type":"Feature","geometry":{"type":"Polygon","coordinates":[[[-122.293994,37.878351],[-122.294003,37.878377],[-122.29387,37.878403],[-122.293848,37.878336],[-122.294003,37.878306],[-122.294016,37.878347],[-122.293994,37.878351]]]},"properties":{"id":"w821730498","b":"yes","lv":null,"n":null}},
{"type":"Feature","geometry":{"type":"Polygon","coordinates":[[[-122.293838,37.878315],[-122.293817,37.878248],[-122.293949,37.878222],[-122.293956,37.878245],[-122.293977,37.878241],[-122.293991,37.878285],[-122.293838,37.878315]]]},"properties":{"id":"w821730500","b":"yes","lv":null,"n":null}},
{"type":"Feature","geometry":{"type":"Polygon","coordinates":[[[-122.293946,37.878189],[-122.29395,37.878201],[-122.293809,37.87823],[-122.293805,37.878218],[-122.293786,37.878222],[-122.293768,37.878169],[-122.293928,37.878135],[-122.29393,37.878142],[-122.293986,37.87813],[-122.294002,37.878177],[-122.293946,37.878189]]]},"properties":{"id":"w821730502","b":"yes","lv":null,"n":null}},
{"type":"Feature","geometry":{"type":"Polygon","coordinates":[[[-122.299538,37.876241],[-122.29954,37.876245],[-122.299412,37.876271],[-122.299389,37.876199],[-122.299621,37.876153],[-122.299643,37.87622],[-122.299538,37.876241]]]},"properties":{"id":"w821730503","b":"yes","lv":null,"n":null}},
{"type":"Feature","geometry":{"type":"Polygon","coordinates":[[[-122.290338,37.877614],[-122.290349,37.877586],[-122.290387,37.877595],[-122.290376,37.877623],[-122.290338,37.877614]]]},"properties":{"id":"w821730504","b":"yes","lv":null,"n":null}},
{"type":"Feature","geometry":{"type":"Polygon","coordinates":[[[-122.293915,37.878079],[-122.293916,37.878084],[-122.293772,37.878112],[-122.293765,37.878089],[-122.293778,37.878087],[-122.293761,37.878034],[-122.293803,37.878025],[-122.293804,37.878028],[-122.293865,37.878016],[-122.293868,37.878025],[-122.293948,37.878009],[-122.293967,37.878069],[-122.293915,37.878079]]]},"properties":{"id":"w821730506","b":"yes","lv":null,"n":null}},
{"type":"Feature","geometry":{"type":"Polygon","coordinates":[[[-122.293762,37.87896],[-122.293756,37.878943],[-122.293659,37.878962],[-122.293656,37.878953],[-122.293598,37.878964],[-122.293591,37.878943],[-122.293563,37.878948],[-122.293546,37.878894],[-122.293601,37.878883],[-122.293604,37.878892],[-122.293685,37.878876],[-122.293682,37.878866],[-122.293727,37.878857],[-122.293724,37.878848],[-122.293764,37.87884],[-122.2938,37.878952],[-122.293762,37.87896]]]},"properties":{"id":"w821730507","b":"yes","lv":null,"n":null}},
{"type":"Feature","geometry":{"type":"Polygon","coordinates":[[[-122.299493,37.876494],[-122.299474,37.876431],[-122.299446,37.876437],[-122.299439,37.876414],[-122.299456,37.876411],[-122.299438,37.876353],[-122.299454,37.876349],[-122.299448,37.876329],[-122.299473,37.876324],[-122.299471,37.876318],[-122.299501,37.876312],[-122.299509,37.876338],[-122.299524,37.876335],[-122.299532,37.87636],[-122.299537,37.876359],[-122.299574,37.876478],[-122.299555,37.876481],[-122.299557,37.876489],[-122.29952,37.876496],[-122.299518,37.876489],[-122.299493,37.876494]]]},"properties":{"id":"w821730508","b":"yes","lv":null,"n":null}},
{"type":"Feature","geometry":{"type":"Polygon","coordinates":[[[-122.299608,37.876489],[-122.299565,37.876359],[-122.299582,37.876356],[-122.299572,37.876326],[-122.299618,37.876317],[-122.299628,37.876346],[-122.299645,37.876342],[-122.299688,37.876472],[-122.299608,37.876489]]]},"properties":{"id":"w821730509","b":"yes","lv":null,"n":null}},
{"type":"Feature","geometry":{"type":"Polygon","coordinates":[[[-122.290266,37.877602],[-122.290282,37.877562],[-122.290352,37.877579],[-122.290349,37.877586],[-122.290338,37.877614],[-122.290336,37.87762],[-122.290266,37.877602]]]},"properties":{"id":"w821730510","b":"yes","lv":null,"n":null}},
{"type":"Feature","geometry":{"type":"Polygon","coordinates":[[[-122.293687,37.878816],[-122.293672,37.878769],[-122.293518,37.878799],[-122.293498,37.878734],[-122.293566,37.878721],[-122.293564,37.878714],[-122.293577,37.878711],[-122.293579,37.878718],[-122.29362,37.87871],[-122.293619,37.878707],[-122.293631,37.878704],[-122.293632,37.878707],[-122.293664,37.878701],[-122.293662,37.878695],[-122.293673,37.878693],[-122.293675,37.878699],[-122.293693,37.878696],[-122.293697,37.878707],[-122.293719,37.878703],[-122.293731,37.878741],[-122.293735,37.87874],[-122.293739,37.878751],[-122.293735,37.878751],[-122.293751,37.878804],[-122.293687,37.878816]]]},"properties":{"id":"w821730511","b":"yes","lv":null,"n":null}},
{"type":"Feature","geometry":{"type":"Polygon","coordinates":[[[-122.293577,37.878547],[-122.293582,37.878562],[-122.293537,37.878571],[-122.293478,37.878582],[-122.293471,37.878556],[-122.293451,37.878559],[-122.29344,37.878521],[-122.293628,37.878486],[-122.293643,37.878535],[-122.293577,37.878547]]]},"properties":{"id":"w821730512","b":"yes","lv":null,"n":null}},
{"type":"Feature","geometry":{"type":"Polygon","coordinates":[[[-122.299697,37.87633],[-122.299778,37.876315],[-122.299817,37.876444],[-122.299737,37.87646],[-122.299697,37.87633]]]},"properties":{"id":"w821730513","b":"yes","lv":null,"n":null}},
{"type":"Feature","geometry":{"type":"Polygon","coordinates":[[[-122.293555,37.878477],[-122.293561,37.878497],[-122.293456,37.878516],[-122.293447,37.878486],[-122.293429,37.87849],[-122.293419,37.878454],[-122.293543,37.878431],[-122.293544,37.878435],[-122.293576,37.878429],[-122.293588,37.87847],[-122.293555,37.878477]]]},"properties":{"id":"w821730514","b":"yes","lv":null,"n":null}},
{"type":"Feature","geometry":{"type":"Polygon","coordinates":[[[-122.299903,37.876419],[-122.299907,37.876431],[-122.29988,37.876436],[-122.299876,37.876424],[-122.299838,37.876432],[-122.299795,37.876295],[-122.299884,37.876278],[-122.299926,37.876414],[-122.299903,37.876419]]]},"properties":{"id":"w821730515","b":"yes","lv":null,"n":null}},
{"type":"Feature","geometry":{"type":"Polygon","coordinates":[[[-122.29997,37.876403],[-122.299936,37.876296],[-122.300027,37.876278],[-122.300061,37.876385],[-122.29997,37.876403]]]},"properties":{"id":"w821730516","b":"yes","lv":null,"n":null}},
{"type":"Feature","geometry":{"type":"Polygon","coordinates":[[[-122.293387,37.87838],[-122.293369,37.878322],[-122.293496,37.878297],[-122.293514,37.878355],[-122.293387,37.87838]]]},"properties":{"id":"w821730517","b":"yes","lv":null,"n":null}},
{"type":"Feature","geometry":{"type":"Polygon","coordinates":[[[-122.293363,37.878285],[-122.293351,37.878249],[-122.293339,37.878251],[-122.29333,37.878223],[-122.293425,37.878203],[-122.293421,37.878192],[-122.293451,37.878185],[-122.293455,37.878198],[-122.293535,37.878181],[-122.293557,37.878244],[-122.293363,37.878285]]]},"properties":{"id":"w821730518","b":"yes","lv":null,"n":null}},
{"type":"Feature","geometry":{"type":"Polygon","coordinates":[[[-122.300187,37.876324],[-122.300192,37.876337],[-122.300154,37.876345],[-122.30016,37.876362],[-122.300112,37.876372],[-122.300064,37.876226],[-122.300156,37.876207],[-122.300194,37.876323],[-122.300187,37.876324]]]},"properties":{"id":"w821730519","b":"yes","lv":null,"n":null}},
{"type":"Feature","geometry":{"type":"Polygon","coordinates":[[[-122.293327,37.87819],[-122.293318,37.878159],[-122.293301,37.878163],[-122.293291,37.878131],[-122.293309,37.878128],[-122.293308,37.878125],[-122.293474,37.878093],[-122.293494,37.878158],[-122.293327,37.87819]]]},"properties":{"id":"w821730521","b":"yes","lv":null,"n":null}},
{"type":"Feature","geometry":{"type":"Polygon","coordinates":[[[-122.293277,37.878126],[-122.293261,37.878073],[-122.293332,37.878059],[-122.293349,37.878112],[-122.293277,37.878126]]]},"properties":{"id":"w821730522","b":"yes","lv":null,"n":null}},
{"type":"Feature","geometry":{"type":"Polygon","coordinates":[[[-122.293303,37.878044],[-122.293295,37.87802],[-122.293315,37.878016],[-122.293297,37.877965],[-122.293436,37.877936],[-122.293462,37.878011],[-122.293303,37.878044]]]},"properties":{"id":"w821730524","b":"yes","lv":null,"n":null}},
{"type":"Feature","geometry":{"type":"Polygon","coordinates":[[[-122.300076,37.876095],[-122.300082,37.876113],[-122.300067,37.876116],[-122.300072,37.876134],[-122.299852,37.876178],[-122.29983,37.876106],[-122.30009,37.876055],[-122.300101,37.87609],[-122.300076,37.876095]]]},"properties":{"id":"w821730525","b":"yes","lv":null,"n":null}},
{"type":"Feature","geometry":{"type":"Polygon","coordinates":[[[-122.299796,37.876014],[-122.299936,37.875985],[-122.299932,37.875973],[-122.299984,37.875962],[-122.299988,37.875974],[-122.300052,37.87596],[-122.300076,37.876032],[-122.299845,37.87608],[-122.299837,37.876056],[-122.299812,37.876061],[-122.299796,37.876014]]]},"properties":{"id":"w821730526","b":"yes","lv":null,"n":null}},
{"type":"Feature","geometry":{"type":"Polygon","coordinates":[[[-122.293515,37.878074],[-122.293487,37.877985],[-122.293518,37.877979],[-122.293522,37.877993],[-122.29359,37.877979],[-122.293614,37.878054],[-122.293515,37.878074]]]},"properties":{"id":"w821730527","b":"yes","lv":null,"n":null}},
{"type":"Feature","geometry":{"type":"Polygon","coordinates":[[[-122.293615,37.878057],[-122.293614,37.878054],[-122.29359,37.877979],[-122.293589,37.877976],[-122.293692,37.877955],[-122.293707,37.878002],[-122.293699,37.878004],[-122.29371,37.878038],[-122.293615,37.878057]]]},"properties":{"id":"w821730528","b":"yes","lv":null,"n":null}},
{"type":"Feature","geometry":{"type":"Polygon","coordinates":[[[-122.293761,37.877964],[-122.293769,37.877962],[-122.293766,37.877951],[-122.293751,37.877954],[-122.293727,37.877879],[-122.293895,37.877846],[-122.293935,37.877968],[-122.293919,37.877971],[-122.293921,37.877979],[-122.293874,37.877988],[-122.293872,37.87798],[-122.293848,37.877985],[-122.293833,37.877938],[-122.293818,37.877941],[-122.293841,37.878012],[-122.29378,37.878024],[-122.293761,37.877964]]]},"properties":{"id":"w821730530","b":"yes","lv":null,"n":null}},
{"type":"Feature","geometry":{"type":"Polygon","coordinates":[[[-122.300014,37.8759],[-122.300021,37.875921],[-122.300009,37.875923],[-122.300014,37.875939],[-122.299809,37.875983],[-122.299785,37.875911],[-122.300021,37.875861],[-122.300033,37.875896],[-122.300014,37.8759]]]},"properties":{"id":"w821730531","b":"yes","lv":null,"n":null}},
{"type":"Feature","geometry":{"type":"Polygon","coordinates":[[[-122.289843,37.880818],[-122.289857,37.880781],[-122.290001,37.880814],[-122.28999,37.880844],[-122.290094,37.880867],[-122.290067,37.88094],[-122.290076,37.880942],[-122.290035,37.881053],[-122.289934,37.88103],[-122.289971,37.880929],[-122.289889,37.88091],[-122.289843,37.880818]]]},"properties":{"id":"w821730532","b":"semidetached_house","lv":"2","n":null}},
{"type":"Feature","geometry":{"type":"Polygon","coordinates":[[[-122.294303,37.877857],[-122.294311,37.877881],[-122.294247,37.877894],[-122.294237,37.877862],[-122.294264,37.877857],[-122.294241,37.877786],[-122.294296,37.877775],[-122.294309,37.877817],[-122.294315,37.877816],[-122.294327,37.877853],[-122.294303,37.877857]]]},"properties":{"id":"w821730533","b":"yes","lv":null,"n":null}},
{"type":"Feature","geometry":{"type":"Polygon","coordinates":[[[-122.299992,37.875806],[-122.299998,37.875826],[-122.299983,37.875829],[-122.299987,37.875839],[-122.299904,37.875856],[-122.299905,37.87586],[-122.299786,37.875884],[-122.299763,37.875809],[-122.300004,37.875763],[-122.300017,37.875801],[-122.299992,37.875806]]]},"properties":{"id":"w821730534","b":"yes","lv":null,"n":null}},
{"type":"Feature","geometry":{"type":"Polygon","coordinates":[[[-122.294456,37.877854],[-122.294452,37.877842],[-122.294425,37.877847],[-122.294431,37.877863],[-122.29436,37.877877],[-122.294326,37.877768],[-122.294397,37.877755],[-122.294408,37.87779],[-122.294438,37.877784],[-122.294441,37.877791],[-122.294507,37.877779],[-122.294526,37.877841],[-122.294456,37.877854]]]},"properties":{"id":"w821730535","b":"yes","lv":null,"n":null}},
{"type":"Feature","geometry":{"type":"Polygon","coordinates":[[[-122.299956,37.875711],[-122.299962,37.875728],[-122.299945,37.875732],[-122.299951,37.875748],[-122.299802,37.87578],[-122.299778,37.875708],[-122.299857,37.875691],[-122.299856,37.875688],[-122.299882,37.875682],[-122.299884,37.875686],[-122.299965,37.875668],[-122.299978,37.875706],[-122.299956,37.875711]]]},"properties":{"id":"w821730536","b":"yes","lv":null,"n":null}},
{"type":"Feature","geometry":{"type":"Polygon","coordinates":[[[-122.290004,37.878596],[-122.290032,37.878523],[-122.290119,37.878543],[-122.29009,37.878617],[-122.290004,37.878596]]]},"properties":{"id":"w821730538","b":"yes","lv":null,"n":null}},
{"type":"Feature","geometry":{"type":"Polygon","coordinates":[[[-122.293514,37.878709],[-122.293489,37.87863],[-122.293665,37.878597],[-122.293689,37.878675],[-122.293514,37.878709]]]},"properties":{"id":"w821730539","b":"yes","lv":null,"n":null}},
{"type":"Feature","geometry":{"type":"Polygon","coordinates":[[[-122.294151,37.877907],[-122.29416,37.877935],[-122.294113,37.877944],[-122.294104,37.877916],[-122.294096,37.877918],[-122.294065,37.877821],[-122.29414,37.877806],[-122.294171,37.877903],[-122.294151,37.877907]]]},"properties":{"id":"w821730540","b":"yes","lv":null,"n":null}},
{"type":"Feature","geometry":{"type":"Polygon","coordinates":[[[-122.299522,37.875538],[-122.299548,37.875623],[-122.299489,37.875634],[-122.299494,37.875651],[-122.299435,37.875662],[-122.299395,37.875529],[-122.299496,37.87551],[-122.299505,37.875541],[-122.299522,37.875538]]]},"properties":{"id":"w821730541","b":"yes","lv":null,"n":null}},
{"type":"Feature","geometry":{"type":"Polygon","coordinates":[[[-122.299592,37.875649],[-122.299543,37.875503],[-122.299589,37.875493],[-122.299593,37.875503],[-122.29961,37.875499],[-122.299617,37.875519],[-122.299644,37.875513],[-122.299683,37.87563],[-122.299592,37.875649]]]},"properties":{"id":"w821730542","b":"yes","lv":null,"n":null}},
{"type":"Feature","geometry":{"type":"Polygon","coordinates":[[[-122.28981,37.878779],[-122.289744,37.878764],[-122.289761,37.878721],[-122.289827,37.878736],[-122.28981,37.878779]]]},"properties":{"id":"w821730543","b":"yes","lv":null,"n":null}},
{"type":"Feature","geometry":{"type":"Polygon","coordinates":[[[-122.294179,37.878067],[-122.294166,37.878027],[-122.294175,37.878025],[-122.294161,37.877983],[-122.294316,37.877951],[-122.294325,37.877981],[-122.294297,37.877986],[-122.294314,37.878039],[-122.294179,37.878067]]]},"properties":{"id":"w821730544","b":"yes","lv":null,"n":null}},
{"type":"Feature","geometry":{"type":"Polygon","coordinates":[[[-122.289828,37.878555],[-122.289845,37.87851],[-122.2899,37.878523],[-122.289882,37.878568],[-122.289828,37.878555]]]},"properties":{"id":"w821730545","b":"yes","lv":null,"n":null}},
{"type":"Feature","geometry":{"type":"Polygon","coordinates":[[[-122.294346,37.878121],[-122.294355,37.87815],[-122.294227,37.878176],[-122.294203,37.878102],[-122.294332,37.878076],[-122.294337,37.87809],[-122.29437,37.878083],[-122.29438,37.878114],[-122.294346,37.878121]]]},"properties":{"id":"w821730546","b":"yes","lv":null,"n":null}},
{"type":"Feature","geometry":{"type":"Polygon","coordinates":[[[-122.299725,37.875617],[-122.299681,37.875476],[-122.299728,37.875466],[-122.299733,37.875482],[-122.29977,37.875475],[-122.299775,37.875489],[-122.29978,37.875488],[-122.299816,37.875599],[-122.299725,37.875617]]]},"properties":{"id":"w821730547","b":"yes","lv":null,"n":null}},
{"type":"Feature","geometry":{"type":"Polygon","coordinates":[[[-122.294248,37.878273],[-122.294236,37.878232],[-122.294244,37.87823],[-122.294234,37.878199],[-122.294365,37.878173],[-122.294367,37.87818],[-122.294399,37.878174],[-122.294422,37.878249],[-122.294384,37.878256],[-122.294381,37.878247],[-122.294248,37.878273]]]},"properties":{"id":"w821730548","b":"yes","lv":null,"n":null}},
{"type":"Feature","geometry":{"type":"Polygon","coordinates":[[[-122.299897,37.875585],[-122.299902,37.875599],[-122.299873,37.875604],[-122.299869,37.875591],[-122.29986,37.875593],[-122.299839,37.875527],[-122.299832,37.875529],[-122.299828,37.875516],[-122.299836,37.875515],[-122.299813,37.875442],[-122.299859,37.875433],[-122.299863,37.875446],[-122.29988,37.875442],[-122.299888,37.875466],[-122.299916,37.875461],[-122.299951,37.875575],[-122.299897,37.875585]]]},"properties":{"id":"w821730549","b":"yes","lv":null,"n":null}},
{"type":"Feature","geometry":{"type":"Polygon","coordinates":[[[-122.289898,37.878726],[-122.289833,37.878711],[-122.289845,37.87868],[-122.289909,37.878696],[-122.289898,37.878726]]]},"properties":{"id":"w821730550","b":"yes","lv":null,"n":null}},
{"type":"Feature","geometry":{"type":"Polygon","coordinates":[[[-122.289957,37.878708],[-122.290019,37.878722],[-122.290008,37.878751],[-122.289946,37.878736],[-122.289957,37.878708]]]},"properties":{"id":"w821730551","b":"yes","lv":null,"n":null}},
{"type":"Feature","geometry":{"type":"Polygon","coordinates":[[[-122.294271,37.878358],[-122.294251,37.878287],[-122.294452,37.878251],[-122.294472,37.878322],[-122.294271,37.878358]]]},"properties":{"id":"w821730552","b":"yes","lv":null,"n":null}},
{"type":"Feature","geometry":{"type":"Polygon","coordinates":[[[-122.290028,37.878717],[-122.289841,37.878672],[-122.289869,37.878599],[-122.290056,37.878644],[-122.290028,37.878717]]]},"properties":{"id":"w821730554","b":"yes","lv":null,"n":null}},
{"type":"Feature","geometry":{"type":"Polygon","coordinates":[[[-122.294331,37.878466],[-122.294319,37.878426],[-122.294398,37.878412],[-122.294392,37.878394],[-122.294385,37.878395],[-122.294382,37.878386],[-122.29441,37.87838],[-122.294412,37.878388],[-122.294481,37.878375],[-122.294487,37.878394],[-122.29452,37.878388],[-122.294532,37.878428],[-122.294331,37.878466]]]},"properties":{"id":"w821730556","b":"yes","lv":null,"n":null}},
{"type":"Feature","geometry":{"type":"Polygon","coordinates":[[[-122.294516,37.878537],[-122.294526,37.878567],[-122.294356,37.878603],[-122.294333,37.878537],[-122.294521,37.878498],[-122.294533,37.878533],[-122.294516,37.878537]]]},"properties":{"id":"w821730558","b":"yes","lv":null,"n":null}},
{"type":"Feature","geometry":{"type":"Polygon","coordinates":[[[-122.294533,37.878633],[-122.294539,37.87865],[-122.29443,37.878672],[-122.294427,37.878662],[-122.294385,37.878671],[-122.294371,37.878628],[-122.294532,37.878595],[-122.294544,37.878631],[-122.294533,37.878633]]]},"properties":{"id":"w821730559","b":"yes","lv":null,"n":null}},
{"type":"Feature","geometry":{"type":"Polygon","coordinates":[[[-122.294463,37.878793],[-122.29445,37.87875],[-122.294478,37.878745],[-122.294469,37.878716],[-122.29457,37.878697],[-122.294566,37.878687],[-122.294616,37.878677],[-122.294641,37.878758],[-122.294463,37.878793]]]},"properties":{"id":"w821730560","b":"yes","lv":null,"n":null}},
{"type":"Feature","geometry":{"type":"Polygon","coordinates":[[[-122.293465,37.878629],[-122.293452,37.878586],[-122.293478,37.878582],[-122.293537,37.878571],[-122.29355,37.878613],[-122.293465,37.878629]]]},"properties":{"id":"w821730561","b":"yes","lv":null,"n":null}},
{"type":"Feature","geometry":{"type":"Polygon","coordinates":[[[-122.294671,37.878752],[-122.294656,37.878702],[-122.294699,37.878694],[-122.294714,37.878744],[-122.294671,37.878752]]]},"properties":{"id":"w821730562","b":"yes","lv":null,"n":null}},
{"type":"Feature","geometry":{"type":"Polygon","coordinates":[[[-122.295008,37.878669],[-122.295012,37.878682],[-122.294843,37.878716],[-122.294816,37.878634],[-122.294987,37.8786],[-122.295,37.878642],[-122.295015,37.878639],[-122.295024,37.878666],[-122.295008,37.878669]]]},"properties":{"id":"w821730563","b":"yes","lv":null,"n":null}},
{"type":"Feature","geometry":{"type":"Polygon","coordinates":[[[-122.294756,37.878604],[-122.29477,37.878648],[-122.294761,37.878661],[-122.294711,37.878672],[-122.294655,37.878483],[-122.294767,37.87846],[-122.29481,37.878593],[-122.294756,37.878604]]]},"properties":{"id":"w821730564","b":"yes","lv":null,"n":null}},
{"type":"Feature","geometry":{"type":"Polygon","coordinates":[[[-122.294765,37.878453],[-122.294767,37.87846],[-122.294655,37.878483],[-122.294639,37.878486],[-122.294617,37.878419],[-122.294572,37.878429],[-122.294562,37.878396],[-122.294608,37.878386],[-122.294598,37.878356],[-122.294928,37.878288],[-122.294969,37.878411],[-122.294765,37.878453]]]},"properties":{"id":"w821730565","b":"yes","lv":null,"n":null}},
{"type":"Feature","geometry":{"type":"Polygon","coordinates":[[[-122.294554,37.87822],[-122.294542,37.878183],[-122.294522,37.878119],[-122.29451,37.878083],[-122.294491,37.878022],[-122.294607,37.877999],[-122.294736,37.877974],[-122.294823,37.877956],[-122.294886,37.878154],[-122.294554,37.87822]]]},"properties":{"id":"w821730566","b":"yes","lv":null,"n":null}},
{"type":"Feature","geometry":{"type":"Polygon","coordinates":[[[-122.294607,37.877999],[-122.294522,37.877733],[-122.294651,37.877708],[-122.294736,37.877974],[-122.294607,37.877999]]]},"properties":{"id":"w821730567","b":"yes","lv":null,"n":null}},
{"type":"Feature","geometry":{"type":"Polygon","coordinates":[[[-122.29342,37.87724],[-122.293415,37.877227],[-122.293411,37.877228],[-122.2934,37.877192],[-122.29334,37.877203],[-122.293326,37.877158],[-122.293392,37.877145],[-122.293394,37.877152],[-122.293451,37.877141],[-122.293457,37.87716],[-122.293614,37.87713],[-122.293636,37.877199],[-122.29342,37.87724]]]},"properties":{"id":"w821730568","b":"yes","lv":null,"n":null}},
{"type":"Feature","geometry":{"type":"Polygon","coordinates":[[[-122.293429,37.877127],[-122.293404,37.877056],[-122.293568,37.87702],[-122.293593,37.877092],[-122.293429,37.877127]]]},"properties":{"id":"w821730569","b":"yes","lv":null,"n":null}},
{"type":"Feature","geometry":{"type":"Polygon","coordinates":[[[-122.29405,37.87763],[-122.294031,37.877571],[-122.294145,37.877547],[-122.294137,37.877524],[-122.294312,37.877488],[-122.294339,37.877571],[-122.29405,37.87763]]]},"properties":{"id":"w821730572","b":"yes","lv":null,"n":null}},
{"type":"Feature","geometry":{"type":"Polygon","coordinates":[[[-122.293866,37.877099],[-122.29384,37.877019],[-122.293995,37.876987],[-122.293988,37.876965],[-122.294073,37.876948],[-122.29408,37.87697],[-122.294089,37.876969],[-122.294115,37.877049],[-122.293866,37.877099]]]},"properties":{"id":"w821730574","b":"yes","lv":null,"n":null}},
{"type":"Feature","geometry":{"type":"Polygon","coordinates":[[[-122.294125,37.877451],[-122.294128,37.87746],[-122.294071,37.87747],[-122.294076,37.877487],[-122.294038,37.877494],[-122.294033,37.877478],[-122.293991,37.877486],[-122.293967,37.877408],[-122.294123,37.877378],[-122.294144,37.877447],[-122.294125,37.877451]]]},"properties":{"id":"w821730575","b":"detached","lv":null,"n":null}},
{"type":"Feature","geometry":{"type":"Polygon","coordinates":[[[-122.293934,37.877138],[-122.293924,37.877107],[-122.294047,37.877083],[-122.294057,37.877113],[-122.293934,37.877138]]]},"properties":{"id":"w821730576","b":"yes","lv":null,"n":null}},
{"type":"Feature","geometry":{"type":"Polygon","coordinates":[[[-122.294144,37.877316],[-122.294147,37.877328],[-122.29395,37.877366],[-122.29393,37.877301],[-122.294085,37.87727],[-122.294079,37.87725],[-122.294141,37.877238],[-122.29415,37.877266],[-122.294154,37.877265],[-122.294157,37.877272],[-122.294153,37.877273],[-122.294164,37.877312],[-122.294144,37.877316]]]},"properties":{"id":"w821730577","b":"yes","lv":null,"n":null}},
{"type":"Feature","geometry":{"type":"Polygon","coordinates":[[[-122.300932,37.876254],[-122.300868,37.876267],[-122.300836,37.876167],[-122.300713,37.876191],[-122.300703,37.876158],[-122.300891,37.876122],[-122.300932,37.876254]]]},"properties":{"id":"w821730578","b":"yes","lv":null,"n":null}},
{"type":"Feature","geometry":{"type":"Polygon","coordinates":[[[-122.293907,37.87724],[-122.293894,37.877201],[-122.293918,37.877196],[-122.293907,37.877161],[-122.293936,37.877155],[-122.294065,37.87713],[-122.294089,37.877205],[-122.293907,37.87724]]]},"properties":{"id":"w821730579","b":"yes","lv":null,"n":null}},
{"type":"Feature","geometry":{"type":"Polygon","coordinates":[[[-122.293918,37.876719],[-122.293904,37.876673],[-122.293913,37.876671],[-122.293892,37.876606],[-122.293989,37.876587],[-122.294001,37.876628],[-122.294023,37.876623],[-122.294045,37.876695],[-122.293918,37.876719]]]},"properties":{"id":"w821730580","b":"yes","lv":null,"n":null}},
{"type":"Feature","geometry":{"type":"Polygon","coordinates":[[[-122.300539,37.87627],[-122.300515,37.876196],[-122.300686,37.876162],[-122.300713,37.876247],[-122.30063,37.876264],[-122.300626,37.876253],[-122.300539,37.87627]]]},"properties":{"id":"w821730581","b":"yes","lv":null,"n":null}},
{"type":"Feature","geometry":{"type":"Polygon","coordinates":[[[-122.293817,37.876945],[-122.293791,37.876866],[-122.294039,37.876815],[-122.294065,37.876895],[-122.293817,37.876945]]]},"properties":{"id":"w821730582","b":"yes","lv":null,"n":null}},
{"type":"Feature","geometry":{"type":"Polygon","coordinates":[[[-122.300515,37.876168],[-122.300505,37.876137],[-122.300495,37.876139],[-122.30048,37.876093],[-122.30059,37.876071],[-122.300615,37.876148],[-122.300515,37.876168]]]},"properties":{"id":"w821730583","b":"yes","lv":null,"n":null}},
{"type":"Feature","geometry":{"type":"Polygon","coordinates":[[[-122.294079,37.876735],[-122.294052,37.876654],[-122.294026,37.876575],[-122.294088,37.876562],[-122.294114,37.876641],[-122.294122,37.876639],[-122.294149,37.87672],[-122.294079,37.876735]]]},"properties":{"id":"w821730585","b":"yes","lv":null,"n":null}},
{"type":"Feature","geometry":{"type":"Polygon","coordinates":[[[-122.293755,37.876853],[-122.293746,37.876824],[-122.293764,37.87682],[-122.293754,37.876789],[-122.293903,37.876759],[-122.293912,37.876786],[-122.293918,37.876785],[-122.293928,37.876818],[-122.293755,37.876853]]]},"properties":{"id":"w821730586","b":"yes","lv":null,"n":null}},
{"type":"Feature","geometry":{"type":"Polygon","coordinates":[[[-122.300564,37.875986],[-122.300577,37.876028],[-122.300475,37.876049],[-122.300466,37.876022],[-122.300461,37.876023],[-122.300447,37.875981],[-122.300453,37.87598],[-122.300451,37.875973],[-122.300553,37.875953],[-122.300557,37.875965],[-122.300579,37.875961],[-122.300586,37.875982],[-122.300564,37.875986]]]},"properties":{"id":"w821730587","b":"yes","lv":null,"n":null}},
{"type":"Feature","geometry":{"type":"Polygon","coordinates":[[[-122.293789,37.876759],[-122.293792,37.876769],[-122.29374,37.87678],[-122.293696,37.876645],[-122.293794,37.876625],[-122.293834,37.87675],[-122.293789,37.876759]]]},"properties":{"id":"w821730588","b":"yes","lv":null,"n":null}},
{"type":"Feature","geometry":{"type":"Polygon","coordinates":[[[-122.300433,37.875952],[-122.300413,37.875888],[-122.300533,37.875864],[-122.300531,37.875858],[-122.300569,37.87585],[-122.300571,37.875857],[-122.300628,37.875846],[-122.300648,37.87591],[-122.300433,37.875952]]]},"properties":{"id":"w821730589","b":"yes","lv":null,"n":null}},
{"type":"Feature","geometry":{"type":"Polygon","coordinates":[[[-122.292166,37.878572],[-122.292176,37.878603],[-122.292168,37.878604],[-122.292173,37.87862],[-122.292167,37.878621],[-122.292175,37.878648],[-122.292169,37.878649],[-122.292183,37.878694],[-122.29208,37.878714],[-122.292069,37.878678],[-122.292082,37.878675],[-122.292079,37.878663],[-122.292097,37.87866],[-122.29209,37.878637],[-122.2921,37.878635],[-122.292094,37.878615],[-122.29212,37.87861],[-122.292112,37.878582],[-122.292119,37.878571],[-122.292151,37.878566],[-122.292166,37.878572]]]},"properties":{"id":"w821730590","b":"yes","lv":null,"n":null}},
{"type":"Feature","geometry":{"type":"Polygon","coordinates":[[[-122.300658,37.87569],[-122.300671,37.87573],[-122.300508,37.875764],[-122.300467,37.875772],[-122.300489,37.875838],[-122.300395,37.875857],[-122.300374,37.87579],[-122.300373,37.87579],[-122.30033,37.875657],[-122.300555,37.875611],[-122.300559,37.875622],[-122.300632,37.875607],[-122.300642,37.875641],[-122.300665,37.875636],[-122.300681,37.875686],[-122.300658,37.87569]]]},"properties":{"id":"w821730592","b":"yes","lv":null,"n":null}},
{"type":"Feature","geometry":{"type":"Polygon","coordinates":[[[-122.293227,37.876848],[-122.293195,37.876747],[-122.293263,37.876733],[-122.293267,37.876748],[-122.293306,37.87674],[-122.293334,37.876827],[-122.293227,37.876848]]]},"properties":{"id":"w821730594","b":"yes","lv":null,"n":null}},
{"type":"Feature","geometry":{"type":"Polygon","coordinates":[[[-122.300493,37.875537],[-122.300501,37.875562],[-122.300439,37.875575],[-122.300451,37.875612],[-122.30035,37.875632],[-122.300342,37.875606],[-122.300332,37.875608],[-122.300317,37.875559],[-122.3005,37.875523],[-122.300504,37.875535],[-122.300493,37.875537]]]},"properties":{"id":"w821730595","b":"yes","lv":null,"n":null}},
{"type":"Feature","geometry":{"type":"Polygon","coordinates":[[[-122.293432,37.876822],[-122.293444,37.876858],[-122.293404,37.876866],[-122.293413,37.876894],[-122.293378,37.876901],[-122.293369,37.876872],[-122.293363,37.876873],[-122.293351,37.876837],[-122.293355,37.876836],[-122.293317,37.87672],[-122.293387,37.876706],[-122.2934,37.876748],[-122.293478,37.876733],[-122.293502,37.876808],[-122.293432,37.876822]]]},"properties":{"id":"w821730596","b":"yes","lv":null,"n":null}},
{"type":"Feature","geometry":{"type":"Polygon","coordinates":[[[-122.293544,37.876967],[-122.293553,37.876994],[-122.293406,37.877024],[-122.293376,37.876928],[-122.293522,37.876899],[-122.293533,37.876931],[-122.293555,37.876927],[-122.293566,37.876962],[-122.293544,37.876967]]]},"properties":{"id":"w821730598","b":"yes","lv":null,"n":null}},
{"type":"Feature","geometry":{"type":"Polygon","coordinates":[[[-122.293552,37.877378],[-122.293525,37.877286],[-122.293541,37.877284],[-122.293536,37.877264],[-122.293629,37.877247],[-122.293639,37.877283],[-122.293631,37.877284],[-122.293642,37.877322],[-122.29365,37.877321],[-122.293661,37.877359],[-122.293552,37.877378]]]},"properties":{"id":"w821730601","b":"yes","lv":null,"n":null}},
{"type":"Feature","geometry":{"type":"Polygon","coordinates":[[[-122.300309,37.875448],[-122.300311,37.875452],[-122.300387,37.875435],[-122.300397,37.875464],[-122.300433,37.875456],[-122.300449,37.875503],[-122.300315,37.875532],[-122.300305,37.875503],[-122.3003,37.875504],[-122.300283,37.875456],[-122.300296,37.875453],[-122.300296,37.875451],[-122.300309,37.875448]]]},"properties":{"id":"w821730602","b":"yes","lv":null,"n":null}},
{"type":"Feature","geometry":{"type":"Polygon","coordinates":[[[-122.301428,37.876149],[-122.301325,37.87617],[-122.301311,37.876126],[-122.301212,37.876146],[-122.301176,37.876033],[-122.301328,37.876003],[-122.301378,37.875993],[-122.301428,37.876149]]]},"properties":{"id":"w821730606","b":"yes","lv":null,"n":null}},
{"type":"Feature","geometry":{"type":"Polygon","coordinates":[[[-122.301295,37.875897],[-122.301319,37.875892],[-122.301336,37.875946],[-122.301311,37.875951],[-122.301328,37.876003],[-122.301176,37.876033],[-122.30116,37.876037],[-122.301126,37.875931],[-122.301152,37.875926],[-122.301295,37.875897]]]},"properties":{"id":"w821730608","b":"yes","lv":null,"n":null}},
{"type":"Feature","geometry":{"type":"Polygon","coordinates":[[[-122.301184,37.875841],[-122.301184,37.87584],[-122.301147,37.875847],[-122.301151,37.875858],[-122.301031,37.875883],[-122.301018,37.875842],[-122.301044,37.875837],[-122.301034,37.875806],[-122.301256,37.875761],[-122.301264,37.875783],[-122.301272,37.875782],[-122.301285,37.875821],[-122.301184,37.875841]]]},"properties":{"id":"w821730610","b":"yes","lv":null,"n":null}},
{"type":"Feature","geometry":{"type":"Polygon","coordinates":[[[-122.301177,37.875729],[-122.301182,37.875745],[-122.300999,37.875779],[-122.30098,37.875717],[-122.300989,37.875716],[-122.301141,37.875687],[-122.301138,37.875675],[-122.301178,37.875667],[-122.301182,37.87568],[-122.301227,37.875672],[-122.30124,37.875717],[-122.301177,37.875729]]]},"properties":{"id":"w821730612","b":"yes","lv":null,"n":null}},
{"type":"Feature","geometry":{"type":"Polygon","coordinates":[[[-122.291755,37.877379],[-122.29173,37.877303],[-122.291893,37.877272],[-122.291914,37.877351],[-122.291755,37.877379]]]},"properties":{"id":"w821730613","b":"yes","lv":null,"n":null}},
{"type":"Feature","geometry":{"type":"Polygon","coordinates":[[[-122.289762,37.879483],[-122.289772,37.879485],[-122.289751,37.879542],[-122.289504,37.879486],[-122.289505,37.879481],[-122.289492,37.879478],[-122.289511,37.879426],[-122.289526,37.87943],[-122.289536,37.879405],[-122.289771,37.879458],[-122.289762,37.879483]]]},"properties":{"id":"w821730615","b":"yes","lv":null,"n":null}},
{"type":"Feature","geometry":{"type":"Polygon","coordinates":[[[-122.293636,37.877427],[-122.293628,37.8774],[-122.293674,37.877392],[-122.293682,37.877419],[-122.293636,37.877427]]]},"properties":{"id":"w821730616","b":"yes","lv":null,"n":null}},
{"type":"Feature","geometry":{"type":"Polygon","coordinates":[[[-122.288301,37.878899],[-122.288276,37.878846],[-122.288369,37.878819],[-122.288394,37.878871],[-122.288301,37.878899]]]},"properties":{"id":"w821730617","b":"yes","lv":null,"n":null}},
{"type":"Feature","geometry":{"type":"Polygon","coordinates":[[[-122.300905,37.875423],[-122.30087,37.875313],[-122.300889,37.875309],[-122.300869,37.875247],[-122.300939,37.875233],[-122.300994,37.875406],[-122.300905,37.875423]]]},"properties":{"id":"w821730618","b":"yes","lv":null,"n":null}},
{"type":"Feature","geometry":{"type":"Polygon","coordinates":[[[-122.289744,37.879405],[-122.289572,37.879366],[-122.289594,37.879305],[-122.289743,37.879339],[-122.289737,37.879355],[-122.289761,37.87936],[-122.289744,37.879405]]]},"properties":{"id":"w821730619","b":"yes","lv":null,"n":null}},
{"type":"Feature","geometry":{"type":"Polygon","coordinates":[[[-122.293552,37.877523],[-122.293533,37.877463],[-122.293565,37.877457],[-122.293567,37.877464],[-122.293707,37.877436],[-122.293724,37.877488],[-122.293552,37.877523]]]},"properties":{"id":"w821730620","b":"yes","lv":null,"n":null}},
{"type":"Feature","geometry":{"type":"Polygon","coordinates":[[[-122.293536,37.877603],[-122.293517,37.877545],[-122.2936,37.877528],[-122.293601,37.87753],[-122.293658,37.877519],[-122.293664,37.877536],[-122.293678,37.877534],[-122.29368,37.877539],[-122.293695,37.877536],[-122.293705,37.877568],[-122.293536,37.877603]]]},"properties":{"id":"w821730621","b":"yes","lv":null,"n":null}},
{"type":"Feature","geometry":{"type":"Polygon","coordinates":[[[-122.291675,37.87683],[-122.291662,37.876789],[-122.291647,37.876792],[-122.291605,37.876656],[-122.291703,37.876637],[-122.291729,37.876721],[-122.291735,37.876719],[-122.291764,37.876813],[-122.291675,37.87683]]]},"properties":{"id":"w821730622","b":"yes","lv":null,"n":null}},
{"type":"Feature","geometry":{"type":"Polygon","coordinates":[[[-122.293634,37.877711],[-122.293606,37.877618],[-122.293787,37.877583],[-122.293816,37.877676],[-122.293634,37.877711]]]},"properties":{"id":"w821730623","b":"yes","lv":null,"n":null}},
{"type":"Feature","geometry":{"type":"Polygon","coordinates":[[[-122.293558,37.877716],[-122.29356,37.877722],[-122.293517,37.87773],[-122.293487,37.877634],[-122.293528,37.877627],[-122.293525,37.87762],[-122.293577,37.87761],[-122.293607,37.877706],[-122.293558,37.877716]]]},"properties":{"id":"w821730624","b":"yes","lv":null,"n":null}},
{"type":"Feature","geometry":{"type":"Polygon","coordinates":[[[-122.293455,37.877766],[-122.293435,37.877701],[-122.29348,37.877692],[-122.2935,37.877757],[-122.293455,37.877766]]]},"properties":{"id":"w821730626","b":"yes","lv":null,"n":null}},
{"type":"Feature","geometry":{"type":"Polygon","coordinates":[[[-122.290518,37.8798],[-122.290336,37.879756],[-122.290354,37.87971],[-122.290385,37.879717],[-122.290392,37.879699],[-122.290522,37.87973],[-122.290513,37.879754],[-122.290533,37.879759],[-122.290518,37.8798]]]},"properties":{"id":"w821730627","b":"yes","lv":null,"n":null}},
{"type":"Feature","geometry":{"type":"Polygon","coordinates":[[[-122.293228,37.877786],[-122.29322,37.877761],[-122.293187,37.877767],[-122.293169,37.877712],[-122.293327,37.877681],[-122.293353,37.877762],[-122.293228,37.877786]]]},"properties":{"id":"w821730628","b":"yes","lv":null,"n":null}},
{"type":"Feature","geometry":{"type":"Polygon","coordinates":[[[-122.293174,37.877598],[-122.293168,37.877578],[-122.293147,37.877582],[-122.293134,37.877541],[-122.293155,37.877537],[-122.293298,37.877509],[-122.293304,37.877529],[-122.293321,37.877526],[-122.293333,37.877566],[-122.293174,37.877598]]]},"properties":{"id":"w821730630","b":"yes","lv":null,"n":null}},
{"type":"Feature","geometry":{"type":"Polygon","coordinates":[[[-122.293142,37.877512],[-122.293137,37.877494],[-122.293114,37.877499],[-122.2931,37.877451],[-122.29327,37.877419],[-122.29329,37.877485],[-122.293142,37.877512]]]},"properties":{"id":"w821730631","b":"yes","lv":null,"n":null}},
{"type":"Feature","geometry":{"type":"Polygon","coordinates":[[[-122.290671,37.877372],[-122.29066,37.877341],[-122.290725,37.877328],[-122.290735,37.877358],[-122.290671,37.877372]]]},"properties":{"id":"w821730632","b":"yes","lv":null,"n":null}},
{"type":"Feature","geometry":{"type":"Polygon","coordinates":[[[-122.289872,37.87914],[-122.289682,37.879092],[-122.289692,37.879068],[-122.289705,37.879071],[-122.28972,37.879034],[-122.289896,37.879078],[-122.289872,37.87914]]]},"properties":{"id":"w821730633","b":"yes","lv":null,"n":null}},
{"type":"Feature","geometry":{"type":"Polygon","coordinates":[[[-122.293115,37.877411],[-122.293096,37.877353],[-122.293239,37.877324],[-122.293257,37.877383],[-122.293115,37.877411]]]},"properties":{"id":"w821730634","b":"yes","lv":null,"n":null}},
{"type":"Feature","geometry":{"type":"Polygon","coordinates":[[[-122.29106,37.878296],[-122.290941,37.878268],[-122.290943,37.878264],[-122.290859,37.878244],[-122.290885,37.878177],[-122.290954,37.878193],[-122.290957,37.878186],[-122.290989,37.878194],[-122.290988,37.878197],[-122.29104,37.878209],[-122.291042,37.878203],[-122.291054,37.878207],[-122.291052,37.878212],[-122.29109,37.878221],[-122.29106,37.878296]]]},"properties":{"id":"w821730635","b":"yes","lv":null,"n":null}},
{"type":"Feature","geometry":{"type":"Polygon","coordinates":[[[-122.293214,37.877282],[-122.293213,37.877279],[-122.293201,37.877281],[-122.293196,37.877263],[-122.293038,37.877294],[-122.293018,37.87723],[-122.293213,37.877191],[-122.293217,37.877205],[-122.293239,37.877201],[-122.293251,37.877235],[-122.293255,37.877235],[-122.293257,37.877241],[-122.293253,37.877242],[-122.293262,37.877272],[-122.293214,37.877282]]]},"properties":{"id":"w821730636","b":"yes","lv":null,"n":null}},
{"type":"Feature","geometry":{"type":"Polygon","coordinates":[[[-122.295457,37.878449],[-122.295444,37.878412],[-122.29549,37.878403],[-122.295502,37.87844],[-122.295457,37.878449]]]},"properties":{"id":"w821730637","b":"yes","lv":null,"n":null}},
{"type":"Feature","geometry":{"type":"Polygon","coordinates":[[[-122.293007,37.877106],[-122.292986,37.877037],[-122.293085,37.877018],[-122.293084,37.877014],[-122.293124,37.877006],[-122.293134,37.877039],[-122.293204,37.877026],[-122.293216,37.877067],[-122.293007,37.877106]]]},"properties":{"id":"w821730638","b":"yes","lv":null,"n":null}},
{"type":"Feature","geometry":{"type":"Polygon","coordinates":[[[-122.293011,37.877215],[-122.292992,37.877153],[-122.293067,37.877139],[-122.293071,37.877153],[-122.293175,37.877133],[-122.29319,37.877181],[-122.293011,37.877215]]]},"properties":{"id":"w821730639","b":"yes","lv":null,"n":null}},
{"type":"Feature","geometry":{"type":"Polygon","coordinates":[[[-122.293127,37.876943],[-122.293133,37.87696],[-122.292956,37.876997],[-122.292942,37.876956],[-122.292949,37.876954],[-122.292937,37.876917],[-122.293106,37.876881],[-122.293108,37.876886],[-122.293121,37.876883],[-122.293141,37.87694],[-122.293127,37.876943]]]},"properties":{"id":"w821730640","b":"yes","lv":null,"n":null}},
{"type":"Feature","geometry":{"type":"Polygon","coordinates":[[[-122.292438,37.879144],[-122.292447,37.879172],[-122.292483,37.879165],[-122.292495,37.879202],[-122.292467,37.879207],[-122.292468,37.879211],[-122.29246,37.879213],[-122.292459,37.879209],[-122.292321,37.879237],[-122.2923,37.879172],[-122.292411,37.87915],[-122.292414,37.879143],[-122.292421,37.879139],[-122.292431,37.879139],[-122.292438,37.879144]]]},"properties":{"id":"w821730641","b":"yes","lv":null,"n":null}},
{"type":"Feature","geometry":{"type":"Polygon","coordinates":[[[-122.292281,37.879045],[-122.292259,37.87898],[-122.292413,37.878947],[-122.292435,37.879012],[-122.292281,37.879045]]]},"properties":{"id":"w821730642","b":"yes","lv":null,"n":null}},
{"type":"Feature","geometry":{"type":"Polygon","coordinates":[[[-122.293008,37.876882],[-122.293001,37.87686],[-122.292934,37.876873],[-122.292915,37.876811],[-122.292983,37.876797],[-122.293052,37.876784],[-122.29305,37.876775],[-122.29312,37.876761],[-122.293149,37.876854],[-122.293008,37.876882]]]},"properties":{"id":"w821730643","b":"yes","lv":null,"n":null}},
{"type":"Feature","geometry":{"type":"Polygon","coordinates":[[[-122.292396,37.878892],[-122.29241,37.878932],[-122.292306,37.878954],[-122.292294,37.878919],[-122.292309,37.878915],[-122.292287,37.878852],[-122.292398,37.878828],[-122.292418,37.878888],[-122.292396,37.878892]]]},"properties":{"id":"w821730644","b":"yes","lv":null,"n":null}},
{"type":"Feature","geometry":{"type":"Polygon","coordinates":[[[-122.295432,37.878407],[-122.29545,37.878464],[-122.295351,37.878484],[-122.295333,37.878428],[-122.295432,37.878407]]]},"properties":{"id":"w821730646","b":"yes","lv":null,"n":null}},
{"type":"Feature","geometry":{"type":"Polygon","coordinates":[[[-122.292288,37.878812],[-122.292283,37.878795],[-122.292265,37.878799],[-122.292251,37.878756],[-122.292271,37.878752],[-122.29226,37.87872],[-122.292334,37.878704],[-122.29234,37.878723],[-122.292353,37.87872],[-122.292364,37.878753],[-122.292384,37.878749],[-122.292398,37.878789],[-122.292288,37.878812]]]},"properties":{"id":"w821730647","b":"yes","lv":null,"n":null}},
{"type":"Feature","geometry":{"type":"Polygon","coordinates":[[[-122.292544,37.876952],[-122.292531,37.876914],[-122.292525,37.876895],[-122.292518,37.876896],[-122.292511,37.876874],[-122.292517,37.876873],[-122.292502,37.876825],[-122.292386,37.876848],[-122.292371,37.876801],[-122.2926,37.876754],[-122.292619,37.876811],[-122.29258,37.876819],[-122.292604,37.876895],[-122.292615,37.876892],[-122.292629,37.876935],[-122.292544,37.876952]]]},"properties":{"id":"w821730649","b":"yes","lv":null,"n":null}},
{"type":"Feature","geometry":{"type":"Polygon","coordinates":[[[-122.292202,37.878897],[-122.292139,37.878909],[-122.292124,37.878856],[-122.292187,37.878844],[-122.292202,37.878897]]]},"properties":{"id":"w821730650","b":"yes","lv":null,"n":null}},
{"type":"Feature","geometry":{"type":"Polygon","coordinates":[[[-122.293218,37.877661],[-122.293213,37.877643],[-122.293156,37.877655],[-122.293145,37.877623],[-122.293384,37.877574],[-122.2934,37.877625],[-122.293218,37.877661]]]},"properties":{"id":"w821730651","b":"yes","lv":null,"n":null}},
{"type":"Feature","geometry":{"type":"Polygon","coordinates":[[[-122.292142,37.878822],[-122.292147,37.87884],[-122.29204,37.87886],[-122.292028,37.87882],[-122.29205,37.878816],[-122.29204,37.878781],[-122.292074,37.878774],[-122.292068,37.878755],[-122.292121,37.878745],[-122.292131,37.878777],[-122.292155,37.878773],[-122.292168,37.878817],[-122.292142,37.878822]]]},"properties":{"id":"w821730652","b":"yes","lv":null,"n":null}},
{"type":"Feature","geometry":{"type":"Polygon","coordinates":[[[-122.292222,37.878472],[-122.292218,37.878461],[-122.29221,37.878463],[-122.292218,37.878486],[-122.292231,37.878484],[-122.292244,37.878524],[-122.292139,37.878545],[-122.292128,37.87851],[-122.292144,37.878506],[-122.292142,37.878501],[-122.292158,37.878497],[-122.292149,37.878471],[-122.292161,37.878468],[-122.292157,37.878456],[-122.292177,37.878452],[-122.292165,37.878417],[-122.292185,37.878414],[-122.292177,37.878388],[-122.292197,37.878384],[-122.292186,37.878347],[-122.292256,37.878333],[-122.292269,37.878375],[-122.292266,37.878376],[-122.292272,37.878395],[-122.29228,37.878394],[-122.2923,37.878457],[-122.292222,37.878472]]]},"properties":{"id":"w821730654","b":"yes","lv":null,"n":null}},
{"type":"Feature","geometry":{"type":"Polygon","coordinates":[[[-122.292257,37.878679],[-122.29224,37.878628],[-122.292245,37.878627],[-122.292231,37.878581],[-122.292253,37.878576],[-122.292245,37.878551],[-122.29231,37.878538],[-122.292332,37.878609],[-122.292345,37.878607],[-122.292361,37.878659],[-122.292257,37.878679]]]},"properties":{"id":"w821730657","b":"yes","lv":null,"n":null}},
{"type":"Feature","geometry":{"type":"Polygon","coordinates":[[[-122.292013,37.879015],[-122.291999,37.878969],[-122.292016,37.878966],[-122.292001,37.878921],[-122.292064,37.878908],[-122.292128,37.878896],[-122.292148,37.87896],[-122.292138,37.878963],[-122.292146,37.878989],[-122.292013,37.879015]]]},"properties":{"id":"w821730658","b":"yes","lv":null,"n":null}},
{"type":"Feature","geometry":{"type":"Polygon","coordinates":[[[-122.291531,37.878357],[-122.291503,37.87835],[-122.291498,37.878362],[-122.291483,37.878359],[-122.291469,37.878393],[-122.291333,37.878359],[-122.291355,37.878307],[-122.291367,37.87831],[-122.291377,37.878286],[-122.291415,37.878296],[-122.291416,37.878295],[-122.291515,37.87832],[-122.291512,37.878328],[-122.29154,37.878335],[-122.291531,37.878357]]]},"properties":{"id":"w821730661","b":"yes","lv":null,"n":null}},
{"type":"Feature","geometry":{"type":"Polygon","coordinates":[[[-122.292283,37.8765],[-122.292279,37.876488],[-122.292229,37.876498],[-122.292185,37.876356],[-122.292203,37.876353],[-122.292202,37.876348],[-122.292221,37.876345],[-122.292223,37.876349],[-122.292258,37.876342],[-122.292263,37.876357],[-122.29229,37.876352],[-122.292317,37.87644],[-122.292355,37.876433],[-122.29237,37.876483],[-122.292283,37.8765]]]},"properties":{"id":"w821730663","b":"yes","lv":null,"n":null}},
{"type":"Feature","geometry":{"type":"Polygon","coordinates":[[[-122.290179,37.879458],[-122.290243,37.879474],[-122.2902,37.879586],[-122.290126,37.879568],[-122.29013,37.879558],[-122.289999,37.879526],[-122.290043,37.879412],[-122.290183,37.879446],[-122.290179,37.879458]]]},"properties":{"id":"w821730664","b":"yes","lv":null,"n":null}},
{"type":"Feature","geometry":{"type":"Polygon","coordinates":[[[-122.291523,37.878443],[-122.29149,37.878529],[-122.29128,37.87848],[-122.291297,37.878434],[-122.291336,37.878443],[-122.291342,37.878429],[-122.291353,37.878432],[-122.291356,37.878426],[-122.291402,37.878436],[-122.291405,37.878428],[-122.291426,37.878433],[-122.29143,37.878422],[-122.291523,37.878443]]]},"properties":{"id":"w821730665","b":"yes","lv":null,"n":null}},
{"type":"Feature","geometry":{"type":"Polygon","coordinates":[[[-122.292167,37.876562],[-122.292069,37.876581],[-122.292021,37.876425],[-122.292066,37.876417],[-122.292071,37.876434],[-122.292124,37.876423],[-122.292167,37.876562]]]},"properties":{"id":"w821730666","b":"yes","lv":null,"n":null}},
{"type":"Feature","geometry":{"type":"Polygon","coordinates":[[[-122.292023,37.879216],[-122.292008,37.879171],[-122.292028,37.879167],[-122.292045,37.879164],[-122.292059,37.879208],[-122.292023,37.879216]]]},"properties":{"id":"w821730667","b":"yes","lv":null,"n":null}},
{"type":"Feature","geometry":{"type":"Polygon","coordinates":[[[-122.291908,37.876651],[-122.291867,37.87652],[-122.291909,37.876512],[-122.291904,37.876497],[-122.291963,37.876485],[-122.292009,37.876632],[-122.291908,37.876651]]]},"properties":{"id":"w821730668","b":"yes","lv":null,"n":null}},
{"type":"Feature","geometry":{"type":"Polygon","coordinates":[[[-122.291446,37.878638],[-122.291313,37.878608],[-122.291321,37.878585],[-122.291285,37.878576],[-122.291292,37.878557],[-122.291253,37.878547],[-122.291271,37.878502],[-122.291479,37.878553],[-122.291446,37.878638]]]},"properties":{"id":"w821730669","b":"yes","lv":null,"n":null}},
{"type":"Feature","geometry":{"type":"Polygon","coordinates":[[[-122.29204,37.876949],[-122.292031,37.87692],[-122.292048,37.876916],[-122.292033,37.876871],[-122.292051,37.876868],[-122.292048,37.876856],[-122.292095,37.876847],[-122.292099,37.876858],[-122.292104,37.876857],[-122.292107,37.876866],[-122.292139,37.876859],[-122.292142,37.87687],[-122.292179,37.876863],[-122.292187,37.876889],[-122.292196,37.876917],[-122.29204,37.876949]]]},"properties":{"id":"w821730670","b":"yes","lv":null,"n":null}},
{"type":"Feature","geometry":{"type":"Polygon","coordinates":[[[-122.291943,37.879213],[-122.291934,37.879182],[-122.292002,37.87917],[-122.292011,37.879202],[-122.291943,37.879213]]]},"properties":{"id":"w821730671","b":"yes","lv":null,"n":null}},
{"type":"Feature","geometry":{"type":"Polygon","coordinates":[[[-122.292126,37.877257],[-122.292105,37.87719],[-122.292129,37.877186],[-122.292127,37.877181],[-122.292135,37.87718],[-122.292137,37.877184],[-122.292265,37.877159],[-122.292269,37.877173],[-122.29228,37.877171],[-122.292285,37.877189],[-122.292275,37.877191],[-122.292285,37.877226],[-122.292126,37.877257]]]},"properties":{"id":"w821730672","b":"yes","lv":null,"n":null}},
{"type":"Feature","geometry":{"type":"Polygon","coordinates":[[[-122.291392,37.878777],[-122.291185,37.878725],[-122.291203,37.87868],[-122.291242,37.87869],[-122.291249,37.878673],[-122.291304,37.878687],[-122.29131,37.878673],[-122.291328,37.878677],[-122.291332,37.878667],[-122.291427,37.878691],[-122.291392,37.878777]]]},"properties":{"id":"w821730673","b":"yes","lv":null,"n":null}},
{"type":"Feature","geometry":{"type":"Polygon","coordinates":[[[-122.292197,37.877022],[-122.292196,37.877018],[-122.292069,37.877042],[-122.292062,37.877018],[-122.292052,37.87702],[-122.292041,37.876984],[-122.292127,37.876967],[-122.292124,37.876957],[-122.292177,37.876947],[-122.292178,37.876952],[-122.292201,37.876948],[-122.292212,37.876984],[-122.292239,37.876979],[-122.292249,37.877012],[-122.292197,37.877022]]]},"properties":{"id":"w821730674","b":"yes","lv":null,"n":null}},
{"type":"Feature","geometry":{"type":"Polygon","coordinates":[[[-122.292209,37.876778],[-122.292042,37.876812],[-122.292034,37.876786],[-122.29198,37.876797],[-122.291976,37.876786],[-122.291992,37.876782],[-122.29198,37.876744],[-122.292085,37.876723],[-122.292081,37.87671],[-122.292152,37.876696],[-122.292156,37.87671],[-122.292185,37.876705],[-122.292209,37.876778]]]},"properties":{"id":"w821730675","b":"yes","lv":null,"n":null}},
{"type":"Feature","geometry":{"type":"Polygon","coordinates":[[[-122.292208,37.879258],[-122.292185,37.879184],[-122.292229,37.879175],[-122.292237,37.8792],[-122.292256,37.879196],[-122.292271,37.879246],[-122.292208,37.879258]]]},"properties":{"id":"w821730676","b":"yes","lv":null,"n":null}},
{"type":"Feature","geometry":{"type":"Polygon","coordinates":[[[-122.291807,37.878765],[-122.291755,37.878752],[-122.291758,37.878745],[-122.291746,37.878742],[-122.291742,37.878751],[-122.291667,37.878732],[-122.291669,37.878727],[-122.291615,37.878713],[-122.291637,37.87866],[-122.291691,37.878673],[-122.291693,37.878669],[-122.291832,37.878704],[-122.291807,37.878765]]]},"properties":{"id":"w821730677","b":"yes","lv":null,"n":null}},
{"type":"Feature","geometry":{"type":"Polygon","coordinates":[[[-122.298232,37.876287],[-122.298354,37.876263],[-122.298395,37.876393],[-122.298273,37.876417],[-122.298232,37.876287]]]},"properties":{"id":"w821730679","b":"yes","lv":null,"n":null}},
{"type":"Feature","geometry":{"type":"Polygon","coordinates":[[[-122.292093,37.877151],[-122.292086,37.877128],[-122.29209,37.877127],[-122.292076,37.877085],[-122.29223,37.877054],[-122.292251,37.877119],[-122.292093,37.877151]]]},"properties":{"id":"w821730681","b":"yes","lv":null,"n":null}},
{"type":"Feature","geometry":{"type":"Polygon","coordinates":[[[-122.292419,37.877358],[-122.292422,37.877367],[-122.292347,37.877383],[-122.29234,37.877363],[-122.292333,37.877365],[-122.292327,37.877348],[-122.292335,37.877347],[-122.29233,37.877333],[-122.292296,37.87734],[-122.292283,37.877302],[-122.292275,37.877304],[-122.292268,37.877285],[-122.292277,37.877283],[-122.292274,37.877273],[-122.292382,37.87725],[-122.292404,37.877313],[-122.292419,37.877309],[-122.292435,37.877355],[-122.292419,37.877358]]]},"properties":{"id":"w821730682","b":"yes","lv":null,"n":null}},
{"type":"Feature","geometry":{"type":"Polygon","coordinates":[[[-122.298217,37.876239],[-122.298175,37.87611],[-122.29854,37.876036],[-122.298582,37.876165],[-122.298217,37.876239]]]},"properties":{"id":"w821730683","b":"yes","lv":null,"n":null}},
{"type":"Feature","geometry":{"type":"Polygon","coordinates":[[[-122.29218,37.879177],[-122.292167,37.879132],[-122.292236,37.879119],[-122.29225,37.879163],[-122.29218,37.879177]]]},"properties":{"id":"w821730684","b":"yes","lv":null,"n":null}},
{"type":"Feature","geometry":{"type":"Polygon","coordinates":[[[-122.298729,37.875945],[-122.298979,37.875895],[-122.29902,37.876023],[-122.29877,37.876073],[-122.298729,37.875945]]]},"properties":{"id":"w821730685","b":"yes","lv":null,"n":null}},
{"type":"Feature","geometry":{"type":"Polygon","coordinates":[[[-122.291354,37.878887],[-122.29126,37.878864],[-122.291264,37.878853],[-122.291245,37.878849],[-122.291249,37.87884],[-122.291202,37.878829],[-122.291203,37.878825],[-122.291193,37.878822],[-122.291199,37.878807],[-122.291158,37.878797],[-122.291175,37.878752],[-122.291386,37.878802],[-122.291354,37.878887]]]},"properties":{"id":"w821730686","b":"yes","lv":null,"n":null}},
{"type":"Feature","geometry":{"type":"Polygon","coordinates":[[[-122.292223,37.877516],[-122.292203,37.877453],[-122.292375,37.877419],[-122.292395,37.877483],[-122.292223,37.877516]]]},"properties":{"id":"w821730687","b":"yes","lv":null,"n":null}},
{"type":"Feature","geometry":{"type":"Polygon","coordinates":[[[-122.292095,37.87929],[-122.292063,37.879191],[-122.292097,37.879184],[-122.292094,37.879175],[-122.292134,37.879167],[-122.292137,37.879175],[-122.292167,37.879169],[-122.2922,37.879269],[-122.292095,37.87929]]]},"properties":{"id":"w821730688","b":"yes","lv":null,"n":null}},
{"type":"Feature","geometry":{"type":"Polygon","coordinates":[[[-122.292173,37.877428],[-122.292151,37.87736],[-122.29226,37.877338],[-122.292282,37.877406],[-122.292173,37.877428]]]},"properties":{"id":"w821730689","b":"yes","lv":null,"n":null}},
{"type":"Feature","geometry":{"type":"Polygon","coordinates":[[[-122.299084,37.876308],[-122.29872,37.87638],[-122.29868,37.876253],[-122.299044,37.87618],[-122.299084,37.876308]]]},"properties":{"id":"w821730690","b":"yes","lv":null,"n":null}},
{"type":"Feature","geometry":{"type":"Polygon","coordinates":[[[-122.291301,37.879024],[-122.291089,37.878974],[-122.291107,37.878928],[-122.291146,37.878937],[-122.291154,37.878917],[-122.291234,37.878937],[-122.291242,37.878917],[-122.291334,37.878938],[-122.291301,37.879024]]]},"properties":{"id":"w821730691","b":"yes","lv":null,"n":null}},
{"type":"Feature","geometry":{"type":"Polygon","coordinates":[[[-122.292457,37.877713],[-122.292464,37.87774],[-122.292353,37.877759],[-122.292347,37.877736],[-122.29233,37.877739],[-122.292327,37.877727],[-122.292289,37.877733],[-122.292276,37.877688],[-122.292337,37.877678],[-122.292335,37.877672],[-122.292382,37.877664],[-122.292383,37.877667],[-122.292439,37.877658],[-122.292443,37.877674],[-122.292476,37.877668],[-122.292484,37.877667],[-122.292495,37.877707],[-122.292457,37.877713]]]},"properties":{"id":"w821730693","b":"yes","lv":null,"n":null}},
{"type":"Feature","geometry":{"type":"Polygon","coordinates":[[[-122.292652,37.877871],[-122.292647,37.877856],[-122.292641,37.877837],[-122.292626,37.877788],[-122.292701,37.877773],[-122.292728,37.877856],[-122.292652,37.877871]]]},"properties":{"id":"w821730694","b":"yes","lv":null,"n":null}},
{"type":"Feature","geometry":{"type":"Polygon","coordinates":[[[-122.291755,37.878837],[-122.291549,37.878787],[-122.29156,37.878759],[-122.291546,37.878756],[-122.291555,37.878732],[-122.291569,37.878736],[-122.291573,37.878725],[-122.291779,37.878774],[-122.291755,37.878837]]]},"properties":{"id":"w821730695","b":"yes","lv":null,"n":null}},
{"type":"Feature","geometry":{"type":"Polygon","coordinates":[[[-122.292356,37.877906],[-122.292326,37.877819],[-122.292367,37.877811],[-122.292369,37.877815],[-122.292457,37.877796],[-122.292459,37.877801],[-122.292467,37.8778],[-122.292493,37.877877],[-122.292356,37.877906]]]},"properties":{"id":"w821730696","b":"yes","lv":null,"n":null}},
{"type":"Feature","geometry":{"type":"Polygon","coordinates":[[[-122.291722,37.879029],[-122.29171,37.879026],[-122.291693,37.879073],[-122.291503,37.879029],[-122.29153,37.878957],[-122.291732,37.879004],[-122.291722,37.879029]]]},"properties":{"id":"w821730698","b":"yes","lv":null,"n":null}},
{"type":"Feature","geometry":{"type":"Polygon","coordinates":[[[-122.292357,37.87799],[-122.292344,37.877951],[-122.292365,37.877947],[-122.292357,37.877924],[-122.292513,37.877893],[-122.292532,37.877955],[-122.292357,37.87799]]]},"properties":{"id":"w821730699","b":"yes","lv":null,"n":null}},
{"type":"Feature","geometry":{"type":"Polygon","coordinates":[[[-122.292572,37.877871],[-122.292566,37.877851],[-122.292641,37.877837],[-122.292647,37.877856],[-122.292572,37.877871]]]},"properties":{"id":"w821730700","b":"yes","lv":null,"n":null}},
{"type":"Feature","geometry":{"type":"Polygon","coordinates":[[[-122.291759,37.878912],[-122.291734,37.878906],[-122.29172,37.878942],[-122.291572,37.878907],[-122.2916,37.878833],[-122.291654,37.878846],[-122.291652,37.878852],[-122.29172,37.878868],[-122.291722,37.878863],[-122.291773,37.878875],[-122.291759,37.878912]]]},"properties":{"id":"w821730701","b":"yes","lv":null,"n":null}},
{"type":"Feature","geometry":{"type":"Polygon","coordinates":[[[-122.292611,37.877927],[-122.292593,37.877871],[-122.292645,37.877861],[-122.292663,37.877917],[-122.292611,37.877927]]]},"properties":{"id":"w821730702","b":"yes","lv":null,"n":null}},
{"type":"Feature","geometry":{"type":"Polygon","coordinates":[[[-122.292818,37.877872],[-122.292816,37.877868],[-122.292776,37.877876],[-122.29275,37.877799],[-122.292928,37.877761],[-122.292955,37.877842],[-122.292818,37.877872]]]},"properties":{"id":"w821730703","b":"yes","lv":null,"n":null}},
{"type":"Feature","geometry":{"type":"Polygon","coordinates":[[[-122.292913,37.877732],[-122.292766,37.877763],[-122.292739,37.877684],[-122.292813,37.877669],[-122.292808,37.877655],[-122.292855,37.877645],[-122.292859,37.877659],[-122.292887,37.877653],[-122.292913,37.877732]]]},"properties":{"id":"w821730704","b":"yes","lv":null,"n":null}},
{"type":"Feature","geometry":{"type":"Polygon","coordinates":[[[-122.292677,37.877555],[-122.292849,37.877521],[-122.292859,37.877553],[-122.292871,37.877551],[-122.292884,37.877593],[-122.292701,37.877629],[-122.292677,37.877555]]]},"properties":{"id":"w821730706","b":"yes","lv":null,"n":null}},
{"type":"Feature","geometry":{"type":"Polygon","coordinates":[[[-122.292635,37.877535],[-122.292621,37.87749],[-122.292649,37.877484],[-122.29265,37.877489],[-122.292654,37.877488],[-122.292644,37.877456],[-122.292812,37.877422],[-122.292823,37.877455],[-122.292833,37.877452],[-122.292846,37.877492],[-122.292635,37.877535]]]},"properties":{"id":"w821730708","b":"yes","lv":null,"n":null}},
{"type":"Feature","geometry":{"type":"Polygon","coordinates":[[[-122.292679,37.877405],[-122.292666,37.877365],[-122.292653,37.877368],[-122.292646,37.877346],[-122.292658,37.877343],[-122.292653,37.877328],[-122.292775,37.877304],[-122.292799,37.877382],[-122.292679,37.877405]]]},"properties":{"id":"w821730709","b":"yes","lv":null,"n":null}},
{"type":"Feature","geometry":{"type":"Polygon","coordinates":[[[-122.291815,37.878678],[-122.291611,37.878628],[-122.29163,37.87858],[-122.291754,37.87861],[-122.291751,37.878617],[-122.291831,37.878637],[-122.291815,37.878678]]]},"properties":{"id":"w821730710","b":"yes","lv":null,"n":null}},
{"type":"Feature","geometry":{"type":"Polygon","coordinates":[[[-122.292627,37.877315],[-122.29261,37.877264],[-122.292639,37.877258],[-122.292635,37.877244],[-122.292764,37.877217],[-122.292786,37.877282],[-122.292627,37.877315]]]},"properties":{"id":"w821730711","b":"yes","lv":null,"n":null}},
{"type":"Feature","geometry":{"type":"Polygon","coordinates":[[[-122.292644,37.87721],[-122.292646,37.877214],[-122.292616,37.87722],[-122.292609,37.877195],[-122.292624,37.877192],[-122.29261,37.877147],[-122.292737,37.877123],[-122.292757,37.877189],[-122.292644,37.87721]]]},"properties":{"id":"w821730712","b":"yes","lv":null,"n":null}},
{"type":"Feature","geometry":{"type":"Polygon","coordinates":[[[-122.291923,37.878503],[-122.291915,37.878501],[-122.291901,37.878536],[-122.291776,37.878505],[-122.291814,37.878411],[-122.291894,37.878431],[-122.291888,37.878447],[-122.29194,37.87846],[-122.291923,37.878503]]]},"properties":{"id":"w821730713","b":"yes","lv":null,"n":null}},
{"type":"Feature","geometry":{"type":"Polygon","coordinates":[[[-122.292541,37.877141],[-122.292521,37.877081],[-122.292561,37.877073],[-122.292559,37.877068],[-122.292597,37.87706],[-122.292599,37.877065],[-122.292694,37.877045],[-122.292714,37.877105],[-122.292541,37.877141]]]},"properties":{"id":"w821730714","b":"yes","lv":null,"n":null}},
{"type":"Feature","geometry":{"type":"Polygon","coordinates":[[[-122.292642,37.877019],[-122.292639,37.877011],[-122.292565,37.877025],[-122.292568,37.877037],[-122.292541,37.877042],[-122.29254,37.877039],[-122.292501,37.877046],[-122.29248,37.876976],[-122.292675,37.876938],[-122.292696,37.877008],[-122.292642,37.877019]]]},"properties":{"id":"w821730715","b":"yes","lv":null,"n":null}},
{"type":"Feature","geometry":{"type":"Polygon","coordinates":[[[-122.291852,37.878625],[-122.291789,37.878608],[-122.291791,37.878603],[-122.291708,37.878581],[-122.291729,37.878531],[-122.291747,37.878536],[-122.291751,37.878525],[-122.291763,37.878529],[-122.291759,37.878538],[-122.29183,37.878557],[-122.291826,37.878566],[-122.291846,37.878572],[-122.291839,37.87859],[-122.291864,37.878597],[-122.291852,37.878625]]]},"properties":{"id":"w821730716","b":"yes","lv":null,"n":null}},
{"type":"Feature","geometry":{"type":"Polygon","coordinates":[[[-122.292492,37.876763],[-122.292474,37.876706],[-122.292587,37.876684],[-122.292605,37.876741],[-122.292492,37.876763]]]},"properties":{"id":"w821730717","b":"yes","lv":null,"n":null}},
{"type":"Feature","geometry":{"type":"Polygon","coordinates":[[[-122.29244,37.876684],[-122.292447,37.876706],[-122.292389,37.876717],[-122.292368,37.876646],[-122.292401,37.87664],[-122.292392,37.876612],[-122.292536,37.876585],[-122.292541,37.8766],[-122.29258,37.876593],[-122.292599,37.876654],[-122.29244,37.876684]]]},"properties":{"id":"w821730718","b":"yes","lv":null,"n":null}},
{"type":"Feature","geometry":{"type":"Polygon","coordinates":[[[-122.291674,37.877618],[-122.291637,37.877625],[-122.291631,37.877607],[-122.291596,37.877613],[-122.291602,37.877631],[-122.291535,37.877644],[-122.291517,37.877586],[-122.291534,37.877582],[-122.291526,37.877554],[-122.291669,37.877527],[-122.29169,37.877596],[-122.291668,37.8776],[-122.291674,37.877618]]]},"properties":{"id":"w821730719","b":"yes","lv":null,"n":null}},
{"type":"Feature","geometry":{"type":"Polygon","coordinates":[[[-122.292436,37.876498],[-122.29241,37.876418],[-122.292524,37.876396],[-122.29255,37.876475],[-122.292436,37.876498]]]},"properties":{"id":"w821730720","b":"yes","lv":null,"n":null}},
{"type":"Feature","geometry":{"type":"Polygon","coordinates":[[[-122.290767,37.879119],[-122.290567,37.879069],[-122.290601,37.878985],[-122.29065,37.878997],[-122.290651,37.878996],[-122.290734,37.879017],[-122.290723,37.879044],[-122.290791,37.879061],[-122.290767,37.879119]]]},"properties":{"id":"w821730721","b":"yes","lv":null,"n":null}},
{"type":"Feature","geometry":{"type":"Polygon","coordinates":[[[-122.292404,37.876382],[-122.292358,37.876242],[-122.29246,37.876221],[-122.292506,37.876361],[-122.292404,37.876382]]]},"properties":{"id":"w821730722","b":"yes","lv":null,"n":null}},
{"type":"Feature","geometry":{"type":"Polygon","coordinates":[[[-122.290356,37.87909],[-122.29015,37.879041],[-122.290181,37.87896],[-122.290292,37.878986],[-122.290296,37.878975],[-122.290391,37.878997],[-122.290356,37.87909]]]},"properties":{"id":"w821730723","b":"yes","lv":null,"n":null}},
{"type":"Feature","geometry":{"type":"Polygon","coordinates":[[[-122.289787,37.879239],[-122.28963,37.879203],[-122.289653,37.879143],[-122.289809,37.879179],[-122.289787,37.879239]]]},"properties":{"id":"w821730725","b":"yes","lv":null,"n":null}},
{"type":"Feature","geometry":{"type":"Polygon","coordinates":[[[-122.29113,37.879302],[-122.290977,37.879265],[-122.290989,37.879234],[-122.290979,37.879232],[-122.290996,37.879187],[-122.29119,37.879234],[-122.291171,37.879282],[-122.29114,37.879275],[-122.29113,37.879302]]]},"properties":{"id":"w821730727","b":"yes","lv":null,"n":null}},
{"type":"Feature","geometry":{"type":"Polygon","coordinates":[[[-122.291091,37.879407],[-122.29091,37.879365],[-122.290937,37.879292],[-122.291016,37.87931],[-122.29101,37.879326],[-122.291112,37.87935],[-122.291091,37.879407]]]},"properties":{"id":"w821730728","b":"yes","lv":null,"n":null}},
{"type":"Feature","geometry":{"type":"Polygon","coordinates":[[[-122.289938,37.879006],[-122.289873,37.87899],[-122.289867,37.879004],[-122.289783,37.878984],[-122.289789,37.878969],[-122.289723,37.878953],[-122.289736,37.878918],[-122.289695,37.878908],[-122.289709,37.878872],[-122.289803,37.878894],[-122.289966,37.878933],[-122.289938,37.879006]]]},"properties":{"id":"w821730729","b":"yes","lv":null,"n":null}},
{"type":"Feature","geometry":{"type":"Polygon","coordinates":[[[-122.291239,37.87923],[-122.291073,37.879189],[-122.291071,37.879194],[-122.291003,37.879177],[-122.291016,37.879143],[-122.291076,37.879158],[-122.291084,37.879138],[-122.291258,37.879181],[-122.291239,37.87923]]]},"properties":{"id":"w821730730","b":"yes","lv":null,"n":null}},
{"type":"Feature","geometry":{"type":"Polygon","coordinates":[[[-122.289855,37.878892],[-122.289739,37.878863],[-122.289754,37.878826],[-122.289758,37.878827],[-122.289763,37.878815],[-122.289768,37.878817],[-122.289782,37.878783],[-122.289867,37.878804],[-122.289859,37.878823],[-122.28988,37.878828],[-122.289855,37.878892]]]},"properties":{"id":"w821730731","b":"yes","lv":null,"n":null}},
{"type":"Feature","geometry":{"type":"Polygon","coordinates":[[[-122.291664,37.879188],[-122.291647,37.879184],[-122.291637,37.879209],[-122.291474,37.879169],[-122.291486,37.87914],[-122.291461,37.879134],[-122.291472,37.879107],[-122.291677,37.879157],[-122.291664,37.879188]]]},"properties":{"id":"w821730732","b":"yes","lv":null,"n":null}},
{"type":"Feature","geometry":{"type":"Polygon","coordinates":[[[-122.289745,37.879025],[-122.289677,37.879011],[-122.28969,37.878974],[-122.289758,37.878988],[-122.289745,37.879025]]]},"properties":{"id":"w821730733","b":"yes","lv":null,"n":null}},
{"type":"Feature","geometry":{"type":"Polygon","coordinates":[[[-122.291483,37.879254],[-122.291485,37.879249],[-122.291468,37.879246],[-122.291488,37.879191],[-122.291504,37.879195],[-122.291505,37.879193],[-122.291653,37.879227],[-122.29163,37.879288],[-122.291483,37.879254]]]},"properties":{"id":"w821730734","b":"yes","lv":null,"n":null}},
{"type":"Feature","geometry":{"type":"Polygon","coordinates":[[[-122.291568,37.87941],[-122.291395,37.879368],[-122.291396,37.879365],[-122.291364,37.879357],[-122.291377,37.879324],[-122.29137,37.879322],[-122.29138,37.879295],[-122.291419,37.879304],[-122.291427,37.879284],[-122.291601,37.879326],[-122.291568,37.87941]]]},"properties":{"id":"w821730735","b":"yes","lv":null,"n":null}},
{"type":"Feature","geometry":{"type":"Polygon","coordinates":[[[-122.289618,37.879838],[-122.289442,37.879796],[-122.289444,37.879791],[-122.28943,37.879788],[-122.289454,37.879724],[-122.289468,37.879728],[-122.28947,37.879722],[-122.289646,37.879764],[-122.289618,37.879838]]]},"properties":{"id":"w821730736","b":"yes","lv":null,"n":null}},
{"type":"Feature","geometry":{"type":"Polygon","coordinates":[[[-122.291037,37.879639],[-122.291026,37.879637],[-122.291012,37.879676],[-122.290828,37.879633],[-122.290855,37.879561],[-122.290993,37.879593],[-122.290994,37.879589],[-122.291041,37.8796],[-122.291037,37.87961],[-122.291047,37.879612],[-122.291037,37.879639]]]},"properties":{"id":"w821730737","b":"yes","lv":null,"n":null}},
{"type":"Feature","geometry":{"type":"Polygon","coordinates":[[[-122.289682,37.879742],[-122.289426,37.879685],[-122.289437,37.879654],[-122.289693,37.879711],[-122.289682,37.879742]]]},"properties":{"id":"w821730738","b":"yes","lv":null,"n":null}},
{"type":"Feature","geometry":{"type":"Polygon","coordinates":[[[-122.289713,37.879687],[-122.289618,37.879666],[-122.289633,37.879622],[-122.289729,37.879643],[-122.289713,37.879687]]]},"properties":{"id":"w821730740","b":"yes","lv":null,"n":null}},
{"type":"Feature","geometry":{"type":"Polygon","coordinates":[[[-122.289617,37.879635],[-122.289589,37.879628],[-122.289581,37.879649],[-122.28947,37.879624],[-122.28948,37.879597],[-122.289461,37.879593],[-122.289473,37.879562],[-122.289491,37.879566],[-122.2895,37.879542],[-122.289613,37.879568],[-122.289602,37.8796],[-122.289627,37.879606],[-122.289617,37.879635]]]},"properties":{"id":"w821730743","b":"yes","lv":null,"n":null}},
{"type":"Feature","geometry":{"type":"Polygon","coordinates":[[[-122.294429,37.876731],[-122.294465,37.876844],[-122.294149,37.876906],[-122.294113,37.876793],[-122.294155,37.876785],[-122.294202,37.876776],[-122.294429,37.876731]]]},"properties":{"id":"w821730746","b":"yes","lv":null,"n":null}},
{"type":"Feature","geometry":{"type":"Polygon","coordinates":[[[-122.295102,37.877101],[-122.29492,37.877138],[-122.294815,37.876809],[-122.295234,37.876725],[-122.295273,37.876845],[-122.295231,37.876853],[-122.295298,37.877062],[-122.295102,37.877101]]]},"properties":{"id":"w821730747","b":"yes","lv":null,"n":null}},
{"type":"Feature","geometry":{"type":"Polygon","coordinates":[[[-122.290263,37.877438],[-122.290216,37.87738],[-122.290276,37.87735],[-122.290279,37.877353],[-122.290315,37.877334],[-122.290359,37.877389],[-122.290263,37.877438]]]},"properties":{"id":"w821730963","b":"yes","lv":null,"n":null}},
{"type":"Feature","geometry":{"type":"Polygon","coordinates":[[[-122.290274,37.877566],[-122.290162,37.87754],[-122.290171,37.877516],[-122.290142,37.87751],[-122.290153,37.87748],[-122.290183,37.877487],[-122.290193,37.877462],[-122.290224,37.877469],[-122.290232,37.877449],[-122.290282,37.87746],[-122.290266,37.877502],[-122.290263,37.877502],[-122.290261,37.877505],[-122.290294,37.877512],[-122.290274,37.877566]]]},"properties":{"id":"w821730964","b":"yes","lv":null,"n":null}},
{"type":"Feature","geometry":{"type":"Polygon","coordinates":[[[-122.296827,37.875544],[-122.296818,37.875513],[-122.296886,37.875499],[-122.296873,37.875457],[-122.297017,37.875429],[-122.29704,37.875503],[-122.296827,37.875544]]]},"properties":{"id":"w821864440","b":"house","lv":null,"n":null}},
{"type":"Feature","geometry":{"type":"Polygon","coordinates":[[[-122.300108,37.874932],[-122.3001,37.874905],[-122.300093,37.874906],[-122.300078,37.874859],[-122.300185,37.874838],[-122.300209,37.874913],[-122.300108,37.874932]]]},"properties":{"id":"w821864441","b":"yes","lv":null,"n":null}},
{"type":"Feature","geometry":{"type":"Polygon","coordinates":[[[-122.293587,37.876],[-122.293577,37.875968],[-122.29354,37.875976],[-122.293525,37.875929],[-122.293723,37.875889],[-122.293738,37.875934],[-122.293699,37.875942],[-122.293716,37.875997],[-122.293687,37.876003],[-122.29369,37.87601],[-122.293615,37.876025],[-122.293606,37.875996],[-122.293587,37.876]]]},"properties":{"id":"w821864442","b":"yes","lv":null,"n":null}},
{"type":"Feature","geometry":{"type":"Polygon","coordinates":[[[-122.300171,37.875116],[-122.300162,37.875086],[-122.300152,37.875088],[-122.300138,37.875042],[-122.300248,37.875021],[-122.300271,37.875097],[-122.300171,37.875116]]]},"properties":{"id":"w821864443","b":"yes","lv":null,"n":null}},
{"type":"Feature","geometry":{"type":"Polygon","coordinates":[[[-122.293768,37.876052],[-122.293775,37.876076],[-122.293638,37.876102],[-122.293633,37.876088],[-122.293584,37.876097],[-122.293572,37.876061],[-122.293795,37.876018],[-122.293804,37.876045],[-122.293768,37.876052]]]},"properties":{"id":"w821864444","b":"yes","lv":null,"n":null}},
{"type":"Feature","geometry":{"type":"Polygon","coordinates":[[[-122.297548,37.875457],[-122.297533,37.875414],[-122.297581,37.875404],[-122.297596,37.875447],[-122.297548,37.875457]]]},"properties":{"id":"w821864445","b":"yes","lv":null,"n":null}},
{"type":"Feature","geometry":{"type":"Polygon","coordinates":[[[-122.296892,37.875599],[-122.296888,37.875584],[-122.296832,37.875595],[-122.296821,37.875561],[-122.296916,37.875543],[-122.296931,37.875591],[-122.296892,37.875599]]]},"properties":{"id":"w821864446","b":"allotment_house","lv":null,"n":null}},
{"type":"Feature","geometry":{"type":"Polygon","coordinates":[[[-122.300312,37.875102],[-122.300273,37.874975],[-122.30033,37.874964],[-122.300325,37.874946],[-122.300356,37.87494],[-122.3004,37.875085],[-122.300312,37.875102]]]},"properties":{"id":"w821864447","b":"yes","lv":null,"n":null}},
{"type":"Feature","geometry":{"type":"Polygon","coordinates":[[[-122.293624,37.876213],[-122.293609,37.876169],[-122.293601,37.876171],[-122.293588,37.876131],[-122.293655,37.876118],[-122.293657,37.876124],[-122.293737,37.876108],[-122.293739,37.876114],[-122.293802,37.876101],[-122.293825,37.876173],[-122.293624,37.876213]]]},"properties":{"id":"w821864448","b":"yes","lv":null,"n":null}},
{"type":"Feature","geometry":{"type":"Polygon","coordinates":[[[-122.296809,37.875655],[-122.296799,37.875628],[-122.29683,37.875621],[-122.296839,37.875648],[-122.296809,37.875655]]]},"properties":{"id":"w821864449","b":"allotment_house","lv":null,"n":null}},
{"type":"Feature","geometry":{"type":"Polygon","coordinates":[[[-122.30046,37.875064],[-122.300431,37.874969],[-122.300411,37.874973],[-122.300396,37.874925],[-122.300512,37.874903],[-122.300556,37.875045],[-122.30046,37.875064]]]},"properties":{"id":"w821864450","b":"yes","lv":null,"n":null}},
{"type":"Feature","geometry":{"type":"Polygon","coordinates":[[[-122.293901,37.8764],[-122.293863,37.876279],[-122.293916,37.876268],[-122.293954,37.87639],[-122.293901,37.8764]]]},"properties":{"id":"w821864451","b":"yes","lv":null,"n":null}},
{"type":"Feature","geometry":{"type":"Polygon","coordinates":[[[-122.293711,37.876292],[-122.293713,37.876297],[-122.293632,37.876313],[-122.293623,37.876284],[-122.293631,37.876282],[-122.29362,37.876248],[-122.293635,37.876245],[-122.293629,37.876229],[-122.29377,37.876201],[-122.293794,37.876276],[-122.293711,37.876292]]]},"properties":{"id":"w821864452","b":"yes","lv":null,"n":null}},
{"type":"Feature","geometry":{"type":"Polygon","coordinates":[[[-122.296949,37.875775],[-122.296944,37.875757],[-122.296927,37.87576],[-122.296923,37.875746],[-122.296882,37.875755],[-122.296851,37.875657],[-122.296947,37.875638],[-122.296989,37.875767],[-122.296949,37.875775]]]},"properties":{"id":"w821864453","b":"house","lv":null,"n":null}},
{"type":"Feature","geometry":{"type":"Polygon","coordinates":[[[-122.300614,37.875035],[-122.300575,37.874914],[-122.300643,37.8749],[-122.300683,37.875021],[-122.300614,37.875035]]]},"properties":{"id":"w821864454","b":"yes","lv":null,"n":null}},
{"type":"Feature","geometry":{"type":"Polygon","coordinates":[[[-122.300703,37.875015],[-122.300694,37.874985],[-122.300683,37.874987],[-122.300678,37.87497],[-122.300683,37.874969],[-122.300659,37.874893],[-122.300731,37.874879],[-122.300768,37.875002],[-122.300703,37.875015]]]},"properties":{"id":"w821864456","b":"yes","lv":null,"n":null}},
{"type":"Feature","geometry":{"type":"Polygon","coordinates":[[[-122.293808,37.876408],[-122.293816,37.876433],[-122.293765,37.876443],[-122.293762,37.876434],[-122.293672,37.876452],[-122.293639,37.876346],[-122.293739,37.876327],[-122.293754,37.876374],[-122.293813,37.876362],[-122.293826,37.876404],[-122.293808,37.876408]]]},"properties":{"id":"w821864457","b":"yes","lv":null,"n":null}},
{"type":"Feature","geometry":{"type":"Polygon","coordinates":[[[-122.300798,37.875019],[-122.300746,37.874852],[-122.300813,37.874838],[-122.300826,37.87488],[-122.300943,37.874858],[-122.300944,37.874862],[-122.300998,37.874851],[-122.301036,37.874973],[-122.300798,37.875019]]]},"properties":{"id":"w821864458","b":"yes","lv":null,"n":null}},
{"type":"Feature","geometry":{"type":"Polygon","coordinates":[[[-122.294038,37.8764],[-122.294016,37.876333],[-122.294286,37.876279],[-122.294308,37.876346],[-122.294038,37.8764]]]},"properties":{"id":"w821864459","b":"yes","lv":null,"n":null}},
{"type":"Feature","geometry":{"type":"Polygon","coordinates":[[[-122.29705,37.875751],[-122.297007,37.87563],[-122.297097,37.87561],[-122.297139,37.875731],[-122.29705,37.875751]]]},"properties":{"id":"w821864460","b":"yes","lv":null,"n":null}},
{"type":"Feature","geometry":{"type":"Polygon","coordinates":[[[-122.293992,37.876061],[-122.293983,37.876033],[-122.293919,37.876046],[-122.293875,37.876055],[-122.293863,37.876019],[-122.29389,37.876013],[-122.293883,37.87599],[-122.294172,37.875931],[-122.294201,37.876019],[-122.293992,37.876061]]]},"properties":{"id":"w821864463","b":"yes","lv":null,"n":null}},
{"type":"Feature","geometry":{"type":"Polygon","coordinates":[[[-122.297186,37.875709],[-122.297168,37.875652],[-122.297177,37.87565],[-122.297164,37.875609],[-122.297195,37.875603],[-122.297179,37.875553],[-122.297241,37.87554],[-122.297271,37.875632],[-122.297259,37.875635],[-122.297277,37.875691],[-122.297186,37.875709]]]},"properties":{"id":"w821864464","b":"yes","lv":null,"n":null}},
{"type":"Feature","geometry":{"type":"Polygon","coordinates":[[[-122.293883,37.87599],[-122.29389,37.876013],[-122.293863,37.876019],[-122.293845,37.876023],[-122.293831,37.87598],[-122.293848,37.875976],[-122.293843,37.875959],[-122.293836,37.875961],[-122.293833,37.875952],[-122.293838,37.87595],[-122.293832,37.875931],[-122.294151,37.875866],[-122.294172,37.875931],[-122.293883,37.87599]]]},"properties":{"id":"w821864466","b":"yes","lv":null,"n":null}},
{"type":"Feature","geometry":{"type":"Polygon","coordinates":[[[-122.297384,37.875685],[-122.297379,37.875671],[-122.297337,37.875679],[-122.297312,37.875594],[-122.297314,37.875594],[-122.29731,37.875578],[-122.297398,37.875561],[-122.297433,37.875676],[-122.297384,37.875685]]]},"properties":{"id":"w821864467","b":"yes","lv":null,"n":null}},
{"type":"Feature","geometry":{"type":"Polygon","coordinates":[[[-122.300864,37.874583],[-122.300811,37.874594],[-122.300813,37.874599],[-122.300782,37.874606],[-122.30078,37.8746],[-122.300707,37.874616],[-122.300689,37.874564],[-122.300694,37.874563],[-122.300693,37.874558],[-122.30079,37.874537],[-122.300792,37.874544],[-122.300846,37.874532],[-122.300864,37.874583]]]},"properties":{"id":"w821864468","b":"yes","lv":null,"n":null}},
{"type":"Feature","geometry":{"type":"Polygon","coordinates":[[[-122.293855,37.875782],[-122.293836,37.87572],[-122.294089,37.875671],[-122.294109,37.875733],[-122.293855,37.875782]]]},"properties":{"id":"w821864469","b":"yes","lv":null,"n":null}},
{"type":"Feature","geometry":{"type":"Polygon","coordinates":[[[-122.293866,37.87571],[-122.293858,37.875685],[-122.293839,37.875689],[-122.293834,37.875672],[-122.293853,37.875669],[-122.293845,37.875644],[-122.293933,37.875627],[-122.29393,37.875617],[-122.293954,37.875613],[-122.293957,37.875622],[-122.294067,37.875601],[-122.294087,37.875666],[-122.293866,37.87571]]]},"properties":{"id":"w821864470","b":"yes","lv":null,"n":null}},
{"type":"Feature","geometry":{"type":"Polygon","coordinates":[[[-122.297545,37.875631],[-122.297547,37.875638],[-122.297501,37.875648],[-122.297495,37.87563],[-122.29748,37.875633],[-122.297446,37.875532],[-122.297456,37.875529],[-122.297452,37.875517],[-122.297499,37.875508],[-122.297503,37.875519],[-122.297539,37.875511],[-122.297577,37.875625],[-122.297545,37.875631]]]},"properties":{"id":"w821864471","b":"yes","lv":null,"n":null}},
{"type":"Feature","geometry":{"type":"Polygon","coordinates":[[[-122.292609,37.875618],[-122.292578,37.875522],[-122.292661,37.875506],[-122.292666,37.875521],[-122.292687,37.875517],[-122.292719,37.875616],[-122.29265,37.87563],[-122.292643,37.875611],[-122.292609,37.875618]]]},"properties":{"id":"w821864472","b":"yes","lv":null,"n":null}},
{"type":"Feature","geometry":{"type":"Polygon","coordinates":[[[-122.297655,37.875612],[-122.297661,37.875629],[-122.297616,37.875639],[-122.297557,37.875462],[-122.297619,37.875449],[-122.297619,37.875447],[-122.297645,37.875442],[-122.297662,37.875492],[-122.297672,37.87549],[-122.297686,37.875532],[-122.297677,37.875533],[-122.297682,37.875549],[-122.29769,37.875547],[-122.297708,37.875601],[-122.297655,37.875612]]]},"properties":{"id":"w821864474","b":"house","lv":null,"n":null}},
{"type":"Feature","geometry":{"type":"Polygon","coordinates":[[[-122.292485,37.875671],[-122.292472,37.87563],[-122.292486,37.875628],[-122.292478,37.875602],[-122.29246,37.875606],[-122.292443,37.87555],[-122.292476,37.875544],[-122.292476,37.875542],[-122.292488,37.875539],[-122.292559,37.875526],[-122.292577,37.875583],[-122.292564,37.875585],[-122.292585,37.875652],[-122.292485,37.875671]]]},"properties":{"id":"w821864475","b":"yes","lv":null,"n":null}},
{"type":"Feature","geometry":{"type":"Polygon","coordinates":[[[-122.300818,37.874456],[-122.300823,37.874474],[-122.300809,37.874477],[-122.300818,37.874507],[-122.300782,37.874515],[-122.300768,37.874469],[-122.3007,37.874483],[-122.300716,37.874532],[-122.300645,37.874546],[-122.300627,37.874489],[-122.300613,37.874492],[-122.300598,37.874444],[-122.300814,37.874401],[-122.300831,37.874454],[-122.300818,37.874456]]]},"properties":{"id":"w821864476","b":"yes","lv":null,"n":null}},
{"type":"Feature","geometry":{"type":"Polygon","coordinates":[[[-122.294035,37.875589],[-122.293859,37.875626],[-122.293842,37.875574],[-122.294018,37.875538],[-122.294035,37.875589]]]},"properties":{"id":"w821864477","b":"yes","lv":null,"n":null}},
{"type":"Feature","geometry":{"type":"Polygon","coordinates":[[[-122.300647,37.874418],[-122.300627,37.874354],[-122.300787,37.874323],[-122.300807,37.874388],[-122.300647,37.874418]]]},"properties":{"id":"w821864478","b":"yes","lv":null,"n":null}},
{"type":"Feature","geometry":{"type":"Polygon","coordinates":[[[-122.292737,37.87576],[-122.292742,37.875776],[-122.292664,37.875792],[-122.292632,37.875696],[-122.292738,37.875674],[-122.292764,37.875755],[-122.292737,37.87576]]]},"properties":{"id":"w821864479","b":"yes","lv":null,"n":null}},
{"type":"Feature","geometry":{"type":"Polygon","coordinates":[[[-122.292538,37.875841],[-122.292521,37.875789],[-122.292537,37.875786],[-122.292526,37.875754],[-122.292513,37.875757],[-122.2925,37.875718],[-122.292603,37.875697],[-122.292621,37.875753],[-122.292632,37.87575],[-122.292654,37.875818],[-122.292538,37.875841]]]},"properties":{"id":"w821864480","b":"yes","lv":null,"n":null}},
{"type":"Feature","geometry":{"type":"Polygon","coordinates":[[[-122.30077,37.874296],[-122.300774,37.874309],[-122.300627,37.874338],[-122.300609,37.874282],[-122.300679,37.874268],[-122.300677,37.874263],[-122.30073,37.874253],[-122.300733,37.874264],[-122.300781,37.874255],[-122.300793,37.874291],[-122.30077,37.874296]]]},"properties":{"id":"w821864481","b":"yes","lv":null,"n":null}},
{"type":"Feature","geometry":{"type":"Polygon","coordinates":[[[-122.293652,37.875524],[-122.293732,37.875483],[-122.293745,37.875521],[-122.293823,37.875505],[-122.294023,37.875463],[-122.294046,37.875532],[-122.294018,37.875538],[-122.293842,37.875574],[-122.293679,37.875607],[-122.293652,37.875524]]]},"properties":{"id":"w821864482","b":"yes","lv":null,"n":null}},
{"type":"Feature","geometry":{"type":"Polygon","coordinates":[[[-122.292871,37.875676],[-122.292881,37.875709],[-122.292821,37.87572],[-122.292825,37.875733],[-122.292786,37.875741],[-122.292757,37.875646],[-122.292883,37.875622],[-122.292898,37.87567],[-122.292871,37.875676]]]},"properties":{"id":"w821864483","b":"yes","lv":null,"n":null}},
{"type":"Feature","geometry":{"type":"Polygon","coordinates":[[[-122.300378,37.874322],[-122.300351,37.87424],[-122.300661,37.874177],[-122.300635,37.874096],[-122.300578,37.874108],[-122.300541,37.874008],[-122.300728,37.873969],[-122.300815,37.874233],[-122.300378,37.874322]]]},"properties":{"id":"w821864484","b":"yes","lv":null,"n":null}},
{"type":"Feature","geometry":{"type":"Polygon","coordinates":[[[-122.292741,37.875595],[-122.292709,37.8755],[-122.292761,37.875489],[-122.292765,37.875501],[-122.292809,37.875491],[-122.292821,37.875527],[-122.292847,37.875521],[-122.292863,37.875569],[-122.292741,37.875595]]]},"properties":{"id":"w821864485","b":"yes","lv":null,"n":null}},
{"type":"Feature","geometry":{"type":"Polygon","coordinates":[[[-122.292994,37.875643],[-122.29295,37.875574],[-122.293108,37.875511],[-122.293153,37.87558],[-122.292994,37.875643]]]},"properties":{"id":"w821864487","b":"yes","lv":null,"n":null}},
{"type":"Feature","geometry":{"type":"Polygon","coordinates":[[[-122.300352,37.874218],[-122.300305,37.874071],[-122.300316,37.874069],[-122.300313,37.874058],[-122.300392,37.874042],[-122.300396,37.874053],[-122.300411,37.87405],[-122.300458,37.874197],[-122.300352,37.874218]]]},"properties":{"id":"w821864488","b":"yes","lv":null,"n":null}},
{"type":"Feature","geometry":{"type":"Polygon","coordinates":[[[-122.29294,37.875548],[-122.29291,37.875472],[-122.293084,37.87543],[-122.293113,37.875506],[-122.29294,37.875548]]]},"properties":{"id":"w821864489","b":"detached","lv":null,"n":null}},
{"type":"Feature","geometry":{"type":"Polygon","coordinates":[[[-122.300802,37.874743],[-122.3008,37.874739],[-122.300784,37.874742],[-122.300773,37.874709],[-122.300789,37.874705],[-122.300779,37.874674],[-122.300869,37.874655],[-122.300892,37.874725],[-122.300802,37.874743]]]},"properties":{"id":"w821864490","b":"yes","lv":null,"n":null}},
{"type":"Feature","geometry":{"type":"Polygon","coordinates":[[[-122.300145,37.874238],[-122.300129,37.874184],[-122.300169,37.874176],[-122.300186,37.87423],[-122.300145,37.874238]]]},"properties":{"id":"w821864491","b":"yes","lv":null,"n":null}},
{"type":"Feature","geometry":{"type":"Polygon","coordinates":[[[-122.300238,37.874167],[-122.300246,37.87419],[-122.300181,37.874203],[-122.30015,37.874106],[-122.300239,37.874088],[-122.300263,37.874162],[-122.300238,37.874167]]]},"properties":{"id":"w821864492","b":"yes","lv":null,"n":null}},
{"type":"Feature","geometry":{"type":"Polygon","coordinates":[[[-122.300025,37.874369],[-122.300034,37.874394],[-122.299963,37.874409],[-122.299954,37.874384],[-122.299946,37.874385],[-122.299919,37.874305],[-122.300068,37.874273],[-122.300079,37.874306],[-122.300084,37.874305],[-122.30009,37.874324],[-122.300085,37.874325],[-122.300095,37.874354],[-122.300025,37.874369]]]},"properties":{"id":"w821864493","b":"yes","lv":null,"n":null}},
{"type":"Feature","geometry":{"type":"Polygon","coordinates":[[[-122.300764,37.874667],[-122.300766,37.874671],[-122.300706,37.874684],[-122.300701,37.874669],[-122.300687,37.874672],[-122.300674,37.874634],[-122.30074,37.87462],[-122.300737,37.874613],[-122.300773,37.874605],[-122.300775,37.874612],[-122.300786,37.87461],[-122.300803,37.874658],[-122.300764,37.874667]]]},"properties":{"id":"w821864494","b":"yes","lv":null,"n":null}},
{"type":"Feature","geometry":{"type":"Polygon","coordinates":[[[-122.295378,37.8761],[-122.29515,37.875391],[-122.295245,37.875372],[-122.295473,37.876081],[-122.295378,37.8761]]]},"properties":{"id":"w821864496","b":"apartments","lv":null,"n":null}},
{"type":"Feature","geometry":{"type":"Polygon","coordinates":[[[-122.29515,37.876151],[-122.295125,37.876068],[-122.29533,37.87603],[-122.295355,37.876113],[-122.29524,37.876134],[-122.29515,37.876151]]]},"properties":{"id":"w821864497","b":"yes","lv":null,"n":null}},
{"type":"Feature","geometry":{"type":"Polygon","coordinates":[[[-122.296002,37.875946],[-122.295895,37.875967],[-122.295868,37.875881],[-122.295975,37.87586],[-122.296002,37.875946]]]},"properties":{"id":"w821864499","b":"yes","lv":null,"n":null}},
{"type":"Feature","geometry":{"type":"Polygon","coordinates":[[[-122.297715,37.874812],[-122.297707,37.874785],[-122.297788,37.874771],[-122.297796,37.874799],[-122.297715,37.874812]]]},"properties":{"id":"w821864500","b":"yes","lv":null,"n":null}},
{"type":"Feature","geometry":{"type":"Polygon","coordinates":[[[-122.297819,37.874793],[-122.297798,37.874735],[-122.29783,37.874728],[-122.297851,37.874786],[-122.297819,37.874793]]]},"properties":{"id":"w821864501","b":"yes","lv":null,"n":null}},
{"type":"Feature","geometry":{"type":"Polygon","coordinates":[[[-122.297766,37.874712],[-122.297773,37.874734],[-122.297693,37.87475],[-122.297657,37.874639],[-122.297768,37.874617],[-122.297796,37.874706],[-122.297766,37.874712]]]},"properties":{"id":"w821864502","b":"house","lv":null,"n":null}},
{"type":"Feature","geometry":{"type":"Polygon","coordinates":[[[-122.297918,37.874691],[-122.297926,37.874715],[-122.297845,37.874731],[-122.297804,37.8746],[-122.297917,37.874578],[-122.297951,37.874684],[-122.297918,37.874691]]]},"properties":{"id":"w821864503","b":"yes","lv":null,"n":null}},
{"type":"Feature","geometry":{"type":"Polygon","coordinates":[[[-122.298058,37.874661],[-122.298062,37.874675],[-122.297995,37.874689],[-122.297958,37.874578],[-122.298002,37.874569],[-122.297998,37.874558],[-122.298035,37.87455],[-122.298038,37.874562],[-122.298067,37.874556],[-122.298099,37.874652],[-122.298058,37.874661]]]},"properties":{"id":"w821864505","b":"yes","lv":null,"n":null}},
{"type":"Feature","geometry":{"type":"Polygon","coordinates":[[[-122.298218,37.874635],[-122.298208,37.874604],[-122.298179,37.87461],[-122.298194,37.874654],[-122.298148,37.874663],[-122.298108,37.874546],[-122.298219,37.874522],[-122.298255,37.874627],[-122.298218,37.874635]]]},"properties":{"id":"w821864507","b":"yes","lv":null,"n":null}},
{"type":"Feature","geometry":{"type":"Polygon","coordinates":[[[-122.298369,37.874586],[-122.298365,37.874572],[-122.298333,37.874578],[-122.298346,37.874619],[-122.298296,37.874629],[-122.298263,37.874519],[-122.298376,37.874498],[-122.298401,37.87458],[-122.298369,37.874586]]]},"properties":{"id":"w821864508","b":"yes","lv":null,"n":null}},
{"type":"Feature","geometry":{"type":"Polygon","coordinates":[[[-122.298516,37.874554],[-122.298511,37.874538],[-122.298484,37.874543],[-122.298499,37.874588],[-122.298448,37.874599],[-122.298411,37.874485],[-122.298463,37.874475],[-122.29846,37.874466],[-122.298483,37.874461],[-122.298486,37.874471],[-122.298523,37.874463],[-122.298551,37.874547],[-122.298516,37.874554]]]},"properties":{"id":"w821864509","b":"yes","lv":null,"n":null}},
{"type":"Feature","geometry":{"type":"Polygon","coordinates":[[[-122.298447,37.874748],[-122.298424,37.874679],[-122.298464,37.874671],[-122.298487,37.87474],[-122.298447,37.874748]]]},"properties":{"id":"w821864510","b":"yes","lv":null,"n":null}},
{"type":"Feature","geometry":{"type":"Polygon","coordinates":[[[-122.298508,37.874722],[-122.29849,37.874667],[-122.298585,37.874648],[-122.298603,37.874703],[-122.298508,37.874722]]]},"properties":{"id":"w821864511","b":"yes","lv":null,"n":null}},
{"type":"Feature","geometry":{"type":"Polygon","coordinates":[[[-122.29853,37.874855],[-122.298502,37.874768],[-122.298536,37.874762],[-122.298537,37.874765],[-122.298545,37.874764],[-122.298549,37.874777],[-122.298571,37.874773],[-122.29856,37.874739],[-122.298617,37.874728],[-122.298634,37.874782],[-122.298639,37.874801],[-122.298631,37.874803],[-122.298641,37.874834],[-122.29853,37.874855]]]},"properties":{"id":"w821864512","b":"yes","lv":null,"n":null}},
{"type":"Feature","geometry":{"type":"Polygon","coordinates":[[[-122.298382,37.874887],[-122.298358,37.874815],[-122.29847,37.874792],[-122.298494,37.874863],[-122.298382,37.874887]]]},"properties":{"id":"w821864514","b":"yes","lv":null,"n":null}},
{"type":"Feature","geometry":{"type":"Polygon","coordinates":[[[-122.298228,37.874915],[-122.298201,37.874826],[-122.298238,37.874819],[-122.29824,37.874825],[-122.298246,37.874824],[-122.298249,37.874835],[-122.298319,37.874821],[-122.298341,37.874893],[-122.298228,37.874915]]]},"properties":{"id":"w821864515","b":"yes","lv":null,"n":null}},
{"type":"Feature","geometry":{"type":"Polygon","coordinates":[[[-122.298077,37.874948],[-122.298047,37.874849],[-122.298159,37.874827],[-122.298189,37.874927],[-122.298077,37.874948]]]},"properties":{"id":"w821864516","b":"yes","lv":null,"n":null}},
{"type":"Feature","geometry":{"type":"Polygon","coordinates":[[[-122.297841,37.874874],[-122.297821,37.874812],[-122.297825,37.874811],[-122.297823,37.874806],[-122.297852,37.8748],[-122.297854,37.874805],[-122.297858,37.874804],[-122.297877,37.874867],[-122.297841,37.874874]]]},"properties":{"id":"w821864517","b":"yes","lv":null,"n":null}},
{"type":"Feature","geometry":{"type":"Polygon","coordinates":[[[-122.297925,37.874977],[-122.297879,37.874834],[-122.297993,37.874811],[-122.298039,37.874954],[-122.297925,37.874977]]]},"properties":{"id":"w821864518","b":"yes","lv":null,"n":null}},
{"type":"Feature","geometry":{"type":"Polygon","coordinates":[[[-122.295216,37.875365],[-122.295199,37.87531],[-122.295277,37.875295],[-122.295294,37.87535],[-122.295216,37.875365]]]},"properties":{"id":"w821864519","b":"detached","lv":null,"n":null}},
{"type":"Feature","geometry":{"type":"Polygon","coordinates":[[[-122.294568,37.876012],[-122.294564,37.876013],[-122.294545,37.875955],[-122.294566,37.875951],[-122.294546,37.875893],[-122.294526,37.875897],[-122.294499,37.875818],[-122.294505,37.875817],[-122.294505,37.875755],[-122.294476,37.875761],[-122.294405,37.875544],[-122.294533,37.875518],[-122.29454,37.875541],[-122.294634,37.875522],[-122.29464,37.875538],[-122.294678,37.87553],[-122.294672,37.875513],[-122.294763,37.875495],[-122.294768,37.875512],[-122.29481,37.875503],[-122.294805,37.875487],[-122.29488,37.875472],[-122.294885,37.875488],[-122.294917,37.875481],[-122.294909,37.875458],[-122.295045,37.875431],[-122.295071,37.875509],[-122.295048,37.875513],[-122.295055,37.875537],[-122.295078,37.875532],[-122.2951,37.875599],[-122.295078,37.875603],[-122.295085,37.875625],[-122.295108,37.87562],[-122.29513,37.875687],[-122.295107,37.875691],[-122.295115,37.875714],[-122.295138,37.875709],[-122.295163,37.875786],[-122.29514,37.87579],[-122.295147,37.875814],[-122.295168,37.87581],[-122.29519,37.875877],[-122.295168,37.875882],[-122.295174,37.875901],[-122.295199,37.875896],[-122.29523,37.875993],[-122.294944,37.876051],[-122.294925,37.875992],[-122.294955,37.875986],[-122.294869,37.875724],[-122.294884,37.875721],[-122.294857,37.875641],[-122.294839,37.875644],[-122.294843,37.875655],[-122.294723,37.87568],[-122.294719,37.875669],[-122.294706,37.875671],[-122.294733,37.875756],[-122.294747,37.875754],[-122.294764,37.875806],[-122.294742,37.87581],[-122.29475,37.875835],[-122.294772,37.87583],[-122.294793,37.875894],[-122.294772,37.875899],[-122.294781,37.875926],[-122.294801,37.875922],[-122.294824,37.875991],[-122.294804,37.875995],[-122.294811,37.876019],[-122.294831,37.876015],[-122.294847,37.876064],[-122.294867,37.87606],[-122.294889,37.876128],[-122.295078,37.876089],[-122.295112,37.876192],[-122.294654,37.876285],[-122.294584,37.876071],[-122.294606,37.876067],[-122.294568,37.876012]]]},"properties":{"id":"w821864520","b":"apartments","lv":"5","n":"Jones-Berkeley Apartments"}},
{"type":"Feature","geometry":{"type":"Polygon","coordinates":[[[-122.297771,37.875006],[-122.297744,37.874914],[-122.297858,37.874893],[-122.297885,37.874985],[-122.297771,37.875006]]]},"properties":{"id":"w821864521","b":"house","lv":null,"n":null}},
{"type":"Feature","geometry":{"type":"Polygon","coordinates":[[[-122.297981,37.875355],[-122.297982,37.875357],[-122.297894,37.875372],[-122.297886,37.875343],[-122.297999,37.875324],[-122.298006,37.875351],[-122.297981,37.875355]]]},"properties":{"id":"w821864522","b":"yes","lv":null,"n":null}},
{"type":"Feature","geometry":{"type":"Polygon","coordinates":[[[-122.29508,37.875394],[-122.29506,37.875328],[-122.295089,37.875322],[-122.295084,37.875306],[-122.295119,37.875299],[-122.295124,37.875316],[-122.295157,37.875309],[-122.295178,37.875375],[-122.29508,37.875394]]]},"properties":{"id":"w821864523","b":"yes","lv":null,"n":null}},
{"type":"Feature","geometry":{"type":"Polygon","coordinates":[[[-122.297908,37.875411],[-122.297899,37.875383],[-122.297977,37.875367],[-122.297986,37.875395],[-122.297908,37.875411]]]},"properties":{"id":"w821864524","b":"garage","lv":null,"n":null}},
{"type":"Feature","geometry":{"type":"Polygon","coordinates":[[[-122.295161,37.875227],[-122.295126,37.87512],[-122.295212,37.875102],[-122.295247,37.875209],[-122.295161,37.875227]]]},"properties":{"id":"w821864525","b":"detached","lv":null,"n":null}},
{"type":"Feature","geometry":{"type":"Polygon","coordinates":[[[-122.295041,37.875251],[-122.295007,37.875146],[-122.295091,37.875129],[-122.295132,37.875256],[-122.295066,37.875269],[-122.295059,37.875247],[-122.295041,37.875251]]]},"properties":{"id":"w821864526","b":"yes","lv":null,"n":null}},
{"type":"Feature","geometry":{"type":"Polygon","coordinates":[[[-122.297941,37.87526],[-122.297936,37.875245],[-122.297857,37.875261],[-122.297835,37.875191],[-122.297884,37.875181],[-122.297881,37.875172],[-122.297905,37.875168],[-122.297908,37.875177],[-122.297946,37.87517],[-122.297973,37.875254],[-122.297941,37.87526]]]},"properties":{"id":"w821864527","b":"house","lv":null,"n":null}},
{"type":"Feature","geometry":{"type":"Polygon","coordinates":[[[-122.298089,37.875228],[-122.298085,37.875214],[-122.298005,37.87523],[-122.297984,37.875161],[-122.298097,37.875139],[-122.298123,37.875221],[-122.298089,37.875228]]]},"properties":{"id":"w821864528","b":"yes","lv":null,"n":null}},
{"type":"Feature","geometry":{"type":"Polygon","coordinates":[[[-122.294947,37.875374],[-122.294907,37.87525],[-122.295004,37.87523],[-122.295044,37.875354],[-122.294947,37.875374]]]},"properties":{"id":"w821864529","b":"yes","lv":null,"n":null}},
{"type":"Feature","geometry":{"type":"Polygon","coordinates":[[[-122.294822,37.875297],[-122.294789,37.875191],[-122.294869,37.875175],[-122.294902,37.875281],[-122.294822,37.875297]]]},"properties":{"id":"w821864530","b":"yes","lv":null,"n":null}},
{"type":"Feature","geometry":{"type":"Polygon","coordinates":[[[-122.298243,37.875199],[-122.298238,37.875183],[-122.298157,37.875199],[-122.298136,37.87513],[-122.298158,37.875126],[-122.298157,37.875121],[-122.298173,37.875117],[-122.298175,37.875123],[-122.29819,37.87512],[-122.298188,37.875113],[-122.298208,37.875109],[-122.29821,37.875116],[-122.298248,37.875109],[-122.298274,37.875193],[-122.298243,37.875199]]]},"properties":{"id":"w821864531","b":"yes","lv":null,"n":null}},
{"type":"Feature","geometry":{"type":"Polygon","coordinates":[[[-122.298396,37.875178],[-122.298388,37.875155],[-122.298308,37.87517],[-122.298286,37.8751],[-122.298339,37.875089],[-122.298337,37.875082],[-122.298359,37.875078],[-122.298361,37.875085],[-122.2984,37.875077],[-122.29843,37.875171],[-122.298396,37.875178]]]},"properties":{"id":"w821864532","b":"yes","lv":null,"n":null}},
{"type":"Feature","geometry":{"type":"Polygon","coordinates":[[[-122.294684,37.875329],[-122.294648,37.875217],[-122.294746,37.875197],[-122.294782,37.875308],[-122.294684,37.875329]]]},"properties":{"id":"w821864533","b":"yes","lv":null,"n":null}},
{"type":"Feature","geometry":{"type":"Polygon","coordinates":[[[-122.294615,37.875454],[-122.294616,37.87546],[-122.294574,37.875468],[-122.294537,37.875348],[-122.294547,37.875347],[-122.294546,37.875343],[-122.294634,37.875326],[-122.294671,37.875443],[-122.294615,37.875454]]]},"properties":{"id":"w821864535","b":"yes","lv":null,"n":null}},
{"type":"Feature","geometry":{"type":"Polygon","coordinates":[[[-122.294384,37.87545],[-122.294357,37.875367],[-122.29444,37.875351],[-122.294524,37.875334],[-122.29455,37.875417],[-122.294463,37.875434],[-122.294384,37.87545]]]},"properties":{"id":"w821864536","b":"yes","lv":null,"n":null}},
{"type":"Feature","geometry":{"type":"Polygon","coordinates":[[[-122.298537,37.875155],[-122.298551,37.875198],[-122.298479,37.875212],[-122.298433,37.875069],[-122.298549,37.875046],[-122.298582,37.875146],[-122.298537,37.875155]]]},"properties":{"id":"w821864537","b":"yes","lv":null,"n":null}},
{"type":"Feature","geometry":{"type":"Polygon","coordinates":[[[-122.298696,37.875111],[-122.298691,37.875097],[-122.298661,37.875103],[-122.298672,37.875136],[-122.298623,37.875146],[-122.298588,37.875041],[-122.298699,37.875018],[-122.298728,37.875104],[-122.298696,37.875111]]]},"properties":{"id":"w821864538","b":"yes","lv":null,"n":null}},
{"type":"Feature","geometry":{"type":"Polygon","coordinates":[[[-122.297953,37.875574],[-122.297907,37.875426],[-122.297975,37.875413],[-122.297987,37.875452],[-122.298013,37.875447],[-122.298047,37.875556],[-122.297953,37.875574]]]},"properties":{"id":"w821864539","b":"house","lv":null,"n":null}},
{"type":"Feature","geometry":{"type":"Polygon","coordinates":[[[-122.298173,37.875529],[-122.298174,37.875533],[-122.298152,37.875537],[-122.298132,37.875541],[-122.298131,37.875538],[-122.298088,37.875547],[-122.298055,37.875443],[-122.298098,37.875434],[-122.298095,37.875424],[-122.298119,37.87542],[-122.298122,37.875429],[-122.298145,37.875425],[-122.298179,37.875528],[-122.298173,37.875529]]]},"properties":{"id":"w821864542","b":"yes","lv":null,"n":null}},
{"type":"Feature","geometry":{"type":"Polygon","coordinates":[[[-122.298223,37.875522],[-122.298173,37.875363],[-122.298227,37.875353],[-122.298243,37.875401],[-122.298275,37.875394],[-122.29831,37.875505],[-122.298223,37.875522]]]},"properties":{"id":"w821864544","b":"yes","lv":null,"n":null}},
{"type":"Feature","geometry":{"type":"Polygon","coordinates":[[[-122.298437,37.875474],[-122.298438,37.875476],[-122.298358,37.875492],[-122.298321,37.875379],[-122.298409,37.875361],[-122.298446,37.875472],[-122.298437,37.875474]]]},"properties":{"id":"w821864546","b":"yes","lv":null,"n":null}},
{"type":"Feature","geometry":{"type":"Polygon","coordinates":[[[-122.298579,37.87545],[-122.298537,37.875458],[-122.298535,37.875452],[-122.298491,37.875461],[-122.298458,37.875354],[-122.298545,37.875337],[-122.298579,37.87545]]]},"properties":{"id":"w821864548","b":"yes","lv":null,"n":null}},
{"type":"Feature","geometry":{"type":"Polygon","coordinates":[[[-122.298701,37.875252],[-122.298677,37.875177],[-122.298774,37.875158],[-122.298799,37.875232],[-122.298701,37.875252]]]},"properties":{"id":"w821864549","b":"yes","lv":null,"n":null}},
{"type":"Feature","geometry":{"type":"Polygon","coordinates":[[[-122.298646,37.875222],[-122.298638,37.875195],[-122.298674,37.875188],[-122.298682,37.875215],[-122.298646,37.875222]]]},"properties":{"id":"w821864551","b":"yes","lv":null,"n":null}},
{"type":"Feature","geometry":{"type":"Polygon","coordinates":[[[-122.293962,37.87633],[-122.293919,37.876196],[-122.293965,37.876187],[-122.29417,37.876145],[-122.294214,37.876279],[-122.293962,37.87633]]]},"properties":{"id":"w821864552","b":"yes","lv":null,"n":null}},
{"type":"Feature","geometry":{"type":"Polygon","coordinates":[[[-122.298664,37.875295],[-122.298644,37.87523],[-122.298679,37.875223],[-122.298699,37.875288],[-122.298664,37.875295]]]},"properties":{"id":"w821864553","b":"yes","lv":null,"n":null}},
{"type":"Feature","geometry":{"type":"Polygon","coordinates":[[[-122.298708,37.875422],[-122.29871,37.875427],[-122.298673,37.875434],[-122.298672,37.87543],[-122.298629,37.875438],[-122.298594,37.875334],[-122.298683,37.875315],[-122.298717,37.87542],[-122.298708,37.875422]]]},"properties":{"id":"w821864554","b":"yes","lv":null,"n":null}},
{"type":"Feature","geometry":{"type":"Polygon","coordinates":[[[-122.298753,37.875417],[-122.298718,37.875303],[-122.298806,37.875286],[-122.298841,37.8754],[-122.298831,37.875402],[-122.298835,37.875416],[-122.298771,37.875429],[-122.298767,37.875414],[-122.298753,37.875417]]]},"properties":{"id":"w821864555","b":"yes","lv":null,"n":null}},
{"type":"Feature","geometry":{"type":"Polygon","coordinates":[[[-122.299529,37.874611],[-122.299524,37.874597],[-122.299492,37.874603],[-122.299372,37.874627],[-122.299376,37.874641],[-122.299343,37.874647],[-122.299315,37.87456],[-122.299384,37.874547],[-122.29938,37.874533],[-122.299464,37.874516],[-122.299468,37.874528],[-122.299529,37.874516],[-122.299558,37.874605],[-122.299529,37.874611]]]},"properties":{"id":"w821864556","b":"yes","lv":null,"n":null}},
{"type":"Feature","geometry":{"type":"Polygon","coordinates":[[[-122.299484,37.874747],[-122.29946,37.874678],[-122.299619,37.874644],[-122.299643,37.874713],[-122.299484,37.874747]]]},"properties":{"id":"w821864557","b":"yes","lv":null,"n":null}},
{"type":"Feature","geometry":{"type":"Polygon","coordinates":[[[-122.299472,37.874924],[-122.299451,37.874859],[-122.299714,37.874807],[-122.299735,37.874872],[-122.299472,37.874924]]]},"properties":{"id":"w821864558","b":"yes","lv":null,"n":null}},
{"type":"Feature","geometry":{"type":"Polygon","coordinates":[[[-122.299421,37.875019],[-122.299403,37.87496],[-122.299717,37.874897],[-122.299736,37.874956],[-122.299421,37.875019]]]},"properties":{"id":"w821864559","b":"yes","lv":null,"n":null}},
{"type":"Feature","geometry":{"type":"Polygon","coordinates":[[[-122.299672,37.875016],[-122.299662,37.874982],[-122.299726,37.87497],[-122.299737,37.875004],[-122.299672,37.875016]]]},"properties":{"id":"w821864560","b":"yes","lv":null,"n":null}},
{"type":"Feature","geometry":{"type":"Polygon","coordinates":[[[-122.299734,37.875187],[-122.299694,37.875059],[-122.299784,37.875041],[-122.299793,37.87507],[-122.299804,37.875068],[-122.29981,37.875086],[-122.299799,37.875088],[-122.29981,37.875125],[-122.299824,37.875122],[-122.299838,37.875167],[-122.299734,37.875187]]]},"properties":{"id":"w821864561","b":"yes","lv":null,"n":null}},
{"type":"Feature","geometry":{"type":"Polygon","coordinates":[[[-122.299687,37.875202],[-122.299691,37.875214],[-122.299646,37.875223],[-122.299642,37.875211],[-122.299599,37.875219],[-122.29957,37.87513],[-122.299607,37.875123],[-122.299602,37.87511],[-122.299641,37.875102],[-122.299644,37.875113],[-122.299661,37.87511],[-122.299691,37.875201],[-122.299687,37.875202]]]},"properties":{"id":"w821864562","b":"yes","lv":null,"n":null}},
{"type":"Feature","geometry":{"type":"Polygon","coordinates":[[[-122.293995,37.875364],[-122.294018,37.875434],[-122.294024,37.875432],[-122.294034,37.875461],[-122.294023,37.875463],[-122.293823,37.875505],[-122.293798,37.87543],[-122.293832,37.875412],[-122.293835,37.875415],[-122.293957,37.875353],[-122.293961,37.875346],[-122.293999,37.875359],[-122.293995,37.875364]]]},"properties":{"id":"w821864568","b":"retail","lv":null,"n":null}},
{"type":"Feature","geometry":{"type":"Polygon","coordinates":[[[-122.299509,37.875249],[-122.299506,37.87524],[-122.299465,37.875247],[-122.29944,37.875156],[-122.299475,37.87515],[-122.299471,37.875135],[-122.299505,37.875129],[-122.299509,37.87514],[-122.29953,37.875137],[-122.299558,37.875241],[-122.299509,37.875249]]]},"properties":{"id":"w821864569","b":"yes","lv":null,"n":null}},
{"type":"Feature","geometry":{"type":"Polygon","coordinates":[[[-122.299378,37.875219],[-122.299392,37.875264],[-122.299283,37.875285],[-122.299269,37.87524],[-122.299248,37.875244],[-122.299232,37.875193],[-122.299382,37.875164],[-122.299398,37.875215],[-122.299378,37.875219]]]},"properties":{"id":"w821864571","b":"yes","lv":null,"n":null}},
{"type":"Feature","geometry":{"type":"Polygon","coordinates":[[[-122.29919,37.875316],[-122.299135,37.875327],[-122.299123,37.875288],[-122.299102,37.875292],[-122.299077,37.875211],[-122.299094,37.875208],[-122.299083,37.875171],[-122.299141,37.87516],[-122.29919,37.875316]]]},"properties":{"id":"w821864572","b":"yes","lv":null,"n":null}},
{"type":"Feature","geometry":{"type":"Polygon","coordinates":[[[-122.299111,37.875162],[-122.299107,37.875148],[-122.299057,37.875157],[-122.299044,37.875113],[-122.299149,37.875094],[-122.299166,37.875152],[-122.299111,37.875162]]]},"properties":{"id":"w821864573","b":"yes","lv":null,"n":null}},
{"type":"Feature","geometry":{"type":"Polygon","coordinates":[[[-122.299157,37.875074],[-122.299158,37.875077],[-122.299021,37.875104],[-122.299017,37.87509],[-122.298998,37.875094],[-122.298985,37.875053],[-122.299005,37.875049],[-122.299,37.875035],[-122.299137,37.875008],[-122.299145,37.875033],[-122.299192,37.875024],[-122.299205,37.875065],[-122.299157,37.875074]]]},"properties":{"id":"w821864574","b":"yes","lv":null,"n":null}},
{"type":"Feature","geometry":{"type":"Polygon","coordinates":[[[-122.299119,37.87497],[-122.299128,37.874995],[-122.298996,37.875023],[-122.298991,37.875007],[-122.298973,37.875011],[-122.298961,37.874975],[-122.298978,37.874971],[-122.298973,37.874955],[-122.299136,37.874922],[-122.29915,37.874964],[-122.299119,37.87497]]]},"properties":{"id":"w821864576","b":"yes","lv":null,"n":null}},
{"type":"Feature","geometry":{"type":"Polygon","coordinates":[[[-122.298951,37.874947],[-122.298938,37.874904],[-122.298954,37.874901],[-122.298946,37.874873],[-122.299082,37.874847],[-122.299103,37.874919],[-122.298951,37.874947]]]},"properties":{"id":"w821864577","b":"yes","lv":null,"n":null}},
{"type":"Feature","geometry":{"type":"Polygon","coordinates":[[[-122.299132,37.874819],[-122.299134,37.874824],[-122.298942,37.874862],[-122.298934,37.874837],[-122.298917,37.874841],[-122.298903,37.874798],[-122.299113,37.874757],[-122.299114,37.874761],[-122.299137,37.874756],[-122.299155,37.874814],[-122.299132,37.874819]]]},"properties":{"id":"w821864578","b":"yes","lv":null,"n":null}},
{"type":"Feature","geometry":{"type":"Polygon","coordinates":[[[-122.298894,37.874778],[-122.298882,37.874739],[-122.298899,37.874736],[-122.298892,37.874714],[-122.299034,37.874686],[-122.299056,37.874756],[-122.298916,37.874784],[-122.298912,37.874774],[-122.298894,37.874778]]]},"properties":{"id":"w821864579","b":"yes","lv":null,"n":null}},
{"type":"Feature","geometry":{"type":"Polygon","coordinates":[[[-122.299123,37.874613],[-122.299137,37.874655],[-122.29889,37.874703],[-122.298868,37.874632],[-122.299076,37.874592],[-122.299085,37.87462],[-122.299123,37.874613]]]},"properties":{"id":"w821864580","b":"yes","lv":null,"n":null}},
{"type":"Feature","geometry":{"type":"Polygon","coordinates":[[[-122.298855,37.87463],[-122.298843,37.874588],[-122.299015,37.874555],[-122.299028,37.874596],[-122.298855,37.87463]]]},"properties":{"id":"w821864581","b":"yes","lv":null,"n":null}},
{"type":"Feature","geometry":{"type":"Polygon","coordinates":[[[-122.298844,37.874565],[-122.298829,37.874521],[-122.298823,37.874522],[-122.298789,37.874421],[-122.298827,37.874413],[-122.298819,37.874388],[-122.298869,37.874377],[-122.298891,37.874444],[-122.298884,37.874445],[-122.298919,37.874549],[-122.298844,37.874565]]]},"properties":{"id":"w821864582","b":"yes","lv":null,"n":null}},
{"type":"Feature","geometry":{"type":"Polygon","coordinates":[[[-122.299542,37.874483],[-122.299528,37.874436],[-122.299592,37.874424],[-122.299606,37.874471],[-122.299542,37.874483]]]},"properties":{"id":"w821864583","b":"yes","lv":null,"n":null}},
{"type":"Feature","geometry":{"type":"Polygon","coordinates":[[[-122.298993,37.874487],[-122.299007,37.874528],[-122.298954,37.874539],[-122.298921,37.874443],[-122.298912,37.874445],[-122.298902,37.874415],[-122.29891,37.874414],[-122.298899,37.87438],[-122.298964,37.874366],[-122.298967,37.874376],[-122.298992,37.874371],[-122.299005,37.874409],[-122.298994,37.874412],[-122.299017,37.874482],[-122.298993,37.874487]]]},"properties":{"id":"w821864585","b":"yes","lv":null,"n":null}},
{"type":"Feature","geometry":{"type":"Polygon","coordinates":[[[-122.299074,37.874474],[-122.299035,37.874354],[-122.299091,37.874342],[-122.299094,37.874353],[-122.299128,37.874346],[-122.29914,37.874385],[-122.299135,37.874386],[-122.299158,37.874457],[-122.299074,37.874474]]]},"properties":{"id":"w821864588","b":"yes","lv":null,"n":null}},
{"type":"Feature","geometry":{"type":"Polygon","coordinates":[[[-122.299252,37.874451],[-122.299255,37.87446],[-122.299211,37.874468],[-122.299169,37.874339],[-122.299263,37.87432],[-122.299302,37.874441],[-122.299252,37.874451]]]},"properties":{"id":"w821864589","b":"yes","lv":null,"n":null}},
{"type":"Feature","geometry":{"type":"Polygon","coordinates":[[[-122.299353,37.87448],[-122.299332,37.874413],[-122.29932,37.874415],[-122.29931,37.874385],[-122.299322,37.874382],[-122.299299,37.874308],[-122.299389,37.874291],[-122.299442,37.874463],[-122.299353,37.87448]]]},"properties":{"id":"w821864590","b":"yes","lv":null,"n":null}},
{"type":"Feature","geometry":{"type":"Polygon","coordinates":[[[-122.299543,37.874337],[-122.299556,37.874376],[-122.299537,37.87438],[-122.299542,37.874395],[-122.29946,37.874411],[-122.299416,37.874273],[-122.299516,37.874254],[-122.299528,37.874291],[-122.299548,37.874287],[-122.299562,37.874333],[-122.299543,37.874337]]]},"properties":{"id":"w821864591","b":"yes","lv":null,"n":null}},
{"type":"Feature","geometry":{"type":"Polygon","coordinates":[[[-122.299815,37.874229],[-122.29979,37.874146],[-122.29999,37.874108],[-122.300015,37.874191],[-122.299864,37.87422],[-122.299815,37.874229]]]},"properties":{"id":"w821864592","b":"yes","lv":null,"n":null}},
{"type":"Feature","geometry":{"type":"Polygon","coordinates":[[[-122.293591,37.876001],[-122.293599,37.876029],[-122.293531,37.876041],[-122.293523,37.876013],[-122.293591,37.876001]]]},"properties":{"id":"w821864593","b":"yes","lv":null,"n":null}},
{"type":"Feature","geometry":{"type":"Polygon","coordinates":[[[-122.301137,37.874389],[-122.301122,37.874346],[-122.301259,37.874317],[-122.301322,37.874304],[-122.301336,37.874344],[-122.301328,37.874346],[-122.301341,37.874386],[-122.301295,37.874395],[-122.301296,37.874399],[-122.301149,37.87443],[-122.301146,37.87442],[-122.301132,37.874414],[-122.301128,37.874401],[-122.301137,37.874389]]]},"properties":{"id":"w821864597","b":"yes","lv":null,"n":null}},
{"type":"Feature","geometry":{"type":"Polygon","coordinates":[[[-122.295727,37.875281],[-122.295733,37.8753],[-122.295764,37.875294],[-122.295775,37.875328],[-122.295744,37.875334],[-122.295745,37.87534],[-122.295595,37.875369],[-122.295586,37.875339],[-122.295569,37.875342],[-122.29556,37.875314],[-122.295727,37.875281]]]},"properties":{"id":"w821864604","b":"detached","lv":null,"n":null}},
{"type":"Feature","geometry":{"type":"Polygon","coordinates":[[[-122.295642,37.875448],[-122.295628,37.8754],[-122.295687,37.875389],[-122.295681,37.875366],[-122.295828,37.875339],[-122.295849,37.87541],[-122.295642,37.875448]]]},"properties":{"id":"w821864605","b":"detached","lv":null,"n":null}},
{"type":"Feature","geometry":{"type":"Polygon","coordinates":[[[-122.295764,37.875483],[-122.295771,37.875504],[-122.295646,37.875528],[-122.295629,37.87547],[-122.295751,37.875446],[-122.295752,37.87545],[-122.295788,37.875443],[-122.295798,37.875476],[-122.295764,37.875483]]]},"properties":{"id":"w821864606","b":"detached","lv":null,"n":null}},
{"type":"Feature","geometry":{"type":"Polygon","coordinates":[[[-122.295676,37.875601],[-122.295679,37.87561],[-122.29566,37.875614],[-122.295658,37.875605],[-122.295628,37.875611],[-122.295611,37.87556],[-122.295729,37.875537],[-122.295745,37.875588],[-122.295676,37.875601]]]},"properties":{"id":"w821864607","b":"detached","lv":null,"n":null}},
{"type":"Feature","geometry":{"type":"Polygon","coordinates":[[[-122.295657,37.875703],[-122.295641,37.875654],[-122.295669,37.875648],[-122.295666,37.87564],[-122.295685,37.875636],[-122.295688,37.875644],[-122.295758,37.87563],[-122.295774,37.875679],[-122.295657,37.875703]]]},"properties":{"id":"w821864608","b":"detached","lv":null,"n":null}},
{"type":"Feature","geometry":{"type":"Polygon","coordinates":[[[-122.295808,37.875856],[-122.295803,37.875843],[-122.295706,37.875864],[-122.295671,37.875762],[-122.295772,37.87574],[-122.295806,37.875838],[-122.295821,37.875835],[-122.295827,37.875852],[-122.295808,37.875856]]]},"properties":{"id":"w821864610","b":"detached","lv":null,"n":null}},
{"type":"Feature","geometry":{"type":"Polygon","coordinates":[[[-122.295795,37.876005],[-122.295786,37.875976],[-122.295746,37.875983],[-122.295733,37.875942],[-122.295746,37.87594],[-122.295728,37.87588],[-122.295813,37.875864],[-122.295853,37.875994],[-122.295795,37.876005]]]},"properties":{"id":"w821864611","b":"detached","lv":null,"n":null}},
{"type":"Feature","geometry":{"type":"Polygon","coordinates":[[[-122.296072,37.875949],[-122.296069,37.875937],[-122.296043,37.875942],[-122.29602,37.875868],[-122.296042,37.875863],[-122.296032,37.875831],[-122.296116,37.875815],[-122.296131,37.875861],[-122.296124,37.875863],[-122.296146,37.875934],[-122.296072,37.875949]]]},"properties":{"id":"w821864613","b":"yes","lv":null,"n":null}},
{"type":"Feature","geometry":{"type":"Polygon","coordinates":[[[-122.296231,37.875918],[-122.296227,37.875905],[-122.296194,37.875912],[-122.296161,37.875805],[-122.296201,37.875797],[-122.296192,37.875769],[-122.296249,37.875758],[-122.296295,37.875905],[-122.296231,37.875918]]]},"properties":{"id":"w821864615","b":"yes","lv":null,"n":null}},
{"type":"Feature","geometry":{"type":"Polygon","coordinates":[[[-122.296373,37.875888],[-122.296369,37.875874],[-122.296345,37.875879],[-122.296309,37.875767],[-122.296354,37.875758],[-122.29635,37.875746],[-122.296404,37.875735],[-122.296448,37.875874],[-122.296373,37.875888]]]},"properties":{"id":"w821864617","b":"yes","lv":null,"n":null}},
{"type":"Feature","geometry":{"type":"Polygon","coordinates":[[[-122.296526,37.875827],[-122.296529,37.875839],[-122.296511,37.875842],[-122.296515,37.875857],[-122.296473,37.875864],[-122.296432,37.875722],[-122.296529,37.875705],[-122.296545,37.875761],[-122.296526,37.875764],[-122.296532,37.875784],[-122.29655,37.875781],[-122.296561,37.875821],[-122.296526,37.875827]]]},"properties":{"id":"w821864618","b":"yes","lv":null,"n":null}},
{"type":"Feature","geometry":{"type":"Polygon","coordinates":[[[-122.296429,37.875475],[-122.296443,37.875517],[-122.296223,37.875562],[-122.296201,37.875495],[-122.296224,37.87549],[-122.296222,37.875484],[-122.296437,37.87544],[-122.296448,37.875472],[-122.296429,37.875475]]]},"properties":{"id":"w821864620","b":"yes","lv":null,"n":null}},
{"type":"Feature","geometry":{"type":"Polygon","coordinates":[[[-122.296216,37.875463],[-122.29619,37.875384],[-122.296368,37.875347],[-122.296379,37.875379],[-122.296397,37.875376],[-122.296401,37.87539],[-122.296421,37.875386],[-122.296432,37.875419],[-122.296216,37.875463]]]},"properties":{"id":"w821864621","b":"yes","lv":null,"n":null}},
{"type":"Feature","geometry":{"type":"Polygon","coordinates":[[[-122.296371,37.875285],[-122.296383,37.875324],[-122.296367,37.875327],[-122.296369,37.875336],[-122.296321,37.875345],[-122.296317,37.875332],[-122.29629,37.875337],[-122.296294,37.87535],[-122.296216,37.875365],[-122.296191,37.875284],[-122.296377,37.875248],[-122.296388,37.875282],[-122.296371,37.875285]]]},"properties":{"id":"w821864622","b":"yes","lv":null,"n":null}},
{"type":"Feature","geometry":{"type":"Polygon","coordinates":[[[-122.296352,37.875223],[-122.296354,37.875229],[-122.296184,37.875261],[-122.296159,37.875181],[-122.296314,37.875151],[-122.296324,37.875182],[-122.296339,37.875179],[-122.296343,37.87519],[-122.296364,37.875186],[-122.296374,37.875219],[-122.296352,37.875223]]]},"properties":{"id":"w821864623","b":"yes","lv":null,"n":null}},
{"type":"Feature","geometry":{"type":"Polygon","coordinates":[[[-122.296122,37.875029],[-122.296125,37.875039],[-122.296076,37.875049],[-122.296044,37.874949],[-122.296137,37.87493],[-122.296166,37.87502],[-122.296122,37.875029]]]},"properties":{"id":"w821864624","b":"yes","lv":null,"n":null}},
{"type":"Feature","geometry":{"type":"Polygon","coordinates":[[[-122.296056,37.87514],[-122.296052,37.875127],[-122.296042,37.875129],[-122.296025,37.875077],[-122.296019,37.875079],[-122.296015,37.875067],[-122.295948,37.87508],[-122.29591,37.874963],[-122.29597,37.874951],[-122.295975,37.874965],[-122.296006,37.874959],[-122.296042,37.875071],[-122.296067,37.875066],[-122.296089,37.875134],[-122.296056,37.87514]]]},"properties":{"id":"w821864625","b":"yes","lv":null,"n":null}},
{"type":"Feature","geometry":{"type":"Polygon","coordinates":[[[-122.295868,37.875095],[-122.295871,37.875104],[-122.295821,37.875114],[-122.295786,37.875003],[-122.295876,37.874985],[-122.295908,37.875087],[-122.295868,37.875095]]]},"properties":{"id":"w821864626","b":"yes","lv":null,"n":null}},
{"type":"Feature","geometry":{"type":"Polygon","coordinates":[[[-122.295678,37.875178],[-122.295594,37.875194],[-122.295587,37.87517],[-122.29558,37.875171],[-122.295547,37.875063],[-122.295637,37.875045],[-122.295678,37.875178]]]},"properties":{"id":"w821864627","b":"detached","lv":null,"n":null}},
{"type":"Feature","geometry":{"type":"Polygon","coordinates":[[[-122.295557,37.875187],[-122.29556,37.875197],[-122.29548,37.875212],[-122.295477,37.875203],[-122.295467,37.875205],[-122.295423,37.875068],[-122.295519,37.875049],[-122.295562,37.875186],[-122.295557,37.875187]]]},"properties":{"id":"w821864628","b":"detached","lv":null,"n":null}},
{"type":"Feature","geometry":{"type":"Polygon","coordinates":[[[-122.293965,37.876187],[-122.293962,37.876177],[-122.293912,37.876188],[-122.293875,37.876072],[-122.293924,37.876062],[-122.293919,37.876046],[-122.293983,37.876033],[-122.293992,37.876061],[-122.294201,37.876019],[-122.294238,37.876131],[-122.29417,37.876145],[-122.293965,37.876187]]]},"properties":{"id":"w821864629","b":"yes","lv":null,"n":null}},
{"type":"Feature","geometry":{"type":"Polygon","coordinates":[[[-122.295764,37.87515],[-122.295766,37.875157],[-122.295707,37.875169],[-122.29566,37.875015],[-122.295748,37.874998],[-122.295787,37.875124],[-122.295774,37.875127],[-122.29578,37.875147],[-122.295764,37.87515]]]},"properties":{"id":"w821864630","b":"detached","lv":null,"n":null}},
{"type":"Feature","geometry":{"type":"Polygon","coordinates":[[[-122.293556,37.87572],[-122.29356,37.875732],[-122.293507,37.875742],[-122.293509,37.875748],[-122.293422,37.875764],[-122.293395,37.875676],[-122.293434,37.875668],[-122.293433,37.875664],[-122.293456,37.87566],[-122.293453,37.875649],[-122.293472,37.875646],[-122.293468,37.875633],[-122.293487,37.875629],[-122.293491,37.87564],[-122.293574,37.875624],[-122.293601,37.875711],[-122.293556,37.87572]]]},"properties":{"id":"w821864631","b":"semidetached_house","lv":null,"n":null}},
{"type":"Feature","geometry":{"type":"Polygon","coordinates":[[[-122.296904,37.87543],[-122.296899,37.875414],[-122.296874,37.875419],[-122.296879,37.875433],[-122.296811,37.875447],[-122.296797,37.875403],[-122.296779,37.875407],[-122.296767,37.875369],[-122.296929,37.875337],[-122.296956,37.875419],[-122.296904,37.87543]]]},"properties":{"id":"w821864633","b":"house","lv":null,"n":null}},
{"type":"Feature","geometry":{"type":"Polygon","coordinates":[[[-122.301686,37.873912],[-122.301691,37.873926],[-122.301657,37.873933],[-122.301651,37.873919],[-122.301632,37.873923],[-122.30161,37.873863],[-122.301634,37.873857],[-122.301628,37.87384],[-122.301669,37.873831],[-122.301675,37.873849],[-122.301681,37.873848],[-122.301703,37.873909],[-122.301686,37.873912]]]},"properties":{"id":"w821864634","b":"yes","lv":null,"n":null}},
{"type":"Feature","geometry":{"type":"Polygon","coordinates":[[[-122.301717,37.873901],[-122.301684,37.8738],[-122.301774,37.873781],[-122.301808,37.873882],[-122.301717,37.873901]]]},"properties":{"id":"w821864635","b":"yes","lv":null,"n":null}},
{"type":"Feature","geometry":{"type":"Polygon","coordinates":[[[-122.301531,37.873942],[-122.301499,37.873843],[-122.301578,37.873828],[-122.30161,37.873926],[-122.301531,37.873942]]]},"properties":{"id":"w821864636","b":"yes","lv":null,"n":null}},
{"type":"Feature","geometry":{"type":"Polygon","coordinates":[[[-122.301407,37.873981],[-122.301392,37.873934],[-122.301404,37.873932],[-122.30138,37.873857],[-122.301469,37.87384],[-122.301508,37.873961],[-122.301407,37.873981]]]},"properties":{"id":"w821864637","b":"yes","lv":null,"n":null}},
{"type":"Feature","geometry":{"type":"Polygon","coordinates":[[[-122.301286,37.874003],[-122.301251,37.873895],[-122.301343,37.873876],[-122.301378,37.873984],[-122.301286,37.874003]]]},"properties":{"id":"w821864638","b":"yes","lv":null,"n":null}},
{"type":"Feature","geometry":{"type":"Polygon","coordinates":[[[-122.301142,37.874013],[-122.301114,37.873923],[-122.301185,37.87391],[-122.301191,37.87393],[-122.301202,37.873928],[-122.301224,37.873998],[-122.301142,37.874013]]]},"properties":{"id":"w821864639","b":"yes","lv":null,"n":null}},
{"type":"Feature","geometry":{"type":"Polygon","coordinates":[[[-122.301096,37.874009],[-122.301108,37.874047],[-122.301,37.874067],[-122.300985,37.874019],[-122.300965,37.874023],[-122.300955,37.87399],[-122.300976,37.873986],[-122.300967,37.873957],[-122.301074,37.873936],[-122.301086,37.873974],[-122.301111,37.873969],[-122.301121,37.874004],[-122.301096,37.874009]]]},"properties":{"id":"w821864640","b":"yes","lv":null,"n":null}},
{"type":"Feature","geometry":{"type":"Polygon","coordinates":[[[-122.293038,37.876507],[-122.292997,37.876373],[-122.293049,37.876363],[-122.293091,37.876496],[-122.293038,37.876507]]]},"properties":{"id":"w821864643","b":"yes","lv":null,"n":null}},
{"type":"Feature","geometry":{"type":"Polygon","coordinates":[[[-122.296752,37.87487],[-122.296763,37.874871],[-122.29677,37.874878],[-122.296771,37.874884],[-122.296768,37.87489],[-122.296761,37.874894],[-122.29677,37.874925],[-122.296854,37.874909],[-122.296832,37.874834],[-122.29683,37.874828],[-122.296912,37.874813],[-122.29696,37.874972],[-122.296878,37.874987],[-122.296869,37.874959],[-122.296647,37.875001],[-122.296591,37.874816],[-122.296662,37.874803],[-122.296664,37.874812],[-122.296744,37.874797],[-122.296746,37.874803],[-122.296759,37.874846],[-122.296746,37.874848],[-122.296752,37.87487]]]},"properties":{"id":"w821864644","b":"yes","lv":null,"n":"Berkeley Fire Department James Austin Fire Station Number 6"}},
{"type":"Feature","geometry":{"type":"Polygon","coordinates":[[[-122.296283,37.875648],[-122.296267,37.875601],[-122.296283,37.875597],[-122.296274,37.875569],[-122.296435,37.875536],[-122.296445,37.875567],[-122.296462,37.875563],[-122.296467,37.875577],[-122.296488,37.875573],[-122.296498,37.875606],[-122.296283,37.875648]]]},"properties":{"id":"w821864645","b":"yes","lv":null,"n":null}},
{"type":"Feature","geometry":{"type":"Polygon","coordinates":[[[-122.293064,37.876589],[-122.293041,37.876516],[-122.293092,37.876506],[-122.293115,37.876579],[-122.293064,37.876589]]]},"properties":{"id":"w821864646","b":"yes","lv":null,"n":null}},
{"type":"Feature","geometry":{"type":"Polygon","coordinates":[[[-122.301763,37.874045],[-122.301773,37.874075],[-122.301692,37.874093],[-122.30168,37.874057],[-122.301695,37.874053],[-122.301686,37.874026],[-122.30167,37.874029],[-122.30165,37.873972],[-122.301828,37.873933],[-122.301859,37.874024],[-122.301763,37.874045]]]},"properties":{"id":"w821864647","b":"yes","lv":null,"n":null}},
{"type":"Feature","geometry":{"type":"Polygon","coordinates":[[[-122.296242,37.875066],[-122.296238,37.875053],[-122.296222,37.875056],[-122.296174,37.874912],[-122.296223,37.874903],[-122.296223,37.874905],[-122.296238,37.874902],[-122.29624,37.874909],[-122.296267,37.874903],[-122.296316,37.875051],[-122.296242,37.875066]]]},"properties":{"id":"w821864648","b":"yes","lv":null,"n":null}},
{"type":"Feature","geometry":{"type":"Polygon","coordinates":[[[-122.293007,37.876596],[-122.293008,37.8766],[-122.292994,37.876603],[-122.292995,37.876606],[-122.292823,37.876639],[-122.292815,37.87661],[-122.292808,37.876611],[-122.292795,37.876569],[-122.292987,37.876533],[-122.292995,37.87656],[-122.293024,37.876555],[-122.293027,37.876566],[-122.293035,37.876564],[-122.293043,37.876589],[-122.293007,37.876596]]]},"properties":{"id":"w821864649","b":"yes","lv":null,"n":null}},
{"type":"Feature","geometry":{"type":"Polygon","coordinates":[[[-122.297252,37.874763],[-122.297256,37.874774],[-122.297124,37.874802],[-122.29712,37.874789],[-122.296982,37.874817],[-122.296957,37.874743],[-122.297095,37.874714],[-122.297094,37.874711],[-122.297226,37.874683],[-122.297229,37.874692],[-122.297367,37.874663],[-122.297391,37.874734],[-122.297252,37.874763]]]},"properties":{"id":"w821864650","b":"yes","lv":null,"n":"Berkeley Fire Department Training Facility"}},
{"type":"Feature","geometry":{"type":"Polygon","coordinates":[[[-122.292779,37.876525],[-122.292772,37.876503],[-122.292788,37.8765],[-122.292773,37.876453],[-122.292756,37.876456],[-122.292748,37.876433],[-122.292766,37.876429],[-122.292931,37.876396],[-122.292961,37.876488],[-122.292779,37.876525]]]},"properties":{"id":"w821864654","b":"yes","lv":null,"n":null}},
{"type":"Feature","geometry":{"type":"Polygon","coordinates":[[[-122.297081,37.874881],[-122.297064,37.874825],[-122.297132,37.874812],[-122.297149,37.874868],[-122.297081,37.874881]]]},"properties":{"id":"w821864655","b":"tower","lv":null,"n":null}},
{"type":"Feature","geometry":{"type":"Polygon","coordinates":[[[-122.292923,37.876359],[-122.292925,37.876365],[-122.292758,37.876399],[-122.29274,37.876347],[-122.292898,37.876314],[-122.292895,37.876305],[-122.292948,37.876295],[-122.292952,37.876306],[-122.292941,37.876308],[-122.292956,37.876352],[-122.292923,37.876359]]]},"properties":{"id":"w821864656","b":"yes","lv":null,"n":null}},
{"type":"Feature","geometry":{"type":"Polygon","coordinates":[[[-122.292788,37.87632],[-122.292772,37.87627],[-122.292849,37.876254],[-122.292865,37.876305],[-122.292788,37.87632]]]},"properties":{"id":"w821864659","b":"yes","lv":null,"n":null}},
{"type":"Feature","geometry":{"type":"Polygon","coordinates":[[[-122.2967,37.875159],[-122.29669,37.875124],[-122.296706,37.875121],[-122.296702,37.875109],[-122.296718,37.875106],[-122.296708,37.875074],[-122.296764,37.875064],[-122.296767,37.875074],[-122.296788,37.87507],[-122.296784,37.875058],[-122.296837,37.875048],[-122.296861,37.87513],[-122.2967,37.875159]]]},"properties":{"id":"w821864660","b":"house","lv":null,"n":null}},
{"type":"Feature","geometry":{"type":"Polygon","coordinates":[[[-122.301219,37.874232],[-122.301225,37.874251],[-122.301126,37.874269],[-122.301123,37.874258],[-122.301078,37.874267],[-122.301074,37.874254],[-122.301069,37.874255],[-122.301056,37.874212],[-122.301205,37.874184],[-122.30121,37.8742],[-122.301233,37.874196],[-122.301242,37.874227],[-122.301219,37.874232]]]},"properties":{"id":"w821864661","b":"yes","lv":null,"n":null}},
{"type":"Feature","geometry":{"type":"Polygon","coordinates":[[[-122.292684,37.876255],[-122.29264,37.876116],[-122.292724,37.8761],[-122.292768,37.876238],[-122.292684,37.876255]]]},"properties":{"id":"w821864662","b":"yes","lv":null,"n":null}},
{"type":"Feature","geometry":{"type":"Polygon","coordinates":[[[-122.296765,37.875251],[-122.296764,37.875248],[-122.296748,37.875251],[-122.296736,37.875211],[-122.296715,37.875215],[-122.296704,37.875181],[-122.296867,37.875149],[-122.296891,37.875227],[-122.296765,37.875251]]]},"properties":{"id":"w821864663","b":"house","lv":null,"n":null}},
{"type":"Feature","geometry":{"type":"Polygon","coordinates":[[[-122.292954,37.876214],[-122.29293,37.876141],[-122.292881,37.876152],[-122.292877,37.87614],[-122.292843,37.876148],[-122.292829,37.876109],[-122.292838,37.876107],[-122.292824,37.876065],[-122.292818,37.876066],[-122.292799,37.876012],[-122.292844,37.876002],[-122.292848,37.876015],[-122.292902,37.876003],[-122.292928,37.87608],[-122.292956,37.876074],[-122.293001,37.876204],[-122.292954,37.876214]]]},"properties":{"id":"w821864665","b":"yes","lv":null,"n":null}},
{"type":"Feature","geometry":{"type":"Polygon","coordinates":[[[-122.301211,37.874664],[-122.30119,37.874594],[-122.30131,37.874571],[-122.301332,37.874641],[-122.301211,37.874664]]]},"properties":{"id":"w821864666","b":"yes","lv":null,"n":null}},
{"type":"Feature","geometry":{"type":"Polygon","coordinates":[[[-122.293008,37.87607],[-122.292964,37.875927],[-122.293073,37.875906],[-122.293106,37.876012],[-122.293117,37.87601],[-122.293128,37.876046],[-122.293008,37.87607]]]},"properties":{"id":"w821864667","b":"yes","lv":null,"n":null}},
{"type":"Feature","geometry":{"type":"Polygon","coordinates":[[[-122.296761,37.875348],[-122.296753,37.875323],[-122.296784,37.875317],[-122.296768,37.875266],[-122.296839,37.875252],[-122.296837,37.875248],[-122.296991,37.875218],[-122.297015,37.875299],[-122.296761,37.875348]]]},"properties":{"id":"w821864668","b":"house","lv":null,"n":null}},
{"type":"Feature","geometry":{"type":"Polygon","coordinates":[[[-122.301193,37.874561],[-122.301178,37.874516],[-122.301187,37.874514],[-122.301179,37.87449],[-122.301248,37.874475],[-122.301257,37.874499],[-122.301332,37.874483],[-122.301348,37.874528],[-122.301193,37.874561]]]},"properties":{"id":"w821864669","b":"yes","lv":null,"n":null}},
{"type":"Feature","geometry":{"type":"Polygon","coordinates":[[[-122.293178,37.875954],[-122.293169,37.875925],[-122.293163,37.875926],[-122.293137,37.87584],[-122.293213,37.875825],[-122.293248,37.87594],[-122.293178,37.875954]]]},"properties":{"id":"w821864670","b":"yes","lv":null,"n":null}},
{"type":"Feature","geometry":{"type":"Polygon","coordinates":[[[-122.297448,37.874966],[-122.297462,37.875008],[-122.297436,37.875013],[-122.297437,37.875017],[-122.297431,37.875018],[-122.29743,37.875014],[-122.297284,37.875044],[-122.297258,37.874966],[-122.29747,37.874923],[-122.297482,37.874959],[-122.297448,37.874966]]]},"properties":{"id":"w821864671","b":"house","lv":null,"n":null}},
{"type":"Feature","geometry":{"type":"Polygon","coordinates":[[[-122.297365,37.875127],[-122.29734,37.87505],[-122.297394,37.875039],[-122.297396,37.875048],[-122.297419,37.875043],[-122.297416,37.875034],[-122.297482,37.87502],[-122.297496,37.875061],[-122.297517,37.875057],[-122.297529,37.875093],[-122.297365,37.875127]]]},"properties":{"id":"w821864672","b":"house","lv":null,"n":null}},
{"type":"Feature","geometry":{"type":"Polygon","coordinates":[[[-122.301251,37.874927],[-122.301232,37.87487],[-122.301332,37.874849],[-122.301356,37.874918],[-122.301287,37.874932],[-122.301283,37.87492],[-122.301251,37.874927]]]},"properties":{"id":"w821864673","b":"yes","lv":null,"n":null}},
{"type":"Feature","geometry":{"type":"Polygon","coordinates":[[[-122.293184,37.876023],[-122.293169,37.875976],[-122.293266,37.875956],[-122.293281,37.876003],[-122.293184,37.876023]]]},"properties":{"id":"w821864674","b":"yes","lv":null,"n":null}},
{"type":"Feature","geometry":{"type":"Polygon","coordinates":[[[-122.301222,37.874672],[-122.301361,37.874643],[-122.301383,37.87471],[-122.301251,37.874738],[-122.301231,37.87473],[-122.301225,37.874719],[-122.301238,37.874706],[-122.301237,37.874701],[-122.30122,37.874696],[-122.301214,37.874684],[-122.301222,37.874672]]]},"properties":{"id":"w821864675","b":"yes","lv":null,"n":null}},
{"type":"Feature","geometry":{"type":"Polygon","coordinates":[[[-122.293308,37.876069],[-122.293311,37.876079],[-122.293231,37.876095],[-122.293187,37.876104],[-122.293174,37.876062],[-122.293196,37.876058],[-122.29319,37.876039],[-122.293293,37.876018],[-122.293301,37.876041],[-122.293315,37.876038],[-122.293319,37.876052],[-122.293323,37.876066],[-122.293308,37.876069]]]},"properties":{"id":"w821864676","b":"yes","lv":null,"n":null}},
{"type":"Feature","geometry":{"type":"Polygon","coordinates":[[[-122.297528,37.875152],[-122.29754,37.875193],[-122.297527,37.875196],[-122.297529,37.875202],[-122.297474,37.875213],[-122.29747,37.875201],[-122.297449,37.875205],[-122.297453,37.875218],[-122.297397,37.875229],[-122.297395,37.875223],[-122.297364,37.875229],[-122.297365,37.875233],[-122.297234,37.875259],[-122.297216,37.875202],[-122.297339,37.875178],[-122.297346,37.8752],[-122.297385,37.875192],[-122.297371,37.875147],[-122.297533,37.875115],[-122.297544,37.875149],[-122.297528,37.875152]]]},"properties":{"id":"w821864677","b":"house","lv":null,"n":null}},
{"type":"Feature","geometry":{"type":"Polygon","coordinates":[[[-122.293306,37.876162],[-122.293303,37.876152],[-122.293278,37.876157],[-122.293279,37.876163],[-122.293265,37.876166],[-122.293233,37.876172],[-122.293231,37.876166],[-122.293115,37.876189],[-122.293105,37.876157],[-122.293126,37.876153],[-122.293124,37.876147],[-122.293098,37.876152],[-122.293072,37.876071],[-122.293143,37.876057],[-122.293159,37.876109],[-122.293187,37.876104],[-122.293231,37.876095],[-122.29324,37.876122],[-122.293302,37.87611],[-122.293301,37.876106],[-122.293327,37.876101],[-122.293344,37.876155],[-122.293306,37.876162]]]},"properties":{"id":"w821864678","b":"yes","lv":null,"n":null}},
{"type":"Feature","geometry":{"type":"Polygon","coordinates":[[[-122.297434,37.875316],[-122.297433,37.875314],[-122.297395,37.875321],[-122.297371,37.875245],[-122.297454,37.875229],[-122.297456,37.875236],[-122.297478,37.875231],[-122.297476,37.875223],[-122.297527,37.875213],[-122.297536,37.875242],[-122.297551,37.875239],[-122.297556,37.875254],[-122.297574,37.875251],[-122.297585,37.875286],[-122.297434,37.875316]]]},"properties":{"id":"w821864679","b":"house","lv":null,"n":null}},
{"type":"Feature","geometry":{"type":"Polygon","coordinates":[[[-122.301225,37.87483],[-122.301209,37.87478],[-122.301312,37.874759],[-122.301328,37.87481],[-122.301225,37.87483]]]},"properties":{"id":"w821864680","b":"yes","lv":null,"n":null}},
{"type":"Feature","geometry":{"type":"Polygon","coordinates":[[[-122.300118,37.874508],[-122.300119,37.874512],[-122.300101,37.874515],[-122.300105,37.874528],[-122.299957,37.874558],[-122.299941,37.874508],[-122.299994,37.874498],[-122.299989,37.874482],[-122.300134,37.874452],[-122.30015,37.874501],[-122.300118,37.874508]]]},"properties":{"id":"w821864681","b":"yes","lv":null,"n":null}},
{"type":"Feature","geometry":{"type":"Polygon","coordinates":[[[-122.293216,37.876265],[-122.293195,37.876199],[-122.293311,37.876176],[-122.293332,37.876242],[-122.293216,37.876265]]]},"properties":{"id":"w821864682","b":"yes","lv":null,"n":null}},
{"type":"Feature","geometry":{"type":"Polygon","coordinates":[[[-122.300142,37.874653],[-122.300133,37.874622],[-122.300069,37.874634],[-122.300052,37.87458],[-122.300253,37.874541],[-122.300279,37.874626],[-122.300142,37.874653]]]},"properties":{"id":"w821864683","b":"yes","lv":null,"n":null}},
{"type":"Feature","geometry":{"type":"Polygon","coordinates":[[[-122.293361,37.876332],[-122.293371,37.876362],[-122.293214,37.876394],[-122.293205,37.876368],[-122.29319,37.876371],[-122.29318,37.876341],[-122.293196,37.876337],[-122.293194,37.876329],[-122.293283,37.876311],[-122.293267,37.876262],[-122.293334,37.876249],[-122.293351,37.876301],[-122.293365,37.876298],[-122.293375,37.876329],[-122.293361,37.876332]]]},"properties":{"id":"w821864684","b":"yes","lv":null,"n":null}},
{"type":"Feature","geometry":{"type":"Polygon","coordinates":[[[-122.297588,37.875347],[-122.297601,37.875389],[-122.297421,37.875425],[-122.297395,37.875345],[-122.297594,37.875305],[-122.297606,37.875343],[-122.297588,37.875347]]]},"properties":{"id":"w821864685","b":"house","lv":null,"n":null}},
{"type":"Feature","geometry":{"type":"Polygon","coordinates":[[[-122.295501,37.875307],[-122.295488,37.87527],[-122.295604,37.875246],[-122.295617,37.875283],[-122.295501,37.875307]]]},"properties":{"id":"w821864686","b":"hut","lv":null,"n":null}},
{"type":"Feature","geometry":{"type":"Polygon","coordinates":[[[-122.300119,37.8748],[-122.300078,37.874675],[-122.30028,37.874634],[-122.300321,37.874759],[-122.300119,37.8748]]]},"properties":{"id":"w821864687","b":"yes","lv":null,"n":null}},
{"type":"Feature","geometry":{"type":"Polygon","coordinates":[[[-122.29341,37.876482],[-122.293419,37.87651],[-122.29341,37.876512],[-122.293412,37.876519],[-122.293234,37.876558],[-122.293215,37.876504],[-122.293263,37.876493],[-122.293257,37.876477],[-122.293389,37.876449],[-122.29339,37.876452],[-122.293408,37.876448],[-122.293419,37.87648],[-122.29341,37.876482]]]},"properties":{"id":"w821864688","b":"yes","lv":null,"n":null}},
{"type":"Feature","geometry":{"type":"Polygon","coordinates":[[[-122.293486,37.875918],[-122.293444,37.875785],[-122.293553,37.875763],[-122.293563,37.875796],[-122.29357,37.875795],[-122.293591,37.87586],[-122.293582,37.875861],[-122.293593,37.875896],[-122.293486,37.875918]]]},"properties":{"id":"w821864690","b":"yes","lv":null,"n":null}},
{"type":"Feature","geometry":{"type":"Polygon","coordinates":[[[-122.297811,37.874206],[-122.297852,37.874343],[-122.297762,37.87436],[-122.297735,37.874271],[-122.297763,37.874265],[-122.297749,37.874218],[-122.297733,37.874221],[-122.297736,37.874234],[-122.297687,37.874243],[-122.297654,37.874132],[-122.297792,37.874106],[-122.297821,37.874204],[-122.297811,37.874206]]]},"properties":{"id":"w821896745","b":"yes","lv":null,"n":null}},
{"type":"Feature","geometry":{"type":"Polygon","coordinates":[[[-122.296135,37.87319],[-122.296123,37.873152],[-122.296159,37.873145],[-122.296171,37.873183],[-122.296135,37.87319]]]},"properties":{"id":"w821896746","b":"hut","lv":null,"n":null}},
{"type":"Feature","geometry":{"type":"Polygon","coordinates":[[[-122.297227,37.872965],[-122.297191,37.872851],[-122.29721,37.872847],[-122.297207,37.872837],[-122.297278,37.872823],[-122.297317,37.872947],[-122.297227,37.872965]]]},"properties":{"id":"w821896747","b":"yes","lv":null,"n":null}},
{"type":"Feature","geometry":{"type":"Polygon","coordinates":[[[-122.29712,37.873014],[-122.297081,37.87289],[-122.297077,37.872891],[-122.297071,37.87287],[-122.297076,37.872869],[-122.297074,37.872865],[-122.297179,37.872845],[-122.297226,37.872993],[-122.29712,37.873014]]]},"properties":{"id":"w821896748","b":"house","lv":null,"n":null}},
{"type":"Feature","geometry":{"type":"Polygon","coordinates":[[[-122.297208,37.873088],[-122.297199,37.87306],[-122.297253,37.873048],[-122.297263,37.873077],[-122.297208,37.873088]]]},"properties":{"id":"w821896749","b":"yes","lv":null,"n":null}},
{"type":"Feature","geometry":{"type":"Polygon","coordinates":[[[-122.297353,37.873058],[-122.297349,37.873046],[-122.297319,37.873051],[-122.297322,37.873062],[-122.297274,37.873072],[-122.297251,37.872997],[-122.297357,37.872977],[-122.29738,37.873052],[-122.297353,37.873058]]]},"properties":{"id":"w821896750","b":"yes","lv":null,"n":null}},
{"type":"Feature","geometry":{"type":"Polygon","coordinates":[[[-122.297347,37.873116],[-122.297355,37.873142],[-122.297345,37.873144],[-122.297346,37.873147],[-122.297218,37.873171],[-122.297214,37.873158],[-122.297196,37.873161],[-122.297184,37.873121],[-122.297203,37.873118],[-122.297198,37.873101],[-122.297379,37.873066],[-122.297392,37.873108],[-122.297347,37.873116]]]},"properties":{"id":"w821896751","b":"house","lv":null,"n":null}},
{"type":"Feature","geometry":{"type":"Polygon","coordinates":[[[-122.297305,37.87331],[-122.297306,37.873314],[-122.297293,37.873317],[-122.297291,37.873312],[-122.297275,37.873316],[-122.297252,37.873247],[-122.297367,37.873223],[-122.297391,37.873292],[-122.297305,37.87331]]]},"properties":{"id":"w821896752","b":"house","lv":null,"n":null}},
{"type":"Feature","geometry":{"type":"Polygon","coordinates":[[[-122.297524,37.874195],[-122.297501,37.874116],[-122.297623,37.874094],[-122.297645,37.874173],[-122.297524,37.874195]]]},"properties":{"id":"w821896756","b":"house","lv":null,"n":null}},
{"type":"Feature","geometry":{"type":"Polygon","coordinates":[[[-122.297685,37.872832],[-122.297665,37.872761],[-122.297722,37.872751],[-122.297731,37.87275],[-122.297751,37.87282],[-122.297685,37.872832]]]},"properties":{"id":"w821896757","b":"yes","lv":null,"n":null}},
{"type":"Feature","geometry":{"type":"Polygon","coordinates":[[[-122.297846,37.872807],[-122.297844,37.872803],[-122.297795,37.872813],[-122.297788,37.87279],[-122.297767,37.872795],[-122.297755,37.87276],[-122.297776,37.872756],[-122.297768,37.872731],[-122.297939,37.872695],[-122.297968,37.872781],[-122.297846,37.872807]]]},"properties":{"id":"w821896759","b":"yes","lv":null,"n":null}},
{"type":"Feature","geometry":{"type":"Polygon","coordinates":[[[-122.299737,37.873707],[-122.299723,37.873663],[-122.299739,37.873659],[-122.299723,37.873611],[-122.299795,37.873596],[-122.299793,37.873588],[-122.299846,37.873577],[-122.299848,37.873584],[-122.299878,37.873578],[-122.299909,37.873671],[-122.299737,37.873707]]]},"properties":{"id":"w821896760","b":"yes","lv":null,"n":null}},
{"type":"Feature","geometry":{"type":"Polygon","coordinates":[[[-122.296091,37.873298],[-122.296064,37.873215],[-122.296172,37.873193],[-122.296199,37.873276],[-122.296091,37.873298]]]},"properties":{"id":"w821896761","b":"apartments","lv":null,"n":null}},
{"type":"Feature","geometry":{"type":"Polygon","coordinates":[[[-122.299581,37.87332],[-122.299564,37.873268],[-122.299621,37.873252],[-122.299622,37.873256],[-122.29997,37.873185],[-122.299987,37.873238],[-122.299581,37.87332]]]},"properties":{"id":"w821896762","b":"yes","lv":null,"n":null}},
{"type":"Feature","geometry":{"type":"Polygon","coordinates":[[[-122.299786,37.873522],[-122.299789,37.87353],[-122.299739,37.873541],[-122.299736,37.873532],[-122.299688,37.873542],[-122.299674,37.8735],[-122.299685,37.873498],[-122.299671,37.873456],[-122.299737,37.873442],[-122.299734,37.873432],[-122.299782,37.873422],[-122.299785,37.873432],[-122.299842,37.87342],[-122.29987,37.873505],[-122.299786,37.873522]]]},"properties":{"id":"w821896763","b":"yes","lv":null,"n":null}},
{"type":"Feature","geometry":{"type":"Polygon","coordinates":[[[-122.294462,37.873453],[-122.294421,37.873461],[-122.294411,37.873427],[-122.294452,37.87342],[-122.294462,37.873453]]]},"properties":{"id":"w821896767","b":"yes","lv":null,"n":null}},
{"type":"Feature","geometry":{"type":"Polygon","coordinates":[[[-122.300478,37.873839],[-122.300476,37.873835],[-122.30043,37.873844],[-122.300426,37.873829],[-122.300441,37.873825],[-122.300437,37.873812],[-122.300429,37.873814],[-122.300421,37.873786],[-122.300458,37.873779],[-122.300457,37.873773],[-122.300587,37.873748],[-122.300591,37.873761],[-122.300599,37.873759],[-122.300607,37.873784],[-122.300599,37.873786],[-122.300608,37.873814],[-122.300478,37.873839]]]},"properties":{"id":"w821896768","b":"yes","lv":null,"n":null}},
{"type":"Feature","geometry":{"type":"Polygon","coordinates":[[[-122.297791,37.872927],[-122.297768,37.872855],[-122.297953,37.872818],[-122.297954,37.872821],[-122.297963,37.872819],[-122.297975,37.872857],[-122.29798,37.872856],[-122.29799,37.872887],[-122.297791,37.872927]]]},"properties":{"id":"w821896770","b":"yes","lv":null,"n":null}},
{"type":"Feature","geometry":{"type":"Polygon","coordinates":[[[-122.298034,37.873006],[-122.298037,37.873016],[-122.297911,37.873039],[-122.297889,37.872967],[-122.298015,37.872943],[-122.298017,37.872951],[-122.298028,37.872949],[-122.298044,37.873004],[-122.298034,37.873006]]]},"properties":{"id":"w821896771","b":"yes","lv":null,"n":null}},
{"type":"Feature","geometry":{"type":"Polygon","coordinates":[[[-122.300533,37.873648],[-122.300534,37.873652],[-122.300384,37.873681],[-122.300372,37.873641],[-122.300389,37.873638],[-122.300379,37.873605],[-122.300402,37.8736],[-122.300401,37.873596],[-122.300524,37.873573],[-122.300546,37.873646],[-122.300533,37.873648]]]},"properties":{"id":"w821896772","b":"yes","lv":null,"n":null}},
{"type":"Feature","geometry":{"type":"Polygon","coordinates":[[[-122.297958,37.873146],[-122.297931,37.873057],[-122.298043,37.873036],[-122.29807,37.873125],[-122.297958,37.873146]]]},"properties":{"id":"w821896773","b":"yes","lv":null,"n":null}},
{"type":"Feature","geometry":{"type":"Polygon","coordinates":[[[-122.300523,37.873516],[-122.300533,37.873544],[-122.300396,37.873574],[-122.300376,37.873517],[-122.300414,37.873509],[-122.300408,37.873489],[-122.300508,37.873468],[-122.300518,37.873498],[-122.300531,37.873495],[-122.300534,37.873506],[-122.300537,37.873514],[-122.300523,37.873516]]]},"properties":{"id":"w821896774","b":"yes","lv":null,"n":null}},
{"type":"Feature","geometry":{"type":"Polygon","coordinates":[[[-122.298094,37.873189],[-122.298103,37.873218],[-122.297906,37.873257],[-122.297895,37.873224],[-122.297827,37.873237],[-122.297817,37.873207],[-122.297885,37.873193],[-122.297882,37.873183],[-122.298079,37.873143],[-122.298084,37.873159],[-122.298098,37.873156],[-122.298103,37.873173],[-122.298107,37.873187],[-122.298094,37.873189]]]},"properties":{"id":"w821896775","b":"yes","lv":null,"n":null}},
{"type":"Feature","geometry":{"type":"Polygon","coordinates":[[[-122.30036,37.873414],[-122.300354,37.873398],[-122.300335,37.873402],[-122.300313,37.873338],[-122.300442,37.873311],[-122.300469,37.873392],[-122.30036,37.873414]]]},"properties":{"id":"w821896776","b":"yes","lv":null,"n":null}},
{"type":"Feature","geometry":{"type":"Polygon","coordinates":[[[-122.300285,37.873319],[-122.300255,37.873229],[-122.300365,37.873206],[-122.300364,37.873203],[-122.30038,37.8732],[-122.300381,37.873203],[-122.300412,37.873197],[-122.300426,37.873239],[-122.300412,37.873242],[-122.300428,37.87329],[-122.300285,37.873319]]]},"properties":{"id":"w821896777","b":"yes","lv":null,"n":null}},
{"type":"Feature","geometry":{"type":"Polygon","coordinates":[[[-122.298135,37.873315],[-122.29814,37.873332],[-122.29791,37.873378],[-122.297896,37.873335],[-122.297901,37.873334],[-122.297892,37.873305],[-122.298117,37.87326],[-122.298122,37.873275],[-122.298142,37.873271],[-122.298155,37.873311],[-122.298135,37.873315]]]},"properties":{"id":"w821896778","b":"yes","lv":null,"n":null}},
{"type":"Feature","geometry":{"type":"Polygon","coordinates":[[[-122.299464,37.872951],[-122.299319,37.872489],[-122.299533,37.872447],[-122.299525,37.87242],[-122.299547,37.872415],[-122.299526,37.87235],[-122.299692,37.872318],[-122.299866,37.872872],[-122.299464,37.872951]]]},"properties":{"id":"w821896780","b":"yes","lv":null,"n":null}},
{"type":"Feature","geometry":{"type":"Polygon","coordinates":[[[-122.299944,37.872545],[-122.299862,37.872282],[-122.300147,37.872226],[-122.300229,37.87249],[-122.299944,37.872545]]]},"properties":{"id":"w821896781","b":"yes","lv":null,"n":null}},
{"type":"Feature","geometry":{"type":"Polygon","coordinates":[[[-122.298172,37.873444],[-122.298173,37.873448],[-122.29805,37.87347],[-122.29805,37.873468],[-122.297991,37.873479],[-122.297973,37.873418],[-122.29803,37.873407],[-122.298029,37.873401],[-122.298066,37.873395],[-122.298066,37.873392],[-122.298165,37.873375],[-122.298184,37.873441],[-122.298172,37.873444]]]},"properties":{"id":"w821896782","b":"yes","lv":null,"n":null}},
{"type":"Feature","geometry":{"type":"Polygon","coordinates":[[[-122.300173,37.872907],[-122.300149,37.872828],[-122.300266,37.872805],[-122.300291,37.872884],[-122.300173,37.872907]]]},"properties":{"id":"w821896785","b":"yes","lv":null,"n":null}},
{"type":"Feature","geometry":{"type":"Polygon","coordinates":[[[-122.300305,37.872969],[-122.300306,37.872972],[-122.300316,37.872969],[-122.300326,37.872998],[-122.300316,37.873],[-122.300317,37.873003],[-122.300234,37.87302],[-122.300232,37.873015],[-122.300197,37.873023],[-122.300181,37.872975],[-122.300175,37.872977],[-122.300172,37.872969],[-122.300178,37.872967],[-122.300176,37.87296],[-122.300211,37.872953],[-122.30021,37.87295],[-122.300334,37.872924],[-122.300346,37.872961],[-122.300305,37.872969]]]},"properties":{"id":"w821896786","b":"yes","lv":null,"n":null}},
{"type":"Feature","geometry":{"type":"Polygon","coordinates":[[[-122.297419,37.873437],[-122.297416,37.873428],[-122.297315,37.873448],[-122.297292,37.873374],[-122.297474,37.873339],[-122.2975,37.873421],[-122.297419,37.873437]]]},"properties":{"id":"w821896787","b":"house","lv":null,"n":null}},
{"type":"Feature","geometry":{"type":"Polygon","coordinates":[[[-122.300144,37.87321],[-122.300105,37.87309],[-122.300376,37.873036],[-122.300415,37.873156],[-122.300144,37.87321]]]},"properties":{"id":"w821896789","b":"yes","lv":null,"n":null}},
{"type":"Feature","geometry":{"type":"Polygon","coordinates":[[[-122.297511,37.873505],[-122.297521,37.873537],[-122.297351,37.87357],[-122.297344,37.873548],[-122.297331,37.87355],[-122.297321,37.873521],[-122.297336,37.873519],[-122.297328,37.873494],[-122.297498,37.873461],[-122.297495,37.873453],[-122.29755,37.873442],[-122.297567,37.873494],[-122.297511,37.873505]]]},"properties":{"id":"w821896790","b":"house","lv":null,"n":null}},
{"type":"Feature","geometry":{"type":"Polygon","coordinates":[[[-122.299925,37.873959],[-122.299842,37.873698],[-122.300109,37.873644],[-122.30019,37.873906],[-122.299925,37.873959]]]},"properties":{"id":"w821896791","b":"yes","lv":null,"n":null}},
{"type":"Feature","geometry":{"type":"Polygon","coordinates":[[[-122.298213,37.873558],[-122.298214,37.873562],[-122.298105,37.873583],[-122.298097,37.873558],[-122.297968,37.873583],[-122.297971,37.873594],[-122.29793,37.873602],[-122.297943,37.873644],[-122.297876,37.873657],[-122.297846,37.87356],[-122.297945,37.873541],[-122.297946,37.873542],[-122.298058,37.873521],[-122.298063,37.873536],[-122.298089,37.873531],[-122.298083,37.873512],[-122.298192,37.873491],[-122.298194,37.873496],[-122.29821,37.873493],[-122.29823,37.873555],[-122.298213,37.873558]]]},"properties":{"id":"w821896797","b":"yes","lv":null,"n":null}},
{"type":"Feature","geometry":{"type":"Polygon","coordinates":[[[-122.298246,37.873674],[-122.298247,37.873679],[-122.298059,37.873715],[-122.298038,37.873649],[-122.298053,37.873646],[-122.298052,37.873641],[-122.298225,37.873608],[-122.298229,37.873621],[-122.298248,37.873618],[-122.298255,37.873641],[-122.298264,37.87367],[-122.298246,37.873674]]]},"properties":{"id":"w821896798","b":"yes","lv":null,"n":null}},
{"type":"Feature","geometry":{"type":"Polygon","coordinates":[[[-122.297386,37.873678],[-122.297361,37.873608],[-122.297455,37.873588],[-122.297479,37.873658],[-122.297386,37.873678]]]},"properties":{"id":"w821896799","b":"house","lv":null,"n":null}},
{"type":"Feature","geometry":{"type":"Polygon","coordinates":[[[-122.29758,37.873814],[-122.297581,37.873816],[-122.297445,37.873843],[-122.297419,37.873762],[-122.297557,37.873735],[-122.297561,37.873747],[-122.297686,37.873723],[-122.297707,37.873789],[-122.29758,37.873814]]]},"properties":{"id":"w821896800","b":"house","lv":null,"n":null}},
{"type":"Feature","geometry":{"type":"Polygon","coordinates":[[[-122.297511,37.874089],[-122.297506,37.874071],[-122.297492,37.874073],[-122.297481,37.874036],[-122.297496,37.874033],[-122.297491,37.874017],[-122.297537,37.874008],[-122.297529,37.873983],[-122.297603,37.87397],[-122.297619,37.874027],[-122.297661,37.87402],[-122.297672,37.87406],[-122.297511,37.874089]]]},"properties":{"id":"w821896801","b":"house","lv":null,"n":null}},
{"type":"Feature","geometry":{"type":"Polygon","coordinates":[[[-122.293936,37.873008],[-122.293966,37.8731],[-122.293643,37.873166],[-122.293613,37.873074],[-122.293936,37.873008]]]},"properties":{"id":"w821896802","b":"yes","lv":null,"n":null}},
{"type":"Feature","geometry":{"type":"Polygon","coordinates":[[[-122.297475,37.873958],[-122.297451,37.873885],[-122.297627,37.873849],[-122.297651,37.873923],[-122.297475,37.873958]]]},"properties":{"id":"w821896803","b":"house","lv":null,"n":null}},
{"type":"Feature","geometry":{"type":"Polygon","coordinates":[[[-122.298169,37.873816],[-122.298154,37.873773],[-122.298179,37.873768],[-122.298169,37.873738],[-122.298264,37.873718],[-122.298289,37.87379],[-122.298169,37.873816]]]},"properties":{"id":"w821896807","b":"yes","lv":null,"n":null}},
{"type":"Feature","geometry":{"type":"Polygon","coordinates":[[[-122.298253,37.873915],[-122.29826,37.873938],[-122.298025,37.873984],[-122.297999,37.8739],[-122.298285,37.873844],[-122.298304,37.873905],[-122.298253,37.873915]]]},"properties":{"id":"w821896808","b":"yes","lv":null,"n":null}},
{"type":"Feature","geometry":{"type":"Polygon","coordinates":[[[-122.298427,37.874199],[-122.298435,37.874225],[-122.298401,37.874231],[-122.298407,37.874249],[-122.298369,37.874256],[-122.298363,37.874238],[-122.298337,37.874244],[-122.298289,37.874089],[-122.298383,37.874071],[-122.298409,37.874156],[-122.298426,37.874153],[-122.29844,37.874197],[-122.298427,37.874199]]]},"properties":{"id":"w821896810","b":"yes","lv":null,"n":null}},
{"type":"Feature","geometry":{"type":"Polygon","coordinates":[[[-122.298197,37.874268],[-122.298176,37.874203],[-122.298268,37.874186],[-122.298288,37.87425],[-122.298197,37.874268]]]},"properties":{"id":"w821896811","b":"yes","lv":null,"n":null}},
{"type":"Feature","geometry":{"type":"Polygon","coordinates":[[[-122.297628,37.874377],[-122.297624,37.874364],[-122.297585,37.874371],[-122.297567,37.874306],[-122.297551,37.874309],[-122.297543,37.874277],[-122.297559,37.874275],[-122.297545,37.874225],[-122.297603,37.874215],[-122.297613,37.87425],[-122.297668,37.87424],[-122.297702,37.874365],[-122.297628,37.874377]]]},"properties":{"id":"w821896814","b":"house","lv":null,"n":null}},
{"type":"Feature","geometry":{"type":"Polygon","coordinates":[[[-122.294486,37.874707],[-122.294482,37.874697],[-122.29447,37.874699],[-122.294458,37.874662],[-122.294471,37.874659],[-122.294373,37.874357],[-122.294138,37.874404],[-122.294246,37.874736],[-122.294169,37.874751],[-122.294158,37.874718],[-122.294139,37.874722],[-122.294018,37.874351],[-122.294443,37.874265],[-122.294581,37.874688],[-122.294486,37.874707]]]},"properties":{"id":"w821896817","b":"apartments","lv":null,"n":"Golden Bear Homes"}},
{"type":"Feature","geometry":{"type":"Polygon","coordinates":[[[-122.294019,37.874341],[-122.29398,37.87422],[-122.2944,37.874135],[-122.294416,37.874186],[-122.294332,37.874203],[-122.294355,37.874273],[-122.294019,37.874341]]]},"properties":{"id":"w821896820","b":"yes","lv":null,"n":null}},
{"type":"Feature","geometry":{"type":"Polygon","coordinates":[[[-122.293956,37.874061],[-122.293931,37.873985],[-122.294121,37.873946],[-122.294146,37.874022],[-122.293956,37.874061]]]},"properties":{"id":"w821896822","b":"yes","lv":null,"n":null}},
{"type":"Feature","geometry":{"type":"Polygon","coordinates":[[[-122.294097,37.873871],[-122.294103,37.873889],[-122.293912,37.873928],[-122.293886,37.873851],[-122.294077,37.873812],[-122.294085,37.873836],[-122.29411,37.873831],[-122.294121,37.873866],[-122.294097,37.873871]]]},"properties":{"id":"w821896823","b":"yes","lv":null,"n":null}},
{"type":"Feature","geometry":{"type":"Polygon","coordinates":[[[-122.294071,37.873786],[-122.294072,37.87379],[-122.293882,37.873829],[-122.293857,37.873753],[-122.294047,37.873714],[-122.294049,37.873719],[-122.294117,37.873705],[-122.294138,37.873772],[-122.294071,37.873786]]]},"properties":{"id":"w821896824","b":"yes","lv":null,"n":null}},
{"type":"Feature","geometry":{"type":"Polygon","coordinates":[[[-122.294024,37.87364],[-122.29403,37.873659],[-122.29384,37.873697],[-122.293816,37.87362],[-122.294006,37.873582],[-122.294014,37.873609],[-122.294023,37.873608],[-122.294033,37.873639],[-122.294024,37.87364]]]},"properties":{"id":"w821896825","b":"yes","lv":null,"n":null}},
{"type":"Feature","geometry":{"type":"Polygon","coordinates":[[[-122.294609,37.875025],[-122.294592,37.875025],[-122.294578,37.875019],[-122.29457,37.875009],[-122.294489,37.87475],[-122.294495,37.874738],[-122.294508,37.87473],[-122.294598,37.874714],[-122.29469,37.875009],[-122.294609,37.875025]]]},"properties":{"id":"w821896827","b":"yes","lv":null,"n":null}},
{"type":"Feature","geometry":{"type":"Polygon","coordinates":[[[-122.294713,37.874985],[-122.29467,37.874853],[-122.294759,37.874835],[-122.294804,37.874967],[-122.294713,37.874985]]]},"properties":{"id":"w821896828","b":"yes","lv":null,"n":null}},
{"type":"Feature","geometry":{"type":"Polygon","coordinates":[[[-122.294868,37.874943],[-122.294874,37.874962],[-122.294832,37.87497],[-122.294815,37.874913],[-122.294899,37.874897],[-122.294911,37.874934],[-122.294868,37.874943]]]},"properties":{"id":"w821896830","b":"yes","lv":null,"n":null}},
{"type":"Feature","geometry":{"type":"Polygon","coordinates":[[[-122.295002,37.874959],[-122.294999,37.874952],[-122.294963,37.874959],[-122.294939,37.874886],[-122.294966,37.87488],[-122.29497,37.874891],[-122.29511,37.874862],[-122.295133,37.874931],[-122.295002,37.874959]]]},"properties":{"id":"w821896831","b":"yes","lv":null,"n":null}},
{"type":"Feature","geometry":{"type":"Polygon","coordinates":[[[-122.294902,37.874886],[-122.294881,37.874824],[-122.294904,37.874819],[-122.294901,37.874812],[-122.295084,37.874774],[-122.295107,37.874843],[-122.294902,37.874886]]]},"properties":{"id":"w821896832","b":"yes","lv":null,"n":null}},
{"type":"Feature","geometry":{"type":"Polygon","coordinates":[[[-122.294836,37.874798],[-122.294815,37.87473],[-122.295068,37.874679],[-122.29508,37.874716],[-122.295064,37.874719],[-122.295074,37.87475],[-122.294836,37.874798]]]},"properties":{"id":"w821896833","b":"detached","lv":null,"n":null}},
{"type":"Feature","geometry":{"type":"Polygon","coordinates":[[[-122.302357,37.869078],[-122.302306,37.868915],[-122.30256,37.868865],[-122.302612,37.869028],[-122.302357,37.869078]]]},"properties":{"id":"w821896834","b":"yes","lv":null,"n":null}},
{"type":"Feature","geometry":{"type":"Polygon","coordinates":[[[-122.295009,37.87463],[-122.29502,37.874662],[-122.29491,37.874684],[-122.2949,37.874654],[-122.294887,37.874657],[-122.294879,37.87463],[-122.294892,37.874627],[-122.294886,37.874611],[-122.295015,37.874585],[-122.295029,37.874627],[-122.295009,37.87463]]]},"properties":{"id":"w821896835","b":"detached","lv":null,"n":null}},
{"type":"Feature","geometry":{"type":"Polygon","coordinates":[[[-122.294977,37.874526],[-122.294987,37.874557],[-122.294877,37.874578],[-122.294867,37.874548],[-122.294855,37.874551],[-122.294847,37.874525],[-122.294859,37.874523],[-122.294854,37.874508],[-122.294986,37.874482],[-122.294998,37.874521],[-122.294977,37.874526]]]},"properties":{"id":"w821896836","b":"detached","lv":null,"n":null}},
{"type":"Feature","geometry":{"type":"Polygon","coordinates":[[[-122.294737,37.874497],[-122.294713,37.874426],[-122.294932,37.874382],[-122.294955,37.874452],[-122.294737,37.874497]]]},"properties":{"id":"w821896837","b":"detached","lv":null,"n":null}},
{"type":"Feature","geometry":{"type":"Polygon","coordinates":[[[-122.294908,37.874318],[-122.294918,37.874349],[-122.294808,37.874371],[-122.294799,37.874341],[-122.294786,37.874344],[-122.294778,37.874317],[-122.294791,37.874315],[-122.294786,37.874299],[-122.294915,37.874274],[-122.294928,37.874314],[-122.294908,37.874318]]]},"properties":{"id":"w821896838","b":"detached","lv":null,"n":null}},
{"type":"Feature","geometry":{"type":"Polygon","coordinates":[[[-122.294873,37.874211],[-122.294884,37.874246],[-122.294705,37.874282],[-122.294695,37.87425],[-122.294728,37.874243],[-122.294715,37.874204],[-122.294878,37.874172],[-122.29489,37.874207],[-122.294873,37.874211]]]},"properties":{"id":"w821896840","b":"detached","lv":null,"n":null}},
{"type":"Feature","geometry":{"type":"Polygon","coordinates":[[[-122.294843,37.874107],[-122.294855,37.874142],[-122.294724,37.874168],[-122.294721,37.874161],[-122.294698,37.874166],[-122.294681,37.874112],[-122.294705,37.874108],[-122.294703,37.874102],[-122.29472,37.874099],[-122.294717,37.874091],[-122.29483,37.874069],[-122.294832,37.874073],[-122.294845,37.87407],[-122.294856,37.874104],[-122.294843,37.874107]]]},"properties":{"id":"w821896842","b":"detached","lv":null,"n":null}},
{"type":"Feature","geometry":{"type":"Polygon","coordinates":[[[-122.294778,37.873904],[-122.294788,37.873936],[-122.294674,37.873958],[-122.294665,37.873928],[-122.294653,37.87393],[-122.294639,37.873887],[-122.294781,37.873859],[-122.294794,37.8739],[-122.294778,37.873904]]]},"properties":{"id":"w821896845","b":"yes","lv":null,"n":null}},
{"type":"Feature","geometry":{"type":"Polygon","coordinates":[[[-122.29474,37.873798],[-122.294751,37.87383],[-122.294582,37.873863],[-122.294568,37.873819],[-122.294589,37.873815],[-122.294581,37.87379],[-122.294747,37.873757],[-122.294759,37.873795],[-122.29474,37.873798]]]},"properties":{"id":"w821896847","b":"detached","lv":null,"n":null}},
{"type":"Feature","geometry":{"type":"Polygon","coordinates":[[[-122.294706,37.873702],[-122.294714,37.873727],[-122.294573,37.873756],[-122.294551,37.873687],[-122.294662,37.873664],[-122.294661,37.873661],[-122.29467,37.873659],[-122.294671,37.873662],[-122.294692,37.873658],[-122.294696,37.873672],[-122.294716,37.873668],[-122.294726,37.873698],[-122.294706,37.873702]]]},"properties":{"id":"w821896848","b":"detached","lv":null,"n":null}},
{"type":"Feature","geometry":{"type":"Polygon","coordinates":[[[-122.294678,37.873597],[-122.294686,37.873624],[-122.294566,37.873648],[-122.294556,37.873616],[-122.294538,37.87362],[-122.294529,37.873589],[-122.294546,37.873586],[-122.294542,37.873574],[-122.294664,37.87355],[-122.294669,37.873568],[-122.294687,37.873564],[-122.294696,37.873593],[-122.294678,37.873597]]]},"properties":{"id":"w821896849","b":"detached","lv":null,"n":null}},
{"type":"Feature","geometry":{"type":"Polygon","coordinates":[[[-122.2957,37.873583],[-122.295697,37.873573],[-122.29566,37.87358],[-122.295644,37.873529],[-122.295703,37.873517],[-122.29583,37.873491],[-122.29585,37.873553],[-122.2957,37.873583]]]},"properties":{"id":"w821896851","b":"detached","lv":null,"n":null}},
{"type":"Feature","geometry":{"type":"Polygon","coordinates":[[[-122.294101,37.872228],[-122.294099,37.872221],[-122.294046,37.872231],[-122.294049,37.872241],[-122.293912,37.872268],[-122.293895,37.872217],[-122.293905,37.872215],[-122.293897,37.872189],[-122.293955,37.872177],[-122.293963,37.872202],[-122.293991,37.872197],[-122.293983,37.872171],[-122.294041,37.872159],[-122.29405,37.872185],[-122.294064,37.872183],[-122.294056,37.872157],[-122.294115,37.872145],[-122.294123,37.872171],[-122.294152,37.872165],[-122.294144,37.872141],[-122.294202,37.872129],[-122.294211,37.872154],[-122.294225,37.872152],[-122.294239,37.872202],[-122.294101,37.872228]]]},"properties":{"id":"w821896854","b":"house","lv":null,"n":null}},
{"type":"Feature","geometry":{"type":"Polygon","coordinates":[[[-122.293698,37.872176],[-122.293677,37.872112],[-122.293407,37.872167],[-122.293422,37.872212],[-122.293337,37.87223],[-122.293303,37.872126],[-122.293345,37.872117],[-122.293347,37.872124],[-122.293369,37.87212],[-122.293365,37.872109],[-122.293475,37.872087],[-122.29373,37.872036],[-122.293771,37.872162],[-122.293698,37.872176]]]},"properties":{"id":"w821896857","b":"yes","lv":null,"n":null}},
{"type":"Feature","geometry":{"type":"Polygon","coordinates":[[[-122.294647,37.873493],[-122.294656,37.873525],[-122.294498,37.873554],[-122.29448,37.873494],[-122.294521,37.873487],[-122.294516,37.873473],[-122.294634,37.873451],[-122.294639,37.87347],[-122.294653,37.873468],[-122.29466,37.87349],[-122.294647,37.873493]]]},"properties":{"id":"w821896858","b":"detached","lv":null,"n":null}},
{"type":"Feature","geometry":{"type":"Polygon","coordinates":[[[-122.294608,37.873386],[-122.294618,37.87342],[-122.294499,37.873442],[-122.294478,37.873368],[-122.294615,37.873343],[-122.294627,37.873383],[-122.294608,37.873386]]]},"properties":{"id":"w821896860","b":"detached","lv":null,"n":null}},
{"type":"Feature","geometry":{"type":"Polygon","coordinates":[[[-122.294211,37.872608],[-122.294209,37.872604],[-122.294141,37.872618],[-122.294128,37.872579],[-122.294196,37.872565],[-122.294187,37.872537],[-122.294257,37.872523],[-122.294255,37.872515],[-122.294321,37.872502],[-122.294333,37.872538],[-122.294355,37.872534],[-122.294369,37.872576],[-122.294211,37.872608]]]},"properties":{"id":"w821896864","b":"detached","lv":null,"n":null}},
{"type":"Feature","geometry":{"type":"Polygon","coordinates":[[[-122.293327,37.871852],[-122.293342,37.871896],[-122.293244,37.871915],[-122.293194,37.871764],[-122.293292,37.871744],[-122.293295,37.871752],[-122.293327,37.871745],[-122.29336,37.871845],[-122.293327,37.871852]]]},"properties":{"id":"w821896866","b":"yes","lv":null,"n":null}},
{"type":"Feature","geometry":{"type":"Polygon","coordinates":[[[-122.294169,37.871919],[-122.294177,37.871943],[-122.294075,37.871964],[-122.294051,37.871891],[-122.294154,37.87187],[-122.294161,37.871893],[-122.294172,37.871891],[-122.29418,37.871917],[-122.294169,37.871919]]]},"properties":{"id":"w821896870","b":"yes","lv":null,"n":null}},
{"type":"Feature","geometry":{"type":"Polygon","coordinates":[[[-122.295435,37.87458],[-122.295436,37.874583],[-122.295304,37.874608],[-122.295291,37.874564],[-122.29531,37.87456],[-122.295301,37.874531],[-122.295413,37.874509],[-122.295419,37.874528],[-122.295434,37.874525],[-122.29545,37.874577],[-122.295435,37.87458]]]},"properties":{"id":"w821896872","b":"detached","lv":null,"n":null}},
{"type":"Feature","geometry":{"type":"Polygon","coordinates":[[[-122.294127,37.872026],[-122.294128,37.872028],[-122.293987,37.872057],[-122.293978,37.87203],[-122.293965,37.872033],[-122.293951,37.87199],[-122.294075,37.871964],[-122.294177,37.871943],[-122.294209,37.871936],[-122.294231,37.872004],[-122.294127,37.872026]]]},"properties":{"id":"w821896873","b":"detached","lv":null,"n":null}},
{"type":"Feature","geometry":{"type":"Polygon","coordinates":[[[-122.295433,37.874441],[-122.295442,37.874468],[-122.295395,37.874478],[-122.295397,37.874484],[-122.295298,37.874505],[-122.295273,37.874429],[-122.295381,37.874406],[-122.295384,37.874414],[-122.295399,37.874411],[-122.2954,37.874416],[-122.295436,37.874409],[-122.295445,37.874438],[-122.295433,37.874441]]]},"properties":{"id":"w821896875","b":"detached","lv":null,"n":null}},
{"type":"Feature","geometry":{"type":"Polygon","coordinates":[[[-122.295374,37.874367],[-122.295383,37.874397],[-122.295273,37.874419],[-122.295264,37.87439],[-122.295245,37.874394],[-122.295231,37.874351],[-122.29536,37.874325],[-122.295366,37.874342],[-122.295377,37.87434],[-122.295385,37.874365],[-122.295374,37.874367]]]},"properties":{"id":"w821896877","b":"detached","lv":null,"n":null}},
{"type":"Feature","geometry":{"type":"Polygon","coordinates":[[[-122.294999,37.873567],[-122.294979,37.873501],[-122.295091,37.873479],[-122.295112,37.873546],[-122.294999,37.873567]]]},"properties":{"id":"w821896878","b":"detached","lv":null,"n":null}},
{"type":"Feature","geometry":{"type":"Polygon","coordinates":[[[-122.293652,37.871864],[-122.29365,37.871856],[-122.293599,37.871867],[-122.293555,37.871732],[-122.293655,37.871712],[-122.293701,37.871854],[-122.293652,37.871864]]]},"properties":{"id":"w821896879","b":"yes","lv":null,"n":null}},
{"type":"Feature","geometry":{"type":"Polygon","coordinates":[[[-122.295407,37.874279],[-122.295408,37.874282],[-122.295344,37.874296],[-122.295342,37.874291],[-122.295239,37.874314],[-122.295228,37.874282],[-122.295213,37.874286],[-122.295202,37.874251],[-122.295217,37.874248],[-122.295216,37.874244],[-122.295357,37.874213],[-122.295359,37.874219],[-122.295377,37.874215],[-122.295381,37.874226],[-122.295426,37.874216],[-122.295433,37.874235],[-122.295464,37.874228],[-122.295476,37.874264],[-122.295407,37.874279]]]},"properties":{"id":"w821896880","b":"detached","lv":null,"n":null}},
{"type":"Feature","geometry":{"type":"Polygon","coordinates":[[[-122.293921,37.871806],[-122.293919,37.871799],[-122.293867,37.87181],[-122.293824,37.871675],[-122.293925,37.871655],[-122.293971,37.871796],[-122.293921,37.871806]]]},"properties":{"id":"w821896881","b":"yes","lv":null,"n":null}},
{"type":"Feature","geometry":{"type":"Polygon","coordinates":[[[-122.295303,37.874154],[-122.295312,37.874184],[-122.295204,37.874206],[-122.295193,37.874175],[-122.295177,37.874178],[-122.295164,37.87414],[-122.295316,37.874108],[-122.295329,37.874149],[-122.295303,37.874154]]]},"properties":{"id":"w821896882","b":"detached","lv":null,"n":null}},
{"type":"Feature","geometry":{"type":"Polygon","coordinates":[[[-122.293785,37.871835],[-122.293782,37.871827],[-122.293733,37.871837],[-122.293689,37.871704],[-122.293789,37.871684],[-122.293835,37.871825],[-122.293785,37.871835]]]},"properties":{"id":"w821896883","b":"yes","lv":null,"n":null}},
{"type":"Feature","geometry":{"type":"Polygon","coordinates":[[[-122.294009,37.871778],[-122.293964,37.871643],[-122.294068,37.871622],[-122.294076,37.871648],[-122.294098,37.871643],[-122.294109,37.871677],[-122.294087,37.871681],[-122.294112,37.871756],[-122.294009,37.871778]]]},"properties":{"id":"w821896886","b":"yes","lv":null,"n":null}},
{"type":"Feature","geometry":{"type":"Polygon","coordinates":[[[-122.295531,37.873208],[-122.295515,37.873159],[-122.295554,37.873151],[-122.295571,37.8732],[-122.295531,37.873208]]]},"properties":{"id":"w821896888","b":"yes","lv":null,"n":null}},
{"type":"Feature","geometry":{"type":"Polygon","coordinates":[[[-122.295167,37.874099],[-122.295159,37.874072],[-122.29514,37.874076],[-122.295127,37.874034],[-122.295252,37.87401],[-122.295256,37.874023],[-122.295316,37.874012],[-122.295333,37.874067],[-122.295167,37.874099]]]},"properties":{"id":"w821896890","b":"detached","lv":null,"n":null}},
{"type":"Feature","geometry":{"type":"Polygon","coordinates":[[[-122.295669,37.873412],[-122.295648,37.873348],[-122.295775,37.873322],[-122.295795,37.873386],[-122.295669,37.873412]]]},"properties":{"id":"w821896891","b":"detached","lv":null,"n":null}},
{"type":"Feature","geometry":{"type":"Polygon","coordinates":[[[-122.294068,37.87183],[-122.294005,37.871842],[-122.293992,37.871801],[-122.294056,37.871788],[-122.294068,37.87183]]]},"properties":{"id":"w821896892","b":"yes","lv":null,"n":null}},
{"type":"Feature","geometry":{"type":"Polygon","coordinates":[[[-122.295134,37.873994],[-122.295124,37.873964],[-122.295106,37.873968],[-122.295092,37.873925],[-122.295318,37.87388],[-122.295342,37.873953],[-122.295134,37.873994]]]},"properties":{"id":"w821896893","b":"detached","lv":null,"n":null}},
{"type":"Feature","geometry":{"type":"Polygon","coordinates":[[[-122.295313,37.87384],[-122.295314,37.873845],[-122.295102,37.873887],[-122.295093,37.873856],[-122.295077,37.873859],[-122.295071,37.873838],[-122.295085,37.873835],[-122.295079,37.873816],[-122.295245,37.873783],[-122.295251,37.873802],[-122.295297,37.873793],[-122.295301,37.873803],[-122.295337,37.873796],[-122.295349,37.873833],[-122.295313,37.87384]]]},"properties":{"id":"w821896895","b":"detached","lv":null,"n":null}},
{"type":"Feature","geometry":{"type":"Polygon","coordinates":[[[-122.298699,37.872628],[-122.298688,37.872595],[-122.298732,37.872586],[-122.298743,37.872618],[-122.298699,37.872628]]]},"properties":{"id":"w821896899","b":"yes","lv":null,"n":null}},
{"type":"Feature","geometry":{"type":"Polygon","coordinates":[[[-122.295239,37.873682],[-122.295259,37.873746],[-122.295064,37.873784],[-122.29504,37.873709],[-122.295162,37.873685],[-122.295166,37.873696],[-122.295202,37.873689],[-122.295192,37.873657],[-122.295254,37.873644],[-122.295264,37.873677],[-122.295239,37.873682]]]},"properties":{"id":"w821896900","b":"detached","lv":null,"n":null}},
{"type":"Feature","geometry":{"type":"Polygon","coordinates":[[[-122.295133,37.87165],[-122.295116,37.871594],[-122.295196,37.871578],[-122.295213,37.871635],[-122.295133,37.87165]]]},"properties":{"id":"w821896902","b":"garage","lv":null,"n":null}},
{"type":"Feature","geometry":{"type":"Polygon","coordinates":[[[-122.295033,37.873674],[-122.295025,37.873649],[-122.295004,37.873653],[-122.294993,37.873621],[-122.295014,37.873617],[-122.295009,37.873603],[-122.295131,37.873578],[-122.295133,37.873584],[-122.29521,37.873568],[-122.295232,37.873633],[-122.295033,37.873674]]]},"properties":{"id":"w821896903","b":"detached","lv":null,"n":null}},
{"type":"Feature","geometry":{"type":"Polygon","coordinates":[[[-122.295072,37.873414],[-122.295082,37.873445],[-122.294962,37.873468],[-122.294954,37.87344],[-122.294938,37.873443],[-122.294931,37.873418],[-122.294945,37.873415],[-122.29494,37.873398],[-122.295083,37.873371],[-122.295095,37.87341],[-122.295072,37.873414]]]},"properties":{"id":"w821896908","b":"detached","lv":null,"n":null}},
{"type":"Feature","geometry":{"type":"Polygon","coordinates":[[[-122.295711,37.873671],[-122.295689,37.873607],[-122.295844,37.873575],[-122.295865,37.873638],[-122.295711,37.873671]]]},"properties":{"id":"w821896909","b":"detached","lv":null,"n":null}},
{"type":"Feature","geometry":{"type":"Polygon","coordinates":[[[-122.295101,37.873375],[-122.295092,37.873348],[-122.295157,37.873334],[-122.295166,37.873361],[-122.295101,37.873375]]]},"properties":{"id":"w821896911","b":"hut","lv":null,"n":null}},
{"type":"Feature","geometry":{"type":"Polygon","coordinates":[[[-122.295117,37.873331],[-122.295116,37.873327],[-122.295044,37.873341],[-122.295041,37.873333],[-122.294929,37.873356],[-122.294918,37.873321],[-122.294904,37.873324],[-122.294892,37.873287],[-122.294937,37.873278],[-122.294945,37.873277],[-122.294946,37.873277],[-122.295002,37.873266],[-122.294999,37.873257],[-122.29504,37.873249],[-122.295043,37.87326],[-122.295059,37.873256],[-122.295068,37.873283],[-122.295183,37.87326],[-122.295201,37.873315],[-122.295117,37.873331]]]},"properties":{"id":"w821896912","b":"detached","lv":null,"n":null}},
{"type":"Feature","geometry":{"type":"Polygon","coordinates":[[[-122.295127,37.871912],[-122.29512,37.871889],[-122.295099,37.871893],[-122.295086,37.871852],[-122.295107,37.871848],[-122.295106,37.871843],[-122.295248,37.871815],[-122.295269,37.871884],[-122.295127,37.871912]]]},"properties":{"id":"w821896913","b":"detached","lv":null,"n":null}},
{"type":"Feature","geometry":{"type":"Polygon","coordinates":[[[-122.295335,37.873328],[-122.295294,37.873204],[-122.295302,37.873202],[-122.2953,37.873196],[-122.295334,37.873189],[-122.295336,37.873194],[-122.295372,37.873187],[-122.295413,37.873312],[-122.295335,37.873328]]]},"properties":{"id":"w821896914","b":"yes","lv":null,"n":null}},
{"type":"Feature","geometry":{"type":"Polygon","coordinates":[[[-122.294715,37.871599],[-122.2947,37.871552],[-122.294693,37.871553],[-122.294674,37.871496],[-122.294778,37.871475],[-122.294812,37.871579],[-122.294715,37.871599]]]},"properties":{"id":"w821896915","b":"yes","lv":null,"n":null}},
{"type":"Feature","geometry":{"type":"Polygon","coordinates":[[[-122.295255,37.871959],[-122.29526,37.871952],[-122.295269,37.871948],[-122.295279,37.87195],[-122.295285,37.871955],[-122.295287,37.871962],[-122.295283,37.871969],[-122.295296,37.872013],[-122.295282,37.872015],[-122.295287,37.872033],[-122.295186,37.872052],[-122.295163,37.871976],[-122.295255,37.871959]]]},"properties":{"id":"w821896917","b":"detached","lv":null,"n":null}},
{"type":"Feature","geometry":{"type":"Polygon","coordinates":[[[-122.295521,37.873197],[-122.29553,37.873226],[-122.295522,37.873228],[-122.295541,37.873285],[-122.295486,37.873296],[-122.295478,37.873272],[-122.295444,37.873279],[-122.295414,37.873184],[-122.295454,37.873176],[-122.295451,37.873166],[-122.295499,37.873157],[-122.295513,37.873199],[-122.295521,37.873197]]]},"properties":{"id":"w821896918","b":"yes","lv":null,"n":null}},
{"type":"Feature","geometry":{"type":"Polygon","coordinates":[[[-122.294163,37.873198],[-122.294139,37.873111],[-122.294211,37.873098],[-122.294235,37.873185],[-122.294163,37.873198]]]},"properties":{"id":"w821896919","b":"yes","lv":null,"n":null}},
{"type":"Feature","geometry":{"type":"Polygon","coordinates":[[[-122.2956,37.873206],[-122.295579,37.873142],[-122.295707,37.873115],[-122.295728,37.873179],[-122.2956,37.873206]]]},"properties":{"id":"w821896920","b":"detached","lv":null,"n":null}},
{"type":"Feature","geometry":{"type":"Polygon","coordinates":[[[-122.295242,37.871794],[-122.295245,37.871805],[-122.295102,37.871833],[-122.295096,37.871813],[-122.295083,37.871815],[-122.295078,37.871798],[-122.295091,37.871796],[-122.295079,37.871758],[-122.295222,37.87173],[-122.295237,37.871776],[-122.295251,37.871773],[-122.295257,37.871791],[-122.295242,37.871794]]]},"properties":{"id":"w821896921","b":"detached","lv":null,"n":null}},
{"type":"Feature","geometry":{"type":"Polygon","coordinates":[[[-122.295632,37.873312],[-122.295623,37.873282],[-122.295596,37.873287],[-122.295585,37.873253],[-122.295612,37.873247],[-122.295611,37.873243],[-122.295717,37.873223],[-122.295738,37.873291],[-122.295632,37.873312]]]},"properties":{"id":"w821896922","b":"detached","lv":null,"n":null}},
{"type":"Feature","geometry":{"type":"Polygon","coordinates":[[[-122.29426,37.873209],[-122.294231,37.873118],[-122.294358,37.873093],[-122.294387,37.873184],[-122.29426,37.873209]]]},"properties":{"id":"w821896924","b":"yes","lv":null,"n":null}},
{"type":"Feature","geometry":{"type":"Polygon","coordinates":[[[-122.295626,37.873509],[-122.295606,37.873448],[-122.295785,37.873412],[-122.295805,37.873473],[-122.295626,37.873509]]]},"properties":{"id":"w821896925","b":"detached","lv":null,"n":null}},
{"type":"Feature","geometry":{"type":"Polygon","coordinates":[[[-122.295137,37.873003],[-122.295119,37.872944],[-122.295164,37.872936],[-122.295169,37.87295],[-122.295162,37.872951],[-122.295176,37.872995],[-122.295137,37.873003]]]},"properties":{"id":"w821896927","b":"yes","lv":null,"n":null}},
{"type":"Feature","geometry":{"type":"Polygon","coordinates":[[[-122.295304,37.872454],[-122.29528,37.872381],[-122.295422,37.872351],[-122.295435,37.87239],[-122.295449,37.872387],[-122.295458,37.872414],[-122.295439,37.872418],[-122.295442,37.872425],[-122.295304,37.872454]]]},"properties":{"id":"w821896929","b":"detached","lv":null,"n":null}},
{"type":"Feature","geometry":{"type":"Polygon","coordinates":[[[-122.295819,37.873767],[-122.295816,37.873757],[-122.295796,37.873761],[-122.295807,37.873797],[-122.295574,37.873841],[-122.295551,37.873766],[-122.295778,37.873723],[-122.295775,37.873714],[-122.295849,37.8737],[-122.295867,37.873758],[-122.295819,37.873767]]]},"properties":{"id":"w821896930","b":"detached","lv":null,"n":null}},
{"type":"Feature","geometry":{"type":"Polygon","coordinates":[[[-122.295195,37.872194],[-122.295173,37.872122],[-122.295321,37.872094],[-122.29533,37.872122],[-122.295357,37.872117],[-122.29537,37.872161],[-122.295195,37.872194]]]},"properties":{"id":"w821896931","b":"detached","lv":null,"n":null}},
{"type":"Feature","geometry":{"type":"Polygon","coordinates":[[[-122.295919,37.87385],[-122.295926,37.873872],[-122.295918,37.873873],[-122.295919,37.873877],[-122.295809,37.873899],[-122.295799,37.873868],[-122.295737,37.87388],[-122.295725,37.87384],[-122.295903,37.873804],[-122.295911,37.873827],[-122.295926,37.873823],[-122.295934,37.873847],[-122.295919,37.87385]]]},"properties":{"id":"w821896935","b":"detached","lv":null,"n":null}},
{"type":"Feature","geometry":{"type":"Polygon","coordinates":[[[-122.294551,37.87218],[-122.294542,37.872153],[-122.294521,37.872157],[-122.294504,37.872107],[-122.294662,37.872075],[-122.294668,37.872095],[-122.294681,37.872092],[-122.2947,37.87215],[-122.294551,37.87218]]]},"properties":{"id":"w821896936","b":"detached","lv":null,"n":null}},
{"type":"Feature","geometry":{"type":"Polygon","coordinates":[[[-122.295946,37.873972],[-122.295948,37.873979],[-122.295841,37.874001],[-122.295818,37.87393],[-122.295935,37.873908],[-122.295955,37.87397],[-122.295946,37.873972]]]},"properties":{"id":"w821896938","b":"detached","lv":null,"n":null}},
{"type":"Feature","geometry":{"type":"Polygon","coordinates":[[[-122.29599,37.874065],[-122.295994,37.874076],[-122.295989,37.874077],[-122.295992,37.874083],[-122.295982,37.874086],[-122.295983,37.874088],[-122.295878,37.87411],[-122.295868,37.874081],[-122.295742,37.874107],[-122.295728,37.874066],[-122.295972,37.874015],[-122.295979,37.874036],[-122.295999,37.874032],[-122.296008,37.874061],[-122.29599,37.874065]]]},"properties":{"id":"w821896941","b":"detached","lv":null,"n":null}},
{"type":"Feature","geometry":{"type":"Polygon","coordinates":[[[-122.294651,37.872462],[-122.294613,37.872346],[-122.29469,37.87233],[-122.294698,37.872355],[-122.294757,37.872343],[-122.294787,37.872434],[-122.294651,37.872462]]]},"properties":{"id":"w821896942","b":"detached","lv":null,"n":null}},
{"type":"Feature","geometry":{"type":"Polygon","coordinates":[[[-122.299056,37.873303],[-122.299068,37.873301],[-122.299193,37.873278],[-122.299215,37.87335],[-122.29901,37.873388],[-122.298997,37.873345],[-122.299064,37.873332],[-122.29906,37.873319],[-122.299056,37.873303]]]},"properties":{"id":"w821896943","b":"yes","lv":null,"n":null}},
{"type":"Feature","geometry":{"type":"Polygon","coordinates":[[[-122.296019,37.874191],[-122.29602,37.874194],[-122.295885,37.874221],[-122.295877,37.874196],[-122.295869,37.874198],[-122.295884,37.874243],[-122.295811,37.874258],[-122.295797,37.874212],[-122.295752,37.874221],[-122.295737,37.874176],[-122.296007,37.874122],[-122.296028,37.874189],[-122.296019,37.874191]]]},"properties":{"id":"w821896944","b":"detached","lv":null,"n":null}},
{"type":"Feature","geometry":{"type":"Polygon","coordinates":[[[-122.294843,37.872685],[-122.294844,37.872687],[-122.294722,37.872711],[-122.29469,37.872607],[-122.294811,37.872584],[-122.294814,37.872594],[-122.294831,37.872591],[-122.294837,37.87261],[-122.294878,37.872602],[-122.2949,37.872674],[-122.294843,37.872685]]]},"properties":{"id":"w821896945","b":"detached","lv":null,"n":null}},
{"type":"Feature","geometry":{"type":"Polygon","coordinates":[[[-122.299111,37.873464],[-122.299097,37.873423],[-122.299113,37.87342],[-122.299103,37.87339],[-122.299223,37.873365],[-122.299247,37.873435],[-122.299111,37.873464]]]},"properties":{"id":"w821896946","b":"yes","lv":null,"n":null}},
{"type":"Feature","geometry":{"type":"Polygon","coordinates":[[[-122.296055,37.874276],[-122.296063,37.8743],[-122.295947,37.874324],[-122.295924,37.874253],[-122.29604,37.874229],[-122.296047,37.874251],[-122.296066,37.874247],[-122.296074,37.874272],[-122.296055,37.874276]]]},"properties":{"id":"w821896947","b":"detached","lv":null,"n":null}},
{"type":"Feature","geometry":{"type":"Polygon","coordinates":[[[-122.299247,37.873507],[-122.299263,37.873555],[-122.299047,37.873598],[-122.29902,37.873512],[-122.299253,37.873465],[-122.299265,37.873503],[-122.299247,37.873507]]]},"properties":{"id":"w821896948","b":"yes","lv":null,"n":null}},
{"type":"Feature","geometry":{"type":"Polygon","coordinates":[[[-122.295074,37.871745],[-122.295063,37.87171],[-122.295025,37.871717],[-122.295013,37.87168],[-122.295191,37.871645],[-122.295214,37.871717],[-122.295074,37.871745]]]},"properties":{"id":"w821896951","b":"detached","lv":null,"n":null}},
{"type":"Feature","geometry":{"type":"Polygon","coordinates":[[[-122.294878,37.87289],[-122.294881,37.8729],[-122.294756,37.872925],[-122.294741,37.872877],[-122.294758,37.872874],[-122.294751,37.872853],[-122.294819,37.872839],[-122.294823,37.872853],[-122.294849,37.872847],[-122.294852,37.872856],[-122.294893,37.872847],[-122.294905,37.872884],[-122.294878,37.87289]]]},"properties":{"id":"w821896954","b":"detached","lv":null,"n":null}},
{"type":"Feature","geometry":{"type":"Polygon","coordinates":[[[-122.299208,37.873742],[-122.299186,37.873671],[-122.299101,37.873688],[-122.299105,37.873702],[-122.299008,37.873721],[-122.29898,37.87363],[-122.299292,37.873569],[-122.299339,37.873716],[-122.299208,37.873742]]]},"properties":{"id":"w821896955","b":"yes","lv":null,"n":null}},
{"type":"Feature","geometry":{"type":"Polygon","coordinates":[[[-122.299347,37.873767],[-122.299358,37.873802],[-122.299344,37.873805],[-122.299348,37.87382],[-122.299322,37.873825],[-122.299323,37.873827],[-122.299292,37.873833],[-122.299291,37.873829],[-122.299223,37.873842],[-122.299204,37.873782],[-122.299261,37.873771],[-122.299255,37.873751],[-122.299381,37.873727],[-122.299391,37.873759],[-122.299347,37.873767]]]},"properties":{"id":"w821896959","b":"yes","lv":null,"n":null}},
{"type":"Feature","geometry":{"type":"Polygon","coordinates":[[[-122.295126,37.871556],[-122.295123,37.871548],[-122.295107,37.871551],[-122.2951,37.871529],[-122.295114,37.871526],[-122.295087,37.871441],[-122.295072,37.871444],[-122.295064,37.871418],[-122.295081,37.871415],[-122.295078,37.871406],[-122.295171,37.871388],[-122.295184,37.87143],[-122.295171,37.871432],[-122.295191,37.871495],[-122.295208,37.871491],[-122.295222,37.871537],[-122.295126,37.871556]]]},"properties":{"id":"w821896960","b":"detached","lv":null,"n":null}},
{"type":"Feature","geometry":{"type":"Polygon","coordinates":[[[-122.299352,37.873876],[-122.299362,37.873909],[-122.299343,37.873913],[-122.299347,37.873927],[-122.299224,37.873951],[-122.299202,37.873882],[-122.299265,37.873869],[-122.299262,37.873861],[-122.299384,37.873837],[-122.299394,37.873868],[-122.299352,37.873876]]]},"properties":{"id":"w821896961","b":"yes","lv":null,"n":null}},
{"type":"Feature","geometry":{"type":"Polygon","coordinates":[[[-122.294379,37.872675],[-122.294387,37.872701],[-122.294218,37.872733],[-122.294206,37.872694],[-122.294154,37.872704],[-122.294137,37.87265],[-122.29419,37.87264],[-122.294188,37.872636],[-122.294326,37.872609],[-122.294325,37.872608],[-122.294356,37.872602],[-122.294364,37.872628],[-122.29438,37.872625],[-122.294387,37.872649],[-122.294395,37.872672],[-122.294379,37.872675]]]},"properties":{"id":"w821896965","b":"detached","lv":null,"n":null}},
{"type":"Feature","geometry":{"type":"Polygon","coordinates":[[[-122.294743,37.872838],[-122.29472,37.872762],[-122.294863,37.872735],[-122.294887,37.872811],[-122.294743,37.872838]]]},"properties":{"id":"w821896966","b":"detached","lv":null,"n":null}},
{"type":"Feature","geometry":{"type":"Polygon","coordinates":[[[-122.299199,37.874079],[-122.299178,37.874014],[-122.299433,37.873961],[-122.299454,37.874026],[-122.299199,37.874079]]]},"properties":{"id":"w821896967","b":"yes","lv":null,"n":null}},
{"type":"Feature","geometry":{"type":"Polygon","coordinates":[[[-122.294689,37.872582],[-122.294668,37.872518],[-122.294822,37.872487],[-122.294843,37.872551],[-122.294689,37.872582]]]},"properties":{"id":"w821896969","b":"detached","lv":null,"n":null}},
{"type":"Feature","geometry":{"type":"Polygon","coordinates":[[[-122.296031,37.874526],[-122.296014,37.874475],[-122.296114,37.874455],[-122.296131,37.874506],[-122.296031,37.874526]]]},"properties":{"id":"w821896971","b":"yes","lv":null,"n":null}},
{"type":"Feature","geometry":{"type":"Polygon","coordinates":[[[-122.299088,37.874116],[-122.299063,37.874032],[-122.299128,37.87402],[-122.299153,37.874104],[-122.299088,37.874116]]]},"properties":{"id":"w821896973","b":"yes","lv":null,"n":null}},
{"type":"Feature","geometry":{"type":"Polygon","coordinates":[[[-122.295353,37.874831],[-122.295318,37.874726],[-122.295329,37.874724],[-122.295319,37.874693],[-122.295398,37.874677],[-122.295409,37.874708],[-122.295413,37.874707],[-122.295448,37.874812],[-122.295353,37.874831]]]},"properties":{"id":"w821896974","b":"detached","lv":null,"n":null}},
{"type":"Feature","geometry":{"type":"Polygon","coordinates":[[[-122.294298,37.872936],[-122.294288,37.872905],[-122.294276,37.872908],[-122.294262,37.872863],[-122.294339,37.872848],[-122.294334,37.872832],[-122.294396,37.87282],[-122.294401,37.872835],[-122.294424,37.87283],[-122.294449,37.872906],[-122.294298,37.872936]]]},"properties":{"id":"w821896975","b":"detached","lv":null,"n":null}},
{"type":"Feature","geometry":{"type":"Polygon","coordinates":[[[-122.298911,37.87412],[-122.298849,37.874132],[-122.29886,37.874167],[-122.298736,37.874191],[-122.298716,37.874129],[-122.298709,37.87413],[-122.298701,37.874101],[-122.298813,37.87408],[-122.298817,37.874092],[-122.298897,37.874076],[-122.298911,37.87412]]]},"properties":{"id":"w821896976","b":"yes","lv":null,"n":null}},
{"type":"Feature","geometry":{"type":"Polygon","coordinates":[[[-122.295498,37.874823],[-122.295445,37.874675],[-122.295507,37.874661],[-122.295505,37.874655],[-122.295527,37.87465],[-122.295576,37.874788],[-122.295536,37.874797],[-122.295542,37.874813],[-122.295498,37.874823]]]},"properties":{"id":"w821896977","b":"detached","lv":null,"n":null}},
{"type":"Feature","geometry":{"type":"Polygon","coordinates":[[[-122.298703,37.874085],[-122.298683,37.874023],[-122.298677,37.874024],[-122.298668,37.873996],[-122.29878,37.873974],[-122.298797,37.874026],[-122.298813,37.874023],[-122.298825,37.874061],[-122.298703,37.874085]]]},"properties":{"id":"w821896978","b":"yes","lv":null,"n":null}},
{"type":"Feature","geometry":{"type":"Polygon","coordinates":[[[-122.295595,37.874788],[-122.29556,37.874684],[-122.295578,37.87468],[-122.295569,37.874653],[-122.295615,37.874643],[-122.295624,37.874671],[-122.295645,37.874667],[-122.295678,37.874765],[-122.295637,37.874773],[-122.295639,37.874779],[-122.295595,37.874788]]]},"properties":{"id":"w821896979","b":"yes","lv":null,"n":null}},
{"type":"Feature","geometry":{"type":"Polygon","coordinates":[[[-122.294981,37.871566],[-122.294945,37.871449],[-122.29501,37.871437],[-122.295013,37.871448],[-122.295041,37.871443],[-122.295067,37.87153],[-122.295053,37.871533],[-122.295059,37.871551],[-122.294981,37.871566]]]},"properties":{"id":"w821896980","b":"yes","lv":null,"n":null}},
{"type":"Feature","geometry":{"type":"Polygon","coordinates":[[[-122.294355,37.872809],[-122.294353,37.872803],[-122.294254,37.872822],[-122.294234,37.87276],[-122.294348,37.872737],[-122.294347,37.872733],[-122.294359,37.87273],[-122.29436,37.872735],[-122.294375,37.872732],[-122.294383,37.872757],[-122.294399,37.872754],[-122.294413,37.872797],[-122.294355,37.872809]]]},"properties":{"id":"w821896981","b":"detached","lv":null,"n":null}},
{"type":"Feature","geometry":{"type":"Polygon","coordinates":[[[-122.29867,37.873977],[-122.29865,37.873915],[-122.298643,37.873916],[-122.298634,37.873889],[-122.298746,37.873866],[-122.298763,37.873918],[-122.298779,37.873915],[-122.298791,37.873953],[-122.29867,37.873977]]]},"properties":{"id":"w821896982","b":"yes","lv":null,"n":null}},
{"type":"Feature","geometry":{"type":"Polygon","coordinates":[[[-122.295732,37.874753],[-122.295736,37.874765],[-122.295697,37.874773],[-122.295662,37.874659],[-122.295735,37.874645],[-122.29574,37.874663],[-122.295752,37.87466],[-122.295777,37.874744],[-122.295732,37.874753]]]},"properties":{"id":"w821896983","b":"yes","lv":null,"n":null}},
{"type":"Feature","geometry":{"type":"Polygon","coordinates":[[[-122.294362,37.8717],[-122.294315,37.871556],[-122.294406,37.871537],[-122.294453,37.871681],[-122.294362,37.8717]]]},"properties":{"id":"w821896984","b":"apartments","lv":null,"n":null}},
{"type":"Feature","geometry":{"type":"Polygon","coordinates":[[[-122.298722,37.873797],[-122.298738,37.873851],[-122.298626,37.873872],[-122.298616,37.873841],[-122.298624,37.87384],[-122.298605,37.873777],[-122.298727,37.873753],[-122.298739,37.873793],[-122.298722,37.873797]]]},"properties":{"id":"w821896985","b":"yes","lv":null,"n":null}},
{"type":"Feature","geometry":{"type":"Polygon","coordinates":[[[-122.296088,37.874402],[-122.29609,37.874408],[-122.296057,37.874415],[-122.296064,37.874434],[-122.296036,37.874439],[-122.296029,37.87442],[-122.295979,37.874431],[-122.295961,37.874379],[-122.295913,37.874389],[-122.295905,37.874367],[-122.296066,37.874333],[-122.296068,37.874338],[-122.296093,37.874333],[-122.296115,37.874397],[-122.296088,37.874402]]]},"properties":{"id":"w821896986","b":"detached","lv":null,"n":null}},
{"type":"Feature","geometry":{"type":"Polygon","coordinates":[[[-122.294478,37.871611],[-122.294454,37.871538],[-122.294632,37.871501],[-122.294656,37.871574],[-122.294478,37.871611]]]},"properties":{"id":"w821896987","b":"house","lv":null,"n":null}},
{"type":"Feature","geometry":{"type":"Polygon","coordinates":[[[-122.298597,37.873766],[-122.298568,37.873675],[-122.298677,37.873654],[-122.298693,37.873704],[-122.298708,37.873701],[-122.298721,37.873742],[-122.298597,37.873766]]]},"properties":{"id":"w821896988","b":"yes","lv":null,"n":null}},
{"type":"Feature","geometry":{"type":"Polygon","coordinates":[[[-122.295907,37.874715],[-122.295885,37.874719],[-122.29589,37.874737],[-122.295846,37.874746],[-122.29584,37.874729],[-122.295825,37.874732],[-122.295822,37.874725],[-122.295815,37.874726],[-122.295788,37.874639],[-122.295877,37.874622],[-122.295907,37.874715]]]},"properties":{"id":"w821896989","b":"yes","lv":null,"n":null}},
{"type":"Feature","geometry":{"type":"Polygon","coordinates":[[[-122.294459,37.871774],[-122.294461,37.871778],[-122.294406,37.871788],[-122.294405,37.871785],[-122.294386,37.871789],[-122.294363,37.871717],[-122.294457,37.871699],[-122.29448,37.87177],[-122.294459,37.871774]]]},"properties":{"id":"w821896991","b":"detached","lv":null,"n":null}},
{"type":"Feature","geometry":{"type":"Polygon","coordinates":[[[-122.29863,37.873648],[-122.29863,37.87365],[-122.298572,37.873662],[-122.298546,37.873581],[-122.298605,37.873569],[-122.298607,37.873577],[-122.298652,37.873568],[-122.298675,37.873639],[-122.29863,37.873648]]]},"properties":{"id":"w821896992","b":"yes","lv":null,"n":null}},
{"type":"Feature","geometry":{"type":"Polygon","coordinates":[[[-122.296027,37.874692],[-122.296031,37.874703],[-122.295994,37.87471],[-122.295991,37.874699],[-122.295964,37.874704],[-122.295934,37.874609],[-122.296023,37.874592],[-122.296052,37.874687],[-122.296027,37.874692]]]},"properties":{"id":"w821896993","b":"yes","lv":null,"n":null}},
{"type":"Feature","geometry":{"type":"Polygon","coordinates":[[[-122.299084,37.873275],[-122.299069,37.873225],[-122.299012,37.873235],[-122.29899,37.873162],[-122.299057,37.87315],[-122.299054,37.87314],[-122.299081,37.873134],[-122.299084,37.873144],[-122.299095,37.873142],[-122.2991,37.87316],[-122.299163,37.873148],[-122.299178,37.873199],[-122.299188,37.873197],[-122.299205,37.873253],[-122.299084,37.873275]]]},"properties":{"id":"w821896995","b":"yes","lv":null,"n":null}},
{"type":"Feature","geometry":{"type":"Polygon","coordinates":[[[-122.296181,37.87466],[-122.296169,37.874662],[-122.296171,37.874665],[-122.296106,37.874679],[-122.296105,37.874676],[-122.296096,37.874678],[-122.296057,37.874564],[-122.296132,37.874548],[-122.296139,37.87457],[-122.296153,37.874568],[-122.296174,37.874631],[-122.296177,37.87464],[-122.296174,37.87464],[-122.296181,37.87466]]]},"properties":{"id":"w821896996","b":"detached","lv":null,"n":null}},
{"type":"Feature","geometry":{"type":"Polygon","coordinates":[[[-122.295378,37.872707],[-122.295356,37.872641],[-122.295394,37.872633],[-122.295392,37.872626],[-122.29544,37.872616],[-122.295442,37.872624],[-122.29546,37.87262],[-122.295458,37.872613],[-122.295469,37.872611],[-122.295472,37.872618],[-122.295489,37.872614],[-122.29551,37.87268],[-122.295378,37.872707]]]},"properties":{"id":"w821896998","b":"detached","lv":null,"n":null}},
{"type":"Feature","geometry":{"type":"Polygon","coordinates":[[[-122.294012,37.871879],[-122.294001,37.871843],[-122.294005,37.871842],[-122.294068,37.87183],[-122.294079,37.871827],[-122.294091,37.871864],[-122.294012,37.871879]]]},"properties":{"id":"w821897000","b":"yes","lv":null,"n":null}},
{"type":"Feature","geometry":{"type":"Polygon","coordinates":[[[-122.298595,37.873458],[-122.2986,37.873473],[-122.298495,37.873494],[-122.298473,37.873427],[-122.298579,37.873406],[-122.298584,37.87342],[-122.298653,37.873406],[-122.298665,37.873444],[-122.298595,37.873458]]]},"properties":{"id":"w821897003","b":"yes","lv":null,"n":null}},
{"type":"Feature","geometry":{"type":"Polygon","coordinates":[[[-122.295441,37.8729],[-122.295455,37.872943],[-122.295414,37.872951],[-122.295416,37.872955],[-122.295384,37.872961],[-122.295383,37.872957],[-122.295336,37.872967],[-122.295294,37.872841],[-122.295375,37.872824],[-122.295392,37.872877],[-122.29543,37.872869],[-122.295434,37.872879],[-122.295448,37.872876],[-122.295455,37.872897],[-122.295441,37.8729]]]},"properties":{"id":"w821897004","b":"yes","lv":null,"n":null}},
{"type":"Feature","geometry":{"type":"Polygon","coordinates":[[[-122.298446,37.873356],[-122.298429,37.873299],[-122.298591,37.873268],[-122.298602,37.873266],[-122.298606,37.873277],[-122.29862,37.873323],[-122.298446,37.873356]]]},"properties":{"id":"w821897005","b":"yes","lv":null,"n":null}},
{"type":"Feature","geometry":{"type":"Polygon","coordinates":[[[-122.29346,37.872299],[-122.293439,37.872236],[-122.293794,37.872165],[-122.293814,37.872228],[-122.29346,37.872299]]]},"properties":{"id":"w821897006","b":"yes","lv":null,"n":null}},
{"type":"Feature","geometry":{"type":"Polygon","coordinates":[[[-122.298421,37.873184],[-122.298401,37.873113],[-122.298531,37.87309],[-122.298551,37.87316],[-122.298421,37.873184]]]},"properties":{"id":"w821897010","b":"yes","lv":null,"n":null}},
{"type":"Feature","geometry":{"type":"Polygon","coordinates":[[[-122.294123,37.872371],[-122.294111,37.872334],[-122.29407,37.872342],[-122.294055,37.872294],[-122.29415,37.872275],[-122.294152,37.872282],[-122.294267,37.872259],[-122.294292,37.872338],[-122.294123,37.872371]]]},"properties":{"id":"w821897011","b":"detached","lv":null,"n":null}},
{"type":"Feature","geometry":{"type":"Polygon","coordinates":[[[-122.294281,37.872501],[-122.294274,37.87248],[-122.29423,37.872489],[-122.294236,37.872506],[-122.294144,37.872525],[-122.294128,37.872477],[-122.294144,37.872473],[-122.294139,37.872457],[-122.294123,37.872461],[-122.294108,37.872414],[-122.294204,37.872394],[-122.29421,37.872413],[-122.294251,37.872405],[-122.294244,37.872382],[-122.294291,37.872372],[-122.294331,37.872491],[-122.294281,37.872501]]]},"properties":{"id":"w821897014","b":"house","lv":null,"n":null}},
{"type":"Feature","geometry":{"type":"Polygon","coordinates":[[[-122.298999,37.873063],[-122.298988,37.873024],[-122.299011,37.87302],[-122.298998,37.872978],[-122.298995,37.872979],[-122.298993,37.872972],[-122.298996,37.872971],[-122.298994,37.872965],[-122.299086,37.872948],[-122.299114,37.873041],[-122.298999,37.873063]]]},"properties":{"id":"w821897015","b":"yes","lv":null,"n":null}},
{"type":"Feature","geometry":{"type":"Polygon","coordinates":[[[-122.303425,37.870681],[-122.303376,37.870535],[-122.30345,37.87052],[-122.303499,37.870665],[-122.303425,37.870681]]]},"properties":{"id":"w821897017","b":"yes","lv":null,"n":null}},
{"type":"Feature","geometry":{"type":"Polygon","coordinates":[[[-122.297359,37.872979],[-122.297309,37.872828],[-122.297388,37.872811],[-122.297438,37.872963],[-122.297359,37.872979]]]},"properties":{"id":"w821897018","b":"yes","lv":null,"n":null}},
{"type":"Feature","geometry":{"type":"Polygon","coordinates":[[[-122.295304,37.872599],[-122.295277,37.872518],[-122.295454,37.872481],[-122.295464,37.87251],[-122.29547,37.872509],[-122.295487,37.872561],[-122.295304,37.872599]]]},"properties":{"id":"w821897021","b":"detached","lv":null,"n":null}},
{"type":"Feature","geometry":{"type":"Polygon","coordinates":[[[-122.298287,37.872922],[-122.298203,37.872667],[-122.298297,37.872648],[-122.298381,37.872902],[-122.298287,37.872922]]]},"properties":{"id":"w821897022","b":"yes","lv":null,"n":null}},
{"type":"Feature","geometry":{"type":"Polygon","coordinates":[[[-122.294592,37.871862],[-122.294601,37.87189],[-122.294467,37.871916],[-122.294444,37.871844],[-122.294475,37.871838],[-122.29447,37.871824],[-122.294507,37.871817],[-122.294511,37.871831],[-122.29454,37.871825],[-122.294539,37.87182],[-122.294577,37.871813],[-122.294584,37.871836],[-122.294595,37.871834],[-122.294603,37.87186],[-122.294592,37.871862]]]},"properties":{"id":"w821897023","b":"detached","lv":null,"n":null}},
{"type":"Feature","geometry":{"type":"Polygon","coordinates":[[[-122.298441,37.872726],[-122.298444,37.872737],[-122.298428,37.872741],[-122.298424,37.872729],[-122.298375,37.87274],[-122.298379,37.872752],[-122.298358,37.872756],[-122.298313,37.872619],[-122.298353,37.87261],[-122.298358,37.872625],[-122.298371,37.872622],[-122.298375,37.872633],[-122.298413,37.872625],[-122.298446,37.872725],[-122.298441,37.872726]]]},"properties":{"id":"w821897024","b":"yes","lv":null,"n":null}},
{"type":"Feature","geometry":{"type":"Polygon","coordinates":[[[-122.30207,37.869749],[-122.302051,37.869691],[-122.301956,37.869711],[-122.301868,37.869445],[-122.302676,37.86928],[-122.302762,37.869542],[-122.302672,37.869561],[-122.302692,37.869622],[-122.302539,37.869653],[-122.30252,37.869593],[-122.302202,37.869659],[-122.302222,37.869718],[-122.30207,37.869749]]]},"properties":{"id":"w821897025","b":"yes","lv":null,"n":null}},
{"type":"Feature","geometry":{"type":"Polygon","coordinates":[[[-122.293936,37.873008],[-122.293613,37.873074],[-122.293605,37.873076],[-122.29356,37.872939],[-122.293598,37.872931],[-122.29358,37.872875],[-122.293634,37.872864],[-122.293629,37.872851],[-122.293701,37.872837],[-122.2937,37.872834],[-122.293752,37.872824],[-122.293774,37.872892],[-122.29389,37.872868],[-122.293936,37.873008]]]},"properties":{"id":"w821897027","b":"yes","lv":null,"n":null}},
{"type":"Feature","geometry":{"type":"Polygon","coordinates":[[[-122.298517,37.872765],[-122.298512,37.87275],[-122.298476,37.872757],[-122.298425,37.872597],[-122.298471,37.872588],[-122.298478,37.872611],[-122.298531,37.872601],[-122.298579,37.872753],[-122.298517,37.872765]]]},"properties":{"id":"w821897028","b":"yes","lv":null,"n":null}},
{"type":"Feature","geometry":{"type":"Polygon","coordinates":[[[-122.29513,37.873015],[-122.294994,37.873044],[-122.294977,37.872994],[-122.294964,37.872997],[-122.294937,37.872918],[-122.294997,37.872905],[-122.295005,37.87293],[-122.295094,37.87291],[-122.29513,37.873015]]]},"properties":{"id":"w821897029","b":"yes","lv":null,"n":null}},
{"type":"Feature","geometry":{"type":"Polygon","coordinates":[[[-122.298998,37.872649],[-122.299003,37.872665],[-122.298962,37.872674],[-122.298964,37.872683],[-122.298843,37.872709],[-122.29882,37.872643],[-122.298988,37.872607],[-122.299003,37.872648],[-122.298998,37.872649]]]},"properties":{"id":"w821897030","b":"yes","lv":null,"n":null}},
{"type":"Feature","geometry":{"type":"Polygon","coordinates":[[[-122.295295,37.872965],[-122.2953,37.872983],[-122.295218,37.872998],[-122.295176,37.872857],[-122.295249,37.872844],[-122.295264,37.872895],[-122.295273,37.872894],[-122.29529,37.872949],[-122.295295,37.872948],[-122.2953,37.872964],[-122.295295,37.872965]]]},"properties":{"id":"w821897032","b":"yes","lv":null,"n":null}},
{"type":"Feature","geometry":{"type":"Polygon","coordinates":[[[-122.29481,37.874005],[-122.29482,37.874036],[-122.294641,37.874074],[-122.294628,37.874036],[-122.294675,37.874026],[-122.294664,37.873995],[-122.294816,37.873963],[-122.294829,37.874001],[-122.29481,37.874005]]]},"properties":{"id":"w821897033","b":"detached","lv":null,"n":null}},
{"type":"Feature","geometry":{"type":"Polygon","coordinates":[[[-122.29448,37.872972],[-122.294494,37.873016],[-122.294382,37.873039],[-122.294381,37.873037],[-122.294324,37.873049],[-122.294297,37.872962],[-122.294342,37.872953],[-122.29434,37.87295],[-122.294403,37.872937],[-122.294404,37.872941],[-122.294483,37.872925],[-122.294497,37.872969],[-122.29448,37.872972]]]},"properties":{"id":"w821897037","b":"detached","lv":null,"n":null}},
{"type":"Feature","geometry":{"type":"Polygon","coordinates":[[[-122.298342,37.873001],[-122.298323,37.872939],[-122.298535,37.872899],[-122.298554,37.87296],[-122.298342,37.873001]]]},"properties":{"id":"w821897038","b":"yes","lv":null,"n":null}},
{"type":"Feature","geometry":{"type":"Polygon","coordinates":[[[-122.294107,37.873213],[-122.294111,37.873228],[-122.294039,37.873243],[-122.294002,37.873123],[-122.29404,37.873116],[-122.294035,37.8731],[-122.294058,37.873095],[-122.294063,37.873111],[-122.294095,37.873105],[-122.294128,37.873209],[-122.294107,37.873213]]]},"properties":{"id":"w821897039","b":"yes","lv":null,"n":null}},
{"type":"Feature","geometry":{"type":"Polygon","coordinates":[[[-122.298392,37.873086],[-122.29835,37.873022],[-122.298374,37.873012],[-122.298378,37.873017],[-122.298586,37.872974],[-122.298595,37.873001],[-122.298625,37.872995],[-122.298638,37.873035],[-122.298494,37.873064],[-122.29849,37.873053],[-122.298463,37.873058],[-122.298467,37.873071],[-122.298392,37.873086]]]},"properties":{"id":"w821897040","b":"yes","lv":null,"n":null}},
{"type":"Feature","geometry":{"type":"Polygon","coordinates":[[[-122.294502,37.872032],[-122.294497,37.872014],[-122.294476,37.872018],[-122.294464,37.871979],[-122.294484,37.871975],[-122.294479,37.871957],[-122.294614,37.871931],[-122.294638,37.872006],[-122.294502,37.872032]]]},"properties":{"id":"w821897043","b":"detached","lv":null,"n":null}},
{"type":"Feature","geometry":{"type":"Polygon","coordinates":[[[-122.296839,37.873152],[-122.29683,37.873121],[-122.296919,37.873104],[-122.296929,37.873135],[-122.296839,37.873152]]]},"properties":{"id":"w821897044","b":"garage","lv":null,"n":null}},
{"type":"Feature","geometry":{"type":"Polygon","coordinates":[[[-122.294851,37.87308],[-122.294818,37.872983],[-122.294779,37.872991],[-122.294767,37.872957],[-122.294842,37.872942],[-122.294851,37.872968],[-122.294927,37.872952],[-122.294962,37.873057],[-122.294851,37.87308]]]},"properties":{"id":"w821897047","b":"detached","lv":null,"n":null}},
{"type":"Feature","geometry":{"type":"Polygon","coordinates":[[[-122.298904,37.872935],[-122.298887,37.87288],[-122.298975,37.872863],[-122.29896,37.872815],[-122.299041,37.872799],[-122.299074,37.872902],[-122.298904,37.872935]]]},"properties":{"id":"w821897048","b":"yes","lv":null,"n":null}},
{"type":"Feature","geometry":{"type":"Polygon","coordinates":[[[-122.294882,37.871568],[-122.294878,37.871557],[-122.294855,37.871562],[-122.294827,37.871471],[-122.294892,37.871458],[-122.294896,37.871472],[-122.294923,37.871467],[-122.29495,37.871555],[-122.294882,37.871568]]]},"properties":{"id":"w821897051","b":"yes","lv":null,"n":null}},
{"type":"Feature","geometry":{"type":"Polygon","coordinates":[[[-122.298662,37.872754],[-122.298666,37.872768],[-122.298634,37.872774],[-122.298629,37.87276],[-122.29861,37.872764],[-122.298553,37.872594],[-122.298606,37.872583],[-122.298599,37.87256],[-122.298637,37.872552],[-122.298703,37.872746],[-122.298662,37.872754]]]},"properties":{"id":"w821897053","b":"yes","lv":null,"n":null}},
{"type":"Feature","geometry":{"type":"Polygon","coordinates":[[[-122.294217,37.874979],[-122.294187,37.874889],[-122.294429,37.874839],[-122.294459,37.87493],[-122.294286,37.874965],[-122.294293,37.874986],[-122.294223,37.875],[-122.294217,37.874979]]]},"properties":{"id":"w821897054","b":"yes","lv":null,"n":null}},
{"type":"Feature","geometry":{"type":"Polygon","coordinates":[[[-122.294387,37.873074],[-122.294501,37.873052],[-122.294511,37.873085],[-122.294533,37.873081],[-122.294542,37.873112],[-122.294526,37.873115],[-122.294539,37.873154],[-122.29442,37.873177],[-122.294387,37.873074]]]},"properties":{"id":"w821897058","b":"detached","lv":null,"n":null}},
{"type":"Feature","geometry":{"type":"Polygon","coordinates":[[[-122.298869,37.872797],[-122.298846,37.87272],[-122.298998,37.872691],[-122.299021,37.872768],[-122.298869,37.872797]]]},"properties":{"id":"w821897063","b":"yes","lv":null,"n":null}},
{"type":"Feature","geometry":{"type":"Polygon","coordinates":[[[-122.298959,37.872534],[-122.298969,37.872562],[-122.298818,37.872593],[-122.298789,37.872505],[-122.29894,37.872475],[-122.298951,37.872508],[-122.298969,37.872504],[-122.298978,37.87253],[-122.298959,37.872534]]]},"properties":{"id":"w821897067","b":"yes","lv":null,"n":null}},
{"type":"Feature","geometry":{"type":"Polygon","coordinates":[[[-122.30277,37.868685],[-122.302743,37.868602],[-122.302911,37.868568],[-122.302872,37.868445],[-122.302983,37.868423],[-122.303049,37.868628],[-122.30277,37.868685]]]},"properties":{"id":"w821897070","b":"yes","lv":null,"n":null}},
{"type":"Feature","geometry":{"type":"Polygon","coordinates":[[[-122.294001,37.873563],[-122.293972,37.873472],[-122.294014,37.873463],[-122.29401,37.873448],[-122.294115,37.873427],[-122.29412,37.873442],[-122.294166,37.873432],[-122.294195,37.873524],[-122.294001,37.873563]]]},"properties":{"id":"w821897071","b":"yes","lv":null,"n":null}},
{"type":"Feature","geometry":{"type":"Polygon","coordinates":[[[-122.296519,37.874245],[-122.296518,37.874242],[-122.29642,37.874261],[-122.296408,37.874223],[-122.296429,37.874219],[-122.296419,37.874185],[-122.296414,37.874186],[-122.296398,37.874136],[-122.296404,37.874134],[-122.296396,37.874109],[-122.296375,37.874113],[-122.296361,37.874069],[-122.29653,37.874036],[-122.296547,37.87409],[-122.296479,37.874104],[-122.296507,37.874193],[-122.296573,37.87418],[-122.296589,37.874231],[-122.296519,37.874245]]]},"properties":{"id":"w821897074","b":"terrace","lv":null,"n":null}},
{"type":"Feature","geometry":{"type":"Polygon","coordinates":[[[-122.293806,37.873597],[-122.293798,37.873572],[-122.293771,37.873577],[-122.293746,37.873501],[-122.293781,37.873494],[-122.293788,37.873517],[-122.293971,37.87348],[-122.293996,37.873559],[-122.293806,37.873597]]]},"properties":{"id":"w821897075","b":"yes","lv":null,"n":null}},
{"type":"Feature","geometry":{"type":"Polygon","coordinates":[[[-122.298005,37.874297],[-122.297967,37.874181],[-122.297903,37.874194],[-122.297907,37.874205],[-122.297872,37.874213],[-122.297904,37.874311],[-122.297954,37.874301],[-122.297956,37.874307],[-122.298005,37.874297]]]},"properties":{"id":"w821897076","b":"yes","lv":null,"n":null}},
{"type":"Feature","geometry":{"type":"Polygon","coordinates":[[[-122.296454,37.874027],[-122.296455,37.87403],[-122.296352,37.874051],[-122.296339,37.874011],[-122.296346,37.87401],[-122.296342,37.873995],[-122.296358,37.873992],[-122.296351,37.873971],[-122.296344,37.873972],[-122.296329,37.873924],[-122.296336,37.873923],[-122.296327,37.873893],[-122.296305,37.873898],[-122.296292,37.873856],[-122.296396,37.873836],[-122.296416,37.873898],[-122.296466,37.873888],[-122.296475,37.873916],[-122.296423,37.873926],[-122.296425,37.873935],[-122.296423,37.873935],[-122.29643,37.873956],[-122.296434,37.873956],[-122.296436,37.873963],[-122.29648,37.873954],[-122.2965,37.874018],[-122.296454,37.874027]]]},"properties":{"id":"w821897077","b":"terrace","lv":null,"n":null}},
{"type":"Feature","geometry":{"type":"Polygon","coordinates":[[[-122.296434,37.873696],[-122.296431,37.873686],[-122.296398,37.873692],[-122.296396,37.873687],[-122.296381,37.87369],[-122.296383,37.873695],[-122.296351,37.873701],[-122.296387,37.873815],[-122.296284,37.873835],[-122.296272,37.873797],[-122.296275,37.873796],[-122.296271,37.873784],[-122.296288,37.87378],[-122.296282,37.873759],[-122.29628,37.873759],[-122.296259,37.873691],[-122.296238,37.873695],[-122.296223,37.873644],[-122.29637,37.873616],[-122.296368,37.873611],[-122.296415,37.873602],[-122.296423,37.873627],[-122.296454,37.873621],[-122.296459,37.873637],[-122.296502,37.873629],[-122.296518,37.873679],[-122.296434,37.873696]]]},"properties":{"id":"w821897078","b":"terrace","lv":null,"n":null}},
{"type":"Feature","geometry":{"type":"Polygon","coordinates":[[[-122.296214,37.873624],[-122.296199,37.873573],[-122.296218,37.873569],[-122.296211,37.873546],[-122.296295,37.873531],[-122.296317,37.873605],[-122.296214,37.873624]]]},"properties":{"id":"w821897079","b":"house","lv":null,"n":null}},
{"type":"Feature","geometry":{"type":"Polygon","coordinates":[[[-122.296384,37.873475],[-122.296386,37.873481],[-122.296286,37.873499],[-122.296295,37.873531],[-122.296211,37.873546],[-122.296191,37.87348],[-122.29617,37.873484],[-122.296154,37.873429],[-122.296383,37.873387],[-122.296391,37.873416],[-122.296413,37.873412],[-122.296429,37.873467],[-122.296384,37.873475]]]},"properties":{"id":"w821897080","b":"house","lv":null,"n":null}},
{"type":"Feature","geometry":{"type":"Polygon","coordinates":[[[-122.296148,37.87341],[-122.296135,37.873368],[-122.296157,37.873363],[-122.296148,37.873334],[-122.296229,37.873318],[-122.296252,37.87339],[-122.296148,37.87341]]]},"properties":{"id":"w821897081","b":"house","lv":null,"n":null}},
{"type":"Feature","geometry":{"type":"Polygon","coordinates":[[[-122.296049,37.87316],[-122.296021,37.873075],[-122.296056,37.873067],[-122.296052,37.873056],[-122.296073,37.873052],[-122.296077,37.873066],[-122.296099,37.873062],[-122.296119,37.87312],[-122.296132,37.873117],[-122.29614,37.873141],[-122.296049,37.87316]]]},"properties":{"id":"w821897082","b":"house","lv":null,"n":null}},
{"type":"Feature","geometry":{"type":"Polygon","coordinates":[[[-122.298028,37.874293],[-122.297989,37.874177],[-122.298054,37.874164],[-122.298057,37.874175],[-122.298092,37.874168],[-122.298125,37.874266],[-122.298075,37.874277],[-122.298077,37.874283],[-122.298028,37.874293]]]},"properties":{"id":"w821897083","b":"yes","lv":null,"n":null}},
{"type":"Feature","geometry":{"type":"Polygon","coordinates":[[[-122.296233,37.87317],[-122.296226,37.873146],[-122.2962,37.873151],[-122.296173,37.873059],[-122.296216,37.873051],[-122.296212,37.873037],[-122.296267,37.873027],[-122.296306,37.873157],[-122.296233,37.87317]]]},"properties":{"id":"w821897084","b":"yes","lv":null,"n":null}},
{"type":"Feature","geometry":{"type":"Polygon","coordinates":[[[-122.296401,37.873112],[-122.296394,37.873092],[-122.296384,37.873094],[-122.296395,37.873132],[-122.296335,37.873143],[-122.296299,37.873024],[-122.296429,37.872999],[-122.29646,37.873101],[-122.296401,37.873112]]]},"properties":{"id":"w821897085","b":"yes","lv":null,"n":null}},
{"type":"Feature","geometry":{"type":"Polygon","coordinates":[[[-122.29648,37.873069],[-122.296452,37.872986],[-122.296519,37.872972],[-122.296525,37.872988],[-122.296543,37.872984],[-122.296542,37.872981],[-122.296579,37.872973],[-122.296603,37.873043],[-122.29648,37.873069]]]},"properties":{"id":"w821897086","b":"yes","lv":null,"n":null}},
{"type":"Feature","geometry":{"type":"Polygon","coordinates":[[[-122.296654,37.873049],[-122.296649,37.873035],[-122.296618,37.873041],[-122.296598,37.872975],[-122.296654,37.872964],[-122.296649,37.872947],[-122.296715,37.872934],[-122.296746,37.873032],[-122.296654,37.873049]]]},"properties":{"id":"w821897087","b":"yes","lv":null,"n":null}},
{"type":"Feature","geometry":{"type":"Polygon","coordinates":[[[-122.296871,37.873031],[-122.296872,37.873036],[-122.296854,37.87304],[-122.296857,37.87305],[-122.296808,37.87306],[-122.296803,37.873045],[-122.296785,37.873049],[-122.296745,37.872925],[-122.296811,37.872912],[-122.296813,37.87292],[-122.296822,37.872918],[-122.296825,37.872927],[-122.296855,37.872921],[-122.29687,37.872965],[-122.296856,37.872968],[-122.296876,37.87303],[-122.296871,37.873031]]]},"properties":{"id":"w821897088","b":"house","lv":null,"n":null}},
{"type":"Feature","geometry":{"type":"Polygon","coordinates":[[[-122.296888,37.873202],[-122.296898,37.873233],[-122.296891,37.873234],[-122.296896,37.87325],[-122.296846,37.87326],[-122.296844,37.873252],[-122.296822,37.873256],[-122.296825,37.873266],[-122.296759,37.873278],[-122.296755,37.873267],[-122.296709,37.873275],[-122.296687,37.873201],[-122.296908,37.87316],[-122.296919,37.873196],[-122.296888,37.873202]]]},"properties":{"id":"w821897089","b":"house","lv":null,"n":null}},
{"type":"Feature","geometry":{"type":"Polygon","coordinates":[[[-122.296812,37.873391],[-122.296786,37.873312],[-122.296905,37.873287],[-122.296916,37.873318],[-122.296933,37.873314],[-122.296938,37.873329],[-122.296955,37.873325],[-122.296966,37.873359],[-122.296812,37.873391]]]},"properties":{"id":"w821897090","b":"house","lv":null,"n":null}},
{"type":"Feature","geometry":{"type":"Polygon","coordinates":[[[-122.296965,37.873418],[-122.296969,37.873431],[-122.296954,37.873434],[-122.296965,37.873467],[-122.296915,37.873477],[-122.296911,37.873466],[-122.296888,37.87347],[-122.296891,37.873479],[-122.296838,37.87349],[-122.296814,37.873413],[-122.296978,37.87338],[-122.296988,37.873414],[-122.296965,37.873418]]]},"properties":{"id":"w821897091","b":"house","lv":null,"n":null}},
{"type":"Feature","geometry":{"type":"Polygon","coordinates":[[[-122.295459,37.87286],[-122.295471,37.872844],[-122.295484,37.87285],[-122.295486,37.872847],[-122.295475,37.872842],[-122.295482,37.872833],[-122.295493,37.872838],[-122.295497,37.872833],[-122.295486,37.872828],[-122.295493,37.872819],[-122.295504,37.872824],[-122.295508,37.872818],[-122.295498,37.872813],[-122.295505,37.872804],[-122.295515,37.872809],[-122.295523,37.872799],[-122.295505,37.872802],[-122.2955,37.872782],[-122.295474,37.87277],[-122.295488,37.87275],[-122.295537,37.872741],[-122.295538,37.872743],[-122.295573,37.872736],[-122.295608,37.872852],[-122.295575,37.872858],[-122.295574,37.872855],[-122.295559,37.872858],[-122.295563,37.872871],[-122.29554,37.872875],[-122.295544,37.872888],[-122.295516,37.872894],[-122.295523,37.872917],[-122.295478,37.872925],[-122.295459,37.87286]]]},"properties":{"id":"w821897092","b":"detached","lv":null,"n":null}},
{"type":"Feature","geometry":{"type":"Polygon","coordinates":[[[-122.296875,37.873605],[-122.296856,37.873543],[-122.296839,37.873546],[-122.296829,37.873513],[-122.296877,37.873503],[-122.296882,37.87352],[-122.296901,37.873516],[-122.296905,37.873529],[-122.296927,37.873524],[-122.296922,37.87351],[-122.296993,37.873496],[-122.297007,37.873542],[-122.297031,37.873537],[-122.297042,37.873573],[-122.296875,37.873605]]]},"properties":{"id":"w821897093","b":"house","lv":null,"n":null}},
{"type":"Feature","geometry":{"type":"Polygon","coordinates":[[[-122.302427,37.868759],[-122.302409,37.868703],[-122.302308,37.868723],[-122.302265,37.868588],[-122.302472,37.868548],[-122.302487,37.868596],[-122.302505,37.868592],[-122.30252,37.868639],[-122.302514,37.86864],[-122.302501,37.868643],[-122.302531,37.868739],[-122.302427,37.868759]]]},"properties":{"id":"w821897094","b":"yes","lv":null,"n":null}},
{"type":"Feature","geometry":{"type":"Polygon","coordinates":[[[-122.297022,37.873633],[-122.297037,37.873679],[-122.296887,37.873709],[-122.296861,37.873629],[-122.297036,37.873594],[-122.297047,37.873628],[-122.297022,37.873633]]]},"properties":{"id":"w821897095","b":"house","lv":null,"n":null}},
{"type":"Feature","geometry":{"type":"Polygon","coordinates":[[[-122.296944,37.873817],[-122.296918,37.873737],[-122.297044,37.873712],[-122.297047,37.873721],[-122.297066,37.873717],[-122.297078,37.873752],[-122.297094,37.873749],[-122.297106,37.873785],[-122.296944,37.873817]]]},"properties":{"id":"w821897096","b":"house","lv":null,"n":null}},
{"type":"Feature","geometry":{"type":"Polygon","coordinates":[[[-122.297105,37.873844],[-122.297119,37.873888],[-122.297052,37.873902],[-122.297048,37.87389],[-122.297026,37.873895],[-122.297029,37.873906],[-122.296926,37.873928],[-122.296911,37.873885],[-122.296933,37.873881],[-122.29692,37.873843],[-122.29711,37.873803],[-122.297123,37.873841],[-122.297105,37.873844]]]},"properties":{"id":"w821897098","b":"house","lv":null,"n":null}},
{"type":"Feature","geometry":{"type":"Polygon","coordinates":[[[-122.303105,37.871736],[-122.303111,37.871757],[-122.303035,37.871771],[-122.302999,37.871648],[-122.303126,37.871624],[-122.303136,37.871656],[-122.303117,37.87166],[-122.303138,37.87173],[-122.303105,37.871736]]]},"properties":{"id":"w821897099","b":"yes","lv":null,"n":null}},
{"type":"Feature","geometry":{"type":"Polygon","coordinates":[[[-122.297139,37.874002],[-122.29714,37.874004],[-122.297009,37.87403],[-122.296984,37.873951],[-122.297116,37.873926],[-122.297126,37.873958],[-122.297139,37.873955],[-122.297142,37.873966],[-122.297159,37.873962],[-122.297169,37.873996],[-122.297139,37.874002]]]},"properties":{"id":"w821897100","b":"house","lv":null,"n":null}},
{"type":"Feature","geometry":{"type":"Polygon","coordinates":[[[-122.297174,37.874059],[-122.297178,37.874071],[-122.297162,37.874074],[-122.297172,37.874106],[-122.297008,37.874137],[-122.296996,37.874097],[-122.297032,37.87409],[-122.29702,37.874052],[-122.297187,37.87402],[-122.297198,37.874054],[-122.297174,37.874059]]]},"properties":{"id":"w821897101","b":"house","lv":null,"n":null}},
{"type":"Feature","geometry":{"type":"Polygon","coordinates":[[[-122.302805,37.871846],[-122.30281,37.871859],[-122.30277,37.871868],[-122.302748,37.871805],[-122.30274,37.871806],[-122.302728,37.871771],[-122.302664,37.871784],[-122.302642,37.871721],[-122.302779,37.871692],[-122.302806,37.87177],[-122.302831,37.871764],[-122.302855,37.871835],[-122.302805,37.871846]]]},"properties":{"id":"w821897102","b":"yes","lv":null,"n":null}},
{"type":"Feature","geometry":{"type":"Polygon","coordinates":[[[-122.297079,37.874244],[-122.297055,37.874167],[-122.297111,37.874156],[-122.297114,37.874164],[-122.297135,37.87416],[-122.297132,37.874151],[-122.297198,37.874138],[-122.297211,37.87418],[-122.297233,37.874175],[-122.297244,37.874211],[-122.297079,37.874244]]]},"properties":{"id":"w821897103","b":"house","lv":null,"n":null}},
{"type":"Feature","geometry":{"type":"Polygon","coordinates":[[[-122.296479,37.874377],[-122.296463,37.87433],[-122.296445,37.874334],[-122.296428,37.874282],[-122.296527,37.874261],[-122.296561,37.87436],[-122.296479,37.874377]]]},"properties":{"id":"w821897105","b":"house","lv":null,"n":null}},
{"type":"Feature","geometry":{"type":"Polygon","coordinates":[[[-122.296546,37.87461],[-122.296532,37.874566],[-122.29652,37.874568],[-122.29651,37.874536],[-122.296492,37.874539],[-122.296477,37.87449],[-122.296495,37.874487],[-122.296496,37.874491],[-122.296532,37.874484],[-122.296513,37.874424],[-122.296561,37.874415],[-122.296617,37.874597],[-122.296546,37.87461]]]},"properties":{"id":"w821897106","b":"house","lv":null,"n":null}},
{"type":"Feature","geometry":{"type":"Polygon","coordinates":[[[-122.296654,37.874632],[-122.296648,37.874618],[-122.296676,37.874611],[-122.296682,37.874625],[-122.296654,37.874632]]]},"properties":{"id":"w821897107","b":"roof","lv":null,"n":null}},
{"type":"Feature","geometry":{"type":"Polygon","coordinates":[[[-122.29671,37.874448],[-122.296746,37.874566],[-122.296676,37.87458],[-122.296672,37.874565],[-122.296649,37.874569],[-122.296632,37.874513],[-122.296628,37.874514],[-122.296614,37.874468],[-122.296609,37.874469],[-122.296603,37.874451],[-122.296673,37.874437],[-122.296654,37.874375],[-122.296577,37.87439],[-122.296567,37.874358],[-122.296711,37.87433],[-122.296746,37.874441],[-122.29671,37.874448]]]},"properties":{"id":"w821897108","b":"yes","lv":null,"n":null}},
{"type":"Feature","geometry":{"type":"Polygon","coordinates":[[[-122.296762,37.874428],[-122.296779,37.874424],[-122.296776,37.874417],[-122.29685,37.874401],[-122.296897,37.874536],[-122.296825,37.874551],[-122.29682,37.874537],[-122.296802,37.874541],[-122.296762,37.874428]]]},"properties":{"id":"w821897109","b":"yes","lv":null,"n":null}},
{"type":"Feature","geometry":{"type":"Polygon","coordinates":[[[-122.296972,37.87452],[-122.296969,37.874507],[-122.296946,37.874512],[-122.296919,37.874423],[-122.296906,37.874426],[-122.296891,37.874376],[-122.297,37.874355],[-122.297047,37.874506],[-122.296972,37.87452]]]},"properties":{"id":"w821897111","b":"yes","lv":null,"n":null}},
{"type":"Feature","geometry":{"type":"Polygon","coordinates":[[[-122.300542,37.872404],[-122.300523,37.872342],[-122.300664,37.872316],[-122.300682,37.872378],[-122.300542,37.872404]]]},"properties":{"id":"w821897112","b":"yes","lv":null,"n":null}},
{"type":"Feature","geometry":{"type":"Polygon","coordinates":[[[-122.300635,37.872296],[-122.300636,37.872301],[-122.300461,37.872336],[-122.300447,37.87229],[-122.300439,37.872292],[-122.300429,37.872261],[-122.30065,37.872217],[-122.30066,37.872249],[-122.30067,37.872247],[-122.300683,37.872286],[-122.300635,37.872296]]]},"properties":{"id":"w821897113","b":"yes","lv":null,"n":null}},
{"type":"Feature","geometry":{"type":"Polygon","coordinates":[[[-122.297208,37.874302],[-122.29719,37.87424],[-122.297196,37.874239],[-122.297194,37.874232],[-122.297249,37.874222],[-122.297251,37.874229],[-122.297264,37.874227],[-122.297282,37.874288],[-122.297208,37.874302]]]},"properties":{"id":"w821897115","b":"garage","lv":null,"n":null}},
{"type":"Feature","geometry":{"type":"Polygon","coordinates":[[[-122.300432,37.872242],[-122.300406,37.872165],[-122.300599,37.872124],[-122.300605,37.872141],[-122.300614,37.872139],[-122.300634,37.872199],[-122.300432,37.872242]]]},"properties":{"id":"w821897116","b":"yes","lv":null,"n":null}},
{"type":"Feature","geometry":{"type":"Polygon","coordinates":[[[-122.300982,37.872203],[-122.300945,37.872085],[-122.30105,37.872064],[-122.301087,37.872183],[-122.300982,37.872203]]]},"properties":{"id":"w821897117","b":"yes","lv":null,"n":null}},
{"type":"Feature","geometry":{"type":"Polygon","coordinates":[[[-122.297103,37.874504],[-122.297057,37.874362],[-122.29715,37.874344],[-122.297191,37.874474],[-122.29714,37.874484],[-122.297144,37.874496],[-122.297103,37.874504]]]},"properties":{"id":"w821897118","b":"house","lv":null,"n":null}},
{"type":"Feature","geometry":{"type":"Polygon","coordinates":[[[-122.301182,37.872161],[-122.301175,37.87214],[-122.301133,37.872149],[-122.301098,37.872041],[-122.301192,37.872022],[-122.301234,37.872151],[-122.301182,37.872161]]]},"properties":{"id":"w821897119","b":"yes","lv":null,"n":null}},
{"type":"Feature","geometry":{"type":"Polygon","coordinates":[[[-122.297245,37.874464],[-122.297209,37.874345],[-122.297303,37.874328],[-122.297339,37.874446],[-122.297245,37.874464]]]},"properties":{"id":"w821897120","b":"house","lv":null,"n":null}},
{"type":"Feature","geometry":{"type":"Polygon","coordinates":[[[-122.301192,37.872275],[-122.301168,37.872201],[-122.301254,37.872184],[-122.301278,37.872257],[-122.301192,37.872275]]]},"properties":{"id":"w821897122","b":"yes","lv":null,"n":null}},
{"type":"Feature","geometry":{"type":"Polygon","coordinates":[[[-122.302068,37.868436],[-122.302003,37.868237],[-122.302355,37.868165],[-122.302421,37.868363],[-122.302068,37.868436]]]},"properties":{"id":"w821897123","b":"yes","lv":null,"n":null}},
{"type":"Feature","geometry":{"type":"Polygon","coordinates":[[[-122.301751,37.867695],[-122.301699,37.867532],[-122.301682,37.86748],[-122.301951,37.867427],[-122.301947,37.867416],[-122.302114,37.867383],[-122.302186,37.867608],[-122.301751,37.867695]]]},"properties":{"id":"w821897124","b":"yes","lv":null,"n":null}},
{"type":"Feature","geometry":{"type":"Polygon","coordinates":[[[-122.302396,37.867465],[-122.302343,37.867302],[-122.302674,37.867235],[-122.302727,37.867398],[-122.302396,37.867465]]]},"properties":{"id":"w821897125","b":"yes","lv":null,"n":null}},
{"type":"Feature","geometry":{"type":"Polygon","coordinates":[[[-122.302482,37.86786],[-122.302416,37.86766],[-122.302484,37.867646],[-122.302481,37.867635],[-122.302558,37.867619],[-122.302562,37.867631],[-122.302665,37.867609],[-122.302697,37.867705],[-122.302865,37.86767],[-122.3029,37.867774],[-122.302482,37.86786]]]},"properties":{"id":"w821897126","b":"yes","lv":null,"n":null}},
{"type":"Feature","geometry":{"type":"Polygon","coordinates":[[[-122.297455,37.872919],[-122.297415,37.872801],[-122.297502,37.872783],[-122.297508,37.872799],[-122.297512,37.872798],[-122.297515,37.872808],[-122.297511,37.872809],[-122.297542,37.872901],[-122.297455,37.872919]]]},"properties":{"id":"w821897127","b":"yes","lv":null,"n":null}},
{"type":"Feature","geometry":{"type":"Polygon","coordinates":[[[-122.295387,37.870171],[-122.295386,37.870166],[-122.295327,37.870177],[-122.295294,37.870067],[-122.295322,37.870061],[-122.295311,37.870026],[-122.295376,37.870013],[-122.295382,37.870033],[-122.29539,37.870031],[-122.295396,37.870051],[-122.295388,37.870053],[-122.295422,37.870165],[-122.295387,37.870171]]]},"properties":{"id":"w821918237","b":"yes","lv":null,"n":null}},
{"type":"Feature","geometry":{"type":"Polygon","coordinates":[[[-122.295735,37.870988],[-122.295726,37.870958],[-122.295708,37.870961],[-122.295697,37.870925],[-122.295715,37.870922],[-122.295698,37.870866],[-122.29579,37.870848],[-122.295827,37.870971],[-122.295735,37.870988]]]},"properties":{"id":"w821918238","b":"yes","lv":null,"n":null}},
{"type":"Feature","geometry":{"type":"Polygon","coordinates":[[[-122.298852,37.870225],[-122.29869,37.870257],[-122.298659,37.870161],[-122.298822,37.870129],[-122.298852,37.870225]]]},"properties":{"id":"w821918239","b":"yes","lv":null,"n":null}},
{"type":"Feature","geometry":{"type":"Polygon","coordinates":[[[-122.295645,37.870996],[-122.29565,37.871011],[-122.295588,37.871022],[-122.295583,37.871008],[-122.295545,37.871016],[-122.295533,37.870978],[-122.295547,37.870975],[-122.295537,37.870943],[-122.295541,37.870943],[-122.295529,37.870903],[-122.295514,37.870905],[-122.295504,37.870873],[-122.295633,37.870848],[-122.295643,37.870881],[-122.295628,37.870884],[-122.29564,37.870924],[-122.295645,37.870923],[-122.295654,37.870955],[-122.29567,37.870952],[-122.295681,37.870989],[-122.295645,37.870996]]]},"properties":{"id":"w821918240","b":"yes","lv":null,"n":null}},
{"type":"Feature","geometry":{"type":"Polygon","coordinates":[[[-122.294458,37.870327],[-122.294465,37.870348],[-122.29441,37.870359],[-122.294362,37.870209],[-122.294379,37.870206],[-122.294374,37.870192],[-122.294456,37.870176],[-122.294502,37.870319],[-122.294458,37.870327]]]},"properties":{"id":"w821918241","b":"house","lv":null,"n":null}},
{"type":"Feature","geometry":{"type":"Polygon","coordinates":[[[-122.295471,37.871038],[-122.295474,37.871047],[-122.295382,37.871064],[-122.295379,37.871052],[-122.295368,37.871055],[-122.295363,37.871038],[-122.295372,37.871036],[-122.295345,37.870946],[-122.295335,37.870948],[-122.29533,37.870932],[-122.295341,37.87093],[-122.295337,37.870915],[-122.295382,37.870906],[-122.295426,37.870898],[-122.295429,37.870908],[-122.29545,37.870904],[-122.295456,37.870923],[-122.295436,37.870927],[-122.295464,37.871019],[-122.295481,37.871016],[-122.295486,37.871035],[-122.295471,37.871038]]]},"properties":{"id":"w821918242","b":"house","lv":null,"n":null}},
{"type":"Feature","geometry":{"type":"Polygon","coordinates":[[[-122.295346,37.870886],[-122.295327,37.870828],[-122.295397,37.870813],[-122.295416,37.870872],[-122.295346,37.870886]]]},"properties":{"id":"w821918243","b":"garage","lv":null,"n":null}},
{"type":"Feature","geometry":{"type":"Polygon","coordinates":[[[-122.29566,37.870745],[-122.295528,37.870769],[-122.295526,37.870763],[-122.295331,37.8708],[-122.295319,37.870761],[-122.295514,37.870724],[-122.295513,37.870721],[-122.295645,37.870696],[-122.29566,37.870745]]]},"properties":{"id":"w821918245","b":"yes","lv":null,"n":null}},
{"type":"Feature","geometry":{"type":"Polygon","coordinates":[[[-122.295426,37.87072],[-122.295428,37.870727],[-122.295288,37.870755],[-122.295264,37.87068],[-122.295404,37.870651],[-122.295405,37.870656],[-122.295431,37.870651],[-122.295452,37.870715],[-122.295426,37.87072]]]},"properties":{"id":"w821918246","b":"house","lv":null,"n":null}},
{"type":"Feature","geometry":{"type":"Polygon","coordinates":[[[-122.295406,37.870625],[-122.29541,37.87064],[-122.295264,37.870669],[-122.29524,37.870594],[-122.295387,37.870565],[-122.295394,37.870589],[-122.295403,37.870588],[-122.295414,37.870624],[-122.295406,37.870625]]]},"properties":{"id":"w821918247","b":"house","lv":null,"n":null}},
{"type":"Feature","geometry":{"type":"Polygon","coordinates":[[[-122.295302,37.870519],[-122.295301,37.870516],[-122.295268,37.870523],[-122.295266,37.870516],[-122.295222,37.870525],[-122.295199,37.870458],[-122.295321,37.870433],[-122.295324,37.870441],[-122.295349,37.870436],[-122.295353,37.870446],[-122.295391,37.870438],[-122.29541,37.870496],[-122.295302,37.870519]]]},"properties":{"id":"w821918249","b":"house","lv":null,"n":null}},
{"type":"Feature","geometry":{"type":"Polygon","coordinates":[[[-122.295188,37.870415],[-122.295172,37.870368],[-122.295442,37.870313],[-122.295458,37.870361],[-122.295188,37.870415]]]},"properties":{"id":"w821918250","b":"house","lv":null,"n":null}},
{"type":"Feature","geometry":{"type":"Polygon","coordinates":[[[-122.296374,37.871643],[-122.296331,37.871652],[-122.296334,37.871662],[-122.296248,37.871679],[-122.296243,37.871664],[-122.296205,37.871672],[-122.296191,37.871628],[-122.296229,37.87162],[-122.296225,37.871607],[-122.296354,37.871581],[-122.296374,37.871643]]]},"properties":{"id":"w821918251","b":"yes","lv":null,"n":null}},
{"type":"Feature","geometry":{"type":"Polygon","coordinates":[[[-122.295304,37.870324],[-122.295305,37.870328],[-122.295158,37.870356],[-122.29515,37.87033],[-122.295162,37.870328],[-122.295151,37.87029],[-122.295285,37.870265],[-122.295288,37.870272],[-122.295417,37.870248],[-122.295433,37.870299],[-122.295304,37.870324]]]},"properties":{"id":"w821918252","b":"house","lv":null,"n":null}},
{"type":"Feature","geometry":{"type":"Polygon","coordinates":[[[-122.295072,37.870158],[-122.295032,37.870033],[-122.295187,37.870002],[-122.295227,37.870127],[-122.295072,37.870158]]]},"properties":{"id":"w821918253","b":"terrace","lv":null,"n":null}},
{"type":"Feature","geometry":{"type":"Polygon","coordinates":[[[-122.295475,37.870128],[-122.29548,37.870142],[-122.295454,37.870147],[-122.295449,37.870133],[-122.295439,37.870135],[-122.29543,37.870106],[-122.295423,37.870107],[-122.295399,37.870029],[-122.295418,37.870025],[-122.295406,37.869987],[-122.295449,37.869979],[-122.295454,37.869995],[-122.29547,37.869992],[-122.29551,37.870122],[-122.295475,37.870128]]]},"properties":{"id":"w821918254","b":"yes","lv":null,"n":null}},
{"type":"Feature","geometry":{"type":"Polygon","coordinates":[[[-122.295579,37.870056],[-122.295568,37.870017],[-122.295577,37.870015],[-122.295566,37.869977],[-122.295588,37.869973],[-122.295584,37.869962],[-122.295651,37.869949],[-122.295663,37.86999],[-122.295672,37.869988],[-122.295682,37.870023],[-122.295674,37.870024],[-122.295694,37.870092],[-122.295606,37.870108],[-122.29559,37.870054],[-122.295579,37.870056]]]},"properties":{"id":"w821918255","b":"yes","lv":null,"n":null}},
{"type":"Feature","geometry":{"type":"Polygon","coordinates":[[[-122.295843,37.870142],[-122.295812,37.870048],[-122.295879,37.870034],[-122.295872,37.870014],[-122.295919,37.870004],[-122.295926,37.870025],[-122.295932,37.870024],[-122.295963,37.870117],[-122.295843,37.870142]]]},"properties":{"id":"w821918257","b":"yes","lv":null,"n":null}},
{"type":"Feature","geometry":{"type":"Polygon","coordinates":[[[-122.295673,37.869968],[-122.295654,37.869907],[-122.295724,37.869893],[-122.295744,37.869954],[-122.295673,37.869968]]]},"properties":{"id":"w821918258","b":"yes","lv":null,"n":null}},
{"type":"Feature","geometry":{"type":"Polygon","coordinates":[[[-122.296919,37.869828],[-122.296907,37.86979],[-122.296972,37.869778],[-122.296965,37.869753],[-122.297024,37.869741],[-122.297043,37.869804],[-122.296919,37.869828]]]},"properties":{"id":"w821918259","b":"yes","lv":null,"n":null}},
{"type":"Feature","geometry":{"type":"Polygon","coordinates":[[[-122.296981,37.869718],[-122.296985,37.869729],[-122.296944,37.869738],[-122.296947,37.869747],[-122.296897,37.869757],[-122.296864,37.86966],[-122.296914,37.869649],[-122.296912,37.869642],[-122.296998,37.869625],[-122.297026,37.869708],[-122.296981,37.869718]]]},"properties":{"id":"w821918260","b":"yes","lv":null,"n":null}},
{"type":"Feature","geometry":{"type":"Polygon","coordinates":[[[-122.29697,37.869905],[-122.29695,37.869842],[-122.297022,37.869828],[-122.297024,37.869834],[-122.297048,37.86983],[-122.297053,37.869846],[-122.297069,37.869843],[-122.297082,37.869883],[-122.29697,37.869905]]]},"properties":{"id":"w821918261","b":"yes","lv":null,"n":null}},
{"type":"Feature","geometry":{"type":"Polygon","coordinates":[[[-122.296239,37.869597],[-122.296246,37.869617],[-122.296199,37.869627],[-122.296074,37.869652],[-122.296069,37.869636],[-122.296053,37.869639],[-122.296032,37.869574],[-122.296174,37.869545],[-122.296186,37.869579],[-122.296206,37.869575],[-122.2962,37.869557],[-122.296217,37.869553],[-122.296203,37.86951],[-122.296273,37.869495],[-122.296302,37.869584],[-122.296239,37.869597]]]},"properties":{"id":"w821918262","b":"house","lv":null,"n":null}},
{"type":"Feature","geometry":{"type":"Polygon","coordinates":[[[-122.2968,37.869851],[-122.296781,37.869789],[-122.296794,37.869787],[-122.296769,37.869706],[-122.296843,37.869692],[-122.29687,37.869778],[-122.29689,37.869774],[-122.296907,37.869831],[-122.2968,37.869851]]]},"properties":{"id":"w821918263","b":"yes","lv":null,"n":null}},
{"type":"Feature","geometry":{"type":"Polygon","coordinates":[[[-122.296702,37.869782],[-122.296714,37.869816],[-122.296614,37.869836],[-122.296604,37.869804],[-122.296618,37.869801],[-122.296598,37.86974],[-122.296683,37.869722],[-122.296692,37.869748],[-122.296708,37.869745],[-122.296719,37.869778],[-122.296702,37.869782]]]},"properties":{"id":"w821918264","b":"yes","lv":null,"n":null}},
{"type":"Feature","geometry":{"type":"Polygon","coordinates":[[[-122.298833,37.870856],[-122.298831,37.870847],[-122.29892,37.870829],[-122.298926,37.87085],[-122.298976,37.87084],[-122.298985,37.870869],[-122.298995,37.870867],[-122.299008,37.870909],[-122.298985,37.870913],[-122.298997,37.870953],[-122.299019,37.870949],[-122.299041,37.871021],[-122.298985,37.871032],[-122.298991,37.871051],[-122.29891,37.871067],[-122.298908,37.87106],[-122.29887,37.871067],[-122.298846,37.871072],[-122.298835,37.871038],[-122.29886,37.871033],[-122.298851,37.871003],[-122.298888,37.870996],[-122.298884,37.870984],[-122.298907,37.87098],[-122.29889,37.870926],[-122.298866,37.870931],[-122.298862,37.870917],[-122.298819,37.870926],[-122.29881,37.870898],[-122.298791,37.870901],[-122.29878,37.870866],[-122.298833,37.870856]]]},"properties":{"id":"w821918265","b":"yes","lv":null,"n":null}},
{"type":"Feature","geometry":{"type":"Polygon","coordinates":[[[-122.296543,37.86988],[-122.296509,37.869776],[-122.296575,37.869763],[-122.296609,37.869867],[-122.296543,37.86988]]]},"properties":{"id":"w821918267","b":"yes","lv":null,"n":null}},
{"type":"Feature","geometry":{"type":"Polygon","coordinates":[[[-122.29647,37.869889],[-122.296473,37.869899],[-122.296446,37.869905],[-122.296405,37.869778],[-122.296472,37.869764],[-122.29651,37.86988],[-122.29647,37.869889]]]},"properties":{"id":"w821918268","b":"yes","lv":null,"n":null}},
{"type":"Feature","geometry":{"type":"Polygon","coordinates":[[[-122.296361,37.869969],[-122.296354,37.869945],[-122.296292,37.869957],[-122.29626,37.869853],[-122.296333,37.86984],[-122.296319,37.869795],[-122.296388,37.869782],[-122.296428,37.869912],[-122.296421,37.869914],[-122.296434,37.869955],[-122.296361,37.869969]]]},"properties":{"id":"w821918269","b":"yes","lv":null,"n":null}},
{"type":"Feature","geometry":{"type":"Polygon","coordinates":[[[-122.295775,37.869687],[-122.295774,37.869683],[-122.295687,37.869701],[-122.295636,37.869546],[-122.295612,37.869551],[-122.295585,37.869469],[-122.295753,37.869434],[-122.295779,37.869515],[-122.29576,37.869519],[-122.295801,37.869643],[-122.29581,37.869641],[-122.295822,37.869677],[-122.295775,37.869687]]]},"properties":{"id":"w821918270","b":"yes","lv":null,"n":"The Berkeley Spire"}},
{"type":"Feature","geometry":{"type":"Polygon","coordinates":[[[-122.29617,37.869974],[-122.296133,37.86985],[-122.296218,37.869834],[-122.296254,37.869959],[-122.29617,37.869974]]]},"properties":{"id":"w821918272","b":"house","lv":null,"n":null}},
{"type":"Feature","geometry":{"type":"Polygon","coordinates":[[[-122.296216,37.870106],[-122.296205,37.870073],[-122.296196,37.870075],[-122.29618,37.870028],[-122.296222,37.870019],[-122.296226,37.870031],[-122.296246,37.870027],[-122.296257,37.870062],[-122.296271,37.870059],[-122.296282,37.870093],[-122.296216,37.870106]]]},"properties":{"id":"w821918274","b":"yes","lv":null,"n":null}},
{"type":"Feature","geometry":{"type":"Polygon","coordinates":[[[-122.29521,37.869771],[-122.295215,37.869786],[-122.295171,37.869794],[-122.295159,37.869755],[-122.295143,37.869759],[-122.295114,37.869666],[-122.295097,37.869669],[-122.295083,37.869621],[-122.295185,37.869602],[-122.295204,37.869663],[-122.295196,37.869664],[-122.295228,37.869768],[-122.29521,37.869771]]]},"properties":{"id":"w821918275","b":"yes","lv":null,"n":null}},
{"type":"Feature","geometry":{"type":"Polygon","coordinates":[[[-122.295532,37.869365],[-122.295531,37.869361],[-122.295397,37.869389],[-122.295382,37.869346],[-122.295518,37.869317],[-122.295514,37.869307],[-122.295544,37.869301],[-122.295538,37.869283],[-122.295682,37.869253],[-122.295692,37.869282],[-122.295679,37.869285],[-122.295694,37.869332],[-122.295532,37.869365]]]},"properties":{"id":"w821918276","b":"yes","lv":null,"n":null}},
{"type":"Feature","geometry":{"type":"Polygon","coordinates":[[[-122.296526,37.870145],[-122.296528,37.87015],[-122.29645,37.870165],[-122.296453,37.870174],[-122.296423,37.87018],[-122.296407,37.870183],[-122.296405,37.870174],[-122.296254,37.870203],[-122.296241,37.870162],[-122.296233,37.870164],[-122.296222,37.870125],[-122.29639,37.870093],[-122.296396,37.870111],[-122.296417,37.870107],[-122.296425,37.870131],[-122.29643,37.870147],[-122.29644,37.870145],[-122.296425,37.870096],[-122.296507,37.87008],[-122.296511,37.870093],[-122.29661,37.870074],[-122.296614,37.870073],[-122.296629,37.870125],[-122.296526,37.870145]]]},"properties":{"id":"w821918277","b":"house","lv":null,"n":null}},
{"type":"Feature","geometry":{"type":"Polygon","coordinates":[[[-122.295513,37.869255],[-122.295487,37.869176],[-122.295597,37.869154],[-122.295606,37.869181],[-122.295622,37.869178],[-122.295639,37.869229],[-122.295513,37.869255]]]},"properties":{"id":"w821918279","b":"house","lv":null,"n":null}},
{"type":"Feature","geometry":{"type":"Polygon","coordinates":[[[-122.297127,37.87038],[-122.297145,37.870441],[-122.297055,37.870458],[-122.297039,37.870405],[-122.29698,37.870416],[-122.296963,37.870358],[-122.297008,37.87035],[-122.297006,37.870343],[-122.297171,37.870313],[-122.297187,37.870368],[-122.297127,37.87038]]]},"properties":{"id":"w821918284","b":"yes","lv":null,"n":null}},
{"type":"Feature","geometry":{"type":"Polygon","coordinates":[[[-122.299667,37.870948],[-122.29967,37.870957],[-122.29958,37.870974],[-122.299574,37.870953],[-122.299524,37.870963],[-122.299515,37.870934],[-122.299506,37.870935],[-122.299493,37.870894],[-122.299516,37.870889],[-122.299504,37.870849],[-122.299482,37.870854],[-122.299461,37.870785],[-122.299514,37.870775],[-122.299507,37.870755],[-122.299658,37.870726],[-122.29967,37.870765],[-122.299642,37.87077],[-122.299651,37.870801],[-122.299614,37.870808],[-122.299618,37.870819],[-122.299594,37.870823],[-122.299611,37.870877],[-122.299635,37.870872],[-122.299639,37.870886],[-122.299682,37.870878],[-122.299691,37.870906],[-122.29971,37.870903],[-122.299721,37.870938],[-122.299667,37.870948]]]},"properties":{"id":"w821918285","b":"yes","lv":null,"n":null}},
{"type":"Feature","geometry":{"type":"Polygon","coordinates":[[[-122.295436,37.869011],[-122.295421,37.868964],[-122.295427,37.868963],[-122.295421,37.868944],[-122.295438,37.868941],[-122.295426,37.868904],[-122.295477,37.868894],[-122.295527,37.868884],[-122.295561,37.868985],[-122.295436,37.869011]]]},"properties":{"id":"w821918287","b":"yes","lv":null,"n":null}},
{"type":"Feature","geometry":{"type":"Polygon","coordinates":[[[-122.296987,37.870321],[-122.296967,37.870256],[-122.297002,37.870249],[-122.297001,37.870246],[-122.297118,37.870224],[-122.297128,37.870259],[-122.297137,37.870258],[-122.297147,37.870295],[-122.297022,37.870317],[-122.297021,37.870314],[-122.296987,37.870321]]]},"properties":{"id":"w821918288","b":"yes","lv":null,"n":null}},
{"type":"Feature","geometry":{"type":"Polygon","coordinates":[[[-122.295475,37.868867],[-122.295459,37.868818],[-122.295554,37.868799],[-122.29557,37.868848],[-122.295475,37.868867]]]},"properties":{"id":"w821918289","b":"garage","lv":null,"n":null}},
{"type":"Feature","geometry":{"type":"Polygon","coordinates":[[[-122.296293,37.870344],[-122.296274,37.870283],[-122.296423,37.870255],[-122.296431,37.870283],[-122.296462,37.870277],[-122.296472,37.87031],[-122.296293,37.870344]]]},"properties":{"id":"w821918291","b":"house","lv":null,"n":null}},
{"type":"Feature","geometry":{"type":"Polygon","coordinates":[[[-122.295469,37.869135],[-122.295443,37.869052],[-122.295564,37.869028],[-122.295572,37.869052],[-122.295584,37.869049],[-122.295603,37.869109],[-122.295469,37.869135]]]},"properties":{"id":"w821918292","b":"house","lv":null,"n":null}},
{"type":"Feature","geometry":{"type":"Polygon","coordinates":[[[-122.294839,37.86938],[-122.294817,37.869314],[-122.29507,37.869262],[-122.295092,37.869328],[-122.294839,37.86938]]]},"properties":{"id":"w821918293","b":"terrace","lv":null,"n":null}},
{"type":"Feature","geometry":{"type":"Polygon","coordinates":[[[-122.2965,37.870429],[-122.296502,37.870434],[-122.296366,37.87046],[-122.296357,37.870429],[-122.296344,37.870432],[-122.296334,37.8704],[-122.296347,37.870398],[-122.296337,37.870365],[-122.29652,37.87033],[-122.296531,37.870365],[-122.296539,37.870363],[-122.296545,37.870382],[-122.296556,37.87038],[-122.296567,37.870417],[-122.2965,37.870429]]]},"properties":{"id":"w821918294","b":"house","lv":null,"n":null}},
{"type":"Feature","geometry":{"type":"Polygon","coordinates":[[[-122.299766,37.871249],[-122.299769,37.871257],[-122.29968,37.871274],[-122.299673,37.871254],[-122.299624,37.871263],[-122.299615,37.871234],[-122.299605,37.871236],[-122.299593,37.871194],[-122.299616,37.87119],[-122.299603,37.87115],[-122.299581,37.871154],[-122.29956,37.871086],[-122.299613,37.871076],[-122.299607,37.871055],[-122.299758,37.871026],[-122.29977,37.871066],[-122.299741,37.871071],[-122.29975,37.871101],[-122.299714,37.871108],[-122.299717,37.871119],[-122.299694,37.871124],[-122.29971,37.871177],[-122.299734,37.871173],[-122.299739,37.871187],[-122.299782,37.871179],[-122.29979,37.871207],[-122.299809,37.871203],[-122.29982,37.871238],[-122.299766,37.871249]]]},"properties":{"id":"w821918296","b":"yes","lv":null,"n":null}},
{"type":"Feature","geometry":{"type":"Polygon","coordinates":[[[-122.2954,37.869747],[-122.295382,37.86969],[-122.295461,37.869674],[-122.295479,37.869731],[-122.2954,37.869747]]]},"properties":{"id":"w821918299","b":"yes","lv":null,"n":null}},
{"type":"Feature","geometry":{"type":"Polygon","coordinates":[[[-122.296566,37.870526],[-122.296569,37.870534],[-122.296431,37.870563],[-122.296417,37.87052],[-122.296391,37.870526],[-122.296378,37.870485],[-122.296543,37.87045],[-122.296561,37.870504],[-122.2966,37.870496],[-122.296607,37.870517],[-122.296566,37.870526]]]},"properties":{"id":"w821918301","b":"house","lv":null,"n":null}},
{"type":"Feature","geometry":{"type":"Polygon","coordinates":[[[-122.294968,37.869865],[-122.29492,37.869712],[-122.295,37.869696],[-122.295003,37.869706],[-122.295065,37.869694],[-122.295111,37.869836],[-122.294968,37.869865]]]},"properties":{"id":"w821918302","b":"apartments","lv":null,"n":null}},
{"type":"Feature","geometry":{"type":"Polygon","coordinates":[[[-122.29663,37.870711],[-122.296629,37.870705],[-122.296503,37.87073],[-122.296531,37.870816],[-122.296439,37.870834],[-122.296379,37.870643],[-122.296652,37.87059],[-122.296686,37.8707],[-122.29663,37.870711]]]},"properties":{"id":"w821918303","b":"apartments","lv":null,"n":null}},
{"type":"Feature","geometry":{"type":"Polygon","coordinates":[[[-122.296801,37.870759],[-122.296804,37.870773],[-122.296723,37.870787],[-122.296677,37.870622],[-122.296726,37.870614],[-122.296731,37.870632],[-122.296783,37.870623],[-122.296806,37.870707],[-122.296813,37.870706],[-122.296827,37.870755],[-122.296801,37.870759]]]},"properties":{"id":"w821918304","b":"yes","lv":null,"n":null}},
{"type":"Feature","geometry":{"type":"Polygon","coordinates":[[[-122.296942,37.870744],[-122.29689,37.870582],[-122.296998,37.870561],[-122.297016,37.870619],[-122.297022,37.870618],[-122.297033,37.870653],[-122.297026,37.870654],[-122.297048,37.870723],[-122.296942,37.870744]]]},"properties":{"id":"w821918305","b":"yes","lv":null,"n":null}},
{"type":"Feature","geometry":{"type":"Polygon","coordinates":[[[-122.297223,37.870703],[-122.297208,37.870653],[-122.2972,37.870654],[-122.297197,37.870643],[-122.297204,37.870642],[-122.297192,37.870605],[-122.297186,37.870606],[-122.297183,37.870596],[-122.297189,37.870594],[-122.297174,37.870547],[-122.297262,37.87053],[-122.29731,37.870686],[-122.297223,37.870703]]]},"properties":{"id":"w821918306","b":"yes","lv":null,"n":null}},
{"type":"Feature","geometry":{"type":"Polygon","coordinates":[[[-122.297161,37.870656],[-122.297173,37.870695],[-122.297124,37.870704],[-122.297121,37.870695],[-122.297064,37.870707],[-122.297026,37.870587],[-122.297035,37.870585],[-122.297026,37.870559],[-122.297091,37.870546],[-122.297099,37.870573],[-122.297132,37.870566],[-122.297149,37.870619],[-122.297162,37.870616],[-122.297174,37.870653],[-122.297161,37.870656]]]},"properties":{"id":"w821918307","b":"yes","lv":null,"n":null}},
{"type":"Feature","geometry":{"type":"Polygon","coordinates":[[[-122.297973,37.869544],[-122.297973,37.869542],[-122.297926,37.869551],[-122.297927,37.869557],[-122.29788,37.869567],[-122.297856,37.869495],[-122.297894,37.869487],[-122.297891,37.86948],[-122.297927,37.869472],[-122.297923,37.869458],[-122.297958,37.869451],[-122.297962,37.869465],[-122.298018,37.869453],[-122.298043,37.86953],[-122.297973,37.869544]]]},"properties":{"id":"w821918308","b":"yes","lv":null,"n":null}},
{"type":"Feature","geometry":{"type":"Polygon","coordinates":[[[-122.297623,37.869664],[-122.297589,37.869556],[-122.297639,37.869547],[-122.297643,37.869559],[-122.29771,37.869547],[-122.297739,37.869642],[-122.297623,37.869664]]]},"properties":{"id":"w821918309","b":"yes","lv":null,"n":null}},
{"type":"Feature","geometry":{"type":"Polygon","coordinates":[[[-122.297543,37.869693],[-122.297541,37.869686],[-122.297484,37.869697],[-122.297449,37.869585],[-122.2975,37.869575],[-122.297501,37.869579],[-122.297547,37.86957],[-122.297583,37.869685],[-122.297543,37.869693]]]},"properties":{"id":"w821918311","b":"yes","lv":null,"n":null}},
{"type":"Feature","geometry":{"type":"Polygon","coordinates":[[[-122.29743,37.86974],[-122.297427,37.86973],[-122.297381,37.869739],[-122.297339,37.869604],[-122.297374,37.869598],[-122.297369,37.869584],[-122.297428,37.869572],[-122.297478,37.869731],[-122.29743,37.86974]]]},"properties":{"id":"w821918413","b":"yes","lv":null,"n":null}},
{"type":"Feature","geometry":{"type":"Polygon","coordinates":[[[-122.295528,37.870055],[-122.295514,37.870006],[-122.295558,37.869998],[-122.295573,37.870047],[-122.295528,37.870055]]]},"properties":{"id":"w821918414","b":"yes","lv":null,"n":null}},
{"type":"Feature","geometry":{"type":"Polygon","coordinates":[[[-122.29726,37.869779],[-122.297215,37.869629],[-122.297276,37.869617],[-122.297272,37.869603],[-122.297318,37.869595],[-122.297368,37.869759],[-122.29726,37.869779]]]},"properties":{"id":"w821918416","b":"yes","lv":null,"n":null}},
{"type":"Feature","geometry":{"type":"Polygon","coordinates":[[[-122.297288,37.869856],[-122.297273,37.869811],[-122.297328,37.869799],[-122.297344,37.869844],[-122.297288,37.869856]]]},"properties":{"id":"w821918418","b":"yes","lv":null,"n":null}},
{"type":"Feature","geometry":{"type":"Polygon","coordinates":[[[-122.296308,37.869564],[-122.29627,37.869451],[-122.296368,37.86943],[-122.296405,37.869542],[-122.296308,37.869564]]]},"properties":{"id":"w821918420","b":"yes","lv":null,"n":null}},
{"type":"Feature","geometry":{"type":"Polygon","coordinates":[[[-122.297373,37.869973],[-122.297343,37.869879],[-122.297509,37.869847],[-122.297538,37.869941],[-122.297373,37.869973]]]},"properties":{"id":"w821918422","b":"yes","lv":null,"n":null}},
{"type":"Feature","geometry":{"type":"Polygon","coordinates":[[[-122.29602,37.869544],[-122.296013,37.86952],[-122.295997,37.869523],[-122.295988,37.869493],[-122.296005,37.86949],[-122.295997,37.869464],[-122.296044,37.869455],[-122.296046,37.869462],[-122.29613,37.869446],[-122.296152,37.869519],[-122.29602,37.869544]]]},"properties":{"id":"w821918423","b":"house","lv":null,"n":null}},
{"type":"Feature","geometry":{"type":"Polygon","coordinates":[[[-122.296603,37.872358],[-122.296621,37.872422],[-122.296647,37.872417],[-122.296656,37.872447],[-122.296475,37.872481],[-122.296462,37.872435],[-122.296431,37.872441],[-122.296424,37.872419],[-122.296397,37.872424],[-122.296389,37.872398],[-122.296603,37.872358]]]},"properties":{"id":"w821918425","b":"house","lv":null,"n":null}},
{"type":"Feature","geometry":{"type":"Polygon","coordinates":[[[-122.295988,37.869437],[-122.295966,37.869369],[-122.295983,37.869365],[-122.29598,37.869355],[-122.296083,37.869334],[-122.296091,37.869359],[-122.296111,37.869355],[-122.296128,37.869408],[-122.295988,37.869437]]]},"properties":{"id":"w821918426","b":"house","lv":null,"n":null}},
{"type":"Feature","geometry":{"type":"Polygon","coordinates":[[[-122.297806,37.870099],[-122.29748,37.870161],[-122.297444,37.870047],[-122.297505,37.870035],[-122.297499,37.870015],[-122.29756,37.870003],[-122.297567,37.870024],[-122.297613,37.870015],[-122.297591,37.869942],[-122.297748,37.869912],[-122.297806,37.870099]]]},"properties":{"id":"w821918427","b":"yes","lv":null,"n":null}},
{"type":"Feature","geometry":{"type":"Polygon","coordinates":[[[-122.297922,37.869726],[-122.297922,37.869722],[-122.297849,37.869736],[-122.297851,37.869742],[-122.297794,37.869752],[-122.297781,37.869706],[-122.297835,37.869696],[-122.297833,37.869689],[-122.297897,37.869677],[-122.297896,37.869673],[-122.297908,37.869671],[-122.2979,37.869644],[-122.29801,37.869624],[-122.298034,37.869706],[-122.297922,37.869726]]]},"properties":{"id":"w821918432","b":"yes","lv":null,"n":null}},
{"type":"Feature","geometry":{"type":"Polygon","coordinates":[[[-122.295954,37.869331],[-122.295929,37.869256],[-122.29607,37.869227],[-122.296073,37.869237],[-122.296089,37.869234],[-122.296095,37.869253],[-122.296129,37.869246],[-122.296145,37.869292],[-122.295954,37.869331]]]},"properties":{"id":"w821918433","b":"house","lv":null,"n":null}},
{"type":"Feature","geometry":{"type":"Polygon","coordinates":[[[-122.295911,37.869224],[-122.295899,37.869188],[-122.295917,37.869184],[-122.295901,37.869135],[-122.296097,37.869095],[-122.296124,37.86918],[-122.295911,37.869224]]]},"properties":{"id":"w821918434","b":"house","lv":null,"n":null}},
{"type":"Feature","geometry":{"type":"Polygon","coordinates":[[[-122.295538,37.86947],[-122.295514,37.869395],[-122.295687,37.86936],[-122.295711,37.869435],[-122.295538,37.86947]]]},"properties":{"id":"w821918435","b":"yes","lv":null,"n":null}},
{"type":"Feature","geometry":{"type":"Polygon","coordinates":[[[-122.295954,37.868958],[-122.295955,37.868961],[-122.295859,37.86898],[-122.295845,37.868938],[-122.295825,37.868942],[-122.295815,37.868911],[-122.295835,37.868907],[-122.295823,37.868867],[-122.295936,37.868845],[-122.295947,37.86888],[-122.29593,37.868884],[-122.295942,37.86892],[-122.295959,37.868917],[-122.295971,37.868955],[-122.295954,37.868958]]]},"properties":{"id":"w821918436","b":"house","lv":null,"n":null}},
{"type":"Feature","geometry":{"type":"Polygon","coordinates":[[[-122.297936,37.869994],[-122.297934,37.869988],[-122.297922,37.86999],[-122.297911,37.869956],[-122.29793,37.869952],[-122.297917,37.869912],[-122.298042,37.869886],[-122.298041,37.869882],[-122.298099,37.86987],[-122.298109,37.869902],[-122.298122,37.869899],[-122.29814,37.869952],[-122.297936,37.869994]]]},"properties":{"id":"w821918437","b":"yes","lv":null,"n":null}},
{"type":"Feature","geometry":{"type":"Polygon","coordinates":[[[-122.297673,37.8703],[-122.297488,37.870334],[-122.297466,37.870259],[-122.297651,37.870224],[-122.297673,37.8703]]]},"properties":{"id":"w821918441","b":"yes","lv":null,"n":null}},
{"type":"Feature","geometry":{"type":"Polygon","coordinates":[[[-122.296577,37.868755],[-122.296554,37.868688],[-122.296659,37.868666],[-122.296682,37.868733],[-122.296577,37.868755]]]},"properties":{"id":"w821918444","b":"yes","lv":null,"n":null}},
{"type":"Feature","geometry":{"type":"Polygon","coordinates":[[[-122.294545,37.869596],[-122.294457,37.869614],[-122.294434,37.869543],[-122.294441,37.869541],[-122.294431,37.869512],[-122.294502,37.869498],[-122.294512,37.869528],[-122.294522,37.869526],[-122.294545,37.869596]]]},"properties":{"id":"w821918447","b":"house","lv":null,"n":null}},
{"type":"Feature","geometry":{"type":"Polygon","coordinates":[[[-122.293323,37.869425],[-122.293319,37.869414],[-122.293252,37.869428],[-122.293255,37.869438],[-122.293175,37.869455],[-122.293168,37.869432],[-122.293114,37.869443],[-122.293085,37.869354],[-122.29332,37.869306],[-122.293356,37.869418],[-122.293323,37.869425]]]},"properties":{"id":"w821918451","b":"yes","lv":null,"n":null}},
{"type":"Feature","geometry":{"type":"Polygon","coordinates":[[[-122.296572,37.868864],[-122.296547,37.868791],[-122.296674,37.868764],[-122.296699,37.868838],[-122.296572,37.868864]]]},"properties":{"id":"w821918452","b":"yes","lv":null,"n":null}},
{"type":"Feature","geometry":{"type":"Polygon","coordinates":[[[-122.298095,37.870433],[-122.298112,37.870488],[-122.298086,37.870493],[-122.298099,37.870534],[-122.29794,37.870565],[-122.29792,37.870499],[-122.297966,37.87049],[-122.297954,37.870451],[-122.297907,37.87046],[-122.297879,37.870368],[-122.29791,37.870362],[-122.297907,37.870352],[-122.298069,37.870321],[-122.298068,37.870318],[-122.298127,37.870307],[-122.298161,37.87042],[-122.298095,37.870433]]]},"properties":{"id":"w821918453","b":"yes","lv":null,"n":null}},
{"type":"Feature","geometry":{"type":"Polygon","coordinates":[[[-122.29673,37.868901],[-122.296742,37.868936],[-122.296639,37.868959],[-122.296613,37.868885],[-122.296731,37.868858],[-122.296745,37.868897],[-122.29673,37.868901]]]},"properties":{"id":"w821918456","b":"yes","lv":null,"n":null}},
{"type":"Feature","geometry":{"type":"Polygon","coordinates":[[[-122.296596,37.869069],[-122.296583,37.869032],[-122.296603,37.869028],[-122.296591,37.868991],[-122.296718,37.868964],[-122.296722,37.868976],[-122.296742,37.868972],[-122.296763,37.869033],[-122.296596,37.869069]]]},"properties":{"id":"w821918458","b":"yes","lv":null,"n":null}},
{"type":"Feature","geometry":{"type":"Polygon","coordinates":[[[-122.297834,37.870598],[-122.297806,37.870507],[-122.297881,37.870493],[-122.297909,37.870584],[-122.297834,37.870598]]]},"properties":{"id":"w821918459","b":"yes","lv":null,"n":null}},
{"type":"Feature","geometry":{"type":"Polygon","coordinates":[[[-122.297663,37.870631],[-122.297658,37.870614],[-122.297645,37.870573],[-122.297685,37.870565],[-122.297703,37.870623],[-122.297663,37.870631]]]},"properties":{"id":"w821918460","b":"yes","lv":null,"n":null}},
{"type":"Feature","geometry":{"type":"Polygon","coordinates":[[[-122.293445,37.869856],[-122.293451,37.869872],[-122.29327,37.869912],[-122.293244,37.86984],[-122.29342,37.869801],[-122.293422,37.869805],[-122.293445,37.869799],[-122.293464,37.869852],[-122.293445,37.869856]]]},"properties":{"id":"w821918461","b":"yes","lv":null,"n":null}},
{"type":"Feature","geometry":{"type":"Polygon","coordinates":[[[-122.296615,37.869173],[-122.296587,37.869089],[-122.296754,37.869055],[-122.296781,37.869139],[-122.296615,37.869173]]]},"properties":{"id":"w821918462","b":"yes","lv":null,"n":null}},
{"type":"Feature","geometry":{"type":"Polygon","coordinates":[[[-122.297711,37.870621],[-122.297666,37.870479],[-122.297732,37.870466],[-122.297777,37.870608],[-122.297711,37.870621]]]},"properties":{"id":"w821918463","b":"yes","lv":null,"n":null}},
{"type":"Feature","geometry":{"type":"Polygon","coordinates":[[[-122.293164,37.870196],[-122.293124,37.870069],[-122.293204,37.870053],[-122.293245,37.87018],[-122.293164,37.870196]]]},"properties":{"id":"w821918464","b":"yes","lv":null,"n":null}},
{"type":"Feature","geometry":{"type":"Polygon","coordinates":[[[-122.296819,37.869469],[-122.296802,37.869417],[-122.29679,37.869419],[-122.29678,37.869389],[-122.296791,37.869387],[-122.296775,37.869338],[-122.296865,37.86932],[-122.296906,37.869452],[-122.296819,37.869469]]]},"properties":{"id":"w821918465","b":"yes","lv":null,"n":null}},
{"type":"Feature","geometry":{"type":"Polygon","coordinates":[[[-122.296007,37.869043],[-122.296013,37.869064],[-122.295874,37.869089],[-122.295851,37.869012],[-122.29599,37.868986],[-122.295997,37.869012],[-122.296006,37.869011],[-122.296015,37.869041],[-122.296007,37.869043]]]},"properties":{"id":"w821918467","b":"house","lv":null,"n":null}},
{"type":"Feature","geometry":{"type":"Polygon","coordinates":[[[-122.297572,37.870632],[-122.297514,37.870453],[-122.297544,37.870447],[-122.297524,37.870384],[-122.297609,37.870367],[-122.297632,37.870438],[-122.297602,37.870444],[-122.297628,37.870525],[-122.297639,37.870522],[-122.297642,37.870533],[-122.297632,37.870535],[-122.297645,37.870573],[-122.297658,37.870614],[-122.297572,37.870632]]]},"properties":{"id":"w821918468","b":"yes","lv":null,"n":null}},
{"type":"Feature","geometry":{"type":"Polygon","coordinates":[[[-122.296864,37.872168],[-122.296851,37.87212],[-122.296881,37.872116],[-122.296894,37.872163],[-122.296864,37.872168]]]},"properties":{"id":"w821918469","b":"roof","lv":null,"n":null}},
{"type":"Feature","geometry":{"type":"Polygon","coordinates":[[[-122.296702,37.869397],[-122.296703,37.8694],[-122.296712,37.869398],[-122.296723,37.869431],[-122.296714,37.869433],[-122.296729,37.869478],[-122.296659,37.869493],[-122.296642,37.869443],[-122.296626,37.869447],[-122.296589,37.869336],[-122.296675,37.869317],[-122.296694,37.869371],[-122.296724,37.869364],[-122.296733,37.869391],[-122.296702,37.869397]]]},"properties":{"id":"w821918470","b":"yes","lv":null,"n":null}},
{"type":"Feature","geometry":{"type":"Polygon","coordinates":[[[-122.29334,37.870159],[-122.293329,37.870123],[-122.29331,37.870127],[-122.293288,37.870057],[-122.293271,37.87006],[-122.293263,37.870034],[-122.293312,37.870024],[-122.2933,37.869985],[-122.29335,37.869976],[-122.293403,37.870147],[-122.29334,37.870159]]]},"properties":{"id":"w821918471","b":"yes","lv":null,"n":null}},
{"type":"Feature","geometry":{"type":"Polygon","coordinates":[[[-122.297148,37.872261],[-122.297134,37.87222],[-122.297218,37.872203],[-122.297201,37.87215],[-122.297333,37.872123],[-122.297273,37.871936],[-122.297406,37.871909],[-122.297633,37.871862],[-122.29766,37.871857],[-122.29767,37.871888],[-122.297751,37.87214],[-122.297148,37.872261]]]},"properties":{"id":"w821918472","b":"yes","lv":null,"n":"James Kenney Recreation Center"}},
{"type":"Feature","geometry":{"type":"Polygon","coordinates":[[[-122.293487,37.870598],[-122.293474,37.870561],[-122.293492,37.870557],[-122.293481,37.870524],[-122.293491,37.870522],[-122.293442,37.870379],[-122.29351,37.870365],[-122.293518,37.870389],[-122.293556,37.87038],[-122.293574,37.870431],[-122.293564,37.870433],[-122.293611,37.870572],[-122.293487,37.870598]]]},"properties":{"id":"w821918474","b":"yes","lv":null,"n":null}},
{"type":"Feature","geometry":{"type":"Polygon","coordinates":[[[-122.296917,37.872289],[-122.296901,37.872239],[-122.296979,37.872224],[-122.296995,37.872273],[-122.296917,37.872289]]]},"properties":{"id":"w821918475","b":"roof","lv":null,"n":null}},
{"type":"Feature","geometry":{"type":"Polygon","coordinates":[[[-122.293222,37.86951],[-122.293208,37.869468],[-122.293356,37.869436],[-122.293371,37.869478],[-122.293222,37.86951]]]},"properties":{"id":"w821918477","b":"apartments","lv":null,"n":null}},
{"type":"Feature","geometry":{"type":"Polygon","coordinates":[[[-122.298413,37.870932],[-122.298412,37.870928],[-122.298361,37.870938],[-122.298332,37.870838],[-122.298346,37.870835],[-122.298329,37.870778],[-122.298406,37.870764],[-122.298416,37.870799],[-122.298426,37.870797],[-122.298431,37.870813],[-122.29842,37.870815],[-122.298446,37.870904],[-122.298456,37.870902],[-122.298462,37.870923],[-122.298413,37.870932]]]},"properties":{"id":"w821918478","b":"yes","lv":null,"n":null}},
{"type":"Feature","geometry":{"type":"Polygon","coordinates":[[[-122.296402,37.872764],[-122.296318,37.872781],[-122.296275,37.87265],[-122.296332,37.872639],[-122.296324,37.872617],[-122.29636,37.872609],[-122.296383,37.872681],[-122.296375,37.872682],[-122.296402,37.872764]]]},"properties":{"id":"w821918479","b":"yes","lv":null,"n":null}},
{"type":"Feature","geometry":{"type":"Polygon","coordinates":[[[-122.293424,37.870159],[-122.293401,37.870091],[-122.293467,37.870078],[-122.293422,37.869941],[-122.293515,37.869922],[-122.29356,37.870058],[-122.293579,37.870054],[-122.293602,37.870122],[-122.293561,37.870131],[-122.293475,37.870148],[-122.293424,37.870159]]]},"properties":{"id":"w821918480","b":"yes","lv":null,"n":null}},
{"type":"Feature","geometry":{"type":"Polygon","coordinates":[[[-122.298316,37.870927],[-122.298323,37.870951],[-122.298214,37.870972],[-122.298205,37.870945],[-122.29822,37.870943],[-122.298207,37.8709],[-122.298202,37.8709],[-122.2982,37.870895],[-122.298166,37.870901],[-122.298142,37.870824],[-122.29818,37.870817],[-122.298178,37.870811],[-122.298284,37.87079],[-122.298327,37.870925],[-122.298316,37.870927]]]},"properties":{"id":"w821918481","b":"yes","lv":null,"n":null}},
{"type":"Feature","geometry":{"type":"Polygon","coordinates":[[[-122.293385,37.870626],[-122.293368,37.870572],[-122.293334,37.870578],[-122.293281,37.870405],[-122.293391,37.870383],[-122.293445,37.870557],[-122.293438,37.870558],[-122.293455,37.870613],[-122.293385,37.870626]]]},"properties":{"id":"w821918482","b":"yes","lv":null,"n":null}},
{"type":"Feature","geometry":{"type":"Polygon","coordinates":[[[-122.298083,37.870972],[-122.29806,37.870903],[-122.298009,37.870913],[-122.29799,37.870856],[-122.298053,37.870844],[-122.298042,37.870811],[-122.298095,37.870801],[-122.298111,37.87085],[-122.298123,37.870848],[-122.298134,37.870883],[-122.298121,37.870886],[-122.298135,37.870929],[-122.298126,37.870931],[-122.298136,37.870962],[-122.298083,37.870972]]]},"properties":{"id":"w821918483","b":"yes","lv":null,"n":null}},
{"type":"Feature","geometry":{"type":"Polygon","coordinates":[[[-122.293032,37.870574],[-122.292987,37.870446],[-122.293108,37.870419],[-122.293154,37.870548],[-122.293032,37.870574]]]},"properties":{"id":"w821918484","b":"yes","lv":null,"n":null}},
{"type":"Feature","geometry":{"type":"Polygon","coordinates":[[[-122.293723,37.870476],[-122.293725,37.870483],[-122.29371,37.870486],[-122.293716,37.870505],[-122.293625,37.870523],[-122.293571,37.870357],[-122.293625,37.870346],[-122.293675,37.870336],[-122.293696,37.870401],[-122.293703,37.8704],[-122.293728,37.870475],[-122.293723,37.870476]]]},"properties":{"id":"w821918485","b":"detached","lv":null,"n":null}},
{"type":"Feature","geometry":{"type":"Polygon","coordinates":[[[-122.297939,37.870927],[-122.29795,37.870963],[-122.297876,37.870977],[-122.297865,37.87094],[-122.297847,37.870944],[-122.297822,37.87086],[-122.297898,37.870845],[-122.29791,37.870885],[-122.297939,37.87088],[-122.297953,37.870924],[-122.297939,37.870927]]]},"properties":{"id":"w821918486","b":"yes","lv":null,"n":null}},
{"type":"Feature","geometry":{"type":"Polygon","coordinates":[[[-122.297696,37.871035],[-122.297651,37.870897],[-122.297688,37.870889],[-122.297689,37.870893],[-122.297779,37.870875],[-122.297822,37.87101],[-122.297696,37.871035]]]},"properties":{"id":"w821918487","b":"yes","lv":null,"n":null}},
{"type":"Feature","geometry":{"type":"Polygon","coordinates":[[[-122.298738,37.869102],[-122.298695,37.868966],[-122.298775,37.868951],[-122.298801,37.869033],[-122.298907,37.869012],[-122.298892,37.868967],[-122.29892,37.868961],[-122.298951,37.86906],[-122.298738,37.869102]]]},"properties":{"id":"w821918489","b":"yes","lv":"1","n":null}},
{"type":"Feature","geometry":{"type":"Polygon","coordinates":[[[-122.293712,37.870763],[-122.29371,37.870755],[-122.293438,37.870809],[-122.293394,37.870671],[-122.293668,37.870617],[-122.293666,37.87061],[-122.29376,37.870591],[-122.293781,37.870656],[-122.293769,37.870658],[-122.293778,37.870684],[-122.29379,37.870682],[-122.293809,37.870744],[-122.293712,37.870763]]]},"properties":{"id":"w821918490","b":"community_center","lv":"3","n":"Old Finnish Hall"}},
{"type":"Feature","geometry":{"type":"Polygon","coordinates":[[[-122.293785,37.870883],[-122.293787,37.870888],[-122.293598,37.870927],[-122.293597,37.870923],[-122.293553,37.870932],[-122.293528,37.870856],[-122.293805,37.870798],[-122.293831,37.870874],[-122.293785,37.870883]]]},"properties":{"id":"w821918491","b":"yes","lv":null,"n":null}},
{"type":"Feature","geometry":{"type":"Polygon","coordinates":[[[-122.298153,37.871185],[-122.29814,37.871146],[-122.298198,37.871134],[-122.298181,37.871082],[-122.29848,37.87102],[-122.29851,37.871112],[-122.298153,37.871185]]]},"properties":{"id":"w821918492","b":"yes","lv":null,"n":null}},
{"type":"Feature","geometry":{"type":"Polygon","coordinates":[[[-122.293532,37.871179],[-122.293503,37.871092],[-122.293876,37.871017],[-122.293905,37.871103],[-122.293532,37.871179]]]},"properties":{"id":"w821918495","b":"apartments","lv":"2","n":null}},
{"type":"Feature","geometry":{"type":"Polygon","coordinates":[[[-122.297888,37.871175],[-122.297889,37.87118],[-122.29775,37.871207],[-122.297727,37.871132],[-122.297866,37.871105],[-122.297873,37.871127],[-122.297892,37.871123],[-122.297907,37.871171],[-122.297888,37.871175]]]},"properties":{"id":"w821918496","b":"yes","lv":null,"n":null}},
{"type":"Feature","geometry":{"type":"Polygon","coordinates":[[[-122.297848,37.871237],[-122.297836,37.8712],[-122.297904,37.871187],[-122.297916,37.871224],[-122.297848,37.871237]]]},"properties":{"id":"w821918497","b":"yes","lv":null,"n":null}},
{"type":"Feature","geometry":{"type":"Polygon","coordinates":[[[-122.293652,37.871387],[-122.293653,37.87139],[-122.293606,37.8714],[-122.293567,37.871279],[-122.293582,37.871276],[-122.293579,37.871267],[-122.293611,37.871261],[-122.293613,37.871269],[-122.293641,37.871264],[-122.293633,37.871238],[-122.293674,37.87123],[-122.293721,37.871373],[-122.293652,37.871387]]]},"properties":{"id":"w821918498","b":"yes","lv":null,"n":null}},
{"type":"Feature","geometry":{"type":"Polygon","coordinates":[[[-122.29781,37.871376],[-122.297797,37.871334],[-122.29782,37.871329],[-122.297813,37.871306],[-122.297884,37.871292],[-122.297886,37.871297],[-122.29794,37.871287],[-122.297946,37.871308],[-122.297998,37.871298],[-122.29801,37.871337],[-122.29781,37.871376]]]},"properties":{"id":"w821918499","b":"yes","lv":null,"n":null}},
{"type":"Feature","geometry":{"type":"Polygon","coordinates":[[[-122.293797,37.871265],[-122.293816,37.871323],[-122.293729,37.871341],[-122.29369,37.871224],[-122.293728,37.871216],[-122.293723,37.871201],[-122.293797,37.871186],[-122.293821,37.87126],[-122.293797,37.871265]]]},"properties":{"id":"w821918500","b":"yes","lv":null,"n":null}},
{"type":"Feature","geometry":{"type":"Polygon","coordinates":[[[-122.293955,37.869588],[-122.293978,37.869657],[-122.293774,37.8697],[-122.293746,37.869618],[-122.293919,37.869581],[-122.293955,37.869588]]]},"properties":{"id":"w821918501","b":"apartments","lv":null,"n":null}},
{"type":"Feature","geometry":{"type":"Polygon","coordinates":[[[-122.297863,37.871508],[-122.29783,37.871405],[-122.297951,37.871381],[-122.297958,37.871403],[-122.298095,37.871376],[-122.298091,37.871365],[-122.298114,37.871361],[-122.298143,37.871452],[-122.297863,37.871508]]]},"properties":{"id":"w821918502","b":"yes","lv":null,"n":null}},
{"type":"Feature","geometry":{"type":"Polygon","coordinates":[[[-122.293877,37.87131],[-122.293855,37.871242],[-122.293845,37.871244],[-122.293822,37.871176],[-122.29392,37.871156],[-122.293964,37.871292],[-122.293877,37.87131]]]},"properties":{"id":"w821918503","b":"house","lv":null,"n":null}},
{"type":"Feature","geometry":{"type":"Polygon","coordinates":[[[-122.293861,37.870022],[-122.293846,37.869972],[-122.293825,37.869976],[-122.293808,37.869921],[-122.293828,37.869917],[-122.293814,37.869871],[-122.293884,37.869857],[-122.293896,37.869893],[-122.293941,37.869884],[-122.293985,37.870022],[-122.293925,37.870034],[-122.293918,37.870011],[-122.293861,37.870022]]]},"properties":{"id":"w821918505","b":"yes","lv":null,"n":null}},
{"type":"Feature","geometry":{"type":"Polygon","coordinates":[[[-122.293823,37.869376],[-122.293824,37.869379],[-122.293789,37.869386],[-122.2938,37.86942],[-122.29376,37.869428],[-122.29375,37.869395],[-122.293668,37.869412],[-122.293646,37.869346],[-122.293804,37.869314],[-122.293818,37.869358],[-122.293838,37.869354],[-122.293844,37.869372],[-122.293823,37.869376]]]},"properties":{"id":"w821918506","b":"yes","lv":null,"n":null}},
{"type":"Feature","geometry":{"type":"Polygon","coordinates":[[[-122.298348,37.871265],[-122.298329,37.871206],[-122.298345,37.871203],[-122.298341,37.871189],[-122.298351,37.871187],[-122.298348,37.871178],[-122.298504,37.871147],[-122.29853,37.871229],[-122.298348,37.871265]]]},"properties":{"id":"w821918508","b":"yes","lv":null,"n":null}},
{"type":"Feature","geometry":{"type":"Polygon","coordinates":[[[-122.29434,37.869303],[-122.294343,37.869313],[-122.294301,37.869321],[-122.294306,37.869335],[-122.294213,37.869353],[-122.294192,37.869289],[-122.294272,37.869273],[-122.294268,37.869262],[-122.294444,37.869226],[-122.294461,37.869278],[-122.29434,37.869303]]]},"properties":{"id":"w821918509","b":"apartments","lv":null,"n":null}},
{"type":"Feature","geometry":{"type":"Polygon","coordinates":[[[-122.298466,37.871384],[-122.298469,37.871392],[-122.298383,37.871408],[-122.298368,37.871357],[-122.298418,37.871347],[-122.298412,37.871327],[-122.298441,37.871322],[-122.29844,37.871317],[-122.298552,37.871296],[-122.298573,37.871364],[-122.298466,37.871384]]]},"properties":{"id":"w821918510","b":"yes","lv":null,"n":null}},
{"type":"Feature","geometry":{"type":"Polygon","coordinates":[[[-122.298619,37.871431],[-122.298631,37.871466],[-122.298494,37.871495],[-122.298492,37.871487],[-122.298454,37.871495],[-122.298441,37.871456],[-122.29846,37.871452],[-122.298461,37.871457],[-122.298479,37.871453],[-122.298462,37.8714],[-122.298628,37.871366],[-122.298647,37.871425],[-122.298619,37.871431]]]},"properties":{"id":"w821918511","b":"yes","lv":null,"n":null}},
{"type":"Feature","geometry":{"type":"Polygon","coordinates":[[[-122.294256,37.869511],[-122.294243,37.869472],[-122.294252,37.86947],[-122.294242,37.869443],[-122.294291,37.869433],[-122.294287,37.869422],[-122.294417,37.869395],[-122.294421,37.869406],[-122.29447,37.869396],[-122.29448,37.869426],[-122.294489,37.869424],[-122.294501,37.86946],[-122.294256,37.869511]]]},"properties":{"id":"w821918513","b":"detached","lv":null,"n":null}},
{"type":"Feature","geometry":{"type":"Polygon","coordinates":[[[-122.297883,37.871556],[-122.297874,37.871526],[-122.297951,37.871511],[-122.29796,37.871541],[-122.297883,37.871556]]]},"properties":{"id":"w821918514","b":"yes","lv":null,"n":null}},
{"type":"Feature","geometry":{"type":"Polygon","coordinates":[[[-122.297932,37.871705],[-122.297921,37.871666],[-122.297939,37.871662],[-122.297934,37.871649],[-122.297947,37.871647],[-122.29794,37.871623],[-122.298024,37.871607],[-122.298031,37.871631],[-122.298043,37.871629],[-122.298047,37.871641],[-122.298035,37.871643],[-122.298047,37.871683],[-122.297932,37.871705]]]},"properties":{"id":"w821918516","b":"yes","lv":null,"n":null}},
{"type":"Feature","geometry":{"type":"Polygon","coordinates":[[[-122.293848,37.869787],[-122.293853,37.8698],[-122.293809,37.86981],[-122.293805,37.869797],[-122.293771,37.869804],[-122.293746,37.86973],[-122.293922,37.869693],[-122.293947,37.869766],[-122.293848,37.869787]]]},"properties":{"id":"w821918517","b":"detached","lv":null,"n":null}},
{"type":"Feature","geometry":{"type":"Polygon","coordinates":[[[-122.294538,37.869657],[-122.294544,37.869675],[-122.294372,37.869711],[-122.294369,37.869704],[-122.294338,37.86971],[-122.294325,37.869668],[-122.294399,37.869653],[-122.294395,37.869643],[-122.294418,37.869638],[-122.294422,37.869648],[-122.294557,37.86962],[-122.294568,37.869651],[-122.294538,37.869657]]]},"properties":{"id":"w821918520","b":"house","lv":null,"n":null}},
{"type":"Feature","geometry":{"type":"Polygon","coordinates":[[[-122.294063,37.870006],[-122.294021,37.869888],[-122.294119,37.869866],[-122.294161,37.869984],[-122.294063,37.870006]]]},"properties":{"id":"w821918522","b":"yes","lv":null,"n":null}},
{"type":"Feature","geometry":{"type":"Polygon","coordinates":[[[-122.294221,37.869978],[-122.294181,37.869845],[-122.294291,37.869824],[-122.294332,37.869957],[-122.294221,37.869978]]]},"properties":{"id":"w821918523","b":"yes","lv":null,"n":null}},
{"type":"Feature","geometry":{"type":"Polygon","coordinates":[[[-122.298705,37.871594],[-122.298713,37.871623],[-122.2985,37.871662],[-122.298484,37.871607],[-122.298514,37.871602],[-122.298512,37.871595],[-122.298695,37.871561],[-122.298697,37.871566],[-122.298706,37.871564],[-122.298714,37.871593],[-122.298705,37.871594]]]},"properties":{"id":"w821918526","b":"yes","lv":null,"n":null}},
{"type":"Feature","geometry":{"type":"Polygon","coordinates":[[[-122.294381,37.869952],[-122.294334,37.869806],[-122.294394,37.869794],[-122.29439,37.869784],[-122.29442,37.869778],[-122.294424,37.869788],[-122.294458,37.869781],[-122.294505,37.869927],[-122.294381,37.869952]]]},"properties":{"id":"w821918527","b":"yes","lv":null,"n":null}},
{"type":"Feature","geometry":{"type":"Polygon","coordinates":[[[-122.293963,37.870423],[-122.293948,37.870369],[-122.293935,37.870372],[-122.293922,37.870328],[-122.293938,37.870325],[-122.293929,37.870295],[-122.293966,37.870289],[-122.293963,37.870276],[-122.294013,37.870267],[-122.294025,37.870308],[-122.294039,37.870305],[-122.294051,37.870346],[-122.294039,37.870349],[-122.294056,37.870406],[-122.293963,37.870423]]]},"properties":{"id":"w821918528","b":"detached","lv":null,"n":null}},
{"type":"Feature","geometry":{"type":"Polygon","coordinates":[[[-122.298695,37.87175],[-122.298692,37.871742],[-122.29858,37.871764],[-122.298558,37.871691],[-122.298738,37.871657],[-122.298762,37.871737],[-122.298695,37.87175]]]},"properties":{"id":"w821918529","b":"yes","lv":null,"n":null}},
{"type":"Feature","geometry":{"type":"Polygon","coordinates":[[[-122.294242,37.870272],[-122.294265,37.870343],[-122.294213,37.870354],[-122.29422,37.870376],[-122.294159,37.870388],[-122.294149,37.870357],[-122.294112,37.870364],[-122.294083,37.870275],[-122.294113,37.870269],[-122.294109,37.870259],[-122.294177,37.870245],[-122.294189,37.870282],[-122.294242,37.870272]]]},"properties":{"id":"w821918531","b":"yes","lv":null,"n":null}},
{"type":"Feature","geometry":{"type":"Polygon","coordinates":[[[-122.294345,37.870371],[-122.294339,37.870352],[-122.294292,37.870362],[-122.294246,37.870226],[-122.294264,37.870222],[-122.29426,37.870211],[-122.294341,37.870193],[-122.294389,37.870335],[-122.294383,37.870336],[-122.294392,37.870362],[-122.294345,37.870371]]]},"properties":{"id":"w821918532","b":"yes","lv":null,"n":null}},
{"type":"Feature","geometry":{"type":"Polygon","coordinates":[[[-122.294576,37.870315],[-122.294568,37.870289],[-122.294523,37.870298],[-122.294499,37.870224],[-122.294483,37.870227],[-122.294472,37.870193],[-122.294486,37.87019],[-122.294479,37.870167],[-122.294572,37.870148],[-122.294622,37.870305],[-122.294576,37.870315]]]},"properties":{"id":"w821918534","b":"house","lv":null,"n":null}},
{"type":"Feature","geometry":{"type":"Polygon","coordinates":[[[-122.294721,37.870157],[-122.294758,37.870275],[-122.294705,37.870285],[-122.294734,37.870376],[-122.294663,37.87039],[-122.294637,37.870306],[-122.29467,37.870299],[-122.294619,37.870135],[-122.294748,37.87011],[-122.29476,37.870149],[-122.294721,37.870157]]]},"properties":{"id":"w821918536","b":"church","lv":null,"n":"Church of the Good Shepherd"}},
{"type":"Feature","geometry":{"type":"Polygon","coordinates":[[[-122.297966,37.871811],[-122.297954,37.871773],[-122.297974,37.871769],[-122.29797,37.871757],[-122.297983,37.871755],[-122.297976,37.871732],[-122.29806,37.871716],[-122.298064,37.871729],[-122.298104,37.871722],[-122.298122,37.87178],[-122.297966,37.871811]]]},"properties":{"id":"w821918537","b":"yes","lv":null,"n":null}},
{"type":"Feature","geometry":{"type":"Polygon","coordinates":[[[-122.294699,37.870515],[-122.294481,37.87056],[-122.294451,37.870471],[-122.29465,37.87043],[-122.294646,37.870418],[-122.294708,37.870405],[-122.294714,37.870423],[-122.294806,37.870403],[-122.294832,37.87048],[-122.294697,37.870508],[-122.294699,37.870515]]]},"properties":{"id":"w821918538","b":"yes","lv":null,"n":null}},
{"type":"Feature","geometry":{"type":"Polygon","coordinates":[[[-122.299559,37.869519],[-122.299527,37.869419],[-122.299689,37.869387],[-122.299721,37.869487],[-122.299559,37.869519]]]},"properties":{"id":"w821918539","b":"yes","lv":null,"n":null}},
{"type":"Feature","geometry":{"type":"Polygon","coordinates":[[[-122.293976,37.87053],[-122.29396,37.870485],[-122.293979,37.87048],[-122.293975,37.870469],[-122.294004,37.870462],[-122.294008,37.870474],[-122.294024,37.870471],[-122.29404,37.870516],[-122.293976,37.87053]]]},"properties":{"id":"w821918541","b":"garage","lv":null,"n":null}},
{"type":"Feature","geometry":{"type":"Polygon","coordinates":[[[-122.29422,37.870562],[-122.294224,37.870574],[-122.294204,37.870579],[-122.294217,37.870616],[-122.294036,37.870654],[-122.294015,37.870594],[-122.294031,37.87059],[-122.294024,37.870569],[-122.294111,37.87055],[-122.294112,37.870554],[-122.294172,37.870541],[-122.294169,37.870534],[-122.294199,37.870527],[-122.294201,37.870535],[-122.294211,37.870533],[-122.294217,37.87055],[-122.294229,37.870548],[-122.294233,37.870559],[-122.29422,37.870562]]]},"properties":{"id":"w821918542","b":"detached","lv":null,"n":null}},
{"type":"Feature","geometry":{"type":"Polygon","coordinates":[[[-122.298001,37.871917],[-122.29799,37.871879],[-122.298021,37.871873],[-122.29801,37.871838],[-122.298096,37.871822],[-122.298118,37.871896],[-122.298001,37.871917]]]},"properties":{"id":"w821918543","b":"yes","lv":null,"n":null}},
{"type":"Feature","geometry":{"type":"Polygon","coordinates":[[[-122.298015,37.871969],[-122.298005,37.871936],[-122.298084,37.871922],[-122.298094,37.871955],[-122.298015,37.871969]]]},"properties":{"id":"w821918545","b":"yes","lv":null,"n":null}},
{"type":"Feature","geometry":{"type":"Polygon","coordinates":[[[-122.294747,37.870594],[-122.294752,37.870608],[-122.294695,37.87062],[-122.294687,37.870596],[-122.294653,37.870603],[-122.294647,37.870585],[-122.294635,37.870588],[-122.294628,37.870565],[-122.294638,37.870563],[-122.294635,37.870552],[-122.29467,37.870544],[-122.294669,37.870541],[-122.294835,37.870507],[-122.294856,37.870571],[-122.294747,37.870594]]]},"properties":{"id":"w821918554","b":"terrace","lv":null,"n":null}},
{"type":"Feature","geometry":{"type":"Polygon","coordinates":[[[-122.298719,37.871815],[-122.298731,37.871855],[-122.298617,37.871876],[-122.298594,37.871801],[-122.298735,37.871774],[-122.298746,37.87181],[-122.298719,37.871815]]]},"properties":{"id":"w821918555","b":"yes","lv":null,"n":null}},
{"type":"Feature","geometry":{"type":"Polygon","coordinates":[[[-122.294772,37.87079],[-122.294771,37.870786],[-122.294756,37.870789],[-122.294742,37.870747],[-122.294756,37.870744],[-122.294745,37.870713],[-122.294893,37.870682],[-122.294919,37.870759],[-122.294772,37.87079]]]},"properties":{"id":"w821918559","b":"house","lv":null,"n":null}},
{"type":"Feature","geometry":{"type":"Polygon","coordinates":[[[-122.294193,37.871108],[-122.294168,37.871029],[-122.294335,37.870995],[-122.294361,37.871075],[-122.294193,37.871108]]]},"properties":{"id":"w821918561","b":"apartments","lv":null,"n":null}},
{"type":"Feature","geometry":{"type":"Polygon","coordinates":[[[-122.298632,37.872049],[-122.298609,37.871977],[-122.29874,37.871951],[-122.298763,37.872023],[-122.298632,37.872049]]]},"properties":{"id":"w821918562","b":"yes","lv":null,"n":null}},
{"type":"Feature","geometry":{"type":"Polygon","coordinates":[[[-122.298701,37.872089],[-122.298691,37.872058],[-122.298772,37.872043],[-122.298782,37.872074],[-122.298701,37.872089]]]},"properties":{"id":"w821918564","b":"yes","lv":null,"n":null}},
{"type":"Feature","geometry":{"type":"Polygon","coordinates":[[[-122.294793,37.870913],[-122.294766,37.87083],[-122.294838,37.870815],[-122.294833,37.870803],[-122.294864,37.870797],[-122.294868,37.870809],[-122.294921,37.870798],[-122.294948,37.870881],[-122.294793,37.870913]]]},"properties":{"id":"w821918565","b":"detached","lv":null,"n":null}},
{"type":"Feature","geometry":{"type":"Polygon","coordinates":[[[-122.294247,37.871272],[-122.294219,37.87119],[-122.294227,37.871189],[-122.294218,37.87117],[-122.29425,37.871162],[-122.294258,37.871182],[-122.294351,37.871163],[-122.294345,37.871143],[-122.294377,37.871136],[-122.294383,37.871156],[-122.29439,37.871154],[-122.294417,37.871237],[-122.294247,37.871272]]]},"properties":{"id":"w821918572","b":"apartments","lv":null,"n":null}},
{"type":"Feature","geometry":{"type":"Polygon","coordinates":[[[-122.29457,37.871215],[-122.294542,37.871131],[-122.294545,37.871131],[-122.29454,37.871115],[-122.294569,37.871109],[-122.29456,37.871074],[-122.294614,37.871063],[-122.294622,37.871088],[-122.294637,37.871085],[-122.294672,37.871196],[-122.29457,37.871215]]]},"properties":{"id":"w821918574","b":"yes","lv":null,"n":null}},
{"type":"Feature","geometry":{"type":"Polygon","coordinates":[[[-122.298061,37.872107],[-122.298051,37.872073],[-122.298129,37.872059],[-122.298138,37.872092],[-122.298061,37.872107]]]},"properties":{"id":"w821918576","b":"yes","lv":null,"n":null}},
{"type":"Feature","geometry":{"type":"Polygon","coordinates":[[[-122.294931,37.871148],[-122.294936,37.871161],[-122.2949,37.871169],[-122.294895,37.871155],[-122.294863,37.871161],[-122.294824,37.871038],[-122.294846,37.871033],[-122.294844,37.871027],[-122.294877,37.871015],[-122.294875,37.87101],[-122.294889,37.871007],[-122.294891,37.871012],[-122.294914,37.871009],[-122.294957,37.871143],[-122.294931,37.871148]]]},"properties":{"id":"w821918577","b":"yes","lv":null,"n":null}},
{"type":"Feature","geometry":{"type":"Polygon","coordinates":[[[-122.295041,37.871124],[-122.295047,37.87114],[-122.295011,37.871147],[-122.295006,37.871132],[-122.294977,37.871139],[-122.294938,37.871026],[-122.295025,37.871006],[-122.295068,37.871118],[-122.295041,37.871124]]]},"properties":{"id":"w821918578","b":"detached","lv":null,"n":null}},
{"type":"Feature","geometry":{"type":"Polygon","coordinates":[[[-122.298095,37.872211],[-122.298083,37.872173],[-122.298103,37.872169],[-122.298099,37.872156],[-122.298111,37.872153],[-122.298104,37.87213],[-122.298187,37.872114],[-122.29819,37.872123],[-122.298221,37.872118],[-122.298233,37.872159],[-122.298205,37.872165],[-122.298212,37.872189],[-122.298095,37.872211]]]},"properties":{"id":"w821918579","b":"yes","lv":null,"n":null}},
{"type":"Feature","geometry":{"type":"Polygon","coordinates":[[[-122.29838,37.872369],[-122.298382,37.872375],[-122.298287,37.872394],[-122.298293,37.872412],[-122.298121,37.872445],[-122.298089,37.872344],[-122.298414,37.872281],[-122.298438,37.872358],[-122.29838,37.872369]]]},"properties":{"id":"w821918580","b":"yes","lv":null,"n":null}},
{"type":"Feature","geometry":{"type":"Polygon","coordinates":[[[-122.294571,37.869911],[-122.294574,37.86992],[-122.294521,37.869931],[-122.294491,37.869843],[-122.294544,37.869832],[-122.294509,37.869726],[-122.294607,37.869705],[-122.294669,37.869891],[-122.294571,37.869911]]]},"properties":{"id":"w821918581","b":"house","lv":null,"n":null}},
{"type":"Feature","geometry":{"type":"Polygon","coordinates":[[[-122.298128,37.872317],[-122.298116,37.872276],[-122.298147,37.872271],[-122.298138,37.872239],[-122.298221,37.872223],[-122.298233,37.872261],[-122.298287,37.872251],[-122.298297,37.872286],[-122.298128,37.872317]]]},"properties":{"id":"w821918582","b":"yes","lv":null,"n":null}},
{"type":"Feature","geometry":{"type":"Polygon","coordinates":[[[-122.294902,37.87094],[-122.294889,37.870896],[-122.29496,37.870883],[-122.294974,37.870927],[-122.294902,37.87094]]]},"properties":{"id":"w821918583","b":"garage","lv":null,"n":null}},
{"type":"Feature","geometry":{"type":"Polygon","coordinates":[[[-122.298498,37.872304],[-122.298507,37.872332],[-122.298457,37.872342],[-122.298427,37.872245],[-122.298523,37.872226],[-122.298545,37.872295],[-122.298498,37.872304]]]},"properties":{"id":"w821918585","b":"yes","lv":null,"n":null}},
{"type":"Feature","geometry":{"type":"Polygon","coordinates":[[[-122.293636,37.869519],[-122.293616,37.869456],[-122.293667,37.869446],[-122.293663,37.869433],[-122.293712,37.869423],[-122.293717,37.869437],[-122.293753,37.869429],[-122.29376,37.869451],[-122.293778,37.869448],[-122.293791,37.869488],[-122.293636,37.869519]]]},"properties":{"id":"w821918586","b":"yes","lv":null,"n":null}},
{"type":"Feature","geometry":{"type":"Polygon","coordinates":[[[-122.29867,37.872268],[-122.298673,37.872278],[-122.298658,37.872281],[-122.298663,37.872295],[-122.298609,37.872306],[-122.298563,37.872163],[-122.298621,37.872151],[-122.298628,37.872174],[-122.298639,37.872172],[-122.298645,37.87219],[-122.298634,37.872192],[-122.298637,37.872202],[-122.298675,37.872195],[-122.298696,37.872263],[-122.29867,37.872268]]]},"properties":{"id":"w821918587","b":"yes","lv":null,"n":null}},
{"type":"Feature","geometry":{"type":"Polygon","coordinates":[[[-122.294808,37.871172],[-122.294812,37.871184],[-122.294786,37.87119],[-122.294782,37.871177],[-122.294747,37.871184],[-122.294712,37.871075],[-122.2948,37.871057],[-122.294835,37.871166],[-122.294808,37.871172]]]},"properties":{"id":"w821918588","b":"yes","lv":null,"n":null}},
{"type":"Feature","geometry":{"type":"Polygon","coordinates":[[[-122.298812,37.87224],[-122.29882,37.872263],[-122.298768,37.872274],[-122.298737,37.87218],[-122.298789,37.87217],[-122.298786,37.872161],[-122.298801,37.872158],[-122.298804,37.872167],[-122.298834,37.87216],[-122.298857,37.872231],[-122.298812,37.87224]]]},"properties":{"id":"w821918589","b":"yes","lv":null,"n":null}},
{"type":"Feature","geometry":{"type":"Polygon","coordinates":[[[-122.298583,37.869771],[-122.29859,37.869791],[-122.29845,37.869819],[-122.298429,37.869752],[-122.298485,37.869741],[-122.29848,37.869725],[-122.2985,37.869721],[-122.298479,37.869655],[-122.298419,37.869667],[-122.298399,37.869604],[-122.298438,37.869596],[-122.298436,37.869589],[-122.298522,37.869573],[-122.298527,37.869589],[-122.298571,37.869581],[-122.298581,37.86961],[-122.29859,37.869608],[-122.298605,37.869656],[-122.298583,37.86966],[-122.298592,37.869689],[-122.298614,37.869684],[-122.298628,37.869728],[-122.29862,37.86973],[-122.29863,37.869761],[-122.298583,37.869771]]]},"properties":{"id":"w821918590","b":"yes","lv":null,"n":null}},
{"type":"Feature","geometry":{"type":"Polygon","coordinates":[[[-122.298887,37.869533],[-122.298813,37.869317],[-122.298895,37.8693],[-122.298969,37.869516],[-122.298887,37.869533]]]},"properties":{"id":"w821918592","b":"yes","lv":null,"n":null}},
{"type":"Feature","geometry":{"type":"Polygon","coordinates":[[[-122.299092,37.86949],[-122.299009,37.869245],[-122.299008,37.869243],[-122.299097,37.869224],[-122.299102,37.869237],[-122.299158,37.869225],[-122.299176,37.869276],[-122.299195,37.869272],[-122.299257,37.869455],[-122.299092,37.86949]]]},"properties":{"id":"w821918593","b":"yes","lv":null,"n":null}},
{"type":"Feature","geometry":{"type":"Polygon","coordinates":[[[-122.300183,37.869952],[-122.300235,37.870111],[-122.299731,37.870214],[-122.299698,37.870111],[-122.299806,37.870089],[-122.299786,37.870028],[-122.299676,37.87005],[-122.299655,37.869989],[-122.299811,37.869957],[-122.299829,37.870012],[-122.300012,37.869975],[-122.300016,37.869986],[-122.300183,37.869952]]]},"properties":{"id":"w821918594","b":"yes","lv":null,"n":null}},
{"type":"Feature","geometry":{"type":"Polygon","coordinates":[[[-122.299118,37.870047],[-122.299106,37.870009],[-122.299096,37.870011],[-122.299047,37.869861],[-122.299061,37.869858],[-122.29903,37.869762],[-122.299349,37.869698],[-122.299441,37.869982],[-122.299118,37.870047]]]},"properties":{"id":"w821918595","b":"yes","lv":null,"n":null}},
{"type":"Feature","geometry":{"type":"Polygon","coordinates":[[[-122.298656,37.869924],[-122.298499,37.869954],[-122.298484,37.869905],[-122.298627,37.869878],[-122.298632,37.869892],[-122.298645,37.86989],[-122.298656,37.869924]]]},"properties":{"id":"w821918596","b":"yes","lv":null,"n":null}},
{"type":"Feature","geometry":{"type":"Polygon","coordinates":[[[-122.298528,37.870035],[-122.298505,37.869964],[-122.298558,37.869954],[-122.298562,37.869967],[-122.298618,37.869956],[-122.298636,37.870014],[-122.298528,37.870035]]]},"properties":{"id":"w821918597","b":"yes","lv":null,"n":null}},
{"type":"Feature","geometry":{"type":"Polygon","coordinates":[[[-122.298553,37.870147],[-122.298521,37.870044],[-122.298694,37.87001],[-122.298726,37.870113],[-122.298553,37.870147]]]},"properties":{"id":"w821918602","b":"yes","lv":null,"n":null}},
{"type":"Feature","geometry":{"type":"Polygon","coordinates":[[[-122.298556,37.87026],[-122.298534,37.870189],[-122.298644,37.870168],[-122.298666,37.87024],[-122.298556,37.87026]]]},"properties":{"id":"w821918603","b":"yes","lv":null,"n":null}},
{"type":"Feature","geometry":{"type":"Polygon","coordinates":[[[-122.299367,37.870264],[-122.299344,37.870192],[-122.299351,37.870191],[-122.299346,37.870177],[-122.299382,37.87017],[-122.299386,37.870181],[-122.299407,37.870177],[-122.29943,37.870252],[-122.299367,37.870264]]]},"properties":{"id":"w821918605","b":"yes","lv":null,"n":null}},
{"type":"Feature","geometry":{"type":"Polygon","coordinates":[[[-122.299454,37.870272],[-122.299427,37.870179],[-122.299433,37.870178],[-122.299423,37.870144],[-122.299487,37.870132],[-122.299497,37.870166],[-122.299505,37.870165],[-122.299533,37.870257],[-122.299454,37.870272]]]},"properties":{"id":"w821918606","b":"yes","lv":null,"n":null}},
{"type":"Feature","geometry":{"type":"Polygon","coordinates":[[[-122.294128,37.870903],[-122.294101,37.870822],[-122.294272,37.870786],[-122.294299,37.870868],[-122.294128,37.870903]]]},"properties":{"id":"w821918607","b":"apartments","lv":null,"n":null}},
{"type":"Feature","geometry":{"type":"Polygon","coordinates":[[[-122.292997,37.871176],[-122.293046,37.871166],[-122.293039,37.871146],[-122.293112,37.87113],[-122.293115,37.871138],[-122.293149,37.871131],[-122.293153,37.871143],[-122.2932,37.871133],[-122.293195,37.871119],[-122.293277,37.871102],[-122.293282,37.871116],[-122.293323,37.871108],[-122.29332,37.871099],[-122.293407,37.871081],[-122.29341,37.87109],[-122.293436,37.871084],[-122.293517,37.871327],[-122.293531,37.871324],[-122.293563,37.871417],[-122.293446,37.871441],[-122.293443,37.871434],[-122.293404,37.871442],[-122.293408,37.871454],[-122.293321,37.871472],[-122.293317,37.87146],[-122.293283,37.871467],[-122.293302,37.871524],[-122.293125,37.87156],[-122.293063,37.871375],[-122.293091,37.871369],[-122.293077,37.871328],[-122.29305,37.871334],[-122.292997,37.871176]]]},"properties":{"id":"w821918609","b":"apartments","lv":null,"n":"The Delaware Apartments"}},
{"type":"Feature","geometry":{"type":"Polygon","coordinates":[[[-122.299476,37.870646],[-122.299471,37.87063],[-122.299432,37.870501],[-122.299601,37.870468],[-122.299646,37.870614],[-122.299476,37.870646]]]},"properties":{"id":"w821918613","b":"yes","lv":null,"n":null}},
{"type":"Feature","geometry":{"type":"Polygon","coordinates":[[[-122.298619,37.870437],[-122.298579,37.870311],[-122.298702,37.870286],[-122.298743,37.870412],[-122.298619,37.870437]]]},"properties":{"id":"w821918614","b":"yes","lv":null,"n":null}},
{"type":"Feature","geometry":{"type":"Polygon","coordinates":[[[-122.298029,37.869813],[-122.298031,37.869819],[-122.297988,37.869826],[-122.297987,37.869821],[-122.297906,37.869835],[-122.297892,37.869787],[-122.297896,37.869787],[-122.297893,37.869777],[-122.297929,37.86977],[-122.297922,37.869747],[-122.298054,37.869724],[-122.298066,37.869765],[-122.298075,37.869763],[-122.298087,37.869803],[-122.298029,37.869813]]]},"properties":{"id":"w821918617","b":"yes","lv":null,"n":null}},
{"type":"Feature","geometry":{"type":"Polygon","coordinates":[[[-122.298609,37.869376],[-122.29862,37.869373],[-122.298643,37.869444],[-122.298618,37.869449],[-122.298631,37.869488],[-122.298594,37.869496],[-122.298597,37.869503],[-122.298544,37.869514],[-122.298538,37.869496],[-122.298488,37.869506],[-122.298493,37.869523],[-122.298441,37.869534],[-122.298439,37.869527],[-122.298399,37.869535],[-122.298387,37.869497],[-122.298364,37.869502],[-122.298343,37.869439],[-122.298352,37.869437],[-122.298342,37.869407],[-122.298336,37.869388],[-122.298378,37.869379],[-122.298385,37.869399],[-122.298423,37.869391],[-122.298433,37.86942],[-122.298447,37.869417],[-122.298453,37.869435],[-122.29852,37.869422],[-122.298514,37.869402],[-122.298532,37.869399],[-122.298521,37.869365],[-122.298556,37.869358],[-122.298551,37.869343],[-122.298595,37.869334],[-122.298609,37.869376]]]},"properties":{"id":"w821918618","b":"yes","lv":null,"n":null}},
{"type":"Feature","geometry":{"type":"Polygon","coordinates":[[[-122.298781,37.870743],[-122.298799,37.870801],[-122.298735,37.870813],[-122.298686,37.870651],[-122.298889,37.870612],[-122.298922,37.870716],[-122.298781,37.870743]]]},"properties":{"id":"w821918621","b":"yes","lv":null,"n":null}},
{"type":"Feature","geometry":{"type":"Polygon","coordinates":[[[-122.299869,37.871581],[-122.299872,37.87159],[-122.29979,37.871605],[-122.299785,37.871588],[-122.299731,37.871598],[-122.299719,37.871556],[-122.299705,37.871561],[-122.299698,37.871526],[-122.29972,37.871522],[-122.299709,37.871485],[-122.299685,37.871489],[-122.299663,37.871416],[-122.299716,37.871406],[-122.299719,37.871415],[-122.299785,37.871403],[-122.29979,37.871418],[-122.299808,37.871415],[-122.299819,37.87145],[-122.299802,37.871454],[-122.299818,37.87151],[-122.299838,37.871506],[-122.299847,37.871536],[-122.299891,37.871528],[-122.299905,37.871574],[-122.299869,37.871581]]]},"properties":{"id":"w821918626","b":"yes","lv":null,"n":null}},
{"type":"Feature","geometry":{"type":"Polygon","coordinates":[[[-122.29952,37.869243],[-122.299508,37.869204],[-122.299565,37.869193],[-122.29956,37.869179],[-122.299686,37.869154],[-122.299707,37.869222],[-122.299545,37.869253],[-122.29954,37.869239],[-122.29952,37.869243]]]},"properties":{"id":"w821918627","b":"yes","lv":null,"n":null}},
{"type":"Feature","geometry":{"type":"Polygon","coordinates":[[[-122.299509,37.869398],[-122.299509,37.869397],[-122.2995,37.869398],[-122.299481,37.869334],[-122.299543,37.869323],[-122.299541,37.869317],[-122.299559,37.869314],[-122.299561,37.86932],[-122.299611,37.869311],[-122.29963,37.869375],[-122.299509,37.869398]]]},"properties":{"id":"w821918628","b":"yes","lv":null,"n":null}},
{"type":"Feature","geometry":{"type":"Polygon","coordinates":[[[-122.299537,37.869565],[-122.299744,37.869525],[-122.299745,37.86953],[-122.299782,37.869523],[-122.299786,37.869534],[-122.299761,37.869539],[-122.299767,37.86956],[-122.29977,37.869559],[-122.299778,37.869584],[-122.299764,37.869587],[-122.299777,37.869627],[-122.299569,37.869668],[-122.299537,37.869565]]]},"properties":{"id":"w821918631","b":"yes","lv":null,"n":null}},
{"type":"Feature","geometry":{"type":"Polygon","coordinates":[[[-122.299585,37.869687],[-122.299769,37.86965],[-122.299774,37.869665],[-122.299792,37.869662],[-122.299809,37.869713],[-122.299792,37.869716],[-122.299796,37.869728],[-122.29961,37.869765],[-122.299585,37.869687]]]},"properties":{"id":"w821918632","b":"yes","lv":null,"n":null}},
{"type":"Feature","geometry":{"type":"Polygon","coordinates":[[[-122.299274,37.870125],[-122.299248,37.87004],[-122.299411,37.870008],[-122.299417,37.870007],[-122.299423,37.870026],[-122.29943,37.870047],[-122.299423,37.870049],[-122.299437,37.870094],[-122.299274,37.870125]]]},"properties":{"id":"w821918633","b":"yes","lv":null,"n":null}},
{"type":"Feature","geometry":{"type":"Polygon","coordinates":[[[-122.29968,37.869915],[-122.299652,37.869834],[-122.299703,37.869823],[-122.299695,37.8698],[-122.299765,37.869785],[-122.299772,37.869806],[-122.299841,37.869792],[-122.299845,37.869805],[-122.299867,37.8698],[-122.299887,37.869861],[-122.299864,37.869865],[-122.299868,37.869876],[-122.29968,37.869915]]]},"properties":{"id":"w821918635","b":"yes","lv":null,"n":null}},
{"type":"Feature","geometry":{"type":"Polygon","coordinates":[[[-122.295657,37.871796],[-122.295655,37.871789],[-122.295632,37.871793],[-122.295625,37.871769],[-122.295631,37.871768],[-122.295617,37.871724],[-122.295635,37.87172],[-122.295632,37.87171],[-122.295692,37.871698],[-122.295695,37.871709],[-122.295706,37.871707],[-122.295714,37.871732],[-122.295734,37.871728],[-122.295731,37.871717],[-122.295777,37.871708],[-122.295787,37.871742],[-122.295781,37.871744],[-122.295789,37.87177],[-122.295657,37.871796]]]},"properties":{"id":"w821918637","b":"house","lv":null,"n":null}},
{"type":"Feature","geometry":{"type":"Polygon","coordinates":[[[-122.29582,37.871611],[-122.295825,37.871627],[-122.295613,37.87167],[-122.295589,37.871596],[-122.295801,37.871552],[-122.295805,37.871562],[-122.295901,37.871542],[-122.295917,37.871591],[-122.29582,37.871611]]]},"properties":{"id":"w821918638","b":"house","lv":null,"n":null}},
{"type":"Feature","geometry":{"type":"Polygon","coordinates":[[[-122.29554,37.871561],[-122.295529,37.871526],[-122.295521,37.871528],[-122.295515,37.871507],[-122.295537,37.871503],[-122.295531,37.871486],[-122.295617,37.87147],[-122.295614,37.871463],[-122.29564,37.871458],[-122.295655,37.871505],[-122.295649,37.871506],[-122.295659,37.871539],[-122.29554,37.871561]]]},"properties":{"id":"w821918640","b":"house","lv":null,"n":null}},
{"type":"Feature","geometry":{"type":"Polygon","coordinates":[[[-122.295668,37.871904],[-122.295657,37.871871],[-122.295638,37.871875],[-122.295626,37.871839],[-122.295787,37.871806],[-122.29581,37.871874],[-122.295668,37.871904]]]},"properties":{"id":"w821918642","b":"house","lv":null,"n":null}},
{"type":"Feature","geometry":{"type":"Polygon","coordinates":[[[-122.295698,37.87199],[-122.295687,37.871958],[-122.295671,37.871962],[-122.295661,37.871933],[-122.295814,37.871902],[-122.295833,37.871962],[-122.295698,37.87199]]]},"properties":{"id":"w821918643","b":"house","lv":null,"n":null}},
{"type":"Feature","geometry":{"type":"Polygon","coordinates":[[[-122.295867,37.872063],[-122.295864,37.872054],[-122.295759,37.872076],[-122.295754,37.872077],[-122.295753,37.872075],[-122.295718,37.872082],[-122.295711,37.872061],[-122.29572,37.872059],[-122.295716,37.872049],[-122.295701,37.872052],[-122.295691,37.872024],[-122.295847,37.871992],[-122.295864,37.872042],[-122.295896,37.872036],[-122.295903,37.872056],[-122.295867,37.872063]]]},"properties":{"id":"w821918645","b":"house","lv":null,"n":null}},
{"type":"Feature","geometry":{"type":"Polygon","coordinates":[[[-122.29577,37.872191],[-122.295758,37.872152],[-122.295748,37.872154],[-122.295736,37.872116],[-122.295932,37.872079],[-122.295956,37.872156],[-122.29577,37.872191]]]},"properties":{"id":"w821918647","b":"house","lv":null,"n":null}},
{"type":"Feature","geometry":{"type":"Polygon","coordinates":[[[-122.295795,37.872439],[-122.295775,37.872373],[-122.295849,37.872359],[-122.295869,37.872425],[-122.295795,37.872439]]]},"properties":{"id":"w821918648","b":"garage","lv":null,"n":null}},
{"type":"Feature","geometry":{"type":"Polygon","coordinates":[[[-122.295747,37.872368],[-122.295732,37.87232],[-122.295795,37.872308],[-122.295788,37.872285],[-122.295906,37.872262],[-122.295928,37.872334],[-122.295747,37.872368]]]},"properties":{"id":"w821918649","b":"house","lv":null,"n":null}},
{"type":"Feature","geometry":{"type":"Polygon","coordinates":[[[-122.295907,37.872443],[-122.295887,37.872384],[-122.295971,37.872367],[-122.295969,37.872359],[-122.296016,37.87235],[-122.296019,37.872357],[-122.296102,37.87234],[-122.296121,37.8724],[-122.295907,37.872443]]]},"properties":{"id":"w821918650","b":"house","lv":null,"n":null}},
{"type":"Feature","geometry":{"type":"Polygon","coordinates":[[[-122.295842,37.872598],[-122.295823,37.872537],[-122.295899,37.872522],[-122.295918,37.872583],[-122.295842,37.872598]]]},"properties":{"id":"w821918651","b":"garage","lv":null,"n":null}},
{"type":"Feature","geometry":{"type":"Polygon","coordinates":[[[-122.296162,37.872526],[-122.296165,37.872534],[-122.295949,37.872574],[-122.295931,37.872514],[-122.296171,37.87247],[-122.296186,37.872521],[-122.296162,37.872526]]]},"properties":{"id":"w821918652","b":"house","lv":null,"n":null}},
{"type":"Feature","geometry":{"type":"Polygon","coordinates":[[[-122.296056,37.872825],[-122.29605,37.872808],[-122.295978,37.872823],[-122.295983,37.872836],[-122.295933,37.872847],[-122.295906,37.872765],[-122.295942,37.872758],[-122.295932,37.872728],[-122.296002,37.872714],[-122.296014,37.872748],[-122.296069,37.872737],[-122.296096,37.872817],[-122.296056,37.872825]]]},"properties":{"id":"w821918653","b":"house","lv":null,"n":null}},
{"type":"Feature","geometry":{"type":"Polygon","coordinates":[[[-122.296189,37.872782],[-122.296194,37.872797],[-122.296175,37.872801],[-122.296177,37.872805],[-122.296129,37.872813],[-122.296106,37.872736],[-122.296142,37.872729],[-122.296133,37.872698],[-122.29623,37.87268],[-122.296257,37.872769],[-122.296189,37.872782]]]},"properties":{"id":"w821918654","b":"yes","lv":null,"n":null}},
{"type":"Feature","geometry":{"type":"Polygon","coordinates":[[[-122.297129,37.870165],[-122.296811,37.870229],[-122.296794,37.870177],[-122.296846,37.870166],[-122.296831,37.870122],[-122.297098,37.870069],[-122.297129,37.870165]]]},"properties":{"id":"w821918656","b":"yes","lv":null,"n":null}},
{"type":"Feature","geometry":{"type":"Polygon","coordinates":[[[-122.296495,37.872579],[-122.296518,37.872644],[-122.296509,37.872646],[-122.29654,37.872736],[-122.296465,37.872752],[-122.296459,37.872732],[-122.296446,37.872734],[-122.296395,37.872586],[-122.296419,37.872581],[-122.296407,37.872548],[-122.296453,37.872539],[-122.29648,37.872533],[-122.296495,37.872579]]]},"properties":{"id":"w821918659","b":"yes","lv":null,"n":null}},
{"type":"Feature","geometry":{"type":"Polygon","coordinates":[[[-122.296665,37.872691],[-122.296669,37.872706],[-122.296597,37.872719],[-122.296592,37.872702],[-122.29658,37.872704],[-122.296555,37.872616],[-122.296592,37.87261],[-122.296585,37.872586],[-122.296599,37.872583],[-122.296596,37.872572],[-122.296623,37.872567],[-122.296626,37.872579],[-122.296633,37.872577],[-122.296664,37.872685],[-122.296667,37.872684],[-122.296669,37.87269],[-122.296665,37.872691]]]},"properties":{"id":"w821918661","b":"house","lv":null,"n":null}},
{"type":"Feature","geometry":{"type":"Polygon","coordinates":[[[-122.297194,37.868934],[-122.297192,37.868929],[-122.297164,37.868935],[-122.297163,37.868932],[-122.297151,37.868935],[-122.297152,37.868938],[-122.297127,37.868944],[-122.297128,37.868947],[-122.29705,37.868963],[-122.297031,37.868908],[-122.29711,37.868891],[-122.297113,37.8689],[-122.297178,37.868886],[-122.297174,37.868877],[-122.297251,37.86886],[-122.297271,37.868918],[-122.297194,37.868934]]]},"properties":{"id":"w821918662","b":"yes","lv":null,"n":null}},
{"type":"Feature","geometry":{"type":"Polygon","coordinates":[[[-122.296986,37.868414],[-122.296948,37.868295],[-122.297014,37.868281],[-122.297031,37.868335],[-122.297052,37.8684],[-122.296986,37.868414]]]},"properties":{"id":"w821918663","b":"roof","lv":null,"n":null}},
{"type":"Feature","geometry":{"type":"Polygon","coordinates":[[[-122.296781,37.872669],[-122.296785,37.872682],[-122.29672,37.872695],[-122.296715,37.872677],[-122.296698,37.87268],[-122.296665,37.872576],[-122.296757,37.872558],[-122.296767,37.872589],[-122.296757,37.872591],[-122.296778,37.872656],[-122.296782,37.872655],[-122.296786,37.872668],[-122.296781,37.872669]]]},"properties":{"id":"w821918664","b":"house","lv":null,"n":null}},
{"type":"Feature","geometry":{"type":"Polygon","coordinates":[[[-122.297006,37.868645],[-122.296984,37.868579],[-122.297237,37.868527],[-122.297259,37.868593],[-122.297006,37.868645]]]},"properties":{"id":"w821918666","b":"yes","lv":null,"n":null}},
{"type":"Feature","geometry":{"type":"Polygon","coordinates":[[[-122.296483,37.872355],[-122.296477,37.872337],[-122.296453,37.872342],[-122.296433,37.872284],[-122.296504,37.872269],[-122.296498,37.872251],[-122.296543,37.872241],[-122.296549,37.872258],[-122.296589,37.872249],[-122.296616,37.872326],[-122.296483,37.872355]]]},"properties":{"id":"w821918667","b":"house","lv":null,"n":null}},
{"type":"Feature","geometry":{"type":"Polygon","coordinates":[[[-122.297035,37.86874],[-122.297014,37.868674],[-122.297267,37.868624],[-122.297288,37.86869],[-122.297035,37.86874]]]},"properties":{"id":"w821918668","b":"yes","lv":null,"n":null}},
{"type":"Feature","geometry":{"type":"Polygon","coordinates":[[[-122.297022,37.868888],[-122.297009,37.868851],[-122.297025,37.868847],[-122.297011,37.868805],[-122.297199,37.868765],[-122.297227,37.868844],[-122.297022,37.868888]]]},"properties":{"id":"w821918669","b":"yes","lv":null,"n":null}},
{"type":"Feature","geometry":{"type":"Polygon","coordinates":[[[-122.296382,37.872228],[-122.296364,37.872173],[-122.296387,37.872168],[-122.296379,37.872141],[-122.296533,37.872111],[-122.296559,37.872193],[-122.296382,37.872228]]]},"properties":{"id":"w821918671","b":"house","lv":null,"n":null}},
{"type":"Feature","geometry":{"type":"Polygon","coordinates":[[[-122.296392,37.872091],[-122.296372,37.872021],[-122.29644,37.872009],[-122.296436,37.871996],[-122.296473,37.871989],[-122.296477,37.872002],[-122.296511,37.871996],[-122.296531,37.872067],[-122.296392,37.872091]]]},"properties":{"id":"w821918673","b":"house","lv":null,"n":null}},
{"type":"Feature","geometry":{"type":"Polygon","coordinates":[[[-122.29709,37.869097],[-122.297062,37.86901],[-122.297206,37.868981],[-122.297234,37.869068],[-122.29709,37.869097]]]},"properties":{"id":"w821918674","b":"yes","lv":null,"n":null}},
{"type":"Feature","geometry":{"type":"Polygon","coordinates":[[[-122.297141,37.869329],[-122.297082,37.869147],[-122.297176,37.869129],[-122.297235,37.86931],[-122.297141,37.869329]]]},"properties":{"id":"w821918675","b":"yes","lv":null,"n":null}},
{"type":"Feature","geometry":{"type":"Polygon","coordinates":[[[-122.295803,37.87226],[-122.295723,37.872275],[-122.295712,37.872239],[-122.295792,37.872224],[-122.295803,37.87226]]]},"properties":{"id":"w821918677","b":"garage","lv":null,"n":null}},
{"type":"Feature","geometry":{"type":"Polygon","coordinates":[[[-122.297261,37.869303],[-122.297203,37.869122],[-122.297297,37.869103],[-122.297355,37.869285],[-122.297261,37.869303]]]},"properties":{"id":"w821918679","b":"yes","lv":null,"n":null}},
{"type":"Feature","geometry":{"type":"Polygon","coordinates":[[[-122.297512,37.869278],[-122.297514,37.869285],[-122.297409,37.869305],[-122.297404,37.86929],[-122.297397,37.869291],[-122.29737,37.869203],[-122.297386,37.8692],[-122.297371,37.869154],[-122.29745,37.869138],[-122.297465,37.869184],[-122.297481,37.869181],[-122.297497,37.869231],[-122.297507,37.869229],[-122.297522,37.869276],[-122.297512,37.869278]]]},"properties":{"id":"w821918680","b":"yes","lv":null,"n":null}},
{"type":"Feature","geometry":{"type":"Polygon","coordinates":[[[-122.296305,37.871828],[-122.296302,37.87182],[-122.296185,37.871844],[-122.296165,37.871787],[-122.29622,37.871775],[-122.296225,37.87179],[-122.296273,37.87178],[-122.296262,37.871747],[-122.296414,37.871715],[-122.296426,37.871751],[-122.296432,37.87175],[-122.29644,37.871773],[-122.296449,37.871798],[-122.296305,37.871828]]]},"properties":{"id":"w821918684","b":"house","lv":null,"n":null}},
{"type":"Feature","geometry":{"type":"Polygon","coordinates":[[[-122.297756,37.869202],[-122.297749,37.869181],[-122.297668,37.869198],[-122.297654,37.869157],[-122.297731,37.86914],[-122.297723,37.869118],[-122.297828,37.869095],[-122.297858,37.86918],[-122.297756,37.869202]]]},"properties":{"id":"w821918685","b":"yes","lv":null,"n":null}},
{"type":"Feature","geometry":{"type":"Polygon","coordinates":[[[-122.297722,37.869303],[-122.297706,37.869259],[-122.297732,37.869253],[-122.297722,37.869225],[-122.297896,37.869187],[-122.297921,37.869259],[-122.297722,37.869303]]]},"properties":{"id":"w821918686","b":"yes","lv":null,"n":null}},
{"type":"Feature","geometry":{"type":"Polygon","coordinates":[[[-122.29776,37.86909],[-122.297757,37.869081],[-122.297724,37.869087],[-122.29772,37.869073],[-122.297712,37.869074],[-122.297708,37.869061],[-122.297713,37.869061],[-122.297706,37.869039],[-122.297696,37.869041],[-122.297692,37.869026],[-122.297727,37.86902],[-122.297718,37.868987],[-122.297783,37.868975],[-122.297815,37.86908],[-122.29776,37.86909]]]},"properties":{"id":"w821918688","b":"yes","lv":null,"n":null}},
{"type":"Feature","geometry":{"type":"Polygon","coordinates":[[[-122.297789,37.868952],[-122.297638,37.868982],[-122.297634,37.868972],[-122.297514,37.868996],[-122.29744,37.868762],[-122.29755,37.86874],[-122.297597,37.868888],[-122.297739,37.86886],[-122.297741,37.868866],[-122.297761,37.868862],[-122.297789,37.868952]]]},"properties":{"id":"w821918689","b":"yes","lv":null,"n":null}},
{"type":"Feature","geometry":{"type":"Polygon","coordinates":[[[-122.298615,37.86911],[-122.298609,37.869094],[-122.298274,37.869161],[-122.29828,37.869178],[-122.298248,37.869184],[-122.298196,37.869028],[-122.29821,37.869025],[-122.298159,37.868863],[-122.298223,37.86885],[-122.29828,37.869029],[-122.29851,37.868983],[-122.298451,37.8688],[-122.298536,37.868783],[-122.298589,37.868951],[-122.298603,37.868947],[-122.298652,37.869102],[-122.298615,37.86911]]]},"properties":{"id":"w821918690","b":"yes","lv":null,"n":null}},
{"type":"Feature","geometry":{"type":"Polygon","coordinates":[[[-122.296158,37.871386],[-122.296159,37.87139],[-122.296153,37.871391],[-122.29616,37.871412],[-122.296109,37.871422],[-122.296102,37.8714],[-122.296045,37.871411],[-122.295991,37.871241],[-122.296042,37.871231],[-122.296043,37.871234],[-122.296107,37.871221],[-122.296146,37.871345],[-122.296162,37.871341],[-122.296175,37.871382],[-122.296158,37.871386]]]},"properties":{"id":"w821918691","b":"yes","lv":null,"n":null}},
{"type":"Feature","geometry":{"type":"Polygon","coordinates":[[[-122.299012,37.869037],[-122.29894,37.868821],[-122.298675,37.868876],[-122.298621,37.868714],[-122.298982,37.868638],[-122.299109,37.869017],[-122.299012,37.869037]]]},"properties":{"id":"w821918692","b":"yes","lv":null,"n":null}},
{"type":"Feature","geometry":{"type":"Polygon","coordinates":[[[-122.296204,37.871438],[-122.296161,37.871307],[-122.29625,37.871289],[-122.296236,37.871247],[-122.296221,37.87125],[-122.29619,37.871154],[-122.296201,37.871152],[-122.296199,37.871145],[-122.296228,37.871139],[-122.29623,37.871146],[-122.296259,37.87114],[-122.296256,37.871133],[-122.296286,37.871127],[-122.296289,37.871134],[-122.296297,37.871133],[-122.296328,37.871229],[-122.296324,37.871229],[-122.296335,37.871261],[-122.296342,37.871259],[-122.296388,37.871401],[-122.296204,37.871438]]]},"properties":{"id":"w821918693","b":"yes","lv":null,"n":null}},
{"type":"Feature","geometry":{"type":"Polygon","coordinates":[[[-122.296328,37.871487],[-122.296335,37.871512],[-122.296187,37.87154],[-122.296163,37.87146],[-122.296313,37.871432],[-122.296315,37.87144],[-122.296331,37.871437],[-122.296345,37.871484],[-122.296328,37.871487]]]},"properties":{"id":"w821918694","b":"yes","lv":null,"n":null}},
{"type":"Feature","geometry":{"type":"Polygon","coordinates":[[[-122.295975,37.870678],[-122.295949,37.870599],[-122.295983,37.870592],[-122.29598,37.870582],[-122.296045,37.870569],[-122.296049,37.87058],[-122.296066,37.870576],[-122.296091,37.870654],[-122.295975,37.870678]]]},"properties":{"id":"w821918695","b":"house","lv":null,"n":null}},
{"type":"Feature","geometry":{"type":"Polygon","coordinates":[[[-122.295964,37.871378],[-122.29586,37.871396],[-122.295846,37.871346],[-122.295854,37.871345],[-122.295841,37.871296],[-122.295846,37.871295],[-122.29584,37.871276],[-122.29593,37.87126],[-122.295964,37.871378]]]},"properties":{"id":"w821918697","b":"yes","lv":null,"n":null}},
{"type":"Feature","geometry":{"type":"Polygon","coordinates":[[[-122.295758,37.871443],[-122.295761,37.871452],[-122.29571,37.871462],[-122.295707,37.871453],[-122.295702,37.871454],[-122.295661,37.87132],[-122.295757,37.871302],[-122.295798,37.871436],[-122.295758,37.871443]]]},"properties":{"id":"w821918698","b":"yes","lv":null,"n":null}},
{"type":"Feature","geometry":{"type":"Polygon","coordinates":[[[-122.295376,37.868854],[-122.295377,37.868856],[-122.2952,37.868891],[-122.295199,37.86889],[-122.295131,37.868904],[-122.295084,37.868758],[-122.295085,37.868758],[-122.295055,37.868664],[-122.295144,37.868646],[-122.295149,37.86866],[-122.295198,37.868814],[-122.295177,37.868818],[-122.295181,37.868831],[-122.295223,37.868823],[-122.295218,37.868808],[-122.295316,37.868788],[-122.295321,37.868802],[-122.295356,37.868795],[-122.295352,37.868782],[-122.29537,37.868778],[-122.295362,37.868754],[-122.295326,37.868761],[-122.295279,37.868616],[-122.295371,37.868598],[-122.295448,37.868839],[-122.295376,37.868854]]]},"properties":{"id":"w821918699","b":"yes","lv":null,"n":null}},
{"type":"Feature","geometry":{"type":"Polygon","coordinates":[[[-122.295483,37.87148],[-122.295467,37.871432],[-122.295541,37.871417],[-122.295556,37.871465],[-122.295483,37.87148]]]},"properties":{"id":"w821918700","b":"garage","lv":null,"n":null}},
{"type":"Feature","geometry":{"type":"Polygon","coordinates":[[[-122.295499,37.871407],[-122.295492,37.871386],[-122.295455,37.871394],[-122.295429,37.871315],[-122.295497,37.871301],[-122.2955,37.871309],[-122.295606,37.871288],[-122.295636,37.87138],[-122.295499,37.871407]]]},"properties":{"id":"w821918701","b":"house","lv":null,"n":null}},
{"type":"Feature","geometry":{"type":"Polygon","coordinates":[[[-122.29544,37.868758],[-122.295387,37.868599],[-122.295479,37.86858],[-122.295533,37.868739],[-122.29544,37.868758]]]},"properties":{"id":"w821918703","b":"yes","lv":null,"n":null}},
{"type":"Feature","geometry":{"type":"Polygon","coordinates":[[[-122.296348,37.870611],[-122.296337,37.870575],[-122.296403,37.870563],[-122.296405,37.870571],[-122.296432,37.870566],[-122.296441,37.870595],[-122.296348,37.870611]]]},"properties":{"id":"w821918704","b":"garage","lv":null,"n":null}},
{"type":"Feature","geometry":{"type":"Polygon","coordinates":[[[-122.295914,37.870414],[-122.29591,37.870403],[-122.295806,37.870423],[-122.295802,37.870411],[-122.295792,37.870413],[-122.295777,37.870363],[-122.295812,37.870356],[-122.295814,37.870363],[-122.295894,37.870348],[-122.295888,37.870331],[-122.295916,37.870325],[-122.295944,37.87032],[-122.295947,37.87033],[-122.295989,37.870322],[-122.296012,37.870395],[-122.295914,37.870414]]]},"properties":{"id":"w821918705","b":"house","lv":null,"n":null}},
{"type":"Feature","geometry":{"type":"Polygon","coordinates":[[[-122.295918,37.870255],[-122.295922,37.870267],[-122.295868,37.870278],[-122.295864,37.870265],[-122.295815,37.870275],[-122.29581,37.870259],[-122.295793,37.870263],[-122.295773,37.8702],[-122.295946,37.870166],[-122.295971,37.870244],[-122.295918,37.870255]]]},"properties":{"id":"w821918706","b":"house","lv":null,"n":null}},
{"type":"Feature","geometry":{"type":"Polygon","coordinates":[[[-122.298917,37.871117],[-122.298914,37.871108],[-122.299004,37.871091],[-122.29901,37.871111],[-122.29906,37.871101],[-122.299069,37.87113],[-122.299078,37.871128],[-122.299091,37.87117],[-122.299068,37.871174],[-122.299081,37.871214],[-122.299102,37.87121],[-122.299125,37.871283],[-122.299068,37.871294],[-122.299074,37.871312],[-122.298993,37.871328],[-122.298991,37.871321],[-122.298954,37.871328],[-122.298929,37.871333],[-122.298919,37.871299],[-122.298944,37.871294],[-122.298934,37.871264],[-122.298971,37.871257],[-122.298968,37.871246],[-122.298991,37.871241],[-122.298974,37.871188],[-122.29895,37.871192],[-122.298945,37.871178],[-122.298902,37.871187],[-122.298893,37.871159],[-122.298874,37.871163],[-122.298863,37.871127],[-122.298917,37.871117]]]},"properties":{"id":"w821918707","b":"yes","lv":null,"n":null}},
{"type":"Feature","geometry":{"type":"Polygon","coordinates":[[[-122.29592,37.870558],[-122.295909,37.870522],[-122.295866,37.870531],[-122.295854,37.870491],[-122.295927,37.870477],[-122.295925,37.870469],[-122.295962,37.870462],[-122.295965,37.870469],[-122.296017,37.870459],[-122.296041,37.870534],[-122.29592,37.870558]]]},"properties":{"id":"w821918709","b":"house","lv":null,"n":null}},
{"type":"Feature","geometry":{"type":"Polygon","coordinates":[[[-122.29552,37.869723],[-122.295473,37.869575],[-122.295456,37.869578],[-122.295445,37.869542],[-122.295479,37.869535],[-122.295484,37.86955],[-122.295558,37.869535],[-122.295612,37.869704],[-122.29552,37.869723]]]},"properties":{"id":"w821918711","b":"yes","lv":null,"n":null}},
{"type":"Feature","geometry":{"type":"Polygon","coordinates":[[[-122.296137,37.870884],[-122.296144,37.870909],[-122.296098,37.870917],[-122.29606,37.87079],[-122.296143,37.870775],[-122.296173,37.870877],[-122.296137,37.870884]]]},"properties":{"id":"w821918712","b":"house","lv":null,"n":null}},
{"type":"Feature","geometry":{"type":"Polygon","coordinates":[[[-122.295968,37.870902],[-122.295979,37.870939],[-122.29588,37.870957],[-122.295869,37.870921],[-122.295858,37.870923],[-122.295846,37.870883],[-122.295857,37.870881],[-122.295841,37.870829],[-122.295889,37.87082],[-122.295886,37.87081],[-122.295937,37.870801],[-122.295955,37.870863],[-122.295968,37.87086],[-122.29598,37.8709],[-122.295968,37.870902]]]},"properties":{"id":"w821918713","b":"yes","lv":null,"n":null}},
{"type":"Feature","geometry":{"type":"Polygon","coordinates":[[[-122.282516,37.882087],[-122.282515,37.882084],[-122.282345,37.882121],[-122.282319,37.882046],[-122.282533,37.881999],[-122.282544,37.882031],[-122.282591,37.882021],[-122.282602,37.882052],[-122.282607,37.882068],[-122.282516,37.882087]]]},"properties":{"id":"w821945221","b":"apartments","lv":null,"n":null}},
{"type":"Feature","geometry":{"type":"Polygon","coordinates":[[[-122.282489,37.881862],[-122.282514,37.88189],[-122.282332,37.881991],[-122.282274,37.881926],[-122.282496,37.881802],[-122.28252,37.881829],[-122.282529,37.881839],[-122.282489,37.881862]]]},"properties":{"id":"w821945222","b":"apartments","lv":null,"n":null}},
{"type":"Feature","geometry":{"type":"Polygon","coordinates":[[[-122.282947,37.882015],[-122.282956,37.882026],[-122.282932,37.882037],[-122.28294,37.882047],[-122.282869,37.88208],[-122.282885,37.882101],[-122.28283,37.882127],[-122.282768,37.882043],[-122.282814,37.882022],[-122.282817,37.882026],[-122.282932,37.881973],[-122.282959,37.882009],[-122.282947,37.882015]]]},"properties":{"id":"w821945228","b":"yes","lv":null,"n":null}},
{"type":"Feature","geometry":{"type":"Polygon","coordinates":[[[-122.282909,37.881768],[-122.282946,37.881809],[-122.282911,37.881828],[-122.282897,37.881812],[-122.282811,37.881858],[-122.282762,37.881803],[-122.282888,37.881735],[-122.282914,37.881765],[-122.282909,37.881768]]]},"properties":{"id":"w821945232","b":"yes","lv":null,"n":null}},
{"type":"Feature","geometry":{"type":"Polygon","coordinates":[[[-122.282937,37.8819],[-122.282964,37.881938],[-122.282826,37.881998],[-122.282819,37.881988],[-122.282803,37.881995],[-122.282755,37.881926],[-122.282907,37.88186],[-122.28291,37.881865],[-122.282927,37.881858],[-122.282943,37.881881],[-122.282957,37.881874],[-122.282966,37.881887],[-122.282937,37.8819]]]},"properties":{"id":"w821945234","b":"yes","lv":null,"n":null}},
{"type":"Feature","geometry":{"type":"Polygon","coordinates":[[[-122.2828,37.881759],[-122.282767,37.881721],[-122.282796,37.881706],[-122.28275,37.881652],[-122.28283,37.88161],[-122.282868,37.881655],[-122.282881,37.881648],[-122.282896,37.881666],[-122.282883,37.881672],[-122.282908,37.881702],[-122.2828,37.881759]]]},"properties":{"id":"w821945236","b":"yes","lv":null,"n":null}},
{"type":"Feature","geometry":{"type":"Polygon","coordinates":[[[-122.283417,37.881961],[-122.283396,37.881936],[-122.283385,37.881942],[-122.283391,37.881948],[-122.283386,37.881951],[-122.283397,37.881964],[-122.283395,37.881976],[-122.283359,37.881997],[-122.283341,37.881994],[-122.283336,37.88199],[-122.283207,37.882058],[-122.283189,37.882055],[-122.283166,37.882028],[-122.283172,37.882012],[-122.283157,37.881994],[-122.283191,37.881976],[-122.283198,37.881985],[-122.283221,37.881973],[-122.283213,37.881963],[-122.283227,37.881955],[-122.283236,37.881965],[-122.283346,37.881905],[-122.283358,37.881919],[-122.283427,37.881882],[-122.283471,37.881932],[-122.283417,37.881961]]]},"properties":{"id":"w821945238","b":"yes","lv":null,"n":null}},
{"type":"Feature","geometry":{"type":"Polygon","coordinates":[[[-122.283297,37.881892],[-122.283293,37.881888],[-122.283232,37.881921],[-122.283234,37.881923],[-122.283207,37.881938],[-122.28321,37.881941],[-122.283203,37.881946],[-122.283199,37.881942],[-122.283173,37.881956],[-122.28314,37.881918],[-122.283181,37.881896],[-122.283161,37.881873],[-122.283244,37.881828],[-122.283228,37.881809],[-122.283279,37.881782],[-122.283349,37.881864],[-122.283297,37.881892]]]},"properties":{"id":"w821945239","b":"yes","lv":null,"n":null}},
{"type":"Feature","geometry":{"type":"Polygon","coordinates":[[[-122.283224,37.881789],[-122.283227,37.881793],[-122.28321,37.881802],[-122.283207,37.881799],[-122.283172,37.881818],[-122.283127,37.881766],[-122.283154,37.881752],[-122.283151,37.881748],[-122.283162,37.881741],[-122.283165,37.881744],[-122.283219,37.881715],[-122.283202,37.881696],[-122.283272,37.881658],[-122.283334,37.88173],[-122.283224,37.881789]]]},"properties":{"id":"w821945242","b":"yes","lv":null,"n":null}},
{"type":"Feature","geometry":{"type":"Polygon","coordinates":[[[-122.283114,37.881715],[-122.28309,37.881689],[-122.283107,37.881679],[-122.283074,37.881644],[-122.283149,37.881601],[-122.283132,37.881582],[-122.283183,37.881553],[-122.283257,37.881633],[-122.283114,37.881715]]]},"properties":{"id":"w821945244","b":"yes","lv":null,"n":null}},
{"type":"Feature","geometry":{"type":"Polygon","coordinates":[[[-122.283054,37.881614],[-122.282997,37.881551],[-122.283077,37.881506],[-122.283062,37.881489],[-122.28311,37.881462],[-122.283182,37.881543],[-122.283054,37.881614]]]},"properties":{"id":"w821945247","b":"yes","lv":null,"n":null}},
{"type":"Feature","geometry":{"type":"Polygon","coordinates":[[[-122.290911,37.875873],[-122.290873,37.875745],[-122.290971,37.875727],[-122.291009,37.875854],[-122.290911,37.875873]]]},"properties":{"id":"w821971716","b":"yes","lv":null,"n":null}},
{"type":"Feature","geometry":{"type":"Polygon","coordinates":[[[-122.289598,37.876675],[-122.289582,37.876623],[-122.289646,37.87661],[-122.289663,37.876662],[-122.289598,37.876675]]]},"properties":{"id":"w821971718","b":"yes","lv":null,"n":null}},
{"type":"Feature","geometry":{"type":"Polygon","coordinates":[[[-122.289644,37.876311],[-122.289652,37.876348],[-122.289563,37.876359],[-122.289555,37.876319],[-122.289589,37.876314],[-122.289575,37.876247],[-122.289753,37.876224],[-122.289768,37.876295],[-122.289644,37.876311]]]},"properties":{"id":"w821971719","b":"yes","lv":null,"n":null}},
{"type":"Feature","geometry":{"type":"Polygon","coordinates":[[[-122.289726,37.876166],[-122.289734,37.876205],[-122.289598,37.876222],[-122.289596,37.876213],[-122.289568,37.876216],[-122.289557,37.876161],[-122.289743,37.876138],[-122.289748,37.876164],[-122.289726,37.876166]]]},"properties":{"id":"w821971720","b":"yes","lv":null,"n":null}},
{"type":"Feature","geometry":{"type":"Polygon","coordinates":[[[-122.287153,37.878769],[-122.287111,37.878777],[-122.287118,37.8788],[-122.287078,37.878808],[-122.287083,37.878823],[-122.287034,37.878833],[-122.287029,37.878818],[-122.287,37.878824],[-122.286971,37.878732],[-122.287131,37.878701],[-122.287153,37.878769]]]},"properties":{"id":"w821971721","b":"yes","lv":null,"n":null}},
{"type":"Feature","geometry":{"type":"Polygon","coordinates":[[[-122.289551,37.87604],[-122.289559,37.876062],[-122.289494,37.876076],[-122.28946,37.875975],[-122.289534,37.875959],[-122.289525,37.875933],[-122.289564,37.875925],[-122.2896,37.87603],[-122.289551,37.87604]]]},"properties":{"id":"w821971722","b":"yes","lv":null,"n":null}},
{"type":"Feature","geometry":{"type":"Polygon","coordinates":[[[-122.289703,37.876006],[-122.289713,37.876037],[-122.289691,37.876042],[-122.289694,37.87605],[-122.289656,37.876058],[-122.289654,37.87605],[-122.289632,37.876054],[-122.289621,37.876023],[-122.289625,37.876022],[-122.289589,37.875913],[-122.289602,37.87591],[-122.289599,37.8759],[-122.289635,37.875893],[-122.289638,37.875903],[-122.289679,37.875895],[-122.289688,37.875922],[-122.289683,37.875923],[-122.289687,37.875936],[-122.289692,37.875935],[-122.289698,37.875954],[-122.289693,37.875955],[-122.289698,37.875968],[-122.289711,37.875965],[-122.289723,37.876002],[-122.289703,37.876006]]]},"properties":{"id":"w821971723","b":"yes","lv":null,"n":null}},
{"type":"Feature","geometry":{"type":"Polygon","coordinates":[[[-122.289864,37.876597],[-122.289871,37.876631],[-122.289697,37.876652],[-122.289692,37.876627],[-122.289677,37.876629],[-122.289675,37.876619],[-122.289672,37.876619],[-122.289662,37.876568],[-122.289869,37.876542],[-122.28988,37.876595],[-122.289864,37.876597]]]},"properties":{"id":"w821971724","b":"yes","lv":null,"n":null}},
{"type":"Feature","geometry":{"type":"Polygon","coordinates":[[[-122.289439,37.876074],[-122.289443,37.876086],[-122.289332,37.876107],[-122.289324,37.87608],[-122.289313,37.876082],[-122.2893,37.87604],[-122.289293,37.876041],[-122.289262,37.875938],[-122.289339,37.875924],[-122.289351,37.875961],[-122.28936,37.87596],[-122.289349,37.875923],[-122.289425,37.875909],[-122.289441,37.875962],[-122.289368,37.875976],[-122.289375,37.876002],[-122.289364,37.876004],[-122.289367,37.876015],[-122.289418,37.876005],[-122.289421,37.876015],[-122.289447,37.87601],[-122.289465,37.876069],[-122.289439,37.876074]]]},"properties":{"id":"w821971726","b":"yes","lv":null,"n":null}},
{"type":"Feature","geometry":{"type":"Polygon","coordinates":[[[-122.289163,37.876114],[-122.28916,37.876098],[-122.289125,37.876101],[-122.289103,37.875969],[-122.289189,37.87596],[-122.289213,37.876108],[-122.289163,37.876114]]]},"properties":{"id":"w821971727","b":"yes","lv":null,"n":null}},
{"type":"Feature","geometry":{"type":"Polygon","coordinates":[[[-122.289121,37.876417],[-122.289114,37.87638],[-122.289106,37.876381],[-122.289104,37.876369],[-122.289117,37.876368],[-122.289111,37.876332],[-122.289135,37.876329],[-122.289215,37.876319],[-122.289231,37.876404],[-122.289121,37.876417]]]},"properties":{"id":"w821971728","b":"yes","lv":null,"n":null}},
{"type":"Feature","geometry":{"type":"Polygon","coordinates":[[[-122.288999,37.876226],[-122.288992,37.876195],[-122.289117,37.876176],[-122.289125,37.876208],[-122.288999,37.876226]]]},"properties":{"id":"w821971729","b":"yes","lv":null,"n":null}},
{"type":"Feature","geometry":{"type":"Polygon","coordinates":[[[-122.289073,37.876287],[-122.28906,37.876224],[-122.289161,37.876212],[-122.289174,37.876274],[-122.289073,37.876287]]]},"properties":{"id":"w821971730","b":"yes","lv":null,"n":null}},
{"type":"Feature","geometry":{"type":"Polygon","coordinates":[[[-122.289296,37.876678],[-122.289303,37.876701],[-122.289184,37.876725],[-122.289172,37.876689],[-122.289178,37.876688],[-122.289151,37.8766],[-122.289142,37.876602],[-122.289129,37.876561],[-122.289259,37.876535],[-122.289278,37.876595],[-122.289269,37.876597],[-122.289291,37.876666],[-122.289307,37.876663],[-122.289311,37.876675],[-122.289296,37.876678]]]},"properties":{"id":"w821971731","b":"yes","lv":null,"n":null}},
{"type":"Feature","geometry":{"type":"Polygon","coordinates":[[[-122.289335,37.8767],[-122.289296,37.87658],[-122.289331,37.876573],[-122.289334,37.876585],[-122.289368,37.876578],[-122.289403,37.876687],[-122.289335,37.8767]]]},"properties":{"id":"w821971732","b":"yes","lv":null,"n":null}},
{"type":"Feature","geometry":{"type":"Polygon","coordinates":[[[-122.281595,37.879683],[-122.281515,37.879566],[-122.281583,37.879537],[-122.281632,37.879608],[-122.281655,37.879598],[-122.281687,37.879643],[-122.281595,37.879683]]]},"properties":{"id":"w821971733","b":"yes","lv":null,"n":null}},
{"type":"Feature","geometry":{"type":"Polygon","coordinates":[[[-122.281454,37.879723],[-122.281393,37.879619],[-122.281474,37.879589],[-122.281535,37.879693],[-122.281454,37.879723]]]},"properties":{"id":"w821971734","b":"yes","lv":null,"n":null}},
{"type":"Feature","geometry":{"type":"Polygon","coordinates":[[[-122.281145,37.879878],[-122.281099,37.879819],[-122.281159,37.87979],[-122.281146,37.879773],[-122.281223,37.879735],[-122.281198,37.879703],[-122.28128,37.879663],[-122.281364,37.87977],[-122.281145,37.879878]]]},"properties":{"id":"w821971735","b":"yes","lv":null,"n":null}},
{"type":"Feature","geometry":{"type":"Polygon","coordinates":[[[-122.281369,37.879925],[-122.28135,37.879901],[-122.281276,37.879938],[-122.281263,37.879922],[-122.281204,37.879952],[-122.281157,37.879894],[-122.281372,37.879786],[-122.281451,37.879884],[-122.281369,37.879925]]]},"properties":{"id":"w821971736","b":"yes","lv":null,"n":null}},
{"type":"Feature","geometry":{"type":"Polygon","coordinates":[[[-122.281872,37.880385],[-122.281852,37.880395],[-122.281861,37.880407],[-122.281813,37.88043],[-122.281679,37.880257],[-122.281719,37.880237],[-122.281743,37.88027],[-122.281768,37.880258],[-122.281777,37.880271],[-122.281782,37.880268],[-122.281872,37.880385]]]},"properties":{"id":"w821971737","b":"yes","lv":null,"n":null}},
{"type":"Feature","geometry":{"type":"Polygon","coordinates":[[[-122.281595,37.880299],[-122.281607,37.880302],[-122.281579,37.880369],[-122.281493,37.880347],[-122.281515,37.880295],[-122.281499,37.880291],[-122.281513,37.880258],[-122.281499,37.880254],[-122.281542,37.880152],[-122.281645,37.880179],[-122.281595,37.880299]]]},"properties":{"id":"w821971738","b":"yes","lv":null,"n":null}},
{"type":"Feature","geometry":{"type":"Polygon","coordinates":[[[-122.281734,37.880473],[-122.28172,37.880455],[-122.281645,37.880494],[-122.281585,37.880421],[-122.281712,37.880355],[-122.281787,37.880446],[-122.281734,37.880473]]]},"properties":{"id":"w821971739","b":"yes","lv":null,"n":null}},
{"type":"Feature","geometry":{"type":"Polygon","coordinates":[[[-122.282087,37.880277],[-122.282098,37.880291],[-122.282049,37.880315],[-122.281948,37.880189],[-122.281969,37.880179],[-122.281959,37.880166],[-122.282007,37.880142],[-122.282107,37.880267],[-122.282087,37.880277]]]},"properties":{"id":"w821971741","b":"yes","lv":null,"n":null}},
{"type":"Feature","geometry":{"type":"Polygon","coordinates":[[[-122.282203,37.880222],[-122.282199,37.880217],[-122.282144,37.880245],[-122.282055,37.880136],[-122.282063,37.880132],[-122.282054,37.88012],[-122.282047,37.880124],[-122.282022,37.880094],[-122.282059,37.880075],[-122.282068,37.880086],[-122.282087,37.880077],[-122.282127,37.880127],[-122.282145,37.880118],[-122.282221,37.880212],[-122.282203,37.880222]]]},"properties":{"id":"w821971742","b":"yes","lv":null,"n":null}},
{"type":"Feature","geometry":{"type":"Polygon","coordinates":[[[-122.282017,37.88009],[-122.281995,37.880062],[-122.282043,37.880038],[-122.282066,37.880066],[-122.282017,37.88009]]]},"properties":{"id":"w821971743","b":"yes","lv":null,"n":null}},
{"type":"Feature","geometry":{"type":"Polygon","coordinates":[[[-122.281852,37.880194],[-122.281814,37.880147],[-122.281873,37.880117],[-122.281877,37.880121],[-122.281988,37.880065],[-122.282025,37.880111],[-122.281852,37.880194]]]},"properties":{"id":"w821971744","b":"yes","lv":null,"n":null}},
{"type":"Feature","geometry":{"type":"Polygon","coordinates":[[[-122.28187,37.880111],[-122.281826,37.880057],[-122.281985,37.879976],[-122.282001,37.879996],[-122.282019,37.879987],[-122.282047,37.880021],[-122.28187,37.880111]]]},"properties":{"id":"w821971745","b":"yes","lv":null,"n":null}},
{"type":"Feature","geometry":{"type":"Polygon","coordinates":[[[-122.281869,37.879989],[-122.281826,37.879939],[-122.281917,37.87989],[-122.281929,37.879904],[-122.281938,37.879899],[-122.281955,37.879919],[-122.281946,37.879924],[-122.28196,37.87994],[-122.281869,37.879989]]]},"properties":{"id":"w821971746","b":"yes","lv":null,"n":null}},
{"type":"Feature","geometry":{"type":"Polygon","coordinates":[[[-122.282579,37.881222],[-122.282586,37.881231],[-122.282523,37.881264],[-122.282418,37.881137],[-122.28241,37.881141],[-122.282374,37.881098],[-122.28243,37.881069],[-122.282459,37.881105],[-122.28248,37.881094],[-122.282488,37.881104],[-122.282494,37.881101],[-122.282589,37.881216],[-122.282579,37.881222]]]},"properties":{"id":"w821971748","b":"yes","lv":null,"n":null}},
{"type":"Feature","geometry":{"type":"Polygon","coordinates":[[[-122.282743,37.881161],[-122.282685,37.881189],[-122.282677,37.881179],[-122.282638,37.881198],[-122.282599,37.881148],[-122.282619,37.881139],[-122.282579,37.881086],[-122.282608,37.881072],[-122.282597,37.881057],[-122.282654,37.88103],[-122.282724,37.88112],[-122.282734,37.881116],[-122.282742,37.881127],[-122.282723,37.881136],[-122.282743,37.881161]]]},"properties":{"id":"w821971749","b":"yes","lv":null,"n":null}},
{"type":"Feature","geometry":{"type":"Polygon","coordinates":[[[-122.282764,37.881128],[-122.282669,37.881017],[-122.282751,37.880973],[-122.282846,37.881085],[-122.282764,37.881128]]]},"properties":{"id":"w821971750","b":"yes","lv":null,"n":null}}
]}
